customer_id,cohort,segment,voltage,contract_kw,annual_mwh,load_factor,lf_band,expected_energy_cost_jpy_kwh,shape_premium,wheeling_jpy_kwh_equiv,capacity_cost_jpy_kwh,coincident_peak_kw,flex_share,flex_hours,forecast_mape_pct,monthly_deviation_pct,credit_rating,essential,green_required,tenure_years,switched_last_5y,procurement_style,risk_appetite,dr_interest,dr_potential_kw,preferred_term_hint,competitor_quote_est_jpy_kwh,current_rate_jpy_kwh
TR-00001,train,data_center,EHV,3566.4,26623.8,0.8522,high,16.8463,1.0012,1.6059,0.5841,3383.1,0.0157,2,2.96,1.46,C,false,true,1,true,tender,high,low,178.3,1,20.642,17.236
TR-00002,train,data_center,EHV,3571.2,26789.4,0.8563,high,16.8462,1.0012,1.6025,0.5813,3387.7,0.0279,2,1.63,1.64,C,false,true,4,true,tender,medium,low,178.6,2,22.751,17.755
TR-00003,train,data_center,EHV,4875.8,36505.1,0.8547,high,16.8382,1.0007,1.6039,0.5824,4625.3,0.0221,2,2.32,1.46,B,false,false,1,true,tender,low,low,243.8,1,21.701,16.764
TR-00004,train,data_center,EHV,7162,53738.1,0.8565,high,16.8279,1.0001,1.6024,0.577,6745.7,0.0384,2,2.97,1.67,A,false,true,1,false,negotiated,low,medium,358.1,3,23.406,18.468
TR-00005,train,data_center,EHV,11158.6,83769.9,0.857,high,16.8282,1.0001,1.602,0.5768,10510.9,0.0224,2,1.87,1.37,B,false,true,5,false,negotiated,high,low,557.9,2,23.71,19.294
TR-00006,train,data_center,EHV,2383.8,17897.3,0.8571,high,16.8462,1.0012,1.6019,0.5808,2261.3,0.0293,2,2.12,1.97,C,false,true,8,true,tender,medium,high,119.2,1,21.691,17.304
TR-00007,train,data_center,EHV,2320,17417.1,0.857,high,16.8386,1.0008,1.602,0.5809,2200.8,0.0283,2,1.77,1.65,B,false,true,8,false,tender,medium,medium,116,3,21.98,17.463
TR-00008,train,data_center,HV,1487.3,11205.3,0.86,high,16.8297,1.0002,2.9535,0.5751,1401.8,0.0329,2,2.54,1.56,C,false,true,5,true,tender,medium,medium,74.4,3,24.023,19.396
TR-00009,train,data_center,HV,978.5,7359.8,0.8586,high,16.8462,1.0012,2.9554,0.5798,928.2,0.0297,2,2.63,1.4,D,false,true,5,true,negotiated,high,low,48.9,1,25.645,21.466
TR-00010,train,data_center,EHV,5140.5,38440,0.8536,high,16.8313,1.0003,1.6047,0.5817,4863.9,0.0371,2,2.74,1.64,B,false,true,9,true,tender,medium,medium,257,1,23.426,18.782
TR-00011,train,data_center,EHV,3588,26913.4,0.8563,high,16.8462,1.0012,1.6026,0.5814,3403.6,0.0512,2,2.17,1.4,C,false,true,6,false,tender,low,high,179.4,2,24.438,21.044
TR-00012,train,data_center,EHV,4214.4,31569.5,0.8551,high,16.8555,1.0018,1.6035,0.5821,3997.8,0.0234,2,2.09,3.11,A,false,true,6,true,tender,medium,medium,210.7,1,25.065,19.781
TR-00013,train,data_center,EHV,3878.2,29036.8,0.8547,high,16.8556,1.0018,1.6038,0.5824,3678.9,0.0227,2,1.74,1.28,B,false,true,2,true,tender,low,medium,193.9,1,20.925,18.082
TR-00014,train,data_center,EHV,4790,35789.4,0.8529,high,16.8463,1.0012,1.6053,0.5836,4543.9,0.0352,2,1.94,1.62,A,false,true,4,false,tender,medium,medium,239.5,2,21.712,17.656
TR-00015,train,data_center,EHV,3322.1,25098.8,0.8625,high,16.8347,1.0005,1.5976,0.576,3145.1,0.034,2,2.23,1.65,D,false,true,5,false,tender,medium,low,166.1,2,23.1,17.837
TR-00016,train,data_center,EHV,3722.2,27904,0.8558,high,16.8553,1.0017,1.603,0.5817,3530.9,0.0168,2,2.41,2.58,C,false,false,2,false,tender,high,medium,186.1,2,20.609,15.989
TR-00017,train,data_center,EHV,6229.5,46765.6,0.857,high,16.8386,1.0008,1.602,0.5809,5909.4,0.0329,2,1.91,1.73,A,false,true,10,false,negotiated,high,low,311.5,2,24.312,19.608
TR-00018,train,data_center,EHV,3380.5,25470,0.8601,high,16.8541,1.0017,1.5995,0.5788,3206.8,0.0289,2,1.57,1.62,B,false,true,2,true,tender,low,high,169,1,21.389,17.647
TR-00019,train,data_center,EHV,2221.9,16638.2,0.8548,high,16.8555,1.0018,1.6037,0.5823,2107.7,0.0288,2,2.25,1.49,B,false,true,6,false,tender,medium,medium,111.1,3,22.804,17.41
TR-00020,train,data_center,EHV,3873.8,28989.6,0.8543,high,16.8462,1.0012,1.6042,0.5827,3674.8,0.0438,2,1.42,1.3,D,false,true,2,true,negotiated,high,low,193.7,1,23.551,18.644
TR-00021,train,data_center,EHV,3813.3,28736.5,0.8603,high,16.8541,1.0017,1.5994,0.5787,3617.4,0.0282,2,1.55,1.59,B,false,true,10,false,tender,medium,high,190.7,2,23.701,18.382
TR-00022,train,data_center,HV,1301.7,9811.4,0.8604,high,16.8462,1.0012,2.953,0.5785,1234.8,0.0401,2,2.06,1.38,A,false,false,4,false,tender,high,medium,65.1,2,24.655,18.823
TR-00023,train,data_center,EHV,7108.4,53532,0.8597,high,16.8392,1.0008,1.5998,0.579,6743.1,0.0192,2,3.01,1.16,D,false,true,1,false,tender,low,medium,355.4,2,22.707,17.909
TR-00024,train,data_center,EHV,12170.3,91131.5,0.8548,high,16.8271,1.0001,1.6038,0.578,11458.9,0.0344,2,2.71,1.42,B,false,false,4,false,tender,medium,low,608.5,3,21.736,16.623
TR-00025,train,data_center,EHV,3685.4,27707.3,0.8582,high,16.8389,1.0008,1.601,0.58,3496,0.0546,2,1.85,1.13,A,false,true,3,true,tender,high,high,184.3,1,24.636,18.129
TR-00026,train,data_center,EHV,4413.4,32856.9,0.8499,high,16.8372,1.0007,1.6078,0.5857,4186.6,0.0287,2,1.65,1.31,A,false,true,2,false,tender,high,medium,220.7,3,24.232,18.721
TR-00027,train,data_center,EHV,7519.2,56094,0.8516,high,16.8254,1,1.6064,0.5798,7075.2,0.0309,2,1.93,1.44,B,false,true,4,true,negotiated,high,high,376,3,22.681,18.436
TR-00028,train,data_center,EHV,3037.2,22906.6,0.861,high,16.8539,1.0017,1.5988,0.5782,2881.1,0.0245,2,1.35,1.57,B,false,true,10,false,negotiated,low,medium,151.9,1,21.798,17.795
TR-00029,train,data_center,HV,1172.6,8814,0.8581,high,16.8389,1.0008,2.9561,0.5801,1112.3,0.0445,2,1.85,1.23,A,false,true,6,false,negotiated,high,high,58.6,1,22.885,18.613
TR-00030,train,data_center,EHV,4799.8,35946.2,0.8549,high,16.8271,1.0001,1.6037,0.5779,4519.3,0.0254,2,3.42,1.69,A,false,true,2,false,negotiated,low,high,240,1,24.967,19.566
TR-00031,train,data_center,EHV,10269.4,76908.1,0.8549,high,16.8382,1.0007,1.6037,0.5823,9741.7,0.0444,2,1.88,0.98,C,false,false,10,false,tender,medium,high,513.5,3,21.761,17.749
TR-00032,train,data_center,EHV,4685.1,35088.7,0.855,high,16.8319,1.0003,1.6036,0.5808,4433.4,0.0353,2,2.23,1.92,A,false,true,3,true,negotiated,high,low,234.3,3,23.367,17.859
TR-00033,train,data_center,EHV,11434.8,85005.5,0.8486,high,16.8572,1.0019,1.6088,0.5866,10847.2,0.0317,2,1.43,1.69,B,false,false,8,true,tender,medium,medium,571.7,3,21.594,16.601
TR-00034,train,data_center,HV,1573.2,11825.9,0.8581,high,16.8389,1.0008,2.956,0.5801,1492.4,0.0217,2,2.05,1.43,C,false,true,3,false,negotiated,medium,low,78.7,3,25.87,20.03
TR-00035,train,data_center,EHV,7207.3,54054.6,0.8562,high,16.8552,1.0017,1.6027,0.5814,6837,0.0358,2,1.66,2.07,C,false,true,4,true,tender,medium,low,360.4,2,22.979,18.057
TR-00036,train,data_center,EHV,3886.2,29309.7,0.861,high,16.8341,1.0005,1.5988,0.577,3678.8,0.0242,2,1.84,1.29,D,false,true,3,false,negotiated,medium,high,194.3,2,23.194,18.365
TR-00037,train,semiconductor_fab,EHV,6172.2,49163.6,0.9093,high,16.8463,1.0012,1.5622,0.548,5860.8,0.0075,1,2.21,2.49,A,false,false,8,true,tender,low,low,123.4,2,22.858,18.699
TR-00038,train,semiconductor_fab,EHV,3367.5,26778.9,0.9078,high,16.8453,1.0011,1.5633,0.5489,3197.6,0.0198,1,2.28,2.32,B,false,true,8,true,tender,medium,medium,67.3,1,22.714,16.782
TR-00039,train,semiconductor_fab,EHV,2724.7,21653.5,0.9072,high,16.847,1.0012,1.5637,0.5493,2587.2,0.014,1,2.54,1.83,B,false,false,2,false,negotiated,low,low,54.5,3,20.729,16.343
TR-00040,train,semiconductor_fab,EHV,5341.4,42416.7,0.9065,high,16.849,1.0014,1.5642,0.5497,5071.9,0.0177,1,2.29,2.54,D,false,true,1,true,negotiated,high,medium,106.8,1,21.92,18.441
TR-00041,train,semiconductor_fab,EHV,12234.5,97246.2,0.9074,high,16.8518,1.0015,1.5636,0.5492,11617.3,0.0067,1,2.26,2.18,B,false,false,8,true,tender,medium,medium,244.7,2,21.418,16.732
TR-00042,train,semiconductor_fab,EHV,4852.4,38634.6,0.9089,high,16.8491,1.0014,1.5625,0.5482,4607.6,0.0202,1,2.33,2.03,B,false,true,10,false,tender,low,medium,97,3,23.115,17.543
TR-00043,train,semiconductor_fab,EHV,3872.8,30804.1,0.908,high,16.8482,1.0013,1.5631,0.5488,3677.4,0.0367,1,2.2,1.46,A,false,true,8,false,tender,medium,low,77.5,3,21.346,17.63
TR-00044,train,semiconductor_fab,EHV,3366.6,26788.5,0.9084,high,16.8453,1.0011,1.5629,0.5486,3196.8,0.0182,1,2.59,1.37,D,false,false,8,false,negotiated,medium,high,67.3,2,20.361,16.5
TR-00045,train,semiconductor_fab,EHV,3442.3,27372.7,0.9077,high,16.8515,1.0015,1.5633,0.5489,3268.6,0.0238,1,2.99,2.01,B,false,true,8,true,negotiated,medium,medium,68.8,2,23.591,17.957
TR-00046,train,semiconductor_fab,EHV,16018,127361,0.9077,high,16.8515,1.0015,1.5634,0.549,15209.9,0.0153,1,2.77,1.62,A,false,true,5,true,tender,medium,low,320.4,2,21.203,16.774
TR-00047,train,semiconductor_fab,EHV,3846.1,30582.4,0.9077,high,16.8454,1.0012,1.5633,0.5489,3652.1,0.019,1,2.37,2.62,C,false,true,7,true,negotiated,medium,high,76.9,2,23.506,19.231
TR-00048,train,semiconductor_fab,EHV,7266.2,57726.7,0.9069,high,16.8471,1.0013,1.5639,0.5494,6899.6,0.0096,1,2.31,2.07,C,false,true,6,false,negotiated,low,high,145.3,1,21.122,17.757
TR-00049,train,semiconductor_fab,EHV,5037.2,40043,0.9075,high,16.8485,1.0013,1.5635,0.5491,4783.1,0.0066,1,2.6,2.77,B,false,true,2,false,negotiated,low,high,100.7,3,24.047,18.14
TR-00050,train,semiconductor_fab,EHV,4591.4,36478,0.9069,high,16.8471,1.0013,1.5639,0.5494,4359.8,0.028,1,2.23,2.36,A,false,true,2,true,negotiated,medium,low,91.8,2,22.416,17.387
TR-00051,train,auto_parts,HV,569.3,2610.8,0.5235,mid,17.7692,1.0561,3.6694,0.872,495.2,0.068,3,4.95,3.71,C,false,false,7,true,tender,high,medium,85.4,1,23.615,19.112
TR-00052,train,auto_parts,HV,1080.6,5117.9,0.5407,mid,17.7506,1.055,3.6113,0.8443,940,0.1824,3,9.15,4.87,C,false,false,5,false,negotiated,low,low,162.1,2,25.922,20.751
TR-00053,train,auto_parts,HV,698.6,3319.2,0.5424,mid,17.7153,1.0529,3.6057,0.8416,607.7,0.0869,3,7.02,5.63,B,false,false,9,false,auto_renew,medium,high,104.8,3,27.897,21.969
TR-00054,train,auto_parts,HV,313.1,1497.3,0.5459,mid,17.667,1.05,3.5942,0.8362,272.4,0.1454,3,6.34,4.23,C,false,false,7,false,auto_renew,high,low,47,2,25.577,20.766
TR-00055,train,auto_parts,HV,776.3,3654.3,0.5374,mid,17.7293,1.0537,3.6222,0.8495,675.3,0.0647,3,5.76,5.42,A,false,false,6,false,negotiated,medium,medium,116.4,3,25.35,20.927
TR-00056,train,auto_parts,HV,611.3,2886.1,0.539,mid,17.7756,1.0564,3.6169,0.847,531.8,0.0551,3,6.77,3.56,B,false,true,5,true,negotiated,high,high,91.7,1,25.061,21.323
TR-00057,train,auto_parts,HV,1111.5,5226.2,0.5367,mid,17.7625,1.0557,3.6242,0.8505,966.9,0.0467,3,5.8,4.73,B,false,false,4,false,negotiated,high,medium,166.7,1,24.321,21.045
TR-00058,train,auto_parts,HV,1580.6,7707.8,0.5567,mid,17.731,1.0538,3.5603,0.7928,1329.3,0.0547,3,5.37,6.24,A,false,false,2,false,tender,high,high,237.1,1,26.755,20.983
TR-00059,train,auto_parts,HV,1383.4,6436.4,0.5311,mid,17.8133,1.0587,3.6432,0.8261,1156.7,0.0908,3,5.36,4.33,B,false,false,8,false,negotiated,high,low,207.5,3,24.878,19.992
TR-00060,train,auto_parts,HV,339.1,1627.9,0.548,mid,17.7472,1.0548,3.5875,0.8329,295,0.0661,3,9.91,4.1,A,false,false,1,false,auto_renew,high,low,50.9,1,24.091,18.194
TR-00061,train,auto_parts,HV,386.3,1872.4,0.5533,mid,17.6495,1.0489,3.5708,0.825,336,0.0778,3,6.82,3.8,C,false,false,7,false,auto_renew,low,high,57.9,3,25.084,21.141
TR-00062,train,auto_parts,HV,266.3,1223.3,0.5244,mid,17.721,1.0532,3.6662,0.8705,231.6,0.0751,3,8.7,3.61,A,false,false,10,true,tender,medium,low,39.9,1,24.357,19.775
TR-00063,train,auto_parts,HV,351.3,1683.3,0.547,mid,17.7614,1.0556,3.5909,0.8051,294.8,0.0937,3,6.86,3.6,A,false,false,7,false,negotiated,low,high,52.7,1,24.188,19.156
TR-00064,train,auto_parts,HV,604.3,2885.8,0.5451,mid,17.7672,1.0559,3.5968,0.8075,506.9,0.0599,3,5.21,2.89,A,false,false,8,true,tender,high,low,90.6,3,24.219,20.013
TR-00065,train,auto_parts,HV,1001.7,4750.3,0.5414,mid,17.7485,1.0548,3.6091,0.8432,871.4,0.0684,3,9.49,4.7,A,false,false,8,false,tender,low,high,150.3,2,24.685,20.611
TR-00066,train,auto_parts,HV,93.4,453.1,0.5538,mid,17.6846,1.051,3.5694,0.8243,81.2,0.1774,3,6.79,3.67,B,false,true,8,false,negotiated,low,high,14,1,26.22,21.508
TR-00067,train,auto_parts,HV,176.2,807.6,0.5232,mid,17.8273,1.0595,3.6704,0.8725,153.3,0.0495,3,6.8,4.37,A,false,false,7,true,negotiated,low,medium,26.4,1,26.292,20.269
TR-00068,train,auto_parts,HV,802.3,3683.4,0.5241,mid,17.7675,1.056,3.6673,0.871,697.9,0.0785,3,6.24,4.37,A,false,false,7,false,auto_renew,high,medium,120.3,2,25.015,21.877
TR-00069,train,auto_parts,EHV,2058.8,9512.8,0.5275,mid,17.8131,1.0587,2.0343,0.8654,1790.9,0.0694,3,6.07,3.53,A,false,true,4,false,auto_renew,medium,medium,308.8,2,21.995,18.852
TR-00070,train,auto_parts,HV,286.1,1315.4,0.5248,mid,17.8218,1.0592,3.6647,0.8697,248.9,0.046,3,5.67,3.61,B,false,false,8,false,auto_renew,low,low,42.9,2,25.213,20.888
TR-00071,train,auto_parts,HV,1180.6,5503,0.5321,mid,17.7768,1.0565,3.6398,0.8579,1027,0.2163,3,7.48,4.65,A,false,true,3,false,auto_renew,low,low,177.1,2,27.281,21.69
TR-00072,train,auto_parts,HV,408.2,1919,0.5367,mid,17.7627,1.0557,3.6245,0.8506,355.1,0.0766,3,7.04,3.22,A,false,true,2,false,negotiated,medium,medium,61.2,1,26.037,22.192
TR-00073,train,auto_parts,HV,266.2,1261.8,0.5411,mid,17.7189,1.0531,3.6099,0.8436,231.6,0.1263,3,6.95,4.61,C,false,false,10,false,negotiated,medium,low,39.9,1,23.805,21.483
TR-00074,train,auto_parts,HV,336.2,1579.7,0.5364,mid,17.7636,1.0557,3.6255,0.8511,292.5,0.0742,3,4.89,4.49,B,false,true,6,false,auto_renew,high,medium,50.4,1,25.349,19.88
TR-00075,train,auto_parts,HV,349.8,1621.7,0.5292,mid,17.7086,1.0525,3.6496,0.8625,304.3,0.0738,3,4.49,5.34,A,false,true,3,false,tender,low,low,52.5,1,26.191,22.297
TR-00076,train,auto_parts,HV,689,3331.9,0.552,mid,17.6892,1.0513,3.5748,0.8269,599.3,0.0919,3,5.1,3.5,C,false,true,2,false,negotiated,medium,low,103.3,1,27.027,21.205
TR-00077,train,auto_parts,HV,819.6,3791.7,0.5281,mid,17.7114,1.0526,3.6534,0.8644,713,0.1359,3,8.53,4.19,C,false,false,1,false,auto_renew,high,low,122.9,1,25.895,18.987
TR-00078,train,auto_parts,HV,806.1,3922.3,0.5555,mid,17.7348,1.054,3.5641,0.7943,677.8,0.0609,3,9.22,4.42,A,false,false,7,false,auto_renew,low,medium,120.9,1,26.098,20.713
TR-00079,train,auto_parts,HV,588.4,2706.5,0.5251,mid,17.7645,1.0558,3.6638,0.8693,511.8,0.0941,3,9.84,5.93,B,false,false,6,false,auto_renew,high,high,88.3,1,25.028,20.357
TR-00080,train,auto_parts,HV,500.8,2354.6,0.5367,mid,17.6896,1.0513,3.6243,0.8505,435.6,0.0633,3,7.21,5.04,D,false,false,10,false,negotiated,low,medium,75.1,1,25.918,20.076
TR-00081,train,auto_parts,HV,440.9,2087.1,0.5404,mid,17.7209,1.0532,3.6122,0.8447,383.5,0.0682,3,7.25,4.5,C,false,true,2,false,auto_renew,medium,medium,66.1,2,25.901,20.417
TR-00082,train,auto_parts,HV,925.4,4358,0.5376,mid,17.6874,1.0512,3.6214,0.8491,805,0.0859,3,5.93,7,A,false,false,2,true,auto_renew,medium,low,138.8,2,24,21.132
TR-00083,train,auto_parts,HV,798.2,3855,0.5513,mid,17.7477,1.0548,3.5771,0.7995,670.5,0.0509,3,11.38,4.68,A,false,true,7,false,tender,low,medium,119.7,1,24.609,20.941
TR-00084,train,auto_parts,HV,457.7,2144.5,0.5349,mid,17.7683,1.056,3.6305,0.8535,398.1,0.0746,3,7.94,2.86,A,false,false,8,false,negotiated,high,medium,68.7,2,24.748,19.538
TR-00085,train,auto_parts,HV,787.2,3778.9,0.548,mid,17.7473,1.0548,3.5876,0.833,684.8,0.0655,3,9.47,5.01,D,false,false,7,false,tender,high,high,118.1,1,26.13,20.424
TR-00086,train,auto_parts,HV,268.4,1256.6,0.5345,mid,17.7375,1.0542,3.6319,0.8541,233.5,0.064,3,5.72,3.96,B,false,false,8,true,tender,low,medium,40.3,1,25.026,20.975
TR-00087,train,auto_parts,HV,1683.9,8070.6,0.5471,mid,17.7024,1.0521,3.5904,0.8343,1464.8,0.0912,3,4.36,4.17,C,false,true,5,false,negotiated,low,high,252.6,3,25.183,21.321
TR-00088,train,auto_parts,HV,1366.4,6287.8,0.5253,mid,17.8202,1.0591,3.6631,0.869,1188.6,0.0659,3,7.47,3.76,A,false,true,6,true,auto_renew,medium,high,205,2,26.711,21.805
TR-00089,train,auto_parts,HV,483.5,2277.1,0.5376,mid,17.7286,1.0536,3.6213,0.8491,420.6,0.0627,3,6.6,4.1,B,false,true,6,true,auto_renew,high,high,72.5,2,26.469,20.768
TR-00090,train,auto_parts,HV,263,1287.8,0.559,mid,17.7241,1.0534,3.5533,0.79,221.3,0.1304,3,6.38,3.78,B,false,true,7,true,negotiated,medium,low,39.4,1,26.062,21.684
TR-00091,train,auto_parts,HV,1240.4,5767.5,0.5308,mid,17.748,1.0548,3.6443,0.86,1079,0.1449,3,6.91,4.4,D,false,false,2,true,tender,medium,high,186.1,2,25.262,19.835
TR-00092,train,auto_parts,HV,372.3,1766.6,0.5417,mid,17.7784,1.0566,3.608,0.812,312,0.181,3,6.71,4.94,B,false,false,5,false,auto_renew,low,medium,55.8,2,26.174,20.304
TR-00093,train,auto_parts,HV,526,2494.5,0.5414,mid,17.6781,1.0506,3.609,0.8432,457.6,0.0641,3,5.52,3.7,C,false,true,10,false,negotiated,low,medium,78.9,2,26.633,22.647
TR-00094,train,auto_parts,HV,551.7,2555.8,0.5288,mid,17.821,1.0591,3.651,0.8293,461.1,0.0533,3,8.2,4.32,B,false,false,4,true,tender,high,medium,82.8,1,23.138,20.277
TR-00095,train,auto_parts,HV,393.7,1823.5,0.5287,mid,17.7874,1.0571,3.6513,0.8634,342.5,0.0662,3,9.33,3.85,B,false,false,5,true,tender,low,medium,59.1,1,22.817,20.17
TR-00096,train,auto_parts,HV,284.1,1313.8,0.5279,mid,17.7899,1.0573,3.6541,0.8647,247.1,0.0292,3,7.98,3.92,C,false,true,3,false,tender,high,low,42.6,1,26.633,21.881
TR-00097,train,auto_parts,HV,471.1,2136.2,0.5176,mid,17.739,1.0543,3.6901,0.8818,409.8,0.1181,3,4.8,4.11,A,false,false,7,false,auto_renew,medium,medium,70.7,3,26.455,20.995
TR-00098,train,auto_parts,HV,518.3,2387.1,0.5258,mid,17.8187,1.059,3.6615,0.8682,450.9,0.0728,3,6.17,4.88,C,false,false,2,false,tender,high,high,77.7,1,24.597,20.772
TR-00099,train,auto_parts,HV,1550.1,7048.8,0.5191,mid,17.7823,1.0568,3.6849,0.8794,1348.4,0.1217,3,5.96,3.92,A,false,false,8,false,auto_renew,high,medium,232.5,2,25.236,21.419
TR-00100,train,auto_parts,HV,452.7,2123.2,0.5354,mid,17.787,1.0571,3.6287,0.8526,393.8,0.111,3,6.62,4.57,C,false,false,8,false,negotiated,medium,low,67.9,3,24.064,20.596
TR-00101,train,auto_parts,HV,1199.6,5720,0.5443,mid,17.71,1.0525,3.5994,0.8386,1043.5,0.0431,3,4.73,2.74,A,false,false,8,true,negotiated,high,medium,179.9,1,22.72,19.433
TR-00102,train,auto_parts,HV,326.3,1537.6,0.5379,mid,17.7906,1.0573,3.6203,0.817,273.3,0.081,3,4.99,6.43,A,false,false,1,false,auto_renew,low,medium,48.9,1,26.532,20.948
TR-00103,train,auto_parts,HV,1882,8914.3,0.5407,mid,17.6797,1.0507,3.6112,0.8442,1637.1,0.0628,3,8.95,4.33,B,false,true,3,false,auto_renew,medium,high,282.3,2,25.239,21.2
TR-00104,train,auto_parts,HV,469.7,2194.8,0.5334,mid,17.6979,1.0518,3.6354,0.8558,408.6,0.1272,3,6,3.15,A,false,false,2,false,auto_renew,medium,high,70.5,3,27.258,21.955
TR-00105,train,auto_parts,HV,780.7,3691.7,0.5398,mid,17.7224,1.0533,3.6141,0.8456,679.1,0.0853,3,6.71,4.14,A,false,false,4,false,negotiated,low,medium,117.1,2,22.568,18.967
TR-00106,train,auto_parts,EHV,2258.5,10648.1,0.5382,mid,17.7897,1.0573,2.0119,0.8166,1891.5,0.0632,3,5.74,3.31,B,false,true,3,true,tender,low,low,338.8,3,25.291,20.279
TR-00107,train,auto_parts,HV,532.4,2481.1,0.532,mid,17.7015,1.052,3.6402,0.8581,463.1,0.0467,3,4.48,2.26,B,false,true,3,false,negotiated,low,low,79.9,2,26.862,22.087
TR-00108,train,auto_parts,HV,555.9,2629.1,0.5399,mid,17.7842,1.0569,3.6138,0.8143,465.7,0.0927,3,8.52,4.42,B,false,false,1,false,auto_renew,low,medium,83.4,1,24.385,19.024
TR-00109,train,auto_parts,HV,634.3,2846.6,0.5123,mid,17.7534,1.0551,3.7094,0.891,551.8,0.0813,3,5.83,4.1,B,false,false,6,true,negotiated,high,medium,95.1,3,23.331,18.996
TR-00110,train,auto_parts,HV,886.1,4282.1,0.5517,mid,17.6534,1.0492,3.576,0.8275,770.8,0.0851,3,7.54,3.19,C,false,false,7,false,auto_renew,low,medium,132.9,1,24.726,19.899
TR-00111,train,auto_parts,HV,689.9,3282.5,0.5431,mid,17.7736,1.0563,3.6032,0.8101,578.4,0.0713,3,4.59,4.19,C,false,false,3,false,negotiated,high,medium,103.5,1,24.436,20.462
TR-00112,train,auto_parts,HV,503,2329.5,0.5287,mid,17.7875,1.0571,3.6515,0.8634,437.6,0.0549,3,8.21,4.12,A,false,true,8,true,negotiated,medium,medium,75.5,2,27.354,22.774
TR-00113,train,auto_parts,HV,424.1,1958.8,0.5273,mid,17.8137,1.0587,3.6563,0.8658,368.9,0.094,3,6.78,4.81,A,false,false,9,false,tender,medium,high,63.6,2,25.251,19.974
TR-00114,train,auto_parts,HV,1115,5207.5,0.5332,mid,17.8064,1.0583,3.6363,0.8234,932.7,0.1923,3,5.28,3.31,D,false,false,7,false,negotiated,high,high,167.2,2,23.802,20.071
TR-00115,train,auto_parts,HV,1059.2,4949.8,0.5335,mid,17.7726,1.0563,3.6352,0.8557,921.4,0.083,3,6.57,2.88,B,false,true,5,false,negotiated,high,medium,158.9,1,24.66,20.664
TR-00116,train,auto_parts,HV,252.9,1196.6,0.5401,mid,17.7834,1.0569,3.6131,0.8141,211.9,0.0624,3,4.39,6.53,A,false,false,7,false,negotiated,medium,medium,37.9,1,25.604,19.998
TR-00117,train,auto_parts,HV,543.9,2575.8,0.5406,mid,17.7818,1.0568,3.6115,0.8134,455.8,0.055,3,7.42,7.07,C,false,true,3,true,negotiated,high,high,81.6,3,27.774,20.962
TR-00118,train,auto_parts,HV,848.5,4053.2,0.5453,mid,17.6685,1.0501,3.5962,0.8371,738.1,0.1223,3,6.58,4.2,B,false,false,7,true,negotiated,high,low,127.3,1,25.785,20.454
TR-00119,train,auto_parts,HV,534.8,2462.6,0.5257,mid,17.7178,1.053,3.6619,0.8684,465.2,0.098,3,3.17,4.09,B,false,false,10,true,tender,low,medium,80.2,2,25.213,19.28
TR-00120,train,auto_parts,HV,638.2,3154.2,0.5642,mid,17.7083,1.0524,3.5374,0.7836,537.7,0.0629,3,6.3,3.97,C,false,true,6,false,negotiated,high,medium,95.7,1,27.422,21.973
TR-00121,train,auto_parts,EHV,2063.6,9765.2,0.5402,mid,17.7717,1.0562,2.0078,0.845,1795.1,0.0283,3,4.05,5.73,A,false,false,6,false,negotiated,high,high,309.5,1,22.951,18.252
TR-00122,train,auto_parts,HV,502.9,2392.9,0.5432,mid,17.7623,1.0556,3.6031,0.8404,437.5,0.0779,3,6.14,3.27,C,false,false,6,false,tender,medium,low,75.4,1,25.604,21.647
TR-00123,train,auto_parts,HV,1681,8085.4,0.5491,mid,17.6971,1.0518,3.5842,0.8314,1462.3,0.0712,3,9.13,3.87,A,false,false,1,true,negotiated,high,high,252.1,2,23.569,18.915
TR-00124,train,auto_parts,HV,1195.4,5688.7,0.5432,mid,17.713,1.0527,3.6029,0.8403,1039.9,0.0965,3,8.15,3.46,A,false,false,3,false,negotiated,low,high,179.3,1,24.747,19.703
TR-00125,train,auto_parts,EHV,2395.7,10844.4,0.5167,mid,17.826,1.0594,2.0577,0.8834,2084,0.0711,3,3.88,2.84,D,false,false,10,false,negotiated,low,medium,359.4,2,23.499,17.939
TR-00126,train,auto_parts,HV,911.3,4390.8,0.55,mid,17.6946,1.0516,3.5812,0.8299,792.7,0.057,3,7.72,6.74,B,false,true,8,false,negotiated,high,medium,136.7,1,26.297,21.976
TR-00127,train,auto_parts,HV,365.5,1680.9,0.525,mid,17.8342,1.0599,3.6642,0.8346,305.2,0.0593,3,5.7,2.94,C,false,false,5,true,negotiated,low,low,54.8,2,25.316,19.765
TR-00128,train,auto_parts,HV,627.9,3037.4,0.5522,mid,17.7166,1.0529,3.5743,0.8266,546.2,0.0936,3,7.9,2.72,A,false,false,1,false,auto_renew,low,medium,94.2,2,22.906,19.656
TR-00129,train,auto_parts,HV,259.2,1207.4,0.5317,mid,17.7989,1.0578,3.641,0.8585,225.5,0.0833,3,4.89,3.88,A,false,false,1,false,negotiated,high,low,38.9,1,26.35,20.852
TR-00130,train,auto_parts,HV,785.4,3621.3,0.5263,mid,17.8168,1.0589,3.6595,0.8673,683.2,0.0822,3,7.07,3.87,D,false,false,5,false,auto_renew,high,medium,117.8,1,24.956,19.503
TR-00131,train,auto_parts,HV,1019,4709.8,0.5276,mid,17.7571,1.0553,3.6551,0.8652,886.4,0.076,3,5.27,3.21,A,false,false,1,true,tender,high,low,152.8,1,28.1,21.082
TR-00132,train,auto_parts,HV,1159.7,5393.4,0.5309,mid,17.814,1.0587,3.6439,0.8264,969.6,0.1221,3,8.44,4.48,B,false,false,3,true,auto_renew,low,high,174,2,23.807,19.687
TR-00133,train,auto_parts,HV,572.2,2622.1,0.5231,mid,17.8052,1.0582,3.6707,0.8726,497.7,0.1298,3,5.92,3.2,B,false,false,3,false,negotiated,medium,medium,85.8,1,26.328,20.184
TR-00134,train,auto_parts,HV,579.5,2676.4,0.5272,mid,17.7921,1.0574,3.6565,0.8658,504.1,0.1006,3,7.27,3.11,A,false,false,2,true,tender,medium,medium,86.9,2,25.184,20.556
TR-00135,train,auto_parts,HV,608.2,2843.8,0.5338,mid,17.697,1.0518,3.6342,0.8552,529.1,0.0855,3,8.26,4.83,A,false,false,10,false,tender,low,medium,91.2,1,25.012,20.844
TR-00136,train,auto_parts,HV,436.9,2098.4,0.5483,mid,17.7572,1.0553,3.5867,0.8034,366.7,0.0832,3,5.84,3.24,C,false,false,6,false,tender,high,medium,65.5,2,25.209,20.724
TR-00137,train,auto_parts,HV,1165.8,5396.1,0.5284,mid,17.7549,1.0552,3.6525,0.8639,1014.1,0.1388,3,4.08,4.88,B,false,false,3,false,auto_renew,low,low,174.9,1,23.266,19.31
TR-00138,train,auto_parts,HV,774,3629.4,0.5353,mid,17.7874,1.0571,3.6291,0.8528,673.3,0.0715,3,5.99,2.98,B,false,true,4,false,auto_renew,high,medium,116.1,3,27.424,22.175
TR-00139,train,auto_parts,HV,810,3722.9,0.5247,mid,17.8002,1.0579,3.6653,0.87,704.6,0.1071,3,6.58,2.49,B,false,true,5,false,negotiated,high,medium,121.5,3,25.43,20.094
TR-00140,train,auto_parts,HV,671.4,3204.3,0.5448,mid,17.7682,1.056,3.5978,0.8079,563.1,0.0909,3,8.17,3.15,A,false,true,7,true,tender,medium,medium,100.7,1,27.13,21.084
TR-00141,train,auto_parts,HV,366.4,1670.3,0.5204,mid,17.814,1.0587,3.6803,0.8772,318.7,0.091,3,5.68,2.79,B,false,false,7,true,tender,low,low,55,1,25.004,19.799
TR-00142,train,auto_parts,HV,924.5,4295.1,0.5304,mid,17.7492,1.0549,3.6457,0.8607,804.2,0.0648,3,6.68,3.92,C,false,false,5,false,auto_renew,low,medium,138.7,2,25.881,20.747
TR-00143,train,auto_parts,HV,576.2,2707.8,0.5365,mid,17.7318,1.0538,3.6252,0.8509,501.2,0.1255,3,7.38,3.99,D,false,true,3,false,negotiated,low,low,86.4,3,26.608,20.938
TR-00144,train,auto_parts,HV,445.9,2067.1,0.5292,mid,17.7859,1.057,3.6497,0.8626,387.9,0.0473,3,4.82,3.29,A,false,false,10,false,negotiated,low,low,66.9,1,23.936,19.912
TR-00145,train,auto_parts,HV,363.1,1662.8,0.5228,mid,17.7714,1.0562,3.672,0.8732,315.9,0.0532,3,6.49,4.37,A,false,false,5,false,auto_renew,medium,low,54.5,3,25.679,21.815
TR-00146,train,auto_parts,HV,1595.3,7437.4,0.5322,mid,17.8097,1.0585,3.6395,0.8247,1334.2,0.0301,3,6.11,3.38,B,false,true,7,true,tender,low,medium,239.3,1,25.337,21.101
TR-00147,train,auto_parts,HV,978.8,4539.7,0.5295,mid,17.708,1.0524,3.6488,0.8622,851.4,0.0546,3,4.99,3.7,B,false,false,4,true,tender,medium,medium,146.8,1,24.404,20.182
TR-00148,train,auto_parts,HV,488.6,2227.2,0.5204,mid,17.8503,1.0609,3.6804,0.8412,407.5,0.1171,3,4.44,6.25,A,false,false,5,false,auto_renew,medium,low,73.3,2,24.323,19.732
TR-00149,train,auto_parts,HV,244.5,1172.1,0.5472,mid,17.7605,1.0555,3.59,0.8047,205.2,0.0805,3,10.94,3.98,A,false,false,8,false,auto_renew,low,medium,36.7,1,23.969,19.69
TR-00150,train,auto_parts,HV,456.9,2123.3,0.5305,mid,17.7818,1.0568,3.6453,0.8605,397.4,0.0605,3,6.65,3.05,A,false,false,4,false,auto_renew,low,medium,68.5,1,25.472,19.738
TR-00151,train,auto_parts,HV,628.7,2940,0.5338,mid,17.8042,1.0581,3.634,0.8225,526,0.0914,3,4.47,5.1,B,false,false,2,true,tender,low,medium,94.3,1,25.772,21.854
TR-00152,train,auto_parts,HV,556.1,2640.8,0.5421,mid,17.7657,1.0558,3.6066,0.8421,483.7,0.0515,3,6.23,4.58,A,false,false,5,false,auto_renew,medium,low,83.4,1,24.499,21.244
TR-00153,train,auto_parts,HV,1368,6398.7,0.5339,mid,17.7917,1.0574,3.6336,0.8549,1190,0.124,3,9.35,5.46,B,false,false,10,false,negotiated,medium,low,205.2,1,24.711,19.584
TR-00154,train,auto_parts,HV,580.4,2815.9,0.5538,mid,17.6844,1.051,3.5692,0.8242,504.9,0.0854,3,7.62,5.86,B,false,false,7,true,tender,medium,medium,87.1,2,24.94,21.104
TR-00155,train,auto_parts,HV,886.1,4032.7,0.5195,mid,17.7811,1.0568,3.6834,0.8786,770.8,0.0524,3,8.33,3.35,B,false,false,10,false,auto_renew,low,medium,132.9,2,24.765,19.735
TR-00156,train,auto_parts,HV,504,2342.5,0.5306,mid,17.7816,1.0568,3.645,0.8603,438.4,0.0913,3,6.24,3.56,A,false,false,3,true,negotiated,high,high,75.6,1,24.099,18.608
TR-00157,train,auto_parts,HV,333.7,1596.8,0.5463,mid,17.7636,1.0557,3.5931,0.806,280,0.0678,3,9.24,3.45,A,false,false,6,false,negotiated,high,medium,50.1,2,23.614,19.816
TR-00158,train,auto_parts,HV,348.4,1611.4,0.528,mid,17.7118,1.0526,3.6538,0.8646,303.1,0.0485,3,6.27,4.6,C,false,false,7,false,tender,low,medium,52.3,1,25.181,21.432
TR-00159,train,auto_parts,HV,1557.3,7263,0.5324,mid,17.7968,1.0577,3.6388,0.8574,1354.7,0.0763,3,4.2,3.94,A,false,true,5,false,tender,high,high,233.6,1,26.386,22.948
TR-00160,train,auto_parts,HV,702.8,3346.9,0.5436,mid,17.7119,1.0527,3.6016,0.8397,611.4,0.1489,3,9.76,4.31,B,false,false,10,false,tender,low,high,105.4,1,23.99,19.134
TR-00161,train,auto_parts,HV,456.3,2116.5,0.5295,mid,17.7517,1.055,3.6487,0.8621,396.9,0.1112,3,5.72,3.99,B,false,false,9,false,negotiated,medium,low,68.4,1,22.583,18.808
TR-00162,train,auto_parts,EHV,2736,13100.9,0.5466,mid,17.7625,1.0557,1.9949,0.8056,2295.8,0.1296,3,15.07,3.32,C,false,true,8,false,tender,high,high,410.4,2,22.329,18.719
TR-00163,train,auto_parts,HV,385,1782.8,0.5286,mid,17.7542,1.0552,3.6516,0.8635,334.9,0.0386,3,7.54,3.74,A,false,true,7,false,tender,high,medium,57.8,2,26.402,21.694
TR-00164,train,auto_parts,HV,566.3,2697.2,0.5437,mid,17.6724,1.0503,3.6014,0.8396,492.6,0.0396,3,5.18,4.86,C,false,false,6,true,tender,low,low,84.9,1,25.603,19.649
TR-00165,train,auto_parts,HV,519.9,2424.8,0.5324,mid,17.7967,1.0577,3.6387,0.8574,452.3,0.038,3,7.71,4.85,A,false,false,3,false,negotiated,medium,medium,78,1,27.958,20.525
TR-00166,train,auto_parts,HV,688,3175,0.5268,mid,17.7148,1.0528,3.6579,0.8665,598.5,0.0513,3,5.57,4.65,B,false,false,4,false,auto_renew,high,medium,103.2,1,24.494,20.665
TR-00167,train,auto_parts,HV,798.7,3766.2,0.5383,mid,17.7894,1.0573,3.6191,0.8165,668.9,0.0363,3,4.07,4.53,B,false,false,7,true,negotiated,high,medium,119.8,1,26.046,20.272
TR-00168,train,auto_parts,HV,1283.7,6076.1,0.5403,mid,17.7828,1.0569,3.6124,0.8138,1075.6,0.1227,3,5.16,4.38,B,false,false,8,false,negotiated,medium,high,192.6,1,21.982,18.462
TR-00169,train,auto_parts,HV,1245.9,5847.9,0.5358,mid,17.6919,1.0515,3.6273,0.8519,1083.8,0.1241,3,5.27,3.74,C,false,false,5,false,auto_renew,low,low,186.9,1,23.469,19.74
TR-00170,train,auto_parts,HV,1093.9,5090.4,0.5312,mid,17.7467,1.0547,3.6428,0.8593,951.6,0.0734,3,5.49,5.14,A,false,false,7,false,tender,medium,low,164.1,1,24.961,19.763
TR-00171,train,auto_parts,HV,417.7,1967.8,0.5378,mid,17.7593,1.0555,3.6208,0.8488,363.3,0.0539,3,5.95,5.14,A,false,false,4,false,auto_renew,medium,medium,62.7,3,22.751,18.41
TR-00172,train,auto_parts,HV,1091,5007.4,0.5239,mid,17.8026,1.058,3.6678,0.8712,949,0.0855,3,8.34,2.33,B,false,false,2,false,auto_renew,medium,low,163.7,3,23.881,19.951
TR-00173,train,auto_parts,HV,707.4,3369.6,0.5438,mid,17.7413,1.0544,3.6012,0.8395,615.4,0.1449,3,6.45,5.07,B,false,true,5,true,tender,high,high,106.1,3,25.515,20.292
TR-00174,train,auto_parts,HV,267.6,1215,0.5183,mid,17.7847,1.057,3.6877,0.8807,232.8,0.0675,3,8.62,3.28,A,false,true,9,false,negotiated,medium,high,40.1,1,24.869,19.57
TR-00175,train,auto_parts,HV,801.2,3645.8,0.5195,mid,17.8401,1.0603,3.6836,0.8788,696.9,0.0511,3,5.98,3.59,B,false,false,3,false,negotiated,high,high,120.2,2,24.399,19.705
TR-00176,train,auto_parts,HV,474.7,2330.7,0.5605,mid,17.6329,1.048,3.5487,0.8144,412.9,0.0913,3,4.81,2.9,A,false,false,7,false,negotiated,low,high,71.2,1,24.008,19.009
TR-00177,train,auto_parts,HV,985.4,4515.8,0.5231,mid,17.8276,1.0595,3.6707,0.8726,857.2,0.0617,3,7.73,5.33,A,false,false,9,true,tender,medium,low,147.8,1,24.778,20.038
TR-00178,train,auto_parts,HV,114.5,534.9,0.5333,mid,17.7939,1.0575,3.6358,0.856,99.6,0.0995,3,6.35,2.87,C,false,false,4,false,negotiated,medium,low,17.2,1,22.642,18.196
TR-00179,train,auto_parts,HV,1678.5,7693.5,0.5232,mid,17.8049,1.0582,3.6703,0.8724,1460.1,0.0694,3,8.52,3.33,B,false,false,7,false,auto_renew,medium,high,251.8,2,25.66,20.356
TR-00180,train,auto_parts,EHV,2087.6,9671.8,0.5289,mid,17.8084,1.0584,2.0313,0.8631,1816,0.1534,3,4.75,3.95,A,false,false,3,true,negotiated,low,medium,313.1,2,21.31,17.545
TR-00181,train,auto_parts,HV,670.8,3120.6,0.5311,mid,17.7472,1.0547,3.6433,0.8596,583.5,0.0946,3,6.35,3.6,D,false,false,2,false,negotiated,high,low,100.6,2,25.524,21.24
TR-00182,train,auto_parts,HV,412.3,1972.1,0.546,mid,17.7534,1.0551,3.5939,0.836,358.7,0.0883,3,6.9,5.4,B,false,false,1,true,tender,high,high,61.8,1,26.204,20.625
TR-00183,train,auto_parts,HV,626.4,2951.2,0.5378,mid,17.728,1.0536,3.6207,0.8487,544.9,0.0697,3,8.14,3.13,A,false,false,4,true,tender,low,medium,94,2,27.242,19.507
TR-00184,train,auto_parts,HV,624.8,3005.2,0.5491,mid,17.7547,1.0552,3.5842,0.8024,524.6,0.0732,3,6.72,5.03,B,false,false,5,false,tender,medium,high,93.7,2,23.336,19.415
TR-00185,train,auto_parts,EHV,5245.1,24577.7,0.5349,mid,17.8006,1.0579,2.0187,0.821,4389.5,0.18,3,6.35,3.26,B,false,false,3,false,auto_renew,medium,medium,786.8,1,22.878,18.532
TR-00186,train,auto_parts,HV,776.8,3545.7,0.5211,mid,17.8478,1.0607,3.6779,0.8402,648,0.042,3,9.47,5.44,B,false,true,1,false,negotiated,medium,low,116.5,1,25.377,21.922
TR-00187,train,auto_parts,HV,1003.5,4692.1,0.5338,mid,17.7924,1.0574,3.6342,0.8552,872.9,0.0738,3,5.61,4.97,C,false,false,4,false,auto_renew,low,low,150.5,1,28.758,21.285
TR-00188,train,auto_parts,HV,909.5,4360.8,0.5473,mid,17.7018,1.052,3.5897,0.834,791.2,0.1198,3,8.36,3.41,A,false,true,10,false,auto_renew,high,low,136.4,1,25.761,21.961
TR-00189,train,auto_parts,HV,1501,6803.6,0.5174,mid,17.847,1.0607,3.6908,0.8822,1305.7,0.1237,3,7.22,6.04,A,false,false,2,false,negotiated,low,medium,225.2,1,27.009,21.4
TR-00190,train,auto_parts,EHV,2383.7,11093.3,0.5313,mid,17.7466,1.0547,2.0263,0.8592,2073.5,0.0979,3,5.94,4.09,B,false,false,10,false,negotiated,high,low,357.6,3,22.579,18.047
TR-00191,train,auto_parts,HV,314.3,1490.3,0.5413,mid,17.7487,1.0548,3.6093,0.8433,273.4,0.0861,3,13.06,5.59,A,false,false,5,false,negotiated,medium,medium,47.1,2,27.012,20.52
TR-00192,train,auto_parts,HV,1265.2,5939.1,0.5359,mid,17.7855,1.057,3.6272,0.8519,1100.6,0.0398,3,6.31,3.79,B,false,false,2,false,auto_renew,low,medium,189.8,1,24.822,19.541
TR-00193,train,auto_parts,HV,523.9,2478.8,0.5401,mid,17.6812,1.0508,3.6131,0.8452,455.7,0.0812,3,11.41,3.81,C,false,false,2,false,negotiated,medium,medium,78.6,1,23.926,17.932
TR-00194,train,auto_parts,HV,486.4,2260,0.5304,mid,17.8157,1.0588,3.6456,0.8271,406.6,0.1467,3,4,4.18,A,false,true,5,false,tender,medium,low,73,3,27.427,21.798
TR-00195,train,auto_parts,HV,694.3,3183.9,0.5235,mid,17.7693,1.0561,3.6694,0.872,604,0.0907,3,5.12,3.79,A,false,true,4,false,auto_renew,low,medium,104.1,2,27.17,22.51
TR-00196,train,auto_parts,HV,1945.8,8969.8,0.5262,mid,17.7612,1.0556,3.6599,0.8674,1692.6,0.0908,3,5.12,4.49,B,false,false,9,true,auto_renew,medium,high,291.9,2,25.992,20.431
TR-00197,train,auto_parts,HV,422.6,1941.7,0.5245,mid,17.8359,1.06,3.6659,0.8353,352.8,0.076,3,9.73,4.24,B,false,false,10,false,auto_renew,medium,low,63.4,3,22.651,18.572
TR-00198,train,auto_parts,HV,970.5,4616.2,0.543,mid,17.7437,1.0545,3.6038,0.8407,844.2,0.0563,3,5.2,4.19,A,false,true,7,false,tender,low,low,145.6,3,28.27,24.142
TR-00199,train,auto_parts,HV,911.8,4205.8,0.5266,mid,17.7602,1.0555,3.6588,0.8669,793.2,0.1089,3,4.94,3.41,B,false,false,5,false,negotiated,medium,low,136.8,1,25.575,20.949
TR-00200,train,auto_parts,HV,1430.4,6597.6,0.5265,mid,17.8289,1.0596,3.6588,0.8325,1194.8,0.0972,3,4.51,6.42,A,false,false,2,false,auto_renew,low,medium,214.6,1,23.789,19.962
TR-00201,train,auto_parts,HV,931,4364.1,0.5351,mid,17.7675,1.056,3.6297,0.8531,809.9,0.1972,3,4.31,4.31,B,false,false,1,false,negotiated,high,high,139.7,1,25.458,19.23
TR-00202,train,auto_parts,HV,201.5,936.9,0.5308,mid,17.7046,1.0522,3.6444,0.86,175.3,0.0981,3,5.6,5.66,D,false,false,4,false,tender,medium,low,30.2,1,25.694,20.407
TR-00203,train,auto_parts,HV,638.2,2966,0.5305,mid,17.7487,1.0548,3.6451,0.8604,555.2,0.1298,3,6.96,4.04,A,false,false,8,false,tender,low,medium,95.7,1,25.966,20.998
TR-00204,train,auto_parts,HV,467.3,2162,0.5281,mid,17.8108,1.0585,3.6533,0.8643,406.5,0.0752,3,7.62,5.01,B,false,false,2,false,tender,low,medium,70.1,2,25.706,20.678
TR-00205,train,auto_parts,HV,446.5,2097.1,0.5362,mid,17.7846,1.057,3.6262,0.8514,388.4,0.1229,3,7.14,3.92,C,false,false,6,false,auto_renew,high,medium,67,1,26.166,20.375
TR-00206,train,auto_parts,HV,793.4,3660.9,0.5267,mid,17.7597,1.0555,3.6582,0.8666,690.2,0.0563,3,7.76,5.66,A,false,true,8,false,tender,high,medium,119,1,27.99,22.07
TR-00207,train,auto_parts,HV,1271.6,5850.5,0.5252,mid,17.7189,1.0531,3.6634,0.8691,1106.1,0.0595,3,6.08,4.26,C,false,false,8,false,negotiated,low,high,190.7,2,23.175,19.094
TR-00208,train,auto_parts,HV,151.8,733.3,0.5514,mid,17.6539,1.0492,3.5767,0.8278,132,0.0587,3,5.55,4.62,A,false,false,2,false,negotiated,medium,low,22.8,1,26.394,21.551
TR-00209,train,auto_parts,HV,814.2,3782.8,0.5304,mid,17.8034,1.0581,3.6457,0.8607,708.3,0.1017,3,5.57,3.26,B,false,true,8,false,auto_renew,low,medium,122.1,1,25.532,20.003
TR-00210,train,auto_parts,HV,1149.7,5338.6,0.5301,mid,17.8044,1.0581,3.6467,0.8612,1000.1,0.0862,3,8.68,3.26,C,false,true,7,false,tender,medium,medium,172.5,2,24.077,20.753
TR-00211,train,auto_parts,HV,392,1835.2,0.5344,mid,17.7902,1.0573,3.632,0.8542,341,0.0765,3,6.27,4.55,D,false,false,1,true,tender,low,high,58.8,1,25.367,19.525
TR-00212,train,auto_parts,EHV,3750.2,17593.6,0.5355,mid,17.7344,1.054,2.0173,0.8524,3262.2,0.1268,3,5.45,3.25,B,false,false,6,false,auto_renew,high,low,562.5,1,23.125,18.721
TR-00213,train,auto_parts,HV,861.5,4076.4,0.5402,mid,17.7833,1.0569,3.613,0.814,721.8,0.0728,3,7.82,4.7,A,false,false,5,false,auto_renew,low,high,129.2,1,25.442,20.73
TR-00214,train,auto_parts,HV,252.8,1194,0.5392,mid,17.6835,1.051,3.6162,0.8466,219.9,0.081,3,5.17,2.41,A,false,false,3,false,auto_renew,high,low,37.9,2,25.129,20.653
TR-00215,train,auto_parts,EHV,2439,11345.7,0.531,mid,17.7473,1.0548,2.0268,0.8596,2121.6,0.1347,3,7.52,4.93,A,false,true,10,false,negotiated,high,medium,365.8,1,25.362,19.842
TR-00216,train,auto_parts,HV,666.1,3164.2,0.5423,mid,17.7458,1.0547,3.606,0.8418,579.4,0.0568,3,6.21,3.25,C,false,false,5,false,negotiated,low,high,99.9,2,26.17,20.567
TR-00217,train,auto_parts,HV,1919.7,8690.6,0.5168,mid,17.8259,1.0594,3.6932,0.8833,1669.9,0.1136,3,6.76,3.51,A,false,false,6,false,negotiated,medium,low,288,3,24.115,20.098
TR-00218,train,auto_parts,HV,1407.5,6491.9,0.5265,mid,17.7944,1.0576,3.6589,0.867,1224.4,0.0626,3,4.71,4.34,B,false,false,2,false,auto_renew,high,medium,211.1,2,24.168,19.196
TR-00219,train,auto_parts,HV,1759.7,8334.2,0.5407,mid,17.7201,1.0531,3.6113,0.8443,1530.7,0.0778,3,6.13,3.42,A,false,false,2,true,negotiated,low,low,264,3,25.652,20.302
TR-00220,train,auto_parts,HV,536.4,2508,0.5337,mid,17.6971,1.0518,3.6343,0.8552,466.6,0.0732,3,5.53,4.94,A,false,true,3,true,negotiated,low,medium,80.5,2,26.615,20.568
TR-00221,train,cold_storage,HV,805.9,4926.7,0.6979,high,16.9315,1.0063,3.2123,0.7059,756.5,0.1881,4,6.08,3.14,C,false,false,2,true,tender,medium,high,241.8,1,22.412,18.245
TR-00222,train,cold_storage,HV,700.3,4337,0.707,high,16.9521,1.0075,3.1946,0.6968,657.4,0.2785,4,6.76,4.24,C,false,true,5,true,tender,medium,medium,210.1,1,25.037,20.98
TR-00223,train,cold_storage,HV,705.7,4394.4,0.7108,high,16.8815,1.0033,3.1872,0.693,662.4,0.45,4,3.63,3.42,A,false,false,6,false,negotiated,medium,low,211.7,1,22.807,18.092
TR-00224,train,cold_storage,HV,337.2,2066.3,0.6995,high,16.9825,1.0093,3.209,0.7042,316.5,0.2339,4,4.92,3.74,C,false,false,4,true,auto_renew,medium,medium,101.2,2,23.892,17.808
TR-00225,train,cold_storage,HV,474.8,2954.4,0.7103,high,16.8812,1.0033,3.1882,0.6935,445.7,0.2715,4,5.23,4.49,D,false,true,9,false,auto_renew,low,medium,142.4,2,24.577,21.496
TR-00226,train,cold_storage,HV,974.4,6031.8,0.7066,high,16.9042,1.0046,3.1952,0.6971,914.7,0.1643,4,4.96,3.21,B,false,false,7,false,auto_renew,high,high,292.3,3,24.262,18.396
TR-00227,train,cold_storage,HV,1350.1,8344.1,0.7055,high,16.9757,1.0089,3.1974,0.6982,1267.4,0.2995,4,2.65,3.45,C,false,false,2,false,auto_renew,low,medium,405,2,23.317,17.983
TR-00228,train,cold_storage,HV,963.4,6057.7,0.7178,high,16.9621,1.0081,3.1742,0.6863,904.4,0.1992,4,5.15,5.19,B,false,true,2,false,auto_renew,high,high,289,2,26.502,20.739
TR-00229,train,cold_storage,HV,490.2,3044,0.7089,high,16.9044,1.0047,3.191,0.6949,460.2,0.1941,4,5.01,2.82,B,false,false,10,false,auto_renew,medium,high,147.1,1,24.065,19.379
TR-00230,train,cold_storage,HV,1520,9388.3,0.7051,high,16.904,1.0046,3.1983,0.6986,1426.8,0.2729,4,5.26,4.29,A,false,false,10,false,auto_renew,medium,medium,456,1,23.037,18.769
TR-00231,train,cold_storage,HV,1190.2,7447.1,0.7143,high,16.9468,1.0072,3.1808,0.6897,1117.3,0.2003,4,5.45,3.47,B,false,false,10,false,auto_renew,medium,high,357.1,2,24.818,19.371
TR-00232,train,cold_storage,HV,774.6,4790.3,0.706,high,16.9041,1.0046,3.1966,0.6978,727.1,0.1498,4,5.46,4.52,B,false,false,1,false,auto_renew,medium,medium,232.4,3,23.459,17.852
TR-00233,train,cold_storage,HV,360.2,2230.6,0.7069,high,16.9522,1.0075,3.1947,0.6968,338.1,0.171,4,4.68,3.53,B,false,false,5,false,auto_renew,medium,low,108.1,2,25.138,19.902
TR-00234,train,cold_storage,HV,417.3,2592.5,0.7092,high,16.9505,1.0074,3.1904,0.6946,391.7,0.2169,4,4.08,2.05,A,false,false,5,true,tender,medium,high,125.2,1,20.733,18.131
TR-00235,train,cold_storage,HV,302.5,1865.9,0.7041,high,16.9542,1.0076,3.2001,0.6996,284,0.0944,4,5.49,3.01,D,false,false,4,false,negotiated,high,high,90.8,1,24.309,19.969
TR-00236,train,cold_storage,HV,228.3,1411.2,0.7056,high,16.8787,1.0031,3.1972,0.6981,214.3,0.3607,4,5.28,4.79,A,false,false,7,false,auto_renew,high,low,68.5,2,22.414,18.279
TR-00237,train,cold_storage,HV,1157.5,7233.6,0.7134,high,16.9474,1.0072,3.1824,0.6905,1086.6,0.45,4,4.79,4.44,C,false,false,7,true,auto_renew,high,low,347.2,2,23.081,18.624
TR-00238,train,cold_storage,HV,315.1,1961.6,0.7107,high,16.9699,1.0086,3.1876,0.6931,295.8,0.2814,4,4.15,5.86,A,false,true,3,false,auto_renew,medium,high,94.5,2,25.757,19.507
TR-00239,train,cold_storage,HV,335.4,2085.4,0.7098,high,16.9045,1.0047,3.1893,0.694,314.8,0.2944,4,5.4,2.88,B,false,false,10,true,auto_renew,medium,high,100.6,1,23.179,18.912
TR-00240,train,cold_storage,HV,748.7,4688.3,0.7148,high,16.9653,1.0083,3.1797,0.6891,702.8,0.0999,4,6.82,3.49,A,false,false,8,false,tender,low,medium,224.6,1,24.195,19.625
TR-00241,train,cold_storage,HV,270.2,1691.6,0.7147,high,16.926,1.0059,3.1801,0.6893,253.6,0.2378,4,4.57,3.09,C,false,false,2,false,auto_renew,low,medium,81.1,3,25.342,20.437
TR-00242,train,cold_storage,HV,511.3,3156.3,0.7047,high,16.9538,1.0076,3.199,0.699,480,0.1927,4,4.92,3.7,C,false,false,7,false,negotiated,high,medium,153.4,3,22.716,18.208
TR-00243,train,cold_storage,HV,471.3,2922.7,0.7079,high,16.8799,1.0032,3.1928,0.6959,442.4,0.3358,4,8.03,5.32,A,false,true,7,false,tender,medium,high,141.4,2,26.344,20.113
TR-00244,train,cold_storage,HV,486.5,3019.4,0.7085,high,16.9724,1.0087,3.1917,0.6953,456.7,0.1622,4,5.35,3.03,D,false,true,1,false,negotiated,high,low,145.9,1,24.791,18.819
TR-00245,train,cold_storage,HV,886.6,5522.3,0.711,high,16.9491,1.0073,3.1869,0.6928,832.3,0.2589,4,5.41,2.57,A,false,false,2,false,negotiated,low,low,266,2,23.479,18.216
TR-00246,train,cold_storage,HV,313.5,1962.2,0.7145,high,16.9049,1.0047,3.1803,0.6894,294.3,0.3032,4,3.08,4.02,A,false,false,2,false,auto_renew,low,low,94,3,23.607,18.111
TR-00247,train,cold_storage,HV,462.4,2833.4,0.6995,high,16.931,1.0062,3.2091,0.7042,434.1,0.3668,4,3.92,3.29,A,false,true,10,false,tender,low,medium,138.7,2,23.259,19.26
TR-00248,train,cold_storage,HV,308.8,1907.6,0.7052,high,16.904,1.0046,3.1981,0.6985,289.9,0.45,4,2.46,3.88,B,false,false,6,true,auto_renew,medium,low,92.6,2,23.484,19.595
TR-00249,train,cold_storage,HV,204.2,1271.1,0.7106,high,16.97,1.0086,3.1877,0.6932,191.7,0.1479,4,5,3.93,B,false,false,4,false,auto_renew,low,low,61.3,1,25.138,20.106
TR-00250,train,cold_storage,HV,906.3,5616.9,0.7075,high,16.8797,1.0032,3.1936,0.6963,850.8,0.1084,4,6.81,3.57,B,false,true,1,true,tender,high,high,271.9,1,24.978,20.844
TR-00251,train,cold_storage,HV,567.4,3524.2,0.709,high,16.9718,1.0087,3.1907,0.6947,532.6,0.1565,4,5.05,3.45,B,false,false,6,false,auto_renew,high,medium,170.2,2,23.874,18.261
TR-00252,train,cold_storage,HV,328.1,2025.1,0.7046,high,16.9293,1.0061,3.1992,0.6991,308,0.2019,4,4.34,2.79,B,false,false,1,false,negotiated,medium,high,98.4,1,23.29,19.748
TR-00253,train,cold_storage,HV,368,2295,0.7119,high,16.882,1.0033,3.1852,0.6919,345.4,0.2445,4,8.1,4.46,C,false,false,9,false,negotiated,high,high,110.4,1,24.478,19.966
TR-00254,train,cold_storage,HV,284.8,1741.1,0.6979,high,16.9033,1.0046,3.2123,0.7059,267.3,0.3313,4,4.93,3.05,A,false,false,8,false,auto_renew,high,high,85.4,2,21.577,17.522
TR-00255,train,cold_storage,HV,188.9,1171.6,0.708,high,16.9513,1.0074,3.1926,0.6957,177.3,0.1413,4,4.39,2.84,A,false,false,6,true,negotiated,low,medium,56.7,2,24.121,19.303
TR-00256,train,cold_storage,HV,653.7,4047.5,0.7068,high,16.9743,1.0088,3.1949,0.6969,613.6,0.1947,4,5.67,3.07,B,false,false,2,false,negotiated,high,high,196.1,1,23.529,19.477
TR-00257,train,cold_storage,HV,187.8,1156.4,0.7029,high,16.9787,1.0091,3.2024,0.7008,176.3,0.3054,4,4.15,2.32,B,false,false,4,false,auto_renew,high,high,56.3,2,22.342,19.179
TR-00258,train,cold_storage,HV,702.7,4395.9,0.7141,high,16.9469,1.0072,3.1811,0.6898,659.6,0.3225,4,4.87,3.87,D,false,false,9,false,negotiated,medium,medium,210.8,1,25.183,19.87
TR-00259,train,cold_storage,HV,726.4,4521,0.7105,high,16.9702,1.0086,3.1879,0.6933,681.9,0.3442,4,5.1,4.07,B,false,false,9,false,auto_renew,medium,medium,217.9,2,22.118,18.627
TR-00260,train,cold_storage,HV,273.4,1688.4,0.705,high,16.9763,1.0089,3.1984,0.6987,256.6,0.126,4,4.85,3.22,B,false,false,5,false,auto_renew,high,high,82,2,23.122,17.979
TR-00261,train,cold_storage,HV,391.3,2423.8,0.7071,high,16.9042,1.0046,3.1944,0.6966,367.3,0.2336,4,4.99,3.74,B,false,false,6,false,auto_renew,high,high,117.4,1,24.564,19.482
TR-00262,train,cold_storage,HV,820.7,5144.3,0.7155,high,16.8839,1.0034,3.1784,0.6884,770.4,0.2273,4,3.29,5.73,A,false,false,7,false,negotiated,medium,high,246.2,1,24.038,20.39
TR-00263,train,cold_storage,HV,247.9,1532.3,0.7056,high,16.9531,1.0076,3.1973,0.6981,232.7,0.3495,4,2.99,3.76,B,false,false,5,false,auto_renew,high,low,74.4,3,23.527,18.955
TR-00264,train,cold_storage,HV,496,3117.8,0.7176,high,16.9624,1.0081,3.1746,0.6865,465.6,0.4042,4,5.34,3.89,D,false,false,6,false,auto_renew,high,medium,148.8,1,21.913,18.049
TR-00265,train,cold_storage,HV,325.5,2031.5,0.7125,high,16.8823,1.0033,3.1842,0.6914,305.6,0.3173,4,3.79,3.97,A,false,false,6,false,auto_renew,low,high,97.6,1,23.456,19.786
TR-00266,train,cold_storage,HV,220.5,1372.8,0.7107,high,16.9046,1.0047,3.1875,0.6931,207,0.1723,4,5.51,2.94,A,false,false,4,false,auto_renew,medium,low,66.1,1,21.733,18.128
TR-00267,train,cold_storage,HV,1408.3,8748.5,0.7091,high,16.9716,1.0087,3.1905,0.6946,1322,0.2159,4,3.27,5.86,A,false,false,10,false,auto_renew,low,low,422.5,2,23.129,20.444
TR-00268,train,cold_storage,HV,394.9,2424.9,0.701,high,16.9036,1.0046,3.2062,0.7027,370.7,0.3376,4,7.21,3.75,C,false,true,1,true,auto_renew,low,low,118.5,1,24.37,20.643
TR-00269,train,cold_storage,HV,177.2,1107.1,0.7132,high,16.9265,1.006,3.1827,0.6907,166.3,0.2097,4,5.02,3.96,A,false,false,1,false,tender,low,medium,53.2,2,23.713,18.745
TR-00270,train,cold_storage,HV,357.3,2199,0.7026,high,16.9791,1.0091,3.2031,0.7012,335.4,0.1852,4,2.73,7.37,A,false,false,10,true,negotiated,high,low,107.2,1,23.454,17.968
TR-00271,train,cold_storage,HV,856.8,5274.3,0.7027,high,16.9038,1.0046,3.2028,0.701,804.3,0.1301,4,5.7,3.76,B,false,false,7,false,negotiated,high,medium,257,2,23.265,19.07
TR-00272,train,cold_storage,HV,245.3,1524.6,0.7095,high,16.9277,1.006,3.1898,0.6943,230.3,0.2391,4,4.02,3.77,C,false,false,2,false,negotiated,low,high,73.6,2,22.214,17.882
TR-00273,train,cold_storage,HV,1548.4,9555.2,0.7045,high,16.9769,1.009,3.1995,0.6993,1453.5,0.3173,4,4.48,2.74,B,false,false,9,true,auto_renew,high,high,464.5,1,24.838,19.233
TR-00274,train,cold_storage,HV,816.5,5074,0.7094,high,16.8807,1.0033,3.19,0.6944,766.5,0.2187,4,5.27,3.25,A,false,false,9,true,auto_renew,high,medium,244.9,1,23.152,18.785
TR-00275,train,cold_storage,HV,125.1,771,0.7035,high,16.8775,1.0031,3.2013,0.7002,117.4,0.3887,4,3.44,2.7,C,false,false,10,true,tender,low,medium,37.5,2,23.926,19.297
TR-00276,train,cold_storage,HV,146.4,905,0.7057,high,16.9041,1.0046,3.1971,0.6981,137.4,0.189,4,4.39,4.26,A,false,true,1,false,negotiated,high,high,43.9,1,22.886,19.716
TR-00277,train,cold_storage,HV,874,5417.9,0.7076,high,16.9043,1.0047,3.1933,0.6961,820.4,0.3249,4,3.34,2.9,C,false,true,9,false,tender,low,high,262.2,3,23.838,20.205
TR-00278,train,cold_storage,HV,717,4440.6,0.707,high,16.8794,1.0032,3.1946,0.6967,673.1,0.3794,4,3.5,4.61,C,false,false,3,true,auto_renew,medium,medium,215.1,1,22.129,17.663
TR-00279,train,cold_storage,HV,736.8,4597.3,0.7123,high,16.9047,1.0047,3.1845,0.6916,691.6,0.239,4,5.86,3.04,B,false,false,8,false,auto_renew,medium,medium,221,2,21.899,18.774
TR-00280,train,cold_storage,HV,560.2,3449.1,0.7028,high,16.8772,1.003,3.2026,0.7009,525.9,0.0805,4,5.48,2.84,D,false,false,3,false,auto_renew,high,low,168.1,3,24.505,18.643
TR-00281,train,cold_storage,HV,197.1,1223.2,0.7085,high,16.9724,1.0087,3.1918,0.6953,185,0.1838,4,6.07,3,A,false,false,3,true,negotiated,high,low,59.1,1,24.501,20.098
TR-00282,train,cold_storage,HV,545.9,3362.8,0.7032,high,16.9549,1.0077,3.2019,0.7005,512.4,0.2791,4,3.97,2.46,B,false,false,4,false,auto_renew,low,low,163.8,2,22.399,18.798
TR-00283,train,cold_storage,HV,589.6,3664.7,0.7095,high,16.8808,1.0033,3.1897,0.6942,553.5,0.3683,4,5.62,2.91,C,false,true,3,true,negotiated,medium,medium,176.9,2,27.956,21.144
TR-00284,train,cold_storage,HV,734.5,4518.4,0.7022,high,16.9794,1.0091,3.2037,0.7015,689.5,0.2114,4,3.17,4.47,B,false,false,7,false,negotiated,medium,medium,220.3,1,24.271,19.399
TR-00285,train,cold_storage,HV,557.5,3474.1,0.7114,high,16.9692,1.0085,3.1863,0.6925,523.3,0.2068,4,3.2,3.72,A,false,false,8,true,negotiated,medium,high,167.2,1,24.182,18.957
TR-00286,train,cold_storage,HV,801.5,4942,0.7039,high,16.8777,1.0031,3.2006,0.6998,752.4,0.26,4,4.19,3.71,A,false,false,7,false,auto_renew,medium,low,240.4,2,24.326,19.516
TR-00287,train,cold_storage,HV,944.6,5875.5,0.7101,high,16.881,1.0033,3.1887,0.6937,886.7,0.166,4,3.55,2.87,A,false,false,6,false,auto_renew,low,medium,283.4,3,22.674,18.657
TR-00288,train,cold_storage,HV,690.8,4246.4,0.7017,high,16.956,1.0077,3.2047,0.702,648.5,0.1634,4,5.53,3.78,C,false,false,5,true,auto_renew,high,low,207.2,3,22.519,19.538
TR-00289,train,cold_storage,HV,636.6,3961.5,0.7104,high,16.9496,1.0073,3.1881,0.6934,597.6,0.2283,4,5.79,3.48,A,false,false,1,false,auto_renew,medium,medium,191,1,21.503,18.099
TR-00290,train,cold_storage,HV,294,1811.8,0.7035,high,16.8775,1.0031,3.2013,0.7002,276,0.188,4,2.78,3.64,B,false,true,8,false,negotiated,high,medium,88.2,2,25.087,20.182
TR-00291,train,cold_storage,HV,852.9,5245.5,0.7021,high,16.8768,1.003,3.2041,0.7016,800.6,0.231,4,4.53,2.72,B,false,false,9,true,auto_renew,high,low,255.9,2,24.301,19.423
TR-00292,train,cold_storage,HV,790.8,4852.8,0.7005,high,16.9814,1.0092,3.2071,0.7032,742.3,0.2099,4,4.52,3.53,D,false,false,8,false,negotiated,high,medium,237.2,3,22.271,17.14
TR-00293,train,cold_storage,HV,442,2740.4,0.7078,high,16.8798,1.0032,3.1931,0.696,414.9,0.2362,4,5.53,4.12,A,false,true,1,false,auto_renew,high,high,132.6,2,26.015,21.137
TR-00294,train,cold_storage,HV,251.7,1569.3,0.7117,high,16.8819,1.0033,3.1856,0.6921,236.3,0.2162,4,5.28,2.15,B,false,false,7,false,tender,high,low,75.5,2,23.493,17.877
TR-00295,train,cold_storage,HV,799.8,4951.2,0.7067,high,16.9286,1.0061,3.1952,0.6971,750.8,0.3849,4,4.3,2.91,D,false,false,8,false,negotiated,high,high,239.9,3,24.429,19.044
TR-00296,train,cold_storage,HV,258.7,1594,0.7034,high,16.9548,1.0077,3.2016,0.7004,242.8,0.367,4,6.06,5.09,B,false,false,4,false,negotiated,medium,medium,77.6,3,22.908,18.357
TR-00297,train,cold_storage,HV,128.7,796.5,0.7065,high,16.9525,1.0075,3.1956,0.6973,120.8,0.2541,4,6.17,4,A,false,false,9,true,negotiated,low,low,38.6,3,22.148,17.785
TR-00298,train,cold_storage,HV,117.2,728,0.7091,high,16.8805,1.0032,3.1906,0.6947,110,0.1932,4,4.01,3.43,A,false,false,3,true,tender,high,low,35.2,2,24.684,19.304
TR-00299,train,cold_storage,HV,443.2,2772.3,0.7141,high,16.9262,1.006,3.1812,0.6899,416,0.1635,4,3.99,3.65,A,false,true,5,false,negotiated,high,high,133,1,27.144,21.535
TR-00300,train,cold_storage,HV,697.2,4351.8,0.7125,high,16.9679,1.0084,3.184,0.6913,654.5,0.1786,4,3.47,2.18,C,false,false,9,false,auto_renew,low,low,209.2,2,24.103,19.856
TR-00301,train,cold_storage,HV,601.1,3725.7,0.7076,high,16.9734,1.0088,3.1935,0.6962,564.3,0.2811,4,3.33,2.69,C,false,false,5,false,tender,high,medium,180.3,1,24.249,19.247
TR-00302,train,cold_storage,HV,312.5,1944.9,0.7105,high,16.9702,1.0086,3.188,0.6934,293.3,0.225,4,4.9,5.02,C,false,false,8,true,tender,high,low,93.8,1,21.727,18.572
TR-00303,train,cold_storage,HV,383,2391.9,0.7129,high,16.9675,1.0084,3.1833,0.691,359.5,0.1842,4,4.06,5.23,B,false,false,8,false,auto_renew,medium,low,114.9,3,22.376,17.648
TR-00304,train,cold_storage,HV,437.9,2711.2,0.7068,high,16.8793,1.0032,3.195,0.697,411.1,0.155,4,4.92,3.1,A,false,false,9,false,negotiated,high,high,131.4,1,22.219,18.91
TR-00305,train,cold_storage,HV,299.5,1858.7,0.7085,high,16.9724,1.0087,3.1918,0.6953,281.1,0.2545,4,5.14,3.58,B,false,true,2,false,tender,low,high,89.8,1,23.6,19.248
TR-00306,train,cold_storage,HV,240.7,1488.4,0.7059,high,16.9041,1.0046,3.1967,0.6978,225.9,0.2555,4,3.04,3.19,B,false,false,1,false,negotiated,low,high,72.2,2,22.284,18.039
TR-00307,train,cold_storage,HV,1143.4,7074.4,0.7063,high,16.9748,1.0088,3.1959,0.6974,1073.3,0.2214,4,5.17,3.12,C,false,false,2,false,negotiated,low,medium,343,1,22.704,18.537
TR-00308,train,cold_storage,HV,1903.9,11880.1,0.7123,high,16.9482,1.0073,3.1845,0.6915,1787.2,0.1039,4,4.7,4.12,A,false,false,4,true,tender,low,medium,571.2,1,23.919,18.78
TR-00309,train,cold_storage,HV,813.6,5076.6,0.7123,high,16.9482,1.0073,3.1845,0.6916,763.7,0.1034,4,3.06,4.29,A,false,false,4,false,negotiated,medium,medium,244.1,1,25.116,19.735
TR-00310,train,cold_storage,HV,397.8,2467.3,0.708,high,16.9282,1.0061,3.1926,0.6957,373.4,0.2138,4,5.85,2.62,A,false,false,10,false,negotiated,low,low,119.3,2,22.113,17.963
TR-00311,train,office,HV,65.9,218.5,0.3784,low,17.9905,1.0692,4.3706,1.2843,61,0.0428,2,6.84,3.7,B,false,false,4,true,negotiated,low,low,6.6,1,26.021,20.745
TR-00312,train,office,HV,275,937.8,0.3893,low,17.6197,1.0472,4.3,1.2484,254.7,0.0353,2,9.98,2.58,B,false,false,6,true,negotiated,high,low,27.5,1,25.991,21.337
TR-00313,train,office,HV,1161.9,4037.6,0.3967,low,17.6085,1.0465,4.2542,1.2252,1076.1,0.0554,2,8.99,4.25,B,false,false,2,true,tender,low,low,116.2,1,27.667,21.384
TR-00314,train,office,HV,1937.9,6506.4,0.3833,low,17.7556,1.0552,4.3387,1.2681,1794.8,0.0508,2,8.38,2.48,C,false,false,5,false,negotiated,medium,medium,193.8,2,26.234,21.376
TR-00315,train,office,HV,1056.9,3704.6,0.4001,mid,17.7155,1.0529,4.2334,1.2147,978.9,0.0798,2,8.13,4.45,D,false,true,3,false,tender,high,low,105.7,1,28.264,22.574
TR-00316,train,office,HV,226.2,704.7,0.3556,low,18.1949,1.0814,4.5329,1.3475,206.6,0.0659,2,3.98,5.03,A,false,false,1,false,negotiated,low,medium,22.6,1,24.715,22.019
TR-00317,train,office,HV,228.5,773.2,0.3863,low,17.959,1.0673,4.3191,1.2581,211.6,0.0479,2,7.77,4.32,B,false,true,8,false,auto_renew,low,medium,22.9,2,29.313,23.861
TR-00318,train,office,HV,347.6,1206.6,0.3962,low,17.7244,1.0534,4.2569,1.2266,321.9,0.0556,2,4.38,2.08,C,false,true,6,false,tender,high,high,34.8,1,27.641,21.945
TR-00319,train,office,HV,1227.1,4407.1,0.41,mid,17.5894,1.0454,4.1759,1.1854,1136.5,0.0823,2,4.81,5.45,B,false,false,5,true,tender,low,medium,122.7,3,25.294,19.786
TR-00320,train,office,HV,442.6,1451.4,0.3744,low,17.7782,1.0566,4.3982,1.2983,409.9,0.0506,2,6.71,3.24,A,false,false,8,false,negotiated,medium,low,44.3,1,25.77,21.148
TR-00321,train,office,HV,1152.6,3946.2,0.3908,low,17.6174,1.047,4.2903,1.2435,1067.5,0.0615,2,5.29,3.06,B,false,false,2,false,auto_renew,medium,medium,115.3,1,23.853,19.345
TR-00322,train,office,HV,480.3,1588.8,0.3776,low,17.9939,1.0694,4.3761,1.2871,444.8,0.0963,2,5.59,3.87,B,false,false,2,false,auto_renew,medium,low,48,1,27.145,21.754
TR-00323,train,office,HV,442.6,1527.8,0.3941,low,17.6125,1.0467,4.2703,1.2334,409.9,0.0602,2,8.45,5.76,D,false,false,2,false,auto_renew,low,high,44.3,2,27.02,21.731
TR-00324,train,office,HV,1102.3,3703.1,0.3835,low,18.0569,1.0732,4.3372,1.2516,1008.2,0.0854,2,3.09,3.77,C,false,false,9,false,tender,medium,medium,110.2,1,26.722,21.207
TR-00325,train,office,HV,398.2,1316.3,0.3774,low,17.7704,1.0561,4.3778,1.2879,368.8,0.0317,2,5.6,5.33,D,false,false,6,false,auto_renew,high,medium,39.8,1,25.522,21.212
TR-00326,train,office,HV,799.7,2752.2,0.3929,low,17.9337,1.0658,4.2777,1.2371,740.7,0.0347,2,6.11,3.11,C,false,true,2,true,negotiated,high,low,80,3,27.316,22.568
TR-00327,train,office,HV,760.3,2531.9,0.3801,low,17.7634,1.0557,4.3592,1.2785,704.2,0.0721,2,4.93,3.76,A,false,true,4,false,auto_renew,low,medium,76,2,26.854,22.453
TR-00328,train,office,HV,369.5,1181.7,0.3651,low,17.6596,1.0495,4.4631,1.3312,342.2,0.0764,2,5.86,2.45,A,false,true,10,false,tender,medium,low,37,1,26.495,23.035
TR-00329,train,office,HV,96.8,314.5,0.3709,low,17.6496,1.0489,4.4221,1.3104,89.7,0.0778,2,4.38,3.62,B,false,false,1,false,auto_renew,high,high,9.7,2,26.869,21.905
TR-00330,train,office,HV,215.4,722.7,0.383,low,17.7562,1.0553,4.3405,1.269,199.5,0.0512,2,3.81,3.21,B,false,false,5,false,negotiated,low,low,21.5,1,26.855,22.036
TR-00331,train,office,HV,128,450.4,0.4017,mid,17.6012,1.0461,4.2243,1.21,118.5,0.053,2,5.91,3.31,A,false,true,3,false,auto_renew,high,low,12.8,2,27.977,22.702
TR-00332,train,office,HV,817,2701,0.3774,low,17.6387,1.0483,4.3776,1.2878,756.7,0.079,2,3.59,3.02,B,false,true,2,true,tender,medium,medium,81.7,1,29.503,23.924
TR-00333,train,office,HV,358.3,1252.6,0.3991,low,17.9104,1.0644,4.2396,1.2178,331.8,0.0408,2,4.81,4,B,false,false,5,true,auto_renew,medium,medium,35.8,3,24.755,20.049
TR-00334,train,office,HV,875,3034.2,0.3958,low,17.7254,1.0535,4.2593,1.2278,810.4,0.1111,2,6.91,4.89,B,false,false,4,false,negotiated,high,medium,87.5,1,26.06,21.217
TR-00335,train,office,HV,603.4,2024.9,0.3831,low,17.9717,1.0681,4.3399,1.2687,558.9,0.0682,2,5.85,6.48,C,false,false,4,false,auto_renew,low,medium,60.3,1,26.175,22.226
TR-00336,train,office,HV,232.3,771.3,0.379,low,17.8844,1.0629,4.3667,1.2823,215.1,0.0711,2,5.52,3.82,C,false,false,4,true,tender,medium,medium,23.2,1,25.452,20.367
TR-00337,train,office,EHV,2342.1,8244.5,0.4018,mid,17.7117,1.0526,2.3858,1.2095,2169.2,0.0582,2,4.9,3.76,C,false,false,4,false,tender,high,medium,234.2,1,23.379,18.227
TR-00338,train,office,HV,376.2,1287.3,0.3906,low,17.9423,1.0663,4.2918,1.2442,348.4,0.0804,2,6.21,3.33,A,false,true,2,true,tender,high,low,37.6,1,28.486,23.09
TR-00339,train,office,HV,1662.7,5495.4,0.3773,low,17.8902,1.0632,4.3783,1.2882,1539.9,0.0672,2,6.38,2.29,B,false,false,10,true,negotiated,low,low,166.3,3,26.772,21.456
TR-00340,train,office,HV,230.8,736.8,0.3644,low,18.05,1.0727,4.4679,1.3336,213.8,0.0964,2,4.81,3.53,B,false,false,6,false,negotiated,medium,medium,23.1,1,26.65,21.92
TR-00341,train,office,HV,124.8,421.7,0.3857,low,17.9612,1.0675,4.3227,1.2599,115.6,0.0657,2,4.55,2.62,A,false,false,2,false,negotiated,medium,low,12.5,1,27.816,22.024
TR-00342,train,office,HV,331.1,1122.9,0.3872,low,17.8577,1.0613,4.3136,1.2553,306.7,0.0787,2,6.41,3.14,B,false,true,7,true,auto_renew,high,low,33.1,2,27.592,22.185
TR-00343,train,office,HV,565.5,1982.5,0.4002,mid,17.9834,1.0688,4.233,1.2004,517.7,0.1115,2,5.67,4.18,D,false,true,5,false,auto_renew,low,high,56.6,3,26.362,22.222
TR-00344,train,office,HV,102.5,329.4,0.3669,low,18.1367,1.0779,4.4504,1.3071,93.7,0.0615,2,6.43,5.06,B,false,false,8,true,tender,medium,low,10.2,1,26.622,21.918
TR-00345,train,office,HV,91.3,307.3,0.3843,low,17.6276,1.0476,4.3322,1.2648,84.6,0.0507,2,5.49,1.93,B,false,false,10,false,auto_renew,high,high,9.1,1,27.301,21.23
TR-00346,train,office,HV,692.2,2313.7,0.3816,low,17.6319,1.0479,4.3499,1.2737,641.1,0.0698,2,4.74,3.14,B,false,false,5,true,tender,medium,low,69.2,1,26.898,21.1
TR-00347,train,office,HV,936.6,3264.1,0.3978,low,17.9935,1.0694,4.2472,1.2074,857.3,0.0897,2,5.24,2.4,B,false,false,5,false,tender,medium,high,93.7,2,26.906,20.893
TR-00348,train,office,HV,504.6,1676.4,0.3792,low,17.9872,1.069,4.3652,1.2815,467.3,0.046,2,5.71,2.91,B,false,true,9,false,auto_renew,high,low,50.5,1,28.016,22.898
TR-00349,train,office,HV,1246.6,4165.7,0.3815,low,18.0663,1.0737,4.3505,1.2581,1140.1,0.0408,2,4.94,2.96,A,false,true,10,false,auto_renew,medium,medium,124.7,3,25.657,21.086
TR-00350,train,office,HV,279.9,923,0.3764,low,17.8931,1.0634,4.384,1.2911,259.2,0.0669,2,6.53,4.11,B,false,true,8,false,negotiated,high,medium,28,2,27.314,21.929
TR-00351,train,office,HV,306.4,1032.7,0.3848,low,17.9651,1.0677,4.3291,1.2632,283.8,0.032,2,4.66,3.54,A,false,false,9,false,auto_renew,high,medium,30.6,1,27.515,22.895
TR-00352,train,office,HV,1081.5,3585.7,0.3785,low,18.0803,1.0745,4.3703,1.2678,988.9,0.0613,2,6.8,2.14,C,false,false,4,false,auto_renew,high,medium,108.2,1,26.217,21.229
TR-00353,train,office,HV,114.7,400.2,0.3983,low,17.9917,1.0693,4.2447,1.2062,105,0.06,2,4.64,3.89,C,false,true,1,false,tender,low,medium,11.5,1,25.515,21.761
TR-00354,train,office,HV,685.9,2310.4,0.3845,low,18.0522,1.0729,4.3306,1.2483,627.4,0.0659,2,4.02,3.11,A,false,false,4,false,tender,medium,high,68.6,3,23.584,20.125
TR-00355,train,office,HV,569.9,1960,0.3926,low,17.6147,1.0469,4.2793,1.2379,527.8,0.0676,2,4.35,2.98,C,false,false,10,false,auto_renew,medium,high,57,1,25.277,20.645
TR-00356,train,office,HV,60,202.7,0.3856,low,17.8628,1.0616,4.3238,1.2605,55.6,0.0796,2,4.48,2.89,A,false,false,7,false,auto_renew,low,low,6,1,26.703,20.668
TR-00357,train,office,HV,1019.2,3291.5,0.3687,low,18.0315,1.0716,4.4377,1.3183,944,0.0637,2,4.91,3.1,B,false,false,2,false,tender,low,medium,101.9,3,27.314,22.614
TR-00358,train,office,HV,832.8,2865,0.3927,low,17.7327,1.0539,4.2786,1.2376,771.3,0.0292,2,6.44,3.59,A,false,true,5,false,auto_renew,high,high,83.3,3,29.283,23.234
TR-00359,train,office,HV,239.7,783,0.3729,low,18.0135,1.0706,4.4082,1.3033,222,0.0462,2,4.66,2.71,B,false,false,9,true,tender,low,medium,24,1,24.926,20.966
TR-00360,train,office,HV,207.4,646.1,0.3556,low,17.9681,1.0679,4.5329,1.3666,192.1,0.0603,2,7.33,3.5,B,false,false,8,false,auto_renew,low,low,20.7,1,25.519,21.231
TR-00361,train,office,HV,335.8,1105.1,0.3757,low,18.0936,1.0753,4.3892,1.2771,307,0.0491,2,4.9,3.74,C,false,true,8,true,tender,high,low,33.6,1,29.074,21.896
TR-00362,train,office,HV,293.3,998.1,0.3885,low,17.9505,1.0668,4.3052,1.2511,271.6,0.0532,2,5.19,2.67,A,false,false,4,false,tender,low,low,29.3,1,24.048,20.492
TR-00363,train,office,HV,228,760.1,0.3806,low,17.6335,1.048,4.3565,1.2771,211.2,0.0525,2,5.61,5.27,B,false,false,4,false,tender,low,low,22.8,3,26.297,21.519
TR-00364,train,office,HV,880.5,2809.6,0.3643,low,17.936,1.066,4.4691,1.3343,815.5,0.1185,2,4.69,2.77,B,false,false,6,true,tender,medium,medium,88.1,2,25.504,21.27
TR-00365,train,office,HV,207.2,673.9,0.3713,low,18.0204,1.071,4.4195,1.3091,191.9,0.0527,2,4.9,5.48,B,false,true,7,false,tender,high,low,20.7,1,28.017,23.736
TR-00366,train,office,HV,179.8,646.4,0.4104,mid,17.87,1.062,4.1735,1.1843,166.5,0.0378,2,7.34,1.98,A,false,false,9,false,negotiated,low,medium,18,2,26.993,22.735
TR-00367,train,office,HV,1028.4,3387.5,0.376,low,17.7739,1.0563,4.3869,1.2925,952.5,0.0688,2,4.49,3.91,B,false,false,3,false,tender,low,low,102.8,2,26.071,22.338
TR-00368,train,office,HV,1186,3925.4,0.3778,low,17.638,1.0483,4.3747,1.2864,1098.4,0.0528,2,6.97,3.63,A,false,false,4,false,auto_renew,medium,medium,118.6,2,26.788,21.097
TR-00369,train,office,HV,327.2,1107.7,0.3865,low,17.7477,1.0548,4.3181,1.2576,303,0.063,2,5.21,4.84,B,false,true,6,false,auto_renew,high,medium,32.7,1,25.908,21.768
TR-00370,train,office,HV,829.6,3002.6,0.4132,mid,17.8604,1.0615,4.1579,1.1763,768.3,0.0698,2,5.26,3.5,B,false,true,8,false,auto_renew,medium,medium,83,1,29.84,24.372
TR-00371,train,office,HV,120.5,405.8,0.3845,low,17.7526,1.0551,4.331,1.2642,111.6,0.0496,2,10.02,2.72,C,false,true,6,false,auto_renew,low,low,12.1,2,26.496,21.756
TR-00372,train,office,HV,454,1525.6,0.3836,low,17.7547,1.0552,4.3366,1.267,420.5,0.0621,2,4.3,3.24,A,false,false,6,false,negotiated,medium,medium,45.4,3,26.303,21.641
TR-00373,train,office,HV,534.2,1780.3,0.3804,low,17.8797,1.0626,4.3574,1.2776,494.8,0.0483,2,7.18,5.36,C,false,false,3,false,negotiated,low,low,53.4,1,25.478,20.939
TR-00374,train,office,HV,205,713.4,0.3972,low,17.7222,1.0533,4.2509,1.2235,189.9,0.0609,2,6.9,3.53,A,false,false,9,false,auto_renew,low,high,20.5,1,24.765,20.533
TR-00375,train,office,HV,171.6,548.9,0.3651,low,17.9328,1.0658,4.4629,1.3311,158.9,0.0648,2,5.04,3.76,C,false,false,3,false,negotiated,medium,medium,17.2,2,25.752,21.14
TR-00376,train,office,HV,138.8,467.3,0.3843,low,17.753,1.0551,4.3319,1.2646,128.6,0.0625,2,4.56,2.81,B,false,true,4,false,auto_renew,high,high,13.9,1,27.218,23.34
TR-00377,train,office,HV,502.6,1660.6,0.3772,low,17.9957,1.0695,4.3791,1.2886,465.5,0.0715,2,4.26,5.13,A,false,false,2,false,negotiated,low,medium,50.3,1,27.636,23.379
TR-00378,train,office,HV,289.8,915.3,0.3605,low,18.1691,1.0798,4.4963,1.3296,264.7,0.0615,2,7.62,3.82,A,false,false,4,false,tender,low,low,29,2,26.065,21.519
TR-00379,train,office,HV,380,1262.1,0.3792,low,18.0771,1.0744,4.3658,1.2656,347.5,0.0479,2,6.98,5.87,B,false,true,2,false,auto_renew,high,high,38,2,28.403,23.378
TR-00380,train,office,HV,1048.6,3365.3,0.3664,low,17.7994,1.0579,4.454,1.3266,971.2,0.0498,2,5.69,3.37,B,false,true,7,false,auto_renew,high,high,104.9,2,29.4,22.606
TR-00381,train,office,HV,126.3,428.8,0.3875,low,17.8564,1.0612,4.3112,1.2541,117,0.0752,2,7.25,2.87,C,false,false,1,true,auto_renew,low,high,12.6,1,24.888,20.517
TR-00382,train,office,HV,776.2,2599.1,0.3823,low,17.9751,1.0683,4.3454,1.2715,718.9,0.0687,2,5.9,2.3,A,false,false,3,true,negotiated,low,low,77.6,1,26.549,22.346
TR-00383,train,office,HV,242.2,787,0.371,low,18.0217,1.0711,4.4217,1.3102,224.3,0.047,2,11.47,4.5,C,false,true,1,false,auto_renew,low,high,24.2,1,26.309,22.614
TR-00384,train,office,HV,211.6,711.9,0.384,low,17.9679,1.0679,4.3337,1.2655,196,0.0456,2,6.55,3.04,D,false,false,4,false,negotiated,low,high,21.2,1,24.739,20.378
TR-00385,train,office,HV,258,843.6,0.3733,low,17.904,1.0641,4.4056,1.3021,239,0.0549,2,4.34,3.24,C,false,false,2,false,tender,low,low,25.8,2,26.532,20.823
TR-00386,train,office,HV,372.4,1259.7,0.3862,low,18.0448,1.0724,4.3201,1.2432,340.7,0.087,2,5.95,3.32,A,false,true,6,true,tender,low,low,37.2,1,25.31,20.879
TR-00387,train,office,HV,482.8,1612.6,0.3813,low,17.7605,1.0555,4.3517,1.2746,447.2,0.0838,2,6.32,3.13,A,false,false,7,true,auto_renew,medium,medium,48.3,1,27.054,22.942
TR-00388,train,office,EHV,2078.4,7218.9,0.3965,low,17.92,1.065,2.4057,1.2258,1924.9,0.111,2,4.29,2.4,A,false,false,3,false,negotiated,medium,high,207.8,1,25.552,19.984
TR-00389,train,office,HV,123,408.1,0.3788,low,17.6365,1.0482,4.3685,1.2832,113.9,0.0386,2,5.98,3,C,false,true,4,false,tender,low,low,12.3,1,27.557,22.197
TR-00390,train,office,HV,1956.2,6502.4,0.3795,low,17.7651,1.0558,4.3638,1.2808,1811.8,0.1086,2,9.55,4.27,A,false,false,4,false,auto_renew,low,low,195.6,1,24.276,20.38
TR-00391,train,office,HV,494.2,1601.3,0.3699,low,17.79,1.0573,4.4292,1.314,457.7,0.084,2,7.52,3.14,A,false,false,4,false,auto_renew,low,low,49.4,3,25.349,21.605
TR-00392,train,office,HV,423,1378.4,0.372,low,17.6477,1.0488,4.4146,1.3066,391.8,0.0963,2,6.64,4.68,B,false,true,5,false,negotiated,high,medium,42.3,2,29.951,23.38
TR-00393,train,office,HV,81.3,261.2,0.3668,low,18.1372,1.0779,4.451,1.3074,74.3,0.0524,2,4.17,3.97,A,false,true,1,false,auto_renew,medium,low,8.1,2,27.989,23.343
TR-00394,train,office,HV,243.7,861.8,0.4037,mid,17.8938,1.0635,4.2124,1.204,225.7,0.0454,2,5.04,4.22,A,false,false,2,false,auto_renew,medium,medium,24.4,2,25.008,19.931
TR-00395,train,office,HV,226.6,754.5,0.3801,low,18.0726,1.0741,4.3594,1.2625,207.2,0.1199,2,7.28,2.39,A,false,true,7,true,auto_renew,high,high,22.7,1,29.851,23.793
TR-00396,train,office,HV,406,1361.1,0.3827,low,17.6301,1.0478,4.3425,1.27,376,0.0508,2,5.31,4.17,C,false,false,6,false,negotiated,high,medium,40.6,3,23.823,20.541
TR-00397,train,office,HV,539.4,1930.4,0.4085,mid,17.7925,1.0574,4.1842,1.1897,499.6,0.0502,2,4.15,3.72,C,false,true,4,false,negotiated,low,low,53.9,1,26.931,20.641
TR-00398,train,office,HV,904,3114.7,0.3933,low,17.8382,1.0602,4.2749,1.2357,837.3,0.0341,2,5.6,3.59,A,false,false,10,false,auto_renew,high,high,90.4,2,23.547,20.593
TR-00399,train,office,HV,912,3038.2,0.3803,low,17.983,1.0688,4.3583,1.278,844.7,0.061,2,4.62,2.63,B,false,true,10,true,tender,low,high,91.2,1,28.471,22.679
TR-00400,train,office,HV,1680.7,6008.2,0.4081,mid,17.5921,1.0455,4.1868,1.191,1556.6,0.0484,2,7.61,4.18,D,false,true,1,false,negotiated,low,medium,168.1,1,28.22,23.194
TR-00401,train,office,HV,379.9,1278.7,0.3842,low,17.6277,1.0476,4.3324,1.2649,351.9,0.0396,2,7.64,4.7,A,false,false,2,false,tender,high,high,38,2,28.243,23.338
TR-00402,train,office,HV,179.6,583.5,0.3709,low,17.6496,1.0489,4.4221,1.3104,166.3,0.0721,2,7.06,3.72,B,false,false,7,false,negotiated,medium,low,18,2,24.177,21.103
TR-00403,train,office,HV,365.6,1254.6,0.3917,low,17.8431,1.0604,4.2846,1.2406,338.6,0.0536,2,6.02,3.44,B,false,true,2,false,negotiated,high,low,36.6,2,26.996,22.795
TR-00404,train,office,HV,881.9,2795.8,0.3619,low,18.0612,1.0734,4.4863,1.343,816.8,0.1059,2,4.47,2.2,A,false,false,6,false,auto_renew,high,medium,88.2,2,26.774,22.642
TR-00405,train,office,HV,456.5,1531,0.3829,low,17.9727,1.0681,4.3414,1.2695,422.8,0.0341,2,9.14,5.05,A,false,false,7,true,tender,low,medium,45.7,2,27.014,22.37
TR-00406,train,office,HV,591,2028.7,0.3919,low,18.0194,1.0709,4.284,1.2254,540.8,0.0585,2,5.06,3.3,A,false,false,4,false,tender,medium,low,59.1,2,25.355,20.641
TR-00407,train,office,HV,669.5,2244.9,0.3828,low,17.7568,1.0553,4.342,1.2697,620.1,0.1023,2,4.5,2.6,D,false,false,4,false,tender,medium,medium,67,2,25.571,20.748
TR-00408,train,office,HV,1892.4,6380.7,0.3849,low,18.0505,1.0728,4.3281,1.2471,1731,0.0487,2,5.3,4.46,A,false,true,5,false,tender,low,low,189.2,3,28.133,22.507
TR-00409,train,office,HV,258.9,905,0.399,low,17.6051,1.0463,4.24,1.218,239.8,0.0735,2,8.06,4.48,A,false,false,2,false,negotiated,high,high,25.9,2,23.55,19.709
TR-00410,train,office,HV,808.1,2645.1,0.3737,low,17.6449,1.0487,4.403,1.3007,748.4,0.0511,2,7.05,3.93,D,false,false,7,true,negotiated,high,medium,80.8,1,26.646,22.864
TR-00411,train,office,HV,208.8,664.3,0.3632,low,18.0554,1.0731,4.4767,1.3381,193.4,0.0604,2,4.01,6.24,A,false,true,10,false,tender,low,medium,20.9,2,27.24,21.625
TR-00412,train,office,HV,558.2,1853.5,0.379,low,17.7661,1.0559,4.3666,1.2822,517,0.0473,2,7.4,3.87,A,false,true,9,true,auto_renew,medium,high,55.8,1,27.44,22.926
TR-00413,train,office,HV,262.5,887.3,0.3858,low,17.6251,1.0475,4.322,1.2596,243.1,0.0778,2,6,3.11,B,false,true,8,false,auto_renew,low,high,26.2,1,27.191,21.793
TR-00414,train,office,HV,621.2,2127.9,0.391,low,17.6171,1.047,4.2891,1.2429,575.3,0.0709,2,6.62,2.91,B,false,true,7,false,auto_renew,medium,medium,62.1,1,27.368,22.767
TR-00415,train,office,HV,95.3,306,0.3666,low,17.657,1.0494,4.4525,1.3258,88.3,0.0541,2,6.89,5.34,A,false,false,7,false,tender,high,medium,9.5,1,26.073,21.305
TR-00416,train,office,HV,199.8,663.8,0.3793,low,17.6356,1.0481,4.3651,1.2815,185,0.0564,2,4.93,3.77,B,false,false,7,false,auto_renew,low,low,20,2,26.584,21.364
TR-00417,train,office,HV,473.2,1595.3,0.3849,low,17.6267,1.0476,4.3284,1.2628,438.3,0.0514,2,5.9,3.47,B,false,false,3,false,tender,high,high,47.3,2,22.757,18.925
TR-00418,train,office,HV,60,197.8,0.3764,low,17.9991,1.0697,4.3846,1.2914,55.6,0.0597,2,5.75,3.16,A,false,false,5,true,tender,low,medium,6,1,26.866,21.497
TR-00419,train,office,HV,721.7,2434.4,0.3851,low,18.0498,1.0727,4.3271,1.2466,660.2,0.0666,2,6.16,2.29,B,false,false,4,false,auto_renew,low,medium,72.2,3,27.283,21.645
TR-00420,train,office,HV,378.9,1209.6,0.3644,low,17.8047,1.0582,4.468,1.3337,350.9,0.0678,2,4.31,5.28,A,false,true,2,false,negotiated,low,medium,37.9,1,28.317,23.643
TR-00421,train,office,EHV,2774.7,9234.1,0.3799,low,18.0736,1.0741,2.471,1.2632,2537.4,0.0598,2,4.76,4.49,C,false,true,10,false,tender,medium,medium,277.5,1,26.105,20.94
TR-00422,train,office,HV,184.7,598,0.3696,low,17.6517,1.0491,4.431,1.3149,171.1,0.1556,2,5.31,3.83,A,false,false,2,false,tender,medium,low,18.5,1,27.073,22.357
TR-00423,train,office,HV,198.6,644.2,0.3703,low,17.9143,1.0647,4.4262,1.3125,183.9,0.0652,2,5.24,3.93,A,false,false,2,false,tender,low,medium,19.9,2,26.932,21.727
TR-00424,train,office,HV,763.5,2510.8,0.3754,low,17.642,1.0485,4.3911,1.2947,707.1,0.0731,2,5.33,3.28,C,false,false,3,false,auto_renew,medium,medium,76.4,1,26.859,20.67
TR-00425,train,office,HV,225.8,733.7,0.3709,low,17.7872,1.0571,4.422,1.3103,209.1,0.0549,2,5.37,3.04,B,false,false,7,false,auto_renew,medium,medium,22.6,2,25.111,21.504
TR-00426,train,office,HV,190.5,595.3,0.3567,low,17.964,1.0676,4.5248,1.3625,176.4,0.1399,2,5.49,3.44,C,false,true,9,false,auto_renew,medium,low,19.1,1,29.68,24.44
TR-00427,train,office,HV,415.1,1420.6,0.3907,low,17.7375,1.0542,4.2913,1.244,384.5,0.0446,2,6.26,3.46,A,false,false,8,true,tender,medium,high,41.5,1,26.77,21.508
TR-00428,train,office,EHV,2089.3,7012.1,0.3831,low,17.7559,1.0553,2.4579,1.2686,1935,0.0655,2,8.68,3.57,D,false,false,4,false,tender,medium,low,208.9,3,24.639,19.219
TR-00429,train,office,HV,96.6,317.3,0.375,low,17.8982,1.0637,4.3941,1.2962,89.5,0.0344,2,5.01,3.49,B,false,true,2,false,negotiated,medium,medium,9.7,1,29.387,23.957
TR-00430,train,office,HV,60.9,203.4,0.3814,low,17.7603,1.0555,4.3513,1.2745,56.4,0.0521,2,4.12,2.79,B,false,false,1,false,negotiated,high,medium,6.1,1,26.962,22.146
TR-00431,train,office,HV,347,1164,0.3829,low,18.0596,1.0733,4.341,1.2534,317.4,0.0878,2,5.37,2.9,C,false,false,7,false,tender,medium,low,34.7,1,26.567,22.043
TR-00432,train,office,HV,659.7,2346.7,0.4061,mid,17.7022,1.0521,4.1984,1.1969,611,0.0296,2,3.65,2.79,D,false,false,8,false,negotiated,low,medium,66,1,26.089,20.411
TR-00433,train,office,HV,1092.8,3727,0.3893,low,17.8507,1.0609,4.2998,1.2483,1012.1,0.0464,2,7.04,3.69,B,false,false,2,true,tender,high,low,109.3,3,26.712,21.687
TR-00434,train,office,HV,273.6,903.5,0.377,low,17.9964,1.0696,4.3803,1.2892,253.4,0.0639,2,4.86,3.83,B,false,false,2,false,negotiated,low,medium,27.4,1,25.606,21.245
TR-00435,train,office,HV,558.6,1847.9,0.3776,low,17.9938,1.0694,4.3759,1.287,517.4,0.073,2,4.8,4.19,B,false,false,3,false,negotiated,medium,medium,55.9,2,26.554,21.726
TR-00436,train,office,HV,349.6,1220.8,0.3986,low,17.99,1.0692,4.2423,1.205,320,0.0275,2,5.1,3.89,A,false,false,3,false,tender,low,high,35,2,27.554,21.195
TR-00437,train,office,HV,452.7,1538.6,0.388,low,18.0366,1.0719,4.3083,1.2374,414.2,0.1121,2,5.57,5.57,B,false,true,7,false,auto_renew,medium,medium,45.3,3,27.757,22.837
TR-00438,train,office,HV,195.9,639.1,0.3724,low,18.1094,1.0763,4.4116,1.2881,179.1,0.0537,2,4.35,3.53,A,false,false,1,false,auto_renew,high,high,19.6,2,27.028,21.974
TR-00439,train,office,HV,1312.1,4360.2,0.3793,low,18.0762,1.0743,4.3646,1.265,1199.8,0.0743,2,5.62,2.51,D,false,true,8,true,auto_renew,high,low,131.2,2,31.074,24.342
TR-00440,train,office,HV,214.4,752.9,0.4009,mid,17.9806,1.0686,4.229,1.1985,196.3,0.0628,2,8.09,2.89,A,false,true,9,false,auto_renew,low,medium,21.4,2,27.061,22.163
TR-00441,train,office,HV,339.5,1152.8,0.3876,low,17.8562,1.0612,4.3106,1.2538,314.4,0.1158,2,5.26,3.84,C,false,false,1,false,auto_renew,high,low,34,1,23.56,20.876
TR-00442,train,office,HV,1157.7,3912.7,0.3858,low,17.7493,1.0549,4.3222,1.2597,1072.2,0.0504,2,8.33,2.82,B,false,true,4,false,negotiated,medium,high,115.8,2,28.228,22.816
TR-00443,train,office,HV,209.4,690.4,0.3764,low,17.999,1.0697,4.3845,1.2913,193.9,0.0392,2,5.46,2.75,B,false,true,5,true,auto_renew,medium,medium,20.9,2,27.315,22.298
TR-00444,train,office,HV,424.2,1456.7,0.392,low,17.8422,1.0604,4.2829,1.2398,392.9,0.072,2,5.54,4.21,B,false,false,7,false,negotiated,high,low,42.4,3,26.949,22.24
TR-00445,train,office,HV,1079.2,3628.4,0.3838,low,17.8686,1.062,4.3352,1.2663,999.5,0.0505,2,6.4,3.81,B,false,true,6,false,auto_renew,medium,medium,107.9,3,28.739,23.001
TR-00446,train,office,HV,1029.3,3550.7,0.3938,low,17.7302,1.0537,4.272,1.2342,953.3,0.0308,2,4.58,2.69,B,false,true,3,false,auto_renew,low,low,102.9,3,26.67,23.188
TR-00447,train,office,HV,199.5,715.3,0.4093,mid,17.9459,1.0666,4.1798,1.1744,182.7,0.0758,2,5,3.08,A,false,false,8,true,auto_renew,low,high,20,1,25.935,20.791
TR-00448,train,office,HV,317.3,1024.3,0.3685,low,18.1285,1.0774,4.4387,1.3014,290,0.0506,2,5.95,3.76,C,false,false,4,true,auto_renew,medium,high,31.7,3,26.447,22.184
TR-00449,train,office,HV,647.7,2153.9,0.3796,low,17.6351,1.0481,4.3627,1.2803,599.9,0.0631,2,5.24,2.5,B,false,false,6,false,negotiated,low,high,64.8,3,25.219,20.89
TR-00450,train,office,HV,103.9,352.3,0.3871,low,17.6231,1.0474,4.3139,1.2555,96.2,0.0735,2,4.99,4.21,A,false,false,9,false,auto_renew,low,high,10.4,1,25.97,20.044
TR-00451,train,office,HV,613.9,1992.6,0.3705,low,17.6502,1.049,4.4247,1.3117,568.6,0.0527,2,4.41,4.08,B,false,false,7,false,tender,low,low,61.4,3,28.159,22.277
TR-00452,train,office,HV,1017,3417.5,0.3836,low,18.0565,1.0731,4.3366,1.2512,930.2,0.0467,2,6.62,3.73,A,false,false,4,false,negotiated,medium,medium,101.7,3,24.787,20.612
TR-00453,train,office,HV,966.3,3195.4,0.3775,low,17.7701,1.0561,4.377,1.2875,895,0.076,2,5.67,4.38,B,false,true,3,false,tender,medium,medium,96.6,2,29.935,23.462
TR-00454,train,office,HV,234.5,789.6,0.3844,low,17.9666,1.0678,4.3315,1.2644,217.2,0.0436,2,4.36,3.42,B,false,false,4,false,negotiated,low,medium,23.5,1,26.85,22.75
TR-00455,train,office,HV,216,736.5,0.3892,low,17.6198,1.0472,4.3004,1.2486,200.1,0.0624,2,6.93,3.88,B,false,false,9,true,tender,high,medium,21.6,2,25.419,20.366
TR-00456,train,office,HV,453.5,1572.9,0.3959,low,17.7252,1.0534,4.2588,1.2275,420,0.0783,2,4.84,4.4,D,false,false,8,true,tender,low,medium,45.4,1,27.709,21.007
TR-00457,train,office,HV,316.3,1028.2,0.3711,low,17.9117,1.0645,4.4208,1.3098,292.9,0.0307,2,7.28,4.17,B,false,true,4,false,auto_renew,medium,medium,31.6,1,29.959,23.384
TR-00458,train,office,HV,1050.1,3769.8,0.4098,mid,17.694,1.0516,4.1769,1.186,972.6,0.0476,2,4.51,4.35,B,false,false,7,true,tender,high,low,105,1,26.781,21.825
TR-00459,train,office,HV,183.2,588.5,0.3667,low,18.1376,1.0779,4.4516,1.3077,167.4,0.0397,2,5.36,4.07,A,false,true,4,true,auto_renew,medium,medium,18.3,1,26.414,20.818
TR-00460,train,office,EHV,3659,12393.7,0.3867,low,17.8593,1.0614,2.4437,1.257,3388.9,0.0685,2,6.88,2.96,A,false,false,8,true,negotiated,high,medium,365.9,2,23.15,18.503
TR-00461,train,office,HV,97,329.9,0.3883,low,18.0352,1.0719,4.3064,1.2364,88.7,0.0837,2,4.96,3.96,B,false,false,9,false,tender,high,medium,9.7,2,27.724,21.927
TR-00462,train,office,HV,502.9,1694.9,0.3847,low,18.0513,1.0728,4.3292,1.2477,460,0.076,2,2.8,2.23,C,false,false,7,false,tender,low,medium,50.3,1,28.905,21.663
TR-00463,train,office,EHV,2571.8,8481.9,0.3765,low,17.893,1.0634,2.4852,1.2909,2381.9,0.0393,2,5.46,4.46,C,false,true,7,false,auto_renew,medium,medium,257.2,2,23.958,20.152
TR-00464,train,office,HV,720.2,2243.7,0.3556,low,17.6766,1.0506,4.5329,1.3666,667,0.0644,2,5.01,3.22,A,false,false,7,false,tender,medium,high,72,2,26.909,22.544
TR-00465,train,office,HV,859.2,2855,0.3793,low,17.8834,1.0628,4.3647,1.2813,795.8,0.0677,2,4.77,4.33,C,false,false,6,false,auto_renew,low,high,85.9,1,25.849,21.207
TR-00466,train,office,HV,1044.9,3473.9,0.3795,low,17.9861,1.0689,4.3634,1.2806,967.8,0.0836,2,5.64,3.03,A,false,false,8,true,tender,low,medium,104.5,3,25.268,20.445
TR-00467,train,office,HV,1049.8,3511.2,0.3818,low,17.7592,1.0555,4.3483,1.2729,972.3,0.1075,2,3.96,2.53,D,false,true,8,false,negotiated,low,low,105,1,26.271,21.405
TR-00468,train,office,HV,358.9,1209.1,0.3846,low,17.8661,1.0618,4.3303,1.2638,332.4,0.0867,2,4.21,2.78,A,false,true,6,false,auto_renew,high,medium,35.9,2,26.755,23.307
TR-00469,train,office,HV,316.7,1132.1,0.4081,mid,17.5921,1.0455,4.1869,1.191,293.3,0.0874,2,5.97,4.53,A,false,true,6,false,auto_renew,medium,medium,31.7,1,25.534,21.639
TR-00470,train,office,HV,219.1,738.2,0.3846,low,17.8659,1.0618,4.33,1.2637,202.9,0.0554,2,3.39,1.99,A,false,true,9,false,auto_renew,low,high,21.9,1,23.791,21.149
TR-00471,train,office,HV,962.9,3379.8,0.4007,mid,17.9814,1.0687,4.2301,1.199,881.6,0.0662,2,6.28,2.55,D,false,true,8,true,tender,medium,low,96.3,1,27.577,23.55
TR-00472,train,office,HV,416.6,1358.2,0.3722,low,17.6474,1.0488,4.4133,1.306,385.8,0.0843,2,5.46,3.97,B,false,true,1,false,auto_renew,medium,medium,41.7,3,27.298,21.397
TR-00473,train,office,HV,377.5,1253.2,0.379,low,17.7663,1.0559,4.367,1.2825,349.6,0.0675,2,4.77,3.87,A,false,false,9,false,auto_renew,low,medium,37.8,1,28.336,21.464
TR-00474,train,office,HV,182.3,617.4,0.3866,low,17.7473,1.0548,4.317,1.257,168.8,0.082,2,6.32,4.22,A,false,true,7,true,tender,medium,low,18.2,2,28.365,23.419
TR-00475,train,office,HV,177.6,614,0.3947,low,17.8339,1.0599,4.2664,1.2314,164.5,0.0841,2,5.11,4.1,A,false,true,7,false,auto_renew,medium,high,17.8,1,27.138,22.68
TR-00476,train,office,HV,301.3,1008.9,0.3823,low,17.7581,1.0554,4.3453,1.2714,279.1,0.0913,2,6.96,3.19,A,false,false,1,false,auto_renew,medium,low,30.1,1,27.069,21.557
TR-00477,train,office,HV,1729.7,5847.1,0.3859,low,17.625,1.0475,4.3217,1.2595,1602,0.0886,2,5.92,3.41,A,false,false,7,false,negotiated,low,medium,173,1,27.784,21.819
TR-00478,train,office,HV,1211.5,3940.1,0.3713,low,17.911,1.0645,4.4195,1.3091,1122.1,0.0642,2,5.23,3.32,B,false,false,8,true,tender,low,low,121.2,1,26.331,20.011
TR-00479,train,office,HV,645.6,2150.1,0.3802,low,17.9834,1.0688,4.359,1.2784,597.9,0.041,2,5.18,4.31,A,false,true,2,false,negotiated,low,low,64.6,1,29.069,22.771
TR-00480,train,office,HV,1634.5,5641.4,0.394,low,17.9294,1.0656,4.2707,1.2335,1513.8,0.0486,2,5.26,2.22,B,false,false,9,false,negotiated,low,high,163.5,1,25.437,20.765
TR-00481,train,office,HV,782.3,2598,0.3791,low,17.9878,1.069,4.3662,1.282,724.5,0.058,2,6.05,3.55,B,false,false,1,false,auto_renew,medium,low,78.2,1,27.518,22.012
TR-00482,train,office,HV,273.5,957.3,0.3996,low,17.9861,1.0689,4.2367,1.2023,250.4,0.0601,2,4.37,3.95,A,false,false,3,false,auto_renew,high,low,27.4,1,25.823,21.244
TR-00483,train,office,HV,310.7,1063.8,0.3909,low,17.7371,1.0542,4.2903,1.2435,287.8,0.0419,2,6.21,3.02,B,false,false,6,false,auto_renew,high,medium,31.1,2,23.738,20.261
TR-00484,train,office,HV,103.2,338.2,0.3741,low,17.6441,1.0486,4.3998,1.2991,95.6,0.045,2,7.5,5.07,D,false,true,6,false,auto_renew,medium,high,10.3,1,26.526,22.17
TR-00485,train,office,HV,254.5,866.9,0.3889,low,17.949,1.0667,4.3028,1.2499,235.7,0.0433,2,4.17,3.58,A,false,true,5,false,tender,medium,low,25.5,1,27.671,23.583
TR-00486,train,office,HV,593.5,1922.3,0.3697,low,17.6515,1.0491,4.4301,1.3145,549.7,0.0769,2,5.6,3.74,A,false,true,7,false,negotiated,medium,medium,59.4,1,27.166,23.705
TR-00487,train,office,HV,250.1,804.6,0.3673,low,18.1348,1.0778,4.4476,1.3057,228.5,0.1006,2,4.9,3.85,A,false,false,2,false,negotiated,high,high,25,1,27.043,23.116
TR-00488,train,office,HV,285.9,939.2,0.375,low,17.898,1.0637,4.3936,1.296,264.8,0.0405,2,7.39,5.65,D,false,false,9,false,auto_renew,medium,medium,28.6,1,25.744,20.283
TR-00489,train,office,HV,368.7,1227.2,0.3799,low,17.8813,1.0627,4.3606,1.2792,341.5,0.0426,2,9.11,4.66,B,false,false,3,false,negotiated,medium,medium,36.9,2,25.28,20.366
TR-00490,train,office,HV,121.2,396,0.373,low,17.7818,1.0568,4.4077,1.3031,112.3,0.0429,2,4.74,3.14,B,false,false,8,true,tender,low,medium,12.1,2,24.939,19.635
TR-00491,train,office,HV,852.5,2761.7,0.3698,low,17.9161,1.0648,4.4296,1.3142,789.6,0.0256,2,5.09,2.42,B,false,false,4,false,auto_renew,medium,medium,85.2,1,27.036,21.479
TR-00492,train,office,HV,1224.3,4074.1,0.3799,low,17.6346,1.0481,4.361,1.2794,1133.9,0.0596,2,8.34,3.66,B,false,false,9,false,auto_renew,medium,low,122.4,2,25.253,20.187
TR-00493,train,office,HV,207.6,683.2,0.3757,low,17.7748,1.0564,4.3893,1.2938,192.3,0.0498,2,4.43,2.81,A,false,false,6,false,negotiated,high,low,20.8,1,28.51,22.261
TR-00494,train,office,HV,345.7,1152.6,0.3806,low,17.7622,1.0556,4.3562,1.2769,320.2,0.1249,2,6.53,3.03,B,false,false,5,false,negotiated,high,low,34.6,1,27.047,22.086
TR-00495,train,office,EHV,2044,7090.3,0.396,low,17.6096,1.0466,2.4076,1.2274,1893.1,0.1524,2,3.92,2.88,A,false,false,3,true,tender,low,low,204.4,2,25.03,19.775
TR-00496,train,office,HV,634.9,2164.1,0.3891,low,17.7413,1.0544,4.3012,1.2491,588,0.0404,2,4.68,3,A,false,false,3,true,tender,medium,medium,63.5,2,25.224,20.462
TR-00497,train,office,HV,400.5,1436.4,0.4094,mid,17.7899,1.0573,4.1791,1.1871,370.9,0.0361,2,5.91,3.85,D,false,false,6,true,negotiated,medium,low,40.1,2,26.301,21.147
TR-00498,train,office,HV,108,350.7,0.3707,low,17.913,1.0646,4.4236,1.3111,100,0.0396,2,4.47,3.41,C,false,true,6,true,negotiated,medium,medium,10.8,1,26.387,22.509
TR-00499,train,office,HV,850.3,2936.4,0.3942,low,17.8354,1.06,4.2693,1.2329,787.5,0.0951,2,6.17,3.3,A,false,true,9,false,auto_renew,low,medium,85,1,26.365,22.314
TR-00500,train,office,HV,168.3,556,0.3771,low,17.9958,1.0695,4.3793,1.2887,155.9,0.0547,2,4.29,4.55,A,false,false,6,false,auto_renew,medium,low,16.8,3,28.29,21.645
TR-00501,train,office,HV,679.6,2195.7,0.3688,low,18.127,1.0773,4.4366,1.3003,621.1,0.0832,2,9.41,2.23,B,false,false,7,false,auto_renew,high,medium,68,2,26.749,22.956
TR-00502,train,office,HV,221,757.9,0.3915,low,17.7357,1.0541,4.2864,1.2415,204.7,0.0607,2,4.7,3.07,A,false,false,1,false,tender,medium,low,22.1,1,28.84,22.362
TR-00503,train,office,HV,96.6,335.2,0.3962,low,17.6093,1.0466,4.2574,1.2268,89.5,0.0724,2,4.46,3.88,A,false,false,6,false,negotiated,high,medium,9.7,1,24.325,20.875
TR-00504,train,office,HV,729.5,2543.2,0.398,low,17.8238,1.0593,4.2464,1.2212,675.6,0.0334,2,7.1,2.69,B,false,false,3,false,auto_renew,medium,high,73,1,26.692,21.158
TR-00505,train,office,HV,1059.4,3491,0.3762,low,17.7735,1.0563,4.3859,1.292,981.2,0.058,2,5.29,2.86,A,false,false,4,false,auto_renew,high,high,105.9,1,25.854,20.528
TR-00506,train,office,HV,1202.1,4073.7,0.3869,low,17.6235,1.0474,4.3156,1.2563,1113.3,0.1192,2,11.46,2.42,A,false,true,9,false,tender,low,high,120.2,1,30.961,23.498
TR-00507,train,office,HV,133.7,462.6,0.395,low,18.0058,1.0701,4.2647,1.216,122.4,0.0705,2,5.93,3.9,D,false,true,8,false,negotiated,high,high,13.4,2,25.862,21.757
TR-00508,train,office,HV,1435.2,4919.7,0.3913,low,17.9396,1.0662,4.2873,1.242,1329.2,0.0684,2,4.72,2.72,D,false,false,4,true,auto_renew,high,medium,143.5,1,26.44,21.294
TR-00509,train,office,HV,547.6,1773.9,0.3698,low,18.0267,1.0714,4.4297,1.3143,507.2,0.0568,2,6.18,4.68,A,false,false,6,false,tender,medium,high,54.8,1,24.812,19.923
TR-00510,train,office,HV,281.1,999.2,0.4058,mid,17.8006,1.0579,4.2002,1.1978,260.3,0.0371,2,4.93,3.35,A,false,true,2,false,negotiated,high,low,28.1,3,26.568,21.967
TR-00511,train,office,HV,538.1,1762.7,0.374,low,17.9016,1.0639,4.401,1.2997,498.4,0.0632,2,3.87,1.95,B,false,true,1,true,auto_renew,medium,medium,53.8,1,26.722,20.724
TR-00512,train,office,HV,725.9,2376.5,0.3737,low,18.01,1.0704,4.4026,1.3005,672.3,0.0434,2,8,3.39,B,false,true,6,false,negotiated,low,high,72.6,2,28.364,24.088
TR-00513,train,office,HV,211,704.6,0.3812,low,17.9792,1.0685,4.3522,1.2749,195.4,0.0547,2,6.53,3.34,A,false,false,4,false,auto_renew,medium,medium,21.1,2,27.022,20.847
TR-00514,train,office,HV,161.8,556.7,0.3927,low,17.9341,1.0659,4.2784,1.2375,149.9,0.0806,2,5.58,2.72,B,false,false,6,false,tender,low,low,16.2,2,26.642,21.622
TR-00515,train,office,HV,1304.6,4282.6,0.3747,low,18.0981,1.0756,4.3956,1.2802,1192.7,0.0496,2,4.79,2.76,B,false,false,4,false,auto_renew,high,low,130.5,1,25.711,20.501
TR-00516,train,office,HV,504.7,1632.9,0.3693,low,17.7914,1.0574,4.433,1.3159,467.4,0.0516,2,5.49,4.76,A,false,false,8,false,negotiated,medium,medium,50.5,2,28.232,22.043
TR-00517,train,office,HV,194.5,654.5,0.3841,low,17.9676,1.0678,4.3331,1.2652,180.1,0.0489,2,5.17,3.83,B,false,false,7,false,negotiated,high,low,19.5,1,26.392,21.439
TR-00518,train,office,HV,244.4,803.2,0.3752,low,18.004,1.07,4.3926,1.2954,226.4,0.0672,2,5.95,2.93,A,false,false,10,false,auto_renew,high,medium,24.4,3,26.385,21.387
TR-00519,train,office,HV,571.8,1912,0.3817,low,18.0652,1.0736,4.3489,1.2573,522.9,0.1077,2,4.9,2.86,B,false,true,7,false,auto_renew,medium,low,57.2,1,29.844,23.594
TR-00520,train,office,HV,133.3,449.9,0.3853,low,17.7505,1.0549,4.3255,1.2614,123.5,0.0719,2,4.83,2.91,A,false,false,4,false,tender,high,high,13.3,2,25.803,21.423
TR-00521,train,office,HV,110,368.1,0.382,low,17.8746,1.0623,4.3472,1.2724,101.9,0.0507,2,6.39,3.03,A,false,false,1,false,auto_renew,high,medium,11,3,23.754,20.7
TR-00522,train,office,HV,357.7,1180.1,0.3766,low,17.8926,1.0634,4.383,1.2905,331.3,0.058,2,6.95,3.05,A,false,false,5,true,tender,medium,low,35.8,1,26.131,20.743
TR-00523,train,office,HV,128,426.1,0.38,low,18.0729,1.0741,4.3599,1.2627,117.1,0.1357,2,6.73,2.86,B,false,true,4,false,auto_renew,medium,low,12.8,1,29.567,24.854
TR-00524,train,office,HV,669.3,2215.6,0.3779,low,17.9927,1.0693,4.3742,1.2861,619.9,0.0649,2,4.59,3.03,A,false,false,1,false,tender,medium,medium,66.9,2,26.818,22.516
TR-00525,train,office,HV,465.1,1516.6,0.3722,low,17.7837,1.0569,4.4128,1.3057,430.8,0.031,2,8.15,3.75,B,false,true,9,false,auto_renew,low,low,46.5,1,27.467,23.524
TR-00526,train,office,HV,302.6,961.7,0.3628,low,17.6636,1.0498,4.4796,1.3396,280.3,0.0564,2,3.34,2.56,C,false,true,5,false,auto_renew,high,low,30.3,1,27.837,23.915
TR-00527,train,office,EHV,2558.2,8535.8,0.3809,low,17.9805,1.0686,2.4669,1.276,2369.3,0.048,2,4.49,2.72,B,false,false,7,false,tender,high,low,255.8,1,23.455,19.098
TR-00528,train,office,HV,233.5,798.6,0.3904,low,17.618,1.0471,4.2929,1.2448,216.3,0.0883,2,4.54,3.38,A,false,false,4,false,negotiated,low,medium,23.4,2,26.859,22.443
TR-00529,train,office,HV,636.7,2112.8,0.3788,low,18.0787,1.0745,4.3682,1.2667,582.2,0.1107,2,5.35,2.68,C,false,false,10,true,tender,high,medium,63.7,2,25.054,21.354
TR-00530,train,office,HV,692.2,2318.6,0.3824,low,17.6306,1.0478,4.3445,1.271,641.1,0.0545,2,5.41,4.06,A,false,true,4,false,auto_renew,low,medium,69.2,1,27.952,23.434
TR-00531,train,office,HV,238.7,752.4,0.3598,low,18.1727,1.08,4.5014,1.3321,218,0.0876,2,7.24,4.41,A,false,false,2,false,tender,low,high,23.9,1,29.337,23.24
TR-00532,train,office,HV,91.5,300.7,0.3751,low,18.0042,1.07,4.393,1.2956,84.7,0.0619,2,3.69,2.95,A,false,false,4,false,tender,high,low,9.2,1,26.024,21.978
TR-00533,train,office,EHV,2309.5,7920.7,0.3915,low,17.7356,1.0541,2.4247,1.2414,2139,0.0642,2,6.07,2.95,B,false,false,2,false,tender,high,medium,231,2,23.778,19.074
TR-00534,train,office,HV,125.5,394.4,0.3587,low,17.6709,1.0502,4.5095,1.3548,116.2,0.0712,2,4.89,2.03,A,false,false,7,false,negotiated,high,low,12.6,1,25.518,21.433
TR-00535,train,office,HV,789.4,2535.8,0.3667,low,17.9271,1.0654,4.4516,1.3254,731.1,0.0962,2,5.84,4.89,B,false,false,6,true,auto_renew,high,medium,78.9,1,26.292,21.621
TR-00536,train,office,HV,149.5,492.5,0.3761,low,17.6409,1.0484,4.3866,1.2924,138.5,0.0501,2,4.85,3.06,B,false,false,5,false,negotiated,high,low,15,2,24.705,19.564
TR-00537,train,office,HV,129.5,430.2,0.3792,low,17.6357,1.0481,4.3652,1.2815,119.9,0.035,2,6.59,3.25,A,false,false,9,false,negotiated,high,medium,13,1,25.764,21.375
TR-00538,train,office,HV,134.3,435.7,0.3704,low,18.0243,1.0712,4.4258,1.3123,124.4,0.026,2,4.96,2.94,B,false,false,4,false,negotiated,high,medium,13.4,2,23.201,20.611
TR-00539,train,office,HV,1215.3,4143.7,0.3892,low,17.9476,1.0667,4.3005,1.2487,1125.6,0.116,2,5.14,2.78,B,false,true,1,true,negotiated,low,high,121.5,1,28.01,23.661
TR-00540,train,office,HV,113.6,395.7,0.3976,low,17.7213,1.0532,4.2487,1.2224,105.2,0.0777,2,5.16,3.1,C,false,false,6,true,tender,low,medium,11.4,1,26.171,20.394
TR-00541,train,office,HV,491.4,1642.9,0.3817,low,17.6318,1.0479,4.3493,1.2735,455.1,0.0601,2,5.96,3.75,B,false,false,9,false,negotiated,high,medium,49.1,2,24.146,20.82
TR-00542,train,office,HV,305.9,1008.1,0.3762,low,17.6407,1.0484,4.3857,1.2919,283.3,0.0473,2,4.33,4.1,C,false,true,6,false,auto_renew,low,medium,30.6,1,25.738,21.565
TR-00543,train,office,HV,210.7,723.3,0.3919,low,17.8427,1.0604,4.284,1.2403,195.1,0.0555,2,6.37,4.87,C,false,false,6,false,auto_renew,low,low,21.1,1,26.265,21.51
TR-00544,train,office,HV,868.1,2860.7,0.3762,low,17.9998,1.0698,4.3858,1.292,804,0.0493,2,3.96,2.17,B,false,false,6,true,negotiated,low,high,86.8,1,26.174,20.487
TR-00545,train,office,EHV,3421.6,11335.2,0.3782,low,17.9916,1.0693,2.4781,1.2852,3169,0.1054,2,5.78,2.95,A,false,false,8,false,auto_renew,medium,medium,342.2,1,23.287,18.423
TR-00546,train,office,HV,423.4,1416.9,0.382,low,18.0638,1.0736,4.347,1.2563,387.2,0.0517,2,5.95,4.23,B,false,true,9,false,tender,high,high,42.3,3,24.513,20.643
TR-00547,train,office,HV,499,1648,0.377,low,17.6393,1.0483,4.3802,1.2892,462.2,0.0241,2,4.74,3.18,A,false,false,6,false,negotiated,high,medium,49.9,2,27.119,21.816
TR-00548,train,office,HV,248.7,834.6,0.3831,low,17.9717,1.0681,4.3399,1.2687,230.3,0.0769,2,6.45,3.03,B,false,true,8,true,tender,medium,low,24.9,3,28.147,23.194
TR-00549,train,office,HV,1008.5,3379.3,0.3825,low,17.974,1.0682,4.3437,1.2706,934,0.0723,2,7.88,4.07,D,false,true,4,false,negotiated,high,medium,100.9,3,29.145,22.752
TR-00550,train,office,HV,354.8,1176.2,0.3784,low,17.9905,1.0692,4.3706,1.2843,328.6,0.0614,2,5.2,3.77,A,false,false,9,false,auto_renew,medium,medium,35.5,1,26.382,21.654
TR-00551,train,office,HV,883.8,3052.4,0.3943,low,17.7291,1.0537,4.2691,1.2327,818.5,0.0781,2,6.05,4.23,B,false,false,5,false,negotiated,low,low,88.4,1,24.899,20.059
TR-00552,train,office,HV,530.3,1805.5,0.3887,low,17.7424,1.0545,4.304,1.2505,491.1,0.0351,2,5.53,2.58,C,false,true,2,true,auto_renew,low,low,53,1,25.359,21.648
TR-00553,train,office,HV,525.3,1678.9,0.3649,low,17.8035,1.0581,4.4648,1.3321,486.5,0.0548,2,3.43,5.01,B,false,true,2,true,auto_renew,medium,low,52.5,2,26.416,21.585
TR-00554,train,office,HV,185.6,641.5,0.3946,low,17.9272,1.0654,4.2672,1.2318,171.9,0.0216,2,4.3,3.22,A,false,false,6,false,negotiated,high,low,18.6,3,24.509,22.018
TR-00555,train,office,HV,409,1340.9,0.3743,low,17.9006,1.0639,4.3988,1.2986,378.8,0.0797,2,7.45,4.53,C,false,true,9,true,tender,low,medium,40.9,1,27.198,22.045
TR-00556,train,office,HV,367,1166.4,0.3628,low,17.9413,1.0663,4.4797,1.3396,339.9,0.0965,2,5.05,5.72,C,false,false,2,true,negotiated,low,high,36.7,1,23.768,20.504
TR-00557,train,office,EHV,5130,16611.1,0.3696,low,18.0274,1.0714,2.5144,1.3148,4751.2,0.0692,2,6.51,3.84,B,false,false,5,false,auto_renew,low,high,513,3,23.835,18.461
TR-00558,train,office,HV,273.9,927.9,0.3867,low,18.0423,1.0723,4.3164,1.2414,250.6,0.0633,2,3.61,3.39,A,false,false,4,true,tender,high,high,27.4,2,25.474,20.331
TR-00559,train,office,HV,261.2,858.5,0.3752,low,17.6423,1.0485,4.3923,1.2953,241.9,0.0746,2,8.51,2.71,D,false,false,9,true,tender,high,high,26.1,1,25.411,21.565
TR-00560,train,office,HV,315.4,1064.2,0.3852,low,17.9634,1.0676,4.3263,1.2618,292.1,0.0569,2,5.22,3,B,false,false,2,false,negotiated,medium,high,31.5,1,26.512,21.832
TR-00561,train,office,HV,151.4,508,0.383,low,17.7562,1.0553,4.3404,1.2689,140.2,0.0419,2,4.66,3.23,B,false,false,8,true,tender,high,low,15.1,1,27.245,21.381
TR-00562,train,office,HV,186.7,637.5,0.3898,low,17.619,1.0471,4.2968,1.2468,172.9,0.0684,2,4.52,3.23,C,false,true,1,false,auto_renew,low,low,18.7,3,28.556,22.171
TR-00563,train,office,HV,374,1199.2,0.366,low,17.8003,1.0579,4.4565,1.3278,346.4,0.0844,2,4.67,3.15,D,false,false,7,false,tender,medium,medium,37.4,1,27.919,20.941
TR-00564,train,office,HV,938,3030.7,0.3688,low,17.6531,1.0492,4.4365,1.3177,868.7,0.0664,2,6.6,3.57,A,false,false,2,true,tender,medium,high,93.8,2,26.651,21.004
TR-00565,train,office,HV,263.1,882.1,0.3827,low,18.0604,1.0734,4.3422,1.254,240.6,0.0993,2,5.17,4.73,A,false,false,4,false,tender,high,medium,26.3,2,27.311,21.796
TR-00566,train,office,HV,1055,3547.3,0.3838,low,17.7542,1.0552,4.3351,1.2662,977.1,0.088,2,4.12,3.86,B,false,true,5,true,auto_renew,low,medium,105.5,2,27.423,21.309
TR-00567,train,office,HV,203.9,645.2,0.3612,low,18.0642,1.0736,4.491,1.3454,188.8,0.0645,2,4.22,3.29,B,false,false,4,false,negotiated,high,medium,20.4,2,26.86,22.501
TR-00568,train,office,HV,1210,3785,0.3571,low,17.9625,1.0675,4.5219,1.361,1120.7,0.0693,2,9.7,3.01,B,false,false,7,false,auto_renew,medium,high,121,1,26.701,22.627
TR-00569,train,office,HV,230.2,757.7,0.3757,low,17.7746,1.0564,4.3889,1.2935,213.2,0.0357,2,6.61,4.22,A,false,false,7,false,auto_renew,high,high,23,1,24.893,20.663
TR-00570,train,office,HV,1018.2,3592.3,0.4027,mid,17.5997,1.046,4.2179,1.2068,943,0.0749,2,4.97,3.75,A,false,false,6,true,tender,medium,low,101.8,3,25.617,20.786
TR-00571,train,office,HV,411.1,1361.9,0.3782,low,17.6374,1.0482,4.3725,1.2852,380.7,0.0491,2,5.97,3.38,D,false,true,1,false,auto_renew,high,high,41.1,3,25.996,21.55
TR-00572,train,office,HV,678.8,2206.2,0.371,low,18.0214,1.071,4.4212,1.3099,628.7,0.0622,2,6.49,2.29,A,false,false,2,true,negotiated,high,medium,67.9,2,27.088,20.761
TR-00573,train,office,HV,411,1382.6,0.384,low,17.7537,1.0551,4.3338,1.2656,380.7,0.0428,2,5.89,3.59,B,false,false,10,true,auto_renew,low,medium,41.1,1,24.609,20.844
TR-00574,train,office,HV,843.5,2741.9,0.3711,low,18.0212,1.071,4.4208,1.3098,781.2,0.0397,2,6.83,3.36,A,false,true,2,true,tender,medium,low,84.4,1,27.115,22.32
TR-00575,train,office,HV,1513.6,5123.9,0.3864,low,17.9584,1.0673,4.3182,1.2577,1401.8,0.0541,2,6.59,4.56,B,false,true,2,false,auto_renew,medium,low,151.4,2,24.976,21.797
TR-00576,train,office,HV,214.5,716.1,0.3811,low,17.7609,1.0556,4.3529,1.2753,198.7,0.06,2,4.48,3.25,B,false,true,2,false,auto_renew,low,medium,21.5,1,29.999,24.518
TR-00577,train,office,HV,74.4,260.1,0.399,low,17.9883,1.0691,4.2399,1.2038,68.1,0.0342,2,4.36,4.06,C,false,false,3,false,auto_renew,medium,medium,7.4,2,25.571,20.586
TR-00578,train,office,HV,238.5,818.2,0.3916,low,17.9384,1.0661,4.2855,1.2411,220.9,0.0824,2,5.32,2.55,A,false,false,3,false,negotiated,low,medium,23.9,2,26.82,23.766
TR-00579,train,office,HV,441.7,1429.7,0.3695,low,17.652,1.0491,4.4319,1.3154,409.1,0.0679,2,5.6,3.43,A,false,true,7,false,auto_renew,medium,medium,44.2,2,27.898,23.506
TR-00580,train,office,HV,130.8,447.6,0.3907,low,17.7376,1.0542,4.2915,1.2441,121.1,0.0559,2,4.35,3.01,B,false,true,9,false,auto_renew,high,low,13.1,1,30.684,23.888
TR-00581,train,office,HV,1632.2,5250.7,0.3672,low,17.797,1.0577,4.4478,1.3235,1511.7,0.0444,2,6.13,4.08,C,false,false,3,false,tender,medium,medium,163.2,2,27.065,21.631
TR-00582,train,office,HV,863.7,2868.5,0.3791,low,17.7659,1.0559,4.366,1.2819,799.9,0.1153,2,5.16,2.73,A,false,false,8,true,tender,medium,low,86.4,1,26.024,20.724
TR-00583,train,office,HV,132.3,435.7,0.376,low,18.0006,1.0698,4.3872,1.2927,122.5,0.0664,2,7.63,3.44,A,false,false,4,true,auto_renew,high,medium,13.2,2,25.405,20.407
TR-00584,train,office,HV,452.2,1553.7,0.3922,low,18.0177,1.0708,4.2816,1.2243,413.8,0.0821,2,4.48,4.75,A,false,false,4,true,tender,high,medium,45.2,3,27.816,22.683
TR-00585,train,office,EHV,2114,6937.3,0.3746,low,18.0987,1.0756,2.4931,1.2806,1932.6,0.0476,2,4.71,5.29,B,false,true,4,false,tender,high,medium,211.4,1,25.069,20.191
TR-00586,train,office,HV,336.9,1110.3,0.3762,low,17.7734,1.0563,4.3857,1.2919,312,0.0652,2,8.7,3.94,C,false,false,1,false,negotiated,medium,medium,33.7,1,29.288,22.995
TR-00587,train,office,HV,1302.2,4285.6,0.3757,low,18.0935,1.0753,4.3891,1.277,1190.5,0.062,2,4.6,3.77,B,false,false,2,true,negotiated,low,low,130.2,1,24.99,19.36
TR-00588,train,office,HV,432.9,1452.2,0.3829,low,17.9723,1.0681,4.3409,1.2692,400.9,0.0311,2,4.23,3.88,B,false,false,9,true,auto_renew,medium,high,43.3,3,25.163,20.542
TR-00589,train,office,HV,920.3,2931.3,0.3636,low,17.6622,1.0497,4.4739,1.3367,852.4,0.0743,2,8.67,3.39,A,false,false,10,false,negotiated,low,low,92,1,26.809,21.661
TR-00590,train,office,HV,276.7,862,0.3556,low,18.1949,1.0814,4.5329,1.3475,252.7,0.0435,2,6.56,3.74,A,false,false,1,false,negotiated,medium,high,27.7,1,27.04,22.728
TR-00591,train,office,HV,522.6,1753.4,0.383,low,17.972,1.0681,4.3404,1.2689,484,0.0651,2,8.88,2.39,B,false,false,5,false,auto_renew,medium,low,52.3,1,28.071,22.305
TR-00592,train,office,HV,932,3109.4,0.3809,low,17.8783,1.0625,4.3546,1.2761,863.2,0.0614,2,5.84,3.78,B,false,false,3,true,negotiated,medium,medium,93.2,2,23.4,19.788
TR-00593,train,office,HV,81,277.2,0.3906,low,17.6177,1.0471,4.2918,1.2443,75,0.072,2,4.88,4.66,C,false,true,3,false,tender,low,high,8.1,1,26.495,22.675
TR-00594,train,office,HV,933.5,3115.2,0.381,low,18.0687,1.0739,4.3539,1.2598,853.7,0.043,2,5.54,3.53,B,false,false,2,false,auto_renew,high,medium,93.4,1,25.907,22.503
TR-00595,train,office,HV,401.3,1332.7,0.3791,low,18.0773,1.0744,4.3661,1.2657,367,0.07,2,5.74,2.95,A,false,false,4,false,auto_renew,medium,low,40.1,1,28.133,22.753
TR-00596,train,office,HV,1760.8,5902,0.3826,low,17.9735,1.0682,4.3428,1.2702,1630.8,0.0551,2,3.45,3.63,B,false,false,4,false,auto_renew,high,medium,176.1,1,24.541,21.438
TR-00597,train,office,HV,149.9,499.2,0.3802,low,17.8806,1.0627,4.3592,1.2785,138.8,0.0532,2,5.71,5.19,D,false,false,5,false,tender,low,medium,15,2,24.782,19.847
TR-00598,train,office,HV,784.2,2691.7,0.3918,low,17.8428,1.0604,4.2842,1.2404,726.3,0.0501,2,5.25,3.52,A,false,false,6,false,tender,low,medium,78.4,2,28.113,22.604
TR-00599,train,office,HV,329.3,1130.9,0.3921,low,17.6155,1.0469,4.2828,1.2397,305,0.0564,2,5.81,6.21,C,false,false,8,false,tender,low,medium,32.9,3,28.016,21.909
TR-00600,train,office,HV,665.6,2199.5,0.3772,low,17.8905,1.0633,4.3787,1.2884,616.5,0.0449,2,5.5,2.88,A,false,false,2,false,tender,medium,medium,66.6,1,24.782,20.45
TR-00601,train,office,HV,92.6,301.8,0.372,low,17.7842,1.0569,4.4141,1.3063,85.8,0.1185,2,6.22,3.91,D,false,false,1,false,auto_renew,high,low,9.3,1,27.633,21.718
TR-00602,train,office,HV,212.4,700.5,0.3765,low,18.0897,1.0751,4.3837,1.2744,194.2,0.0407,2,7.06,3.72,B,false,true,9,false,auto_renew,high,low,21.2,1,26.983,22.503
TR-00603,train,office,HV,257,880.2,0.391,low,17.6172,1.047,4.2896,1.2432,238,0.0488,2,5.39,3.25,A,false,true,5,true,negotiated,low,high,25.7,1,26.326,21.322
TR-00604,train,office,HV,499.2,1696.1,0.3879,low,17.9529,1.067,4.3091,1.253,462.3,0.0685,2,3.9,4.21,B,false,false,6,false,negotiated,medium,high,49.9,2,26.64,21.564
TR-00605,train,office,HV,242.1,815.9,0.3847,low,17.9653,1.0677,4.3294,1.2634,224.2,0.1036,2,7.41,3.96,C,false,false,1,false,auto_renew,high,medium,24.2,2,27.897,22.303
TR-00606,train,office,HV,139.9,461.3,0.3764,low,17.7728,1.0563,4.3842,1.2912,129.6,0.0623,2,4.12,2.93,A,false,false,1,true,negotiated,medium,low,14,1,25.238,21.787
TR-00607,train,office,HV,207.7,697.6,0.3834,low,17.8698,1.062,4.3377,1.2676,192.4,0.0641,2,5.81,3.71,B,false,true,6,false,negotiated,high,medium,20.8,2,28.346,23.939
TR-00608,train,office,HV,148.9,494.6,0.3792,low,17.8838,1.0629,4.3655,1.2817,137.9,0.0448,2,6.83,3.33,A,false,false,10,false,tender,high,medium,14.9,3,26.651,21.599
TR-00609,train,office,HV,188.7,623.1,0.377,low,17.9965,1.0696,4.3804,1.2893,174.8,0.1075,2,7.1,2.96,A,false,true,1,false,negotiated,high,medium,18.9,3,26.201,23.01
TR-00610,train,office,HV,172.1,578.1,0.3835,low,18.057,1.0732,4.3373,1.2516,157.4,0.0316,2,4.64,2.83,C,false,true,7,false,tender,high,low,17.2,1,30.675,25.078
TR-00611,train,retail_chain,HV,292.5,1315.2,0.5133,mid,17.604,1.0462,3.7058,0.9058,259.1,0.0915,2,5.68,2.46,C,false,false,2,false,tender,low,high,23.4,1,24.756,20.015
TR-00612,train,retail_chain,HV,252.7,1191.5,0.5383,mid,17.4042,1.0344,3.6192,0.8637,223.9,0.0495,2,5.21,4.17,B,false,true,9,false,auto_renew,high,high,20.2,1,25.771,20.452
TR-00613,train,retail_chain,HV,293.2,1382,0.5381,mid,17.3464,1.0309,3.6198,0.864,259.8,0.0524,2,3.34,2.66,B,false,true,10,false,negotiated,high,low,23.5,3,25.319,20.415
TR-00614,train,retail_chain,HV,358.3,1662.5,0.5297,mid,17.2997,1.0282,3.6481,0.8777,317.4,0.057,2,6.25,3.45,A,false,true,5,true,tender,high,medium,28.7,3,25.75,20.546
TR-00615,train,retail_chain,HV,139.1,621.2,0.5098,mid,17.3554,1.0315,3.7184,0.9119,123.2,0.0367,2,6.01,2.24,D,false,true,3,false,negotiated,high,high,11.1,3,25.139,21.069
TR-00616,train,retail_chain,HV,380.9,1737.2,0.5206,mid,17.4672,1.0381,3.6794,0.893,337.5,0.0578,2,4.73,2.82,A,false,true,4,false,tender,low,low,30.5,2,26.079,21.876
TR-00617,train,retail_chain,HV,80.1,364,0.5188,mid,17.5796,1.0448,3.686,0.8961,71,0.0487,2,5.06,3,B,false,false,6,false,auto_renew,medium,high,6.4,1,24.773,20.725
TR-00618,train,retail_chain,HV,1128.8,5234,0.5293,mid,17.4884,1.0394,3.6493,0.8783,1000,0.063,2,3.85,3.87,A,false,false,5,true,auto_renew,low,low,90.3,2,26.612,19.755
TR-00619,train,retail_chain,HV,867.2,3915.3,0.5154,mid,17.5444,1.0427,3.6981,0.902,768.3,0.0655,2,4.74,2.53,C,false,false,6,false,auto_renew,low,low,69.4,1,24,18.645
TR-00620,train,retail_chain,HV,173.9,834.3,0.5477,mid,17.419,1.0352,3.5887,0.8489,154.1,0.0906,2,5.78,3.05,A,false,false,4,false,auto_renew,medium,medium,13.9,1,25.268,20.046
TR-00621,train,retail_chain,HV,691.7,3170.7,0.5233,mid,17.3932,1.0337,3.6701,0.8884,612.8,0.0504,2,4.54,2.59,B,false,false,9,true,auto_renew,high,medium,55.3,1,26.376,19.517
TR-00622,train,retail_chain,HV,950.3,4189.4,0.5033,mid,17.4609,1.0377,3.743,0.9238,841.9,0.0446,2,5.61,2.34,A,false,false,7,true,negotiated,medium,medium,76,1,26.979,21.845
TR-00623,train,retail_chain,HV,364.1,1734.4,0.5438,mid,17.4752,1.0386,3.6012,0.855,322.6,0.0493,2,5.48,3.58,A,false,true,5,false,tender,medium,medium,29.1,2,26.159,21.482
TR-00624,train,retail_chain,HV,671.7,3225.5,0.5482,mid,17.2513,1.0253,3.587,0.8481,595.1,0.1004,2,5.71,4.04,C,false,false,2,true,auto_renew,medium,high,53.7,3,25.185,19.997
TR-00625,train,retail_chain,HV,307.4,1464.6,0.5439,mid,17.4329,1.0361,3.6008,0.8548,272.3,0.0821,2,4.11,2.3,D,false,false,3,false,negotiated,medium,low,24.6,1,24.792,19.929
TR-00626,train,retail_chain,HV,298.8,1407.4,0.5377,mid,17.4061,1.0345,3.621,0.8646,264.7,0.0473,2,4.25,2.02,B,false,false,10,true,tender,medium,low,23.9,2,24.869,19.128
TR-00627,train,retail_chain,HV,124.7,583.1,0.5338,mid,17.3597,1.0317,3.6341,0.8709,110.5,0.0595,2,5.76,2.48,A,false,true,8,false,negotiated,high,high,10,2,25.791,21.259
TR-00628,train,retail_chain,HV,365,1706.4,0.5337,mid,17.3601,1.0317,3.6345,0.8711,323.4,0.0585,2,2.57,2.46,B,false,false,2,false,tender,low,low,29.2,1,24.294,19.639
TR-00629,train,retail_chain,HV,325.6,1547.9,0.5427,mid,17.4374,1.0363,3.6047,0.8567,288.5,0.0541,2,5.24,3.06,B,false,false,9,false,auto_renew,high,medium,26,3,22.197,18.899
TR-00630,train,retail_chain,HV,1022.2,4783.4,0.5342,mid,17.2875,1.0274,3.6328,0.8703,905.6,0.0324,2,5,4.16,B,false,false,1,false,negotiated,medium,low,81.8,2,24.951,19.548
TR-00631,train,retail_chain,HV,579.2,2629.2,0.5182,mid,17.5329,1.042,3.6882,0.8972,513.1,0.046,2,5.2,2.34,A,false,true,10,false,negotiated,low,medium,46.3,1,27.139,23.239
TR-00632,train,retail_chain,HV,192.9,884.1,0.5232,mid,17.3173,1.0292,3.6704,0.8885,170.9,0.0611,2,5.95,2.94,A,false,true,4,false,tender,high,low,15.4,2,25.121,20.038
TR-00633,train,retail_chain,HV,627.6,2941.5,0.535,mid,17.4154,1.035,3.6299,0.8689,556,0.0209,2,8.18,2.48,C,false,true,6,false,auto_renew,medium,medium,50.2,3,26.161,20.722
TR-00634,train,retail_chain,HV,494.3,2302,0.5316,mid,17.4274,1.0357,3.6414,0.8745,437.9,0.0544,2,5.09,2.27,A,false,true,2,false,auto_renew,low,medium,39.5,3,26.022,21.067
TR-00635,train,retail_chain,HV,381.4,1807.4,0.541,mid,17.2698,1.0264,3.6103,0.8594,337.9,0.0477,2,3.57,3.4,A,false,false,8,false,tender,high,high,30.5,1,24.587,19.851
TR-00636,train,retail_chain,HV,571.2,2788.7,0.5573,mid,17.2893,1.0275,3.5584,0.8342,506,0.0576,2,5.42,3.71,A,false,false,9,true,negotiated,low,medium,45.7,2,23.989,20.372
TR-00637,train,retail_chain,HV,272.3,1270,0.5324,mid,17.2923,1.0277,3.6387,0.8732,241.2,0.0646,2,5.19,2.99,B,false,false,7,false,negotiated,high,medium,21.8,2,23.984,18.926
TR-00638,train,retail_chain,HV,667.3,3069.6,0.5251,mid,17.4508,1.0371,3.6638,0.8853,591.2,0.0225,2,5.31,2.53,B,false,true,3,false,tender,high,medium,53.4,3,25.841,21.722
TR-00639,train,retail_chain,HV,414.1,1933.9,0.5331,mid,17.2904,1.0276,3.6364,0.8721,366.9,0.0446,2,3.92,2.73,A,false,false,4,false,tender,medium,low,33.1,2,23.126,19.345
TR-00640,train,retail_chain,HV,102.1,480.6,0.5373,mid,17.4074,1.0346,3.6223,0.8652,90.5,0.0455,2,6.26,3.36,B,false,true,4,false,tender,low,medium,8.2,1,28.54,22.251
TR-00641,train,retail_chain,HV,320.5,1517.3,0.5404,mid,17.3393,1.0305,3.6121,0.8603,283.9,0.0508,2,8.99,2.82,B,false,false,7,false,auto_renew,low,low,25.6,2,23.726,19.157
TR-00642,train,retail_chain,HV,300.3,1399.6,0.532,mid,17.3652,1.032,3.64,0.8738,266,0.0304,2,5.51,2.83,C,false,false,6,false,negotiated,low,medium,24,1,24.005,20.042
TR-00643,train,retail_chain,HV,630.9,2849,0.5155,mid,17.4189,1.0352,3.6978,0.9018,558.9,0.0404,2,3.64,1.86,A,false,false,6,false,negotiated,low,high,50.5,3,25.803,19.933
TR-00644,train,retail_chain,HV,441.4,2085.8,0.5394,mid,17.4926,1.0396,3.6153,0.8618,391.1,0.032,2,3.81,1.92,B,false,false,3,false,tender,high,medium,35.3,1,23.289,19.537
TR-00645,train,retail_chain,HV,1017.1,4562.3,0.5121,mid,17.4305,1.0359,3.7103,0.9079,901.1,0.0446,2,4.13,2.79,B,false,false,4,false,auto_renew,medium,medium,81.4,1,25.381,21.021
TR-00646,train,retail_chain,HV,365.4,1758.8,0.5495,mid,17.3662,1.0321,3.5829,0.8461,323.7,0.0468,2,7.04,3.53,A,false,false,5,true,tender,medium,low,29.2,1,22.102,18.722
TR-00647,train,retail_chain,HV,417.3,1948.3,0.533,mid,17.4226,1.0355,3.6368,0.8723,369.7,0.0471,2,3.3,3.09,A,false,false,2,true,tender,high,low,33.4,3,25.574,19.278
TR-00648,train,retail_chain,HV,519.9,2469.4,0.5422,mid,17.3907,1.0336,3.6063,0.8574,460.6,0.0523,2,5.32,2.04,A,false,true,7,false,tender,low,low,41.6,1,27.216,21.742
TR-00649,train,retail_chain,HV,249.1,1161.7,0.5324,mid,17.4766,1.0387,3.6389,0.8733,220.7,0.0351,2,3.18,2.52,A,false,false,10,false,tender,high,medium,19.9,2,25.649,19.69
TR-00650,train,retail_chain,HV,1260,6046.9,0.5478,mid,17.3169,1.0292,3.5881,0.8486,1116.3,0.0395,2,3.76,2.79,B,false,false,5,false,negotiated,medium,low,100.8,1,24.372,19.364
TR-00651,train,retail_chain,HV,243.3,1113.9,0.5226,mid,17.5149,1.0409,3.6724,0.8895,215.5,0.0546,2,5.13,3.27,A,false,false,9,false,negotiated,low,low,19.5,3,24.164,18.712
TR-00652,train,retail_chain,HV,924.8,4231.5,0.5223,mid,17.4609,1.0377,3.6735,0.8901,819.3,0.03,2,5.66,3.82,A,false,false,1,false,negotiated,low,medium,74,1,25.28,20.406
TR-00653,train,retail_chain,HV,261.7,1245.7,0.5434,mid,17.2635,1.026,3.6025,0.8556,231.8,0.033,2,4.94,2.63,B,false,false,8,false,negotiated,medium,medium,20.9,2,23.056,19.814
TR-00654,train,retail_chain,HV,533.5,2449.3,0.5241,mid,17.5091,1.0406,3.6674,0.8871,472.6,0.0607,2,5.08,2.33,C,false,false,4,false,tender,medium,medium,42.7,1,23.825,20.534
TR-00655,train,retail_chain,HV,280.5,1273.4,0.5182,mid,17.4098,1.0347,3.6879,0.8971,248.5,0.0698,2,4.67,4.37,B,false,true,9,false,tender,medium,medium,22.4,3,27.171,21.924
TR-00656,train,retail_chain,HV,428.5,1881.4,0.5012,mid,17.5417,1.0425,3.7507,0.9276,379.6,0.0491,2,4.95,4.49,A,false,false,5,false,negotiated,medium,medium,34.3,1,23.998,20.232
TR-00657,train,retail_chain,HV,165.8,764.6,0.5264,mid,17.3084,1.0287,3.6592,0.8831,146.9,0.0873,2,5.59,3.58,B,false,true,10,true,negotiated,high,high,13.3,2,25.03,20.629
TR-00658,train,retail_chain,HV,186.3,878.7,0.5384,mid,17.3454,1.0309,3.6187,0.8635,165,0.0178,2,3.88,3.54,C,false,false,1,false,negotiated,medium,medium,14.9,3,24.372,19.748
TR-00659,train,retail_chain,HV,630.1,2974.9,0.539,mid,17.4018,1.0342,3.6169,0.8626,558.2,0.0379,2,4.92,3.11,A,false,true,2,false,tender,medium,high,50.4,1,25.031,19.398
TR-00660,train,retail_chain,HV,209.7,1006.8,0.5481,mid,17.4176,1.0352,3.5874,0.8483,185.8,0.0555,2,4.64,3.04,A,false,false,5,false,negotiated,low,low,16.8,2,25.299,19.88
TR-00661,train,retail_chain,HV,519.7,2464.7,0.5414,mid,17.3363,1.0303,3.609,0.8587,460.4,0.041,2,4.06,2.62,A,false,false,2,false,tender,medium,medium,41.6,1,25.805,20.338
TR-00662,train,retail_chain,HV,364.1,1647.9,0.5167,mid,17.482,1.039,3.6936,0.8998,322.6,0.0395,2,7.98,2.8,A,false,false,1,false,auto_renew,high,medium,29.1,1,25.013,21.336
TR-00663,train,retail_chain,HV,383.8,1732.4,0.5153,mid,17.5951,1.0457,3.6986,0.9022,340,0.049,2,4.39,4.33,A,false,true,5,false,tender,low,high,30.7,3,27.495,23.004
TR-00664,train,retail_chain,HV,310.6,1389.5,0.5107,mid,17.564,1.0439,3.7153,0.9104,275.2,0.0645,2,4.95,3.62,A,false,false,7,true,tender,low,medium,24.8,1,25.93,19.718
TR-00665,train,retail_chain,HV,555.3,2572.4,0.5288,mid,17.302,1.0283,3.651,0.8791,492,0.0572,2,6.22,4.89,B,false,true,3,false,auto_renew,low,high,44.4,3,25.888,21.461
TR-00666,train,retail_chain,HV,493.3,2240.3,0.5184,mid,17.4754,1.0386,3.6873,0.8968,437,0.0494,2,3.79,2.73,C,false,false,2,false,tender,low,high,39.5,2,25.469,20.749
TR-00667,train,retail_chain,HV,260.7,1225,0.5364,mid,17.5049,1.0403,3.6253,0.8667,231,0.0549,2,7.81,3.09,C,false,false,5,true,auto_renew,high,medium,20.9,1,23.335,19.014
TR-00668,train,retail_chain,HV,148.6,696.9,0.5353,mid,17.4144,1.035,3.629,0.8685,131.7,0.0314,2,4.04,2.85,C,false,true,7,false,negotiated,medium,medium,11.9,1,25.432,22.116
TR-00669,train,retail_chain,HV,428.5,2005.2,0.5342,mid,17.2875,1.0274,3.6327,0.8703,379.6,0.0394,2,5.92,3.32,B,false,false,5,false,tender,low,medium,34.3,1,22.864,19.243
TR-00670,train,retail_chain,HV,377.3,1776.1,0.5374,mid,17.4073,1.0345,3.6222,0.8651,334.3,0.0428,2,3.92,2.8,B,false,true,8,false,negotiated,high,medium,30.2,3,26.456,22.388
TR-00671,train,retail_chain,HV,603.9,2981,0.5635,mid,17.2137,1.023,3.5395,0.825,535,0.0712,2,5.07,3.07,A,false,true,10,false,auto_renew,medium,high,48.3,1,24.304,21.026
TR-00672,train,retail_chain,HV,264.4,1199.8,0.518,mid,17.5829,1.045,3.6887,0.8974,234.2,0.0593,2,3.85,2.46,A,false,false,2,false,tender,medium,low,21.2,1,26.307,20.256
TR-00673,train,retail_chain,HV,1399.2,6415.7,0.5234,mid,17.5117,1.0408,3.6696,0.8882,1239.6,0.0318,2,5.93,3,B,false,true,1,false,negotiated,low,low,111.9,1,25.417,21.092
TR-00674,train,retail_chain,HV,507.8,2326.4,0.523,mid,17.3941,1.0338,3.6712,0.8889,449.9,0.0547,2,5.01,4.62,B,false,false,6,false,negotiated,low,low,40.6,1,25.615,20.125
TR-00675,train,retail_chain,HV,412.6,1900.4,0.5258,mid,17.3102,1.0288,3.6614,0.8842,365.5,0.0718,2,4.24,3.29,D,false,true,7,false,negotiated,low,medium,33,1,26.84,22.07
TR-00676,train,retail_chain,HV,706.2,3253.6,0.5259,mid,17.3098,1.0288,3.6609,0.884,625.6,0.0493,2,4.87,3.67,B,false,true,1,true,negotiated,low,medium,56.5,1,25.616,20.896
TR-00677,train,retail_chain,HV,349.2,1628.7,0.5324,mid,17.364,1.032,3.6387,0.8732,309.4,0.0572,2,6.5,2.67,B,false,true,10,false,negotiated,high,medium,27.9,3,26.444,22.537
TR-00678,train,retail_chain,HV,60,288.1,0.5482,mid,17.4577,1.0375,3.587,0.8481,53.2,0.0834,2,4.85,3.14,C,false,false,1,false,negotiated,medium,medium,4.8,2,24.927,19.526
TR-00679,train,retail_chain,HV,284,1289.1,0.5182,mid,17.5824,1.045,3.6883,0.8972,251.6,0.0487,2,6.43,2.39,A,false,true,1,false,negotiated,medium,low,22.7,2,25.617,20.456
TR-00680,train,retail_chain,HV,1378.7,6376.9,0.528,mid,17.4404,1.0365,3.6538,0.8805,1221.4,0.0629,2,6.09,3.35,D,false,false,2,true,negotiated,high,medium,110.3,1,23.413,17.886
TR-00681,train,retail_chain,HV,102.1,480.7,0.5375,mid,17.2788,1.0269,3.6217,0.8649,90.5,0.0375,2,4.2,2.1,C,false,false,5,false,auto_renew,low,medium,8.2,2,23.627,19.415
TR-00682,train,retail_chain,HV,1257.7,5717.7,0.519,mid,17.3292,1.0299,3.6854,0.8958,1114.2,0.0539,2,5.29,3.11,B,false,true,6,false,auto_renew,high,low,100.6,1,24.066,19.798
TR-00683,train,retail_chain,HV,490.3,2288.8,0.5329,mid,17.291,1.0276,3.6371,0.8724,434.4,0.042,2,2.61,4.35,B,false,true,6,true,auto_renew,low,low,39.2,1,25.145,20.717
TR-00684,train,retail_chain,HV,558,2544.7,0.5206,mid,17.4674,1.0381,3.6796,0.893,494.4,0.061,2,6.34,4.12,B,false,true,9,false,negotiated,medium,medium,44.6,1,26.095,21.878
TR-00685,train,retail_chain,HV,507.2,2330.3,0.5245,mid,17.4531,1.0373,3.666,0.8864,449.3,0.0604,2,3.79,2.69,B,false,false,3,false,auto_renew,medium,low,40.6,1,26.138,21.407
TR-00686,train,retail_chain,HV,322.6,1527.9,0.5407,mid,17.2705,1.0264,3.6113,0.8599,285.8,0.0623,2,4.95,2.73,B,false,true,10,false,tender,low,high,25.8,1,26.373,21.073
TR-00687,train,retail_chain,HV,727.8,3245.6,0.5091,mid,17.5109,1.0407,3.7213,0.9133,644.8,0.0682,2,4.5,4.16,A,false,true,5,true,tender,medium,high,58.2,2,26.355,21.448
TR-00688,train,retail_chain,HV,424.8,1957.5,0.526,mid,17.5482,1.0429,3.6605,0.8838,376.3,0.0277,2,3.11,2.61,A,false,true,7,false,auto_renew,medium,high,34,1,26.515,21.229
TR-00689,train,retail_chain,HV,376.1,1694.2,0.5142,mid,17.5492,1.043,3.7024,0.9041,333.2,0.0471,2,3.68,2.46,C,false,false,8,false,negotiated,high,low,30.1,2,25.245,20.17
TR-00690,train,retail_chain,HV,1254.6,5747.5,0.523,mid,17.5136,1.0409,3.6713,0.889,1111.5,0.0465,2,4.98,2.46,C,false,true,2,false,negotiated,low,medium,100.4,2,25.943,22.232
TR-00691,train,retail_chain,HV,135.4,633.1,0.5338,mid,17.5159,1.041,3.6342,0.871,120,0.088,2,3.62,3.29,A,false,false,6,false,auto_renew,medium,low,10.8,2,22.738,18.693
TR-00692,train,retail_chain,HV,326.8,1576.9,0.5508,mid,17.4474,1.0369,3.5786,0.844,289.5,0.0406,2,7.4,3.12,B,false,false,2,true,auto_renew,high,high,26.1,1,23.906,20.064
TR-00693,train,retail_chain,HV,1017.6,4726.9,0.5303,mid,17.298,1.0281,3.646,0.8767,901.5,0.034,2,6.32,2.52,C,false,false,7,true,tender,low,high,81.4,2,23.035,19.729
TR-00694,train,retail_chain,HV,151.1,685.8,0.5182,mid,17.5824,1.045,3.6883,0.8972,133.9,0.0701,2,3.9,4.3,B,false,true,10,false,tender,medium,medium,12.1,1,26.035,20.759
TR-00695,train,retail_chain,HV,103.3,457.7,0.5058,mid,17.4521,1.0372,3.7335,0.9192,91.5,0.0594,2,5.66,3.44,B,false,true,7,false,tender,medium,medium,8.3,1,26.476,21.391
TR-00696,train,retail_chain,HV,460.4,2176.6,0.5397,mid,17.3415,1.0306,3.6146,0.8615,407.9,0.0616,2,5.94,3.07,D,false,false,7,true,tender,medium,high,36.8,1,24.052,20.118
TR-00697,train,retail_chain,HV,523.1,2435.2,0.5314,mid,17.2949,1.0279,3.6421,0.8748,463.4,0.0328,2,4.83,3.73,B,false,true,7,false,tender,high,medium,41.8,1,22.366,18.744
TR-00698,train,retail_chain,HV,300.5,1430.8,0.5435,mid,17.4761,1.0386,3.602,0.8554,266.2,0.0413,2,6.05,2.65,B,false,true,2,true,tender,high,medium,24,1,27.023,22.516
TR-00699,train,retail_chain,HV,647,3008,0.5307,mid,17.4306,1.0359,3.6445,0.876,573.2,0.0548,2,4.64,4.86,B,false,true,5,false,tender,medium,low,51.8,1,24.838,20.755
TR-00700,train,retail_chain,HV,214,998.7,0.5328,mid,17.4234,1.0355,3.6376,0.8726,189.6,0.0577,2,4.4,4.02,B,false,false,8,true,tender,medium,medium,17.1,2,24.178,19.837
TR-00701,train,retail_chain,HV,586.7,2645.1,0.5147,mid,17.3414,1.0306,3.7008,0.9033,519.8,0.0706,2,5.33,2.82,C,false,false,8,true,tender,low,medium,46.9,1,25.729,20.753
TR-00702,train,retail_chain,HV,265.4,1235.8,0.5315,mid,17.2946,1.0278,3.6417,0.8746,235.1,0.0448,2,3.55,2.92,A,false,false,5,true,tender,low,medium,21.2,2,25.655,20.291
TR-00703,train,retail_chain,HV,244.3,1128.1,0.5271,mid,17.4435,1.0367,3.6568,0.882,216.4,0.0359,2,4.15,3.17,A,false,false,6,true,tender,medium,low,19.5,3,25.24,20.143
TR-00704,train,retail_chain,HV,645.7,3059.8,0.5409,mid,17.4865,1.0393,3.6104,0.8594,572,0.058,2,3.76,2.23,A,false,false,8,true,tender,low,medium,51.7,1,24.687,20.079
TR-00705,train,retail_chain,HV,1177.6,5477.7,0.531,mid,17.4819,1.039,3.6435,0.8755,1043.3,0.0375,2,3.33,2.02,B,false,false,10,false,negotiated,low,low,94.2,1,23.218,19.587
TR-00706,train,retail_chain,HV,744.3,3420.4,0.5246,mid,17.3889,1.0335,3.6656,0.8862,659.4,0.0337,2,5.99,3.3,A,false,false,8,false,tender,high,high,59.5,1,22.589,18.205
TR-00707,train,retail_chain,HV,396.8,1833.1,0.5274,mid,17.4961,1.0398,3.6559,0.8815,351.5,0.0547,2,4.94,3.71,C,false,true,9,false,tender,medium,medium,31.7,1,25.711,20.779
TR-00708,train,retail_chain,HV,179.2,841.8,0.5363,mid,17.4616,1.0378,3.6259,0.8669,158.8,0.0676,2,4.81,2.99,A,false,false,7,false,negotiated,medium,low,14.3,3,23.187,19.116
TR-00709,train,retail_chain,HV,730.5,3398.9,0.5311,mid,17.4813,1.0389,3.6431,0.8753,647.2,0.0472,2,4.62,3.07,B,false,false,3,true,tender,low,medium,58.4,1,24.834,20.712
TR-00710,train,retail_chain,HV,417.2,1901.9,0.5204,mid,17.5725,1.0444,3.6802,0.8933,369.6,0.0573,2,4.65,4.14,B,false,false,7,false,tender,medium,high,33.4,3,26.259,20.322
TR-00711,train,retail_chain,HV,811.1,3750.8,0.5279,mid,17.494,1.0397,3.6542,0.8807,718.6,0.0455,2,4.9,4.05,B,false,false,3,false,auto_renew,high,low,64.9,3,24.936,20.227
TR-00712,train,retail_chain,HV,742,3538,0.5443,mid,17.3275,1.0298,3.5995,0.8541,657.4,0.0412,2,3.41,3.72,B,false,false,2,false,negotiated,low,low,59.4,1,25.071,19.065
TR-00713,train,retail_chain,HV,288.4,1352.5,0.5353,mid,17.5093,1.0406,3.6289,0.8684,255.5,0.034,2,3.54,3.62,B,false,false,5,true,tender,medium,medium,23.1,1,25.633,19.464
TR-00714,train,retail_chain,HV,1030.8,4627,0.5124,mid,17.4293,1.0359,3.709,0.9073,913.2,0.039,2,4.69,4.96,C,false,false,9,true,negotiated,medium,medium,82.5,3,24.332,20.467
TR-00715,train,retail_chain,HV,601.2,2783.2,0.5285,mid,17.3029,1.0283,3.6521,0.8797,532.6,0.0773,2,4.09,1.9,A,false,false,2,true,negotiated,low,medium,48.1,2,25.413,19.995
TR-00716,train,retail_chain,HV,358.4,1690.1,0.5383,mid,17.4971,1.0399,3.619,0.8636,317.5,0.063,2,6.02,1.87,A,false,true,9,true,tender,medium,medium,28.7,2,25.808,21.342
TR-00717,train,retail_chain,HV,528.4,2546.3,0.5501,mid,17.3641,1.032,3.5809,0.8451,468.1,0.0494,2,6.12,4,B,false,true,2,false,tender,low,high,42.3,1,28.068,20.846
TR-00718,train,retail_chain,HV,355.9,1640.1,0.5261,mid,17.3095,1.0287,3.6605,0.8838,315.3,0.0431,2,5.55,5.1,D,false,false,5,false,auto_renew,low,high,28.5,1,24.095,18.999
TR-00719,train,retail_chain,HV,511,2342,0.5232,mid,17.3935,1.0337,3.6705,0.8886,452.7,0.0421,2,5.82,3.69,A,false,false,1,true,auto_renew,low,medium,40.9,2,23.803,19.995
TR-00720,train,retail_chain,HV,1217.1,5430.6,0.5093,mid,17.5098,1.0406,3.7202,0.9127,1078.3,0.069,2,4.25,2.1,B,false,false,1,false,auto_renew,low,low,97.4,1,23.526,18.302
TR-00721,train,retail_chain,HV,318.1,1451,0.5207,mid,17.5227,1.0414,3.6792,0.8929,281.8,0.0645,2,5.84,2.51,C,false,false,8,false,negotiated,low,low,25.4,3,24.905,18.999
TR-00722,train,retail_chain,HV,422.7,1959.2,0.5291,mid,17.4364,1.0363,3.65,0.8787,374.5,0.0581,2,4.88,2.73,D,false,true,8,true,tender,high,low,33.8,2,24.143,19.892
TR-00723,train,retail_chain,HV,205.6,958.6,0.5322,mid,17.3646,1.032,3.6394,0.8735,182.1,0.0581,2,2.91,3.15,C,false,false,8,false,negotiated,high,high,16.4,2,24.748,19.997
TR-00724,train,retail_chain,HV,145.6,658.4,0.5162,mid,17.4165,1.0351,3.6952,0.9006,129,0.0479,2,4.23,3.84,B,false,false,1,false,negotiated,high,medium,11.6,1,27.514,21.173
TR-00725,train,retail_chain,HV,263.5,1212.3,0.5252,mid,17.3118,1.0289,3.6634,0.8852,233.4,0.0501,2,6.98,3.61,B,false,false,10,false,auto_renew,high,medium,21.1,1,26.415,20.371
TR-00726,train,retail_chain,HV,291.5,1350.3,0.5288,mid,17.5365,1.0422,3.651,0.8792,258.3,0.0553,2,2.77,2.47,B,false,false,3,false,tender,low,high,23.3,1,24.313,19.48
TR-00727,train,retail_chain,HV,573.2,2647.7,0.5273,mid,17.4964,1.0398,3.6562,0.8817,507.8,0.0823,2,5.18,2.58,B,false,true,4,true,negotiated,low,low,45.9,3,27.905,21.707
TR-00728,train,retail_chain,HV,498.3,2459.7,0.5635,mid,17.2718,1.0265,3.5395,0.825,441.5,0.062,2,3.52,2.39,D,false,false,9,false,negotiated,low,high,39.9,1,24.942,19.927
TR-00729,train,retail_chain,HV,371.3,1745.5,0.5366,mid,17.3509,1.0312,3.6246,0.8663,328.9,0.0373,2,6.37,2.38,A,false,true,4,false,negotiated,high,medium,29.7,3,26.135,22.601
TR-00730,train,retail_chain,HV,861.3,4044.5,0.5361,mid,17.3527,1.0313,3.6265,0.8673,763.1,0.0529,2,4.05,3.65,C,false,false,8,true,tender,high,medium,68.9,2,24.46,19.037
TR-00731,train,retail_chain,HV,1148.9,5355.2,0.5321,mid,17.2931,1.0278,3.6398,0.8737,1017.9,0.0446,2,4.75,2.89,B,false,false,4,false,negotiated,low,low,91.9,1,23.059,19.19
TR-00732,train,retail_chain,HV,215.7,1027.2,0.5436,mid,17.4338,1.0361,3.6016,0.8552,191.1,0.109,2,3.73,3.17,B,false,true,10,true,tender,low,low,17.3,1,27.737,22.482
TR-00733,train,retail_chain,HV,283.6,1258.2,0.5065,mid,17.5819,1.0449,3.7309,0.9179,251.3,0.0248,2,5.88,2.79,B,false,false,5,true,auto_renew,low,low,22.7,1,26.064,21.087
TR-00734,train,retail_chain,HV,450,2148.4,0.545,mid,17.4288,1.0358,3.5972,0.853,398.7,0.0335,2,3.68,3.97,B,false,false,8,false,negotiated,medium,low,36,2,24.587,20.496
TR-00735,train,retail_chain,HV,657.2,3080.2,0.535,mid,17.3559,1.0315,3.63,0.8689,582.2,0.0392,2,7.13,2.81,D,false,false,7,false,tender,low,low,52.6,2,26.145,20.149
TR-00736,train,retail_chain,HV,709.5,3289.3,0.5292,mid,17.5347,1.0421,3.6496,0.8784,628.6,0.0636,2,4.13,1.95,B,false,false,2,false,tender,low,medium,56.8,1,23.112,19.778
TR-00737,train,retail_chain,HV,610.6,2777.3,0.5192,mid,17.4065,1.0345,3.6844,0.8954,541,0.0645,2,5.76,3.6,A,false,true,3,true,tender,low,medium,48.8,2,26.787,22.214
TR-00738,train,retail_chain,HV,308.4,1453.5,0.538,mid,17.2775,1.0268,3.62,0.8641,273.2,0.0286,2,3.02,3.32,C,false,true,7,true,tender,low,low,24.7,2,24.051,20.246
TR-00739,train,retail_chain,HV,536.8,2498.9,0.5314,mid,17.3672,1.0322,3.6422,0.8749,475.6,0.034,2,6.04,3.31,C,false,true,7,false,negotiated,low,high,42.9,2,23.994,20.349
TR-00740,train,retail_chain,HV,828.4,3817.2,0.526,mid,17.3844,1.0332,3.6606,0.8838,733.9,0.046,2,5.12,2.48,B,false,true,4,false,negotiated,medium,medium,66.3,1,23.877,19.856
TR-00741,train,retail_chain,HV,231.7,1060.4,0.5224,mid,17.396,1.0339,3.6731,0.8899,205.3,0.0396,2,4.97,2.58,B,false,false,9,false,negotiated,medium,low,18.5,2,26.122,19.928
TR-00742,train,retail_chain,HV,154.7,705.6,0.5207,mid,17.3245,1.0296,3.6794,0.8929,137.1,0.0277,2,4.84,2.22,C,false,false,1,false,negotiated,high,high,12.4,1,25.011,20.533
TR-00743,train,retail_chain,HV,181.7,865.2,0.5436,mid,17.263,1.026,3.6018,0.8553,161,0.0575,2,6.4,2.53,D,false,true,6,false,negotiated,low,high,14.5,1,26.611,21.717
TR-00744,train,retail_chain,HV,539.4,2555.1,0.5408,mid,17.2703,1.0264,3.611,0.8597,477.9,0.0302,2,2.6,3.42,A,false,false,1,false,tender,high,medium,43.2,1,25.756,20.304
TR-00745,train,retail_chain,HV,121.8,590,0.553,mid,17.2392,1.0246,3.5718,0.8407,107.9,0.1001,2,5.77,2.22,D,false,false,6,false,negotiated,high,low,9.7,2,27.802,21.754
TR-00746,train,retail_chain,HV,204.2,962.2,0.5379,mid,17.4988,1.04,3.6204,0.8643,180.9,0.0325,2,4.08,3.78,B,false,false,5,true,tender,low,low,16.3,1,24.27,19.454
TR-00747,train,retail_chain,HV,324.3,1477.5,0.5201,mid,17.326,1.0297,3.6813,0.8939,287.3,0.0374,2,4.04,3.09,A,false,false,4,true,tender,low,high,25.9,2,24.824,19.506
TR-00748,train,retail_chain,HV,447.1,2075.5,0.5299,mid,17.299,1.0281,3.6472,0.8773,396.1,0.0447,2,4.62,3.15,B,false,false,10,false,negotiated,low,medium,35.8,1,24.825,20.341
TR-00749,train,retail_chain,HV,837.2,3914.6,0.5338,mid,17.4199,1.0353,3.6342,0.871,741.7,0.0712,2,5.01,3.85,C,false,true,9,false,tender,low,low,67,3,26.391,21.849
TR-00750,train,retail_chain,HV,101.1,462.6,0.5224,mid,17.564,1.0439,3.6733,0.89,89.6,0.0606,2,5.48,3.98,B,false,true,2,false,negotiated,low,low,8.1,1,26.029,21.66
TR-00751,train,retail_chain,HV,288.4,1360.1,0.5384,mid,17.4969,1.0399,3.6189,0.8636,255.5,0.0519,2,5.59,1.91,C,false,true,2,false,negotiated,low,medium,23.1,1,28.799,22.466
TR-00752,train,retail_chain,HV,476.5,2104.6,0.5042,mid,17.5299,1.0418,3.7394,0.9221,422.1,0.0851,2,2.6,2.74,B,false,false,1,false,auto_renew,medium,low,38.1,3,24.789,19.227
TR-00753,train,retail_chain,HV,814.4,3708.5,0.5198,mid,17.575,1.0445,3.6823,0.8943,721.5,0.0263,2,3.68,5.12,B,false,true,10,false,tender,low,high,65.2,1,24.378,20.748
TR-00754,train,retail_chain,HV,554.4,2558.2,0.5268,mid,17.382,1.033,3.6581,0.8826,491.2,0.0596,2,6.55,2.24,C,false,false,3,true,negotiated,high,low,44.4,1,25.102,20.045
TR-00755,train,retail_chain,HV,219.5,989.6,0.5147,mid,17.4896,1.0394,3.7008,0.9033,194.5,0.059,2,3.6,2.08,A,false,true,6,false,negotiated,medium,medium,17.6,3,27.175,22.597
TR-00756,train,retail_chain,HV,580.8,2643.8,0.5196,mid,17.5759,1.0446,3.683,0.8947,514.6,0.0444,2,3.27,3.09,A,false,true,8,true,tender,high,low,46.5,1,25.44,21.386
TR-00757,train,retail_chain,HV,511.4,2347.5,0.524,mid,17.3151,1.0291,3.6676,0.8872,453.1,0.0535,2,3.78,3.74,B,false,false,7,true,tender,high,medium,40.9,2,23.92,20.41
TR-00758,train,retail_chain,HV,390.1,1812.7,0.5305,mid,17.2975,1.028,3.6454,0.8764,345.6,0.065,2,6.01,3.99,A,false,false,3,false,tender,high,high,31.2,1,25.657,20.898
TR-00759,train,retail_chain,HV,715.5,3294.1,0.5256,mid,17.4492,1.037,3.6622,0.8846,633.9,0.0383,2,5.58,3.23,A,false,true,9,false,negotiated,low,high,57.2,1,25.732,19.916
TR-00760,train,retail_chain,HV,164.3,789.2,0.5483,mid,17.3701,1.0323,3.5866,0.8479,145.6,0.039,2,5.69,3.05,A,false,true,8,false,negotiated,low,medium,13.1,3,26.153,22.04
TR-00761,train,retail_chain,HV,145.1,716.3,0.5635,mid,17.2718,1.0265,3.5395,0.825,128.5,0.0485,2,4.88,1.93,A,false,true,9,false,auto_renew,medium,medium,11.6,2,24.96,20.742
TR-00762,train,retail_chain,HV,591.4,2677.3,0.5168,mid,17.5387,1.0424,3.6932,0.8996,523.9,0.0493,2,5.27,2.41,C,false,false,2,false,tender,medium,low,47.3,1,23.726,19.334
TR-00763,train,retail_chain,HV,352.1,1647.8,0.5342,mid,17.4694,1.0382,3.6327,0.8702,311.9,0.0543,2,8.08,2.24,B,false,false,6,false,tender,medium,medium,28.2,2,23.514,20.142
TR-00764,train,retail_chain,HV,548.5,2550.2,0.5308,mid,17.3693,1.0323,3.6444,0.8759,485.9,0.0625,2,3.08,2.5,C,false,false,6,false,negotiated,medium,high,43.9,1,25.681,21.175
TR-00765,train,retail_chain,HV,918,4142.1,0.5151,mid,17.4203,1.0353,3.6993,0.9026,813.3,0.0587,2,3.8,2.09,B,false,false,10,false,negotiated,high,low,73.4,1,24.2,20.176
TR-00766,train,retail_chain,HV,530.1,2471.7,0.5323,mid,17.4252,1.0356,3.6393,0.8734,469.6,0.0427,2,6.38,2.25,A,false,true,2,false,negotiated,low,medium,42.4,1,25.445,21.382
TR-00767,train,retail_chain,HV,420.2,1943.5,0.528,mid,17.4936,1.0397,3.6538,0.8805,372.3,0.1042,2,3.62,2.89,D,false,false,2,false,tender,medium,medium,33.6,1,24.297,19.338
TR-00768,train,retail_chain,HV,411.3,1890,0.5246,mid,17.4528,1.0373,3.6657,0.8863,364.4,0.0333,2,5.61,2.86,B,false,false,9,false,tender,low,low,32.9,1,24.863,21.035
TR-00769,train,retail_chain,HV,843.3,3966.7,0.537,mid,17.4087,1.0346,3.6235,0.8658,747.1,0.0437,2,3.68,2.84,B,false,false,6,false,negotiated,high,medium,67.5,1,23.594,20.135
TR-00770,train,retail_chain,HV,556,2598.4,0.5335,mid,17.4208,1.0354,3.6351,0.8714,492.6,0.0691,2,5.14,3.89,D,false,false,10,true,tender,low,low,44.5,1,26.002,20.139
TR-00771,train,retail_chain,HV,374.5,1801.3,0.5491,mid,17.4542,1.0373,3.5842,0.8467,331.8,0.0618,2,5.89,2.89,B,false,false,5,false,negotiated,medium,medium,30,2,24.9,20.069
TR-00772,train,retail_chain,HV,332.2,1556.8,0.535,mid,17.2855,1.0273,3.6302,0.869,294.3,0.0601,2,5.67,3.09,A,false,true,8,false,tender,high,medium,26.6,3,25.046,21.153
TR-00773,train,retail_chain,HV,378.6,1691.7,0.5101,mid,17.6184,1.0471,3.7175,0.9114,335.4,0.046,2,6.26,2.17,D,false,false,8,true,auto_renew,high,low,30.3,1,23.705,18.863
TR-00774,train,retail_chain,HV,716.4,3325.9,0.53,mid,17.3718,1.0324,3.6471,0.8772,634.7,0.0676,2,3.32,3.32,A,false,false,5,false,auto_renew,low,high,57.3,1,26.722,19.911
TR-00775,train,retail_chain,HV,800.6,3601.8,0.5136,mid,17.5519,1.0431,3.7047,0.9052,709.3,0.0497,2,3.82,2.54,B,false,false,8,true,tender,high,high,64,1,24.225,20.256
TR-00776,train,retail_chain,HV,632.3,2984.1,0.5387,mid,17.4954,1.0398,3.6176,0.8629,560.2,0.0753,2,6.02,3.4,B,false,true,1,false,negotiated,low,high,50.6,1,26.02,20.254
TR-00777,train,retail_chain,HV,192.3,883.8,0.5247,mid,17.3133,1.029,3.6653,0.8861,170.4,0.0442,2,4.06,3.06,A,false,false,5,false,negotiated,medium,medium,15.4,1,24.692,19.724
TR-00778,train,retail_chain,HV,381.3,1723.9,0.5161,mid,17.5914,1.0455,3.6955,0.9008,337.8,0.0969,2,5.32,3.65,C,false,false,3,false,negotiated,medium,medium,30.5,2,26.271,20.121
TR-00779,train,retail_chain,HV,901.9,4138.8,0.5239,mid,17.3156,1.0291,3.6681,0.8875,799,0.0621,2,6.81,2.4,C,false,false,5,false,negotiated,high,high,72.2,1,24.887,21.504
TR-00780,train,retail_chain,HV,292.8,1339.5,0.5222,mid,17.5646,1.0439,3.6738,0.8902,259.4,0.0594,2,6.5,3.18,C,false,true,7,true,tender,high,low,23.4,2,25.791,21.347
TR-00781,train,retail_chain,HV,655.9,3114.1,0.542,mid,17.44,1.0365,3.6069,0.8578,581.1,0.0316,2,5.04,2.63,B,false,true,7,true,tender,high,medium,52.5,2,24.497,20.463
TR-00782,train,retail_chain,HV,448,2160.3,0.5505,mid,17.2455,1.0249,3.5798,0.8446,396.9,0.073,2,3.67,1.85,A,false,true,4,true,auto_renew,medium,low,35.8,2,28.085,23.753
TR-00783,train,retail_chain,HV,697.3,3250.7,0.5322,mid,17.5224,1.0414,3.6396,0.8736,617.8,0.0221,2,4.16,3.05,C,false,true,1,false,auto_renew,low,high,55.8,1,26.189,21.682
TR-00784,train,retail_chain,HV,207.9,948.7,0.5209,mid,17.401,1.0342,3.6785,0.8925,184.2,0.041,2,8.35,3.18,A,false,false,7,false,negotiated,medium,medium,16.6,2,23.167,18.8
TR-00785,train,retail_chain,HV,199.6,921.2,0.5269,mid,17.4981,1.0399,3.6577,0.8824,176.8,0.0439,2,4.45,4.11,C,false,false,3,true,tender,low,low,16,1,25.288,21.429
TR-00786,train,retail_chain,HV,469.3,2142,0.521,mid,17.3234,1.0296,3.6781,0.8923,415.8,0.0728,2,5.19,5.18,A,false,false,9,false,negotiated,medium,high,37.5,1,23.616,19.043
TR-00787,train,retail_chain,HV,480.6,2140.2,0.5084,mid,17.3597,1.0317,3.7239,0.9145,425.8,0.065,2,3.6,3.82,A,false,false,3,false,auto_renew,low,medium,38.4,1,22.987,19.053
TR-00788,train,retail_chain,HV,276.2,1304.9,0.5393,mid,17.493,1.0396,3.6157,0.862,244.7,0.0388,2,3.81,3.98,B,false,true,7,true,tender,low,low,22.1,3,28.219,22.067
TR-00789,train,retail_chain,HV,484.5,2204.2,0.5193,mid,17.3281,1.0298,3.684,0.8952,429.2,0.042,2,8.3,3.78,C,false,false,8,true,tender,low,high,38.8,2,25.846,20.212
TR-00790,train,retail_chain,HV,428.9,2051.9,0.5461,mid,17.2565,1.0256,3.5936,0.8513,380,0.0524,2,4.97,3.01,B,false,false,7,false,negotiated,medium,high,34.3,2,24.827,21.094
TR-00791,train,retail_chain,HV,456.5,2176.2,0.5442,mid,17.3278,1.0298,3.5998,0.8543,404.4,0.0752,2,3.64,1.68,A,false,false,2,false,negotiated,high,high,36.5,1,24.324,19.853
TR-00792,train,retail_chain,HV,360.2,1732.5,0.5491,mid,17.414,1.0349,3.5842,0.8467,319.1,0.0291,2,7.53,2.71,B,false,false,10,false,negotiated,low,high,28.8,1,24.499,19.87
TR-00793,train,retail_chain,HV,326.6,1511.5,0.5283,mid,17.3771,1.0328,3.6528,0.88,289.3,0.0749,2,6.36,3.35,A,false,true,9,false,auto_renew,low,low,26.1,2,26.816,21.658
TR-00794,train,retail_chain,HV,255.1,1182.7,0.5292,mid,17.3741,1.0326,3.6496,0.8784,226,0.037,2,5.1,2.14,B,false,false,3,false,auto_renew,high,medium,20.4,1,24.078,19.846
TR-00795,train,retail_chain,HV,345.2,1642.4,0.5431,mid,17.3875,1.0334,3.6033,0.856,305.8,0.0539,2,6.43,3.76,A,false,false,6,false,tender,high,medium,27.6,1,25.881,20.846
TR-00796,train,retail_chain,HV,277.3,1243.2,0.5118,mid,17.4315,1.036,3.7113,0.9084,245.7,0.045,2,5.48,2.83,C,false,false,1,false,negotiated,high,low,22.2,2,24.049,18.543
TR-00797,train,retail_chain,HV,874,4145.3,0.5414,mid,17.2685,1.0263,3.6088,0.8587,774.3,0.0495,2,6.1,3.54,B,false,false,1,false,auto_renew,low,high,69.9,2,25.216,21.079
TR-00798,train,retail_chain,HV,390.7,1814,0.53,mid,17.3716,1.0324,3.6469,0.8772,346.1,0.0728,2,6.46,3.73,A,false,false,6,false,negotiated,low,medium,31.3,2,24.743,20.266
TR-00799,train,retail_chain,HV,451.2,2062.2,0.5217,mid,17.3214,1.0294,3.6755,0.8911,399.7,0.0469,2,4.99,4.57,B,false,false,10,false,negotiated,medium,medium,36.1,1,24.485,19.486
TR-00800,train,retail_chain,HV,193.8,863.3,0.5085,mid,17.5731,1.0444,3.7233,0.9142,171.7,0.0708,2,5.18,2.61,B,false,true,9,false,tender,high,low,15.5,2,25.366,21.458
TR-00801,train,hospital,HV,952.8,5451.7,0.6532,high,17.0849,1.0154,3.3062,0.7507,890.3,0.0203,1,2.92,2.31,B,true,false,4,false,auto_renew,medium,none,0,3,23.915,19.22
TR-00802,train,hospital,HV,348.6,2013.1,0.6592,high,17.1145,1.0171,3.2927,0.7438,325.7,0.0271,1,3.56,2.49,D,true,false,10,true,tender,high,none,0,2,26.559,21.066
TR-00803,train,hospital,HV,776.6,4530.5,0.666,high,17.1058,1.0166,3.278,0.7363,725.7,0.0217,1,3.9,2.09,C,true,false,9,true,tender,low,none,0,2,22.83,19.572
TR-00804,train,hospital,HV,1226.4,7179.1,0.6682,high,17.1029,1.0165,3.2731,0.7338,1146,0.0215,1,4.45,1.72,C,true,false,1,false,auto_renew,high,none,0,2,25.341,19.764
TR-00805,train,hospital,HV,538.3,3183.6,0.6751,high,17.0642,1.0142,3.2585,0.7263,503,0.0456,1,4.52,1.81,B,true,false,3,false,tender,medium,none,0,3,25.29,20.073
TR-00806,train,hospital,HV,760.8,4518.7,0.678,high,17.0311,1.0122,3.2525,0.7232,710.9,0.0297,1,3.27,1.87,A,true,false,5,false,auto_renew,low,none,0,3,25.993,20.492
TR-00807,train,hospital,HV,1355.7,7969.8,0.6711,high,17.0993,1.0162,3.2671,0.7307,1266.8,0.0395,1,3.29,3.45,A,true,false,9,false,auto_renew,high,none,0,1,26.321,20.144
TR-00808,train,hospital,HV,721.9,4302.4,0.6804,high,16.9988,1.0103,3.2476,0.7207,674.6,0.0233,1,4.52,2.54,B,true,false,3,false,auto_renew,medium,none,0,1,23.087,18.23
TR-00809,train,hospital,HV,1675.1,9786.2,0.6669,high,17.1046,1.0166,3.276,0.7352,1565.2,0.0271,1,3.27,2.67,A,true,false,7,true,tender,low,none,0,1,24.31,19.477
TR-00810,train,hospital,HV,305.5,1781.1,0.6655,high,17.0381,1.0126,3.279,0.7368,285.5,0.025,1,3.78,2.93,A,true,false,8,false,tender,high,none,0,3,23.174,19.676
TR-00811,train,hospital,HV,209.8,1257.4,0.6841,high,17.1083,1.0168,3.2398,0.7167,196,0.0244,1,3.88,3.66,A,true,false,9,false,tender,low,none,0,3,25.107,20.719
TR-00812,train,hospital,HV,258.8,1512.2,0.667,high,17.1349,1.0184,3.2758,0.7351,241.8,0.0423,1,4.8,2.17,B,true,false,8,false,auto_renew,medium,none,0,3,23.421,17.877
TR-00813,train,hospital,HV,1019.3,5874.4,0.6579,high,17.1496,1.0192,3.2957,0.7453,952.4,0.0532,1,4.29,2.3,B,true,false,6,true,tender,medium,none,0,2,22.851,18.356
TR-00814,train,hospital,HV,1059.2,6293.1,0.6782,high,17.0309,1.0122,3.252,0.723,989.7,0.0456,1,4.48,2.36,B,true,false,10,false,tender,low,none,0,2,24.095,20.541
TR-00815,train,hospital,HV,314.8,1850.2,0.6709,high,17.035,1.0124,3.2674,0.7309,294.2,0.0341,1,5.49,2.44,B,true,false,9,false,auto_renew,high,none,0,1,24.668,19.299
TR-00816,train,hospital,HV,1380.2,8135.1,0.6728,high,17.034,1.0124,3.2633,0.7288,1289.7,0.0152,1,6.34,2.33,B,true,false,1,false,auto_renew,high,none,0,3,23.429,18.563
TR-00817,train,hospital,HV,940.2,5415.2,0.6575,high,17.0033,1.0105,3.2966,0.7458,878.5,0.0237,1,4.27,2.66,B,true,false,9,false,tender,high,none,0,3,24.482,18.816
TR-00818,train,hospital,HV,179.6,1049.4,0.667,high,17.0718,1.0146,3.2759,0.7352,167.8,0.0352,1,2.88,2.34,A,true,false,4,true,auto_renew,medium,none,0,3,26.04,20.143
TR-00819,train,hospital,HV,619.3,3600.9,0.6637,high,17.0392,1.0127,3.2828,0.7387,578.7,0.0178,1,4.73,3.38,A,true,false,8,true,auto_renew,medium,none,0,2,25.246,20.809
TR-00820,train,hospital,HV,624.5,3637.7,0.665,high,17.1071,1.0167,3.2802,0.7374,583.5,0.0344,1,5.02,2.41,B,true,false,7,false,auto_renew,low,none,0,1,22.47,18.349
TR-00821,train,hospital,HV,965.4,5567.3,0.6583,high,17.0423,1.0129,3.2947,0.7448,902.1,0.0433,1,4.51,2.38,A,true,false,5,true,tender,low,none,0,2,24.665,20.627
TR-00822,train,hospital,HV,1887.9,11184.9,0.6763,high,17.1203,1.0175,3.256,0.725,1764.1,0.0297,1,4.67,2.16,A,true,true,5,false,tender,medium,none,0,2,22.872,19.468
TR-00823,train,hospital,HV,560.8,3251.7,0.6619,high,17.1431,1.0188,3.2869,0.7408,524,0.0265,1,3.24,2.9,B,true,false,4,false,tender,high,none,0,2,21.935,17.934
TR-00824,train,hospital,HV,928.3,5460.9,0.6715,high,17.0675,1.0144,3.2661,0.7302,867.4,0.0177,1,5.6,2.45,C,true,true,1,false,tender,low,none,0,1,24.558,20.516
TR-00825,train,hospital,HV,539,3180.5,0.6736,high,17.0335,1.0123,3.2617,0.7279,503.6,0.0263,1,3.36,2.47,B,true,false,8,false,auto_renew,low,none,0,1,23.45,19.627
TR-00826,train,hospital,HV,280,1639.8,0.6686,high,17.0703,1.0145,3.2725,0.7334,261.6,0.0272,1,2.52,2.2,B,true,false,9,true,tender,medium,none,0,1,20.801,16.808
TR-00827,train,hospital,HV,557,3310.9,0.6786,high,17.0308,1.0122,3.2513,0.7226,520.5,0.0223,1,3.69,4.5,B,true,false,2,false,auto_renew,medium,none,0,1,24.345,19.124
TR-00828,train,hospital,HV,1024.4,6002.9,0.6689,high,17.0362,1.0125,3.2716,0.733,957.2,0.0193,1,5.02,3.31,B,true,false,7,false,tender,high,none,0,3,23.761,19.345
TR-00829,train,hospital,HV,351.4,2074.6,0.674,high,17.0957,1.016,3.261,0.7276,328.4,0.0258,1,3.26,2.87,C,true,true,2,false,negotiated,medium,none,0,1,22.201,19.853
TR-00830,train,hospital,HV,1153.7,6785.4,0.6714,high,17.128,1.0179,3.2664,0.7303,1078,0.0515,1,3.36,2.28,B,true,false,1,false,tender,low,none,0,2,23.736,19.227
TR-00831,train,hospital,HV,278.7,1608.5,0.6588,high,17.0795,1.0151,3.2936,0.7443,260.4,0.0266,1,4.55,1.34,B,true,false,1,false,auto_renew,low,none,0,2,24.616,19.275
TR-00832,train,hospital,HV,982.8,5687.8,0.6607,high,17.041,1.0128,3.2896,0.7422,918.3,0.038,1,6.05,3.33,B,true,false,2,true,auto_renew,high,none,0,3,23.969,19.643
TR-00833,train,hospital,HV,545.4,3159.9,0.6614,high,17.1117,1.017,3.288,0.7414,509.6,0.0169,1,4.84,2.03,A,true,false,8,false,negotiated,low,none,0,1,24.564,19.375
TR-00834,train,hospital,HV,1104.8,6430.7,0.6645,high,17.139,1.0186,3.2813,0.738,1032.3,0.0318,1,3.64,2.27,B,true,false,9,false,auto_renew,low,none,0,2,24.709,19.577
TR-00835,train,hospital,HV,859.8,5054.8,0.6711,high,17.0679,1.0144,3.267,0.7306,803.4,0.0107,1,5.74,2.92,B,true,false,3,false,auto_renew,high,none,0,2,22.442,19.147
TR-00836,train,hospital,HV,941.7,5569.9,0.6752,high,17.0326,1.0123,3.2584,0.7262,879.9,0.0336,1,4.5,2.53,D,true,false,1,false,negotiated,high,none,0,1,23.103,18.998
TR-00837,train,hospital,HV,679.3,4002.6,0.6726,high,17.0973,1.0161,3.2638,0.729,634.7,0.0391,1,5.57,3.96,A,true,false,10,false,auto_renew,low,none,0,3,21.606,17.515
TR-00838,train,hospital,HV,723.9,4257.9,0.6714,high,17.1279,1.0179,3.2663,0.7303,676.4,0.0373,1,3.53,1.99,A,true,false,8,false,negotiated,high,none,0,2,22.402,18.149
TR-00839,train,hospital,HV,346.3,2041.4,0.6729,high,17.0339,1.0124,3.2631,0.7287,323.6,0.0366,1,4.07,2.78,A,true,false,1,false,negotiated,low,none,0,2,23.7,18.697
TR-00840,train,hospital,HV,639.2,3787.4,0.6764,high,17.032,1.0122,3.2559,0.7249,597.3,0.0327,1,4.18,2.37,B,true,false,8,false,auto_renew,medium,none,0,2,22.867,18.776
TR-00841,train,hospital,HV,1386.2,8012.5,0.6598,high,17.1137,1.0171,3.2914,0.7431,1295.3,0.0399,1,3.86,2.13,B,true,false,9,true,tender,high,none,0,3,25.075,19.166
TR-00842,train,hospital,HV,399.1,2359.4,0.6749,high,17.0328,1.0123,3.2591,0.7266,372.9,0.0177,1,3.57,2.3,A,true,false,7,true,tender,medium,none,0,3,24.045,19.082
TR-00843,train,hospital,HV,391.8,2248.7,0.6552,high,17.083,1.0153,3.3017,0.7484,366.1,0.0223,1,2.45,2.47,D,true,false,6,false,negotiated,high,none,0,2,24.061,18.624
TR-00844,train,hospital,HV,375.4,2205.3,0.6706,high,17.1292,1.018,3.2681,0.7312,350.8,0.0345,1,5.16,1.71,A,true,false,5,false,auto_renew,medium,none,0,3,28.018,21.861
TR-00845,train,hospital,HV,445.7,2647.1,0.678,high,16.9992,1.0103,3.2525,0.7232,416.5,0.0491,1,2.62,2.54,A,true,false,4,false,auto_renew,low,none,0,1,24.225,19.331
TR-00846,train,hospital,HV,900.2,5202,0.6597,high,17.0415,1.0128,3.2918,0.7433,841.2,0.0324,1,3.52,1.64,A,true,true,7,false,negotiated,low,none,0,3,23.632,19.977
TR-00847,train,hospital,HV,1955.7,11624.7,0.6785,high,17.1169,1.0173,3.2514,0.7226,1827.4,0.0256,1,3.41,2.78,A,true,false,10,false,auto_renew,low,none,0,3,23.393,18.728
TR-00848,train,hospital,HV,231.5,1353.9,0.6676,high,17.0369,1.0125,3.2745,0.7345,216.3,0.0431,1,4.57,3.63,C,true,false,3,false,auto_renew,medium,none,0,2,24.004,19.181
TR-00849,train,hospital,HV,342.8,2014.7,0.6709,high,17.035,1.0124,3.2674,0.7308,320.3,0.0687,1,5.38,2.56,B,true,false,3,false,auto_renew,medium,none,0,3,24.846,20.183
TR-00850,train,hospital,EHV,2416.5,13906.9,0.657,high,17.0034,1.0105,1.8127,0.7464,2258,0.046,1,3.31,2.72,A,true,false,7,false,auto_renew,low,none,0,1,22.893,17.603
TR-00851,train,hospital,HV,1585,9190.6,0.6619,high,17.111,1.0169,3.2868,0.7408,1481,0.0483,1,3.85,2.56,A,true,false,10,true,negotiated,medium,none,0,1,23.724,18.776
TR-00852,train,hospital,HV,876.1,5152.4,0.6713,high,17.0005,1.0104,3.2665,0.7304,818.6,0.0349,1,5.63,2.02,B,true,false,3,true,auto_renew,high,none,0,1,24.616,19.795
TR-00853,train,hospital,HV,1949.1,11362,0.6654,high,17.0017,1.0104,3.2791,0.7369,1821.3,0.0255,1,3.9,3.23,B,true,false,8,false,auto_renew,medium,none,0,1,23.093,19.052
TR-00854,train,hospital,HV,487.3,2846.6,0.6668,high,17.1352,1.0184,3.2762,0.7353,455.3,0.0375,1,3.38,2.13,A,true,false,7,true,tender,low,none,0,1,24.107,19.069
TR-00855,train,hospital,HV,576.9,3372.9,0.6674,high,17.1039,1.0165,3.2749,0.7347,539.1,0.029,1,4.46,2.12,D,true,false,5,false,auto_renew,high,none,0,3,22.847,18.45
TR-00856,train,hospital,HV,1076.5,6284.6,0.6664,high,17.0723,1.0146,3.277,0.7358,1005.9,0.034,1,3.81,2.8,B,true,false,1,false,auto_renew,low,none,0,1,22.658,19.702
TR-00857,train,hospital,HV,473,2772,0.669,high,17.0361,1.0125,3.2715,0.7329,442,0.0499,1,3.73,1.58,A,true,false,3,true,tender,high,none,0,2,24.934,19.717
TR-00858,train,hospital,HV,462.9,2711.3,0.6686,high,17.1024,1.0164,3.2723,0.7334,432.5,0.0362,1,2.81,1.84,A,true,false,1,false,auto_renew,high,none,0,3,23.386,19.146
TR-00859,train,hospital,HV,795.6,4665.9,0.6695,high,17.0694,1.0145,3.2705,0.7324,743.4,0.0323,1,3.88,2.81,B,true,false,2,false,tender,medium,none,0,2,25.267,20.188
TR-00860,train,hospital,HV,736.4,4359,0.6757,high,17.0323,1.0123,3.2573,0.7257,688.1,0.0194,1,2.54,1.92,B,true,false,5,false,auto_renew,high,none,0,3,21.413,18.717
TR-00861,train,hospital,HV,804.1,4789.9,0.68,high,16.9988,1.0103,3.2484,0.7211,751.4,0.0288,1,6.07,2.61,B,true,false,10,false,auto_renew,medium,none,0,1,24.288,19.366
TR-00862,train,hospital,HV,497.2,2960.1,0.6796,high,17.1152,1.0172,3.2491,0.7215,464.6,0.0303,1,4.58,2.68,B,true,false,3,false,negotiated,high,none,0,3,22.763,17.552
TR-00863,train,hospital,HV,1264,7524.9,0.6796,high,17.1152,1.0172,3.2492,0.7215,1181.1,0.0778,1,5.64,4.12,B,true,false,10,false,auto_renew,low,none,0,2,23.068,18.601
TR-00864,train,hospital,HV,1316.2,7722.4,0.6698,high,17.1305,1.0181,3.2699,0.7321,1229.9,0.0475,1,5.15,1.96,A,true,false,8,false,auto_renew,medium,none,0,2,23.086,18.215
TR-00865,train,hospital,HV,804.6,4769.5,0.6767,high,17.0318,1.0122,3.2553,0.7246,751.8,0.0375,1,3.54,3.43,B,true,false,9,false,tender,low,none,0,1,23.637,18.78
TR-00866,train,hospital,HV,287.8,1692.5,0.6713,high,17.0677,1.0144,3.2666,0.7304,268.9,0.0322,1,2.75,3.66,A,true,false,6,false,auto_renew,low,none,0,3,21.44,17.125
TR-00867,train,hospital,HV,610.7,3622.3,0.6771,high,16.9994,1.0103,3.2544,0.7242,570.6,0.0251,1,4.21,2.18,B,true,true,5,true,auto_renew,high,none,0,1,24.127,19.327
TR-00868,train,hospital,HV,861,5061,0.671,high,17.0006,1.0104,3.2672,0.7308,804.5,0.0237,1,3.45,2.46,D,true,false,7,false,tender,medium,none,0,3,22.72,19.287
TR-00869,train,hospital,HV,1121.9,6537.9,0.6652,high,17.0017,1.0104,3.2796,0.7371,1048.3,0.0253,1,4.19,2.47,B,true,false,10,true,tender,low,none,0,3,25.081,20.294
TR-00870,train,hospital,HV,1358.1,7951.5,0.6684,high,17.0365,1.0125,3.2729,0.7336,1269,0.0292,1,5.52,1.96,B,true,false,7,false,auto_renew,high,none,0,2,23.342,20.055
TR-00871,train,hospital,HV,1484.1,8666.8,0.6666,high,17.0014,1.0104,3.2766,0.7355,1386.8,0.0334,1,5.67,1.89,C,true,false,7,true,negotiated,high,none,0,1,23.755,18.902
TR-00872,train,hospital,HV,1181.7,6956.2,0.672,high,17.0982,1.0162,3.2652,0.7297,1104.2,0.0243,1,3.82,2.66,A,true,false,2,false,auto_renew,high,none,0,1,23.533,18.973
TR-00873,train,hospital,HV,912.7,5388.4,0.6739,high,17.0653,1.0142,3.261,0.7276,852.8,0.0269,1,4.11,2.8,C,true,false,8,true,auto_renew,low,none,0,2,24.707,18.3
TR-00874,train,hospital,HV,592.1,3478.1,0.6706,high,17.0352,1.0124,3.2682,0.7312,553.3,0.0411,1,4.32,1.82,A,true,false,2,false,auto_renew,medium,none,0,3,24.409,19.66
TR-00875,train,hospital,HV,1176.7,6934.2,0.6727,high,17.1259,1.0178,3.2636,0.7289,1099.5,0.0296,1,5.16,2.46,B,true,false,3,false,auto_renew,medium,none,0,2,25.481,19.514
TR-00876,train,hospital,HV,722.7,4261.5,0.6731,high,17.0002,1.0104,3.2627,0.7284,675.3,0.012,1,4.51,2.49,A,true,false,8,true,tender,high,none,0,3,24.345,20.851
TR-00877,train,hospital,HV,829.2,4830.7,0.665,high,17.1381,1.0185,3.28,0.7373,774.8,0.0627,1,2.83,3.55,B,true,false,1,false,negotiated,high,none,0,2,22.003,17.958
TR-00878,train,hospital,EHV,2774.7,16052.2,0.6604,high,17.0027,1.0105,1.808,0.7425,2592.7,0.0188,1,3.93,3.09,A,true,false,9,false,auto_renew,medium,none,0,3,21.743,16.988
TR-00879,train,hospital,HV,336.7,1968.4,0.6674,high,17.104,1.0165,3.275,0.7347,314.6,0.0394,1,5.24,2.23,B,true,false,8,false,auto_renew,low,none,0,1,21.596,18.349
TR-00880,train,hospital,HV,718,4221.5,0.6712,high,17.0005,1.0104,3.2668,0.7306,670.9,0.0263,1,5.62,2.18,B,true,false,5,false,negotiated,low,none,0,1,21.973,18.413
TR-00881,train,water_utility,HV,955.7,6442.9,0.7696,high,16.9936,1.01,3.0844,0.5666,794.2,0.1941,6,3.2,6.08,D,true,false,10,false,tender,low,low,286.7,3,24.708,19.204
TR-00882,train,water_utility,EHV,2963.4,20170.5,0.777,high,16.9859,1.0095,1.6732,0.5706,2503.5,0.1552,6,4.41,2.66,A,true,false,2,false,negotiated,medium,medium,889,1,23.689,18.069
TR-00883,train,water_utility,HV,721.9,4880.1,0.7717,high,16.9904,1.0098,3.081,0.567,601.9,0.3411,6,3.73,2.68,B,true,false,7,false,tender,low,medium,216.6,3,22.406,17.642
TR-00884,train,water_utility,EHV,2602.5,17740.2,0.7782,high,16.9842,1.0094,1.6721,0.5707,2202.4,0.2192,6,3.64,4.42,A,true,false,9,false,tender,high,medium,780.8,2,21.902,16.925
TR-00885,train,water_utility,HV,1870.2,12736.3,0.7774,high,16.9708,1.0086,3.0719,0.5678,1573.2,0.2298,6,3.39,2.36,B,true,false,7,false,tender,medium,medium,561.1,1,25.278,19.431
TR-00886,train,water_utility,EHV,3545.2,24125.1,0.7768,high,16.9716,1.0087,1.6734,0.5677,2979.5,0.2593,6,3.04,2.65,D,true,false,6,false,tender,high,high,1063.6,1,22.882,17.892
TR-00887,train,water_utility,HV,1857.2,12681.3,0.7795,high,16.968,1.0084,3.0686,0.5681,1567.2,0.2254,6,4.23,3.72,B,true,false,4,false,tender,high,low,557.2,1,22.112,18.549
TR-00888,train,water_utility,HV,1160,7871.4,0.7746,high,16.9897,1.0097,3.0763,0.5703,976.5,0.2344,6,3.31,2.32,B,true,false,4,true,tender,high,medium,348,1,22.573,18.207
TR-00889,train,water_utility,EHV,2063.2,13960.5,0.7724,high,16.9776,1.009,1.6778,0.5671,1722.1,0.2533,6,3.53,2.03,A,true,false,9,false,tender,medium,low,619,1,20.422,17.084
TR-00890,train,water_utility,EHV,3168.7,21273.5,0.7664,high,16.9928,1.0099,1.6838,0.5759,2664.9,0.2675,6,4.03,3.56,A,true,false,10,true,tender,medium,medium,950.6,1,20.661,16.028
TR-00891,train,water_utility,HV,1181.9,8078.4,0.7803,high,16.9824,1.0093,3.0674,0.5682,998.6,0.1688,6,2.94,2.8,A,true,true,9,true,tender,low,low,354.6,1,23.355,19.087
TR-00892,train,water_utility,HV,1051,7042.4,0.7649,high,16.9879,1.0096,3.092,0.5659,867,0.1225,6,3.8,5.03,A,true,false,8,false,tender,medium,medium,315.3,1,23.28,18.823
TR-00893,train,water_utility,HV,288.9,1940.8,0.7669,high,16.9852,1.0095,3.0888,0.5662,239.1,0.2255,6,5.64,2.63,A,true,false,6,true,tender,high,medium,86.7,2,22.878,18.304
TR-00894,train,water_utility,HV,998.7,6778,0.7748,high,16.9744,1.0088,3.0761,0.5674,836.6,0.45,6,4,3.08,B,true,false,4,false,negotiated,high,medium,299.6,1,21.773,18.149
TR-00895,train,water_utility,HV,949.4,6371.1,0.7661,high,17.005,1.0106,3.0901,0.5661,784.6,0.1342,6,3.24,2.89,C,true,false,2,true,tender,low,medium,284.8,1,22.101,18.133
TR-00896,train,water_utility,HV,1537.5,10414.7,0.7733,high,16.9918,1.0099,3.0785,0.5702,1291.7,0.2418,6,3.25,2.48,A,true,false,7,true,tender,high,medium,461.2,1,22.998,18.444
TR-00897,train,water_utility,HV,1533.1,10386.2,0.7734,high,16.9879,1.0096,3.0783,0.5672,1281.5,0.3346,6,3.23,2.9,B,true,false,1,false,tender,low,medium,459.9,1,20.512,16.742
TR-00898,train,water_utility,HV,923,6255.8,0.7737,high,16.9911,1.0098,3.0778,0.5702,776,0.3906,6,7.51,2.67,C,true,false,5,false,tender,low,high,276.9,2,22.664,17.711
TR-00899,train,water_utility,HV,791.6,5399.8,0.7787,high,16.9798,1.0091,3.0699,0.568,667.2,0.4496,6,2.98,2.22,B,true,false,3,false,tender,medium,low,237.5,1,21.557,17.532
TR-00900,train,water_utility,HV,277,1881,0.7752,high,16.9738,1.0088,3.0754,0.5675,232.2,0.2517,6,2.5,3.89,A,true,false,1,false,tender,high,medium,83.1,3,24.198,19.705
TR-00901,train,water_utility,EHV,3379.5,22746.7,0.7684,high,16.9832,1.0093,1.6818,0.5664,2802.9,0.1987,6,5.09,2.51,B,true,false,2,false,tender,high,medium,1013.8,1,22.806,15.957
TR-00902,train,water_utility,EHV,3037.9,20407.5,0.7669,high,17.0019,1.0105,1.6833,0.5694,2527.9,0.1337,6,5.2,3.02,C,true,false,4,true,tender,high,medium,911.4,1,22.292,16.781
TR-00903,train,water_utility,HV,88.9,598.5,0.7685,high,16.9992,1.0103,3.0861,0.5696,74.2,0.3166,6,3.84,3.79,B,true,false,5,false,tender,low,high,26.7,1,21.891,17.789
TR-00904,train,water_utility,EHV,4184,28158.3,0.7683,high,16.99,1.0097,1.6819,0.5759,3527.8,0.3414,6,3.18,2.9,A,true,false,7,false,tender,low,low,1255.2,1,23.102,18.144
TR-00905,train,water_utility,HV,479.1,3188.4,0.7597,high,17.0134,1.0111,3.1006,0.5686,394.4,0.1503,6,3.57,3.74,C,true,false,4,false,tender,low,medium,143.7,3,21.915,17.129
TR-00906,train,water_utility,EHV,3182.1,21709.2,0.7788,high,16.9847,1.0094,1.6715,0.568,2682.5,0.2415,6,5.14,2.99,B,true,false,8,true,tender,low,high,954.6,1,22.052,17.449
TR-00907,train,water_utility,HV,1021.8,6966.1,0.7783,high,16.9756,1.0089,3.0706,0.5762,873.2,0.3223,6,2.28,3.59,B,true,false,2,false,negotiated,low,medium,306.5,1,22.533,18.089
TR-00908,train,water_utility,HV,315.5,2164.9,0.7833,high,16.9777,1.009,3.0626,0.5687,267.8,0.1664,6,5.73,3.06,A,true,false,6,false,tender,high,low,94.6,1,25.631,20.329
TR-00909,train,water_utility,HV,1594.8,10769.9,0.7709,high,16.9972,1.0102,3.0823,0.5668,1328,0.1535,6,2.6,2.77,B,true,false,8,false,tender,medium,low,478.4,1,22.365,18.121
TR-00910,train,water_utility,HV,336.9,2289.4,0.7758,high,16.9843,1.0094,3.0745,0.5676,282.7,0.2426,6,3.71,3.23,A,true,false,8,true,tender,medium,low,101.1,1,24.794,19.198
TR-00911,train,water_utility,EHV,3701.9,25169,0.7761,high,16.9873,1.0096,1.6741,0.5705,3123.4,0.1535,6,3.54,3.52,A,true,true,9,false,tender,low,medium,1110.6,1,22.25,17.869
TR-00912,train,water_utility,HV,498.8,3369.6,0.7712,high,16.9968,1.0101,3.0819,0.5669,415.5,0.1929,6,3.89,3.69,A,true,false,7,true,tender,medium,high,149.6,1,22.792,17.968
TR-00913,train,water_utility,EHV,4825.3,32586.9,0.7709,high,16.9954,1.0101,1.6792,0.5699,4039.9,0.3872,6,3.16,2.91,C,true,false,9,true,tender,low,medium,1447.6,1,24.543,18.725
TR-00914,train,water_utility,HV,570.1,3924.4,0.7858,high,16.9725,1.0087,3.0587,0.5715,487.9,0.1853,6,3.94,3.61,D,true,false,9,true,tender,medium,medium,171,1,23.795,19.274
TR-00915,train,water_utility,HV,1420.5,9608.9,0.7722,high,16.9951,1.0101,3.0802,0.567,1185.3,0.2027,6,4.01,2.5,B,true,false,9,true,tender,high,medium,426.1,1,24.481,20.135
TR-00916,train,water_utility,HV,1455.4,9917.7,0.7779,high,16.9846,1.0094,3.0711,0.5707,1231.2,0.2156,6,5.1,3.57,A,true,false,4,false,negotiated,low,medium,436.6,1,24.829,20.763
TR-00917,train,water_utility,HV,557.8,3798.9,0.7775,high,16.9767,1.009,3.0718,0.5762,476.2,0.45,6,5.18,3.34,D,true,false,9,false,tender,high,high,167.3,1,24.059,18.561
TR-00918,train,water_utility,HV,746,5072.3,0.7762,high,16.9872,1.0096,3.0738,0.5705,629.5,0.3105,6,3.87,3.51,B,true,false,2,false,negotiated,medium,high,223.8,2,22.623,18.539
TR-00919,train,water_utility,EHV,2211.7,14976.5,0.773,high,16.9768,1.009,1.6772,0.5671,1847.7,0.1867,6,3.06,2.45,C,true,false,7,true,tender,medium,low,663.5,2,21.291,16.959
TR-00920,train,water_utility,HV,1597,10910.4,0.7799,high,16.9675,1.0084,3.068,0.5682,1348.5,0.3431,6,3.67,2.37,B,true,false,3,false,tender,low,low,479.1,1,24.551,18.296
TR-00921,train,water_utility,HV,1768.6,12078.5,0.7796,high,16.9819,1.0093,3.0684,0.5708,1499.9,0.294,6,4.22,4.03,B,true,true,6,false,tender,high,high,530.6,1,24.777,20.498
TR-00922,train,water_utility,HV,1324.4,9066.4,0.7815,high,16.9791,1.0091,3.0655,0.5711,1126.3,0.2381,6,3.09,2.96,A,true,false,8,true,tender,medium,low,397.3,1,22.858,17.653
TR-00923,train,water_utility,HV,159.7,1080,0.772,high,16.9955,1.0101,3.0806,0.567,133.2,0.2089,6,3.15,2.69,A,true,false,9,true,tender,high,low,47.9,2,23.758,19.357
TR-00924,train,water_utility,EHV,2090.7,14203,0.7755,high,16.9795,1.0091,1.6747,0.5762,1780.1,0.2474,6,5.78,2.35,A,true,false,1,false,tender,medium,high,627.2,3,20.969,16.266
TR-00925,train,water_utility,HV,436.4,2953.1,0.7725,high,16.9892,1.0097,3.0798,0.5671,364.3,0.3273,6,4.5,3.12,D,true,false,8,false,tender,high,high,130.9,1,23.763,18.349
TR-00926,train,university,HV,872.2,3105.3,0.4064,mid,17.5801,1.0448,4.1963,0.8517,575.3,0.1244,2,6.14,6.13,A,false,false,2,false,tender,low,medium,87.2,1,26.841,21.665
TR-00927,train,university,EHV,2793,10668.9,0.4361,mid,17.5808,1.0449,2.27,0.7938,1842.3,0.0901,2,4.76,4.52,A,false,true,10,true,negotiated,high,high,279.3,3,24.498,20.096
TR-00928,train,university,HV,507.6,1899.3,0.4271,mid,17.6064,1.0464,4.0821,0.8104,334.8,0.0528,2,6.61,3.57,A,false,false,2,false,tender,low,high,50.8,2,25.527,21.134
TR-00929,train,university,HV,1134.9,3990.1,0.4013,mid,17.3772,1.0328,4.2262,0.8625,748.6,0.0365,2,8.23,4.2,C,false,true,6,true,negotiated,medium,medium,113.5,1,27.538,22.19
TR-00930,train,university,HV,1800.9,6485.4,0.4111,mid,17.7326,1.0539,4.1696,0.8313,1172.8,0.0522,2,6.14,3.38,A,false,true,2,true,tender,low,medium,180.1,1,26.545,20.73
TR-00931,train,university,EHV,2894.8,9991.7,0.394,low,17.3866,1.0333,2.4151,0.8785,1909.5,0.0905,2,6.64,6.52,B,false,false,7,false,tender,high,medium,289.5,1,24.045,18.819
TR-00932,train,university,EHV,3626.2,12552,0.3951,low,17.3852,1.0332,2.4108,0.876,2391.9,0.0484,2,6.26,5.96,C,false,true,1,true,tender,medium,medium,362.6,1,25.579,20.073
TR-00933,train,university,HV,1040.1,4067.6,0.4464,mid,17.4844,1.0391,3.9852,0.7753,686.1,0.078,2,5.94,4.82,A,false,false,9,true,tender,low,low,104,2,24.503,19.176
TR-00934,train,university,HV,1556.2,5453.7,0.4001,mid,17.3789,1.0329,4.2338,0.8652,1026.5,0.1028,2,6.67,3.19,B,false,true,8,false,tender,low,medium,155.6,2,27.809,22.513
TR-00935,train,university,HV,932.6,3504.5,0.429,mid,17.6695,1.0501,4.0725,0.7975,607.9,0.0716,2,5.73,5.38,A,false,false,2,false,negotiated,medium,high,93.3,3,24.285,21.284
TR-00936,train,university,HV,1193.3,4383.7,0.4194,mid,17.5471,1.0429,4.1237,0.8254,787.1,0.0416,2,5.87,5.7,A,false,false,9,false,tender,medium,high,119.3,1,25.675,21.235
TR-00937,train,university,EHV,3533.1,12328.5,0.3983,low,17.6968,1.0518,2.3988,0.869,2330.5,0.07,2,5.33,4.5,B,false,true,2,false,tender,medium,medium,353.3,1,25.903,20.32
TR-00938,train,university,HV,1144.9,4137.1,0.4125,mid,17.3636,1.032,4.1617,0.8391,755.2,0.0433,2,7.25,7.25,A,false,false,9,false,tender,medium,low,114.5,2,25.091,20.49
TR-00939,train,university,HV,1482.8,5688.8,0.438,mid,17.3351,1.0303,4.0267,0.7904,978.1,0.0341,2,6.58,6,C,false,true,5,false,tender,high,medium,148.3,1,25.475,21.556
TR-00940,train,university,HV,767.2,2809.7,0.4181,mid,17.7074,1.0524,4.1308,0.8178,499.8,0.0877,2,8.19,8.6,B,false,false,3,false,tender,high,low,76.7,1,24.964,20.785
TR-00941,train,university,EHV,4484,16295.6,0.4149,mid,17.4635,1.0379,2.3395,0.8344,2957.7,0.0347,2,5.89,4.37,A,false,true,5,true,tender,low,medium,448.4,1,25.47,20.853
TR-00942,train,university,HV,1781.2,6303.9,0.404,mid,17.6779,1.0506,4.2104,0.8568,1174.9,0.0534,2,7.01,7.49,A,false,false,6,false,negotiated,high,high,178.1,3,25.714,20.863
TR-00943,train,university,HV,1691.8,6416.9,0.433,mid,17.5895,1.0454,4.0518,0.7994,1115.9,0.0469,2,12.1,3.8,B,false,true,8,true,tender,high,medium,169.2,1,24.819,22.397
TR-00944,train,university,HV,692.4,2517.8,0.4151,mid,17.6426,1.0485,4.1471,0.8339,456.7,0.067,2,7.61,2.9,A,false,false,6,false,negotiated,high,medium,69.2,1,26.003,20.422
TR-00945,train,university,HV,1066.2,3887.9,0.4163,mid,17.3592,1.0317,4.1406,0.8315,703.3,0.0463,2,9.47,5.77,B,false,false,9,false,tender,high,low,106.6,1,25.734,20.717
TR-00946,train,university,HV,516.9,1786.5,0.3945,low,17.3859,1.0333,4.2674,0.8773,341,0.0776,2,6.37,5.15,B,false,true,2,false,tender,low,medium,51.7,2,26.254,21.864
TR-00947,train,university,HV,1006.6,3677.2,0.417,mid,17.5529,1.0432,4.1365,0.83,664,0.0942,2,6.96,4.75,C,false,true,5,true,negotiated,low,medium,100.7,1,24.561,20.281
TR-00948,train,university,EHV,3295,11719.9,0.406,mid,17.4804,1.0389,2.3705,0.8525,2173.4,0.08,2,6.32,4.25,B,false,false,10,false,tender,low,low,329.5,1,24.499,18.543
TR-00949,train,university,HV,1006.6,3694.3,0.419,mid,17.7042,1.0522,4.1259,0.8161,655.8,0.0499,2,6.96,4.32,A,false,false,9,false,tender,medium,medium,100.7,1,27.13,21.25
TR-00950,train,university,EHV,2132.7,7789.4,0.4169,mid,17.3584,1.0316,2.3324,0.8302,1406.8,0.0594,2,8.16,3.44,B,false,true,3,true,tender,high,low,213.3,2,22.97,19.062
TR-00951,train,university,HV,334.5,1203.6,0.4107,mid,17.3657,1.0321,4.1716,0.8427,220.6,0.0566,2,6.18,4.29,A,false,true,8,false,negotiated,low,medium,33.5,1,27.426,22.626
TR-00952,train,university,HV,960.9,3643.3,0.4328,mid,17.6566,1.0494,4.0526,0.7905,626.5,0.0679,2,9.82,6.58,B,false,true,7,true,tender,high,low,96.1,1,24.812,21.391
TR-00953,train,university,EHV,3278,11690.2,0.4071,mid,17.6679,1.05,2.3667,0.8503,2162.2,0.0236,2,9.51,6.25,B,false,false,9,false,tender,high,medium,327.8,1,25.73,20.092
TR-00954,train,university,HV,1299.1,4715.8,0.4144,mid,17.3614,1.0318,4.1511,0.8353,856.9,0.057,2,7.47,4.67,D,false,true,2,false,tender,low,medium,129.9,3,25.716,20.455
TR-00955,train,university,HV,292.2,1091.4,0.4264,mid,17.4425,1.0366,4.0861,0.8118,192.7,0.0487,2,11.5,8.67,A,false,true,9,false,tender,high,medium,29.2,3,26.309,22.357
TR-00956,train,university,HV,917.4,3469.7,0.4317,mid,17.433,1.0361,4.0582,0.8017,605.1,0.0528,2,8.41,6.21,A,false,false,10,false,tender,medium,high,91.7,1,24.266,20.235
TR-00957,train,university,HV,1602.8,5645.1,0.4021,mid,17.7667,1.0559,4.2219,0.8496,1043.3,0.0693,2,9.46,4.19,A,false,true,6,false,tender,high,medium,160.3,1,30.302,24.31
TR-00958,train,university,HV,750.8,2834.3,0.4309,mid,17.5193,1.0412,4.0623,0.8032,495.2,0.0359,2,15.26,4.28,A,false,false,2,true,tender,medium,low,75.1,2,25.85,21.196
TR-00959,train,university,EHV,4793.2,16780.7,0.3997,low,17.6924,1.0515,2.3939,0.8661,3161.7,0.0759,2,6.78,2.57,A,false,false,10,true,tender,high,high,479.3,1,22.278,18.679
TR-00960,train,university,HV,638.6,2316,0.414,mid,17.3618,1.0318,4.1532,0.8361,421.2,0.0564,2,6.38,3.84,B,false,true,8,false,negotiated,high,medium,63.9,1,26.576,21.957
TR-00961,train,university,HV,361.2,1287,0.4068,mid,17.669,1.0501,4.1945,0.851,238.3,0.0534,2,5.03,6.87,C,false,false,6,true,tender,low,high,36.1,1,26.859,21.756
TR-00962,train,university,EHV,3593.3,12634.1,0.4014,mid,17.5935,1.0456,2.3875,0.8624,2370.2,0.1097,2,6.42,4.97,B,false,true,9,false,tender,medium,low,359.3,2,26.408,20.356
TR-00963,train,university,EHV,2554.6,9373.9,0.4189,mid,17.3562,1.0315,2.3257,0.8263,1685.1,0.0645,2,10.7,6.77,C,false,true,5,false,negotiated,high,medium,255.5,1,22.796,18.488
TR-00964,train,university,HV,576.1,2066.3,0.4094,mid,17.6604,1.0496,4.179,0.8454,380,0.0662,2,5.14,3.64,A,false,false,3,false,tender,medium,low,57.6,2,24.548,18.749
TR-00965,train,university,EHV,2099.5,7480.1,0.4067,mid,17.6692,1.0501,2.3681,0.8511,1384.9,0.0389,2,5.13,3.22,C,false,true,2,true,tender,low,medium,210,1,24.03,19.179
TR-00966,train,university,HV,378,1426.5,0.4308,mid,17.5196,1.0412,4.063,0.8035,249.3,0.1005,2,4.97,3.22,C,false,true,8,false,tender,high,high,37.8,1,26.553,21.969
TR-00967,train,university,HV,478.9,1771.6,0.4223,mid,17.6925,1.0515,4.1078,0.8098,312.1,0.0744,2,5.91,4.78,A,false,false,10,false,tender,high,low,47.9,2,27.012,21.56
TR-00968,train,university,HV,1187.1,4459.5,0.4288,mid,17.4381,1.0364,4.0732,0.8072,783,0.0802,2,8.9,3.56,B,false,false,6,false,negotiated,low,medium,118.7,1,25.07,20.766
TR-00969,train,university,HV,606.4,2089.8,0.3934,low,17.3874,1.0334,4.2743,0.8798,400,0.1173,2,7.51,6.09,A,false,true,6,false,tender,high,low,60.6,1,25.62,21.67
TR-00970,train,university,EHV,2547.3,9514.1,0.4264,mid,17.3477,1.031,2.3009,0.8118,1680.2,0.0444,2,5.68,4.61,C,false,false,8,false,tender,high,medium,254.7,1,23.536,18.739
TR-00971,train,university,HV,802.7,2792,0.3971,low,17.7862,1.0571,4.252,0.86,522.3,0.0354,2,5.97,4.73,B,false,false,6,true,tender,high,medium,80.3,1,26.384,20.084
TR-00972,train,university,HV,281.3,1008.9,0.4094,mid,17.5722,1.0444,4.179,0.8454,185.6,0.1099,2,5.77,9.08,B,false,true,2,true,tender,high,medium,28.1,1,26.202,21.55
TR-00973,train,university,HV,467.8,1707.1,0.4166,mid,17.7127,1.0527,4.1389,0.8206,304.7,0.074,2,7.94,4.74,B,false,true,3,true,tender,high,low,46.8,1,26.987,22.322
TR-00974,train,university,HV,289.8,1014.1,0.3994,low,17.4935,1.0397,4.2375,0.8666,191.2,0.0572,2,9.1,4.52,B,false,true,2,false,tender,medium,medium,29,2,24.716,20.72
TR-00975,train,university,HV,283.8,1040.4,0.4185,mid,17.7059,1.0523,4.1284,0.8169,184.9,0.0463,2,7.36,5.97,D,false,true,3,true,negotiated,low,medium,28.4,1,27.457,20.928
TR-00976,train,logistics,HV,839.1,5045.8,0.6865,high,17.0895,1.0157,3.2351,0.7127,782.3,0.1269,4,7.35,3.83,B,false,true,10,false,auto_renew,low,low,125.9,2,22.056,19.099
TR-00977,train,logistics,HV,445.1,2620.3,0.672,high,17.2116,1.0229,3.2651,0.728,415,0.1014,4,7.43,4.37,A,false,true,5,false,negotiated,high,high,66.8,1,23.537,20.957
TR-00978,train,logistics,HV,1197.3,7037.8,0.671,high,17.1049,1.0166,3.2672,0.7291,1116.3,0.0977,4,9.67,3.99,A,false,false,7,false,tender,medium,low,179.6,1,21.33,18.118
TR-00979,train,logistics,HV,952.3,5688.2,0.6819,high,17.1646,1.0201,3.2445,0.7175,887.9,0.278,4,8.34,5.36,B,false,false,4,false,tender,high,medium,142.8,2,23.777,19.625
TR-00980,train,logistics,HV,496.7,2991.8,0.6876,high,17.1802,1.0211,3.2328,0.7115,463.1,0.1167,4,7.44,6.24,B,false,true,1,false,tender,high,high,74.5,1,24.444,20.489
TR-00981,train,logistics,HV,668.5,3959.2,0.6761,high,17.1746,1.0207,3.2565,0.7236,623.3,0.0919,4,11.73,4.5,A,false,false,4,true,auto_renew,low,low,100.3,1,25.917,18.96
TR-00982,train,logistics,HV,178,1051.4,0.6743,high,17.207,1.0226,3.2603,0.7256,166,0.1697,4,6.75,4.37,D,false,false,1,false,negotiated,high,medium,26.7,1,22.409,18.825
TR-00983,train,logistics,HV,701.3,4142.3,0.6743,high,17.207,1.0226,3.2603,0.7256,653.8,0.1561,4,6.74,5.49,B,false,true,1,false,auto_renew,high,high,105.2,1,26.801,20.602
TR-00984,train,logistics,HV,648.2,3879.7,0.6833,high,17.1301,1.0181,3.2416,0.716,604.3,0.1778,4,15.17,5.19,A,false,false,3,false,auto_renew,low,low,97.2,3,21.178,17.648
TR-00985,train,logistics,HV,213.2,1252.3,0.6705,high,17.148,1.0191,3.2683,0.7297,198.8,0.0623,4,6.89,3.84,B,false,false,1,false,negotiated,medium,medium,32,3,23.737,19.094
TR-00986,train,logistics,HV,584.7,3400,0.6638,high,17.1965,1.022,3.2827,0.737,545.1,0.0708,4,6.53,6.53,B,false,false,2,false,negotiated,high,medium,87.7,1,23.464,18.921
TR-00987,train,logistics,HV,383.6,2239.2,0.6664,high,17.154,1.0195,3.2772,0.7342,357.6,0.1325,4,6.55,6.59,C,false,false,4,false,negotiated,medium,low,57.5,1,23.382,18.93
TR-00988,train,logistics,HV,1003,5964.5,0.6788,high,17.1362,1.0184,3.2508,0.7207,935.1,0.1093,4,10.82,5.25,B,false,false,6,true,tender,high,high,150.4,1,22.695,18.596
TR-00989,train,logistics,HV,469.1,2790.1,0.679,high,17.1696,1.0204,3.2505,0.7206,437.4,0.0966,4,6.19,5.75,A,false,false,9,false,negotiated,low,medium,70.4,1,23.8,19.857
TR-00990,train,logistics,HV,1082.8,6616.6,0.6976,high,17.0788,1.015,3.2129,0.7014,1009.5,0.2052,4,5.1,3.13,B,false,false,5,true,negotiated,low,medium,162.4,1,24.342,19.406
TR-00991,train,logistics,HV,344.7,2053.5,0.6801,high,17.0958,1.016,3.2482,0.7194,321.4,0.1104,4,10.26,5.96,B,false,true,7,false,auto_renew,low,medium,51.7,2,24.014,19.166
TR-00992,train,logistics,HV,745.9,4516.6,0.6912,high,17.1927,1.0218,3.2255,0.7047,692.4,0.0968,4,9.65,5.9,A,false,false,4,false,negotiated,medium,low,111.9,2,22.511,18.671
TR-00993,train,logistics,HV,643.2,3908.5,0.6937,high,17.1159,1.0172,3.2206,0.7053,599.7,0.1095,4,4.76,6.72,B,false,false,10,true,auto_renew,high,medium,96.5,3,22.629,18.168
TR-00994,train,logistics,HV,840.3,5049,0.6859,high,17.09,1.0157,3.2362,0.7133,783.4,0.085,4,9.62,4.93,A,false,false,7,false,auto_renew,high,medium,126,2,23.798,18.122
TR-00995,train,logistics,HV,1477.4,8784.2,0.6787,high,17.0971,1.0161,3.251,0.7208,1377.4,0.1797,4,11.68,7.46,A,false,false,10,false,auto_renew,low,low,221.6,1,23.493,19.302
TR-00996,train,logistics,HV,819.5,4856.9,0.6766,high,17.2023,1.0224,3.2555,0.7231,764,0.1589,4,9.59,4.63,B,false,true,5,false,tender,medium,low,122.9,2,25.453,20.132
TR-00997,train,logistics,HV,363.8,2118.9,0.6649,high,17.1113,1.017,3.2804,0.7359,339.2,0.1265,4,5.43,4.58,B,false,false,2,false,auto_renew,medium,medium,54.6,1,25.426,20.517
TR-00998,train,logistics,HV,447.1,2605.4,0.6652,high,17.2257,1.0238,3.2796,0.7355,416.8,0.1312,4,6.87,4.11,A,false,false,8,true,tender,medium,medium,67.1,3,25.934,20.341
TR-00999,train,logistics,HV,1027.6,6276.3,0.6972,high,17.1798,1.021,3.2136,0.6988,954.1,0.0824,4,8.04,6.97,B,false,true,9,false,negotiated,low,high,154.1,1,23.932,19.929
TR-01000,train,logistics,HV,153.6,917,0.6815,high,17.0944,1.0159,3.2452,0.7179,143.2,0.1808,4,8.91,4.94,A,false,false,10,false,negotiated,low,medium,23,1,22.284,17.4
TR-01001,train,logistics,HV,1090.2,6425.3,0.6728,high,17.1804,1.0211,3.2634,0.7272,1016.4,0.1783,4,6.28,4.22,B,false,true,4,false,negotiated,high,medium,163.5,1,24.132,19.369
TR-01002,train,logistics,HV,436,2594.3,0.6793,high,17.1356,1.0184,3.2499,0.7203,406.5,0.1856,4,7.93,3.87,A,false,false,6,true,tender,high,medium,65.4,1,21.928,17.125
TR-01003,train,logistics,HV,925.2,5534.1,0.6828,high,17.2111,1.0229,3.2425,0.7131,858.5,0.1094,4,6.53,5.15,A,false,false,1,true,tender,high,high,138.8,1,23.685,19.439
TR-01004,train,logistics,HV,860.7,5089.9,0.6751,high,17.1764,1.0208,3.2586,0.7247,802.5,0.1361,4,8.72,5.43,A,false,false,7,true,tender,high,low,129.1,3,24.114,20.336
TR-01005,train,logistics,HV,902.4,5292.2,0.6695,high,17.2168,1.0232,3.2705,0.7308,841.3,0.0641,4,5.37,4.97,A,false,true,1,false,auto_renew,medium,low,135.4,1,25.719,21.719
TR-01006,train,logistics,HV,505.4,2991.3,0.6757,high,17.1002,1.0163,3.2574,0.7241,471.2,0.073,4,7.04,5.53,A,false,false,5,false,negotiated,medium,medium,75.8,1,24.855,19.787
TR-01007,train,logistics,HV,346.7,2035.8,0.6703,high,17.1849,1.0213,3.2687,0.7299,323.2,0.1767,4,7.8,5.01,B,false,false,9,false,negotiated,high,high,52,2,21.924,18.104
TR-01008,train,logistics,HV,504.4,2993.4,0.6775,high,17.2231,1.0236,3.2537,0.7186,467.9,0.1287,4,7.76,3.66,C,false,false,8,false,auto_renew,low,high,75.7,2,23.092,18.898
TR-01009,train,logistics,HV,362.7,2160,0.6798,high,17.096,1.016,3.2487,0.7197,338.2,0.085,4,7.81,4.94,A,false,true,9,true,auto_renew,low,low,54.4,1,25.061,20.505
TR-01010,train,logistics,HV,545.8,3281.5,0.6863,high,17.2034,1.0224,3.2354,0.7096,506.5,0.1062,4,8.37,5.24,D,false,true,6,false,auto_renew,medium,low,81.9,3,25.266,20.796
TR-01011,train,logistics,HV,191.4,1120.2,0.6681,high,17.1515,1.0193,3.2735,0.7323,178.4,0.1733,4,5.11,7.27,A,false,false,6,false,negotiated,high,medium,28.7,1,22.894,19.456
TR-01012,train,logistics,HV,884.6,5322.3,0.6868,high,17.0891,1.0156,3.2344,0.7123,824.7,0.0697,4,5.84,4.35,B,false,false,8,false,negotiated,low,high,132.7,1,23.11,18.287
TR-01013,train,logistics,HV,750.5,4433.4,0.6743,high,17.2068,1.0226,3.2602,0.7255,699.7,0.167,4,11.79,5.12,B,false,false,4,false,tender,medium,medium,112.6,3,22.931,18.486
TR-01014,train,logistics,HV,1222.6,7455.5,0.6961,high,17.1822,1.0212,3.2157,0.6999,1135.1,0.089,4,4.42,3.92,B,false,false,10,false,negotiated,high,medium,183.4,3,23.895,18.995
TR-01015,train,logistics,HV,222.2,1295.6,0.6656,high,17.1933,1.0218,3.2788,0.735,207.2,0.136,4,7.99,4.76,A,false,false,6,true,tender,medium,medium,33.3,1,23.108,18.723
TR-01016,train,logistics,HV,378.7,2234.4,0.6735,high,17.2084,1.0227,3.2619,0.7264,353.1,0.1572,4,7.43,5.12,A,false,true,8,false,tender,medium,high,56.8,2,26.46,20.856
TR-01017,train,logistics,HV,264.8,1558.2,0.6717,high,17.1462,1.019,3.2657,0.7283,246.9,0.099,4,5.43,4.89,B,false,false,1,true,auto_renew,low,low,39.7,1,25.8,20.263
TR-01018,train,logistics,HV,854.3,4954,0.662,high,17.1604,1.0199,3.2867,0.7391,796.5,0.171,4,6.16,4.23,D,false,false,2,false,auto_renew,high,medium,128.1,3,24.129,18.215
TR-01019,train,logistics,EHV,2432.3,14516.1,0.6813,high,17.1928,1.0218,1.7805,0.7181,2267.7,0.0691,4,10.42,4.39,D,false,false,1,false,auto_renew,low,medium,364.8,2,21.718,17.894
TR-01020,train,logistics,HV,129.4,771.3,0.6805,high,17.0954,1.016,3.2474,0.719,120.6,0.1246,4,6.29,4.01,A,false,true,7,false,tender,high,low,19.4,3,26.318,22.231
TR-01021,train,logistics,HV,605.2,3624.8,0.6837,high,17.2091,1.0228,3.2407,0.7122,561.6,0.1872,4,7.02,4.32,C,false,true,4,false,negotiated,high,medium,90.8,1,24.01,19.89
TR-01022,train,logistics,HV,1198,7054.1,0.6722,high,17.2351,1.0243,3.2648,0.7241,1111.1,0.1367,4,7.64,5.07,A,false,true,7,true,negotiated,low,high,179.7,1,26.859,21.619
TR-01023,train,logistics,HV,1074.5,6289.4,0.6682,high,17.1513,1.0193,3.2733,0.7322,1001.8,0.105,4,7.29,4.79,B,false,false,6,false,auto_renew,low,low,161.2,1,23.5,19.552
TR-01024,train,logistics,HV,261.1,1524.9,0.6667,high,17.2477,1.0251,3.2765,0.7298,242.1,0.1639,4,8.36,2.78,A,false,false,5,false,tender,low,medium,39.2,1,25.761,19.599
TR-01025,train,logistics,HV,194,1133.3,0.6669,high,17.2223,1.0236,3.2761,0.7337,180.9,0.1137,4,9.74,5.85,B,false,false,3,false,auto_renew,high,high,29.1,1,24.67,19.952
TR-01026,train,logistics,HV,227.9,1338,0.6702,high,17.1484,1.0192,3.2689,0.73,212.5,0.0974,4,8.5,3.68,B,false,false,1,false,auto_renew,low,low,34.2,1,23.141,19.14
TR-01027,train,logistics,HV,729.4,4358.1,0.6821,high,17.1643,1.0201,3.2441,0.7173,680,0.1037,4,7.55,6.61,A,false,false,2,true,tender,medium,low,109.4,1,24.746,19.143
TR-01028,train,logistics,HV,532.5,3157.7,0.6769,high,17.1389,1.0186,3.2547,0.7228,496.5,0.1094,4,7.84,6.74,D,false,false,8,false,negotiated,medium,high,79.9,1,23.997,19.814
TR-01029,train,logistics,HV,295.7,1743.3,0.673,high,17.1029,1.0165,3.263,0.727,275.7,0.0442,4,6.36,3.28,B,false,false,5,false,negotiated,high,high,44.4,2,23.769,19.371
TR-01030,train,logistics,HV,302.8,1759.7,0.6634,high,17.2296,1.024,3.2836,0.7375,282.3,0.1393,4,6.95,5.27,B,false,false,5,false,auto_renew,medium,low,45.4,2,23.667,19.874
TR-01031,train,logistics,HV,778.7,4636.4,0.6797,high,17.135,1.0184,3.249,0.7198,726,0.0724,4,7.01,4.26,A,false,false,2,false,auto_renew,medium,low,116.8,1,24.102,19.408
TR-01032,train,logistics,HV,403,2359.8,0.6685,high,17.1076,1.0167,3.2727,0.7319,375.7,0.0547,4,6.62,6.77,A,false,false,4,false,negotiated,low,high,60.4,1,24.647,19.51
TR-01033,train,logistics,HV,662.6,3894.6,0.671,high,17.105,1.0166,3.2673,0.7292,617.8,0.1043,4,6.93,4.2,A,false,false,2,false,auto_renew,medium,medium,99.4,1,24.792,19.634
TR-01034,train,logistics,HV,140,839.6,0.6846,high,17.0913,1.0158,3.2389,0.7147,130.5,0.0871,4,5.33,6.59,A,false,false,10,false,tender,medium,high,21,3,21.991,18.406
TR-01035,train,logistics,HV,936.1,5538.9,0.6755,high,17.1758,1.0208,3.2578,0.7243,872.8,0.142,4,6.06,3.48,A,false,true,4,false,auto_renew,medium,medium,140.4,2,25.316,21.087
TR-01036,train,logistics,HV,336.4,2003.3,0.6798,high,17.1348,1.0184,3.2487,0.7197,313.6,0.1587,4,8.71,4.96,B,false,false,5,false,tender,low,medium,50.5,3,22.737,18.583
TR-01037,train,logistics,HV,316.2,1858.3,0.6709,high,17.2139,1.0231,3.2675,0.7293,294.8,0.1154,4,5.93,6.25,A,false,false,8,true,tender,medium,low,47.4,1,24.854,19.47
TR-01038,train,logistics,HV,1253.5,7402,0.6741,high,17.2073,1.0227,3.2607,0.7258,1168.7,0.1117,4,5.11,5.47,C,false,false,9,false,auto_renew,high,low,188,3,22.142,18.255
TR-01039,train,logistics,HV,1577.4,9349.2,0.6766,high,17.1394,1.0186,3.2554,0.7231,1470.7,0.1073,4,7.53,3.22,B,false,false,7,false,negotiated,low,medium,236.6,2,24.295,18.958
TR-01040,train,logistics,HV,355.5,2109,0.6772,high,17.2236,1.0236,3.2542,0.7188,329.8,0.0948,4,8.92,6.18,A,false,false,6,false,auto_renew,medium,medium,53.3,2,24.897,19.917
TR-01041,train,logistics,HV,1167.8,6879,0.6724,high,17.1035,1.0165,3.2642,0.7276,1088.8,0.1145,4,6.71,4.17,B,false,true,7,false,auto_renew,low,low,175.2,1,24.363,20.506
TR-01042,train,logistics,HV,485.9,2877.2,0.676,high,17.1402,1.0187,3.2568,0.7238,453,0.1039,4,7.59,7.28,A,false,false,9,false,negotiated,medium,low,72.9,2,24.124,19.772
TR-01043,train,logistics,HV,567.6,3326.8,0.6691,high,17.2176,1.0233,3.2713,0.7312,529.2,0.1483,4,4.6,6.84,D,false,false,5,false,negotiated,high,low,85.1,1,24.436,19.682
TR-01044,train,logistics,HV,678.3,3981.6,0.6701,high,17.1853,1.0214,3.2692,0.7301,632.4,0.1296,4,6.21,4.97,B,false,false,10,true,tender,medium,low,101.7,3,23.851,19.18
TR-01045,train,logistics,HV,124.4,754.8,0.6926,high,17.1897,1.0216,3.2227,0.7033,115.5,0.073,4,5.64,6.9,D,false,false,2,true,tender,low,medium,18.7,2,24.46,19.495
TR-01046,train,logistics,HV,538,3171.1,0.6729,high,17.1446,1.0189,3.2633,0.7271,501.6,0.1304,4,8.78,3.8,C,false,false,5,false,auto_renew,medium,low,80.7,1,25.028,19.768
TR-01047,train,logistics,HV,460.7,2711,0.6718,high,17.1462,1.019,3.2656,0.7283,429.5,0.1105,4,6.67,4.12,B,false,false,1,false,negotiated,high,medium,69.1,2,22.49,17.887
TR-01048,train,logistics,HV,421.3,2470,0.6693,high,17.2417,1.0247,3.2709,0.7271,390.7,0.0616,4,5.28,5.21,C,false,true,1,false,negotiated,low,high,63.2,1,24.722,20.227
TR-01049,train,logistics,HV,414.7,2396.2,0.6596,high,17.2376,1.0245,3.2919,0.7417,386.6,0.0615,4,6.54,3.36,B,false,false,3,false,auto_renew,high,low,62.2,1,25.747,19.15
TR-01050,train,logistics,HV,320.3,1893.9,0.675,high,17.1009,1.0163,3.2588,0.7248,298.6,0.1273,4,6.02,4.28,B,false,false,3,false,tender,high,medium,48,2,23.984,19.222
TR-01051,train,logistics,HV,382.2,2308.5,0.6895,high,17.1516,1.0194,3.229,0.7096,356.3,0.1751,4,4.03,5.39,D,false,true,3,true,tender,medium,medium,57.3,2,25.465,20.196
TR-01052,train,logistics,HV,320.5,1909.8,0.6802,high,17.1674,1.0203,3.2479,0.7192,298.8,0.1637,4,8.73,3.48,A,false,true,8,false,negotiated,low,medium,48.1,1,26.172,21.614
TR-01053,train,logistics,HV,204.4,1212.5,0.6771,high,17.2011,1.0223,3.2543,0.7225,190.6,0.1578,4,8.57,3.48,B,false,true,6,false,auto_renew,medium,low,30.7,1,26.961,21.812
TR-01054,train,logistics,HV,409.6,2387.5,0.6654,high,17.1554,1.0196,3.2793,0.7353,381.9,0.1345,4,6.16,7.86,A,false,false,4,false,auto_renew,medium,high,61.4,2,21.491,17.723
TR-01055,train,logistics,HV,1379.2,8214.7,0.6799,high,17.168,1.0203,3.2485,0.7196,1285.9,0.1333,4,9.38,2.66,B,false,false,8,false,negotiated,low,high,206.9,1,24.514,19.845
TR-01056,train,logistics,HV,115.2,688,0.6818,high,17.1917,1.0217,3.2446,0.7176,107.4,0.1105,4,5.24,3.48,C,false,false,3,false,auto_renew,medium,medium,17.3,1,25.241,19.731
TR-01057,train,logistics,HV,872.2,5205.7,0.6813,high,17.1327,1.0182,3.2456,0.7181,813.2,0.1397,4,4.76,5.32,B,false,false,2,false,auto_renew,high,medium,130.8,1,24.114,19.885
TR-01058,train,logistics,HV,419.9,2518.3,0.6846,high,17.2071,1.0226,3.2388,0.7113,389.7,0.102,4,8.29,3.6,B,false,false,4,false,negotiated,low,high,63,3,27.456,20.591
TR-01059,train,logistics,HV,926.8,5453.5,0.6717,high,17.2361,1.0244,3.2657,0.7245,859.6,0.129,4,7.39,5.99,A,false,true,10,false,auto_renew,high,high,139,2,25.474,21.051
TR-01060,train,logistics,HV,136,807.6,0.6779,high,17.098,1.0162,3.2528,0.7217,126.8,0.1168,4,7.88,8.24,A,false,false,7,true,auto_renew,medium,medium,20.4,3,22.897,18.1
TR-01061,train,logistics,HV,1064.3,6300.8,0.6758,high,17.1751,1.0207,3.2571,0.7239,992.3,0.1137,4,4.88,8.23,A,false,false,7,true,tender,low,medium,159.6,1,26.126,21.15
TR-01062,train,logistics,HV,469,2775,0.6754,high,17.1004,1.0163,3.2579,0.7244,437.3,0.1791,4,11.16,6.3,A,false,false,9,false,tender,high,high,70.3,2,22.232,17.945
TR-01063,train,logistics,HV,422.9,2509,0.6773,high,17.0986,1.0162,3.2541,0.7224,394.3,0.154,4,5.91,5.15,D,false,false,4,false,auto_renew,high,medium,63.4,1,23.754,19.714
TR-01064,train,logistics,HV,310.9,1824,0.6697,high,17.2407,1.0246,3.27,0.7266,288.3,0.1926,4,10.23,5.39,D,false,false,7,false,auto_renew,high,low,46.6,1,25.238,19.789
TR-01065,train,logistics,HV,546.3,3268.3,0.683,high,17.2108,1.0229,3.2423,0.713,506.9,0.1978,4,7.05,4.54,C,false,false,10,false,auto_renew,high,high,81.9,2,23.718,18.413
TR-01066,train,logistics,HV,60,355,0.6754,high,17.2277,1.0239,3.2579,0.7207,55.7,0.194,4,8.14,4.2,B,false,false,4,false,tender,high,medium,9,2,25.958,20.262
TR-01067,train,logistics,HV,345.2,2045.4,0.6764,high,17.2254,1.0237,3.2558,0.7197,320.2,0.1044,4,4.71,5.22,A,false,false,8,false,auto_renew,high,medium,51.8,1,25.083,20.15
TR-01068,train,logistics,HV,1341.7,7954.8,0.6768,high,17.2018,1.0223,3.255,0.7229,1250.9,0.1031,4,9.34,3.3,A,false,false,2,false,tender,high,medium,201.3,1,24.537,19.297
TR-01069,train,logistics,HV,528,3126.2,0.6759,high,17.2036,1.0224,3.2569,0.7239,492.3,0.0935,4,9.05,3.89,A,false,false,4,false,negotiated,low,low,79.2,3,24.001,19.132
TR-01070,train,logistics,HV,403.4,2393.7,0.6774,high,17.1382,1.0186,3.2538,0.7223,376.1,0.131,4,5.16,4.39,A,false,true,8,false,auto_renew,high,medium,60.5,3,24.468,20.34
TR-01071,train,logistics,HV,324.7,1943.9,0.6834,high,17.1619,1.02,3.2413,0.7159,302.7,0.1313,4,8.27,4.5,B,false,true,3,false,tender,high,medium,48.7,1,26.198,19.979
TR-01072,train,logistics,HV,443.1,2589.4,0.6671,high,17.2467,1.025,3.2756,0.7294,410.9,0.0752,4,8.03,4.73,C,false,false,2,false,auto_renew,medium,high,66.5,1,26.043,20.007
TR-01073,train,logistics,HV,265.3,1560.8,0.6716,high,17.1043,1.0165,3.266,0.7285,247.3,0.1205,4,11.22,4.91,A,false,true,2,false,auto_renew,medium,medium,39.8,2,27.703,21.448
TR-01074,train,logistics,HV,359.5,2103.6,0.668,high,17.1516,1.0194,3.2737,0.7324,335.2,0.0989,4,5.87,4.41,B,false,false,2,true,tender,high,high,53.9,1,23.374,18.871
TR-01075,train,logistics,HV,470.5,2836.7,0.6882,high,17.1232,1.0177,3.2315,0.7109,438.7,0.0868,4,7.54,6.22,B,false,true,2,false,tender,medium,low,70.6,1,23.139,19.526
TR-01076,train,logistics,HV,425.2,2525.8,0.6781,high,17.1992,1.0222,3.2523,0.7215,396.4,0.1591,4,8.34,3.92,A,false,false,3,true,auto_renew,high,medium,63.8,3,22.545,18.737
TR-01077,train,logistics,HV,597.3,3597.8,0.6876,high,17.0884,1.0156,3.2328,0.7115,556.9,0.1467,4,7.45,9.17,B,false,false,8,false,negotiated,medium,medium,89.6,1,26.368,20.281
TR-01078,train,logistics,HV,670.1,4017.1,0.6843,high,17.1286,1.018,3.2394,0.7149,624.8,0.1058,4,5.24,6.24,C,false,false,10,true,tender,high,high,100.5,2,23.223,18.805
TR-01079,train,logistics,HV,500.7,2983.2,0.6801,high,17.0957,1.016,3.248,0.7193,466.8,0.0552,4,8.22,4.16,A,false,false,1,false,negotiated,high,medium,75.1,2,25.598,18.952
TR-01080,train,logistics,HV,454,2690.4,0.6765,high,17.1395,1.0186,3.2557,0.7232,423.3,0.1009,4,6.03,5.6,B,false,true,9,false,tender,medium,high,68.1,1,25.563,21.137
TR-01081,train,logistics,HV,371.9,2223.6,0.6825,high,17.0933,1.0159,3.2431,0.7168,346.7,0.1291,4,5.1,3.74,B,false,false,4,false,negotiated,low,low,55.8,2,25.073,19.582
TR-01082,train,logistics,HV,123.9,748.8,0.6899,high,17.151,1.0193,3.2282,0.7092,115.5,0.2171,4,4.59,6.01,B,false,false,2,true,auto_renew,high,low,18.6,1,20.824,17.625
TR-01083,train,logistics,HV,573.2,3367,0.6705,high,17.2146,1.0231,3.2682,0.7296,534.4,0.0866,4,7.95,3.4,A,false,false,4,false,auto_renew,medium,medium,86,2,25.324,19.86
TR-01084,train,logistics,HV,1110.1,6552.1,0.6738,high,17.1787,1.021,3.2614,0.7261,1035,0.0854,4,6.96,4.68,B,false,false,3,false,negotiated,low,high,166.5,3,24.062,19.145
TR-01085,train,logistics,HV,204.2,1186.8,0.6634,high,17.1128,1.017,3.2835,0.7374,190.4,0.1763,4,6.56,5.73,C,false,false,8,false,auto_renew,high,medium,30.6,1,23.608,18.871
TR-01086,train,logistics,HV,233.1,1353.5,0.6628,high,17.1134,1.0171,3.2848,0.7381,217.3,0.1473,4,6.21,6.14,B,false,false,3,false,auto_renew,medium,high,35,3,24.146,18.413
TR-01087,train,logistics,HV,374.5,2169.1,0.6612,high,17.1615,1.0199,3.2884,0.74,349.2,0.076,4,9,5.81,A,false,false,3,false,auto_renew,low,medium,56.2,3,24.096,19.104
TR-01088,train,logistics,HV,247.7,1467.5,0.6763,high,17.2257,1.0238,3.256,0.7198,229.8,0.1208,4,6.85,5.68,A,false,false,5,false,tender,low,low,37.2,2,24.448,20.006
TR-01089,train,logistics,HV,562.7,3320.1,0.6735,high,17.2084,1.0227,3.2619,0.7264,524.6,0.1208,4,5.41,4.79,B,false,false,4,true,tender,medium,high,84.4,1,23.896,18.332
TR-01090,train,logistics,HV,929.3,5434.9,0.6676,high,17.1521,1.0194,3.2745,0.7328,866.4,0.1044,4,8.12,3.85,A,false,true,7,false,auto_renew,medium,high,139.4,1,25.972,20.108
TR-01091,train,logistics,HV,336.2,2038.4,0.6921,high,17.084,1.0153,3.2237,0.7069,313.5,0.1386,4,8.17,4.32,B,false,true,4,false,auto_renew,low,low,50.4,1,25.824,21.042
TR-01092,train,logistics,HV,400.4,2368.8,0.6754,high,17.1005,1.0163,3.258,0.7244,373.3,0.1538,4,4.93,3.27,C,false,false,1,true,negotiated,high,high,60.1,1,21.166,18.089
TR-01093,train,logistics,HV,340.1,2014.1,0.6761,high,17.2033,1.0224,3.2566,0.7237,317.1,0.1247,4,6.63,2.82,A,false,false,8,true,tender,high,medium,51,2,23.541,18.976
TR-01094,train,logistics,HV,189.4,1114,0.6714,high,17.1829,1.0212,3.2663,0.7287,176.6,0.0917,4,8.57,4.78,B,false,false,7,false,tender,medium,high,28.4,1,22.584,18.177
TR-01095,train,logistics,HV,1568.6,9341.3,0.6798,high,17.1682,1.0203,3.2487,0.7197,1462.5,0.0889,4,6.55,7.6,A,false,true,6,false,negotiated,low,medium,235.3,1,24.855,19.398
TR-01096,train,logistics,HV,778.2,4580.9,0.672,high,17.1459,1.019,3.2652,0.7281,725.5,0.1546,4,6.31,4.06,A,false,false,7,true,tender,medium,medium,116.7,1,21.982,18.209
TR-01097,train,logistics,HV,342.5,2061.1,0.687,high,17.1815,1.0211,3.2341,0.7122,319.3,0.0972,4,7.89,4.41,A,false,false,8,false,negotiated,medium,medium,51.4,1,23.772,17.953
TR-01098,train,logistics,HV,1348.3,8155.7,0.6905,high,17.0855,1.0154,3.2269,0.7085,1257.1,0.1301,4,4.57,5.32,B,false,true,7,true,tender,high,medium,202.2,3,24.864,19.43
TR-01099,train,logistics,HV,1799.9,10737.1,0.681,high,17.1934,1.0218,3.2463,0.7185,1678.1,0.1724,4,6.15,6.21,A,false,true,4,false,negotiated,low,medium,270,1,25.11,20.688
TR-01100,train,logistics,HV,647.4,3840.4,0.6772,high,17.1385,1.0186,3.2542,0.7225,603.6,0.0659,4,12.27,4.28,C,false,false,3,true,tender,low,low,97.1,3,22.842,19.394
TR-01101,train,logistics,HV,136.1,816.2,0.6846,high,17.2072,1.0227,3.2389,0.7113,126.3,0.0808,4,8.06,7.1,B,false,false,6,true,auto_renew,low,low,20.4,1,21.912,18.068
TR-01102,train,logistics,HV,1486.7,8718.8,0.6695,high,17.1495,1.0192,3.2705,0.7308,1386.1,0.1572,4,7.16,5.11,D,false,true,10,false,negotiated,low,high,223,3,24.71,19.87
TR-01103,train,logistics,HV,1802.3,10543.6,0.6678,high,17.2203,1.0234,3.274,0.7326,1680.3,0.1225,4,11.64,4.7,D,false,true,4,false,auto_renew,high,medium,270.3,2,24.877,20.867
TR-01104,train,logistics,HV,934.8,5472.3,0.6683,high,17.2193,1.0234,3.2731,0.7321,871.5,0.0782,4,7.8,5.45,A,false,false,5,false,auto_renew,medium,medium,140.2,1,24.345,19.139
TR-01105,train,logistics,EHV,2480.8,14758.3,0.6791,high,17.1358,1.0184,1.7833,0.7204,2312.9,0.1418,4,6.54,9.7,D,false,false,4,false,negotiated,medium,low,372.1,3,21.458,17.428
TR-01106,train,logistics,HV,986.2,5874.8,0.68,high,17.1953,1.0219,3.2483,0.7195,919.5,0.137,4,9.11,4.85,C,false,false,1,true,tender,medium,medium,147.9,1,24.729,18.596
TR-01107,train,logistics,HV,177.1,1059.1,0.6827,high,17.1633,1.02,3.2429,0.7167,165.1,0.1142,4,7.58,5.48,A,false,false,6,false,auto_renew,medium,medium,26.6,2,22.961,19.712
TR-01108,train,logistics,HV,790.5,4762.3,0.6877,high,17.2003,1.0222,3.2325,0.7082,733.7,0.1415,4,6.41,5.69,B,false,false,6,true,negotiated,medium,high,118.6,2,24.754,19.414
TR-01109,train,logistics,HV,1538.4,9122.7,0.6769,high,17.0989,1.0162,3.2547,0.7227,1434.3,0.128,4,3.71,6.11,A,false,true,9,true,tender,medium,medium,230.8,1,26.414,21.388
TR-01110,train,logistics,HV,60,350.3,0.6665,high,17.1537,1.0195,3.2768,0.734,55.9,0.1561,4,5.11,4.03,C,false,false,7,false,tender,high,low,9,3,25.047,19.264
TR-01111,train,logistics,HV,1460.5,8668.3,0.6775,high,17.0983,1.0162,3.2535,0.7221,1361.7,0.0793,4,5.24,6.16,C,false,false,6,false,tender,low,medium,219.1,3,23.784,18.183
TR-01112,train,logistics,HV,714.9,4217.1,0.6734,high,17.1439,1.0189,3.2622,0.7266,666.5,0.1271,4,5.73,9.51,A,false,false,2,false,negotiated,high,medium,107.2,1,23.637,17.577
TR-01113,train,logistics,HV,673.5,3880.6,0.6577,high,17.2077,1.0227,3.296,0.7438,627.9,0.1246,4,4.61,5.47,A,false,true,10,true,negotiated,low,low,101,1,26.141,20.047
TR-01114,train,logistics,HV,469.6,2747.5,0.6679,high,17.1081,1.0168,3.2739,0.7325,437.8,0.1099,4,9.27,6.77,A,false,false,4,true,auto_renew,medium,medium,70.4,2,24.215,19.815
TR-01115,train,logistics,HV,1202.3,7174.1,0.6812,high,17.193,1.0218,3.246,0.7183,1120.9,0.111,4,8.23,4.61,A,false,true,4,false,auto_renew,low,medium,180.3,2,25.434,20.195
TR-01116,train,logistics,HV,417.6,2441.2,0.6673,high,17.2462,1.025,3.2751,0.7292,387.2,0.0575,4,10.8,6.07,A,false,false,5,true,negotiated,medium,medium,62.6,1,24.496,20.204
TR-01117,train,logistics,HV,683.9,3990.7,0.6661,high,17.2238,1.0236,3.2777,0.7345,637.6,0.124,4,6.43,5.92,C,false,false,9,true,auto_renew,high,high,102.6,2,22.581,18.348
TR-01118,train,logistics,HV,298.8,1794,0.6854,high,17.0905,1.0157,3.2373,0.7138,278.6,0.3219,4,6.84,5.84,B,false,false,10,false,auto_renew,medium,medium,44.8,1,23.4,19.042
TR-01119,train,logistics,HV,257.4,1517.9,0.6732,high,17.2328,1.0242,3.2626,0.723,238.7,0.0768,4,5.51,5.45,A,false,false,7,true,tender,medium,high,38.6,1,24.39,19.548
TR-01120,train,logistics,HV,807.4,4749,0.6714,high,17.2128,1.023,3.2663,0.7287,752.8,0.1481,4,7.82,4.72,A,false,false,10,false,auto_renew,high,medium,121.1,3,23.494,17.867
TR-01121,train,logistics,HV,561.9,3339.5,0.6785,high,17.2208,1.0235,3.2516,0.7176,521.3,0.097,4,7.31,3.27,C,false,true,5,false,tender,medium,medium,84.3,2,27.095,22.9
TR-01122,train,logistics,HV,585.8,3377.8,0.6582,high,17.2676,1.0262,3.2949,0.739,543,0.0781,4,7.47,3.87,B,false,false,9,false,auto_renew,medium,low,87.9,1,25.847,20.616
TR-01123,train,logistics,HV,664,3863.7,0.6643,high,17.1119,1.017,3.2817,0.7365,619.1,0.0847,4,6.34,4.25,B,false,false,9,false,tender,low,low,99.6,1,23.784,19.32
TR-01124,train,logistics,HV,595.2,3568.2,0.6843,high,17.1867,1.0214,3.2394,0.7149,554.9,0.0791,4,11.58,4.39,A,false,true,6,false,auto_renew,high,low,89.3,2,23.99,20.149
TR-01125,train,logistics,HV,1037.8,6278.4,0.6906,high,17.1743,1.0207,3.2267,0.7084,967.6,0.0817,4,6.37,3.9,B,false,false,4,true,tender,low,medium,155.7,1,23.578,18.62
TR-01126,train,hotel,HV,530.9,2818.1,0.606,mid,17.2406,1.0246,3.4204,0.5549,340.2,0.0465,2,5.36,5.54,C,false,false,3,false,auto_renew,low,medium,26.5,1,25.052,20.445
TR-01127,train,hotel,HV,367.6,2001.9,0.6217,mid,17.2052,1.0225,3.3805,0.567,246.9,0.0411,2,8.96,5.6,A,false,false,3,true,tender,low,low,18.4,3,25.301,20.421
TR-01128,train,hotel,HV,827.2,4570.2,0.6307,mid,17.109,1.0168,3.3585,0.5591,555.9,0.0443,2,4.86,3.7,B,false,false,7,false,auto_renew,high,low,41.4,2,25.611,20.091
TR-01129,train,hotel,HV,1029.6,5605.8,0.6215,mid,17.2056,1.0226,3.3808,0.567,691.4,0.0443,2,6.78,3.06,B,false,false,7,false,auto_renew,low,medium,51.5,1,23.938,19.219
TR-01130,train,hotel,HV,627.7,3428.1,0.6234,mid,17.1911,1.0217,3.3761,0.5603,417.8,0.0293,2,7,3.69,B,false,false,2,false,auto_renew,low,low,31.4,1,24.563,19.895
TR-01131,train,hotel,HV,1853.7,10166.6,0.6261,mid,17.1839,1.0213,3.3696,0.5611,1240.9,0.0297,2,3.81,2.58,A,false,false,6,false,auto_renew,medium,low,92.7,2,22.241,17.955
TR-01132,train,hotel,HV,1296.9,7098.2,0.6248,mid,17.1964,1.022,3.3728,0.5678,876.7,0.0859,2,7.5,3.94,B,false,false,2,false,tender,high,low,64.8,1,23.088,19.224
TR-01133,train,hotel,HV,875.7,4724.4,0.6159,mid,17.1848,1.0213,3.395,0.5542,569.6,0.0757,2,6.65,4.66,B,false,false,3,false,tender,low,medium,43.8,1,23.599,18.383
TR-01134,train,hotel,HV,1196,6643.7,0.6341,mid,17.0551,1.0136,3.3502,0.5635,814.4,0.0629,2,5.24,4.05,A,false,false,4,false,negotiated,low,medium,59.8,3,24.185,20.291
TR-01135,train,hotel,HV,306.7,1665,0.6197,mid,17.0811,1.0152,3.3854,0.5592,202.5,0.0401,2,7.88,3.73,B,false,false,3,false,negotiated,high,medium,15.3,1,25.531,19.393
TR-01136,train,hotel,HV,441,2406.6,0.623,mid,17.126,1.0178,3.3773,0.5566,291.4,0.0753,2,6.33,5.75,C,false,true,3,true,tender,high,medium,22.1,2,23.599,19.14
TR-01137,train,hotel,HV,553.9,2972.3,0.6126,mid,17.0944,1.0159,3.4034,0.557,360.1,0.0598,2,5.79,2.5,A,false,false,3,false,auto_renew,medium,medium,27.7,3,22.431,19.006
TR-01138,train,hotel,HV,452.4,2427.9,0.6126,mid,17.2312,1.0241,3.4032,0.5647,298.3,0.0398,2,4.88,3.03,A,false,false,5,true,negotiated,high,medium,22.6,2,24.655,20.017
TR-01139,train,hotel,HV,875.8,4902.7,0.639,mid,17.0465,1.0131,3.3386,0.5649,602.5,0.0872,2,4.35,3.63,B,false,false,4,true,negotiated,low,medium,43.8,2,23.764,19.64
TR-01140,train,hotel,HV,321.5,1779.5,0.6319,mid,17.1683,1.0203,3.3557,0.5628,217.9,0.0575,2,3.58,5.69,B,false,false,5,false,negotiated,low,high,16.1,2,23.469,18.494
TR-01141,train,hotel,HV,1054.6,5823.2,0.6303,mid,17.1098,1.0169,3.3593,0.559,708.1,0.0859,2,7.42,4.54,B,false,false,5,false,tender,high,medium,52.7,3,24.82,19.021
TR-01142,train,hotel,EHV,2515.2,13599.8,0.6172,mid,17.2083,1.0227,1.8708,0.5584,1652.1,0.0418,2,6.1,4.02,A,false,true,2,false,auto_renew,low,low,125.8,2,23.132,18.965
TR-01143,train,hotel,HV,560.8,3016.9,0.6141,mid,17.0915,1.0158,3.3995,0.5574,365.8,0.0762,2,6.3,3.78,B,false,false,6,false,auto_renew,medium,medium,28,3,24.609,18.901
TR-01144,train,hotel,HV,530.6,2796.7,0.6017,mid,17.2226,1.0236,3.4316,0.5493,334.2,0.0369,2,5.08,3.93,D,false,true,10,false,negotiated,medium,medium,26.5,3,24.435,19.852
TR-01145,train,hotel,HV,932,5032.6,0.6164,mid,17.1408,1.0187,3.3936,0.5544,606.9,0.0498,2,7.22,2.74,A,false,false,10,false,auto_renew,low,low,46.6,1,24.219,19.351
TR-01146,train,hotel,HV,930.2,4991,0.6125,mid,17.1497,1.0192,3.4036,0.5531,600.5,0.0549,2,5.13,3.71,B,false,false,7,false,negotiated,low,high,46.5,1,25.343,20.01
TR-01147,train,hotel,HV,564.3,3111,0.6293,mid,17.175,1.0207,3.3617,0.5621,380.4,0.0697,2,9.56,5.31,A,false,false,1,true,negotiated,high,high,28.2,3,24.607,20.82
TR-01148,train,hotel,HV,1447.1,8108.7,0.6397,mid,17.0455,1.013,3.3372,0.5651,996.8,0.0408,2,5.75,3.57,D,false,false,2,true,tender,high,low,72.4,3,22.377,18.073
TR-01149,train,hotel,EHV,2146.3,11262.9,0.599,mid,17.2299,1.024,1.9,0.5483,1343.5,0.0245,2,5.26,3.57,B,false,false,3,false,negotiated,medium,low,107.3,3,23.182,18.176
TR-01150,train,hotel,HV,1972.3,11122,0.6437,mid,17.1152,1.0172,3.3277,0.5633,1362.8,0.0487,2,5.45,5.97,B,false,false,9,false,auto_renew,low,high,98.6,1,22.815,19.238
TR-01151,train,hotel,HV,595.3,3231.1,0.6196,mid,17.1751,1.0207,3.3856,0.5555,390.4,0.044,2,4.75,4.09,A,false,false,7,false,auto_renew,high,high,29.8,3,25.976,21.067
TR-01152,train,hotel,HV,1075.2,5693.2,0.6045,mid,17.1099,1.0169,3.4244,0.5544,686.6,0.0438,2,3.33,3.3,B,false,false,7,false,auto_renew,medium,low,53.8,1,24.479,18.585
TR-01153,train,hotel,HV,444,2428.3,0.6243,mid,17.0726,1.0147,3.3739,0.5606,296.1,0.023,2,6.16,4.24,B,false,false,1,false,tender,medium,low,22.2,1,24.315,19.934
TR-01154,train,hotel,HV,260.3,1397.8,0.613,mid,17.1486,1.0192,3.4023,0.5532,168.2,0.0582,2,6.33,4.04,B,false,false,2,false,auto_renew,high,low,13,1,23.866,18.062
TR-01155,train,hotel,HV,517.9,2882.9,0.6355,mid,17.0528,1.0135,3.3471,0.5639,353.6,0.0226,2,7.01,3.57,A,false,false,3,false,auto_renew,low,high,25.9,1,27.017,20.484
TR-01156,train,hotel,HV,455.3,2515.5,0.6307,mid,17.147,1.0191,3.3585,0.5591,306,0.076,2,4.61,3.34,A,false,false,6,false,negotiated,low,low,22.8,2,23.201,19.729
TR-01157,train,hotel,HV,755.3,4260.4,0.6439,mid,17.0809,1.0151,3.3273,0.5633,522.1,0.0431,2,6.3,5.61,A,false,false,8,true,auto_renew,high,low,37.8,2,25.601,19.374
TR-01158,train,hotel,HV,1059.2,5952,0.6415,mid,17.086,1.0155,3.3329,0.5626,728.4,0.0477,2,4.14,3.88,B,false,false,7,false,negotiated,medium,medium,53,2,26.598,19.647
TR-01159,train,hotel,HV,384.4,2159.9,0.6414,mid,17.143,1.0188,3.333,0.5656,265.8,0.0319,2,3.05,3.6,A,false,false,1,false,auto_renew,low,low,19.2,1,24.04,19.126
TR-01160,train,hotel,HV,677.3,3694.7,0.6227,mid,17.2022,1.0224,3.3779,0.5673,455.9,0.0636,2,7.15,3.31,A,false,false,9,true,negotiated,high,low,33.9,2,24.715,18.931
TR-01161,train,hotel,EHV,3204.7,17813.9,0.6346,mid,17.0544,1.0136,1.8446,0.5636,2184.1,0.0332,2,3.32,6.18,D,false,false,5,true,tender,high,medium,160.2,1,20.614,16.839
TR-01162,train,hotel,HV,646.7,3611.1,0.6374,mid,17.0945,1.016,3.3424,0.5613,440.9,0.0516,2,5.74,4.01,B,false,false,9,false,negotiated,medium,high,32.3,2,22.697,18.494
TR-01163,train,hotel,HV,522.5,2898.2,0.6332,mid,17.173,1.0206,3.3524,0.5698,359.2,0.046,2,5.22,3.65,A,false,true,4,false,tender,low,low,26.1,3,23.331,19.745
TR-01164,train,hotel,HV,592,3213.8,0.6197,mid,17.1333,1.0183,3.3853,0.5555,388.4,0.0659,2,7.9,3.41,B,false,false,9,true,negotiated,high,medium,29.6,1,22.788,18.525
TR-01165,train,hotel,HV,206.4,1131.6,0.6259,mid,17.1933,1.0218,3.3702,0.568,139.8,0.074,2,4.04,5.66,A,false,false,10,false,negotiated,low,high,10.3,2,24.564,20.534
TR-01166,train,hotel,HV,1254.3,6800.9,0.619,mid,17.2129,1.023,3.3872,0.5663,837.9,0.0387,2,6.45,3.82,C,false,false,9,true,auto_renew,medium,high,62.7,3,22.433,18.108
TR-01167,train,hotel,HV,414.2,2279.3,0.6282,mid,17.1869,1.0214,3.3645,0.5686,281.9,0.0413,2,5.01,3.27,A,false,false,2,false,auto_renew,low,medium,20.7,3,25.073,18.582
TR-01168,train,hotel,HV,1258.1,6899.7,0.6261,mid,17.1586,1.0198,3.3697,0.5576,836.9,0.0652,2,5.71,4.04,A,false,false,6,false,negotiated,low,low,62.9,2,23.949,19.927
TR-01169,train,hotel,HV,620.8,3379.2,0.6214,mid,17.078,1.015,3.3812,0.5597,411.4,0.0401,2,5.88,4.92,A,false,true,6,false,auto_renew,medium,high,31,2,24.919,20.688
TR-01170,train,hotel,HV,652.3,3479.6,0.6089,mid,17.2421,1.0247,3.4127,0.5638,426.7,0.0348,2,6.03,3.89,A,false,true,5,false,tender,low,high,32.6,2,25.903,21.673
TR-01171,train,hotel,HV,1745.8,9442.8,0.6175,mid,17.2077,1.0227,3.391,0.5585,1147.2,0.0515,2,4.7,4.09,A,false,true,9,false,auto_renew,low,high,87.3,2,25.882,20.85
TR-01172,train,hotel,HV,510,2809.4,0.6288,mid,17.1764,1.0208,3.3629,0.5619,343.4,0.0364,2,6.74,3.14,A,false,false,5,false,auto_renew,high,low,25.5,2,26.223,21.069
TR-01173,train,hotel,HV,452.3,2515.4,0.6349,mid,17.1603,1.0199,3.3485,0.5637,308.5,0.0503,2,3.96,3.44,A,false,false,6,true,tender,medium,low,22.6,2,22.329,18.677
TR-01174,train,hotel,HV,611.2,3273.3,0.6114,mid,17.225,1.0237,3.4065,0.5566,396.3,0.054,2,4.96,4.28,B,false,false,4,false,auto_renew,high,low,30.6,1,23.016,19.64
TR-01175,train,hotel,HV,1703.8,9150.1,0.6131,mid,17.23,1.024,3.4021,0.5648,1124.3,0.0501,2,4.91,4.31,B,false,false,6,false,auto_renew,medium,low,85.2,1,21.643,16.948
TR-01176,train,hotel,HV,555,3059,0.6292,mid,17.1841,1.0213,3.3621,0.5688,378.5,0.0416,2,4.31,3.68,B,false,false,8,false,negotiated,low,low,27.8,3,22.093,18.43
TR-01177,train,hotel,HV,422.8,2313.1,0.6245,mid,17.1625,1.02,3.3734,0.5571,280.3,0.0711,2,7.91,7.7,A,false,true,6,false,auto_renew,high,medium,21.1,3,23.97,20.105
TR-01178,train,hotel,HV,1252.1,6906.3,0.6297,mid,17.1496,1.0192,3.361,0.5588,839.5,0.0537,2,7.65,3.65,D,false,true,9,false,negotiated,high,medium,62.6,2,21.855,18.621
TR-01179,train,hotel,HV,863.5,4727.5,0.625,mid,17.1958,1.022,3.3723,0.5678,583.9,0.0346,2,4.46,4.03,B,false,true,8,false,negotiated,low,high,43.2,1,25.459,21.301
TR-01180,train,hotel,HV,186.1,1014,0.622,mid,17.1282,1.018,3.3797,0.5563,122.7,0.0801,2,6.54,2.93,A,false,true,8,false,tender,high,medium,9.3,2,25.148,20.193
TR-01181,train,hotel,HV,954.9,5273.2,0.6304,mid,17.1097,1.0169,3.3592,0.559,641.3,0.0343,2,4.85,4.66,C,false,false,9,false,negotiated,high,medium,47.7,3,23.878,18.398
TR-01182,train,hotel,HV,525.5,2929.8,0.6364,mid,17.051,1.0134,3.3447,0.5642,359.6,0.0783,2,6.48,3.68,A,false,false,1,false,tender,high,high,26.3,3,22.395,18.846
TR-01183,train,hotel,HV,878.4,4778.5,0.621,mid,17.1978,1.0221,3.3822,0.5596,581.7,0.0792,2,5.72,3.91,B,false,false,5,false,auto_renew,medium,low,43.9,2,23.469,19.624
TR-01184,train,hotel,HV,755,4126.1,0.6239,mid,17.0735,1.0147,3.3751,0.5604,503,0.0342,2,6.04,2.83,B,false,false,10,false,negotiated,medium,low,37.8,1,21.712,18.45
TR-01185,train,hotel,HV,550.2,3007.3,0.624,mid,17.1238,1.0177,3.3748,0.5569,364.3,0.0332,2,5.07,4.71,C,false,false,10,false,auto_renew,medium,low,27.5,3,22.116,18.916
TR-01186,train,hotel,HV,849.1,4618.7,0.621,mid,17.2072,1.0227,3.3823,0.5668,569.5,0.0339,2,3.71,4.22,D,false,true,8,true,auto_renew,low,medium,42.5,3,26.388,21.628
TR-01187,train,hotel,HV,638.5,3632.1,0.6494,mid,17.1226,1.0176,3.3148,0.5678,448.7,0.0537,2,6,2.95,A,false,false,10,false,negotiated,low,medium,31.9,1,24.364,19.217
TR-01188,train,hotel,HV,229.8,1264.2,0.628,mid,17.1874,1.0215,3.365,0.5685,156.4,0.0836,2,5.97,4.17,B,false,false,1,true,negotiated,medium,high,11.5,1,23.591,19.36
TR-01189,train,hotel,HV,571.2,3209.9,0.6415,mid,17.0423,1.0129,3.3329,0.5656,395,0.0864,2,7.69,5.35,B,false,false,3,false,auto_renew,low,high,28.6,1,25.128,20.02
TR-01190,train,hotel,HV,464.9,2527,0.6205,mid,17.1316,1.0182,3.3834,0.5558,305.5,0.035,2,5.63,5.14,A,false,false,1,false,negotiated,high,medium,23.2,3,24.265,19.715
TR-01191,train,hotel,HV,1011.4,5513.9,0.6224,mid,17.2033,1.0224,3.3788,0.5672,680.3,0.0623,2,6.64,4.67,A,false,true,8,false,negotiated,medium,high,50.6,2,23.967,20.61
TR-01192,train,hotel,HV,892.9,4776.6,0.6107,mid,17.1985,1.0221,3.4082,0.5524,574,0.0485,2,3.94,3.71,A,false,false,9,true,auto_renew,medium,medium,44.6,2,24.621,19.142
TR-01193,train,hotel,HV,702.4,3921.1,0.6373,mid,17.1539,1.0195,3.3428,0.5644,481.4,0.0319,2,5.66,3.61,D,false,false,10,false,negotiated,low,medium,35.1,3,26.43,21.322
TR-01194,train,hotel,HV,492.5,2670.9,0.6191,mid,17.2126,1.023,3.3869,0.5664,329.1,0.0545,2,4.96,6.36,A,false,false,7,false,auto_renew,medium,low,24.6,1,24.225,19.622
TR-01195,train,hotel,HV,776.2,4323.1,0.6358,mid,17.1344,1.0183,3.3463,0.5608,527.4,0.0299,2,6.15,4.45,A,false,false,10,false,tender,low,high,38.8,1,22.788,19.445
TR-01196,train,hotel,HV,339.9,1875.6,0.6299,mid,17.182,1.0212,3.3603,0.569,232.2,0.0402,2,5.59,4.23,A,false,false,8,false,auto_renew,low,medium,17,1,22.677,17.656
TR-01197,train,hotel,HV,371.5,2052,0.6305,mid,17.1804,1.0211,3.3588,0.5692,254.1,0.0498,2,5.73,5.91,C,false,false,5,true,auto_renew,low,medium,18.6,2,24.59,19.554
TR-01198,train,hotel,HV,511.1,2795.5,0.6244,mid,17.0725,1.0147,3.3738,0.5606,340.9,0.0773,2,7.31,4.12,A,false,false,10,false,auto_renew,high,medium,25.6,2,24.066,18.353
TR-01199,train,hotel,HV,1398.5,7739.2,0.6317,mid,17.1068,1.0167,3.356,0.5595,941.9,0.0387,2,5.16,4.34,D,false,false,9,false,negotiated,high,medium,69.9,1,23.716,19.718
TR-01200,train,hotel,HV,606.8,3322.2,0.625,mid,17.1613,1.0199,3.3723,0.5573,402.7,0.0493,2,4.91,3.47,B,false,false,4,true,negotiated,low,medium,30.3,1,21.396,17.363
