bank,scenario,regime,stress,month,mean_price_jpy_kwh,max_price_jpy_kwh,p95_price_jpy_kwh,mean_imbalance_jpy_kwh,max_imbalance_jpy_kwh,min_reserve_margin_pct,slots_ge_100,annual_mean_price_jpy_kwh
train,0,severe_shock,none,4,16.213,32.5,24.752,17.191,67.49,8.81,0,19.63
train,0,severe_shock,none,5,18.016,39.55,26.805,19.527,58.62,12.43,0,19.63
train,0,severe_shock,none,6,21.059,59.66,34.872,24.443,97.9,19.21,0,19.63
train,0,severe_shock,none,7,21.362,53.25,35.086,24.03,89.73,15.2,0,19.63
train,0,severe_shock,none,8,20.984,50.12,35.863,22.844,94.91,14.7,0,19.63
train,0,severe_shock,none,9,21.932,62.03,36.512,25.983,98.75,24.56,0,19.63
train,0,severe_shock,none,10,21.56,43.23,32.67,24.119,69.44,19.26,0,19.63
train,0,severe_shock,none,11,19.08,39.98,28.843,20.912,70.16,13.41,0,19.63
train,0,severe_shock,none,12,18.092,59.12,31.704,22.297,221.2,4.54,0,19.63
train,0,severe_shock,none,1,18.087,38.26,26.879,19.064,73,7.63,0,19.63
train,0,severe_shock,none,2,18.344,40.91,27.058,19.739,57.18,8.98,0,19.63
train,0,severe_shock,none,3,20.697,44.49,31.859,23.966,76.01,8.82,0,19.63
train,1,moderate_shock,none,4,15.543,37,22.154,16.053,94.7,6.54,0,17.181
train,1,moderate_shock,none,5,15.552,41.35,22.607,16.13,111.26,6.25,0,17.181
train,1,moderate_shock,none,6,17.851,34.41,27.962,18.588,56.45,11.18,0,17.181
train,1,moderate_shock,none,7,18.653,38.82,29.155,21.616,90.76,14.07,0,17.181
train,1,moderate_shock,none,8,19.881,45.19,30.677,21.572,65.61,9.85,0,17.181
train,1,moderate_shock,none,9,17.347,35.69,27.322,17.902,60.08,24.47,0,17.181
train,1,moderate_shock,none,10,16.761,31.55,23.573,16.861,54.89,13.83,0,17.181
train,1,moderate_shock,none,11,16.185,32.6,23.693,16.369,83.5,7.89,0,17.181
train,1,moderate_shock,none,12,15.638,69.45,21.363,16.781,243.64,4.84,0,17.181
train,1,moderate_shock,none,1,16.849,47.42,23.492,17.663,150.93,6,0,17.181
train,1,moderate_shock,none,2,14.075,47.31,19.487,14.29,166.65,5.64,0,17.181
train,1,moderate_shock,none,3,21.483,40.63,29.659,24.662,63.68,8.1,0,17.181
train,2,moderate_shock,none,4,16.473,41.92,23.39,17.359,124.15,5.86,0,17.651
train,2,moderate_shock,none,5,16.038,39.78,23.886,16.708,61.93,7.06,0,17.651
train,2,moderate_shock,none,6,20.15,39.34,31.791,22.531,114.73,9.43,0,17.651
train,2,moderate_shock,none,7,19.73,49.29,31.626,21.267,67.93,8,0,17.651
train,2,moderate_shock,none,8,17.407,35.13,28.466,18.568,83.78,15.47,0,17.651
train,2,moderate_shock,none,9,18.637,38.99,30.27,20.374,70.17,18.88,0,17.651
train,2,moderate_shock,none,10,18.706,35.33,26.886,20.325,64.29,15.75,0,17.651
train,2,moderate_shock,none,11,15.987,34.97,23.15,16.509,70.41,12.76,0,17.651
train,2,moderate_shock,none,12,15.322,53.76,21.538,17.029,265.04,4.07,0,17.651
train,2,moderate_shock,none,1,16.617,43.34,23.392,17.389,122.06,6.31,0,17.651
train,2,moderate_shock,none,2,15.698,41.82,23.307,15.899,148.57,6.55,0,17.651
train,2,moderate_shock,none,3,20.875,39.8,29.985,22.89,58.32,8.75,0,17.651
train,3,baseline,cold_snap_lng,4,10.932,19.73,15.01,9.923,27.39,10.08,0,16.354
train,3,baseline,cold_snap_lng,5,10.784,24.36,15.28,9.576,48.55,12.91,0,16.354
train,3,baseline,cold_snap_lng,6,12.383,26.09,18.4,11.279,42.85,19.46,0,16.354
train,3,baseline,cold_snap_lng,7,13.935,29.81,20.886,14.006,49.27,10.89,0,16.354
train,3,baseline,cold_snap_lng,8,12.368,30.19,19.579,12.065,50.6,8.08,0,16.354
train,3,baseline,cold_snap_lng,9,12.377,24.36,18.72,11.505,34.52,23.21,0,16.354
train,3,baseline,cold_snap_lng,10,12.873,23.3,18.186,12.19,38.93,16.1,0,16.354
train,3,baseline,cold_snap_lng,11,12.039,25.24,16.75,10.906,81.64,7.82,0,16.354
train,3,baseline,cold_snap_lng,12,11.601,36.93,16.615,11.678,189.14,5.66,0,16.354
train,3,baseline,cold_snap_lng,1,61.462,260,186.711,71.223,300,1.1,421,16.354
train,3,baseline,cold_snap_lng,2,10.111,17.75,13.588,8.487,32.33,14.77,0,16.354
train,3,baseline,cold_snap_lng,3,14.213,23.4,19.299,13.824,32.69,11.86,0,16.354
train,4,severe_shock,none,4,19.61,50.9,28.136,21.848,104.52,6.33,0,20.842
train,4,severe_shock,none,5,18.976,58.59,28.311,21.696,131.42,4.82,0,20.842
train,4,severe_shock,none,6,23.1,54.51,38.369,27.021,102.81,9.16,0,20.842
train,4,severe_shock,none,7,22.883,47,38.29,25.37,85.69,11.37,0,20.842
train,4,severe_shock,none,8,21.684,56.26,37.11,25.085,94.67,9.84,0,20.842
train,4,severe_shock,none,9,21.392,50.37,35.381,24.235,78.43,23.03,0,20.842
train,4,severe_shock,none,10,23.434,56.48,34.719,28.006,95.13,14.58,0,20.842
train,4,severe_shock,none,11,18.551,35.12,27.38,19.997,68.79,8.92,0,20.842
train,4,severe_shock,none,12,18.268,70.2,26.849,20.883,226.98,4.47,0,20.842
train,4,severe_shock,none,1,21.702,79.81,32.15,25.614,196.44,5.34,0,20.842
train,4,severe_shock,none,2,18.253,33.81,26.498,18.88,54.35,9.96,0,20.842
train,4,severe_shock,none,3,21.979,39.54,31.879,25.291,91.52,10.44,0,20.842
train,5,baseline,none,4,12.567,30.39,18.28,12.13,106.16,6.5,0,12.948
train,5,baseline,none,5,12.466,37.18,18.02,12.255,144.97,4.98,0,12.948
train,5,baseline,none,6,14.923,39.55,21.93,15.853,97.81,7.02,0,12.948
train,5,baseline,none,7,14.265,30.78,21.62,13.785,39.58,15.58,0,12.948
train,5,baseline,none,8,13.458,31.5,20.38,12.775,46.04,8.09,0,12.948
train,5,baseline,none,9,12.812,24.77,19.311,12.423,38.81,24.45,0,12.948
train,5,baseline,none,10,12.622,21.68,17.233,11.809,35.91,16.64,0,12.948
train,5,baseline,none,11,10.911,25.34,15.863,9.848,39.79,8.77,0,12.948
train,5,baseline,none,12,11.971,26.8,16.13,11.64,155.61,5.97,0,12.948
train,5,baseline,none,1,12.447,19.49,16.283,11.502,27.87,15.29,0,12.948
train,5,baseline,none,2,11.036,37.9,15.868,10.787,223.26,4.49,0,12.948
train,5,baseline,none,3,15.691,34.27,21.43,15.717,46.81,13.53,0,12.948
train,6,baseline,none,4,10.302,18.83,14.571,9.166,38.47,11.88,0,11.372
train,6,baseline,none,5,10.104,24.23,14.473,9.028,74.2,6.99,0,11.372
train,6,baseline,none,6,12.141,23.88,17.892,10.9,41.89,19.95,0,11.372
train,6,baseline,none,7,12.459,24.74,18.559,11.257,41.89,13.49,0,11.372
train,6,baseline,none,8,11.806,27.59,18.139,10.743,35.85,11.67,0,11.372
train,6,baseline,none,9,11.83,20.47,17.271,10.773,36.13,28.76,0,11.372
train,6,baseline,none,10,11.7,21.54,16.482,10.511,27.59,17.01,0,11.372
train,6,baseline,none,11,10.386,29.19,14.78,9.444,113.48,7.22,0,11.372
train,6,baseline,none,12,10.433,36.73,14.406,9.943,237.03,4.6,0,11.372
train,6,baseline,none,1,11.656,36.22,15.866,10.917,189.79,5.7,0,11.372
train,6,baseline,none,2,11.298,31.38,15.897,10.99,140.88,6.46,0,11.372
train,6,baseline,none,3,12.316,20.87,16.787,11.459,35.78,13.17,0,11.372
train,7,baseline,heat_dome,4,12.324,23.9,17.04,11.528,33.8,8.39,0,13.299
train,7,baseline,heat_dome,5,10.433,23.67,14.546,8.994,35.97,9,0,13.299
train,7,baseline,heat_dome,6,13.101,29.25,20.894,12.327,41.28,18.11,0,13.299
train,7,baseline,heat_dome,7,25.237,257.24,75.261,29.954,257.24,1.9,40,13.299
train,7,baseline,heat_dome,8,12.888,46.5,19.59,12.554,96.98,6.56,0,13.299
train,7,baseline,heat_dome,9,12.777,25.22,19.232,11.906,36.78,24.44,0,13.299
train,7,baseline,heat_dome,10,13.418,27.88,18.563,12.93,35.89,22.71,0,13.299
train,7,baseline,heat_dome,11,11.75,21.27,16.42,10.726,30.57,15.11,0,13.299
train,7,baseline,heat_dome,12,10.926,23.86,15.193,10.329,102.77,7.25,0,13.299
train,7,baseline,heat_dome,1,11.37,20.47,15.696,10.287,65.48,8.62,0,13.299
train,7,baseline,heat_dome,2,9.992,16.53,13.505,8.272,22.91,14.89,0,13.299
train,7,baseline,heat_dome,3,14.945,34.48,20.399,14.942,48.62,8.71,0,13.299
train,8,moderate_shock,cold_snap_lng,4,16.475,30.16,23.49,16.851,49.81,15.15,0,24.603
train,8,moderate_shock,cold_snap_lng,5,14.794,26.96,21.323,14.874,38.14,12.86,0,24.603
train,8,moderate_shock,cold_snap_lng,6,18.041,40.75,28.642,19.308,74.11,20.13,0,24.603
train,8,moderate_shock,cold_snap_lng,7,20.808,51.4,32.242,22.679,85.16,19.17,0,24.603
train,8,moderate_shock,cold_snap_lng,8,18.994,42.2,29.986,19.773,68.79,10.93,0,24.603
train,8,moderate_shock,cold_snap_lng,9,19.081,37.67,29.231,20.725,85.96,38.34,0,24.603
train,8,moderate_shock,cold_snap_lng,10,17.231,29.31,24.816,18.023,53.93,22.75,0,24.603
train,8,moderate_shock,cold_snap_lng,11,16.657,42.94,24.553,17.285,66.79,14.33,0,24.603
train,8,moderate_shock,cold_snap_lng,12,16.401,33.46,23.786,17.395,87.94,19.49,0,24.603
train,8,moderate_shock,cold_snap_lng,1,97.696,260,259.779,113.533,300,1.14,709,24.603
train,8,moderate_shock,cold_snap_lng,2,16.466,29.37,23.21,16.532,47.48,14.59,0,24.603
train,8,moderate_shock,cold_snap_lng,3,20.896,36.82,29.642,23.284,73.69,14.64,0,24.603
train,9,baseline,none,4,11.019,18.39,15.181,9.629,27.03,12.91,0,11.798
train,9,baseline,none,5,11.003,21.22,15.22,9.424,24.9,11.35,0,11.798
train,9,baseline,none,6,12.3,23.35,18.431,11.539,36.6,17.92,0,11.798
train,9,baseline,none,7,12.004,21.99,17.6,9.924,31.15,16.79,0,11.798
train,9,baseline,none,8,12.507,32.34,19.335,11.7,41.42,9.45,0,11.798
train,9,baseline,none,9,11.843,22.16,17.571,10.572,31.25,27.42,0,11.798
train,9,baseline,none,10,12.35,21.18,17.197,11.321,33.9,18.61,0,11.798
train,9,baseline,none,11,12.584,22.56,17.462,11.425,50.82,10.67,0,11.798
train,9,baseline,none,12,10.255,38.22,14.133,11.52,256.62,4.35,0,11.798
train,9,baseline,none,1,11.009,24.45,15.25,9.909,71.32,7.9,0,11.798
train,9,baseline,none,2,10.859,20.66,15.675,9.426,27.39,10,0,11.798
train,9,baseline,none,3,13.768,22.48,18.903,13.607,29.17,13.98,0,11.798
train,10,baseline,none,4,11.31,30.3,15.722,10.585,132.61,5.53,0,13.845
train,10,baseline,none,5,12.819,28.13,18.526,12.323,65.37,7.56,0,13.845
train,10,baseline,none,6,14.153,35.63,21.322,14.486,82.11,7.58,0,13.845
train,10,baseline,none,7,14.884,32.02,22.267,14.295,48.67,8.36,0,13.845
train,10,baseline,none,8,15.424,34.95,23.759,15.316,108.29,6.71,0,13.845
train,10,baseline,none,9,14.657,28.39,22.82,14.687,46.55,11.75,0,13.845
train,10,baseline,none,10,15.264,27.56,21.073,15.261,40.26,10.84,0,13.845
train,10,baseline,none,11,12.917,43.79,17.791,13.28,254.71,3.68,0,13.845
train,10,baseline,none,12,12.329,32.17,16.56,11.608,113.16,6.47,0,13.845
train,10,baseline,none,1,13.383,25.13,18.82,12.86,36.48,8.88,0,13.845
train,10,baseline,none,2,12.178,27.53,16.417,11.066,105.65,7.84,0,13.845
train,10,baseline,none,3,16.582,41.23,23.806,17.466,159.29,6.02,0,13.845
train,11,severe_shock,none,4,19.578,41.16,28.981,21.571,80.85,7.16,0,21.958
train,11,severe_shock,none,5,20.866,47.23,32.432,23.914,80.09,7.28,0,21.958
train,11,severe_shock,none,6,22.564,63.05,38.424,27.345,93.12,10.13,0,21.958
train,11,severe_shock,none,7,24.746,67.73,41.621,30.779,108.85,7.74,0,21.958
train,11,severe_shock,none,8,21.956,56.21,36.086,25.888,118.85,23.24,0,21.958
train,11,severe_shock,none,9,24.554,56.21,41.472,29.458,94.82,24.62,0,21.958
train,11,severe_shock,none,10,24.675,45.95,36.283,29.295,100.67,18.51,0,21.958
train,11,severe_shock,none,11,20.438,45.9,31.46,22.51,80.06,11.5,0,21.958
train,11,severe_shock,none,12,20.055,73.78,32.275,24.547,243.18,4.64,0,21.958
train,11,severe_shock,none,1,20.38,41.73,29.759,22.263,80.7,8.81,0,21.958
train,11,severe_shock,none,2,18.009,35.91,26.117,19.761,61.68,10.59,0,21.958
train,11,severe_shock,none,3,25.264,52.27,37.286,30.261,78.11,8.63,0,21.958
train,12,baseline,none,4,11.81,25.59,16.562,11.152,63.79,7.74,0,12.299
train,12,baseline,none,5,11.325,29.55,17.256,10.471,55.97,8,0,12.299
train,12,baseline,none,6,14.138,27.07,21.512,13.781,44.15,10.34,0,12.299
train,12,baseline,none,7,13.288,27.71,20.098,13.062,39.35,11.14,0,12.299
train,12,baseline,none,8,13.053,28.52,19.686,12.825,59.77,16.83,0,12.299
train,12,baseline,none,9,13.087,25.28,20.173,12.592,36.71,18.55,0,12.299
train,12,baseline,none,10,12.04,20.1,16.809,10.995,32.12,18.14,0,12.299
train,12,baseline,none,11,11.733,21.74,16.05,10.825,63.5,12.86,0,12.299
train,12,baseline,none,12,10.426,16.32,13.703,9.322,33.73,10.06,0,12.299
train,12,baseline,none,1,12.774,73.53,18.979,14.037,256.71,4.07,0,12.299
train,12,baseline,none,2,11.654,28.43,15.767,11.189,126.72,6.48,0,12.299
train,12,baseline,none,3,12.249,23.61,17.697,11.368,37.33,9.56,0,12.299
train,13,baseline,none,4,12.055,26.2,17.231,11.48,82.25,6.84,0,12.749
train,13,baseline,none,5,11.85,23.62,16.872,11.056,43.52,8.39,0,12.749
train,13,baseline,none,6,12.592,23.49,19.294,12.333,35.14,10.7,0,12.749
train,13,baseline,none,7,15.135,30.02,23.096,14.431,46.15,14.78,0,12.749
train,13,baseline,none,8,14.175,36.7,21.969,14.456,48.15,7.65,0,12.749
train,13,baseline,none,9,14.097,27.23,21.082,13.382,35.86,24.12,0,12.749
train,13,baseline,none,10,11.706,20.77,16.22,10.476,26.62,16.79,0,12.749
train,13,baseline,none,11,11.216,19.68,15.81,9.864,33.85,17.41,0,12.749
train,13,baseline,none,12,10.172,28.21,13.575,9.602,156.16,5.75,0,12.749
train,13,baseline,none,1,13.354,43.99,18.149,13.383,222.28,5.24,0,12.749
train,13,baseline,none,2,11.253,19.52,15.351,9.906,36.83,9.93,0,12.749
train,13,baseline,none,3,15.205,29.18,21.593,15.41,38.21,12.38,0,12.749
train,14,severe_shock,none,4,21.156,47.86,31.222,23.615,81.55,7.4,0,23.46
train,14,severe_shock,none,5,21.927,49.07,32.323,25.787,80.6,10.37,0,23.46
train,14,severe_shock,none,6,23.867,50.94,38.471,27.665,106.61,13.34,0,23.46
train,14,severe_shock,none,7,27.112,88.05,46.146,33.541,133.42,7.66,0,23.46
train,14,severe_shock,none,8,25.132,75.71,42.899,31.164,130.24,7.33,0,23.46
train,14,severe_shock,none,9,25.678,49.68,42.72,31.451,94.17,18.99,0,23.46
train,14,severe_shock,none,10,24.965,55.98,38.014,30.02,106.46,15.21,0,23.46
train,14,severe_shock,none,11,22.105,42.31,33.201,24.417,67.52,9.74,0,23.46
train,14,severe_shock,none,12,22.131,65.41,33.045,26.13,127.23,6.49,0,23.46
train,14,severe_shock,none,1,22.731,146.65,34.996,27.412,300,1.94,5,23.46
train,14,severe_shock,none,2,20.651,65.8,31.57,23.329,200.56,4.48,0,23.46
train,14,severe_shock,none,3,23.764,48.49,34.206,28.534,95.26,15.37,0,23.46
train,15,moderate_shock,none,4,17.059,36.47,23.691,17.798,88.18,6.81,0,18.261
train,15,moderate_shock,none,5,14.355,28.84,20.406,14.496,48.81,8,0,18.261
train,15,moderate_shock,none,6,17.868,44.4,28.38,18.806,71.87,12.29,0,18.261
train,15,moderate_shock,none,7,20.989,42.73,32.713,23.734,67.82,14.47,0,18.261
train,15,moderate_shock,none,8,20.135,43.12,31.416,22.678,65.45,11.73,0,18.261
train,15,moderate_shock,none,9,16.966,32.32,26.921,18.258,50.37,21.63,0,18.261
train,15,moderate_shock,none,10,21.05,44.26,30.038,23.52,62.03,14.17,0,18.261
train,15,moderate_shock,none,11,17.491,32.87,25.5,18.228,58.14,11.8,0,18.261
train,15,moderate_shock,none,12,16.359,62.68,24.436,17.758,178.47,4.95,0,18.261
train,15,moderate_shock,none,1,19.221,56.56,27.635,21.856,161.25,6.01,0,18.261
train,15,moderate_shock,none,2,16.054,56.68,23.754,17.055,232.55,4.13,0,18.261
train,15,moderate_shock,none,3,21.254,39.92,29.499,23.978,98.35,11.55,0,18.261
train,16,moderate_shock,none,4,15.297,35.65,22.145,15.57,65.57,8.02,0,17.906
train,16,moderate_shock,none,5,16.637,47.78,24.406,17.414,73.99,9.5,0,17.906
train,16,moderate_shock,none,6,20.616,39.36,32.33,23.498,58.49,14.41,0,17.906
train,16,moderate_shock,none,7,20.154,44.75,31,22.815,81.61,11.44,0,17.906
train,16,moderate_shock,none,8,18.521,77.61,31.157,21.246,132.49,5.41,0,17.906
train,16,moderate_shock,none,9,17.808,34.62,28.66,18.65,56.6,24.81,0,17.906
train,16,moderate_shock,none,10,18.962,38.16,27.823,20.703,62.15,12.34,0,17.906
train,16,moderate_shock,none,11,17.063,33.99,25.01,18.333,57.73,9.75,0,17.906
train,16,moderate_shock,none,12,16.124,45.38,22.483,17.391,146.71,6.33,0,17.906
train,16,moderate_shock,none,1,17.143,39.07,24.658,18.384,58.2,8.18,0,17.906
train,16,moderate_shock,none,2,16.81,63.11,24.972,19.769,236.96,4.3,0,17.906
train,16,moderate_shock,none,3,19.598,49.86,28.056,21.99,74.04,7.9,0,17.906
train,17,moderate_shock,none,4,16.228,28.44,22.481,16.863,60.11,8.37,0,17.313
train,17,moderate_shock,none,5,13.825,37.62,21.046,13.603,83.69,6.33,0,17.313
train,17,moderate_shock,none,6,18.155,46.22,28.56,19.662,73.21,12.86,0,17.313
train,17,moderate_shock,none,7,19.401,67.84,29.426,20.802,89.07,6.75,0,17.313
train,17,moderate_shock,none,8,18.377,53.58,29.403,18.518,76.05,9.68,0,17.313
train,17,moderate_shock,none,9,18.961,40.13,29.203,20.828,74.38,24.68,0,17.313
train,17,moderate_shock,none,10,18.543,35.23,26.197,20.024,59.52,16.3,0,17.313
train,17,moderate_shock,none,11,15.925,27.43,22.422,16.086,53.36,11.9,0,17.313
train,17,moderate_shock,none,12,15.365,46.24,22.203,15.572,200.1,5.38,0,17.313
train,17,moderate_shock,none,1,17.792,42.3,24.949,18.571,94.03,7.29,0,17.313
train,17,moderate_shock,none,2,14.659,47.09,21.538,16.981,213.27,4.47,0,17.313
train,17,moderate_shock,none,3,20.269,37.94,28.446,22.763,58.47,7.98,0,17.313
train,18,baseline,none,4,11.8,23.74,16.8,10.725,73.78,7.9,0,12.852
train,18,baseline,none,5,11.644,28.1,17.037,10.602,49.49,8,0,12.852
train,18,baseline,none,6,14.214,25.29,20.602,13.828,53.18,17.36,0,12.852
train,18,baseline,none,7,13.497,32.83,20.927,12.727,48.76,8.81,0,12.852
train,18,baseline,none,8,13.899,27.46,20.739,13.808,50.96,14.12,0,12.852
train,18,baseline,none,9,13.065,30.45,21,12.453,44.03,17.95,0,12.852
train,18,baseline,none,10,13.093,22.08,18.146,12.358,38.19,17.36,0,12.852
train,18,baseline,none,11,12.067,19.86,16.502,11.143,34.08,13.45,0,12.852
train,18,baseline,none,12,12.977,44,18.929,14.221,234.7,5.08,0,12.852
train,18,baseline,none,1,12.207,27.44,16.783,11.441,106.06,7.53,0,12.852
train,18,baseline,none,2,11.151,26.95,15.17,9.816,154.48,6.07,0,12.852
train,18,baseline,none,3,14.438,25.1,20.04,13.691,39.49,12.32,0,12.852
train,19,baseline,none,4,12.133,24.4,16.88,11.114,44.3,7.97,0,13.193
train,19,baseline,none,5,12.147,33.54,16.996,11.457,39.14,11.5,0,13.193
train,19,baseline,none,6,14.155,28.02,21.04,13.879,50.9,11.78,0,13.193
train,19,baseline,none,7,13.798,53.85,20.326,13.407,140.87,5.94,0,13.193
train,19,baseline,none,8,13.593,61.54,20.503,13.13,111.65,5.8,0,13.193
train,19,baseline,none,9,13.544,29,20.065,12.681,44.98,24.14,0,13.193
train,19,baseline,none,10,14.001,23.45,18.916,13.186,29.13,20.93,0,13.193
train,19,baseline,none,11,12.772,22.48,17.261,11.935,33.55,15.37,0,13.193
train,19,baseline,none,12,11.657,24.5,15.749,10.765,77.6,7.37,0,13.193
train,19,baseline,none,1,13.102,21.15,17.01,11.803,29.69,14.23,0,13.193
train,19,baseline,none,2,11.467,20.39,15.227,10.214,31.84,15.16,0,13.193
train,19,baseline,none,3,15.774,27.56,21.593,15.734,37.57,13.32,0,13.193
train,20,moderate_shock,none,4,14.42,34.3,19.77,14.788,84.93,6.71,0,15.432
train,20,moderate_shock,none,5,13.501,29.6,19.673,13.025,50.53,7.82,0,15.432
train,20,moderate_shock,none,6,15.939,31.71,24.781,15.928,49.52,12.71,0,15.432
train,20,moderate_shock,none,7,17.742,46.29,27.767,19.982,73.72,7.86,0,15.432
train,20,moderate_shock,none,8,15.955,55.16,25.323,16.518,107.03,5.85,0,15.432
train,20,moderate_shock,none,9,16.879,34.15,25.932,17.082,64.66,20.44,0,15.432
train,20,moderate_shock,none,10,15.418,35.68,22.163,15.391,48.46,11.83,0,15.432
train,20,moderate_shock,none,11,13.968,29.82,20.531,13.745,44.83,8.36,0,15.432
train,20,moderate_shock,none,12,14.377,29.3,21.073,14.582,66.42,7.99,0,15.432
train,20,moderate_shock,none,1,16.433,47.6,24.95,18.417,228.42,4.96,0,15.432
train,20,moderate_shock,none,2,13.288,41.4,18.071,12.551,214,4.72,0,15.432
train,20,moderate_shock,none,3,17.039,32.54,23.929,18.243,62.93,10.89,0,15.432
train,21,severe_shock,none,4,19.09,37.82,27.373,21.232,66.92,9.89,0,20.656
train,21,severe_shock,none,5,19.091,45.87,28.346,21.118,140.8,9.51,0,20.656
train,21,severe_shock,none,6,21.03,43.11,35.212,22.958,86.7,21.03,0,20.656
train,21,severe_shock,none,7,22.093,57.38,36.135,25.434,124.5,10.07,0,20.656
train,21,severe_shock,none,8,21.853,48.58,36.553,25.721,91.54,17.38,0,20.656
train,21,severe_shock,none,9,21.368,50.31,35.111,24.689,83.61,21.13,0,20.656
train,21,severe_shock,none,10,22.956,42.37,33.513,26.909,70.76,20.35,0,20.656
train,21,severe_shock,none,11,19.229,39.21,28.731,20.266,69.57,17.91,0,20.656
train,21,severe_shock,none,12,17.926,79.17,29.532,22.222,282.62,3.45,0,20.656
train,21,severe_shock,none,1,18.359,31.44,25.543,19.025,58.02,15.36,0,20.656
train,21,severe_shock,none,2,19.193,55.78,29.247,21.276,127.08,6.57,0,20.656
train,21,severe_shock,none,3,25.478,45.47,36.839,30.491,77.42,14.18,0,20.656
train,22,baseline,none,4,13.775,20.95,18.17,13.366,32.72,9.16,0,13.256
train,22,baseline,none,5,12.879,23.89,18.429,12.204,33.56,10.29,0,13.256
train,22,baseline,none,6,12.991,30.27,20.087,12.189,54.22,10.44,0,13.256
train,22,baseline,none,7,13.884,27.52,21.159,12.745,41.53,10.45,0,13.256
train,22,baseline,none,8,13.903,47.65,21.69,13.302,105.59,6.7,0,13.256
train,22,baseline,none,9,14.927,26.37,22.281,15.312,44.88,16.75,0,13.256
train,22,baseline,none,10,13.4,29.56,18.54,12.535,37.82,18,0,13.256
train,22,baseline,none,11,13.254,32,18.682,12.58,38.64,13.66,0,13.256
train,22,baseline,none,12,10.95,29.72,15.28,11.101,185.37,5.71,0,13.256
train,22,baseline,none,1,13.056,39.74,17.607,12.99,185.4,5.46,0,13.256
train,22,baseline,none,2,11.769,20.03,16.312,10.533,35.91,8.92,0,13.256
train,22,baseline,none,3,14.207,26.73,19.592,13.864,33.92,13.2,0,13.256
train,23,baseline,none,4,9.978,19.61,13.871,8.58,46.29,7.98,0,11.591
train,23,baseline,none,5,9.675,22.38,13.853,8.111,28.69,10.05,0,11.591
train,23,baseline,none,6,12.589,25.88,19.62,11.572,34.22,15.3,0,11.591
train,23,baseline,none,7,12.915,23.71,19.52,11.983,37.8,16.94,0,11.591
train,23,baseline,none,8,13.097,35.94,20.906,13.082,85.42,7.02,0,11.591
train,23,baseline,none,9,11.877,23.36,17.581,10.267,25.99,27.56,0,11.591
train,23,baseline,none,10,12.474,26.26,17.566,11.667,37.39,14.95,0,11.591
train,23,baseline,none,11,11.178,20.09,15.4,9.966,85.77,8,0,11.591
train,23,baseline,none,12,10.106,20.96,13.96,9.056,99.03,7.39,0,11.591
train,23,baseline,none,1,11.167,32.94,15.12,10.407,173.16,5.67,0,11.591
train,23,baseline,none,2,11.563,43.59,16.857,12.279,272.79,3.94,0,11.591
train,23,baseline,none,3,12.446,23.07,17.092,11.66,39.05,14.8,0,11.591
train,24,baseline,none,4,13,26.04,18.512,12.307,56.7,8.21,0,13.647
train,24,baseline,none,5,12.5,24.82,17.649,11.931,39.04,10.88,0,13.647
train,24,baseline,none,6,15.439,27.42,22.59,14.701,38.29,18.89,0,13.647
train,24,baseline,none,7,14.726,26.63,21.93,14.32,41.9,23.46,0,13.647
train,24,baseline,none,8,13.759,32.64,21.236,12.395,51.38,18.31,0,13.647
train,24,baseline,none,9,13.327,25.62,20.32,13.094,48.7,19.21,0,13.647
train,24,baseline,none,10,14.787,24.11,19.96,14.557,38.77,15.07,0,13.647
train,24,baseline,none,11,13.301,24.92,18.65,12.492,29.97,13.65,0,13.647
train,24,baseline,none,12,12.46,62.78,18.809,14.301,300,2.32,0,13.647
train,24,baseline,none,1,12.551,25.85,17.173,11.916,38.17,10.63,0,13.647
train,24,baseline,none,2,12.087,23.66,17.08,11.333,47.08,8.18,0,13.647
train,24,baseline,none,3,15.693,28.15,21.32,16.036,45.02,9.26,0,13.647
train,25,baseline,none,4,10.876,20.5,14.943,9.607,23.31,10.44,0,11.751
train,25,baseline,none,5,11.315,21.27,15.9,10.326,37.17,8.67,0,11.751
train,25,baseline,none,6,12.524,25.43,19.34,11.707,37.05,11.07,0,11.751
train,25,baseline,none,7,12.505,24.71,18.399,11.723,33.91,16.8,0,11.751
train,25,baseline,none,8,11.734,22.17,17.843,11.195,39.69,11.68,0,11.751
train,25,baseline,none,9,12.579,24.35,18.84,12.11,31.96,17.89,0,11.751
train,25,baseline,none,10,12.683,21.1,16.857,11.483,34.61,16.27,0,11.751
train,25,baseline,none,11,11.327,20.65,15.96,10.151,97.96,10.36,0,11.751
train,25,baseline,none,12,10.469,23.44,14.496,8.961,80.86,7.82,0,11.751
train,25,baseline,none,1,10.797,33.41,15.429,12.02,216.06,5.38,0,11.751
train,25,baseline,none,2,10.207,17.13,13.469,8.569,30.48,15.89,0,11.751
train,25,baseline,none,3,13.855,22.72,19.39,13.082,37.08,15.04,0,11.751
train,26,baseline,heat_dome,4,11.879,20.44,16.33,10.995,34.75,9.7,0,13.498
train,26,baseline,heat_dome,5,11.592,26.94,16.697,10.573,37.22,12.5,0,13.498
train,26,baseline,heat_dome,6,12.341,23.56,18.721,11.841,35.68,15.94,0,13.498
train,26,baseline,heat_dome,7,28.032,229.83,92.741,35.4,229.83,4.81,69,13.498
train,26,baseline,heat_dome,8,12.506,27.58,19.605,12.171,45.18,17.71,0,13.498
train,26,baseline,heat_dome,9,12.573,24.08,18.98,11.825,35.32,26.96,0,13.498
train,26,baseline,heat_dome,10,11.814,21.3,15.98,10.703,28.56,21.52,0,13.498
train,26,baseline,heat_dome,11,12.375,26.65,17.352,11.615,36.24,13.31,0,13.498
train,26,baseline,heat_dome,12,11.49,28.47,17.837,10.886,140.79,6.26,0,13.498
train,26,baseline,heat_dome,1,12.117,28.58,17.376,10.706,50.1,7.98,0,13.498
train,26,baseline,heat_dome,2,10.799,26.03,14.527,9.865,113.26,6.93,0,13.498
train,26,baseline,heat_dome,3,14.037,24.86,19.596,13.773,46.12,12.79,0,13.498
train,27,moderate_shock,none,4,14.667,40.14,22.011,14.642,120.78,5.66,0,16.327
train,27,moderate_shock,none,5,14.666,39.88,20.95,14.631,82.25,11,0,16.327
train,27,moderate_shock,none,6,17.175,35.67,26.713,18.298,70.26,13.78,0,16.327
train,27,moderate_shock,none,7,18.577,41.08,29.203,21.346,78.18,9.29,0,16.327
train,27,moderate_shock,none,8,16.184,36.25,25.982,16.755,62.66,9.66,0,16.327
train,27,moderate_shock,none,9,17.185,37.49,26.48,17.46,67.42,20.81,0,16.327
train,27,moderate_shock,none,10,16.785,29.68,24.353,17.31,48.75,13.28,0,16.327
train,27,moderate_shock,none,11,16.173,28.6,23.54,16.243,44.59,9.89,0,16.327
train,27,moderate_shock,none,12,14.13,45.63,20.966,16.555,206.02,5.16,0,16.327
train,27,moderate_shock,none,1,15.896,34.74,21.996,16.091,85.02,7.52,0,16.327
train,27,moderate_shock,none,2,15.717,33.61,22.268,15.793,58.64,9.95,0,16.327
train,27,moderate_shock,none,3,18.71,34.38,27.119,20.568,59.64,10.66,0,16.327
train,28,baseline,none,4,10.954,19.37,15.221,9.93,51.21,8.46,0,12.16
train,28,baseline,none,5,10.439,25.43,14.676,9.727,157.4,5.04,0,12.16
train,28,baseline,none,6,11.982,27.52,18.45,10.993,45.81,8.29,0,12.16
train,28,baseline,none,7,14.316,28.42,20.759,13.873,46.44,9.63,0,12.16
train,28,baseline,none,8,14.036,30.21,21.3,13.387,58.64,14,0,12.16
train,28,baseline,none,9,11.935,26.07,18.93,11.247,35.09,12.3,0,12.16
train,28,baseline,none,10,12.574,25.31,17.493,11.749,33.43,11.24,0,12.16
train,28,baseline,none,11,12.602,29.59,17.071,11.777,35.35,11.55,0,12.16
train,28,baseline,none,12,10.568,36.08,15.05,10.229,173.58,5.32,0,12.16
train,28,baseline,none,1,11.477,32.83,15.526,10.978,159.9,5.6,0,12.16
train,28,baseline,none,2,11.057,23.05,15.581,9.716,79.71,7.93,0,12.16
train,28,baseline,none,3,13.833,25.83,19.363,13.447,34.59,10.46,0,12.16
train,29,severe_shock,heat_dome,4,22.358,46.77,31.882,26.007,95.67,12.04,0,22.98
train,29,severe_shock,heat_dome,5,20.353,44.82,31.073,23.211,66.6,8.83,0,22.98
train,29,severe_shock,heat_dome,6,22.492,49.95,38.23,26.047,91.37,15.22,0,22.98
train,29,severe_shock,heat_dome,7,25.326,125.07,42.146,30.54,200,4.45,6,22.98
train,29,severe_shock,heat_dome,8,36.076,259.73,85.621,47.287,259.73,1.29,54,22.98
train,29,severe_shock,heat_dome,9,22.048,45.51,36.8,24.791,92.15,21.99,0,22.98
train,29,severe_shock,heat_dome,10,23.071,46.85,34.639,26.474,92.45,15.41,0,22.98
train,29,severe_shock,heat_dome,11,20.261,39.89,29.738,22.918,88.11,11.96,0,22.98
train,29,severe_shock,heat_dome,12,17.51,47.01,25.909,19.12,114.18,7.45,0,22.98
train,29,severe_shock,heat_dome,1,21.201,62.58,31.969,24.737,190.92,5.4,0,22.98
train,29,severe_shock,heat_dome,2,18.808,41.67,28.154,20.64,84.86,7.86,0,22.98
train,29,severe_shock,heat_dome,3,25.697,51.46,38.492,31.222,91.61,13.05,0,22.98
train,30,severe_shock,none,4,19.572,58.43,31.77,22.081,107.5,5.93,0,21.311
train,30,severe_shock,none,5,18.756,46.85,27.976,20.305,81.19,7.29,0,21.311
train,30,severe_shock,none,6,22.361,46.7,37.261,26.451,91.36,14.98,0,21.311
train,30,severe_shock,none,7,24.221,70.06,41.439,28.512,124.81,7.74,0,21.311
train,30,severe_shock,none,8,21.988,42.55,34.758,26.23,79.82,11.46,0,21.311
train,30,severe_shock,none,9,22.341,47.45,37.339,24.928,90.79,14.98,0,21.311
train,30,severe_shock,none,10,22.855,40.03,33.353,26.78,79.46,12.46,0,21.311
train,30,severe_shock,none,11,19.875,38.7,30.16,21.367,66.69,12.03,0,21.311
train,30,severe_shock,none,12,18.217,69.3,27.914,21.501,291.31,3.81,0,21.311
train,30,severe_shock,none,1,20.924,37.28,30.677,23.095,74.85,9.77,0,21.311
train,30,severe_shock,none,2,19.142,38.32,27.169,20.689,59.35,8.97,0,21.311
train,30,severe_shock,none,3,25.235,52.38,37.403,30.452,85.9,9.37,0,21.311
train,31,moderate_shock,none,4,18.793,55.37,27.313,20.728,132.95,5.45,0,18.099
train,31,moderate_shock,none,5,15.421,41.15,22.403,15.712,103.47,6.57,0,18.099
train,31,moderate_shock,none,6,19.983,57.2,32.151,22.433,92.55,6.41,0,18.099
train,31,moderate_shock,none,7,22.178,48.49,34.793,26.589,81.54,10.26,0,18.099
train,31,moderate_shock,none,8,19.763,39.76,30.462,21.452,64.19,10.36,0,18.099
train,31,moderate_shock,none,9,17.923,43.53,30.253,19.652,73.04,13.1,0,18.099
train,31,moderate_shock,none,10,19.173,33.89,27.546,20.476,65.95,11.85,0,18.099
train,31,moderate_shock,none,11,16.441,56.13,24.628,17.201,265.34,4.44,0,18.099
train,31,moderate_shock,none,12,15.636,56.95,21.51,17.178,262.29,4.34,0,18.099
train,31,moderate_shock,none,1,15.488,33.86,21.186,15.986,151.03,6.28,0,18.099
train,31,moderate_shock,none,2,16.581,36.73,22.678,17.062,72.62,7.48,0,18.099
train,31,moderate_shock,none,3,19.68,33.83,27.24,21.868,52.33,12.45,0,18.099
train,32,moderate_shock,none,4,15.726,43.69,22.292,16.37,70.16,7.53,0,16.79
train,32,moderate_shock,none,5,15.164,38.31,21.386,15.371,59.51,9.82,0,16.79
train,32,moderate_shock,none,6,16.431,41.98,24.922,17.348,62.88,14.84,0,16.79
train,32,moderate_shock,none,7,18.522,82.79,29.886,20.197,132.47,5.27,0,16.79
train,32,moderate_shock,none,8,18.194,40.36,29.527,19.241,65.59,8.31,0,16.79
train,32,moderate_shock,none,9,16.414,34.99,25.701,17.308,57.06,20.8,0,16.79
train,32,moderate_shock,none,10,17.751,40.72,25.173,19.162,68.14,16.33,0,16.79
train,32,moderate_shock,none,11,16.664,33.18,24.641,17.302,82.49,8.07,0,16.79
train,32,moderate_shock,none,12,14.907,52.58,20.273,15.796,217.98,5.66,0,16.79
train,32,moderate_shock,none,1,16.783,37.75,24.162,17.194,84.46,7.62,0,16.79
train,32,moderate_shock,none,2,15.542,35.38,23.286,15.852,105.44,7.26,0,16.79
train,32,moderate_shock,none,3,19.197,35.1,26.806,21.037,49.24,10.27,0,16.79
train,33,baseline,none,4,12.213,22.41,16.801,11.402,59.1,7.55,0,12.9
train,33,baseline,none,5,11.93,20.5,16.836,11.257,47.4,11.48,0,12.9
train,33,baseline,none,6,14.351,31.19,22.241,14.549,40,12.42,0,12.9
train,33,baseline,none,7,14.671,27.6,22.042,14.017,38.61,9.78,0,12.9
train,33,baseline,none,8,13.42,26.83,20.63,12.958,46.3,11.57,0,12.9
train,33,baseline,none,9,13.5,26.66,20.071,12.502,37.12,14.73,0,12.9
train,33,baseline,none,10,13.983,26.58,18.859,13.393,34.52,16.04,0,12.9
train,33,baseline,none,11,11.301,24.03,16.041,10.156,27.62,10.08,0,12.9
train,33,baseline,none,12,12.399,28.26,16.976,12.004,101.73,7.11,0,12.9
train,33,baseline,none,1,11.603,44.08,17.573,12.577,242.49,4.91,0,12.9
train,33,baseline,none,2,10.483,20.04,14.298,9.519,97.9,7.59,0,12.9
train,33,baseline,none,3,14.7,31.92,20.026,14.646,43.4,9.22,0,12.9
train,34,baseline,heat_dome,4,12.392,24.25,17.32,11.505,38.47,8.87,0,13.713
train,34,baseline,heat_dome,5,11.787,23.48,16.869,10.867,46.5,11.34,0,13.713
train,34,baseline,heat_dome,6,12.085,22.17,17.851,10.925,31.45,15.81,0,13.713
train,34,baseline,heat_dome,7,26.228,246.06,72.707,32.37,246.06,3.28,26,13.713
train,34,baseline,heat_dome,8,13.787,44.36,21.862,13.421,109.69,5.7,0,13.713
train,34,baseline,heat_dome,9,13.424,25.93,20.173,12.09,33.19,27.62,0,13.713
train,34,baseline,heat_dome,10,13.039,22.67,17.969,12.009,34.84,14.15,0,13.713
train,34,baseline,heat_dome,11,11.587,39.25,16.282,11.299,205.07,4.95,0,13.713
train,34,baseline,heat_dome,12,11.785,33.42,15.556,11.245,91.01,6.86,0,13.713
train,34,baseline,heat_dome,1,13.344,31.55,18.183,13.262,102.05,6.58,0,13.713
train,34,baseline,heat_dome,2,10.762,18.73,14.771,9.774,48.28,8.43,0,13.713
train,34,baseline,heat_dome,3,13.88,23.18,19.135,13.482,34.27,10.89,0,13.713
train,35,moderate_shock,none,4,16.046,29,22.86,16.247,48.29,7.8,0,16.704
train,35,moderate_shock,none,5,14.698,32.73,20.956,15.172,71.68,8.4,0,16.704
train,35,moderate_shock,none,6,17.487,33.78,28.722,19.084,60.22,20.07,0,16.704
train,35,moderate_shock,none,7,19.33,64.4,30.509,21.799,105.34,7.46,0,16.704
train,35,moderate_shock,none,8,16.024,36.77,24.606,16.833,56.99,8.89,0,16.704
train,35,moderate_shock,none,9,17.831,35.7,29.02,19.685,61.69,16.15,0,16.704
train,35,moderate_shock,none,10,18.508,36.12,26.272,20.314,71.8,13.17,0,16.704
train,35,moderate_shock,none,11,15.245,35.04,22.313,14.996,62.5,7.99,0,16.704
train,35,moderate_shock,none,12,14.453,63.3,20.776,17.549,260.68,3.53,0,16.704
train,35,moderate_shock,none,1,15.198,29.15,21.349,14.858,44.57,13.27,0,16.704
train,35,moderate_shock,none,2,15.139,28.64,20.902,15.771,51.84,8.26,0,16.704
train,35,moderate_shock,none,3,20.338,39.38,27.68,22.924,62.64,9.88,0,16.704
train,36,severe_shock,none,4,19.434,64.1,28.37,22.045,200,3.45,0,21.919
train,36,severe_shock,none,5,18.206,57,26.496,20.074,129.44,4.88,0,21.919
train,36,severe_shock,none,6,22.979,45.98,38.462,27.055,110.05,10.75,0,21.919
train,36,severe_shock,none,7,24.673,52.76,41.053,28.535,100.73,11.89,0,21.919
train,36,severe_shock,none,8,22.777,122.34,39.783,27.573,200,3.99,2,21.919
train,36,severe_shock,none,9,22.437,50.78,36.892,26.059,82.84,23.57,0,21.919
train,36,severe_shock,none,10,23.579,48.5,34.794,27.508,112.4,16.67,0,21.919
train,36,severe_shock,none,11,19.11,34.75,28.77,20.688,58.08,12.69,0,21.919
train,36,severe_shock,none,12,21.17,40.56,31.398,23.85,82.44,9.55,0,21.919
train,36,severe_shock,none,1,21.554,38.18,30.562,24.58,90.13,10.56,0,21.919
train,36,severe_shock,none,2,20.101,47.97,29.264,22.335,86.73,7.42,0,21.919
train,36,severe_shock,none,3,26.713,118.93,38.429,32.708,241.02,4.6,2,21.919
train,37,moderate_shock,none,4,16.543,29.8,23.27,17.111,46.7,10.41,0,18.344
train,37,moderate_shock,none,5,15.552,36.12,23.189,16.017,61.45,9.55,0,18.344
train,37,moderate_shock,none,6,19.302,42.09,31.022,21.153,61.17,13.43,0,18.344
train,37,moderate_shock,none,7,19.526,39.01,30.916,21.676,70.13,14.9,0,18.344
train,37,moderate_shock,none,8,20.23,55.66,33.009,21.68,94.25,7.73,0,18.344
train,37,moderate_shock,none,9,19.19,37.45,29.811,20.932,66.4,27.01,0,18.344
train,37,moderate_shock,none,10,20.743,36.88,30.249,23.513,63.91,17.11,0,18.344
train,37,moderate_shock,none,11,15.899,30.96,23.291,15.919,51.92,11.51,0,18.344
train,37,moderate_shock,none,12,16.106,58.72,22.686,18.267,197.34,5.2,0,18.344
train,37,moderate_shock,none,1,17.76,57.22,26.458,20.553,184.08,5.44,0,18.344
train,37,moderate_shock,none,2,15.86,29.15,22.015,16.444,46.69,11.44,0,18.344
train,37,moderate_shock,none,3,23.094,46.68,32.903,27.416,87.32,12.75,0,18.344
train,38,baseline,none,4,11.323,39.04,15.91,10.399,142.43,4.85,0,12.68
train,38,baseline,none,5,11.015,25.24,15.443,9.772,56.95,7.71,0,12.68
train,38,baseline,none,6,13.096,29.9,20.471,12.48,50.53,10.66,0,12.68
train,38,baseline,none,7,14.673,28.21,21.357,15.207,41,10.8,0,12.68
train,38,baseline,none,8,13.365,27.5,19.677,12.881,54.29,12.46,0,12.68
train,38,baseline,none,9,12.987,26.52,19.601,12.244,43.2,19.94,0,12.68
train,38,baseline,none,10,13.73,23.09,18.939,13.416,42.64,14.13,0,12.68
train,38,baseline,none,11,11.019,21.93,15.365,9.319,37.49,14.76,0,12.68
train,38,baseline,none,12,11.741,26.94,16.403,10.913,85.05,7.6,0,12.68
train,38,baseline,none,1,12.119,38.94,16.333,12.069,214.31,4.91,0,12.68
train,38,baseline,none,2,11.3,31.31,15.927,10.779,141.54,6.2,0,12.68
train,38,baseline,none,3,15.585,29.88,21.006,16.042,43.54,10.18,0,12.68
train,39,moderate_shock,none,4,16.207,36.07,23.491,16.9,99.77,6.74,0,16.915
train,39,moderate_shock,none,5,15.984,38.01,23.319,16.449,51.23,9.28,0,16.915
train,39,moderate_shock,none,6,16.719,36.28,25.92,17.585,69.53,11.9,0,16.915
train,39,moderate_shock,none,7,18.134,57.67,28.82,19.666,68.76,7.78,0,16.915
train,39,moderate_shock,none,8,16.965,39.1,26.386,18.906,58.75,12.84,0,16.915
train,39,moderate_shock,none,9,18.607,38.44,29.671,19.965,60.45,17.32,0,16.915
train,39,moderate_shock,none,10,16.91,36.25,24.385,17.834,51.66,13.65,0,16.915
train,39,moderate_shock,none,11,16.805,45.55,24.094,17.405,126.08,6.86,0,16.915
train,39,moderate_shock,none,12,13.626,43.74,18.772,14.601,265.04,3.73,0,16.915
train,39,moderate_shock,none,1,17.706,39.36,24.603,18.437,64.19,7.95,0,16.915
train,39,moderate_shock,none,2,15.694,77.15,22.409,17.492,300,2.36,0,16.915
train,39,moderate_shock,none,3,19.529,40.48,26.515,21.632,84.71,7.73,0,16.915
train,40,moderate_shock,heat_dome,4,13.694,33.04,19.832,13.142,78.86,7.12,0,17.066
train,40,moderate_shock,heat_dome,5,13.377,27.87,19.366,12.712,40.53,9.02,0,17.066
train,40,moderate_shock,heat_dome,6,16.929,37.05,26.233,17.595,53.91,20.68,0,17.066
train,40,moderate_shock,heat_dome,7,18.975,37.97,29.645,21.469,66.5,16.44,0,17.066
train,40,moderate_shock,heat_dome,8,29.338,259.97,65.315,36.358,259.97,1.64,24,17.066
train,40,moderate_shock,heat_dome,9,16.13,32.08,24.671,17.116,59.48,29.9,0,17.066
train,40,moderate_shock,heat_dome,10,16.418,27.55,22.677,16.687,48.63,15.17,0,17.066
train,40,moderate_shock,heat_dome,11,15.237,35.32,21.68,15.162,80.25,6.99,0,17.066
train,40,moderate_shock,heat_dome,12,14.345,39.65,21.136,14.839,180.72,5.54,0,17.066
train,40,moderate_shock,heat_dome,1,17.154,46.54,25.373,18.616,131.73,7.14,0,17.066
train,40,moderate_shock,heat_dome,2,15.144,34.67,21.81,14.864,58.25,8.53,0,17.066
train,40,moderate_shock,heat_dome,3,17.661,33.51,24.752,18.772,66.85,11.62,0,17.066
train,41,moderate_shock,cold_snap_lng+heat_dome,4,15.116,32.31,21.962,15.417,51.43,9.47,0,23.309
train,41,moderate_shock,cold_snap_lng+heat_dome,5,14.985,28.99,21.066,14.764,64.29,10.01,0,23.309
train,41,moderate_shock,cold_snap_lng+heat_dome,6,17.547,33.95,28.18,18.82,73.05,15.69,0,23.309
train,41,moderate_shock,cold_snap_lng+heat_dome,7,17.99,36.21,28.649,19.841,81.36,15.04,0,23.309
train,41,moderate_shock,cold_snap_lng+heat_dome,8,35.509,259.94,104.921,44.235,259.94,2.79,82,23.309
train,41,moderate_shock,cold_snap_lng+heat_dome,9,16.821,33.16,27.25,16.876,69.26,25.86,0,23.309
train,41,moderate_shock,cold_snap_lng+heat_dome,10,17.106,31.89,24.784,17.711,47.1,19.29,0,23.309
train,41,moderate_shock,cold_snap_lng+heat_dome,11,15.517,41.35,22.792,15.48,85.26,7.63,0,23.309
train,41,moderate_shock,cold_snap_lng+heat_dome,12,14.299,29.55,19.629,13.754,69.08,9.31,0,23.309
train,41,moderate_shock,cold_snap_lng+heat_dome,1,78.385,260,233.762,92.382,300,-0.22,576,23.309
train,41,moderate_shock,cold_snap_lng+heat_dome,2,16.316,26.3,22.545,16.915,50.5,11.11,0,23.309
train,41,moderate_shock,cold_snap_lng+heat_dome,3,18.534,39.82,26.562,20.189,62.8,14,0,23.309
train,42,moderate_shock,none,4,14.34,25.92,19.621,14.27,50.95,9.51,0,15.904
train,42,moderate_shock,none,5,13.494,27.84,19.373,13.078,46.65,12.36,0,15.904
train,42,moderate_shock,none,6,17.858,32.63,27.36,19.71,65.57,17.1,0,15.904
train,42,moderate_shock,none,7,16.866,34.33,27.369,17.614,56.72,14.7,0,15.904
train,42,moderate_shock,none,8,16.928,64.33,27.359,18.513,140.68,5.21,0,15.904
train,42,moderate_shock,none,9,16.948,35.12,27.351,18.915,64.44,18.22,0,15.904
train,42,moderate_shock,none,10,16.432,35.04,23.045,16.778,47.85,18.03,0,15.904
train,42,moderate_shock,none,11,14.582,32.92,21.721,14.263,44.26,16.04,0,15.904
train,42,moderate_shock,none,12,14.315,30.45,19.256,14.724,87.73,7.77,0,15.904
train,42,moderate_shock,none,1,15.665,51.94,22.373,15.674,180.89,5.43,0,15.904
train,42,moderate_shock,none,2,15.299,32.09,21.79,15.622,93.14,7.94,0,15.904
train,42,moderate_shock,none,3,18.063,32.39,25.447,19.491,51.36,12.07,0,15.904
train,43,moderate_shock,heat_dome,4,16.391,34.08,23.73,17.168,47.57,8,0,19.552
train,43,moderate_shock,heat_dome,5,16.097,34.76,23.435,16.814,83.36,7.74,0,19.552
train,43,moderate_shock,heat_dome,6,20.208,42.12,32.523,22.609,99.67,18.28,0,19.552
train,43,moderate_shock,heat_dome,7,34.104,259.98,83.116,41.97,259.98,3.2,40,19.552
train,43,moderate_shock,heat_dome,8,20.737,94.73,33.579,22.37,143.58,6.2,0,19.552
train,43,moderate_shock,heat_dome,9,18.405,35.33,29.191,20.267,58.44,22.67,0,19.552
train,43,moderate_shock,heat_dome,10,19.15,32.23,26.616,20.589,82.63,19.67,0,19.552
train,43,moderate_shock,heat_dome,11,17.634,35.67,25.2,18.562,55.58,14.73,0,19.552
train,43,moderate_shock,heat_dome,12,16.678,51.2,25.93,17.808,176.8,5.56,0,19.552
train,43,moderate_shock,heat_dome,1,17.691,33.7,25.333,18.862,55.68,12.69,0,19.552
train,43,moderate_shock,heat_dome,2,15.323,30.79,22.376,15.749,47.23,9.62,0,19.552
train,43,moderate_shock,heat_dome,3,21.612,37.83,30.713,24.956,56.68,15.7,0,19.552
train,44,severe_shock,none,4,19.062,33.99,27.981,21.255,81,11.03,0,20.586
train,44,severe_shock,none,5,19.648,49.2,30.34,22.234,85.03,8.82,0,20.586
train,44,severe_shock,none,6,20.328,43.51,34.172,22.738,88.34,11.8,0,20.586
train,44,severe_shock,none,7,21.153,54.1,34.753,23.664,87.19,8.91,0,20.586
train,44,severe_shock,none,8,23.018,60.9,40.076,27.682,108.51,12.2,0,20.586
train,44,severe_shock,none,9,21.232,45.92,34.642,24.111,93.38,25.07,0,20.586
train,44,severe_shock,none,10,23.458,43.19,34.447,27.403,73.08,13.63,0,20.586
train,44,severe_shock,none,11,18.353,52.96,28.701,20.605,244.8,4.4,0,20.586
train,44,severe_shock,none,12,19.738,84.85,27.199,21.85,263.81,3.66,0,20.586
train,44,severe_shock,none,1,20.004,56.45,30.325,22.519,122.46,6.91,0,20.586
train,44,severe_shock,none,2,18.613,112.75,26.879,20.49,300,1.9,2,20.586
train,44,severe_shock,none,3,22.125,46.89,31.89,26.237,73.97,9.83,0,20.586
train,45,moderate_shock,none,4,16.602,38.22,23.323,17.172,85.88,7.05,0,17.377
train,45,moderate_shock,none,5,15.124,33.52,21.762,15.313,75.39,7.65,0,17.377
train,45,moderate_shock,none,6,17.112,39.29,26.603,18.182,63,10.25,0,17.377
train,45,moderate_shock,none,7,20.321,51.74,31.488,23.62,85.03,8.54,0,17.377
train,45,moderate_shock,none,8,17.958,37.62,28.483,19.902,68.79,11.13,0,17.377
train,45,moderate_shock,none,9,18.294,40.59,29.813,19.881,72.21,10.17,0,17.377
train,45,moderate_shock,none,10,18.375,33.75,26.289,19.374,56.13,16.32,0,17.377
train,45,moderate_shock,none,11,15.996,30.44,22.971,16.088,43.22,10.29,0,17.377
train,45,moderate_shock,none,12,14.663,54.03,20.936,16.098,245.72,4.4,0,17.377
train,45,moderate_shock,none,1,16.681,35.74,23.706,18.888,113.29,7.32,0,17.377
train,45,moderate_shock,none,2,16.794,49.6,23.649,17.564,124.21,7.13,0,17.377
train,45,moderate_shock,none,3,20.498,39.28,28.343,22.492,58.9,7.99,0,17.377
train,46,moderate_shock,none,4,15.962,34.14,22.63,16.539,55.75,7.88,0,17.8
train,46,moderate_shock,none,5,15.847,46.54,22.699,16.643,72.78,8,0,17.8
train,46,moderate_shock,none,6,18.939,38.6,30.33,20.51,57.47,12.82,0,17.8
train,46,moderate_shock,none,7,19.371,37.59,30.529,21.259,75.36,22.05,0,17.8
train,46,moderate_shock,none,8,17.704,45.94,27.759,18.555,79.09,7.18,0,17.8
train,46,moderate_shock,none,9,19.341,38.82,29.613,20.897,105.93,26.53,0,17.8
train,46,moderate_shock,none,10,18.385,43.89,25.963,19.842,52.46,13.22,0,17.8
train,46,moderate_shock,none,11,16.694,31.03,24.51,17.054,53.41,14.69,0,17.8
train,46,moderate_shock,none,12,16.901,56.51,24.352,19.468,233.23,4.78,0,17.8
train,46,moderate_shock,none,1,17.349,34.07,23.986,18.041,50.81,9.28,0,17.8
train,46,moderate_shock,none,2,16.312,45.37,22.659,17.111,137.03,6.44,0,17.8
train,46,moderate_shock,none,3,20.638,41.51,29.639,23.509,65.19,10.27,0,17.8
train,47,moderate_shock,none,4,14.285,36.79,19.911,13.783,106.11,6.48,0,16.528
train,47,moderate_shock,none,5,15.144,29.42,22.589,15.471,61.89,7.89,0,16.528
train,47,moderate_shock,none,6,17.111,34.94,26.541,17.883,62.09,16.33,0,16.528
train,47,moderate_shock,none,7,18.553,37.66,29.233,19.811,60.91,13.19,0,16.528
train,47,moderate_shock,none,8,18.659,47.9,30.496,20.306,84.13,7.34,0,16.528
train,47,moderate_shock,none,9,16.879,31.88,25.541,17.924,48.05,19.22,0,16.528
train,47,moderate_shock,none,10,17.538,37.73,25.776,18.423,54.97,16.36,0,16.528
train,47,moderate_shock,none,11,15.66,29.98,22.834,15.505,45.46,9.73,0,16.528
train,47,moderate_shock,none,12,14.183,43.5,20.849,15.592,215.04,5.29,0,16.528
train,47,moderate_shock,none,1,16.314,39.31,23.683,17.068,105.24,7.04,0,16.528
train,47,moderate_shock,none,2,14.784,43.35,21.489,15.01,206.21,4.98,0,16.528
train,47,moderate_shock,none,3,18.982,46.96,26.256,20.979,86.63,6.99,0,16.528
train,48,severe_shock,none,4,21.593,39.5,30.6,24.556,96.17,13.92,0,22.625
train,48,severe_shock,none,5,18.737,58.54,29.919,20.887,89.29,15.3,0,22.625
train,48,severe_shock,none,6,22.922,52.39,37.701,26.839,79.3,17.69,0,22.625
train,48,severe_shock,none,7,25.631,63.83,42.405,31.078,98.2,16.07,0,22.625
train,48,severe_shock,none,8,22.968,46.5,38.505,27.239,88.48,11.88,0,22.625
train,48,severe_shock,none,9,23.368,47.09,39.354,28.28,101.85,24.77,0,22.625
train,48,severe_shock,none,10,24.028,58.3,36.156,27.876,92.63,18.66,0,22.625
train,48,severe_shock,none,11,21.888,49.54,32.442,25.18,91.04,15.26,0,22.625
train,48,severe_shock,none,12,20.843,100.45,34.028,24.555,216.14,5.18,1,22.625
train,48,severe_shock,none,1,20.716,54.65,30.44,23.183,90.53,7.63,0,22.625
train,48,severe_shock,none,2,21.635,42.9,33.425,24.389,78.2,17.77,0,22.625
train,48,severe_shock,none,3,27.058,58.04,39.752,33.37,91.73,14.25,0,22.625
train,49,baseline,cold_snap_lng+heat_dome,4,12.357,25.45,16.99,11.474,44.89,14.58,0,22.291
train,49,baseline,cold_snap_lng+heat_dome,5,11.32,20.72,15.563,10.278,39.41,13.85,0,22.291
train,49,baseline,cold_snap_lng+heat_dome,6,13.436,27.33,20.472,12.767,48.38,18.89,0,22.291
train,49,baseline,cold_snap_lng+heat_dome,7,14.858,33.71,22.029,14.471,56.19,16.42,0,22.291
train,49,baseline,cold_snap_lng+heat_dome,8,24.033,151.09,64.105,29.451,200,4.67,6,22.291
train,49,baseline,cold_snap_lng+heat_dome,9,13.349,25,19.942,12.677,40.14,32.48,0,22.291
train,49,baseline,cold_snap_lng+heat_dome,10,13.912,26.52,19.536,13.308,35.04,23.88,0,22.291
train,49,baseline,cold_snap_lng+heat_dome,11,12.756,27.56,18.751,11.892,37.19,16.79,0,22.291
train,49,baseline,cold_snap_lng+heat_dome,12,12.744,21.65,17.216,11.549,34.39,13.53,0,22.291
train,49,baseline,cold_snap_lng+heat_dome,1,108.443,260,257.642,120.733,300,0.16,795,22.291
train,49,baseline,cold_snap_lng+heat_dome,2,11.813,35.09,17.753,11.578,181.06,5.91,0,22.291
train,49,baseline,cold_snap_lng+heat_dome,3,16.257,34.06,22.39,17.036,55.78,14.83,0,22.291
train,50,baseline,heat_dome,4,12.974,24.35,17.571,12.211,39.43,8.1,0,14.669
train,50,baseline,heat_dome,5,12.221,31.75,17.536,11.548,44.92,8.68,0,14.669
train,50,baseline,heat_dome,6,14.159,43.22,22.202,13.738,132.33,5.41,0,14.669
train,50,baseline,heat_dome,7,14.431,26.88,21.915,14.548,42.83,10.21,0,14.669
train,50,baseline,heat_dome,8,27.363,164,74.512,34.262,200,8.31,25,14.669
train,50,baseline,heat_dome,9,13.288,31.36,20.73,12.58,44.23,20.45,0,14.669
train,50,baseline,heat_dome,10,14.664,27.54,20.836,14.368,40.73,17.72,0,14.669
train,50,baseline,heat_dome,11,12.515,27.3,17.971,11.413,57.22,7.51,0,14.669
train,50,baseline,heat_dome,12,12.51,21.29,16.643,11.807,37.71,8.74,0,14.669
train,50,baseline,heat_dome,1,13.656,23.11,18.316,12.882,41.31,13.78,0,14.669
train,50,baseline,heat_dome,2,11.893,32.15,17.069,12.819,195.35,5.79,0,14.669
train,50,baseline,heat_dome,3,15.895,35.93,24.248,16.139,109.71,7.96,0,14.669
train,51,severe_shock,none,4,22.075,129.69,33.147,25.489,200,1.7,3,22.478
train,51,severe_shock,none,5,20.541,49.52,31.156,23.165,73.34,11.55,0,22.478
train,51,severe_shock,none,6,22.515,88.79,37.261,27.057,142.62,5.75,0,22.478
train,51,severe_shock,none,7,25.146,75.96,42.715,32.359,127.04,7.51,0,22.478
train,51,severe_shock,none,8,23.864,133.73,39.418,28.352,191.33,4.35,4,22.478
train,51,severe_shock,none,9,22.816,47.68,37.561,26.085,100.34,21.75,0,22.478
train,51,severe_shock,none,10,23.733,43.76,34.83,27.8,89.17,13.74,0,22.478
train,51,severe_shock,none,11,22.259,46.62,33.073,24.977,91.08,11.03,0,22.478
train,51,severe_shock,none,12,19.228,84.73,29.776,21.48,300,3.35,0,22.478
train,51,severe_shock,none,1,21.77,58.49,31.043,25.05,134.85,6.49,0,22.478
train,51,severe_shock,none,2,20.293,38.35,29.926,22.298,67.29,9.29,0,22.478
train,51,severe_shock,none,3,25.279,45.7,36.559,29.316,82.33,13.5,0,22.478
train,52,severe_shock,none,4,19.576,37.32,28.021,21.538,71.58,8.11,0,21.028
train,52,severe_shock,none,5,19.873,43.11,29.542,22.336,76.03,9.67,0,21.028
train,52,severe_shock,none,6,21.785,51.13,36.494,25.446,85.75,8.61,0,21.028
train,52,severe_shock,none,7,24.003,48.78,37.801,28.91,180.75,16.94,0,21.028
train,52,severe_shock,none,8,22.539,60.37,37.879,26.564,96.23,7.8,0,21.028
train,52,severe_shock,none,9,22.365,48.89,36.273,25.439,88.84,25.72,0,21.028
train,52,severe_shock,none,10,21.854,43.79,33.486,24.968,72.74,18.39,0,21.028
train,52,severe_shock,none,11,18.978,44.56,28.292,21.022,94.25,7.8,0,21.028
train,52,severe_shock,none,12,17.332,65.34,27.852,20.44,228.97,5,0,21.028
train,52,severe_shock,none,1,20.996,41.49,30.423,24.213,75.25,9.37,0,21.028
train,52,severe_shock,none,2,19.121,57.37,31.294,20.754,100.38,7.53,0,21.028
train,52,severe_shock,none,3,23.688,56.08,36.979,27.836,86.42,9.25,0,21.028
train,53,baseline,none,4,11.455,21.41,16.01,10.394,42.22,7.96,0,12.96
train,53,baseline,none,5,11.97,27.25,18.576,11.166,34.54,15.28,0,12.96
train,53,baseline,none,6,13.936,26.96,20.681,13.436,51.01,15.47,0,12.96
train,53,baseline,none,7,14.633,32.79,22.363,13.817,44.66,10.07,0,12.96
train,53,baseline,none,8,13.252,26.09,20.217,11.826,38.12,16.5,0,12.96
train,53,baseline,none,9,14.045,26.6,21.011,13.381,42.29,26.63,0,12.96
train,53,baseline,none,10,12.754,22.82,17.959,11.886,30.61,21.37,0,12.96
train,53,baseline,none,11,12.092,22.06,16.8,10.861,37.29,13.4,0,12.96
train,53,baseline,none,12,12.215,36.86,17.541,13.163,207.82,5.5,0,12.96
train,53,baseline,none,1,12.155,32.55,17.259,11.473,78.94,7.58,0,12.96
train,53,baseline,none,2,12.69,21.77,17.157,11.575,34.58,14.29,0,12.96
train,53,baseline,none,3,14.283,26.6,20.056,13.961,44.29,13.53,0,12.96
train,54,severe_shock,none,4,22.387,66.93,34.422,25.989,131.81,4.96,0,23.298
train,54,severe_shock,none,5,19.828,48.34,29.361,22.249,83.73,6.62,0,23.298
train,54,severe_shock,none,6,25.374,54.26,41.941,30.891,103.1,9.08,0,23.298
train,54,severe_shock,none,7,28.221,64.43,47.406,35.624,141.02,13.11,0,23.298
train,54,severe_shock,none,8,25.579,59.91,44.039,31.257,101.65,11.78,0,23.298
train,54,severe_shock,none,9,26.328,55.89,44.041,32.383,97.34,22.81,0,23.298
train,54,severe_shock,none,10,22.155,43.89,32.886,24.956,73.52,13.43,0,23.298
train,54,severe_shock,none,11,22.735,40.38,33.271,25.723,80.7,10.83,0,23.298
train,54,severe_shock,none,12,18.538,68.36,28.975,21.911,251.54,4.48,0,23.298
train,54,severe_shock,none,1,20.879,51.72,30.725,23.375,97.99,7.42,0,23.298
train,54,severe_shock,none,2,19.438,63.75,28.459,22.29,210.62,4.73,0,23.298
train,54,severe_shock,none,3,27.856,72.15,40.046,35.031,119.11,8.54,0,23.298
train,55,baseline,none,4,10.455,19.95,14.38,9.071,63.98,7.31,0,12.133
train,55,baseline,none,5,10.546,20.25,14.786,9.115,56.56,7.94,0,12.133
train,55,baseline,none,6,12.185,39.89,18.93,11.503,51.57,7.82,0,12.133
train,55,baseline,none,7,13.164,23.38,19.753,13.04,45.05,15.8,0,12.133
train,55,baseline,none,8,12.895,32.08,19.29,12.32,61.36,7.88,0,12.133
train,55,baseline,none,9,12.328,24.58,18.692,11.506,37.7,16.8,0,12.133
train,55,baseline,none,10,13.455,25.76,18.346,12.906,37.8,17.46,0,12.133
train,55,baseline,none,11,12.318,27.33,16.75,11.231,34.26,11.86,0,12.133
train,55,baseline,none,12,10.124,25.33,13.693,8.867,177.46,5.63,0,12.133
train,55,baseline,none,1,12.334,35.83,17.992,13.097,192.14,5.47,0,12.133
train,55,baseline,none,2,11.772,20.83,15.807,11.075,36.97,12.08,0,12.133
train,55,baseline,none,3,13.938,25.65,19.769,13.857,53.15,10.18,0,12.133
train,56,baseline,none,4,11.82,23.84,16.93,10.885,85.3,7.58,0,12.779
train,56,baseline,none,5,11.111,26.44,16.409,10.204,34.33,9.83,0,12.779
train,56,baseline,none,6,13.133,26.03,19.701,12.341,40.02,15.31,0,12.779
train,56,baseline,none,7,14.097,27.87,21.249,13.61,46.85,13.83,0,12.779
train,56,baseline,none,8,12.722,23.53,19.362,12.153,38.79,13.17,0,12.779
train,56,baseline,none,9,14.161,24.44,20.511,13.349,35.84,36.77,0,12.779
train,56,baseline,none,10,13.257,27,19.093,12.526,36.49,19.14,0,12.779
train,56,baseline,none,11,13.27,28.34,18.43,12.538,42.14,16.28,0,12.779
train,56,baseline,none,12,11.125,31.4,16.166,10.681,179.4,5.65,0,12.779
train,56,baseline,none,1,11.619,23.6,15.896,10.386,58.6,8.38,0,12.779
train,56,baseline,none,2,12.389,36.57,17.698,12.582,182.56,5.76,0,12.779
train,56,baseline,none,3,14.645,26.23,19.66,14.649,37.48,12.29,0,12.779
train,57,moderate_shock,none,4,15.885,32.99,22.381,16.259,42.72,8.62,0,16.837
train,57,moderate_shock,none,5,14.368,30.4,21.119,14.413,59.86,7.89,0,16.837
train,57,moderate_shock,none,6,17.571,36.67,27.13,19.157,55.71,9.94,0,16.837
train,57,moderate_shock,none,7,18.254,54.31,28.933,19.501,101.14,8.41,0,16.837
train,57,moderate_shock,none,8,18.812,50.04,28.924,21.393,82.53,8.49,0,16.837
train,57,moderate_shock,none,9,18.009,37.65,28.11,20.133,69.63,17.39,0,16.837
train,57,moderate_shock,none,10,18.802,34.49,26.95,19.717,60.1,18.59,0,16.837
train,57,moderate_shock,none,11,14.81,28.84,21.472,14.738,43.32,8.83,0,16.837
train,57,moderate_shock,none,12,14.573,44.6,20.95,15.195,188.86,5.78,0,16.837
train,57,moderate_shock,none,1,16.599,52.86,24.877,18.876,188.79,4.8,0,16.837
train,57,moderate_shock,none,2,15.2,39.19,21.654,16.08,84.25,7.06,0,16.837
train,57,moderate_shock,none,3,18.969,37.66,26.839,20.94,55.48,12.82,0,16.837
train,58,moderate_shock,none,4,16.057,45.43,21.982,16.835,135.61,5.33,0,16.458
train,58,moderate_shock,none,5,15.21,36.9,23.189,15.792,85.9,6.77,0,16.458
train,58,moderate_shock,none,6,17.112,35,27.453,18.166,65.39,21.48,0,16.458
train,58,moderate_shock,none,7,17.813,36.75,28.287,20.182,54.63,11.77,0,16.458
train,58,moderate_shock,none,8,17.304,49.59,27.308,19.072,96.94,7.38,0,16.458
train,58,moderate_shock,none,9,17.625,34.05,26.96,18.846,59.86,18.79,0,16.458
train,58,moderate_shock,none,10,16.786,28.31,24.163,17.316,48.75,13.2,0,16.458
train,58,moderate_shock,none,11,15.392,27.11,22.25,15.791,66.97,17.13,0,16.458
train,58,moderate_shock,none,12,15.362,49.88,22.556,17.497,226.24,4.54,0,16.458
train,58,moderate_shock,none,1,15.393,33.7,22.249,15.674,100.67,7.86,0,16.458
train,58,moderate_shock,none,2,14.344,30.43,20.809,13.597,56.76,8,0,16.458
train,58,moderate_shock,none,3,18.904,44.09,27.442,21.279,143.61,5.96,0,16.458
train,59,moderate_shock,cold_snap_lng,4,15.671,46.98,21.681,16.172,146.78,5.08,0,22.802
train,59,moderate_shock,cold_snap_lng,5,16.018,33.64,23.936,16.635,49.33,8.38,0,22.802
train,59,moderate_shock,cold_snap_lng,6,19.612,42.18,30.682,21.97,78.02,16.44,0,22.802
train,59,moderate_shock,cold_snap_lng,7,20.579,63.06,32.326,23.562,116.23,14.43,0,22.802
train,59,moderate_shock,cold_snap_lng,8,19.108,55.99,30.399,20.44,75.69,7.21,0,22.802
train,59,moderate_shock,cold_snap_lng,9,19.535,50.83,32.331,21.521,83.43,13.08,0,22.802
train,59,moderate_shock,cold_snap_lng,10,20.616,37.62,29.186,23.098,59.59,16.46,0,22.802
train,59,moderate_shock,cold_snap_lng,11,18.327,32.71,27.068,19.628,56.5,9.23,0,22.802
train,59,moderate_shock,cold_snap_lng,12,15.344,37.77,22.145,16.2,119.76,6.87,0,22.802
train,59,moderate_shock,cold_snap_lng,1,70.521,260,215.882,88.177,300,-1.54,494,22.802
train,59,moderate_shock,cold_snap_lng,2,16.215,34.24,22.455,16.702,73.84,8.14,0,22.802
train,59,moderate_shock,cold_snap_lng,3,20.858,44.52,30.012,23.825,62.34,14.7,0,22.802
train,60,severe_shock,none,4,16.891,51.1,24.712,18.165,113.9,5.51,0,19.028
train,60,severe_shock,none,5,16.194,43.66,24.923,17.162,73.07,7.4,0,19.028
train,60,severe_shock,none,6,20.268,47.97,34.382,23.509,81.81,14.73,0,19.028
train,60,severe_shock,none,7,21.043,47.46,36.379,23.249,95.03,13.3,0,19.028
train,60,severe_shock,none,8,20.217,41.48,33.493,23.376,84.65,11.3,0,19.028
train,60,severe_shock,none,9,21.515,53.62,36.584,24.38,72.48,15.1,0,19.028
train,60,severe_shock,none,10,18.68,37.42,27.74,20.408,103.76,13.21,0,19.028
train,60,severe_shock,none,11,19.127,44.96,28.73,20.969,70.21,8,0,19.028
train,60,severe_shock,none,12,17.546,86.2,26.37,20.464,264.56,3.76,0,19.028
train,60,severe_shock,none,1,18.216,51.95,26.857,20.335,155.76,6.44,0,19.028
train,60,severe_shock,none,2,17.099,30.81,25.049,17.405,69.57,9.48,0,19.028
train,60,severe_shock,none,3,21.411,39.28,31.625,24.729,66.82,9.82,0,19.028
train,61,baseline,none,4,10.687,22.5,15.29,9.753,96.02,6.19,0,11.629
train,61,baseline,none,5,10.989,30.82,15.406,10.209,109.48,5.84,0,11.629
train,61,baseline,none,6,12.472,23.84,18.772,11.952,60.43,20.55,0,11.629
train,61,baseline,none,7,13.193,24.48,19.696,12.443,45.92,16.12,0,11.629
train,61,baseline,none,8,11.974,44.63,18.089,11.411,126.46,5.52,0,11.629
train,61,baseline,none,9,11.747,21.42,17.142,10.612,34.2,26.87,0,11.629
train,61,baseline,none,10,12.509,21.26,17.349,11.595,29.68,16.62,0,11.629
train,61,baseline,none,11,11.643,25.89,16,10.37,60.56,7.92,0,11.629
train,61,baseline,none,12,10.077,26.46,14.03,9.24,200.24,5.68,0,11.629
train,61,baseline,none,1,11.519,28.66,15.516,10.387,133.54,6.49,0,11.629
train,61,baseline,none,2,9.7,21.94,13.745,8.177,29.41,9.27,0,11.629
train,61,baseline,none,3,12.853,24.29,17.946,12.09,96.32,11.15,0,11.629
train,62,baseline,heat_dome,4,12.14,23.53,17.111,11.172,34.56,16.06,0,15.606
train,62,baseline,heat_dome,5,11.887,29.62,17.759,10.759,43.78,15.19,0,15.606
train,62,baseline,heat_dome,6,14.168,25.74,21.001,13.423,39.04,20.25,0,15.606
train,62,baseline,heat_dome,7,33.047,259.77,89.074,38.374,259.77,1.27,68,15.606
train,62,baseline,heat_dome,8,15.54,32.1,23.72,15.205,54.05,14.65,0,15.606
train,62,baseline,heat_dome,9,14.414,29.3,22.452,13.919,40.25,16.99,0,15.606
train,62,baseline,heat_dome,10,14.445,32.15,20.293,14.236,41.39,23.31,0,15.606
train,62,baseline,heat_dome,11,13.816,23.74,19.361,13.386,41.68,14.54,0,15.606
train,62,baseline,heat_dome,12,13.502,28.02,18.746,13.158,60.79,7.72,0,15.606
train,62,baseline,heat_dome,1,14.75,46.25,20.98,15.059,160.18,6.22,0,15.606
train,62,baseline,heat_dome,2,12.263,32.18,16.924,11.878,91.5,7.6,0,15.606
train,62,baseline,heat_dome,3,16.717,40.32,24.017,17.566,54.39,17.41,0,15.606
train,63,baseline,none,4,11.097,21.24,15.37,9.917,45.21,11.12,0,11.94
train,63,baseline,none,5,10.326,21.42,14.49,8.892,27.03,12.36,0,11.94
train,63,baseline,none,6,12.648,25.3,19.451,11.902,41.36,17.42,0,11.94
train,63,baseline,none,7,14.272,26.66,21.409,13.638,45.31,17.54,0,11.94
train,63,baseline,none,8,12.554,24.65,19.042,11.639,44.45,13.32,0,11.94
train,63,baseline,none,9,11.842,23.56,17.861,10.943,30.58,30.61,0,11.94
train,63,baseline,none,10,12.208,21.9,16.616,11.136,31.52,14.19,0,11.94
train,63,baseline,none,11,11.105,26.88,15.341,9.596,34.41,14.07,0,11.94
train,63,baseline,none,12,10.558,38.01,14.486,10.649,261.14,4.3,0,11.94
train,63,baseline,none,1,11.323,33.04,16.404,11.315,197.01,5.79,0,11.94
train,63,baseline,none,2,11.814,17.84,15.86,11.012,33.65,12.08,0,11.94
train,63,baseline,none,3,13.487,23.46,18.549,13.211,36.98,14.78,0,11.94
holdout,0,realised_like,cold_snap_lng+heat_dome,4,19.918,37.25,29.18,22.137,58,7.79,0,29.084
holdout,0,realised_like,cold_snap_lng+heat_dome,5,18.062,37.38,26.779,19.553,65.07,14.91,0,29.084
holdout,0,realised_like,cold_snap_lng+heat_dome,6,19.983,44.86,33.734,20.799,67.57,24.77,0,29.084
holdout,0,realised_like,cold_snap_lng+heat_dome,7,19.485,55.26,33.541,21.078,94.39,7.98,0,29.084
holdout,0,realised_like,cold_snap_lng+heat_dome,8,31.335,104.44,73.039,40.036,174.87,17.58,6,29.084
holdout,0,realised_like,cold_snap_lng+heat_dome,9,24.001,56.08,40.602,28.929,103.34,21.87,0,29.084
holdout,0,realised_like,cold_snap_lng+heat_dome,10,23.171,44.68,34.599,27.097,251.7,26.28,0,29.084
holdout,0,realised_like,cold_snap_lng+heat_dome,11,21.693,44.25,33.082,24.17,75.21,15.5,0,29.084
holdout,0,realised_like,cold_snap_lng+heat_dome,12,18.62,68.32,27.589,21.768,201.56,5.13,0,29.084
holdout,0,realised_like,cold_snap_lng+heat_dome,1,106.243,260,259.957,117.348,300,-0.78,722,29.084
holdout,0,realised_like,cold_snap_lng+heat_dome,2,19.525,34.31,28.384,20.983,74.94,11.94,0,29.084
holdout,0,realised_like,cold_snap_lng+heat_dome,3,25.056,48.2,35.809,30.235,82.09,10.04,0,29.084
holdout,1,realised_like,cold_snap_lng,4,20.03,34.86,29.26,22.519,59.37,12.48,0,30.191
holdout,1,realised_like,cold_snap_lng,5,18.204,34.94,26.537,19.807,78.49,13.04,0,30.191
holdout,1,realised_like,cold_snap_lng,6,20.259,44.21,33.471,23.739,81.6,10.2,0,30.191
holdout,1,realised_like,cold_snap_lng,7,19.721,53.44,33.68,21.913,86.5,12.63,0,30.191
holdout,1,realised_like,cold_snap_lng,8,21.336,58.24,35.886,24.047,96.33,21.46,0,30.191
holdout,1,realised_like,cold_snap_lng,9,23.697,49.51,39.461,27.953,87.67,26.88,0,30.191
holdout,1,realised_like,cold_snap_lng,10,22.455,41.85,33.5,25.768,98.24,19.94,0,30.191
holdout,1,realised_like,cold_snap_lng,11,21.865,38.54,32.964,24.615,77.62,15.27,0,30.191
holdout,1,realised_like,cold_snap_lng,12,21.32,76.1,32.879,24.351,209.94,5.06,0,30.191
holdout,1,realised_like,cold_snap_lng,1,118.759,260,253.8,129.883,300,0.41,819,30.191
holdout,1,realised_like,cold_snap_lng,2,25.93,260,57.062,29.185,260,-0.68,26,30.191
holdout,1,realised_like,cold_snap_lng,3,27.174,58.94,40.197,32.888,99.95,12.05,0,30.191
holdout,2,realised_like,none,4,20.241,37.92,29.66,22.671,62.85,8.18,0,20.612
holdout,2,realised_like,none,5,18.051,35.66,26.759,19.317,64.87,8,0,20.612
holdout,2,realised_like,none,6,19.974,56.89,34.343,22.491,82.31,8.37,0,20.612
holdout,2,realised_like,none,7,19.674,60.23,33.552,21.911,83.25,8.08,0,20.612
holdout,2,realised_like,none,8,20.624,71.44,35,23.057,112.35,6.46,0,20.612
holdout,2,realised_like,none,9,23.019,55.14,38.585,27.216,98.65,16.35,0,20.612
holdout,2,realised_like,none,10,23.197,45.4,34.439,27.124,82.82,19.15,0,20.612
holdout,2,realised_like,none,11,19.057,38.15,29.231,20.958,58.02,8.83,0,20.612
holdout,2,realised_like,none,12,19.944,96.46,30.588,24.144,300,2.95,0,20.612
holdout,2,realised_like,none,1,21.03,54.12,30.632,24.801,146.05,6.34,0,20.612
holdout,2,realised_like,none,2,18.546,62.85,28.178,21.121,146.5,6.29,0,20.612
holdout,2,realised_like,none,3,23.779,45.36,34.499,28.595,99.53,9.64,0,20.612
holdout,3,realised_like,none,4,20.534,53.94,29.42,23.129,159.81,6.97,0,21.707
holdout,3,realised_like,none,5,17.627,34.64,26.476,19.066,73.07,10.93,0,21.707
holdout,3,realised_like,none,6,20.253,48.72,34.511,22.814,92.7,10.54,0,21.707
holdout,3,realised_like,none,7,19.771,54.55,35.101,23.818,94.32,14.17,0,21.707
holdout,3,realised_like,none,8,21.532,47.16,35.503,25.192,106.75,18.07,0,21.707
holdout,3,realised_like,none,9,23.43,57.36,38.325,28.02,97.43,21.46,0,21.707
holdout,3,realised_like,none,10,24.57,50.53,35.992,29.429,85.09,15.58,0,21.707
holdout,3,realised_like,none,11,22.682,44.11,34.602,26.155,73.16,13.39,0,21.707
holdout,3,realised_like,none,12,21.439,80.78,34.256,26.543,259.27,4.02,0,21.707
holdout,3,realised_like,none,1,20.335,38.57,28.89,23.091,141.41,9.54,0,21.707
holdout,3,realised_like,none,2,22.126,41.77,31.704,25.728,73.93,18.22,0,21.707
holdout,3,realised_like,none,3,26.227,47.73,38.342,31.888,94.46,16.72,0,21.707
holdout,4,realised_like,none,4,20.338,85.73,30.432,23.646,200,3.09,0,20.865
holdout,4,realised_like,none,5,17.605,69.26,26.666,19.459,163,3.79,0,20.865
holdout,4,realised_like,none,6,19.473,43.92,33.571,21,78.99,9.75,0,20.865
holdout,4,realised_like,none,7,19.332,45.64,31.119,21.351,126.64,13.02,0,20.865
holdout,4,realised_like,none,8,20.803,49.82,36.338,24.001,96.65,15.18,0,20.865
holdout,4,realised_like,none,9,23.109,48.09,38.039,27.378,80.97,29.3,0,20.865
holdout,4,realised_like,none,10,23.352,43.71,34.878,27.176,72.01,15.07,0,20.865
holdout,4,realised_like,none,11,20.896,42.82,31.09,23.341,70.67,10.24,0,20.865
holdout,4,realised_like,none,12,19.002,57.92,28.843,21.51,163.12,5.03,0,20.865
holdout,4,realised_like,none,1,21.73,83.85,30.97,25.094,245.42,4.42,0,20.865
holdout,4,realised_like,none,2,19.479,41.13,28.369,21.301,101.75,7.38,0,20.865
holdout,4,realised_like,none,3,25.14,46.04,36.216,30.467,85.87,11.76,0,20.865
holdout,5,realised_like,heat_dome,4,20.495,53.62,30.102,22.859,85.43,6.99,0,22.489
holdout,5,realised_like,heat_dome,5,17.797,44.41,27.166,18.957,66.41,7.16,0,22.489
holdout,5,realised_like,heat_dome,6,20.299,45.06,34.032,23.096,98.12,14.43,0,22.489
holdout,5,realised_like,heat_dome,7,19.459,92.84,32.393,22.03,153.95,5.13,0,22.489
holdout,5,realised_like,heat_dome,8,42.729,259.99,115.007,57.446,259.99,3.37,120,22.489
holdout,5,realised_like,heat_dome,9,23.289,49.27,38.641,27.858,101.28,26.33,0,22.489
holdout,5,realised_like,heat_dome,10,23.164,42.23,34.256,26.969,65.77,17.86,0,22.489
holdout,5,realised_like,heat_dome,11,19.521,41.51,28.845,21.37,76.43,8.35,0,22.489
holdout,5,realised_like,heat_dome,12,18.527,68.65,26.896,21.018,193.54,5.8,0,22.489
holdout,5,realised_like,heat_dome,1,20.555,48.76,30.519,24.042,91.79,10.58,0,22.489
holdout,5,realised_like,heat_dome,2,18.46,41.11,27.437,20.281,92.69,7.05,0,22.489
holdout,5,realised_like,heat_dome,3,24.973,57.67,36.955,30.046,103.6,14.54,0,22.489
holdout,6,baseline,cold_snap_lng+heat_dome,4,11.284,24.74,15.671,10.4,39.03,12.89,0,21.161
holdout,6,baseline,cold_snap_lng+heat_dome,5,11.464,28.8,16.523,10.794,44.67,14.27,0,21.161
holdout,6,baseline,cold_snap_lng+heat_dome,6,14.36,27.35,22,14.283,51.54,15.79,0,21.161
holdout,6,baseline,cold_snap_lng+heat_dome,7,13.817,33.93,20.602,13.516,53.17,12.99,0,21.161
holdout,6,baseline,cold_snap_lng+heat_dome,8,29.992,255.23,92.689,36.021,255.23,1.59,64,21.161
holdout,6,baseline,cold_snap_lng+heat_dome,9,13.32,25.64,19.231,12.817,35.84,31.35,0,21.161
holdout,6,baseline,cold_snap_lng+heat_dome,10,13.929,23.02,19.118,13.518,58.58,22.83,0,21.161
holdout,6,baseline,cold_snap_lng+heat_dome,11,11.626,26.19,16.81,10.388,32.91,14.39,0,21.161
holdout,6,baseline,cold_snap_lng+heat_dome,12,11.406,29.81,15.18,10.981,149.18,6.94,0,21.161
holdout,6,baseline,cold_snap_lng+heat_dome,1,94.083,260,234.872,104.775,300,2.3,745,21.161
holdout,6,baseline,cold_snap_lng+heat_dome,2,12.011,21.84,16.065,10.724,43.41,11.57,0,21.161
holdout,6,baseline,cold_snap_lng+heat_dome,3,14.66,23.64,20.263,14.521,42.34,15.91,0,21.161
holdout,7,realised_like,cold_snap_lng,4,20.458,46.65,30.052,23.188,68.78,9.07,0,27.522
holdout,7,realised_like,cold_snap_lng,5,18.005,39.17,27.186,19.794,64.69,15.12,0,27.522
holdout,7,realised_like,cold_snap_lng,6,20.092,45.69,33.206,22.816,84.62,18.78,0,27.522
holdout,7,realised_like,cold_snap_lng,7,19.914,51.91,33.256,21.891,79.56,20.56,0,27.522
holdout,7,realised_like,cold_snap_lng,8,20.749,60.92,36.362,23.416,106.88,7.93,0,27.522
holdout,7,realised_like,cold_snap_lng,9,22.87,50.41,37.985,25.762,83.27,25.2,0,27.522
holdout,7,realised_like,cold_snap_lng,10,22.449,46.78,34.013,26.154,102.57,23.42,0,27.522
holdout,7,realised_like,cold_snap_lng,11,22.343,42.65,32.31,25.188,97.77,15.93,0,27.522
holdout,7,realised_like,cold_snap_lng,12,20.364,39,28.653,22.375,64.57,12.74,0,27.522
holdout,7,realised_like,cold_snap_lng,1,96.416,260,259.827,108.652,300,-0.25,616,27.522
holdout,7,realised_like,cold_snap_lng,2,20.015,38.62,29.901,22.226,69.01,9.78,0,27.522
holdout,7,realised_like,cold_snap_lng,3,25.073,46.16,36.996,29.911,76.52,16.63,0,27.522
holdout,8,realised_like,none,4,20.355,53.36,30.77,23.012,79.59,6.71,0,18.96
holdout,8,realised_like,none,5,17.737,41.74,27.107,19.368,87.04,7.37,0,18.96
holdout,8,realised_like,none,6,20.573,58.23,35.116,23.67,98.99,7.19,0,18.96
holdout,8,realised_like,none,7,19.728,52.16,34.076,21.449,88.68,8.51,0,18.96
holdout,8,realised_like,none,8,21.684,69.31,36.125,24.462,138.36,7.34,0,18.96
holdout,8,realised_like,none,9,23.673,70.22,40.262,27.839,104.54,21.65,0,18.96
holdout,8,realised_like,none,10,20.121,39.17,29.623,22.314,70.25,14.77,0,18.96
holdout,8,realised_like,none,11,15.04,33.3,23.894,15.277,69.36,11.76,0,18.96
holdout,8,realised_like,none,12,15.821,71.62,23.07,16.344,239.55,4.49,0,18.96
holdout,8,realised_like,none,1,15.476,30.63,22.442,15.134,73.39,10.03,0,18.96
holdout,8,realised_like,none,2,15.398,66.39,22.61,18.092,298.55,3.46,0,18.96
holdout,8,realised_like,none,3,21.697,39.2,30.946,24.971,115.83,12.25,0,18.96
holdout,9,baseline,none,4,12.868,28.82,17.65,12.547,124.2,6.43,0,13.563
holdout,9,baseline,none,5,12.001,27.5,16.96,11.066,57.34,7.42,0,13.563
holdout,9,baseline,none,6,15.628,30.75,23.521,16.124,45.45,13.06,0,13.563
holdout,9,baseline,none,7,13.854,31.73,21.9,13.541,49.34,8.77,0,13.563
holdout,9,baseline,none,8,13.872,41.14,21.452,13.817,97.14,6.32,0,13.563
holdout,9,baseline,none,9,13.625,26.78,20.671,13.463,59.22,20.6,0,13.563
holdout,9,baseline,none,10,13.778,24.36,19.697,13.009,39.77,17.26,0,13.563
holdout,9,baseline,none,11,13.151,32.1,18.682,12.644,71.32,7.21,0,13.563
holdout,9,baseline,none,12,12.384,35.58,17.16,12.936,223.47,4.16,0,13.563
holdout,9,baseline,none,1,13.735,36.46,19.379,13.381,147.58,5.75,0,13.563
holdout,9,baseline,none,2,11.257,24.26,15.45,10.444,117.34,6.99,0,13.563
holdout,9,baseline,none,3,16.415,29.62,22.31,16.978,39.85,9.78,0,13.563
holdout,10,baseline,cold_snap_lng,4,10.118,20.02,14.63,8.895,31.42,13.25,0,19.317
holdout,10,baseline,cold_snap_lng,5,10.643,25.34,15.863,9.22,32.08,12.75,0,19.317
holdout,10,baseline,cold_snap_lng,6,12.495,24.82,18.743,11.564,33.92,19.1,0,19.317
holdout,10,baseline,cold_snap_lng,7,13.627,31.49,20.316,12.921,41.29,20.08,0,19.317
holdout,10,baseline,cold_snap_lng,8,12.731,30.44,19.45,11.527,38.5,10.43,0,19.317
holdout,10,baseline,cold_snap_lng,9,12.531,23.61,18.541,11.874,36.81,32.37,0,19.317
holdout,10,baseline,cold_snap_lng,10,12.816,25.18,18.123,12.034,36.98,22.64,0,19.317
holdout,10,baseline,cold_snap_lng,11,11.217,23.73,15.94,9.971,38.7,16.04,0,19.317
holdout,10,baseline,cold_snap_lng,12,11.001,25.95,15.912,10.266,94.05,7.18,0,19.317
holdout,10,baseline,cold_snap_lng,1,99.103,260,259.428,103.383,300,-0.02,679,19.317
holdout,10,baseline,cold_snap_lng,2,10.864,19.39,16.202,9.381,39.74,9.35,0,19.317
holdout,10,baseline,cold_snap_lng,3,12.837,23.45,17.776,11.904,31.18,18.83,0,19.317
holdout,11,realised_like,none,4,19.814,35.43,28.43,22.08,75.86,8.91,0,20.714
holdout,11,realised_like,none,5,18.225,38.22,27.019,19.997,116.35,11.23,0,20.714
holdout,11,realised_like,none,6,19.953,61.78,33.291,22.594,96.12,8.24,0,20.714
holdout,11,realised_like,none,7,19.322,117.2,31.795,21.453,185.02,4.78,12,20.714
holdout,11,realised_like,none,8,21.191,48.89,35.082,25.093,83.32,11.74,0,20.714
holdout,11,realised_like,none,9,23.885,51.2,39.319,28.35,103.42,19.77,0,20.714
holdout,11,realised_like,none,10,23.426,42.15,35.936,27.362,94.88,17.14,0,20.714
holdout,11,realised_like,none,11,19.692,62.38,29.442,21.545,96.82,8.25,0,20.714
holdout,11,realised_like,none,12,19.206,39.54,27.703,21.02,64.49,8.38,0,20.714
holdout,11,realised_like,none,1,21.227,56.42,31.522,23.792,104.86,7.24,0,20.714
holdout,11,realised_like,none,2,17.892,44.16,27.567,19.17,94.75,7.43,0,20.714
holdout,11,realised_like,none,3,24.483,49.51,36.889,29.16,90.12,14.02,0,20.714
holdout,12,moderate_shock,none,4,16.129,28.57,22.7,16.899,47.53,9.33,0,16.805
holdout,12,moderate_shock,none,5,15.706,35.74,22.868,16.118,47.02,8.92,0,16.805
holdout,12,moderate_shock,none,6,17.351,41.76,29.439,19.493,71.38,20.04,0,16.805
holdout,12,moderate_shock,none,7,20.172,42.91,32.079,23.32,82.9,16.62,0,16.805
holdout,12,moderate_shock,none,8,17.159,78.53,28.304,18.959,150.55,5.07,0,16.805
holdout,12,moderate_shock,none,9,17.688,36.88,28.62,19.372,65.6,26.12,0,16.805
holdout,12,moderate_shock,none,10,17.927,35.51,26.223,19.339,57.25,20.79,0,16.805
holdout,12,moderate_shock,none,11,15.332,32.38,22.48,15.525,54.37,14.08,0,16.805
holdout,12,moderate_shock,none,12,15.256,39.12,21.676,15.744,103.78,7.21,0,16.805
holdout,12,moderate_shock,none,1,16.124,34.66,23.159,16.712,98.65,7.43,0,16.805
holdout,12,moderate_shock,none,2,14.083,61.02,21.189,15.628,282.45,3.34,0,16.805
holdout,12,moderate_shock,none,3,18.443,36.99,26.042,20.098,66.16,13.95,0,16.805
holdout,13,realised_like,cold_snap_lng,4,20.186,54.87,29.75,22.751,87.22,9.33,0,27.475
holdout,13,realised_like,cold_snap_lng,5,17.839,40.92,26.682,19.36,67.9,10.1,0,27.475
holdout,13,realised_like,cold_snap_lng,6,19.762,44.1,33.461,21.083,85.57,14.97,0,27.475
holdout,13,realised_like,cold_snap_lng,7,19.671,64.85,32.976,22.966,118.9,6.25,0,27.475
holdout,13,realised_like,cold_snap_lng,8,20.667,50.93,35.233,23.386,89.03,8.39,0,27.475
holdout,13,realised_like,cold_snap_lng,9,22.909,48.78,37.37,26.349,75.5,22.81,0,27.475
holdout,13,realised_like,cold_snap_lng,10,23.646,47.94,35.765,27.61,74.1,14.86,0,27.475
holdout,13,realised_like,cold_snap_lng,11,21.378,56.1,32.102,23.831,98.89,12.49,0,27.475
holdout,13,realised_like,cold_snap_lng,12,21.542,122.31,32.01,25.074,300,3.11,8,27.475
holdout,13,realised_like,cold_snap_lng,1,93.596,260,256.295,102.922,300,1.9,600,27.475
holdout,13,realised_like,cold_snap_lng,2,21.01,66.09,31.279,24.593,198.49,5.45,0,27.475
holdout,13,realised_like,cold_snap_lng,3,26.043,52.06,38.423,31.624,98.67,10.78,0,27.475
holdout,14,severe_shock,none,4,21.426,64.69,32.047,24.722,124.44,5.39,0,21.433
holdout,14,severe_shock,none,5,20.283,57.71,33.731,23.645,92.01,8.77,0,21.433
holdout,14,severe_shock,none,6,21.775,46.96,35.613,24.77,82.3,13.53,0,21.433
holdout,14,severe_shock,none,7,23.538,68.16,38.291,27.088,92.01,7.37,0,21.433
holdout,14,severe_shock,none,8,20.462,49.87,35.57,23.387,92.56,9.81,0,21.433
holdout,14,severe_shock,none,9,21.998,56.55,37.04,26.027,98.1,16.47,0,21.433
holdout,14,severe_shock,none,10,22.896,44.72,34.553,26.258,85.2,13.77,0,21.433
holdout,14,severe_shock,none,11,20.473,46.24,31.081,23.113,74.44,7.58,0,21.433
holdout,14,severe_shock,none,12,19.912,68.49,29.295,22.003,204.6,4.9,0,21.433
holdout,14,severe_shock,none,1,20.385,95.18,30.267,24.339,246.48,4.81,0,21.433
holdout,14,severe_shock,none,2,19.173,49.88,27.481,21.999,151.25,6.02,0,21.433
holdout,14,severe_shock,none,3,24.654,76.55,36.164,29.782,172.01,5.75,0,21.433
holdout,15,realised_like,none,4,20.233,53.91,29.37,22.843,110.11,6.82,0,19.651
holdout,15,realised_like,none,5,17.566,49.31,25.92,18.942,115.97,6.07,0,19.651
holdout,15,realised_like,none,6,19.937,47.65,33.311,21.841,113.24,11.51,0,19.651
holdout,15,realised_like,none,7,19.58,42.25,32.286,21.672,89.37,12.35,0,19.651
holdout,15,realised_like,none,8,20.865,80.03,35.095,23.999,135.3,5.88,0,19.651
holdout,15,realised_like,none,9,23.778,63.91,38.721,28.836,108.38,17.97,0,19.651
holdout,15,realised_like,none,10,19.027,39.32,28.282,20.773,67.63,12.93,0,19.651
holdout,15,realised_like,none,11,19.263,45.98,29.871,21.021,79.44,16.4,0,19.651
holdout,15,realised_like,none,12,16.88,33.48,24.927,18.222,62.15,12.43,0,19.651
holdout,15,realised_like,none,1,18.243,77.59,27.065,21.663,217.05,4.78,0,19.651
holdout,15,realised_like,none,2,17.91,79.97,26.414,19.883,261.41,3.23,0,19.651
holdout,15,realised_like,none,3,22.506,42.93,32.926,26.174,79.29,15.09,0,19.651
holdout,16,baseline,none,4,11.228,23.1,16.38,10.299,37.46,8.05,0,11.99
holdout,16,baseline,none,5,11.34,26.45,16.115,10.355,31.32,11.59,0,11.99
holdout,16,baseline,none,6,11.436,21.94,17.18,10.369,44.17,11.93,0,11.99
holdout,16,baseline,none,7,12.028,27.68,18.22,10.86,45.17,10.7,0,11.99
holdout,16,baseline,none,8,13.456,33.05,20.767,13.142,45.13,8.36,0,11.99
holdout,16,baseline,none,9,12.755,25.81,19.072,11.839,42.55,26.39,0,11.99
holdout,16,baseline,none,10,13.452,23.21,18.333,12.588,31.76,17.75,0,11.99
holdout,16,baseline,none,11,11.773,20.18,16.38,10.938,27.42,13,0,11.99
holdout,16,baseline,none,12,10.221,35.18,14.466,9.818,227.17,4.89,0,11.99
holdout,16,baseline,none,1,11.836,38.36,17.936,12.032,173.23,5.72,0,11.99
holdout,16,baseline,none,2,10.586,22.24,14.53,9.209,29.81,11.51,0,11.99
holdout,16,baseline,none,3,13.606,26.31,18.333,13.159,49.87,11.78,0,11.99
holdout,17,realised_like,none,4,19.565,42.08,29.58,21.977,65.62,9.84,0,21.455
holdout,17,realised_like,none,5,17.694,43.55,29.174,19.469,92.9,9.35,0,21.455
holdout,17,realised_like,none,6,19.549,62.5,32.712,21.726,95.73,7.27,0,21.455
holdout,17,realised_like,none,7,19.814,43.22,33.109,22.557,92.36,12.61,0,21.455
holdout,17,realised_like,none,8,21.079,75.5,37.456,23.897,124.83,6.5,0,21.455
holdout,17,realised_like,none,9,23.766,51.02,38.839,27.962,97.85,18.52,0,21.455
holdout,17,realised_like,none,10,24.627,45.16,36.152,28.814,78.98,12.37,0,21.455
holdout,17,realised_like,none,11,21.832,48.54,32.282,24.822,70.62,12.27,0,21.455
holdout,17,realised_like,none,12,19.18,34.29,27.376,20.653,65.76,11.52,0,21.455
holdout,17,realised_like,none,1,22.467,114.9,33.94,26.61,299.23,3.16,6,21.455
holdout,17,realised_like,none,2,19.727,68.91,28.936,21.979,115.43,7.11,0,21.455
holdout,17,realised_like,none,3,27.952,55.33,41.705,34.595,87.73,14.5,0,21.455
holdout,18,baseline,none,4,11.495,19.1,15.76,10.352,30.35,13.16,0,12.326
holdout,18,baseline,none,5,11.422,19.51,15.819,10.212,48.31,13.78,0,12.326
holdout,18,baseline,none,6,13.476,26.41,21.191,13.272,39.61,14.7,0,12.326
holdout,18,baseline,none,7,14.14,28.99,20.779,14.706,64.82,11.85,0,12.326
holdout,18,baseline,none,8,12.509,44.02,19.159,12.252,74.26,6.92,0,12.326
holdout,18,baseline,none,9,13.219,25.7,19.9,12.529,37.73,26.75,0,12.326
holdout,18,baseline,none,10,12.267,23.26,16.873,11.362,31.41,20.19,0,12.326
holdout,18,baseline,none,11,11.135,22.43,15.653,10.002,31.44,11.38,0,12.326
holdout,18,baseline,none,12,12.119,24.78,16.483,10.897,33.35,13.95,0,12.326
holdout,18,baseline,none,1,10.931,29.01,15.41,9.63,107.66,7.23,0,12.326
holdout,18,baseline,none,2,10.863,37.44,15.518,11.294,240.45,3.91,0,12.326
holdout,18,baseline,none,3,14.192,31.44,19.592,14.23,40.27,15.11,0,12.326
holdout,19,realised_like,cold_snap_lng,4,19.561,37.53,28.772,21.964,62.54,14.64,0,27.169
holdout,19,realised_like,cold_snap_lng,5,18.198,44.87,27.006,19.824,73.84,12.86,0,27.169
holdout,19,realised_like,cold_snap_lng,6,20.23,45.85,34.512,22.568,77.61,14.12,0,27.169
holdout,19,realised_like,cold_snap_lng,7,19.507,40.35,32.862,20.781,79.84,18.16,0,27.169
holdout,19,realised_like,cold_snap_lng,8,20.991,52.22,35.276,22.565,83.04,14.06,0,27.169
holdout,19,realised_like,cold_snap_lng,9,23.621,52.61,39.701,28.03,100.91,29.59,0,27.169
holdout,19,realised_like,cold_snap_lng,10,20.734,42.45,31.689,22.689,75.93,24.71,0,27.169
holdout,19,realised_like,cold_snap_lng,11,18.631,35.36,27.816,19.752,60.14,15.87,0,27.169
holdout,19,realised_like,cold_snap_lng,12,17.421,31.04,25.73,19.266,55.79,11.9,0,27.169
holdout,19,realised_like,cold_snap_lng,1,106.473,260,260,116.948,300,-1.05,756,27.169
holdout,19,realised_like,cold_snap_lng,2,15.554,28.16,22.111,16.291,71.77,13.95,0,27.169
holdout,19,realised_like,cold_snap_lng,3,23.12,43.03,34.013,27.304,83.25,19.03,0,27.169
holdout,20,baseline,cold_snap_lng,4,11.05,21.88,15.65,9.981,28.09,17.3,0,20.631
holdout,20,baseline,cold_snap_lng,5,11.391,21.86,16.037,10.127,32.77,20.22,0,20.631
holdout,20,baseline,cold_snap_lng,6,13.702,29.26,20.402,12.882,40.54,27.15,0,20.631
holdout,20,baseline,cold_snap_lng,7,14.025,29.21,21.253,13.687,48.04,19.25,0,20.631
holdout,20,baseline,cold_snap_lng,8,12.325,26.72,18.699,11.532,35.1,27.56,0,20.631
holdout,20,baseline,cold_snap_lng,9,12.436,24.27,18.672,11.428,39.16,36.6,0,20.631
holdout,20,baseline,cold_snap_lng,10,12.622,21.8,17.856,11.732,34.57,32.01,0,20.631
holdout,20,baseline,cold_snap_lng,11,11.448,25.68,15.9,10.443,30.05,26.65,0,20.631
holdout,20,baseline,cold_snap_lng,12,10.881,17.82,14.879,9.963,38.95,15.43,0,20.631
holdout,20,baseline,cold_snap_lng,1,109.264,260,259.9,113.637,300,1.1,772,20.631
holdout,20,baseline,cold_snap_lng,2,12.191,23.67,17.419,11.274,32.67,9.32,0,20.631
holdout,20,baseline,cold_snap_lng,3,14.328,25.25,20.425,14.07,38.04,20.45,0,20.631
holdout,21,baseline,none,4,11.141,22.26,15.651,9.904,58.87,7.91,0,12.147
holdout,21,baseline,none,5,10.521,22.14,15.609,9.337,48.3,8.69,0,12.147
holdout,21,baseline,none,6,12.281,27.56,18.77,10.844,31.26,14.23,0,12.147
holdout,21,baseline,none,7,14.099,26.15,21.159,14.424,43.3,11.43,0,12.147
holdout,21,baseline,none,8,12.52,23.82,18.746,12.478,36.44,30.74,0,12.147
holdout,21,baseline,none,9,11.943,21.73,17.93,11.153,33.01,21.62,0,12.147
holdout,21,baseline,none,10,14.309,24.67,19.899,13.6,39.03,12.42,0,12.147
holdout,21,baseline,none,11,11.244,22.04,15.542,9.99,25.07,13.85,0,12.147
holdout,21,baseline,none,12,10.599,30.47,14.632,9.78,148.06,6.42,0,12.147
holdout,21,baseline,none,1,11.108,31.86,16.526,12.033,190.2,5.31,0,12.147
holdout,21,baseline,none,2,11.062,19.35,15.51,10.218,74.19,7.88,0,12.147
holdout,21,baseline,none,3,14.765,25.22,20.54,15.109,34.41,12.54,0,12.147
holdout,22,moderate_shock,cold_snap_lng,4,15.152,33,21.61,15.294,52.36,15.4,0,22.488
holdout,22,moderate_shock,cold_snap_lng,5,14.376,25.97,20.859,14.272,44.06,18.52,0,22.488
holdout,22,moderate_shock,cold_snap_lng,6,17.177,35.63,27.362,18.304,67.08,26.85,0,22.488
holdout,22,moderate_shock,cold_snap_lng,7,18.158,33.27,27.947,18.48,57.78,27.72,0,22.488
holdout,22,moderate_shock,cold_snap_lng,8,16.963,41.03,28.662,17.96,74.97,14.34,0,22.488
holdout,22,moderate_shock,cold_snap_lng,9,17.72,34.81,27.98,18.498,53.46,33.42,0,22.488
holdout,22,moderate_shock,cold_snap_lng,10,17.322,34.36,24.049,18.197,50.33,24.01,0,22.488
holdout,22,moderate_shock,cold_snap_lng,11,17.781,36.17,25.48,18.418,50.86,25.55,0,22.488
holdout,22,moderate_shock,cold_snap_lng,12,16.071,45.43,22.834,17.136,123.71,6.86,0,22.488
holdout,22,moderate_shock,cold_snap_lng,1,83.065,260,259.917,90.57,300,0.78,527,22.488
holdout,22,moderate_shock,cold_snap_lng,2,15.573,34.62,23.954,15.225,48.57,12.97,0,22.488
holdout,22,moderate_shock,cold_snap_lng,3,19.109,37.66,26.02,20.993,65.42,14.84,0,22.488
holdout,23,moderate_shock,heat_dome,4,17.955,31.38,25.04,19.473,50.44,15.87,0,20.653
holdout,23,moderate_shock,heat_dome,5,15.126,32.84,22.272,15.593,53.1,12.11,0,20.653
holdout,23,moderate_shock,heat_dome,6,19.275,41.3,30.93,21.351,67.75,17.79,0,20.653
holdout,23,moderate_shock,heat_dome,7,38.001,260,111.341,47.309,260,1.68,95,20.653
holdout,23,moderate_shock,heat_dome,8,25.518,191.42,67.462,31.179,200,3.83,21,20.653
holdout,23,moderate_shock,heat_dome,9,19.735,40.34,31.52,21.766,66.51,28.22,0,20.653
holdout,23,moderate_shock,heat_dome,10,20.679,41.27,30.063,22.693,86.26,21.46,0,20.653
holdout,23,moderate_shock,heat_dome,11,18.738,43.92,26.83,20.212,69.08,12.01,0,20.653
holdout,23,moderate_shock,heat_dome,12,15.768,34.97,21.712,16.427,130.07,7.41,0,20.653
holdout,23,moderate_shock,heat_dome,1,17.253,28.94,23.879,17.929,48.95,10.95,0,20.653
holdout,23,moderate_shock,heat_dome,2,16.461,34.63,23.877,17.344,67.49,13.25,0,20.653
holdout,23,moderate_shock,heat_dome,3,22.703,41.76,33.346,26.228,68.58,13.25,0,20.653
holdout,24,baseline,heat_dome,4,11.316,19.52,15.82,10.292,27.71,10.67,0,14.605
holdout,24,baseline,heat_dome,5,13.401,30.48,18.899,12.89,42.37,11.21,0,14.605
holdout,24,baseline,heat_dome,6,13.373,27.29,20.38,12.798,55.59,15.57,0,14.605
holdout,24,baseline,heat_dome,7,15.979,44.61,25.26,17.102,73.47,14.93,0,14.605
holdout,24,baseline,heat_dome,8,30.584,259.98,85.255,34.992,259.98,1.17,58,14.605
holdout,24,baseline,heat_dome,9,12.942,26.53,19.16,12.216,35.18,26.09,0,14.605
holdout,24,baseline,heat_dome,10,14.55,30.5,20.229,14.302,62.04,16.45,0,14.605
holdout,24,baseline,heat_dome,11,11.98,20.63,16.87,10.769,38.46,8.8,0,14.605
holdout,24,baseline,heat_dome,12,11.412,30.57,16.01,12.094,165.92,6.2,0,14.605
holdout,24,baseline,heat_dome,1,11.926,25.37,16.436,11.026,64.33,7.81,0,14.605
holdout,24,baseline,heat_dome,2,11.034,18.3,14.954,9.828,27.24,14.35,0,14.605
holdout,24,baseline,heat_dome,3,16.13,27.14,22.096,16.339,57.25,11.09,0,14.605
holdout,25,realised_like,cold_snap_lng,4,20.594,39.36,31.123,23.227,74.73,13.3,0,27.444
holdout,25,realised_like,cold_snap_lng,5,18.084,43.9,26.686,19.561,66.99,13.57,0,27.444
holdout,25,realised_like,cold_snap_lng,6,19.696,44.13,33.121,22.103,77.22,12.52,0,27.444
holdout,25,realised_like,cold_snap_lng,7,19.491,65.96,32.049,22.072,90.05,7.34,0,27.444
holdout,25,realised_like,cold_snap_lng,8,20.687,48.98,34.249,25.499,79.5,12.05,0,27.444
holdout,25,realised_like,cold_snap_lng,9,23.274,51.51,39.713,27.343,114.55,21.83,0,27.444
holdout,25,realised_like,cold_snap_lng,10,22.165,40.36,33.293,25.596,77.53,20.62,0,27.444
holdout,25,realised_like,cold_snap_lng,11,18.783,38.11,27.963,19.948,98.74,13.27,0,27.444
holdout,25,realised_like,cold_snap_lng,12,18.548,38.21,26.529,19.823,63.55,11.07,0,27.444
holdout,25,realised_like,cold_snap_lng,1,104.898,260,259.632,118.736,300,0.23,767,27.444
holdout,25,realised_like,cold_snap_lng,2,18.29,32.59,25.815,19.476,59.62,12.27,0,27.444
holdout,25,realised_like,cold_snap_lng,3,23.043,41.53,32.786,27.54,104.46,17.69,0,27.444
holdout,26,realised_like,none,4,19.554,44.69,29,22.104,84.17,7.05,0,19.121
holdout,26,realised_like,none,5,17.529,46.12,26.596,18.629,67.01,10.99,0,19.121
holdout,26,realised_like,none,6,19.492,38.37,31.802,21.541,77.68,15.33,0,19.121
holdout,26,realised_like,none,7,19.821,47.51,32.942,22.65,90.85,14.43,0,19.121
holdout,26,realised_like,none,8,21.052,56.46,35.403,24.714,99.62,9.07,0,19.121
holdout,26,realised_like,none,9,23.797,63.69,39.171,28.555,103.63,24.15,0,19.121
holdout,26,realised_like,none,10,19.186,36.79,28.363,20.799,76.51,18.19,0,19.121
holdout,26,realised_like,none,11,17.314,49.35,26.423,18.252,156.57,6.37,0,19.121
holdout,26,realised_like,none,12,16.21,109.5,24.799,18.843,300,0.87,1,19.121
holdout,26,realised_like,none,1,18.573,70.74,30.388,20.983,236.66,4.74,0,19.121
holdout,26,realised_like,none,2,16.201,32.72,23.834,16.583,64.07,10.76,0,19.121
holdout,26,realised_like,none,3,20.555,36.55,29.233,23.935,70.61,13.42,0,19.121
holdout,27,realised_like,heat_dome,4,20.446,69.21,30.031,23.178,153.57,4.07,0,21.566
holdout,27,realised_like,heat_dome,5,18.383,35.17,27.64,19.42,66.73,9.61,0,21.566
holdout,27,realised_like,heat_dome,6,19.558,45.8,32.761,21.631,75.58,22.66,0,21.566
holdout,27,realised_like,heat_dome,7,20.188,44.04,33.466,22.646,75,13.32,0,21.566
holdout,27,realised_like,heat_dome,8,41.508,260,114.003,52.201,260,1.12,100,21.566
holdout,27,realised_like,heat_dome,9,23.279,52.75,38.572,27.611,114.04,22.94,0,21.566
holdout,27,realised_like,heat_dome,10,21.678,39.56,31.645,24.649,78.97,19.39,0,21.566
holdout,27,realised_like,heat_dome,11,18.274,43.05,27.991,18.912,61.89,9.72,0,21.566
holdout,27,realised_like,heat_dome,12,17.637,48.22,25.526,19.735,157.24,6.59,0,21.566
holdout,27,realised_like,heat_dome,1,17.595,51.25,26.863,18.795,164.5,6.75,0,21.566
holdout,27,realised_like,heat_dome,2,18.297,31.28,26.504,20.049,60.87,10.77,0,21.566
holdout,27,realised_like,heat_dome,3,21.482,43.43,31.534,25.249,79.51,10.29,0,21.566
holdout,28,realised_like,cold_snap_lng,4,19.843,40.37,27.92,22.255,64.5,8.67,0,25.255
holdout,28,realised_like,cold_snap_lng,5,17.611,37.2,27.216,19.566,87.01,8.71,0,25.255
holdout,28,realised_like,cold_snap_lng,6,20.365,44,33.221,23.176,85.46,15,0,25.255
holdout,28,realised_like,cold_snap_lng,7,19.841,49.38,32.489,23.677,89.23,14.02,0,25.255
holdout,28,realised_like,cold_snap_lng,8,21.217,48.41,36.456,24.654,113.63,7.72,0,25.255
holdout,28,realised_like,cold_snap_lng,9,23.812,51.16,38.195,28.937,84.13,22.6,0,25.255
holdout,28,realised_like,cold_snap_lng,10,18.404,32.65,27.059,19.409,56.5,15.3,0,25.255
holdout,28,realised_like,cold_snap_lng,11,19.176,38.54,28.16,20.695,63.66,10.93,0,25.255
holdout,28,realised_like,cold_snap_lng,12,16.852,60.5,24.325,17.99,174.59,6.16,0,25.255
holdout,28,realised_like,cold_snap_lng,1,84.16,260,249.86,97.447,300,-1.56,542,25.255
holdout,28,realised_like,cold_snap_lng,2,17.193,56.1,25.84,18.623,219.17,5.05,0,25.255
holdout,28,realised_like,cold_snap_lng,3,23.226,44.29,33.686,27.627,80.71,10.02,0,25.255
holdout,29,baseline,cold_snap_lng,4,11.327,20.21,15.58,10.086,27.09,13.03,0,19.752
holdout,29,baseline,cold_snap_lng,5,11.676,24.74,16.833,10.702,32.82,13.88,0,19.752
holdout,29,baseline,cold_snap_lng,6,13.699,28.65,19.65,12.973,43.64,22.14,0,19.752
holdout,29,baseline,cold_snap_lng,7,15.919,33.44,24.476,15.776,56.38,26.72,0,19.752
holdout,29,baseline,cold_snap_lng,8,13.657,27.62,20.643,12.889,38.54,24.28,0,19.752
holdout,29,baseline,cold_snap_lng,9,13.594,27.78,20.122,13.077,40.29,29.59,0,19.752
holdout,29,baseline,cold_snap_lng,10,13.56,27.29,18.959,12.8,40.49,21.88,0,19.752
holdout,29,baseline,cold_snap_lng,11,12.871,24.18,18.161,11.943,31.56,18.02,0,19.752
holdout,29,baseline,cold_snap_lng,12,12.285,20.53,16.927,11.651,52.38,13.82,0,19.752
holdout,29,baseline,cold_snap_lng,1,89.932,260,258.622,104.72,300,0.38,706,19.752
holdout,29,baseline,cold_snap_lng,2,11.757,23.97,16.954,11.248,32.34,12.52,0,19.752
holdout,29,baseline,cold_snap_lng,3,15.09,24.92,20.736,14.848,39.57,14.92,0,19.752
holdout,30,severe_shock,none,4,22.123,47.47,32.894,25.241,86.81,7.71,0,23.485
holdout,30,severe_shock,none,5,20.263,71.28,31.189,22.987,146.99,4.67,0,23.485
holdout,30,severe_shock,none,6,24.344,62.01,39.37,29.273,112.95,9.36,0,23.485
holdout,30,severe_shock,none,7,26.23,71.44,43.56,32.173,105.95,8.01,0,23.485
holdout,30,severe_shock,none,8,23.605,133.13,39.792,27.41,200,3.67,8,23.485
holdout,30,severe_shock,none,9,26.211,62.84,42.382,31.768,99.14,29.04,0,23.485
holdout,30,severe_shock,none,10,25.41,43.55,38.162,30.453,79.3,17.87,0,23.485
holdout,30,severe_shock,none,11,21.645,47.19,31.5,24.69,81.9,13.57,0,23.485
holdout,30,severe_shock,none,12,21.86,49.68,31.629,24.003,88.29,7.7,0,23.485
holdout,30,severe_shock,none,1,24.071,70.48,37.295,28.926,135.87,6.4,0,23.485
holdout,30,severe_shock,none,2,20.277,60.22,33.851,22.613,181.17,5.57,0,23.485
holdout,30,severe_shock,none,3,25.486,48.58,37.005,30.726,98.55,9.88,0,23.485
holdout,31,baseline,cold_snap_lng,4,11.001,22.18,15.43,9.881,47.67,7.93,0,17.67
holdout,31,baseline,cold_snap_lng,5,10.955,19.99,15.28,9.705,27.23,12.91,0,17.67
holdout,31,baseline,cold_snap_lng,6,12.321,27.85,18.71,11.771,38.29,15.77,0,17.67
holdout,31,baseline,cold_snap_lng,7,13.772,44.26,21.22,13.267,87.37,6.9,0,17.67
holdout,31,baseline,cold_snap_lng,8,12.208,30.72,18.366,10.658,88.65,7.35,0,17.67
holdout,31,baseline,cold_snap_lng,9,13.181,23.42,19.78,12.345,36.05,18.3,0,17.67
holdout,31,baseline,cold_snap_lng,10,13.712,22.71,18.823,13.231,36.48,20.2,0,17.67
holdout,31,baseline,cold_snap_lng,11,10.242,19.98,13.881,8.744,29.58,14.49,0,17.67
holdout,31,baseline,cold_snap_lng,12,11.574,33.86,16.019,10.73,165.2,6.41,0,17.67
holdout,31,baseline,cold_snap_lng,1,77.667,260,225.32,86.111,300,-1.56,569,17.67
holdout,31,baseline,cold_snap_lng,2,9.749,16.01,13.319,8.472,29.01,12.34,0,17.67
holdout,31,baseline,cold_snap_lng,3,14.122,27.29,19.406,13.879,43.47,11.77,0,17.67
holdout,32,baseline,cold_snap_lng,4,12.648,23.05,17.17,11.578,30.26,12.52,0,18.156
holdout,32,baseline,cold_snap_lng,5,12.545,24.04,17.696,11.954,36.86,17.11,0,18.156
holdout,32,baseline,cold_snap_lng,6,14.367,28.22,21.513,13.947,38.83,13.29,0,18.156
holdout,32,baseline,cold_snap_lng,7,13.915,31.63,20.993,13.172,50.24,21.76,0,18.156
holdout,32,baseline,cold_snap_lng,8,14.335,27.1,21.273,14.43,44.53,17.31,0,18.156
holdout,32,baseline,cold_snap_lng,9,14.339,32.72,22.112,14.135,50.71,40.78,0,18.156
holdout,32,baseline,cold_snap_lng,10,13.163,23.97,18.593,12.612,36.71,19.91,0,18.156
holdout,32,baseline,cold_snap_lng,11,12.971,27.4,18.551,11.93,38.24,10.83,0,18.156
holdout,32,baseline,cold_snap_lng,12,11.91,22.32,16.037,10.477,28.42,15.45,0,18.156
holdout,32,baseline,cold_snap_lng,1,69.611,260,204.839,84.661,300,1.15,465,18.156
holdout,32,baseline,cold_snap_lng,2,10.445,18.72,14.128,8.935,26.2,16.02,0,18.156
holdout,32,baseline,cold_snap_lng,3,16.287,28.76,21.602,17.181,43.26,13.63,0,18.156
holdout,33,severe_shock,cold_snap_lng,4,20.144,39.61,28.912,22.621,91.32,8.13,0,28.388
holdout,33,severe_shock,cold_snap_lng,5,20.602,46.25,31.166,23.48,81.02,10.74,0,28.388
holdout,33,severe_shock,cold_snap_lng,6,22.34,44.87,36.191,26.348,88.55,17.92,0,28.388
holdout,33,severe_shock,cold_snap_lng,7,26.211,53.31,43.448,32.005,98.38,10.9,0,28.388
holdout,33,severe_shock,cold_snap_lng,8,23.34,46.59,38.273,26.125,85.31,18.96,0,28.388
holdout,33,severe_shock,cold_snap_lng,9,21.254,42.62,34.852,24.694,88.71,24.25,0,28.388
holdout,33,severe_shock,cold_snap_lng,10,20.778,37.47,30.349,23.098,62.17,19.78,0,28.388
holdout,33,severe_shock,cold_snap_lng,11,19.566,38.99,28.932,21.189,65.63,14.39,0,28.388
holdout,33,severe_shock,cold_snap_lng,12,18.361,33.14,26.119,20.6,65.5,12.58,0,28.388
holdout,33,severe_shock,cold_snap_lng,1,100.177,260,260,109.192,300,-0.28,656,28.388
holdout,33,severe_shock,cold_snap_lng,2,19.81,47.47,30.135,21.812,79.56,7.81,0,28.388
holdout,33,severe_shock,cold_snap_lng,3,26.27,57.16,38.529,32.887,85.52,14.88,0,28.388
holdout,34,severe_shock,heat_dome,4,19.09,37.66,27.702,20.933,59.18,13.74,0,23.286
holdout,34,severe_shock,heat_dome,5,20.141,50.23,29.875,23.218,90.96,14.97,0,23.286
holdout,34,severe_shock,heat_dome,6,20.628,42.73,34.232,23.362,71.84,17.44,0,23.286
holdout,34,severe_shock,heat_dome,7,26.717,53.13,44.054,34.288,101.43,21.97,0,23.286
holdout,34,severe_shock,heat_dome,8,43.409,259.99,120.571,53.94,259.99,1.52,97,23.286
holdout,34,severe_shock,heat_dome,9,22.267,50.2,37.27,25.179,93.31,31.23,0,23.286
holdout,34,severe_shock,heat_dome,10,23.921,45.25,35.963,27.99,73.99,19.43,0,23.286
holdout,34,severe_shock,heat_dome,11,20.901,47.93,31.632,23.493,78.76,14.42,0,23.286
holdout,34,severe_shock,heat_dome,12,18.577,63.16,28.125,20.492,157.59,6.6,0,23.286
holdout,34,severe_shock,heat_dome,1,20.581,68.37,29.489,23.169,186.97,6.08,0,23.286
holdout,34,severe_shock,heat_dome,2,18.406,39.39,26.272,19.949,70.02,9.96,0,23.286
holdout,34,severe_shock,heat_dome,3,23.993,48.34,35.803,28.685,75.37,16.92,0,23.286
holdout,35,severe_shock,none,4,19.548,39.32,29.18,21.885,74.91,7.71,0,21.757
holdout,35,severe_shock,none,5,19.65,42.64,28.92,22.025,79.98,6.64,0,21.757
holdout,35,severe_shock,none,6,22.347,48.76,36.813,26.072,75.84,19.14,0,21.757
holdout,35,severe_shock,none,7,23.953,52.74,39.452,27.539,102.68,14.87,0,21.757
holdout,35,severe_shock,none,8,21.355,121.26,37.429,24.789,200,3.97,3,21.757
holdout,35,severe_shock,none,9,23.4,50.64,38.041,27.079,106.31,25.68,0,21.757
holdout,35,severe_shock,none,10,22.55,44.11,33.58,26.207,81.08,17.38,0,21.757
holdout,35,severe_shock,none,11,20.619,37.58,30.695,23.513,65.84,10.76,0,21.757
holdout,35,severe_shock,none,12,19.093,73.86,28.922,21.512,258.13,4.33,0,21.757
holdout,35,severe_shock,none,1,21.3,48.13,31.066,24.913,68.12,7.85,0,21.757
holdout,35,severe_shock,none,2,19.117,38.98,27.589,21.016,68.5,11.32,0,21.757
holdout,35,severe_shock,none,3,27.855,47.27,38.865,34.258,97.83,10.35,0,21.757
holdout,36,severe_shock,none,4,17.404,30.58,25.971,18.056,69,9.34,0,19.804
holdout,36,severe_shock,none,5,16.677,34.09,24.972,17.432,76.31,7.89,0,19.804
holdout,36,severe_shock,none,6,20.449,42.78,34.041,23.455,84.23,14.56,0,19.804
holdout,36,severe_shock,none,7,23.303,49.02,39.798,28.126,87.38,19.38,0,19.804
holdout,36,severe_shock,none,8,20.849,87.91,35.966,23.935,139.41,6.2,0,19.804
holdout,36,severe_shock,none,9,20.728,44.81,33.901,22.994,82.79,17.62,0,19.804
holdout,36,severe_shock,none,10,20.5,39.94,30.285,23.499,64.68,15.11,0,19.804
holdout,36,severe_shock,none,11,18.574,37.51,28.052,19.745,67.99,13.28,0,19.804
holdout,36,severe_shock,none,12,17.943,71.84,26.714,20.735,255.82,4.17,0,19.804
holdout,36,severe_shock,none,1,19.242,64.68,29.305,22.281,214.46,5.16,0,19.804
holdout,36,severe_shock,none,2,18.314,30.97,25.737,20.384,75.22,10.23,0,19.804
holdout,36,severe_shock,none,3,23.453,53.13,35.306,27.208,105.76,8.65,0,19.804
holdout,37,realised_like,cold_snap_lng,4,20.672,43.15,30.611,22.777,65.74,17.44,0,28.057
holdout,37,realised_like,cold_snap_lng,5,18.32,52,27.922,20.623,91.09,21.22,0,28.057
holdout,37,realised_like,cold_snap_lng,6,20.042,44.2,34.072,23.518,83.66,20.25,0,28.057
holdout,37,realised_like,cold_snap_lng,7,20.311,42.53,33.084,21.756,90.91,26.63,0,28.057
holdout,37,realised_like,cold_snap_lng,8,20.809,56.72,35.306,22.46,91.08,17.48,0,28.057
holdout,37,realised_like,cold_snap_lng,9,23.62,48.88,38.641,27.236,90.18,38.4,0,28.057
holdout,37,realised_like,cold_snap_lng,10,22.037,42.88,33.899,25.552,74.75,27.68,0,28.057
holdout,37,realised_like,cold_snap_lng,11,19.147,45.17,28.64,21.319,73.71,19.2,0,28.057
holdout,37,realised_like,cold_snap_lng,12,17.998,33.9,26.215,19.79,75.45,9.31,0,28.057
holdout,37,realised_like,cold_snap_lng,1,109.438,260,260,121.345,300,0.4,755,28.057
holdout,37,realised_like,cold_snap_lng,2,18.612,52.37,27.483,20.653,79.38,13.55,0,28.057
holdout,37,realised_like,cold_snap_lng,3,23.838,43.19,34.676,28.468,79.26,24.49,0,28.057
holdout,38,baseline,none,4,11.204,31.32,15.91,10.481,111.92,5.53,0,12.781
holdout,38,baseline,none,5,11.37,26.92,16.156,10.199,69.32,7.5,0,12.781
holdout,38,baseline,none,6,13.258,26.22,20.373,12.462,82.49,15.9,0,12.781
holdout,38,baseline,none,7,14.377,34.99,22.721,14.383,50.11,8.57,0,12.781
holdout,38,baseline,none,8,13.191,24.74,20.226,12.407,39.47,10.28,0,12.781
holdout,38,baseline,none,9,13.476,27.69,20.542,13.009,43.19,16.43,0,12.781
holdout,38,baseline,none,10,12.673,22.9,17.526,11.675,31.02,17.68,0,12.781
holdout,38,baseline,none,11,12.542,32.53,17.744,12.163,158.81,6.19,0,12.781
holdout,38,baseline,none,12,11.19,30.47,15.043,10.787,163.33,5.45,0,12.781
holdout,38,baseline,none,1,13.403,41.99,18.556,13.791,154.39,6.19,0,12.781
holdout,38,baseline,none,2,11.402,41.91,15.53,11.136,203.74,5.13,0,12.781
holdout,38,baseline,none,3,15.136,30.28,20.955,15.307,47.24,9.34,0,12.781
holdout,39,baseline,none,4,12.971,25.96,18.262,12.256,63.96,7.86,0,14.073
holdout,39,baseline,none,5,13.066,24.39,18.017,12.479,43.44,10.57,0,14.073
holdout,39,baseline,none,6,16.417,33.43,25.421,16.77,54.34,17.7,0,14.073
holdout,39,baseline,none,7,16.34,48.91,25.874,17.229,72.88,7.98,0,14.073
holdout,39,baseline,none,8,13.753,53.25,21.478,13.418,117.39,5.76,0,14.073
holdout,39,baseline,none,9,15.057,33.69,22.922,14.92,46.45,14.37,0,14.073
holdout,39,baseline,none,10,14.972,24.52,20.5,14.759,47.86,17.75,0,14.073
holdout,39,baseline,none,11,12.752,22.33,17.81,11.893,32.41,16.4,0,14.073
holdout,39,baseline,none,12,11.259,37.3,16.916,11.789,211.22,5.04,0,14.073
holdout,39,baseline,none,1,13.946,33.87,20.21,13.444,115.74,6.8,0,14.073
holdout,39,baseline,none,2,13.531,32.81,18.799,12.63,66.53,7.84,0,14.073
holdout,39,baseline,none,3,14.791,32.07,22.14,15.178,45.35,12.57,0,14.073
holdout,40,severe_shock,none,4,18.448,46.25,27.203,20.165,106.86,6.2,0,20.45
holdout,40,severe_shock,none,5,19.43,45.86,30.271,21.94,107.21,6.05,0,20.45
holdout,40,severe_shock,none,6,20.98,43.89,34.813,24.017,76.58,16.4,0,20.45
holdout,40,severe_shock,none,7,23.266,59.46,37.545,26.879,91.86,13.18,0,20.45
holdout,40,severe_shock,none,8,21.331,85.32,36.118,24.098,129.38,6.53,0,20.45
holdout,40,severe_shock,none,9,21.344,51.72,34.944,24.02,160.16,27.1,0,20.45
holdout,40,severe_shock,none,10,22.926,48.99,34.15,26.177,96.24,19.01,0,20.45
holdout,40,severe_shock,none,11,18.83,46.18,28.81,20.742,78.08,7.59,0,20.45
holdout,40,severe_shock,none,12,18.158,124.97,26.922,21.259,265.57,3.63,3,20.45
holdout,40,severe_shock,none,1,19.173,56.8,28.469,21.847,159.75,5.74,0,20.45
holdout,40,severe_shock,none,2,17.454,43.68,25.325,19.937,160.3,5.8,0,20.45
holdout,40,severe_shock,none,3,23.697,42.6,34.426,28.242,81.78,12.28,0,20.45
holdout,41,realised_like,none,4,20.07,48.97,29.722,22.34,98.61,6.98,0,20.789
holdout,41,realised_like,none,5,18.261,38.08,27.1,19.422,73.68,11.03,0,20.789
holdout,41,realised_like,none,6,20.199,48.09,33.071,21.778,67.7,12.18,0,20.789
holdout,41,realised_like,none,7,19.736,56.62,32.186,22.364,135.44,7.85,0,20.789
holdout,41,realised_like,none,8,21.638,51.99,35.839,23.904,93.51,12.08,0,20.789
holdout,41,realised_like,none,9,22.857,57.01,38.462,27.147,106.18,26.57,0,20.789
holdout,41,realised_like,none,10,21.718,41.59,32.284,23.998,65.33,16.88,0,20.789
holdout,41,realised_like,none,11,21.577,52.06,34.48,24.516,78.8,12.31,0,20.789
holdout,41,realised_like,none,12,20.315,49.37,29.243,22.83,131.47,6.82,0,20.789
holdout,41,realised_like,none,1,20.925,44.57,30.616,23.315,80.1,11.04,0,20.789
holdout,41,realised_like,none,2,19.786,114.33,28.944,24.269,300,2.42,5,20.789
holdout,41,realised_like,none,3,22.342,42.37,32.152,26.234,108.95,14.35,0,20.789
holdout,42,moderate_shock,heat_dome,4,16.72,32.14,23.616,17.454,47.88,11.97,0,18.804
holdout,42,moderate_shock,heat_dome,5,15.258,31.17,22.495,15.918,61.1,15.62,0,18.804
holdout,42,moderate_shock,heat_dome,6,18.06,37.94,28.202,18.966,54.69,15.88,0,18.804
holdout,42,moderate_shock,heat_dome,7,20.393,52.36,33.061,22.105,85.23,22.75,0,18.804
holdout,42,moderate_shock,heat_dome,8,31.805,232.86,80.542,41.208,232.86,4.33,41,18.804
holdout,42,moderate_shock,heat_dome,9,18.092,43.03,28.99,19.629,62.09,23.41,0,18.804
holdout,42,moderate_shock,heat_dome,10,19.169,34.3,27.233,21.088,58.5,21.25,0,18.804
holdout,42,moderate_shock,heat_dome,11,17.287,39.51,25.08,17.749,73.81,10.55,0,18.804
holdout,42,moderate_shock,heat_dome,12,14.675,57.98,23.016,16.222,268.61,3.44,0,18.804
holdout,42,moderate_shock,heat_dome,1,16.706,52.63,24.276,17.489,141.35,6.84,0,18.804
holdout,42,moderate_shock,heat_dome,2,15.598,40.2,22.6,16.064,77.13,7.89,0,18.804
holdout,42,moderate_shock,heat_dome,3,21.408,36.29,30.066,24.601,64.55,13.71,0,18.804
holdout,43,realised_like,none,4,20.403,51.45,31.61,22.938,109.62,6.2,0,19.99
holdout,43,realised_like,none,5,17.851,69.34,27.399,20.175,182.3,3.84,0,19.99
holdout,43,realised_like,none,6,19.812,39.34,32.282,22.722,71.96,15.74,0,19.99
holdout,43,realised_like,none,7,20.422,59.9,33.419,24.06,92.87,7.56,0,19.99
holdout,43,realised_like,none,8,21.163,63.44,35.36,23.167,105.85,7.32,0,19.99
holdout,43,realised_like,none,9,23.039,51.43,37.975,27.172,90.96,16.17,0,19.99
holdout,43,realised_like,none,10,21.658,41.52,32.056,23.844,74.27,10.87,0,19.99
holdout,43,realised_like,none,11,19.357,56.35,29.042,21.714,169.8,5.45,0,19.99
holdout,43,realised_like,none,12,18.028,44.17,25.88,19.86,152.31,5.93,0,19.99
holdout,43,realised_like,none,1,20.148,78.62,30.677,22.866,200.9,5.17,0,19.99
holdout,43,realised_like,none,2,17.413,26.94,24.122,18.517,56.84,11.3,0,19.99
holdout,43,realised_like,none,3,20.423,37.69,29.366,23.232,78.67,10.53,0,19.99
holdout,44,severe_shock,none,4,23.447,72.09,36.322,27.921,122.56,5.01,0,23.677
holdout,44,severe_shock,none,5,20.428,57.68,31.836,23.082,114.26,6.31,0,23.677
holdout,44,severe_shock,none,6,25.498,159.34,42.754,31.073,200,3.27,11,23.677
holdout,44,severe_shock,none,7,24.52,98.62,40.826,29.23,176.7,6.49,0,23.677
holdout,44,severe_shock,none,8,27.54,59.71,46.411,33.021,91.5,15.77,0,23.677
holdout,44,severe_shock,none,9,25.417,64.97,41.671,31.11,91.96,18.01,0,23.677
holdout,44,severe_shock,none,10,23.973,61.09,35.806,28.269,91.74,13.77,0,23.677
holdout,44,severe_shock,none,11,21.084,46.84,33.29,23.757,80.97,10.63,0,23.677
holdout,44,severe_shock,none,12,19.687,36.61,28.369,22.124,66.73,10.5,0,23.677
holdout,44,severe_shock,none,1,24.223,52.11,36.506,28.291,126.72,6.47,0,23.677
holdout,44,severe_shock,none,2,20.072,44.19,30.244,22.593,72.36,8.99,0,23.677
holdout,44,severe_shock,none,3,27.91,72.1,39.539,35.409,110.44,6.98,0,23.677
holdout,45,realised_like,cold_snap_lng,4,19.614,43.55,28.53,22,71.46,10.66,0,24.372
holdout,45,realised_like,cold_snap_lng,5,18.005,55.72,29.887,19.787,82.28,9.42,0,24.372
holdout,45,realised_like,cold_snap_lng,6,20.23,44.41,33.461,23.179,73.51,13.69,0,24.372
holdout,45,realised_like,cold_snap_lng,7,19.71,42.2,32.989,21.906,82.37,24.75,0,24.372
holdout,45,realised_like,cold_snap_lng,8,21.152,48.4,36.163,25.378,137.08,12.16,0,24.372
holdout,45,realised_like,cold_snap_lng,9,23.056,50.41,39.601,26.623,83.3,22.57,0,24.372
holdout,45,realised_like,cold_snap_lng,10,19.467,43.88,29.496,21.611,71.95,18.55,0,24.372
holdout,45,realised_like,cold_snap_lng,11,17.156,31.29,25.511,18.285,63.91,11.48,0,24.372
holdout,45,realised_like,cold_snap_lng,12,16.887,59.26,30.925,20.802,244.9,4.56,0,24.372
holdout,45,realised_like,cold_snap_lng,1,78.674,260,212.678,91.53,300,2.06,576,24.372
holdout,45,realised_like,cold_snap_lng,2,17.318,38.95,26.898,18.635,81.16,7.81,0,24.372
holdout,45,realised_like,cold_snap_lng,3,19.944,39.77,29.859,22.689,73.32,15.83,0,24.372
holdout,46,severe_shock,none,4,20.582,51.79,30.652,23.506,93.43,6.56,0,20.479
holdout,46,severe_shock,none,5,17.825,43.71,27.264,19.376,96.75,6.66,0,20.479
holdout,46,severe_shock,none,6,21.711,46.16,35.915,24.475,85.86,11.06,0,20.479
holdout,46,severe_shock,none,7,21.777,47.61,36.666,27.016,107.97,22.56,0,20.479
holdout,46,severe_shock,none,8,22.653,54.23,36.72,26.979,100.15,11.22,0,20.479
holdout,46,severe_shock,none,9,21.3,44.03,34.8,24.581,90.81,16.08,0,20.479
holdout,46,severe_shock,none,10,21.629,43.57,32.393,24.477,69.51,15.64,0,20.479
holdout,46,severe_shock,none,11,18.414,35.35,28.034,19.704,67.64,9.61,0,20.479
holdout,46,severe_shock,none,12,17.029,76.08,27.051,20.547,300,3.25,0,20.479
holdout,46,severe_shock,none,1,20.947,52.98,32.15,23.928,97.64,7.76,0,20.479
holdout,46,severe_shock,none,2,16.883,54.13,24.454,18.502,124.06,6.83,0,20.479
holdout,46,severe_shock,none,3,24.656,65.31,37.026,29.626,103,7.28,0,20.479
holdout,47,baseline,none,4,11.559,23.56,15.67,10.382,68.86,7.39,0,13.862
holdout,47,baseline,none,5,12.3,24.74,17.422,11.502,30.48,10.68,0,13.862
holdout,47,baseline,none,6,14.892,29.06,22.874,14.627,39.05,15.77,0,13.862
holdout,47,baseline,none,7,14.673,30.53,22.17,14.234,51.09,15.64,0,13.862
holdout,47,baseline,none,8,13.593,34.18,20.94,13.238,55.25,7.73,0,13.862
holdout,47,baseline,none,9,15.584,28.13,23.2,16.029,42.23,20.79,0,13.862
holdout,47,baseline,none,10,15.524,27.31,21.635,15.52,49.94,17.32,0,13.862
holdout,47,baseline,none,11,12.941,29.19,18.79,12.08,37.2,10.75,0,13.862
holdout,47,baseline,none,12,12.801,63.57,18.146,14.027,300,2.31,0,13.862
holdout,47,baseline,none,1,13.583,43.98,18.679,13.432,160.82,6.2,0,13.862
holdout,47,baseline,none,2,11.434,21.25,16.217,10.192,34.12,8.49,0,13.862
holdout,47,baseline,none,3,17.215,29.65,23.733,18,46.31,13.41,0,13.862
holdout,48,moderate_shock,none,4,17.796,40.09,25.482,18.785,52.66,10.5,0,17.862
holdout,48,moderate_shock,none,5,16.096,36.9,23.879,16.867,55.78,7.84,0,17.862
holdout,48,moderate_shock,none,6,16.869,36.15,27.291,17.895,53.82,14.68,0,17.862
holdout,48,moderate_shock,none,7,18.716,42.82,31.502,20.927,67.06,8.64,0,17.862
holdout,48,moderate_shock,none,8,17.977,43.98,28.607,18.967,73.99,11.89,0,17.862
holdout,48,moderate_shock,none,9,18.894,39.01,29.356,20.639,63.52,16.97,0,17.862
holdout,48,moderate_shock,none,10,18.696,33.81,26.886,19.879,48.2,16.39,0,17.862
holdout,48,moderate_shock,none,11,17.559,32.05,24.852,18.866,48.17,11.69,0,17.862
holdout,48,moderate_shock,none,12,17.513,56.01,25.973,19.478,220.99,4.72,0,17.862
holdout,48,moderate_shock,none,1,16.602,44,22.94,17.995,170.62,5.92,0,17.862
holdout,48,moderate_shock,none,2,16.493,36.27,22.869,17.096,63.13,14.57,0,17.862
holdout,48,moderate_shock,none,3,20.993,40.43,29.659,23.858,63.72,8.79,0,17.862
holdout,49,severe_shock,none,4,22.631,47.57,33.022,26.253,90.92,7.54,0,23.697
holdout,49,severe_shock,none,5,21.285,60.87,32.846,24.795,98.96,9.24,0,23.697
holdout,49,severe_shock,none,6,24.258,53.59,39.956,29.569,97.76,13.9,0,23.697
holdout,49,severe_shock,none,7,25.927,58.37,42.739,31.933,98.46,13.05,0,23.697
holdout,49,severe_shock,none,8,25.631,54.03,42.807,32.142,98.57,11.54,0,23.697
holdout,49,severe_shock,none,9,24.132,53.38,39.417,28.756,91.34,18.45,0,23.697
holdout,49,severe_shock,none,10,25.819,50.3,37.689,30.916,108.41,13.16,0,23.697
holdout,49,severe_shock,none,11,22.646,50.64,34.361,25.927,84.6,11.37,0,23.697
holdout,49,severe_shock,none,12,20.607,50.72,29.329,23.069,85.09,7.94,0,23.697
holdout,49,severe_shock,none,1,21.89,47.06,32.053,24.912,118.52,8.01,0,23.697
holdout,49,severe_shock,none,2,21.046,74.09,36.869,26.169,251.76,4.3,0,23.697
holdout,49,severe_shock,none,3,28.2,58.35,40.953,34.918,94.49,8.62,0,23.697
holdout,50,moderate_shock,heat_dome,4,15.491,30.85,22.011,15.778,61.05,16.69,0,19.187
holdout,50,moderate_shock,heat_dome,5,15.772,35.05,23.519,16.102,51.02,11.63,0,19.187
holdout,50,moderate_shock,heat_dome,6,16.814,40.41,26.997,17.912,64.65,22.04,0,19.187
holdout,50,moderate_shock,heat_dome,7,18.711,38.62,31.33,21.045,77.17,13.58,0,19.187
holdout,50,moderate_shock,heat_dome,8,42.082,260,119.419,52.648,260,0.81,128,19.187
holdout,50,moderate_shock,heat_dome,9,17.394,32.17,26.88,18.777,58.45,29.86,0,19.187
holdout,50,moderate_shock,heat_dome,10,19.047,34.73,27.53,20.64,54.96,25.44,0,19.187
holdout,50,moderate_shock,heat_dome,11,16.912,35.54,25.28,18.011,109.33,15.47,0,19.187
holdout,50,moderate_shock,heat_dome,12,15.446,37.15,22.096,15.715,119.66,7,0,19.187
holdout,50,moderate_shock,heat_dome,1,16.783,35.48,23.949,17.8,56.43,10.03,0,19.187
holdout,50,moderate_shock,heat_dome,2,14.559,26.59,19.957,13.965,44.87,12.28,0,19.187
holdout,50,moderate_shock,heat_dome,3,20.455,37.31,28.392,22.967,59.13,18.76,0,19.187
holdout,51,baseline,none,4,11.141,20.27,15.27,9.972,46.16,7.73,0,11.579
holdout,51,baseline,none,5,9.764,25.56,13.876,8.348,28.01,12.05,0,11.579
holdout,51,baseline,none,6,12.26,22.47,18.462,11.255,32.7,16.79,0,11.579
holdout,51,baseline,none,7,12.487,22.7,18.616,12.03,46.23,11.7,0,11.579
holdout,51,baseline,none,8,12.534,43.18,18.736,12.013,74.96,7.15,0,11.579
holdout,51,baseline,none,9,10.858,27.74,15.83,9.858,43.37,18.27,0,11.579
holdout,51,baseline,none,10,12.239,20.46,16.677,11.248,43.05,15.82,0,11.579
holdout,51,baseline,none,11,10.842,18.91,15.13,9.847,68.65,14.33,0,11.579
holdout,51,baseline,none,12,10.619,37.65,16.395,11.23,217.1,5.18,0,11.579
holdout,51,baseline,none,1,11.184,21.94,14.88,10.106,33.88,9.46,0,11.579
holdout,51,baseline,none,2,10.77,27.77,14.835,10.502,117.78,6.61,0,11.579
holdout,51,baseline,none,3,14.127,29.43,19.46,13.749,87.95,7.64,0,11.579
holdout,52,moderate_shock,none,4,15.943,37.02,22.912,16.382,77.84,7.04,0,18.627
holdout,52,moderate_shock,none,5,16.478,47.05,24.693,17.04,72.91,7.3,0,18.627
holdout,52,moderate_shock,none,6,20.086,37.36,31.341,22.338,70.49,14.32,0,18.627
holdout,52,moderate_shock,none,7,19.641,41.39,31.86,22.009,67.48,11.58,0,18.627
holdout,52,moderate_shock,none,8,19.94,58.35,31.816,21.066,104.12,7.39,0,18.627
holdout,52,moderate_shock,none,9,19.126,37.21,29.133,20.769,59.04,26.33,0,18.627
holdout,52,moderate_shock,none,10,21.199,38.82,30.44,23.98,69.9,15.46,0,18.627
holdout,52,moderate_shock,none,11,17.862,52.42,26.662,18.995,85,11.58,0,18.627
holdout,52,moderate_shock,none,12,16.21,73.21,22.793,18.5,287.16,3.79,0,18.627
holdout,52,moderate_shock,none,1,19.631,37.34,27.159,21.275,77.04,7.67,0,18.627
holdout,52,moderate_shock,none,2,16.809,44.29,26.594,18.018,164.26,5.96,0,18.627
holdout,52,moderate_shock,none,3,20.373,33.55,28.32,22.803,59.2,15.2,0,18.627
holdout,53,severe_shock,heat_dome,4,19.216,37.34,28.421,21.332,71.73,9.48,0,22.697
holdout,53,severe_shock,heat_dome,5,21.851,55.11,30.992,25.358,86.16,13.66,0,22.697
holdout,53,severe_shock,heat_dome,6,23.093,44.14,37.083,27.182,111.81,20.55,0,22.697
holdout,53,severe_shock,heat_dome,7,23.663,49.57,37.877,28.479,87.67,14.85,0,22.697
holdout,53,severe_shock,heat_dome,8,30.699,155.89,70.246,38.787,200,5.94,20,22.697
holdout,53,severe_shock,heat_dome,9,24.493,60.91,41.373,28.96,84.57,21.55,0,22.697
holdout,53,severe_shock,heat_dome,10,23.848,44.55,34.216,28.195,93.6,18.47,0,22.697
holdout,53,severe_shock,heat_dome,11,19.43,37.08,29.261,21.475,64.86,13.45,0,22.697
holdout,53,severe_shock,heat_dome,12,19.375,84.79,32.088,23.287,229.9,4.87,0,22.697
holdout,53,severe_shock,heat_dome,1,20.594,42.64,30.105,22.388,70.17,8.66,0,22.697
holdout,53,severe_shock,heat_dome,2,20.276,68.51,31.437,23.924,176.51,5.33,0,22.697
holdout,53,severe_shock,heat_dome,3,25.443,46.12,36.415,30.704,94.4,13.09,0,22.697
holdout,54,severe_shock,heat_dome,4,21.015,68.21,30.802,24.003,146.21,4.96,0,24.1
holdout,54,severe_shock,heat_dome,5,19.627,54.88,29.952,22.204,148.5,4.95,0,24.1
holdout,54,severe_shock,heat_dome,6,23.736,48.41,38.94,27.506,99.74,17.18,0,24.1
holdout,54,severe_shock,heat_dome,7,45.805,243,118.78,60.995,243,4.82,121,24.1
holdout,54,severe_shock,heat_dome,8,23.765,55.24,39.764,29.426,127.8,18.14,0,24.1
holdout,54,severe_shock,heat_dome,9,22.229,48.8,36.354,25.867,91.77,17.56,0,24.1
holdout,54,severe_shock,heat_dome,10,24.358,46.54,35.662,28.587,88.25,11.81,0,24.1
holdout,54,severe_shock,heat_dome,11,22.195,54.79,33.221,26.026,122.46,6.6,0,24.1
holdout,54,severe_shock,heat_dome,12,20.698,141.48,30.198,23.854,300,1.07,5,24.1
holdout,54,severe_shock,heat_dome,1,20.598,52.61,30.529,22.021,94.52,7.01,0,24.1
holdout,54,severe_shock,heat_dome,2,19.374,56.74,27.969,22.032,164.22,5.61,0,24.1
holdout,54,severe_shock,heat_dome,3,25.108,64.86,36.176,30.589,178.64,5.73,0,24.1
holdout,55,realised_like,cold_snap_lng,4,19.596,38.84,29.496,21.765,70.24,12.65,0,27.562
holdout,55,realised_like,cold_snap_lng,5,17.993,33.27,26.972,19.971,61.4,15.65,0,27.562
holdout,55,realised_like,cold_snap_lng,6,19.753,42.17,32.012,22.406,75.63,16.74,0,27.562
holdout,55,realised_like,cold_snap_lng,7,19.524,46.71,32.152,22.514,110.8,18.91,0,27.562
holdout,55,realised_like,cold_snap_lng,8,21.32,46.98,36.183,24.687,92.86,21.73,0,27.562
holdout,55,realised_like,cold_snap_lng,9,23.717,51.92,39.474,27.402,85.68,23.23,0,27.562
holdout,55,realised_like,cold_snap_lng,10,23.393,58.06,34.732,27.113,99.09,22.64,0,27.562
holdout,55,realised_like,cold_snap_lng,11,19.558,38.22,28.975,20.953,59.35,16.46,0,27.562
holdout,55,realised_like,cold_snap_lng,12,19.722,33.22,27.846,21.395,71.42,9.84,0,27.562
holdout,55,realised_like,cold_snap_lng,1,97.841,260,259.96,106.1,300,-0.71,694,27.562
holdout,55,realised_like,cold_snap_lng,2,20.824,85.32,30.705,22.919,229.49,4.95,0,27.562
holdout,55,realised_like,cold_snap_lng,3,25.963,49.26,38.369,31.388,80.08,13.56,0,27.562
holdout,56,realised_like,none,4,19.534,36.71,28.253,21.632,62.07,9.72,0,20.622
holdout,56,realised_like,none,5,18.075,36.2,25.763,19.437,66.02,7.83,0,20.622
holdout,56,realised_like,none,6,20.142,43.28,32.434,22.782,82.23,10.58,0,20.622
holdout,56,realised_like,none,7,19.66,52.9,32.289,21.955,115.63,18.55,0,20.622
holdout,56,realised_like,none,8,20.945,47.29,34.453,23.245,117.18,11.56,0,20.622
holdout,56,realised_like,none,9,22.859,51.31,37.957,26.894,96.29,16.31,0,20.622
holdout,56,realised_like,none,10,22.201,41.19,32.435,25.372,69.54,17.68,0,20.622
holdout,56,realised_like,none,11,19.582,43.63,31.402,21.568,71.32,8,0,20.622
holdout,56,realised_like,none,12,19.637,65.19,33.013,24.424,224.93,4.71,0,20.622
holdout,56,realised_like,none,1,20.847,46.76,29.843,23.4,93.16,7.8,0,20.622
holdout,56,realised_like,none,2,18.798,32.91,26.765,20.353,64.9,10.86,0,20.622
holdout,56,realised_like,none,3,24.992,49.7,37.192,30.419,81.3,14.81,0,20.622
holdout,57,severe_shock,none,4,17.636,38.56,25.172,18.935,70.26,7.39,0,20.325
holdout,57,severe_shock,none,5,18.643,39.17,27.575,20.362,61.44,7.88,0,20.325
holdout,57,severe_shock,none,6,21.648,51.12,35.863,25.607,89.53,14.57,0,20.325
holdout,57,severe_shock,none,7,23.049,63.18,39.392,27.229,122.68,20.01,0,20.325
holdout,57,severe_shock,none,8,20.607,51.79,34.583,22.179,80.02,9.21,0,20.325
holdout,57,severe_shock,none,9,20.648,43.91,33.52,22.23,95.48,26.6,0,20.325
holdout,57,severe_shock,none,10,22.271,40.81,32.486,25.619,63.75,14.14,0,20.325
holdout,57,severe_shock,none,11,19.071,55.19,29.091,21.257,99.6,8.77,0,20.325
holdout,57,severe_shock,none,12,18.726,100.91,30.396,22.738,275.16,3.75,2,20.325
holdout,57,severe_shock,none,1,18.127,45.9,26.556,19.929,106.09,7.18,0,20.325
holdout,57,severe_shock,none,2,18.099,45.19,26.862,19.834,108.82,7.11,0,20.325
holdout,57,severe_shock,none,3,25.089,45.36,36.881,30.295,97.37,11.33,0,20.325
holdout,58,severe_shock,none,4,22.456,49.44,32.921,25.9,81.66,7.9,0,22.844
holdout,58,severe_shock,none,5,20.461,48.66,31.612,22.791,72.71,7.85,0,22.844
holdout,58,severe_shock,none,6,23.857,46.58,38.837,28.544,88.72,10.97,0,22.844
holdout,58,severe_shock,none,7,23.442,48.83,40.009,28.531,91.55,12.41,0,22.844
holdout,58,severe_shock,none,8,23.979,151.19,39.719,28.396,200,3.55,7,22.844
holdout,58,severe_shock,none,9,24.794,52.75,41.088,30.04,94.52,20.6,0,22.844
holdout,58,severe_shock,none,10,23.47,44.67,34.413,27.449,74.08,10.44,0,22.844
holdout,58,severe_shock,none,11,20.93,47.52,32.831,23.88,74.86,7.53,0,22.844
holdout,58,severe_shock,none,12,21.411,44.11,30.655,24.683,70.42,8.81,0,22.844
holdout,58,severe_shock,none,1,22.263,81.83,33.588,25.56,212.77,4.64,0,22.844
holdout,58,severe_shock,none,2,19.579,62.77,29.11,22.425,174.45,5.66,0,22.844
holdout,58,severe_shock,none,3,27.191,52.88,39.712,33.484,114.53,14.01,0,22.844
holdout,59,realised_like,cold_snap_lng,4,20.288,37.71,28.82,22.667,71.89,11.01,0,26.11
holdout,59,realised_like,cold_snap_lng,5,17.591,33.95,25.316,18.792,56.38,11.82,0,26.11
holdout,59,realised_like,cold_snap_lng,6,19.421,45.48,31.714,21.656,69.17,17.07,0,26.11
holdout,59,realised_like,cold_snap_lng,7,19.88,43.77,32.548,22.239,84.17,13.41,0,26.11
holdout,59,realised_like,cold_snap_lng,8,21.563,115.36,38.215,25.336,177.47,5.15,5,26.11
holdout,59,realised_like,cold_snap_lng,9,23.761,68.97,40.441,28.409,104.37,23.92,0,26.11
holdout,59,realised_like,cold_snap_lng,10,22.869,45.8,33.42,26.06,81.38,19.39,0,26.11
holdout,59,realised_like,cold_snap_lng,11,20.804,36.71,30.393,23.034,88.89,12.78,0,26.11
holdout,59,realised_like,cold_snap_lng,12,22.205,82.35,32.683,26.105,250.51,5.04,0,26.11
holdout,59,realised_like,cold_snap_lng,1,77.376,260,187.094,97.795,300,1.77,552,26.11
holdout,59,realised_like,cold_snap_lng,2,22.151,69.48,33.285,25.277,115,9.71,0,26.11
holdout,59,realised_like,cold_snap_lng,3,24.377,43.97,34.989,29.731,77.66,13.66,0,26.11
holdout,60,severe_shock,cold_snap_lng,4,18.507,41.44,27.651,20.283,57.93,10.56,0,26.469
holdout,60,severe_shock,cold_snap_lng,5,19.202,39.5,28.142,21.201,63.24,19.36,0,26.469
holdout,60,severe_shock,cold_snap_lng,6,20.241,40.24,32.841,23.124,77.58,20.3,0,26.469
holdout,60,severe_shock,cold_snap_lng,7,23.155,54.12,38.906,26.74,84.02,13.63,0,26.469
holdout,60,severe_shock,cold_snap_lng,8,20.639,44.82,34.288,24.208,77.54,11.54,0,26.469
holdout,60,severe_shock,cold_snap_lng,9,20.116,43.94,33.461,22.185,70.92,17.59,0,26.469
holdout,60,severe_shock,cold_snap_lng,10,19.737,37.5,28.776,21.834,63.24,18.88,0,26.469
holdout,60,severe_shock,cold_snap_lng,11,20.431,37.23,31.445,22.473,75.4,17.81,0,26.469
holdout,60,severe_shock,cold_snap_lng,12,18.137,41.04,25.759,19.232,80.44,7.89,0,26.469
holdout,60,severe_shock,cold_snap_lng,1,93.542,260,260,102.748,300,-0.07,589,26.469
holdout,60,severe_shock,cold_snap_lng,2,18.936,40.53,28.059,21.147,66.03,17.96,0,26.469
holdout,60,severe_shock,cold_snap_lng,3,23.4,41.33,33.48,27.448,72.66,16.51,0,26.469
holdout,61,realised_like,none,4,20.424,56.65,29.311,23.006,113.54,6.5,0,20.845
holdout,61,realised_like,none,5,17.908,56.64,27.706,19.441,96.11,6.17,0,20.845
holdout,61,realised_like,none,6,20.378,44.61,32.452,23.623,75.86,9.19,0,20.845
holdout,61,realised_like,none,7,20.085,48.94,32.105,22.087,78.75,8.94,0,20.845
holdout,61,realised_like,none,8,21.438,57.09,35.803,26.627,86.1,7.71,0,20.845
holdout,61,realised_like,none,9,22.718,53.56,38.481,26.431,102.08,17.14,0,20.845
holdout,61,realised_like,none,10,22.834,54.43,34.238,26.264,87.58,13.89,0,20.845
holdout,61,realised_like,none,11,18.383,34.4,26.83,19.601,61.49,9.44,0,20.845
holdout,61,realised_like,none,12,18.832,91.41,26.94,21.276,300,2.16,0,20.845
holdout,61,realised_like,none,1,20.91,37.98,30.45,23.93,91.64,9.33,0,20.845
holdout,61,realised_like,none,2,20.266,53.78,29.195,21.794,158.66,6.09,0,20.845
holdout,61,realised_like,none,3,25.861,84.05,38.212,32.178,180.7,5.04,0,20.845
holdout,62,realised_like,none,4,20.315,47.46,30.211,23.3,79.89,6.46,0,20.964
holdout,62,realised_like,none,5,17.532,46.62,27.096,19.022,71.12,7.02,0,20.964
holdout,62,realised_like,none,6,19.9,49.48,34.953,22.188,110.11,12.69,0,20.964
holdout,62,realised_like,none,7,19.351,61.82,33.772,19.994,113.72,17.36,0,20.964
holdout,62,realised_like,none,8,21.465,56.47,35.726,26.088,96.76,8.27,0,20.964
holdout,62,realised_like,none,9,23.051,50.88,38.073,26.404,93.53,25.56,0,20.964
holdout,62,realised_like,none,10,24.406,43.81,36.253,29.127,127.38,15.86,0,20.964
holdout,62,realised_like,none,11,20.868,40.36,31.842,23.775,70.47,9.46,0,20.964
holdout,62,realised_like,none,12,19.211,73.28,28.366,23.02,260.27,4.22,0,20.964
holdout,62,realised_like,none,1,19.863,53.2,29.894,21.968,135.38,6.2,0,20.964
holdout,62,realised_like,none,2,19.863,47.53,29.905,21.754,95.15,7.52,0,20.964
holdout,62,realised_like,none,3,25.65,65.07,37.489,31.41,103.93,8.85,0,20.964
holdout,63,realised_like,heat_dome,4,20.433,43.11,29.74,23.372,67.9,8.66,0,22.205
holdout,63,realised_like,heat_dome,5,18.046,39.74,26.276,19.723,66.91,9.88,0,22.205
holdout,63,realised_like,heat_dome,6,19.757,43.14,33.55,20.675,74.31,11.68,0,22.205
holdout,63,realised_like,heat_dome,7,38.283,260,97.024,48.862,260,1.17,72,22.205
holdout,63,realised_like,heat_dome,8,21.3,46.62,35.739,24.165,94.49,13.24,0,22.205
holdout,63,realised_like,heat_dome,9,23.309,46.26,37.491,26.831,80.58,24.1,0,22.205
holdout,63,realised_like,heat_dome,10,20.53,38.18,30.999,23.05,65.95,14.32,0,22.205
holdout,63,realised_like,heat_dome,11,20.944,42.44,30.752,23.418,65.34,8.45,0,22.205
holdout,63,realised_like,heat_dome,12,19.464,66.99,29.589,22.892,241.86,4.29,0,22.205
holdout,63,realised_like,heat_dome,1,20.222,46.42,29.017,21.926,99.81,7.98,0,22.205
holdout,63,realised_like,heat_dome,2,17.595,33.56,25.065,19.114,99.8,7.67,0,22.205
holdout,63,realised_like,heat_dome,3,25.995,60.35,39.292,31.371,93.91,7.78,0,22.205
