segment,day_type,slot,hour,relative_load
data_center,01-working,1,0,0.95305
data_center,01-working,2,0,0.9506
data_center,01-working,3,1,0.9506
data_center,01-working,4,1,0.9506
data_center,01-working,5,2,0.9506
data_center,01-working,6,2,0.9506
data_center,01-working,7,3,0.9506
data_center,01-working,8,3,0.9506
data_center,01-working,9,4,0.9506
data_center,01-working,10,4,0.9506
data_center,01-working,11,5,0.9506
data_center,01-working,12,5,0.9506
data_center,01-working,13,6,0.9506
data_center,01-working,14,6,0.9506
data_center,01-working,15,7,0.9506
data_center,01-working,16,7,0.9506
data_center,01-working,17,8,0.9506
data_center,01-working,18,8,0.9506
data_center,01-working,19,9,0.9506
data_center,01-working,20,9,0.95795
data_center,01-working,21,10,0.97265
data_center,01-working,22,10,0.9849
data_center,01-working,23,11,0.9947
data_center,01-working,24,11,1.00205
data_center,01-working,25,12,1.00695
data_center,01-working,26,12,1.0094
data_center,01-working,27,13,1.0094
data_center,01-working,28,13,1.0094
data_center,01-working,29,14,1.0094
data_center,01-working,30,14,1.00695
data_center,01-working,31,15,1.00205
data_center,01-working,32,15,0.9947
data_center,01-working,33,16,0.9849
data_center,01-working,34,16,0.9751
data_center,01-working,35,17,0.9653
data_center,01-working,36,17,0.9604
data_center,01-working,37,18,0.9604
data_center,01-working,38,18,0.9604
data_center,01-working,39,19,0.9604
data_center,01-working,40,19,0.9604
data_center,01-working,41,20,0.9604
data_center,01-working,42,20,0.9604
data_center,01-working,43,21,0.9604
data_center,01-working,44,21,0.9604
data_center,01-working,45,22,0.9604
data_center,01-working,46,22,0.9604
data_center,01-working,47,23,0.9604
data_center,01-working,48,23,0.95795
data_center,01-nonworking,1,0,0.95305
data_center,01-nonworking,2,0,0.9506
data_center,01-nonworking,3,1,0.9506
data_center,01-nonworking,4,1,0.9506
data_center,01-nonworking,5,2,0.9506
data_center,01-nonworking,6,2,0.9506
data_center,01-nonworking,7,3,0.9506
data_center,01-nonworking,8,3,0.9506
data_center,01-nonworking,9,4,0.9506
data_center,01-nonworking,10,4,0.9506
data_center,01-nonworking,11,5,0.9506
data_center,01-nonworking,12,5,0.9506
data_center,01-nonworking,13,6,0.9506
data_center,01-nonworking,14,6,0.9506
data_center,01-nonworking,15,7,0.9506
data_center,01-nonworking,16,7,0.9506
data_center,01-nonworking,17,8,0.9506
data_center,01-nonworking,18,8,0.9506
data_center,01-nonworking,19,9,0.9506
data_center,01-nonworking,20,9,0.95795
data_center,01-nonworking,21,10,0.97265
data_center,01-nonworking,22,10,0.9849
data_center,01-nonworking,23,11,0.9947
data_center,01-nonworking,24,11,1.00205
data_center,01-nonworking,25,12,1.00695
data_center,01-nonworking,26,12,1.0094
data_center,01-nonworking,27,13,1.0094
data_center,01-nonworking,28,13,1.0094
data_center,01-nonworking,29,14,1.0094
data_center,01-nonworking,30,14,1.00695
data_center,01-nonworking,31,15,1.00205
data_center,01-nonworking,32,15,0.9947
data_center,01-nonworking,33,16,0.9849
data_center,01-nonworking,34,16,0.9751
data_center,01-nonworking,35,17,0.9653
data_center,01-nonworking,36,17,0.9604
data_center,01-nonworking,37,18,0.9604
data_center,01-nonworking,38,18,0.9604
data_center,01-nonworking,39,19,0.9604
data_center,01-nonworking,40,19,0.9604
data_center,01-nonworking,41,20,0.9604
data_center,01-nonworking,42,20,0.9604
data_center,01-nonworking,43,21,0.9604
data_center,01-nonworking,44,21,0.9604
data_center,01-nonworking,45,22,0.9604
data_center,01-nonworking,46,22,0.9604
data_center,01-nonworking,47,23,0.9604
data_center,01-nonworking,48,23,0.95795
data_center,01-shutdown,1,0,0.93399
data_center,01-shutdown,2,0,0.93159
data_center,01-shutdown,3,1,0.93159
data_center,01-shutdown,4,1,0.93159
data_center,01-shutdown,5,2,0.93159
data_center,01-shutdown,6,2,0.93159
data_center,01-shutdown,7,3,0.93159
data_center,01-shutdown,8,3,0.93159
data_center,01-shutdown,9,4,0.93159
data_center,01-shutdown,10,4,0.93159
data_center,01-shutdown,11,5,0.93159
data_center,01-shutdown,12,5,0.93159
data_center,01-shutdown,13,6,0.93159
data_center,01-shutdown,14,6,0.93159
data_center,01-shutdown,15,7,0.93159
data_center,01-shutdown,16,7,0.93159
data_center,01-shutdown,17,8,0.93159
data_center,01-shutdown,18,8,0.93159
data_center,01-shutdown,19,9,0.93159
data_center,01-shutdown,20,9,0.93879
data_center,01-shutdown,21,10,0.9532
data_center,01-shutdown,22,10,0.9652
data_center,01-shutdown,23,11,0.97481
data_center,01-shutdown,24,11,0.98201
data_center,01-shutdown,25,12,0.98681
data_center,01-shutdown,26,12,0.98921
data_center,01-shutdown,27,13,0.98921
data_center,01-shutdown,28,13,0.98921
data_center,01-shutdown,29,14,0.98921
data_center,01-shutdown,30,14,0.98681
data_center,01-shutdown,31,15,0.98201
data_center,01-shutdown,32,15,0.97481
data_center,01-shutdown,33,16,0.9652
data_center,01-shutdown,34,16,0.9556
data_center,01-shutdown,35,17,0.94599
data_center,01-shutdown,36,17,0.94119
data_center,01-shutdown,37,18,0.94119
data_center,01-shutdown,38,18,0.94119
data_center,01-shutdown,39,19,0.94119
data_center,01-shutdown,40,19,0.94119
data_center,01-shutdown,41,20,0.94119
data_center,01-shutdown,42,20,0.94119
data_center,01-shutdown,43,21,0.94119
data_center,01-shutdown,44,21,0.94119
data_center,01-shutdown,45,22,0.94119
data_center,01-shutdown,46,22,0.94119
data_center,01-shutdown,47,23,0.94119
data_center,01-shutdown,48,23,0.93879
data_center,02-working,1,0,0.95305
data_center,02-working,2,0,0.9506
data_center,02-working,3,1,0.9506
data_center,02-working,4,1,0.9506
data_center,02-working,5,2,0.9506
data_center,02-working,6,2,0.9506
data_center,02-working,7,3,0.9506
data_center,02-working,8,3,0.9506
data_center,02-working,9,4,0.9506
data_center,02-working,10,4,0.9506
data_center,02-working,11,5,0.9506
data_center,02-working,12,5,0.9506
data_center,02-working,13,6,0.9506
data_center,02-working,14,6,0.9506
data_center,02-working,15,7,0.9506
data_center,02-working,16,7,0.9506
data_center,02-working,17,8,0.9506
data_center,02-working,18,8,0.9506
data_center,02-working,19,9,0.9506
data_center,02-working,20,9,0.95795
data_center,02-working,21,10,0.97265
data_center,02-working,22,10,0.9849
data_center,02-working,23,11,0.9947
data_center,02-working,24,11,1.00205
data_center,02-working,25,12,1.00695
data_center,02-working,26,12,1.0094
data_center,02-working,27,13,1.0094
data_center,02-working,28,13,1.0094
data_center,02-working,29,14,1.0094
data_center,02-working,30,14,1.00695
data_center,02-working,31,15,1.00205
data_center,02-working,32,15,0.9947
data_center,02-working,33,16,0.9849
data_center,02-working,34,16,0.9751
data_center,02-working,35,17,0.9653
data_center,02-working,36,17,0.9604
data_center,02-working,37,18,0.9604
data_center,02-working,38,18,0.9604
data_center,02-working,39,19,0.9604
data_center,02-working,40,19,0.9604
data_center,02-working,41,20,0.9604
data_center,02-working,42,20,0.9604
data_center,02-working,43,21,0.9604
data_center,02-working,44,21,0.9604
data_center,02-working,45,22,0.9604
data_center,02-working,46,22,0.9604
data_center,02-working,47,23,0.9604
data_center,02-working,48,23,0.95795
data_center,02-nonworking,1,0,0.95305
data_center,02-nonworking,2,0,0.9506
data_center,02-nonworking,3,1,0.9506
data_center,02-nonworking,4,1,0.9506
data_center,02-nonworking,5,2,0.9506
data_center,02-nonworking,6,2,0.9506
data_center,02-nonworking,7,3,0.9506
data_center,02-nonworking,8,3,0.9506
data_center,02-nonworking,9,4,0.9506
data_center,02-nonworking,10,4,0.9506
data_center,02-nonworking,11,5,0.9506
data_center,02-nonworking,12,5,0.9506
data_center,02-nonworking,13,6,0.9506
data_center,02-nonworking,14,6,0.9506
data_center,02-nonworking,15,7,0.9506
data_center,02-nonworking,16,7,0.9506
data_center,02-nonworking,17,8,0.9506
data_center,02-nonworking,18,8,0.9506
data_center,02-nonworking,19,9,0.9506
data_center,02-nonworking,20,9,0.95795
data_center,02-nonworking,21,10,0.97265
data_center,02-nonworking,22,10,0.9849
data_center,02-nonworking,23,11,0.9947
data_center,02-nonworking,24,11,1.00205
data_center,02-nonworking,25,12,1.00695
data_center,02-nonworking,26,12,1.0094
data_center,02-nonworking,27,13,1.0094
data_center,02-nonworking,28,13,1.0094
data_center,02-nonworking,29,14,1.0094
data_center,02-nonworking,30,14,1.00695
data_center,02-nonworking,31,15,1.00205
data_center,02-nonworking,32,15,0.9947
data_center,02-nonworking,33,16,0.9849
data_center,02-nonworking,34,16,0.9751
data_center,02-nonworking,35,17,0.9653
data_center,02-nonworking,36,17,0.9604
data_center,02-nonworking,37,18,0.9604
data_center,02-nonworking,38,18,0.9604
data_center,02-nonworking,39,19,0.9604
data_center,02-nonworking,40,19,0.9604
data_center,02-nonworking,41,20,0.9604
data_center,02-nonworking,42,20,0.9604
data_center,02-nonworking,43,21,0.9604
data_center,02-nonworking,44,21,0.9604
data_center,02-nonworking,45,22,0.9604
data_center,02-nonworking,46,22,0.9604
data_center,02-nonworking,47,23,0.9604
data_center,02-nonworking,48,23,0.95795
data_center,02-shutdown,1,0,0.93399
data_center,02-shutdown,2,0,0.93159
data_center,02-shutdown,3,1,0.93159
data_center,02-shutdown,4,1,0.93159
data_center,02-shutdown,5,2,0.93159
data_center,02-shutdown,6,2,0.93159
data_center,02-shutdown,7,3,0.93159
data_center,02-shutdown,8,3,0.93159
data_center,02-shutdown,9,4,0.93159
data_center,02-shutdown,10,4,0.93159
data_center,02-shutdown,11,5,0.93159
data_center,02-shutdown,12,5,0.93159
data_center,02-shutdown,13,6,0.93159
data_center,02-shutdown,14,6,0.93159
data_center,02-shutdown,15,7,0.93159
data_center,02-shutdown,16,7,0.93159
data_center,02-shutdown,17,8,0.93159
data_center,02-shutdown,18,8,0.93159
data_center,02-shutdown,19,9,0.93159
data_center,02-shutdown,20,9,0.93879
data_center,02-shutdown,21,10,0.9532
data_center,02-shutdown,22,10,0.9652
data_center,02-shutdown,23,11,0.97481
data_center,02-shutdown,24,11,0.98201
data_center,02-shutdown,25,12,0.98681
data_center,02-shutdown,26,12,0.98921
data_center,02-shutdown,27,13,0.98921
data_center,02-shutdown,28,13,0.98921
data_center,02-shutdown,29,14,0.98921
data_center,02-shutdown,30,14,0.98681
data_center,02-shutdown,31,15,0.98201
data_center,02-shutdown,32,15,0.97481
data_center,02-shutdown,33,16,0.9652
data_center,02-shutdown,34,16,0.9556
data_center,02-shutdown,35,17,0.94599
data_center,02-shutdown,36,17,0.94119
data_center,02-shutdown,37,18,0.94119
data_center,02-shutdown,38,18,0.94119
data_center,02-shutdown,39,19,0.94119
data_center,02-shutdown,40,19,0.94119
data_center,02-shutdown,41,20,0.94119
data_center,02-shutdown,42,20,0.94119
data_center,02-shutdown,43,21,0.94119
data_center,02-shutdown,44,21,0.94119
data_center,02-shutdown,45,22,0.94119
data_center,02-shutdown,46,22,0.94119
data_center,02-shutdown,47,23,0.94119
data_center,02-shutdown,48,23,0.93879
data_center,03-working,1,0,0.95305
data_center,03-working,2,0,0.9506
data_center,03-working,3,1,0.9506
data_center,03-working,4,1,0.9506
data_center,03-working,5,2,0.9506
data_center,03-working,6,2,0.9506
data_center,03-working,7,3,0.9506
data_center,03-working,8,3,0.9506
data_center,03-working,9,4,0.9506
data_center,03-working,10,4,0.9506
data_center,03-working,11,5,0.9506
data_center,03-working,12,5,0.9506
data_center,03-working,13,6,0.9506
data_center,03-working,14,6,0.9506
data_center,03-working,15,7,0.9506
data_center,03-working,16,7,0.9506
data_center,03-working,17,8,0.9506
data_center,03-working,18,8,0.9506
data_center,03-working,19,9,0.9506
data_center,03-working,20,9,0.95795
data_center,03-working,21,10,0.97265
data_center,03-working,22,10,0.9849
data_center,03-working,23,11,0.9947
data_center,03-working,24,11,1.00205
data_center,03-working,25,12,1.00695
data_center,03-working,26,12,1.0094
data_center,03-working,27,13,1.0094
data_center,03-working,28,13,1.0094
data_center,03-working,29,14,1.0094
data_center,03-working,30,14,1.00695
data_center,03-working,31,15,1.00205
data_center,03-working,32,15,0.9947
data_center,03-working,33,16,0.9849
data_center,03-working,34,16,0.9751
data_center,03-working,35,17,0.9653
data_center,03-working,36,17,0.9604
data_center,03-working,37,18,0.9604
data_center,03-working,38,18,0.9604
data_center,03-working,39,19,0.9604
data_center,03-working,40,19,0.9604
data_center,03-working,41,20,0.9604
data_center,03-working,42,20,0.9604
data_center,03-working,43,21,0.9604
data_center,03-working,44,21,0.9604
data_center,03-working,45,22,0.9604
data_center,03-working,46,22,0.9604
data_center,03-working,47,23,0.9604
data_center,03-working,48,23,0.95795
data_center,03-nonworking,1,0,0.95305
data_center,03-nonworking,2,0,0.9506
data_center,03-nonworking,3,1,0.9506
data_center,03-nonworking,4,1,0.9506
data_center,03-nonworking,5,2,0.9506
data_center,03-nonworking,6,2,0.9506
data_center,03-nonworking,7,3,0.9506
data_center,03-nonworking,8,3,0.9506
data_center,03-nonworking,9,4,0.9506
data_center,03-nonworking,10,4,0.9506
data_center,03-nonworking,11,5,0.9506
data_center,03-nonworking,12,5,0.9506
data_center,03-nonworking,13,6,0.9506
data_center,03-nonworking,14,6,0.9506
data_center,03-nonworking,15,7,0.9506
data_center,03-nonworking,16,7,0.9506
data_center,03-nonworking,17,8,0.9506
data_center,03-nonworking,18,8,0.9506
data_center,03-nonworking,19,9,0.9506
data_center,03-nonworking,20,9,0.95795
data_center,03-nonworking,21,10,0.97265
data_center,03-nonworking,22,10,0.9849
data_center,03-nonworking,23,11,0.9947
data_center,03-nonworking,24,11,1.00205
data_center,03-nonworking,25,12,1.00695
data_center,03-nonworking,26,12,1.0094
data_center,03-nonworking,27,13,1.0094
data_center,03-nonworking,28,13,1.0094
data_center,03-nonworking,29,14,1.0094
data_center,03-nonworking,30,14,1.00695
data_center,03-nonworking,31,15,1.00205
data_center,03-nonworking,32,15,0.9947
data_center,03-nonworking,33,16,0.9849
data_center,03-nonworking,34,16,0.9751
data_center,03-nonworking,35,17,0.9653
data_center,03-nonworking,36,17,0.9604
data_center,03-nonworking,37,18,0.9604
data_center,03-nonworking,38,18,0.9604
data_center,03-nonworking,39,19,0.9604
data_center,03-nonworking,40,19,0.9604
data_center,03-nonworking,41,20,0.9604
data_center,03-nonworking,42,20,0.9604
data_center,03-nonworking,43,21,0.9604
data_center,03-nonworking,44,21,0.9604
data_center,03-nonworking,45,22,0.9604
data_center,03-nonworking,46,22,0.9604
data_center,03-nonworking,47,23,0.9604
data_center,03-nonworking,48,23,0.95795
data_center,03-shutdown,1,0,0.93399
data_center,03-shutdown,2,0,0.93159
data_center,03-shutdown,3,1,0.93159
data_center,03-shutdown,4,1,0.93159
data_center,03-shutdown,5,2,0.93159
data_center,03-shutdown,6,2,0.93159
data_center,03-shutdown,7,3,0.93159
data_center,03-shutdown,8,3,0.93159
data_center,03-shutdown,9,4,0.93159
data_center,03-shutdown,10,4,0.93159
data_center,03-shutdown,11,5,0.93159
data_center,03-shutdown,12,5,0.93159
data_center,03-shutdown,13,6,0.93159
data_center,03-shutdown,14,6,0.93159
data_center,03-shutdown,15,7,0.93159
data_center,03-shutdown,16,7,0.93159
data_center,03-shutdown,17,8,0.93159
data_center,03-shutdown,18,8,0.93159
data_center,03-shutdown,19,9,0.93159
data_center,03-shutdown,20,9,0.93879
data_center,03-shutdown,21,10,0.9532
data_center,03-shutdown,22,10,0.9652
data_center,03-shutdown,23,11,0.97481
data_center,03-shutdown,24,11,0.98201
data_center,03-shutdown,25,12,0.98681
data_center,03-shutdown,26,12,0.98921
data_center,03-shutdown,27,13,0.98921
data_center,03-shutdown,28,13,0.98921
data_center,03-shutdown,29,14,0.98921
data_center,03-shutdown,30,14,0.98681
data_center,03-shutdown,31,15,0.98201
data_center,03-shutdown,32,15,0.97481
data_center,03-shutdown,33,16,0.9652
data_center,03-shutdown,34,16,0.9556
data_center,03-shutdown,35,17,0.94599
data_center,03-shutdown,36,17,0.94119
data_center,03-shutdown,37,18,0.94119
data_center,03-shutdown,38,18,0.94119
data_center,03-shutdown,39,19,0.94119
data_center,03-shutdown,40,19,0.94119
data_center,03-shutdown,41,20,0.94119
data_center,03-shutdown,42,20,0.94119
data_center,03-shutdown,43,21,0.94119
data_center,03-shutdown,44,21,0.94119
data_center,03-shutdown,45,22,0.94119
data_center,03-shutdown,46,22,0.94119
data_center,03-shutdown,47,23,0.94119
data_center,03-shutdown,48,23,0.93879
data_center,04-working,1,0,0.96277
data_center,04-working,2,0,0.9603
data_center,04-working,3,1,0.9603
data_center,04-working,4,1,0.9603
data_center,04-working,5,2,0.9603
data_center,04-working,6,2,0.9603
data_center,04-working,7,3,0.9603
data_center,04-working,8,3,0.9603
data_center,04-working,9,4,0.9603
data_center,04-working,10,4,0.9603
data_center,04-working,11,5,0.9603
data_center,04-working,12,5,0.9603
data_center,04-working,13,6,0.9603
data_center,04-working,14,6,0.9603
data_center,04-working,15,7,0.9603
data_center,04-working,16,7,0.9603
data_center,04-working,17,8,0.9603
data_center,04-working,18,8,0.9603
data_center,04-working,19,9,0.9603
data_center,04-working,20,9,0.96773
data_center,04-working,21,10,0.98257
data_center,04-working,22,10,0.99495
data_center,04-working,23,11,1.00485
data_center,04-working,24,11,1.01228
data_center,04-working,25,12,1.01723
data_center,04-working,26,12,1.0197
data_center,04-working,27,13,1.0197
data_center,04-working,28,13,1.0197
data_center,04-working,29,14,1.0197
data_center,04-working,30,14,1.01723
data_center,04-working,31,15,1.01228
data_center,04-working,32,15,1.00485
data_center,04-working,33,16,0.99495
data_center,04-working,34,16,0.98505
data_center,04-working,35,17,0.97515
data_center,04-working,36,17,0.9702
data_center,04-working,37,18,0.9702
data_center,04-working,38,18,0.9702
data_center,04-working,39,19,0.9702
data_center,04-working,40,19,0.9702
data_center,04-working,41,20,0.9702
data_center,04-working,42,20,0.9702
data_center,04-working,43,21,0.9702
data_center,04-working,44,21,0.9702
data_center,04-working,45,22,0.9702
data_center,04-working,46,22,0.9702
data_center,04-working,47,23,0.9702
data_center,04-working,48,23,0.96773
data_center,04-nonworking,1,0,0.96277
data_center,04-nonworking,2,0,0.9603
data_center,04-nonworking,3,1,0.9603
data_center,04-nonworking,4,1,0.9603
data_center,04-nonworking,5,2,0.9603
data_center,04-nonworking,6,2,0.9603
data_center,04-nonworking,7,3,0.9603
data_center,04-nonworking,8,3,0.9603
data_center,04-nonworking,9,4,0.9603
data_center,04-nonworking,10,4,0.9603
data_center,04-nonworking,11,5,0.9603
data_center,04-nonworking,12,5,0.9603
data_center,04-nonworking,13,6,0.9603
data_center,04-nonworking,14,6,0.9603
data_center,04-nonworking,15,7,0.9603
data_center,04-nonworking,16,7,0.9603
data_center,04-nonworking,17,8,0.9603
data_center,04-nonworking,18,8,0.9603
data_center,04-nonworking,19,9,0.9603
data_center,04-nonworking,20,9,0.96773
data_center,04-nonworking,21,10,0.98257
data_center,04-nonworking,22,10,0.99495
data_center,04-nonworking,23,11,1.00485
data_center,04-nonworking,24,11,1.01228
data_center,04-nonworking,25,12,1.01723
data_center,04-nonworking,26,12,1.0197
data_center,04-nonworking,27,13,1.0197
data_center,04-nonworking,28,13,1.0197
data_center,04-nonworking,29,14,1.0197
data_center,04-nonworking,30,14,1.01723
data_center,04-nonworking,31,15,1.01228
data_center,04-nonworking,32,15,1.00485
data_center,04-nonworking,33,16,0.99495
data_center,04-nonworking,34,16,0.98505
data_center,04-nonworking,35,17,0.97515
data_center,04-nonworking,36,17,0.9702
data_center,04-nonworking,37,18,0.9702
data_center,04-nonworking,38,18,0.9702
data_center,04-nonworking,39,19,0.9702
data_center,04-nonworking,40,19,0.9702
data_center,04-nonworking,41,20,0.9702
data_center,04-nonworking,42,20,0.9702
data_center,04-nonworking,43,21,0.9702
data_center,04-nonworking,44,21,0.9702
data_center,04-nonworking,45,22,0.9702
data_center,04-nonworking,46,22,0.9702
data_center,04-nonworking,47,23,0.9702
data_center,04-nonworking,48,23,0.96773
data_center,04-shutdown,1,0,0.94352
data_center,04-shutdown,2,0,0.94109
data_center,04-shutdown,3,1,0.94109
data_center,04-shutdown,4,1,0.94109
data_center,04-shutdown,5,2,0.94109
data_center,04-shutdown,6,2,0.94109
data_center,04-shutdown,7,3,0.94109
data_center,04-shutdown,8,3,0.94109
data_center,04-shutdown,9,4,0.94109
data_center,04-shutdown,10,4,0.94109
data_center,04-shutdown,11,5,0.94109
data_center,04-shutdown,12,5,0.94109
data_center,04-shutdown,13,6,0.94109
data_center,04-shutdown,14,6,0.94109
data_center,04-shutdown,15,7,0.94109
data_center,04-shutdown,16,7,0.94109
data_center,04-shutdown,17,8,0.94109
data_center,04-shutdown,18,8,0.94109
data_center,04-shutdown,19,9,0.94109
data_center,04-shutdown,20,9,0.94837
data_center,04-shutdown,21,10,0.96292
data_center,04-shutdown,22,10,0.97505
data_center,04-shutdown,23,11,0.98475
data_center,04-shutdown,24,11,0.99203
data_center,04-shutdown,25,12,0.99688
data_center,04-shutdown,26,12,0.99931
data_center,04-shutdown,27,13,0.99931
data_center,04-shutdown,28,13,0.99931
data_center,04-shutdown,29,14,0.99931
data_center,04-shutdown,30,14,0.99688
data_center,04-shutdown,31,15,0.99203
data_center,04-shutdown,32,15,0.98475
data_center,04-shutdown,33,16,0.97505
data_center,04-shutdown,34,16,0.96535
data_center,04-shutdown,35,17,0.95565
data_center,04-shutdown,36,17,0.9508
data_center,04-shutdown,37,18,0.9508
data_center,04-shutdown,38,18,0.9508
data_center,04-shutdown,39,19,0.9508
data_center,04-shutdown,40,19,0.9508
data_center,04-shutdown,41,20,0.9508
data_center,04-shutdown,42,20,0.9508
data_center,04-shutdown,43,21,0.9508
data_center,04-shutdown,44,21,0.9508
data_center,04-shutdown,45,22,0.9508
data_center,04-shutdown,46,22,0.9508
data_center,04-shutdown,47,23,0.9508
data_center,04-shutdown,48,23,0.94837
data_center,05-working,1,0,0.9725
data_center,05-working,2,0,0.97
data_center,05-working,3,1,0.97
data_center,05-working,4,1,0.97
data_center,05-working,5,2,0.97
data_center,05-working,6,2,0.97
data_center,05-working,7,3,0.97
data_center,05-working,8,3,0.97
data_center,05-working,9,4,0.97
data_center,05-working,10,4,0.97
data_center,05-working,11,5,0.97
data_center,05-working,12,5,0.97
data_center,05-working,13,6,0.97
data_center,05-working,14,6,0.97
data_center,05-working,15,7,0.97
data_center,05-working,16,7,0.97
data_center,05-working,17,8,0.97
data_center,05-working,18,8,0.97
data_center,05-working,19,9,0.97
data_center,05-working,20,9,0.9775
data_center,05-working,21,10,0.9925
data_center,05-working,22,10,1.005
data_center,05-working,23,11,1.015
data_center,05-working,24,11,1.0225
data_center,05-working,25,12,1.0275
data_center,05-working,26,12,1.03
data_center,05-working,27,13,1.03
data_center,05-working,28,13,1.03
data_center,05-working,29,14,1.03
data_center,05-working,30,14,1.0275
data_center,05-working,31,15,1.0225
data_center,05-working,32,15,1.015
data_center,05-working,33,16,1.005
data_center,05-working,34,16,0.995
data_center,05-working,35,17,0.985
data_center,05-working,36,17,0.98
data_center,05-working,37,18,0.98
data_center,05-working,38,18,0.98
data_center,05-working,39,19,0.98
data_center,05-working,40,19,0.98
data_center,05-working,41,20,0.98
data_center,05-working,42,20,0.98
data_center,05-working,43,21,0.98
data_center,05-working,44,21,0.98
data_center,05-working,45,22,0.98
data_center,05-working,46,22,0.98
data_center,05-working,47,23,0.98
data_center,05-working,48,23,0.9775
data_center,05-nonworking,1,0,0.9725
data_center,05-nonworking,2,0,0.97
data_center,05-nonworking,3,1,0.97
data_center,05-nonworking,4,1,0.97
data_center,05-nonworking,5,2,0.97
data_center,05-nonworking,6,2,0.97
data_center,05-nonworking,7,3,0.97
data_center,05-nonworking,8,3,0.97
data_center,05-nonworking,9,4,0.97
data_center,05-nonworking,10,4,0.97
data_center,05-nonworking,11,5,0.97
data_center,05-nonworking,12,5,0.97
data_center,05-nonworking,13,6,0.97
data_center,05-nonworking,14,6,0.97
data_center,05-nonworking,15,7,0.97
data_center,05-nonworking,16,7,0.97
data_center,05-nonworking,17,8,0.97
data_center,05-nonworking,18,8,0.97
data_center,05-nonworking,19,9,0.97
data_center,05-nonworking,20,9,0.9775
data_center,05-nonworking,21,10,0.9925
data_center,05-nonworking,22,10,1.005
data_center,05-nonworking,23,11,1.015
data_center,05-nonworking,24,11,1.0225
data_center,05-nonworking,25,12,1.0275
data_center,05-nonworking,26,12,1.03
data_center,05-nonworking,27,13,1.03
data_center,05-nonworking,28,13,1.03
data_center,05-nonworking,29,14,1.03
data_center,05-nonworking,30,14,1.0275
data_center,05-nonworking,31,15,1.0225
data_center,05-nonworking,32,15,1.015
data_center,05-nonworking,33,16,1.005
data_center,05-nonworking,34,16,0.995
data_center,05-nonworking,35,17,0.985
data_center,05-nonworking,36,17,0.98
data_center,05-nonworking,37,18,0.98
data_center,05-nonworking,38,18,0.98
data_center,05-nonworking,39,19,0.98
data_center,05-nonworking,40,19,0.98
data_center,05-nonworking,41,20,0.98
data_center,05-nonworking,42,20,0.98
data_center,05-nonworking,43,21,0.98
data_center,05-nonworking,44,21,0.98
data_center,05-nonworking,45,22,0.98
data_center,05-nonworking,46,22,0.98
data_center,05-nonworking,47,23,0.98
data_center,05-nonworking,48,23,0.9775
data_center,05-shutdown,1,0,0.95305
data_center,05-shutdown,2,0,0.9506
data_center,05-shutdown,3,1,0.9506
data_center,05-shutdown,4,1,0.9506
data_center,05-shutdown,5,2,0.9506
data_center,05-shutdown,6,2,0.9506
data_center,05-shutdown,7,3,0.9506
data_center,05-shutdown,8,3,0.9506
data_center,05-shutdown,9,4,0.9506
data_center,05-shutdown,10,4,0.9506
data_center,05-shutdown,11,5,0.9506
data_center,05-shutdown,12,5,0.9506
data_center,05-shutdown,13,6,0.9506
data_center,05-shutdown,14,6,0.9506
data_center,05-shutdown,15,7,0.9506
data_center,05-shutdown,16,7,0.9506
data_center,05-shutdown,17,8,0.9506
data_center,05-shutdown,18,8,0.9506
data_center,05-shutdown,19,9,0.9506
data_center,05-shutdown,20,9,0.95795
data_center,05-shutdown,21,10,0.97265
data_center,05-shutdown,22,10,0.9849
data_center,05-shutdown,23,11,0.9947
data_center,05-shutdown,24,11,1.00205
data_center,05-shutdown,25,12,1.00695
data_center,05-shutdown,26,12,1.0094
data_center,05-shutdown,27,13,1.0094
data_center,05-shutdown,28,13,1.0094
data_center,05-shutdown,29,14,1.0094
data_center,05-shutdown,30,14,1.00695
data_center,05-shutdown,31,15,1.00205
data_center,05-shutdown,32,15,0.9947
data_center,05-shutdown,33,16,0.9849
data_center,05-shutdown,34,16,0.9751
data_center,05-shutdown,35,17,0.9653
data_center,05-shutdown,36,17,0.9604
data_center,05-shutdown,37,18,0.9604
data_center,05-shutdown,38,18,0.9604
data_center,05-shutdown,39,19,0.9604
data_center,05-shutdown,40,19,0.9604
data_center,05-shutdown,41,20,0.9604
data_center,05-shutdown,42,20,0.9604
data_center,05-shutdown,43,21,0.9604
data_center,05-shutdown,44,21,0.9604
data_center,05-shutdown,45,22,0.9604
data_center,05-shutdown,46,22,0.9604
data_center,05-shutdown,47,23,0.9604
data_center,05-shutdown,48,23,0.95795
data_center,06-working,1,0,0.99195
data_center,06-working,2,0,0.9894
data_center,06-working,3,1,0.9894
data_center,06-working,4,1,0.9894
data_center,06-working,5,2,0.9894
data_center,06-working,6,2,0.9894
data_center,06-working,7,3,0.9894
data_center,06-working,8,3,0.9894
data_center,06-working,9,4,0.9894
data_center,06-working,10,4,0.9894
data_center,06-working,11,5,0.9894
data_center,06-working,12,5,0.9894
data_center,06-working,13,6,0.9894
data_center,06-working,14,6,0.9894
data_center,06-working,15,7,0.9894
data_center,06-working,16,7,0.9894
data_center,06-working,17,8,0.9894
data_center,06-working,18,8,0.9894
data_center,06-working,19,9,0.9894
data_center,06-working,20,9,0.99705
data_center,06-working,21,10,1.01235
data_center,06-working,22,10,1.0251
data_center,06-working,23,11,1.0353
data_center,06-working,24,11,1.04295
data_center,06-working,25,12,1.04805
data_center,06-working,26,12,1.0506
data_center,06-working,27,13,1.0506
data_center,06-working,28,13,1.0506
data_center,06-working,29,14,1.0506
data_center,06-working,30,14,1.04805
data_center,06-working,31,15,1.04295
data_center,06-working,32,15,1.0353
data_center,06-working,33,16,1.0251
data_center,06-working,34,16,1.0149
data_center,06-working,35,17,1.0047
data_center,06-working,36,17,0.9996
data_center,06-working,37,18,0.9996
data_center,06-working,38,18,0.9996
data_center,06-working,39,19,0.9996
data_center,06-working,40,19,0.9996
data_center,06-working,41,20,0.9996
data_center,06-working,42,20,0.9996
data_center,06-working,43,21,0.9996
data_center,06-working,44,21,0.9996
data_center,06-working,45,22,0.9996
data_center,06-working,46,22,0.9996
data_center,06-working,47,23,0.9996
data_center,06-working,48,23,0.99705
data_center,06-nonworking,1,0,0.99195
data_center,06-nonworking,2,0,0.9894
data_center,06-nonworking,3,1,0.9894
data_center,06-nonworking,4,1,0.9894
data_center,06-nonworking,5,2,0.9894
data_center,06-nonworking,6,2,0.9894
data_center,06-nonworking,7,3,0.9894
data_center,06-nonworking,8,3,0.9894
data_center,06-nonworking,9,4,0.9894
data_center,06-nonworking,10,4,0.9894
data_center,06-nonworking,11,5,0.9894
data_center,06-nonworking,12,5,0.9894
data_center,06-nonworking,13,6,0.9894
data_center,06-nonworking,14,6,0.9894
data_center,06-nonworking,15,7,0.9894
data_center,06-nonworking,16,7,0.9894
data_center,06-nonworking,17,8,0.9894
data_center,06-nonworking,18,8,0.9894
data_center,06-nonworking,19,9,0.9894
data_center,06-nonworking,20,9,0.99705
data_center,06-nonworking,21,10,1.01235
data_center,06-nonworking,22,10,1.0251
data_center,06-nonworking,23,11,1.0353
data_center,06-nonworking,24,11,1.04295
data_center,06-nonworking,25,12,1.04805
data_center,06-nonworking,26,12,1.0506
data_center,06-nonworking,27,13,1.0506
data_center,06-nonworking,28,13,1.0506
data_center,06-nonworking,29,14,1.0506
data_center,06-nonworking,30,14,1.04805
data_center,06-nonworking,31,15,1.04295
data_center,06-nonworking,32,15,1.0353
data_center,06-nonworking,33,16,1.0251
data_center,06-nonworking,34,16,1.0149
data_center,06-nonworking,35,17,1.0047
data_center,06-nonworking,36,17,0.9996
data_center,06-nonworking,37,18,0.9996
data_center,06-nonworking,38,18,0.9996
data_center,06-nonworking,39,19,0.9996
data_center,06-nonworking,40,19,0.9996
data_center,06-nonworking,41,20,0.9996
data_center,06-nonworking,42,20,0.9996
data_center,06-nonworking,43,21,0.9996
data_center,06-nonworking,44,21,0.9996
data_center,06-nonworking,45,22,0.9996
data_center,06-nonworking,46,22,0.9996
data_center,06-nonworking,47,23,0.9996
data_center,06-nonworking,48,23,0.99705
data_center,06-shutdown,1,0,0.97211
data_center,06-shutdown,2,0,0.96961
data_center,06-shutdown,3,1,0.96961
data_center,06-shutdown,4,1,0.96961
data_center,06-shutdown,5,2,0.96961
data_center,06-shutdown,6,2,0.96961
data_center,06-shutdown,7,3,0.96961
data_center,06-shutdown,8,3,0.96961
data_center,06-shutdown,9,4,0.96961
data_center,06-shutdown,10,4,0.96961
data_center,06-shutdown,11,5,0.96961
data_center,06-shutdown,12,5,0.96961
data_center,06-shutdown,13,6,0.96961
data_center,06-shutdown,14,6,0.96961
data_center,06-shutdown,15,7,0.96961
data_center,06-shutdown,16,7,0.96961
data_center,06-shutdown,17,8,0.96961
data_center,06-shutdown,18,8,0.96961
data_center,06-shutdown,19,9,0.96961
data_center,06-shutdown,20,9,0.97711
data_center,06-shutdown,21,10,0.9921
data_center,06-shutdown,22,10,1.0046
data_center,06-shutdown,23,11,1.01459
data_center,06-shutdown,24,11,1.02209
data_center,06-shutdown,25,12,1.02709
data_center,06-shutdown,26,12,1.02959
data_center,06-shutdown,27,13,1.02959
data_center,06-shutdown,28,13,1.02959
data_center,06-shutdown,29,14,1.02959
data_center,06-shutdown,30,14,1.02709
data_center,06-shutdown,31,15,1.02209
data_center,06-shutdown,32,15,1.01459
data_center,06-shutdown,33,16,1.0046
data_center,06-shutdown,34,16,0.9946
data_center,06-shutdown,35,17,0.98461
data_center,06-shutdown,36,17,0.97961
data_center,06-shutdown,37,18,0.97961
data_center,06-shutdown,38,18,0.97961
data_center,06-shutdown,39,19,0.97961
data_center,06-shutdown,40,19,0.97961
data_center,06-shutdown,41,20,0.97961
data_center,06-shutdown,42,20,0.97961
data_center,06-shutdown,43,21,0.97961
data_center,06-shutdown,44,21,0.97961
data_center,06-shutdown,45,22,0.97961
data_center,06-shutdown,46,22,0.97961
data_center,06-shutdown,47,23,0.97961
data_center,06-shutdown,48,23,0.97711
data_center,07-working,1,0,1.02113
data_center,07-working,2,0,1.0185
data_center,07-working,3,1,1.0185
data_center,07-working,4,1,1.0185
data_center,07-working,5,2,1.0185
data_center,07-working,6,2,1.0185
data_center,07-working,7,3,1.0185
data_center,07-working,8,3,1.0185
data_center,07-working,9,4,1.0185
data_center,07-working,10,4,1.0185
data_center,07-working,11,5,1.0185
data_center,07-working,12,5,1.0185
data_center,07-working,13,6,1.0185
data_center,07-working,14,6,1.0185
data_center,07-working,15,7,1.0185
data_center,07-working,16,7,1.0185
data_center,07-working,17,8,1.0185
data_center,07-working,18,8,1.0185
data_center,07-working,19,9,1.0185
data_center,07-working,20,9,1.02638
data_center,07-working,21,10,1.04212
data_center,07-working,22,10,1.05525
data_center,07-working,23,11,1.06575
data_center,07-working,24,11,1.07363
data_center,07-working,25,12,1.07888
data_center,07-working,26,12,1.0815
data_center,07-working,27,13,1.0815
data_center,07-working,28,13,1.0815
data_center,07-working,29,14,1.0815
data_center,07-working,30,14,1.07888
data_center,07-working,31,15,1.07363
data_center,07-working,32,15,1.06575
data_center,07-working,33,16,1.05525
data_center,07-working,34,16,1.04475
data_center,07-working,35,17,1.03425
data_center,07-working,36,17,1.029
data_center,07-working,37,18,1.029
data_center,07-working,38,18,1.029
data_center,07-working,39,19,1.029
data_center,07-working,40,19,1.029
data_center,07-working,41,20,1.029
data_center,07-working,42,20,1.029
data_center,07-working,43,21,1.029
data_center,07-working,44,21,1.029
data_center,07-working,45,22,1.029
data_center,07-working,46,22,1.029
data_center,07-working,47,23,1.029
data_center,07-working,48,23,1.02638
data_center,07-nonworking,1,0,1.02113
data_center,07-nonworking,2,0,1.0185
data_center,07-nonworking,3,1,1.0185
data_center,07-nonworking,4,1,1.0185
data_center,07-nonworking,5,2,1.0185
data_center,07-nonworking,6,2,1.0185
data_center,07-nonworking,7,3,1.0185
data_center,07-nonworking,8,3,1.0185
data_center,07-nonworking,9,4,1.0185
data_center,07-nonworking,10,4,1.0185
data_center,07-nonworking,11,5,1.0185
data_center,07-nonworking,12,5,1.0185
data_center,07-nonworking,13,6,1.0185
data_center,07-nonworking,14,6,1.0185
data_center,07-nonworking,15,7,1.0185
data_center,07-nonworking,16,7,1.0185
data_center,07-nonworking,17,8,1.0185
data_center,07-nonworking,18,8,1.0185
data_center,07-nonworking,19,9,1.0185
data_center,07-nonworking,20,9,1.02638
data_center,07-nonworking,21,10,1.04212
data_center,07-nonworking,22,10,1.05525
data_center,07-nonworking,23,11,1.06575
data_center,07-nonworking,24,11,1.07363
data_center,07-nonworking,25,12,1.07888
data_center,07-nonworking,26,12,1.0815
data_center,07-nonworking,27,13,1.0815
data_center,07-nonworking,28,13,1.0815
data_center,07-nonworking,29,14,1.0815
data_center,07-nonworking,30,14,1.07888
data_center,07-nonworking,31,15,1.07363
data_center,07-nonworking,32,15,1.06575
data_center,07-nonworking,33,16,1.05525
data_center,07-nonworking,34,16,1.04475
data_center,07-nonworking,35,17,1.03425
data_center,07-nonworking,36,17,1.029
data_center,07-nonworking,37,18,1.029
data_center,07-nonworking,38,18,1.029
data_center,07-nonworking,39,19,1.029
data_center,07-nonworking,40,19,1.029
data_center,07-nonworking,41,20,1.029
data_center,07-nonworking,42,20,1.029
data_center,07-nonworking,43,21,1.029
data_center,07-nonworking,44,21,1.029
data_center,07-nonworking,45,22,1.029
data_center,07-nonworking,46,22,1.029
data_center,07-nonworking,47,23,1.029
data_center,07-nonworking,48,23,1.02638
data_center,07-shutdown,1,0,1.0007
data_center,07-shutdown,2,0,0.99813
data_center,07-shutdown,3,1,0.99813
data_center,07-shutdown,4,1,0.99813
data_center,07-shutdown,5,2,0.99813
data_center,07-shutdown,6,2,0.99813
data_center,07-shutdown,7,3,0.99813
data_center,07-shutdown,8,3,0.99813
data_center,07-shutdown,9,4,0.99813
data_center,07-shutdown,10,4,0.99813
data_center,07-shutdown,11,5,0.99813
data_center,07-shutdown,12,5,0.99813
data_center,07-shutdown,13,6,0.99813
data_center,07-shutdown,14,6,0.99813
data_center,07-shutdown,15,7,0.99813
data_center,07-shutdown,16,7,0.99813
data_center,07-shutdown,17,8,0.99813
data_center,07-shutdown,18,8,0.99813
data_center,07-shutdown,19,9,0.99813
data_center,07-shutdown,20,9,1.00585
data_center,07-shutdown,21,10,1.02128
data_center,07-shutdown,22,10,1.03414
data_center,07-shutdown,23,11,1.04444
data_center,07-shutdown,24,11,1.05215
data_center,07-shutdown,25,12,1.0573
data_center,07-shutdown,26,12,1.05987
data_center,07-shutdown,27,13,1.05987
data_center,07-shutdown,28,13,1.05987
data_center,07-shutdown,29,14,1.05987
data_center,07-shutdown,30,14,1.0573
data_center,07-shutdown,31,15,1.05215
data_center,07-shutdown,32,15,1.04444
data_center,07-shutdown,33,16,1.03414
data_center,07-shutdown,34,16,1.02385
data_center,07-shutdown,35,17,1.01357
data_center,07-shutdown,36,17,1.00842
data_center,07-shutdown,37,18,1.00842
data_center,07-shutdown,38,18,1.00842
data_center,07-shutdown,39,19,1.00842
data_center,07-shutdown,40,19,1.00842
data_center,07-shutdown,41,20,1.00842
data_center,07-shutdown,42,20,1.00842
data_center,07-shutdown,43,21,1.00842
data_center,07-shutdown,44,21,1.00842
data_center,07-shutdown,45,22,1.00842
data_center,07-shutdown,46,22,1.00842
data_center,07-shutdown,47,23,1.00842
data_center,07-shutdown,48,23,1.00585
data_center,08-working,1,0,1.03085
data_center,08-working,2,0,1.0282
data_center,08-working,3,1,1.0282
data_center,08-working,4,1,1.0282
data_center,08-working,5,2,1.0282
data_center,08-working,6,2,1.0282
data_center,08-working,7,3,1.0282
data_center,08-working,8,3,1.0282
data_center,08-working,9,4,1.0282
data_center,08-working,10,4,1.0282
data_center,08-working,11,5,1.0282
data_center,08-working,12,5,1.0282
data_center,08-working,13,6,1.0282
data_center,08-working,14,6,1.0282
data_center,08-working,15,7,1.0282
data_center,08-working,16,7,1.0282
data_center,08-working,17,8,1.0282
data_center,08-working,18,8,1.0282
data_center,08-working,19,9,1.0282
data_center,08-working,20,9,1.03615
data_center,08-working,21,10,1.05205
data_center,08-working,22,10,1.0653
data_center,08-working,23,11,1.0759
data_center,08-working,24,11,1.08385
data_center,08-working,25,12,1.08915
data_center,08-working,26,12,1.0918
data_center,08-working,27,13,1.0918
data_center,08-working,28,13,1.0918
data_center,08-working,29,14,1.0918
data_center,08-working,30,14,1.08915
data_center,08-working,31,15,1.08385
data_center,08-working,32,15,1.0759
data_center,08-working,33,16,1.0653
data_center,08-working,34,16,1.0547
data_center,08-working,35,17,1.0441
data_center,08-working,36,17,1.0388
data_center,08-working,37,18,1.0388
data_center,08-working,38,18,1.0388
data_center,08-working,39,19,1.0388
data_center,08-working,40,19,1.0388
data_center,08-working,41,20,1.0388
data_center,08-working,42,20,1.0388
data_center,08-working,43,21,1.0388
data_center,08-working,44,21,1.0388
data_center,08-working,45,22,1.0388
data_center,08-working,46,22,1.0388
data_center,08-working,47,23,1.0388
data_center,08-working,48,23,1.03615
data_center,08-nonworking,1,0,1.03085
data_center,08-nonworking,2,0,1.0282
data_center,08-nonworking,3,1,1.0282
data_center,08-nonworking,4,1,1.0282
data_center,08-nonworking,5,2,1.0282
data_center,08-nonworking,6,2,1.0282
data_center,08-nonworking,7,3,1.0282
data_center,08-nonworking,8,3,1.0282
data_center,08-nonworking,9,4,1.0282
data_center,08-nonworking,10,4,1.0282
data_center,08-nonworking,11,5,1.0282
data_center,08-nonworking,12,5,1.0282
data_center,08-nonworking,13,6,1.0282
data_center,08-nonworking,14,6,1.0282
data_center,08-nonworking,15,7,1.0282
data_center,08-nonworking,16,7,1.0282
data_center,08-nonworking,17,8,1.0282
data_center,08-nonworking,18,8,1.0282
data_center,08-nonworking,19,9,1.0282
data_center,08-nonworking,20,9,1.03615
data_center,08-nonworking,21,10,1.05205
data_center,08-nonworking,22,10,1.0653
data_center,08-nonworking,23,11,1.0759
data_center,08-nonworking,24,11,1.08385
data_center,08-nonworking,25,12,1.08915
data_center,08-nonworking,26,12,1.0918
data_center,08-nonworking,27,13,1.0918
data_center,08-nonworking,28,13,1.0918
data_center,08-nonworking,29,14,1.0918
data_center,08-nonworking,30,14,1.08915
data_center,08-nonworking,31,15,1.08385
data_center,08-nonworking,32,15,1.0759
data_center,08-nonworking,33,16,1.0653
data_center,08-nonworking,34,16,1.0547
data_center,08-nonworking,35,17,1.0441
data_center,08-nonworking,36,17,1.0388
data_center,08-nonworking,37,18,1.0388
data_center,08-nonworking,38,18,1.0388
data_center,08-nonworking,39,19,1.0388
data_center,08-nonworking,40,19,1.0388
data_center,08-nonworking,41,20,1.0388
data_center,08-nonworking,42,20,1.0388
data_center,08-nonworking,43,21,1.0388
data_center,08-nonworking,44,21,1.0388
data_center,08-nonworking,45,22,1.0388
data_center,08-nonworking,46,22,1.0388
data_center,08-nonworking,47,23,1.0388
data_center,08-nonworking,48,23,1.03615
data_center,08-shutdown,1,0,1.01023
data_center,08-shutdown,2,0,1.00764
data_center,08-shutdown,3,1,1.00764
data_center,08-shutdown,4,1,1.00764
data_center,08-shutdown,5,2,1.00764
data_center,08-shutdown,6,2,1.00764
data_center,08-shutdown,7,3,1.00764
data_center,08-shutdown,8,3,1.00764
data_center,08-shutdown,9,4,1.00764
data_center,08-shutdown,10,4,1.00764
data_center,08-shutdown,11,5,1.00764
data_center,08-shutdown,12,5,1.00764
data_center,08-shutdown,13,6,1.00764
data_center,08-shutdown,14,6,1.00764
data_center,08-shutdown,15,7,1.00764
data_center,08-shutdown,16,7,1.00764
data_center,08-shutdown,17,8,1.00764
data_center,08-shutdown,18,8,1.00764
data_center,08-shutdown,19,9,1.00764
data_center,08-shutdown,20,9,1.01543
data_center,08-shutdown,21,10,1.03101
data_center,08-shutdown,22,10,1.04399
data_center,08-shutdown,23,11,1.05438
data_center,08-shutdown,24,11,1.06217
data_center,08-shutdown,25,12,1.06737
data_center,08-shutdown,26,12,1.06996
data_center,08-shutdown,27,13,1.06996
data_center,08-shutdown,28,13,1.06996
data_center,08-shutdown,29,14,1.06996
data_center,08-shutdown,30,14,1.06737
data_center,08-shutdown,31,15,1.06217
data_center,08-shutdown,32,15,1.05438
data_center,08-shutdown,33,16,1.04399
data_center,08-shutdown,34,16,1.03361
data_center,08-shutdown,35,17,1.02322
data_center,08-shutdown,36,17,1.01802
data_center,08-shutdown,37,18,1.01802
data_center,08-shutdown,38,18,1.01802
data_center,08-shutdown,39,19,1.01802
data_center,08-shutdown,40,19,1.01802
data_center,08-shutdown,41,20,1.01802
data_center,08-shutdown,42,20,1.01802
data_center,08-shutdown,43,21,1.01802
data_center,08-shutdown,44,21,1.01802
data_center,08-shutdown,45,22,1.01802
data_center,08-shutdown,46,22,1.01802
data_center,08-shutdown,47,23,1.01802
data_center,08-shutdown,48,23,1.01543
data_center,09-working,1,0,1.0114
data_center,09-working,2,0,1.0088
data_center,09-working,3,1,1.0088
data_center,09-working,4,1,1.0088
data_center,09-working,5,2,1.0088
data_center,09-working,6,2,1.0088
data_center,09-working,7,3,1.0088
data_center,09-working,8,3,1.0088
data_center,09-working,9,4,1.0088
data_center,09-working,10,4,1.0088
data_center,09-working,11,5,1.0088
data_center,09-working,12,5,1.0088
data_center,09-working,13,6,1.0088
data_center,09-working,14,6,1.0088
data_center,09-working,15,7,1.0088
data_center,09-working,16,7,1.0088
data_center,09-working,17,8,1.0088
data_center,09-working,18,8,1.0088
data_center,09-working,19,9,1.0088
data_center,09-working,20,9,1.0166
data_center,09-working,21,10,1.0322
data_center,09-working,22,10,1.0452
data_center,09-working,23,11,1.0556
data_center,09-working,24,11,1.0634
data_center,09-working,25,12,1.0686
data_center,09-working,26,12,1.0712
data_center,09-working,27,13,1.0712
data_center,09-working,28,13,1.0712
data_center,09-working,29,14,1.0712
data_center,09-working,30,14,1.0686
data_center,09-working,31,15,1.0634
data_center,09-working,32,15,1.0556
data_center,09-working,33,16,1.0452
data_center,09-working,34,16,1.0348
data_center,09-working,35,17,1.0244
data_center,09-working,36,17,1.0192
data_center,09-working,37,18,1.0192
data_center,09-working,38,18,1.0192
data_center,09-working,39,19,1.0192
data_center,09-working,40,19,1.0192
data_center,09-working,41,20,1.0192
data_center,09-working,42,20,1.0192
data_center,09-working,43,21,1.0192
data_center,09-working,44,21,1.0192
data_center,09-working,45,22,1.0192
data_center,09-working,46,22,1.0192
data_center,09-working,47,23,1.0192
data_center,09-working,48,23,1.0166
data_center,09-nonworking,1,0,1.0114
data_center,09-nonworking,2,0,1.0088
data_center,09-nonworking,3,1,1.0088
data_center,09-nonworking,4,1,1.0088
data_center,09-nonworking,5,2,1.0088
data_center,09-nonworking,6,2,1.0088
data_center,09-nonworking,7,3,1.0088
data_center,09-nonworking,8,3,1.0088
data_center,09-nonworking,9,4,1.0088
data_center,09-nonworking,10,4,1.0088
data_center,09-nonworking,11,5,1.0088
data_center,09-nonworking,12,5,1.0088
data_center,09-nonworking,13,6,1.0088
data_center,09-nonworking,14,6,1.0088
data_center,09-nonworking,15,7,1.0088
data_center,09-nonworking,16,7,1.0088
data_center,09-nonworking,17,8,1.0088
data_center,09-nonworking,18,8,1.0088
data_center,09-nonworking,19,9,1.0088
data_center,09-nonworking,20,9,1.0166
data_center,09-nonworking,21,10,1.0322
data_center,09-nonworking,22,10,1.0452
data_center,09-nonworking,23,11,1.0556
data_center,09-nonworking,24,11,1.0634
data_center,09-nonworking,25,12,1.0686
data_center,09-nonworking,26,12,1.0712
data_center,09-nonworking,27,13,1.0712
data_center,09-nonworking,28,13,1.0712
data_center,09-nonworking,29,14,1.0712
data_center,09-nonworking,30,14,1.0686
data_center,09-nonworking,31,15,1.0634
data_center,09-nonworking,32,15,1.0556
data_center,09-nonworking,33,16,1.0452
data_center,09-nonworking,34,16,1.0348
data_center,09-nonworking,35,17,1.0244
data_center,09-nonworking,36,17,1.0192
data_center,09-nonworking,37,18,1.0192
data_center,09-nonworking,38,18,1.0192
data_center,09-nonworking,39,19,1.0192
data_center,09-nonworking,40,19,1.0192
data_center,09-nonworking,41,20,1.0192
data_center,09-nonworking,42,20,1.0192
data_center,09-nonworking,43,21,1.0192
data_center,09-nonworking,44,21,1.0192
data_center,09-nonworking,45,22,1.0192
data_center,09-nonworking,46,22,1.0192
data_center,09-nonworking,47,23,1.0192
data_center,09-nonworking,48,23,1.0166
data_center,09-shutdown,1,0,0.99117
data_center,09-shutdown,2,0,0.98862
data_center,09-shutdown,3,1,0.98862
data_center,09-shutdown,4,1,0.98862
data_center,09-shutdown,5,2,0.98862
data_center,09-shutdown,6,2,0.98862
data_center,09-shutdown,7,3,0.98862
data_center,09-shutdown,8,3,0.98862
data_center,09-shutdown,9,4,0.98862
data_center,09-shutdown,10,4,0.98862
data_center,09-shutdown,11,5,0.98862
data_center,09-shutdown,12,5,0.98862
data_center,09-shutdown,13,6,0.98862
data_center,09-shutdown,14,6,0.98862
data_center,09-shutdown,15,7,0.98862
data_center,09-shutdown,16,7,0.98862
data_center,09-shutdown,17,8,0.98862
data_center,09-shutdown,18,8,0.98862
data_center,09-shutdown,19,9,0.98862
data_center,09-shutdown,20,9,0.99627
data_center,09-shutdown,21,10,1.01156
data_center,09-shutdown,22,10,1.0243
data_center,09-shutdown,23,11,1.03449
data_center,09-shutdown,24,11,1.04213
data_center,09-shutdown,25,12,1.04723
data_center,09-shutdown,26,12,1.04978
data_center,09-shutdown,27,13,1.04978
data_center,09-shutdown,28,13,1.04978
data_center,09-shutdown,29,14,1.04978
data_center,09-shutdown,30,14,1.04723
data_center,09-shutdown,31,15,1.04213
data_center,09-shutdown,32,15,1.03449
data_center,09-shutdown,33,16,1.0243
data_center,09-shutdown,34,16,1.0141
data_center,09-shutdown,35,17,1.00391
data_center,09-shutdown,36,17,0.99882
data_center,09-shutdown,37,18,0.99882
data_center,09-shutdown,38,18,0.99882
data_center,09-shutdown,39,19,0.99882
data_center,09-shutdown,40,19,0.99882
data_center,09-shutdown,41,20,0.99882
data_center,09-shutdown,42,20,0.99882
data_center,09-shutdown,43,21,0.99882
data_center,09-shutdown,44,21,0.99882
data_center,09-shutdown,45,22,0.99882
data_center,09-shutdown,46,22,0.99882
data_center,09-shutdown,47,23,0.99882
data_center,09-shutdown,48,23,0.99627
data_center,10-working,1,0,0.9725
data_center,10-working,2,0,0.97
data_center,10-working,3,1,0.97
data_center,10-working,4,1,0.97
data_center,10-working,5,2,0.97
data_center,10-working,6,2,0.97
data_center,10-working,7,3,0.97
data_center,10-working,8,3,0.97
data_center,10-working,9,4,0.97
data_center,10-working,10,4,0.97
data_center,10-working,11,5,0.97
data_center,10-working,12,5,0.97
data_center,10-working,13,6,0.97
data_center,10-working,14,6,0.97
data_center,10-working,15,7,0.97
data_center,10-working,16,7,0.97
data_center,10-working,17,8,0.97
data_center,10-working,18,8,0.97
data_center,10-working,19,9,0.97
data_center,10-working,20,9,0.9775
data_center,10-working,21,10,0.9925
data_center,10-working,22,10,1.005
data_center,10-working,23,11,1.015
data_center,10-working,24,11,1.0225
data_center,10-working,25,12,1.0275
data_center,10-working,26,12,1.03
data_center,10-working,27,13,1.03
data_center,10-working,28,13,1.03
data_center,10-working,29,14,1.03
data_center,10-working,30,14,1.0275
data_center,10-working,31,15,1.0225
data_center,10-working,32,15,1.015
data_center,10-working,33,16,1.005
data_center,10-working,34,16,0.995
data_center,10-working,35,17,0.985
data_center,10-working,36,17,0.98
data_center,10-working,37,18,0.98
data_center,10-working,38,18,0.98
data_center,10-working,39,19,0.98
data_center,10-working,40,19,0.98
data_center,10-working,41,20,0.98
data_center,10-working,42,20,0.98
data_center,10-working,43,21,0.98
data_center,10-working,44,21,0.98
data_center,10-working,45,22,0.98
data_center,10-working,46,22,0.98
data_center,10-working,47,23,0.98
data_center,10-working,48,23,0.9775
data_center,10-nonworking,1,0,0.9725
data_center,10-nonworking,2,0,0.97
data_center,10-nonworking,3,1,0.97
data_center,10-nonworking,4,1,0.97
data_center,10-nonworking,5,2,0.97
data_center,10-nonworking,6,2,0.97
data_center,10-nonworking,7,3,0.97
data_center,10-nonworking,8,3,0.97
data_center,10-nonworking,9,4,0.97
data_center,10-nonworking,10,4,0.97
data_center,10-nonworking,11,5,0.97
data_center,10-nonworking,12,5,0.97
data_center,10-nonworking,13,6,0.97
data_center,10-nonworking,14,6,0.97
data_center,10-nonworking,15,7,0.97
data_center,10-nonworking,16,7,0.97
data_center,10-nonworking,17,8,0.97
data_center,10-nonworking,18,8,0.97
data_center,10-nonworking,19,9,0.97
data_center,10-nonworking,20,9,0.9775
data_center,10-nonworking,21,10,0.9925
data_center,10-nonworking,22,10,1.005
data_center,10-nonworking,23,11,1.015
data_center,10-nonworking,24,11,1.0225
data_center,10-nonworking,25,12,1.0275
data_center,10-nonworking,26,12,1.03
data_center,10-nonworking,27,13,1.03
data_center,10-nonworking,28,13,1.03
data_center,10-nonworking,29,14,1.03
data_center,10-nonworking,30,14,1.0275
data_center,10-nonworking,31,15,1.0225
data_center,10-nonworking,32,15,1.015
data_center,10-nonworking,33,16,1.005
data_center,10-nonworking,34,16,0.995
data_center,10-nonworking,35,17,0.985
data_center,10-nonworking,36,17,0.98
data_center,10-nonworking,37,18,0.98
data_center,10-nonworking,38,18,0.98
data_center,10-nonworking,39,19,0.98
data_center,10-nonworking,40,19,0.98
data_center,10-nonworking,41,20,0.98
data_center,10-nonworking,42,20,0.98
data_center,10-nonworking,43,21,0.98
data_center,10-nonworking,44,21,0.98
data_center,10-nonworking,45,22,0.98
data_center,10-nonworking,46,22,0.98
data_center,10-nonworking,47,23,0.98
data_center,10-nonworking,48,23,0.9775
data_center,10-shutdown,1,0,0.95305
data_center,10-shutdown,2,0,0.9506
data_center,10-shutdown,3,1,0.9506
data_center,10-shutdown,4,1,0.9506
data_center,10-shutdown,5,2,0.9506
data_center,10-shutdown,6,2,0.9506
data_center,10-shutdown,7,3,0.9506
data_center,10-shutdown,8,3,0.9506
data_center,10-shutdown,9,4,0.9506
data_center,10-shutdown,10,4,0.9506
data_center,10-shutdown,11,5,0.9506
data_center,10-shutdown,12,5,0.9506
data_center,10-shutdown,13,6,0.9506
data_center,10-shutdown,14,6,0.9506
data_center,10-shutdown,15,7,0.9506
data_center,10-shutdown,16,7,0.9506
data_center,10-shutdown,17,8,0.9506
data_center,10-shutdown,18,8,0.9506
data_center,10-shutdown,19,9,0.9506
data_center,10-shutdown,20,9,0.95795
data_center,10-shutdown,21,10,0.97265
data_center,10-shutdown,22,10,0.9849
data_center,10-shutdown,23,11,0.9947
data_center,10-shutdown,24,11,1.00205
data_center,10-shutdown,25,12,1.00695
data_center,10-shutdown,26,12,1.0094
data_center,10-shutdown,27,13,1.0094
data_center,10-shutdown,28,13,1.0094
data_center,10-shutdown,29,14,1.0094
data_center,10-shutdown,30,14,1.00695
data_center,10-shutdown,31,15,1.00205
data_center,10-shutdown,32,15,0.9947
data_center,10-shutdown,33,16,0.9849
data_center,10-shutdown,34,16,0.9751
data_center,10-shutdown,35,17,0.9653
data_center,10-shutdown,36,17,0.9604
data_center,10-shutdown,37,18,0.9604
data_center,10-shutdown,38,18,0.9604
data_center,10-shutdown,39,19,0.9604
data_center,10-shutdown,40,19,0.9604
data_center,10-shutdown,41,20,0.9604
data_center,10-shutdown,42,20,0.9604
data_center,10-shutdown,43,21,0.9604
data_center,10-shutdown,44,21,0.9604
data_center,10-shutdown,45,22,0.9604
data_center,10-shutdown,46,22,0.9604
data_center,10-shutdown,47,23,0.9604
data_center,10-shutdown,48,23,0.95795
data_center,11-working,1,0,0.96277
data_center,11-working,2,0,0.9603
data_center,11-working,3,1,0.9603
data_center,11-working,4,1,0.9603
data_center,11-working,5,2,0.9603
data_center,11-working,6,2,0.9603
data_center,11-working,7,3,0.9603
data_center,11-working,8,3,0.9603
data_center,11-working,9,4,0.9603
data_center,11-working,10,4,0.9603
data_center,11-working,11,5,0.9603
data_center,11-working,12,5,0.9603
data_center,11-working,13,6,0.9603
data_center,11-working,14,6,0.9603
data_center,11-working,15,7,0.9603
data_center,11-working,16,7,0.9603
data_center,11-working,17,8,0.9603
data_center,11-working,18,8,0.9603
data_center,11-working,19,9,0.9603
data_center,11-working,20,9,0.96773
data_center,11-working,21,10,0.98257
data_center,11-working,22,10,0.99495
data_center,11-working,23,11,1.00485
data_center,11-working,24,11,1.01228
data_center,11-working,25,12,1.01723
data_center,11-working,26,12,1.0197
data_center,11-working,27,13,1.0197
data_center,11-working,28,13,1.0197
data_center,11-working,29,14,1.0197
data_center,11-working,30,14,1.01723
data_center,11-working,31,15,1.01228
data_center,11-working,32,15,1.00485
data_center,11-working,33,16,0.99495
data_center,11-working,34,16,0.98505
data_center,11-working,35,17,0.97515
data_center,11-working,36,17,0.9702
data_center,11-working,37,18,0.9702
data_center,11-working,38,18,0.9702
data_center,11-working,39,19,0.9702
data_center,11-working,40,19,0.9702
data_center,11-working,41,20,0.9702
data_center,11-working,42,20,0.9702
data_center,11-working,43,21,0.9702
data_center,11-working,44,21,0.9702
data_center,11-working,45,22,0.9702
data_center,11-working,46,22,0.9702
data_center,11-working,47,23,0.9702
data_center,11-working,48,23,0.96773
data_center,11-nonworking,1,0,0.96277
data_center,11-nonworking,2,0,0.9603
data_center,11-nonworking,3,1,0.9603
data_center,11-nonworking,4,1,0.9603
data_center,11-nonworking,5,2,0.9603
data_center,11-nonworking,6,2,0.9603
data_center,11-nonworking,7,3,0.9603
data_center,11-nonworking,8,3,0.9603
data_center,11-nonworking,9,4,0.9603
data_center,11-nonworking,10,4,0.9603
data_center,11-nonworking,11,5,0.9603
data_center,11-nonworking,12,5,0.9603
data_center,11-nonworking,13,6,0.9603
data_center,11-nonworking,14,6,0.9603
data_center,11-nonworking,15,7,0.9603
data_center,11-nonworking,16,7,0.9603
data_center,11-nonworking,17,8,0.9603
data_center,11-nonworking,18,8,0.9603
data_center,11-nonworking,19,9,0.9603
data_center,11-nonworking,20,9,0.96773
data_center,11-nonworking,21,10,0.98257
data_center,11-nonworking,22,10,0.99495
data_center,11-nonworking,23,11,1.00485
data_center,11-nonworking,24,11,1.01228
data_center,11-nonworking,25,12,1.01723
data_center,11-nonworking,26,12,1.0197
data_center,11-nonworking,27,13,1.0197
data_center,11-nonworking,28,13,1.0197
data_center,11-nonworking,29,14,1.0197
data_center,11-nonworking,30,14,1.01723
data_center,11-nonworking,31,15,1.01228
data_center,11-nonworking,32,15,1.00485
data_center,11-nonworking,33,16,0.99495
data_center,11-nonworking,34,16,0.98505
data_center,11-nonworking,35,17,0.97515
data_center,11-nonworking,36,17,0.9702
data_center,11-nonworking,37,18,0.9702
data_center,11-nonworking,38,18,0.9702
data_center,11-nonworking,39,19,0.9702
data_center,11-nonworking,40,19,0.9702
data_center,11-nonworking,41,20,0.9702
data_center,11-nonworking,42,20,0.9702
data_center,11-nonworking,43,21,0.9702
data_center,11-nonworking,44,21,0.9702
data_center,11-nonworking,45,22,0.9702
data_center,11-nonworking,46,22,0.9702
data_center,11-nonworking,47,23,0.9702
data_center,11-nonworking,48,23,0.96773
data_center,11-shutdown,1,0,0.94352
data_center,11-shutdown,2,0,0.94109
data_center,11-shutdown,3,1,0.94109
data_center,11-shutdown,4,1,0.94109
data_center,11-shutdown,5,2,0.94109
data_center,11-shutdown,6,2,0.94109
data_center,11-shutdown,7,3,0.94109
data_center,11-shutdown,8,3,0.94109
data_center,11-shutdown,9,4,0.94109
data_center,11-shutdown,10,4,0.94109
data_center,11-shutdown,11,5,0.94109
data_center,11-shutdown,12,5,0.94109
data_center,11-shutdown,13,6,0.94109
data_center,11-shutdown,14,6,0.94109
data_center,11-shutdown,15,7,0.94109
data_center,11-shutdown,16,7,0.94109
data_center,11-shutdown,17,8,0.94109
data_center,11-shutdown,18,8,0.94109
data_center,11-shutdown,19,9,0.94109
data_center,11-shutdown,20,9,0.94837
data_center,11-shutdown,21,10,0.96292
data_center,11-shutdown,22,10,0.97505
data_center,11-shutdown,23,11,0.98475
data_center,11-shutdown,24,11,0.99203
data_center,11-shutdown,25,12,0.99688
data_center,11-shutdown,26,12,0.99931
data_center,11-shutdown,27,13,0.99931
data_center,11-shutdown,28,13,0.99931
data_center,11-shutdown,29,14,0.99931
data_center,11-shutdown,30,14,0.99688
data_center,11-shutdown,31,15,0.99203
data_center,11-shutdown,32,15,0.98475
data_center,11-shutdown,33,16,0.97505
data_center,11-shutdown,34,16,0.96535
data_center,11-shutdown,35,17,0.95565
data_center,11-shutdown,36,17,0.9508
data_center,11-shutdown,37,18,0.9508
data_center,11-shutdown,38,18,0.9508
data_center,11-shutdown,39,19,0.9508
data_center,11-shutdown,40,19,0.9508
data_center,11-shutdown,41,20,0.9508
data_center,11-shutdown,42,20,0.9508
data_center,11-shutdown,43,21,0.9508
data_center,11-shutdown,44,21,0.9508
data_center,11-shutdown,45,22,0.9508
data_center,11-shutdown,46,22,0.9508
data_center,11-shutdown,47,23,0.9508
data_center,11-shutdown,48,23,0.94837
data_center,12-working,1,0,0.95305
data_center,12-working,2,0,0.9506
data_center,12-working,3,1,0.9506
data_center,12-working,4,1,0.9506
data_center,12-working,5,2,0.9506
data_center,12-working,6,2,0.9506
data_center,12-working,7,3,0.9506
data_center,12-working,8,3,0.9506
data_center,12-working,9,4,0.9506
data_center,12-working,10,4,0.9506
data_center,12-working,11,5,0.9506
data_center,12-working,12,5,0.9506
data_center,12-working,13,6,0.9506
data_center,12-working,14,6,0.9506
data_center,12-working,15,7,0.9506
data_center,12-working,16,7,0.9506
data_center,12-working,17,8,0.9506
data_center,12-working,18,8,0.9506
data_center,12-working,19,9,0.9506
data_center,12-working,20,9,0.95795
data_center,12-working,21,10,0.97265
data_center,12-working,22,10,0.9849
data_center,12-working,23,11,0.9947
data_center,12-working,24,11,1.00205
data_center,12-working,25,12,1.00695
data_center,12-working,26,12,1.0094
data_center,12-working,27,13,1.0094
data_center,12-working,28,13,1.0094
data_center,12-working,29,14,1.0094
data_center,12-working,30,14,1.00695
data_center,12-working,31,15,1.00205
data_center,12-working,32,15,0.9947
data_center,12-working,33,16,0.9849
data_center,12-working,34,16,0.9751
data_center,12-working,35,17,0.9653
data_center,12-working,36,17,0.9604
data_center,12-working,37,18,0.9604
data_center,12-working,38,18,0.9604
data_center,12-working,39,19,0.9604
data_center,12-working,40,19,0.9604
data_center,12-working,41,20,0.9604
data_center,12-working,42,20,0.9604
data_center,12-working,43,21,0.9604
data_center,12-working,44,21,0.9604
data_center,12-working,45,22,0.9604
data_center,12-working,46,22,0.9604
data_center,12-working,47,23,0.9604
data_center,12-working,48,23,0.95795
data_center,12-nonworking,1,0,0.95305
data_center,12-nonworking,2,0,0.9506
data_center,12-nonworking,3,1,0.9506
data_center,12-nonworking,4,1,0.9506
data_center,12-nonworking,5,2,0.9506
data_center,12-nonworking,6,2,0.9506
data_center,12-nonworking,7,3,0.9506
data_center,12-nonworking,8,3,0.9506
data_center,12-nonworking,9,4,0.9506
data_center,12-nonworking,10,4,0.9506
data_center,12-nonworking,11,5,0.9506
data_center,12-nonworking,12,5,0.9506
data_center,12-nonworking,13,6,0.9506
data_center,12-nonworking,14,6,0.9506
data_center,12-nonworking,15,7,0.9506
data_center,12-nonworking,16,7,0.9506
data_center,12-nonworking,17,8,0.9506
data_center,12-nonworking,18,8,0.9506
data_center,12-nonworking,19,9,0.9506
data_center,12-nonworking,20,9,0.95795
data_center,12-nonworking,21,10,0.97265
data_center,12-nonworking,22,10,0.9849
data_center,12-nonworking,23,11,0.9947
data_center,12-nonworking,24,11,1.00205
data_center,12-nonworking,25,12,1.00695
data_center,12-nonworking,26,12,1.0094
data_center,12-nonworking,27,13,1.0094
data_center,12-nonworking,28,13,1.0094
data_center,12-nonworking,29,14,1.0094
data_center,12-nonworking,30,14,1.00695
data_center,12-nonworking,31,15,1.00205
data_center,12-nonworking,32,15,0.9947
data_center,12-nonworking,33,16,0.9849
data_center,12-nonworking,34,16,0.9751
data_center,12-nonworking,35,17,0.9653
data_center,12-nonworking,36,17,0.9604
data_center,12-nonworking,37,18,0.9604
data_center,12-nonworking,38,18,0.9604
data_center,12-nonworking,39,19,0.9604
data_center,12-nonworking,40,19,0.9604
data_center,12-nonworking,41,20,0.9604
data_center,12-nonworking,42,20,0.9604
data_center,12-nonworking,43,21,0.9604
data_center,12-nonworking,44,21,0.9604
data_center,12-nonworking,45,22,0.9604
data_center,12-nonworking,46,22,0.9604
data_center,12-nonworking,47,23,0.9604
data_center,12-nonworking,48,23,0.95795
data_center,12-shutdown,1,0,0.93399
data_center,12-shutdown,2,0,0.93159
data_center,12-shutdown,3,1,0.93159
data_center,12-shutdown,4,1,0.93159
data_center,12-shutdown,5,2,0.93159
data_center,12-shutdown,6,2,0.93159
data_center,12-shutdown,7,3,0.93159
data_center,12-shutdown,8,3,0.93159
data_center,12-shutdown,9,4,0.93159
data_center,12-shutdown,10,4,0.93159
data_center,12-shutdown,11,5,0.93159
data_center,12-shutdown,12,5,0.93159
data_center,12-shutdown,13,6,0.93159
data_center,12-shutdown,14,6,0.93159
data_center,12-shutdown,15,7,0.93159
data_center,12-shutdown,16,7,0.93159
data_center,12-shutdown,17,8,0.93159
data_center,12-shutdown,18,8,0.93159
data_center,12-shutdown,19,9,0.93159
data_center,12-shutdown,20,9,0.93879
data_center,12-shutdown,21,10,0.9532
data_center,12-shutdown,22,10,0.9652
data_center,12-shutdown,23,11,0.97481
data_center,12-shutdown,24,11,0.98201
data_center,12-shutdown,25,12,0.98681
data_center,12-shutdown,26,12,0.98921
data_center,12-shutdown,27,13,0.98921
data_center,12-shutdown,28,13,0.98921
data_center,12-shutdown,29,14,0.98921
data_center,12-shutdown,30,14,0.98681
data_center,12-shutdown,31,15,0.98201
data_center,12-shutdown,32,15,0.97481
data_center,12-shutdown,33,16,0.9652
data_center,12-shutdown,34,16,0.9556
data_center,12-shutdown,35,17,0.94599
data_center,12-shutdown,36,17,0.94119
data_center,12-shutdown,37,18,0.94119
data_center,12-shutdown,38,18,0.94119
data_center,12-shutdown,39,19,0.94119
data_center,12-shutdown,40,19,0.94119
data_center,12-shutdown,41,20,0.94119
data_center,12-shutdown,42,20,0.94119
data_center,12-shutdown,43,21,0.94119
data_center,12-shutdown,44,21,0.94119
data_center,12-shutdown,45,22,0.94119
data_center,12-shutdown,46,22,0.94119
data_center,12-shutdown,47,23,0.94119
data_center,12-shutdown,48,23,0.93879
data_center,heat-working,1,0,1.03085
data_center,heat-working,2,0,1.0282
data_center,heat-working,3,1,1.0282
data_center,heat-working,4,1,1.0282
data_center,heat-working,5,2,1.0282
data_center,heat-working,6,2,1.0282
data_center,heat-working,7,3,1.0282
data_center,heat-working,8,3,1.0282
data_center,heat-working,9,4,1.0282
data_center,heat-working,10,4,1.0282
data_center,heat-working,11,5,1.0282
data_center,heat-working,12,5,1.0282
data_center,heat-working,13,6,1.0282
data_center,heat-working,14,6,1.0282
data_center,heat-working,15,7,1.0282
data_center,heat-working,16,7,1.0282
data_center,heat-working,17,8,1.0282
data_center,heat-working,18,8,1.0282
data_center,heat-working,19,9,1.0282
data_center,heat-working,20,9,1.03615
data_center,heat-working,21,10,1.05205
data_center,heat-working,22,10,1.0653
data_center,heat-working,23,11,1.0759
data_center,heat-working,24,11,1.08385
data_center,heat-working,25,12,1.08915
data_center,heat-working,26,12,1.0918
data_center,heat-working,27,13,1.0918
data_center,heat-working,28,13,1.0918
data_center,heat-working,29,14,1.0918
data_center,heat-working,30,14,1.08915
data_center,heat-working,31,15,1.08385
data_center,heat-working,32,15,1.0759
data_center,heat-working,33,16,1.0653
data_center,heat-working,34,16,1.0547
data_center,heat-working,35,17,1.0441
data_center,heat-working,36,17,1.0388
data_center,heat-working,37,18,1.0388
data_center,heat-working,38,18,1.0388
data_center,heat-working,39,19,1.0388
data_center,heat-working,40,19,1.0388
data_center,heat-working,41,20,1.0388
data_center,heat-working,42,20,1.0388
data_center,heat-working,43,21,1.0388
data_center,heat-working,44,21,1.0388
data_center,heat-working,45,22,1.0388
data_center,heat-working,46,22,1.0388
data_center,heat-working,47,23,1.0388
data_center,heat-working,48,23,1.03615
data_center,cold-working,1,0,0.95305
data_center,cold-working,2,0,0.9506
data_center,cold-working,3,1,0.9506
data_center,cold-working,4,1,0.9506
data_center,cold-working,5,2,0.9506
data_center,cold-working,6,2,0.9506
data_center,cold-working,7,3,0.9506
data_center,cold-working,8,3,0.9506
data_center,cold-working,9,4,0.9506
data_center,cold-working,10,4,0.9506
data_center,cold-working,11,5,0.9506
data_center,cold-working,12,5,0.9506
data_center,cold-working,13,6,0.9506
data_center,cold-working,14,6,0.9506
data_center,cold-working,15,7,0.9506
data_center,cold-working,16,7,0.9506
data_center,cold-working,17,8,0.9506
data_center,cold-working,18,8,0.9506
data_center,cold-working,19,9,0.9506
data_center,cold-working,20,9,0.95795
data_center,cold-working,21,10,0.97265
data_center,cold-working,22,10,0.9849
data_center,cold-working,23,11,0.9947
data_center,cold-working,24,11,1.00205
data_center,cold-working,25,12,1.00695
data_center,cold-working,26,12,1.0094
data_center,cold-working,27,13,1.0094
data_center,cold-working,28,13,1.0094
data_center,cold-working,29,14,1.0094
data_center,cold-working,30,14,1.00695
data_center,cold-working,31,15,1.00205
data_center,cold-working,32,15,0.9947
data_center,cold-working,33,16,0.9849
data_center,cold-working,34,16,0.9751
data_center,cold-working,35,17,0.9653
data_center,cold-working,36,17,0.9604
data_center,cold-working,37,18,0.9604
data_center,cold-working,38,18,0.9604
data_center,cold-working,39,19,0.9604
data_center,cold-working,40,19,0.9604
data_center,cold-working,41,20,0.9604
data_center,cold-working,42,20,0.9604
data_center,cold-working,43,21,0.9604
data_center,cold-working,44,21,0.9604
data_center,cold-working,45,22,0.9604
data_center,cold-working,46,22,0.9604
data_center,cold-working,47,23,0.9604
data_center,cold-working,48,23,0.95795
semiconductor_fab,01-working,1,0,0.98257
semiconductor_fab,01-working,2,0,0.9801
semiconductor_fab,01-working,3,1,0.9801
semiconductor_fab,01-working,4,1,0.9801
semiconductor_fab,01-working,5,2,0.9801
semiconductor_fab,01-working,6,2,0.9801
semiconductor_fab,01-working,7,3,0.9801
semiconductor_fab,01-working,8,3,0.9801
semiconductor_fab,01-working,9,4,0.9801
semiconductor_fab,01-working,10,4,0.9801
semiconductor_fab,01-working,11,5,0.9801
semiconductor_fab,01-working,12,5,0.9801
semiconductor_fab,01-working,13,6,0.9801
semiconductor_fab,01-working,14,6,0.9801
semiconductor_fab,01-working,15,7,0.9801
semiconductor_fab,01-working,16,7,0.98505
semiconductor_fab,01-working,17,8,0.99495
semiconductor_fab,01-working,18,8,0.9999
semiconductor_fab,01-working,19,9,0.9999
semiconductor_fab,01-working,20,9,0.9999
semiconductor_fab,01-working,21,10,0.9999
semiconductor_fab,01-working,22,10,0.9999
semiconductor_fab,01-working,23,11,0.9999
semiconductor_fab,01-working,24,11,0.9999
semiconductor_fab,01-working,25,12,0.9999
semiconductor_fab,01-working,26,12,0.9999
semiconductor_fab,01-working,27,13,0.9999
semiconductor_fab,01-working,28,13,0.9999
semiconductor_fab,01-working,29,14,0.9999
semiconductor_fab,01-working,30,14,0.9999
semiconductor_fab,01-working,31,15,0.9999
semiconductor_fab,01-working,32,15,0.9999
semiconductor_fab,01-working,33,16,0.9999
semiconductor_fab,01-working,34,16,0.9999
semiconductor_fab,01-working,35,17,0.9999
semiconductor_fab,01-working,36,17,0.99743
semiconductor_fab,01-working,37,18,0.99247
semiconductor_fab,01-working,38,18,0.99
semiconductor_fab,01-working,39,19,0.99
semiconductor_fab,01-working,40,19,0.99
semiconductor_fab,01-working,41,20,0.99
semiconductor_fab,01-working,42,20,0.99
semiconductor_fab,01-working,43,21,0.99
semiconductor_fab,01-working,44,21,0.99
semiconductor_fab,01-working,45,22,0.99
semiconductor_fab,01-working,46,22,0.99
semiconductor_fab,01-working,47,23,0.99
semiconductor_fab,01-working,48,23,0.98753
semiconductor_fab,01-nonworking,1,0,0.97275
semiconductor_fab,01-nonworking,2,0,0.9703
semiconductor_fab,01-nonworking,3,1,0.9703
semiconductor_fab,01-nonworking,4,1,0.9703
semiconductor_fab,01-nonworking,5,2,0.9703
semiconductor_fab,01-nonworking,6,2,0.9703
semiconductor_fab,01-nonworking,7,3,0.9703
semiconductor_fab,01-nonworking,8,3,0.9703
semiconductor_fab,01-nonworking,9,4,0.9703
semiconductor_fab,01-nonworking,10,4,0.9703
semiconductor_fab,01-nonworking,11,5,0.9703
semiconductor_fab,01-nonworking,12,5,0.9703
semiconductor_fab,01-nonworking,13,6,0.9703
semiconductor_fab,01-nonworking,14,6,0.9703
semiconductor_fab,01-nonworking,15,7,0.9703
semiconductor_fab,01-nonworking,16,7,0.9752
semiconductor_fab,01-nonworking,17,8,0.985
semiconductor_fab,01-nonworking,18,8,0.9899
semiconductor_fab,01-nonworking,19,9,0.9899
semiconductor_fab,01-nonworking,20,9,0.9899
semiconductor_fab,01-nonworking,21,10,0.9899
semiconductor_fab,01-nonworking,22,10,0.9899
semiconductor_fab,01-nonworking,23,11,0.9899
semiconductor_fab,01-nonworking,24,11,0.9899
semiconductor_fab,01-nonworking,25,12,0.9899
semiconductor_fab,01-nonworking,26,12,0.9899
semiconductor_fab,01-nonworking,27,13,0.9899
semiconductor_fab,01-nonworking,28,13,0.9899
semiconductor_fab,01-nonworking,29,14,0.9899
semiconductor_fab,01-nonworking,30,14,0.9899
semiconductor_fab,01-nonworking,31,15,0.9899
semiconductor_fab,01-nonworking,32,15,0.9899
semiconductor_fab,01-nonworking,33,16,0.9899
semiconductor_fab,01-nonworking,34,16,0.9899
semiconductor_fab,01-nonworking,35,17,0.9899
semiconductor_fab,01-nonworking,36,17,0.98745
semiconductor_fab,01-nonworking,37,18,0.98255
semiconductor_fab,01-nonworking,38,18,0.9801
semiconductor_fab,01-nonworking,39,19,0.9801
semiconductor_fab,01-nonworking,40,19,0.9801
semiconductor_fab,01-nonworking,41,20,0.9801
semiconductor_fab,01-nonworking,42,20,0.9801
semiconductor_fab,01-nonworking,43,21,0.9801
semiconductor_fab,01-nonworking,44,21,0.9801
semiconductor_fab,01-nonworking,45,22,0.9801
semiconductor_fab,01-nonworking,46,22,0.9801
semiconductor_fab,01-nonworking,47,23,0.9801
semiconductor_fab,01-nonworking,48,23,0.97765
semiconductor_fab,01-shutdown,1,0,0.9531
semiconductor_fab,01-shutdown,2,0,0.9507
semiconductor_fab,01-shutdown,3,1,0.9507
semiconductor_fab,01-shutdown,4,1,0.9507
semiconductor_fab,01-shutdown,5,2,0.9507
semiconductor_fab,01-shutdown,6,2,0.9507
semiconductor_fab,01-shutdown,7,3,0.9507
semiconductor_fab,01-shutdown,8,3,0.9507
semiconductor_fab,01-shutdown,9,4,0.9507
semiconductor_fab,01-shutdown,10,4,0.9507
semiconductor_fab,01-shutdown,11,5,0.9507
semiconductor_fab,01-shutdown,12,5,0.9507
semiconductor_fab,01-shutdown,13,6,0.9507
semiconductor_fab,01-shutdown,14,6,0.9507
semiconductor_fab,01-shutdown,15,7,0.9507
semiconductor_fab,01-shutdown,16,7,0.9555
semiconductor_fab,01-shutdown,17,8,0.9651
semiconductor_fab,01-shutdown,18,8,0.9699
semiconductor_fab,01-shutdown,19,9,0.9699
semiconductor_fab,01-shutdown,20,9,0.9699
semiconductor_fab,01-shutdown,21,10,0.9699
semiconductor_fab,01-shutdown,22,10,0.9699
semiconductor_fab,01-shutdown,23,11,0.9699
semiconductor_fab,01-shutdown,24,11,0.9699
semiconductor_fab,01-shutdown,25,12,0.9699
semiconductor_fab,01-shutdown,26,12,0.9699
semiconductor_fab,01-shutdown,27,13,0.9699
semiconductor_fab,01-shutdown,28,13,0.9699
semiconductor_fab,01-shutdown,29,14,0.9699
semiconductor_fab,01-shutdown,30,14,0.9699
semiconductor_fab,01-shutdown,31,15,0.9699
semiconductor_fab,01-shutdown,32,15,0.9699
semiconductor_fab,01-shutdown,33,16,0.9699
semiconductor_fab,01-shutdown,34,16,0.9699
semiconductor_fab,01-shutdown,35,17,0.9699
semiconductor_fab,01-shutdown,36,17,0.9675
semiconductor_fab,01-shutdown,37,18,0.9627
semiconductor_fab,01-shutdown,38,18,0.9603
semiconductor_fab,01-shutdown,39,19,0.9603
semiconductor_fab,01-shutdown,40,19,0.9603
semiconductor_fab,01-shutdown,41,20,0.9603
semiconductor_fab,01-shutdown,42,20,0.9603
semiconductor_fab,01-shutdown,43,21,0.9603
semiconductor_fab,01-shutdown,44,21,0.9603
semiconductor_fab,01-shutdown,45,22,0.9603
semiconductor_fab,01-shutdown,46,22,0.9603
semiconductor_fab,01-shutdown,47,23,0.9603
semiconductor_fab,01-shutdown,48,23,0.9579
semiconductor_fab,02-working,1,0,0.98257
semiconductor_fab,02-working,2,0,0.9801
semiconductor_fab,02-working,3,1,0.9801
semiconductor_fab,02-working,4,1,0.9801
semiconductor_fab,02-working,5,2,0.9801
semiconductor_fab,02-working,6,2,0.9801
semiconductor_fab,02-working,7,3,0.9801
semiconductor_fab,02-working,8,3,0.9801
semiconductor_fab,02-working,9,4,0.9801
semiconductor_fab,02-working,10,4,0.9801
semiconductor_fab,02-working,11,5,0.9801
semiconductor_fab,02-working,12,5,0.9801
semiconductor_fab,02-working,13,6,0.9801
semiconductor_fab,02-working,14,6,0.9801
semiconductor_fab,02-working,15,7,0.9801
semiconductor_fab,02-working,16,7,0.98505
semiconductor_fab,02-working,17,8,0.99495
semiconductor_fab,02-working,18,8,0.9999
semiconductor_fab,02-working,19,9,0.9999
semiconductor_fab,02-working,20,9,0.9999
semiconductor_fab,02-working,21,10,0.9999
semiconductor_fab,02-working,22,10,0.9999
semiconductor_fab,02-working,23,11,0.9999
semiconductor_fab,02-working,24,11,0.9999
semiconductor_fab,02-working,25,12,0.9999
semiconductor_fab,02-working,26,12,0.9999
semiconductor_fab,02-working,27,13,0.9999
semiconductor_fab,02-working,28,13,0.9999
semiconductor_fab,02-working,29,14,0.9999
semiconductor_fab,02-working,30,14,0.9999
semiconductor_fab,02-working,31,15,0.9999
semiconductor_fab,02-working,32,15,0.9999
semiconductor_fab,02-working,33,16,0.9999
semiconductor_fab,02-working,34,16,0.9999
semiconductor_fab,02-working,35,17,0.9999
semiconductor_fab,02-working,36,17,0.99743
semiconductor_fab,02-working,37,18,0.99247
semiconductor_fab,02-working,38,18,0.99
semiconductor_fab,02-working,39,19,0.99
semiconductor_fab,02-working,40,19,0.99
semiconductor_fab,02-working,41,20,0.99
semiconductor_fab,02-working,42,20,0.99
semiconductor_fab,02-working,43,21,0.99
semiconductor_fab,02-working,44,21,0.99
semiconductor_fab,02-working,45,22,0.99
semiconductor_fab,02-working,46,22,0.99
semiconductor_fab,02-working,47,23,0.99
semiconductor_fab,02-working,48,23,0.98753
semiconductor_fab,02-nonworking,1,0,0.97275
semiconductor_fab,02-nonworking,2,0,0.9703
semiconductor_fab,02-nonworking,3,1,0.9703
semiconductor_fab,02-nonworking,4,1,0.9703
semiconductor_fab,02-nonworking,5,2,0.9703
semiconductor_fab,02-nonworking,6,2,0.9703
semiconductor_fab,02-nonworking,7,3,0.9703
semiconductor_fab,02-nonworking,8,3,0.9703
semiconductor_fab,02-nonworking,9,4,0.9703
semiconductor_fab,02-nonworking,10,4,0.9703
semiconductor_fab,02-nonworking,11,5,0.9703
semiconductor_fab,02-nonworking,12,5,0.9703
semiconductor_fab,02-nonworking,13,6,0.9703
semiconductor_fab,02-nonworking,14,6,0.9703
semiconductor_fab,02-nonworking,15,7,0.9703
semiconductor_fab,02-nonworking,16,7,0.9752
semiconductor_fab,02-nonworking,17,8,0.985
semiconductor_fab,02-nonworking,18,8,0.9899
semiconductor_fab,02-nonworking,19,9,0.9899
semiconductor_fab,02-nonworking,20,9,0.9899
semiconductor_fab,02-nonworking,21,10,0.9899
semiconductor_fab,02-nonworking,22,10,0.9899
semiconductor_fab,02-nonworking,23,11,0.9899
semiconductor_fab,02-nonworking,24,11,0.9899
semiconductor_fab,02-nonworking,25,12,0.9899
semiconductor_fab,02-nonworking,26,12,0.9899
semiconductor_fab,02-nonworking,27,13,0.9899
semiconductor_fab,02-nonworking,28,13,0.9899
semiconductor_fab,02-nonworking,29,14,0.9899
semiconductor_fab,02-nonworking,30,14,0.9899
semiconductor_fab,02-nonworking,31,15,0.9899
semiconductor_fab,02-nonworking,32,15,0.9899
semiconductor_fab,02-nonworking,33,16,0.9899
semiconductor_fab,02-nonworking,34,16,0.9899
semiconductor_fab,02-nonworking,35,17,0.9899
semiconductor_fab,02-nonworking,36,17,0.98745
semiconductor_fab,02-nonworking,37,18,0.98255
semiconductor_fab,02-nonworking,38,18,0.9801
semiconductor_fab,02-nonworking,39,19,0.9801
semiconductor_fab,02-nonworking,40,19,0.9801
semiconductor_fab,02-nonworking,41,20,0.9801
semiconductor_fab,02-nonworking,42,20,0.9801
semiconductor_fab,02-nonworking,43,21,0.9801
semiconductor_fab,02-nonworking,44,21,0.9801
semiconductor_fab,02-nonworking,45,22,0.9801
semiconductor_fab,02-nonworking,46,22,0.9801
semiconductor_fab,02-nonworking,47,23,0.9801
semiconductor_fab,02-nonworking,48,23,0.97765
semiconductor_fab,02-shutdown,1,0,0.9531
semiconductor_fab,02-shutdown,2,0,0.9507
semiconductor_fab,02-shutdown,3,1,0.9507
semiconductor_fab,02-shutdown,4,1,0.9507
semiconductor_fab,02-shutdown,5,2,0.9507
semiconductor_fab,02-shutdown,6,2,0.9507
semiconductor_fab,02-shutdown,7,3,0.9507
semiconductor_fab,02-shutdown,8,3,0.9507
semiconductor_fab,02-shutdown,9,4,0.9507
semiconductor_fab,02-shutdown,10,4,0.9507
semiconductor_fab,02-shutdown,11,5,0.9507
semiconductor_fab,02-shutdown,12,5,0.9507
semiconductor_fab,02-shutdown,13,6,0.9507
semiconductor_fab,02-shutdown,14,6,0.9507
semiconductor_fab,02-shutdown,15,7,0.9507
semiconductor_fab,02-shutdown,16,7,0.9555
semiconductor_fab,02-shutdown,17,8,0.9651
semiconductor_fab,02-shutdown,18,8,0.9699
semiconductor_fab,02-shutdown,19,9,0.9699
semiconductor_fab,02-shutdown,20,9,0.9699
semiconductor_fab,02-shutdown,21,10,0.9699
semiconductor_fab,02-shutdown,22,10,0.9699
semiconductor_fab,02-shutdown,23,11,0.9699
semiconductor_fab,02-shutdown,24,11,0.9699
semiconductor_fab,02-shutdown,25,12,0.9699
semiconductor_fab,02-shutdown,26,12,0.9699
semiconductor_fab,02-shutdown,27,13,0.9699
semiconductor_fab,02-shutdown,28,13,0.9699
semiconductor_fab,02-shutdown,29,14,0.9699
semiconductor_fab,02-shutdown,30,14,0.9699
semiconductor_fab,02-shutdown,31,15,0.9699
semiconductor_fab,02-shutdown,32,15,0.9699
semiconductor_fab,02-shutdown,33,16,0.9699
semiconductor_fab,02-shutdown,34,16,0.9699
semiconductor_fab,02-shutdown,35,17,0.9699
semiconductor_fab,02-shutdown,36,17,0.9675
semiconductor_fab,02-shutdown,37,18,0.9627
semiconductor_fab,02-shutdown,38,18,0.9603
semiconductor_fab,02-shutdown,39,19,0.9603
semiconductor_fab,02-shutdown,40,19,0.9603
semiconductor_fab,02-shutdown,41,20,0.9603
semiconductor_fab,02-shutdown,42,20,0.9603
semiconductor_fab,02-shutdown,43,21,0.9603
semiconductor_fab,02-shutdown,44,21,0.9603
semiconductor_fab,02-shutdown,45,22,0.9603
semiconductor_fab,02-shutdown,46,22,0.9603
semiconductor_fab,02-shutdown,47,23,0.9603
semiconductor_fab,02-shutdown,48,23,0.9579
semiconductor_fab,03-working,1,0,0.98257
semiconductor_fab,03-working,2,0,0.9801
semiconductor_fab,03-working,3,1,0.9801
semiconductor_fab,03-working,4,1,0.9801
semiconductor_fab,03-working,5,2,0.9801
semiconductor_fab,03-working,6,2,0.9801
semiconductor_fab,03-working,7,3,0.9801
semiconductor_fab,03-working,8,3,0.9801
semiconductor_fab,03-working,9,4,0.9801
semiconductor_fab,03-working,10,4,0.9801
semiconductor_fab,03-working,11,5,0.9801
semiconductor_fab,03-working,12,5,0.9801
semiconductor_fab,03-working,13,6,0.9801
semiconductor_fab,03-working,14,6,0.9801
semiconductor_fab,03-working,15,7,0.9801
semiconductor_fab,03-working,16,7,0.98505
semiconductor_fab,03-working,17,8,0.99495
semiconductor_fab,03-working,18,8,0.9999
semiconductor_fab,03-working,19,9,0.9999
semiconductor_fab,03-working,20,9,0.9999
semiconductor_fab,03-working,21,10,0.9999
semiconductor_fab,03-working,22,10,0.9999
semiconductor_fab,03-working,23,11,0.9999
semiconductor_fab,03-working,24,11,0.9999
semiconductor_fab,03-working,25,12,0.9999
semiconductor_fab,03-working,26,12,0.9999
semiconductor_fab,03-working,27,13,0.9999
semiconductor_fab,03-working,28,13,0.9999
semiconductor_fab,03-working,29,14,0.9999
semiconductor_fab,03-working,30,14,0.9999
semiconductor_fab,03-working,31,15,0.9999
semiconductor_fab,03-working,32,15,0.9999
semiconductor_fab,03-working,33,16,0.9999
semiconductor_fab,03-working,34,16,0.9999
semiconductor_fab,03-working,35,17,0.9999
semiconductor_fab,03-working,36,17,0.99743
semiconductor_fab,03-working,37,18,0.99247
semiconductor_fab,03-working,38,18,0.99
semiconductor_fab,03-working,39,19,0.99
semiconductor_fab,03-working,40,19,0.99
semiconductor_fab,03-working,41,20,0.99
semiconductor_fab,03-working,42,20,0.99
semiconductor_fab,03-working,43,21,0.99
semiconductor_fab,03-working,44,21,0.99
semiconductor_fab,03-working,45,22,0.99
semiconductor_fab,03-working,46,22,0.99
semiconductor_fab,03-working,47,23,0.99
semiconductor_fab,03-working,48,23,0.98753
semiconductor_fab,03-nonworking,1,0,0.97275
semiconductor_fab,03-nonworking,2,0,0.9703
semiconductor_fab,03-nonworking,3,1,0.9703
semiconductor_fab,03-nonworking,4,1,0.9703
semiconductor_fab,03-nonworking,5,2,0.9703
semiconductor_fab,03-nonworking,6,2,0.9703
semiconductor_fab,03-nonworking,7,3,0.9703
semiconductor_fab,03-nonworking,8,3,0.9703
semiconductor_fab,03-nonworking,9,4,0.9703
semiconductor_fab,03-nonworking,10,4,0.9703
semiconductor_fab,03-nonworking,11,5,0.9703
semiconductor_fab,03-nonworking,12,5,0.9703
semiconductor_fab,03-nonworking,13,6,0.9703
semiconductor_fab,03-nonworking,14,6,0.9703
semiconductor_fab,03-nonworking,15,7,0.9703
semiconductor_fab,03-nonworking,16,7,0.9752
semiconductor_fab,03-nonworking,17,8,0.985
semiconductor_fab,03-nonworking,18,8,0.9899
semiconductor_fab,03-nonworking,19,9,0.9899
semiconductor_fab,03-nonworking,20,9,0.9899
semiconductor_fab,03-nonworking,21,10,0.9899
semiconductor_fab,03-nonworking,22,10,0.9899
semiconductor_fab,03-nonworking,23,11,0.9899
semiconductor_fab,03-nonworking,24,11,0.9899
semiconductor_fab,03-nonworking,25,12,0.9899
semiconductor_fab,03-nonworking,26,12,0.9899
semiconductor_fab,03-nonworking,27,13,0.9899
semiconductor_fab,03-nonworking,28,13,0.9899
semiconductor_fab,03-nonworking,29,14,0.9899
semiconductor_fab,03-nonworking,30,14,0.9899
semiconductor_fab,03-nonworking,31,15,0.9899
semiconductor_fab,03-nonworking,32,15,0.9899
semiconductor_fab,03-nonworking,33,16,0.9899
semiconductor_fab,03-nonworking,34,16,0.9899
semiconductor_fab,03-nonworking,35,17,0.9899
semiconductor_fab,03-nonworking,36,17,0.98745
semiconductor_fab,03-nonworking,37,18,0.98255
semiconductor_fab,03-nonworking,38,18,0.9801
semiconductor_fab,03-nonworking,39,19,0.9801
semiconductor_fab,03-nonworking,40,19,0.9801
semiconductor_fab,03-nonworking,41,20,0.9801
semiconductor_fab,03-nonworking,42,20,0.9801
semiconductor_fab,03-nonworking,43,21,0.9801
semiconductor_fab,03-nonworking,44,21,0.9801
semiconductor_fab,03-nonworking,45,22,0.9801
semiconductor_fab,03-nonworking,46,22,0.9801
semiconductor_fab,03-nonworking,47,23,0.9801
semiconductor_fab,03-nonworking,48,23,0.97765
semiconductor_fab,03-shutdown,1,0,0.9531
semiconductor_fab,03-shutdown,2,0,0.9507
semiconductor_fab,03-shutdown,3,1,0.9507
semiconductor_fab,03-shutdown,4,1,0.9507
semiconductor_fab,03-shutdown,5,2,0.9507
semiconductor_fab,03-shutdown,6,2,0.9507
semiconductor_fab,03-shutdown,7,3,0.9507
semiconductor_fab,03-shutdown,8,3,0.9507
semiconductor_fab,03-shutdown,9,4,0.9507
semiconductor_fab,03-shutdown,10,4,0.9507
semiconductor_fab,03-shutdown,11,5,0.9507
semiconductor_fab,03-shutdown,12,5,0.9507
semiconductor_fab,03-shutdown,13,6,0.9507
semiconductor_fab,03-shutdown,14,6,0.9507
semiconductor_fab,03-shutdown,15,7,0.9507
semiconductor_fab,03-shutdown,16,7,0.9555
semiconductor_fab,03-shutdown,17,8,0.9651
semiconductor_fab,03-shutdown,18,8,0.9699
semiconductor_fab,03-shutdown,19,9,0.9699
semiconductor_fab,03-shutdown,20,9,0.9699
semiconductor_fab,03-shutdown,21,10,0.9699
semiconductor_fab,03-shutdown,22,10,0.9699
semiconductor_fab,03-shutdown,23,11,0.9699
semiconductor_fab,03-shutdown,24,11,0.9699
semiconductor_fab,03-shutdown,25,12,0.9699
semiconductor_fab,03-shutdown,26,12,0.9699
semiconductor_fab,03-shutdown,27,13,0.9699
semiconductor_fab,03-shutdown,28,13,0.9699
semiconductor_fab,03-shutdown,29,14,0.9699
semiconductor_fab,03-shutdown,30,14,0.9699
semiconductor_fab,03-shutdown,31,15,0.9699
semiconductor_fab,03-shutdown,32,15,0.9699
semiconductor_fab,03-shutdown,33,16,0.9699
semiconductor_fab,03-shutdown,34,16,0.9699
semiconductor_fab,03-shutdown,35,17,0.9699
semiconductor_fab,03-shutdown,36,17,0.9675
semiconductor_fab,03-shutdown,37,18,0.9627
semiconductor_fab,03-shutdown,38,18,0.9603
semiconductor_fab,03-shutdown,39,19,0.9603
semiconductor_fab,03-shutdown,40,19,0.9603
semiconductor_fab,03-shutdown,41,20,0.9603
semiconductor_fab,03-shutdown,42,20,0.9603
semiconductor_fab,03-shutdown,43,21,0.9603
semiconductor_fab,03-shutdown,44,21,0.9603
semiconductor_fab,03-shutdown,45,22,0.9603
semiconductor_fab,03-shutdown,46,22,0.9603
semiconductor_fab,03-shutdown,47,23,0.9603
semiconductor_fab,03-shutdown,48,23,0.9579
semiconductor_fab,04-working,1,0,0.9925
semiconductor_fab,04-working,2,0,0.99
semiconductor_fab,04-working,3,1,0.99
semiconductor_fab,04-working,4,1,0.99
semiconductor_fab,04-working,5,2,0.99
semiconductor_fab,04-working,6,2,0.99
semiconductor_fab,04-working,7,3,0.99
semiconductor_fab,04-working,8,3,0.99
semiconductor_fab,04-working,9,4,0.99
semiconductor_fab,04-working,10,4,0.99
semiconductor_fab,04-working,11,5,0.99
semiconductor_fab,04-working,12,5,0.99
semiconductor_fab,04-working,13,6,0.99
semiconductor_fab,04-working,14,6,0.99
semiconductor_fab,04-working,15,7,0.99
semiconductor_fab,04-working,16,7,0.995
semiconductor_fab,04-working,17,8,1.005
semiconductor_fab,04-working,18,8,1.01
semiconductor_fab,04-working,19,9,1.01
semiconductor_fab,04-working,20,9,1.01
semiconductor_fab,04-working,21,10,1.01
semiconductor_fab,04-working,22,10,1.01
semiconductor_fab,04-working,23,11,1.01
semiconductor_fab,04-working,24,11,1.01
semiconductor_fab,04-working,25,12,1.01
semiconductor_fab,04-working,26,12,1.01
semiconductor_fab,04-working,27,13,1.01
semiconductor_fab,04-working,28,13,1.01
semiconductor_fab,04-working,29,14,1.01
semiconductor_fab,04-working,30,14,1.01
semiconductor_fab,04-working,31,15,1.01
semiconductor_fab,04-working,32,15,1.01
semiconductor_fab,04-working,33,16,1.01
semiconductor_fab,04-working,34,16,1.01
semiconductor_fab,04-working,35,17,1.01
semiconductor_fab,04-working,36,17,1.0075
semiconductor_fab,04-working,37,18,1.0025
semiconductor_fab,04-working,38,18,1
semiconductor_fab,04-working,39,19,1
semiconductor_fab,04-working,40,19,1
semiconductor_fab,04-working,41,20,1
semiconductor_fab,04-working,42,20,1
semiconductor_fab,04-working,43,21,1
semiconductor_fab,04-working,44,21,1
semiconductor_fab,04-working,45,22,1
semiconductor_fab,04-working,46,22,1
semiconductor_fab,04-working,47,23,1
semiconductor_fab,04-working,48,23,0.9975
semiconductor_fab,04-nonworking,1,0,0.98257
semiconductor_fab,04-nonworking,2,0,0.9801
semiconductor_fab,04-nonworking,3,1,0.9801
semiconductor_fab,04-nonworking,4,1,0.9801
semiconductor_fab,04-nonworking,5,2,0.9801
semiconductor_fab,04-nonworking,6,2,0.9801
semiconductor_fab,04-nonworking,7,3,0.9801
semiconductor_fab,04-nonworking,8,3,0.9801
semiconductor_fab,04-nonworking,9,4,0.9801
semiconductor_fab,04-nonworking,10,4,0.9801
semiconductor_fab,04-nonworking,11,5,0.9801
semiconductor_fab,04-nonworking,12,5,0.9801
semiconductor_fab,04-nonworking,13,6,0.9801
semiconductor_fab,04-nonworking,14,6,0.9801
semiconductor_fab,04-nonworking,15,7,0.9801
semiconductor_fab,04-nonworking,16,7,0.98505
semiconductor_fab,04-nonworking,17,8,0.99495
semiconductor_fab,04-nonworking,18,8,0.9999
semiconductor_fab,04-nonworking,19,9,0.9999
semiconductor_fab,04-nonworking,20,9,0.9999
semiconductor_fab,04-nonworking,21,10,0.9999
semiconductor_fab,04-nonworking,22,10,0.9999
semiconductor_fab,04-nonworking,23,11,0.9999
semiconductor_fab,04-nonworking,24,11,0.9999
semiconductor_fab,04-nonworking,25,12,0.9999
semiconductor_fab,04-nonworking,26,12,0.9999
semiconductor_fab,04-nonworking,27,13,0.9999
semiconductor_fab,04-nonworking,28,13,0.9999
semiconductor_fab,04-nonworking,29,14,0.9999
semiconductor_fab,04-nonworking,30,14,0.9999
semiconductor_fab,04-nonworking,31,15,0.9999
semiconductor_fab,04-nonworking,32,15,0.9999
semiconductor_fab,04-nonworking,33,16,0.9999
semiconductor_fab,04-nonworking,34,16,0.9999
semiconductor_fab,04-nonworking,35,17,0.9999
semiconductor_fab,04-nonworking,36,17,0.99743
semiconductor_fab,04-nonworking,37,18,0.99247
semiconductor_fab,04-nonworking,38,18,0.99
semiconductor_fab,04-nonworking,39,19,0.99
semiconductor_fab,04-nonworking,40,19,0.99
semiconductor_fab,04-nonworking,41,20,0.99
semiconductor_fab,04-nonworking,42,20,0.99
semiconductor_fab,04-nonworking,43,21,0.99
semiconductor_fab,04-nonworking,44,21,0.99
semiconductor_fab,04-nonworking,45,22,0.99
semiconductor_fab,04-nonworking,46,22,0.99
semiconductor_fab,04-nonworking,47,23,0.99
semiconductor_fab,04-nonworking,48,23,0.98753
semiconductor_fab,04-shutdown,1,0,0.96272
semiconductor_fab,04-shutdown,2,0,0.9603
semiconductor_fab,04-shutdown,3,1,0.9603
semiconductor_fab,04-shutdown,4,1,0.9603
semiconductor_fab,04-shutdown,5,2,0.9603
semiconductor_fab,04-shutdown,6,2,0.9603
semiconductor_fab,04-shutdown,7,3,0.9603
semiconductor_fab,04-shutdown,8,3,0.9603
semiconductor_fab,04-shutdown,9,4,0.9603
semiconductor_fab,04-shutdown,10,4,0.9603
semiconductor_fab,04-shutdown,11,5,0.9603
semiconductor_fab,04-shutdown,12,5,0.9603
semiconductor_fab,04-shutdown,13,6,0.9603
semiconductor_fab,04-shutdown,14,6,0.9603
semiconductor_fab,04-shutdown,15,7,0.9603
semiconductor_fab,04-shutdown,16,7,0.96515
semiconductor_fab,04-shutdown,17,8,0.97485
semiconductor_fab,04-shutdown,18,8,0.9797
semiconductor_fab,04-shutdown,19,9,0.9797
semiconductor_fab,04-shutdown,20,9,0.9797
semiconductor_fab,04-shutdown,21,10,0.9797
semiconductor_fab,04-shutdown,22,10,0.9797
semiconductor_fab,04-shutdown,23,11,0.9797
semiconductor_fab,04-shutdown,24,11,0.9797
semiconductor_fab,04-shutdown,25,12,0.9797
semiconductor_fab,04-shutdown,26,12,0.9797
semiconductor_fab,04-shutdown,27,13,0.9797
semiconductor_fab,04-shutdown,28,13,0.9797
semiconductor_fab,04-shutdown,29,14,0.9797
semiconductor_fab,04-shutdown,30,14,0.9797
semiconductor_fab,04-shutdown,31,15,0.9797
semiconductor_fab,04-shutdown,32,15,0.9797
semiconductor_fab,04-shutdown,33,16,0.9797
semiconductor_fab,04-shutdown,34,16,0.9797
semiconductor_fab,04-shutdown,35,17,0.9797
semiconductor_fab,04-shutdown,36,17,0.97728
semiconductor_fab,04-shutdown,37,18,0.97242
semiconductor_fab,04-shutdown,38,18,0.97
semiconductor_fab,04-shutdown,39,19,0.97
semiconductor_fab,04-shutdown,40,19,0.97
semiconductor_fab,04-shutdown,41,20,0.97
semiconductor_fab,04-shutdown,42,20,0.97
semiconductor_fab,04-shutdown,43,21,0.97
semiconductor_fab,04-shutdown,44,21,0.97
semiconductor_fab,04-shutdown,45,22,0.97
semiconductor_fab,04-shutdown,46,22,0.97
semiconductor_fab,04-shutdown,47,23,0.97
semiconductor_fab,04-shutdown,48,23,0.96758
semiconductor_fab,05-working,1,0,0.9925
semiconductor_fab,05-working,2,0,0.99
semiconductor_fab,05-working,3,1,0.99
semiconductor_fab,05-working,4,1,0.99
semiconductor_fab,05-working,5,2,0.99
semiconductor_fab,05-working,6,2,0.99
semiconductor_fab,05-working,7,3,0.99
semiconductor_fab,05-working,8,3,0.99
semiconductor_fab,05-working,9,4,0.99
semiconductor_fab,05-working,10,4,0.99
semiconductor_fab,05-working,11,5,0.99
semiconductor_fab,05-working,12,5,0.99
semiconductor_fab,05-working,13,6,0.99
semiconductor_fab,05-working,14,6,0.99
semiconductor_fab,05-working,15,7,0.99
semiconductor_fab,05-working,16,7,0.995
semiconductor_fab,05-working,17,8,1.005
semiconductor_fab,05-working,18,8,1.01
semiconductor_fab,05-working,19,9,1.01
semiconductor_fab,05-working,20,9,1.01
semiconductor_fab,05-working,21,10,1.01
semiconductor_fab,05-working,22,10,1.01
semiconductor_fab,05-working,23,11,1.01
semiconductor_fab,05-working,24,11,1.01
semiconductor_fab,05-working,25,12,1.01
semiconductor_fab,05-working,26,12,1.01
semiconductor_fab,05-working,27,13,1.01
semiconductor_fab,05-working,28,13,1.01
semiconductor_fab,05-working,29,14,1.01
semiconductor_fab,05-working,30,14,1.01
semiconductor_fab,05-working,31,15,1.01
semiconductor_fab,05-working,32,15,1.01
semiconductor_fab,05-working,33,16,1.01
semiconductor_fab,05-working,34,16,1.01
semiconductor_fab,05-working,35,17,1.01
semiconductor_fab,05-working,36,17,1.0075
semiconductor_fab,05-working,37,18,1.0025
semiconductor_fab,05-working,38,18,1
semiconductor_fab,05-working,39,19,1
semiconductor_fab,05-working,40,19,1
semiconductor_fab,05-working,41,20,1
semiconductor_fab,05-working,42,20,1
semiconductor_fab,05-working,43,21,1
semiconductor_fab,05-working,44,21,1
semiconductor_fab,05-working,45,22,1
semiconductor_fab,05-working,46,22,1
semiconductor_fab,05-working,47,23,1
semiconductor_fab,05-working,48,23,0.9975
semiconductor_fab,05-nonworking,1,0,0.98257
semiconductor_fab,05-nonworking,2,0,0.9801
semiconductor_fab,05-nonworking,3,1,0.9801
semiconductor_fab,05-nonworking,4,1,0.9801
semiconductor_fab,05-nonworking,5,2,0.9801
semiconductor_fab,05-nonworking,6,2,0.9801
semiconductor_fab,05-nonworking,7,3,0.9801
semiconductor_fab,05-nonworking,8,3,0.9801
semiconductor_fab,05-nonworking,9,4,0.9801
semiconductor_fab,05-nonworking,10,4,0.9801
semiconductor_fab,05-nonworking,11,5,0.9801
semiconductor_fab,05-nonworking,12,5,0.9801
semiconductor_fab,05-nonworking,13,6,0.9801
semiconductor_fab,05-nonworking,14,6,0.9801
semiconductor_fab,05-nonworking,15,7,0.9801
semiconductor_fab,05-nonworking,16,7,0.98505
semiconductor_fab,05-nonworking,17,8,0.99495
semiconductor_fab,05-nonworking,18,8,0.9999
semiconductor_fab,05-nonworking,19,9,0.9999
semiconductor_fab,05-nonworking,20,9,0.9999
semiconductor_fab,05-nonworking,21,10,0.9999
semiconductor_fab,05-nonworking,22,10,0.9999
semiconductor_fab,05-nonworking,23,11,0.9999
semiconductor_fab,05-nonworking,24,11,0.9999
semiconductor_fab,05-nonworking,25,12,0.9999
semiconductor_fab,05-nonworking,26,12,0.9999
semiconductor_fab,05-nonworking,27,13,0.9999
semiconductor_fab,05-nonworking,28,13,0.9999
semiconductor_fab,05-nonworking,29,14,0.9999
semiconductor_fab,05-nonworking,30,14,0.9999
semiconductor_fab,05-nonworking,31,15,0.9999
semiconductor_fab,05-nonworking,32,15,0.9999
semiconductor_fab,05-nonworking,33,16,0.9999
semiconductor_fab,05-nonworking,34,16,0.9999
semiconductor_fab,05-nonworking,35,17,0.9999
semiconductor_fab,05-nonworking,36,17,0.99743
semiconductor_fab,05-nonworking,37,18,0.99247
semiconductor_fab,05-nonworking,38,18,0.99
semiconductor_fab,05-nonworking,39,19,0.99
semiconductor_fab,05-nonworking,40,19,0.99
semiconductor_fab,05-nonworking,41,20,0.99
semiconductor_fab,05-nonworking,42,20,0.99
semiconductor_fab,05-nonworking,43,21,0.99
semiconductor_fab,05-nonworking,44,21,0.99
semiconductor_fab,05-nonworking,45,22,0.99
semiconductor_fab,05-nonworking,46,22,0.99
semiconductor_fab,05-nonworking,47,23,0.99
semiconductor_fab,05-nonworking,48,23,0.98753
semiconductor_fab,05-shutdown,1,0,0.96272
semiconductor_fab,05-shutdown,2,0,0.9603
semiconductor_fab,05-shutdown,3,1,0.9603
semiconductor_fab,05-shutdown,4,1,0.9603
semiconductor_fab,05-shutdown,5,2,0.9603
semiconductor_fab,05-shutdown,6,2,0.9603
semiconductor_fab,05-shutdown,7,3,0.9603
semiconductor_fab,05-shutdown,8,3,0.9603
semiconductor_fab,05-shutdown,9,4,0.9603
semiconductor_fab,05-shutdown,10,4,0.9603
semiconductor_fab,05-shutdown,11,5,0.9603
semiconductor_fab,05-shutdown,12,5,0.9603
semiconductor_fab,05-shutdown,13,6,0.9603
semiconductor_fab,05-shutdown,14,6,0.9603
semiconductor_fab,05-shutdown,15,7,0.9603
semiconductor_fab,05-shutdown,16,7,0.96515
semiconductor_fab,05-shutdown,17,8,0.97485
semiconductor_fab,05-shutdown,18,8,0.9797
semiconductor_fab,05-shutdown,19,9,0.9797
semiconductor_fab,05-shutdown,20,9,0.9797
semiconductor_fab,05-shutdown,21,10,0.9797
semiconductor_fab,05-shutdown,22,10,0.9797
semiconductor_fab,05-shutdown,23,11,0.9797
semiconductor_fab,05-shutdown,24,11,0.9797
semiconductor_fab,05-shutdown,25,12,0.9797
semiconductor_fab,05-shutdown,26,12,0.9797
semiconductor_fab,05-shutdown,27,13,0.9797
semiconductor_fab,05-shutdown,28,13,0.9797
semiconductor_fab,05-shutdown,29,14,0.9797
semiconductor_fab,05-shutdown,30,14,0.9797
semiconductor_fab,05-shutdown,31,15,0.9797
semiconductor_fab,05-shutdown,32,15,0.9797
semiconductor_fab,05-shutdown,33,16,0.9797
semiconductor_fab,05-shutdown,34,16,0.9797
semiconductor_fab,05-shutdown,35,17,0.9797
semiconductor_fab,05-shutdown,36,17,0.97728
semiconductor_fab,05-shutdown,37,18,0.97242
semiconductor_fab,05-shutdown,38,18,0.97
semiconductor_fab,05-shutdown,39,19,0.97
semiconductor_fab,05-shutdown,40,19,0.97
semiconductor_fab,05-shutdown,41,20,0.97
semiconductor_fab,05-shutdown,42,20,0.97
semiconductor_fab,05-shutdown,43,21,0.97
semiconductor_fab,05-shutdown,44,21,0.97
semiconductor_fab,05-shutdown,45,22,0.97
semiconductor_fab,05-shutdown,46,22,0.97
semiconductor_fab,05-shutdown,47,23,0.97
semiconductor_fab,05-shutdown,48,23,0.96758
semiconductor_fab,06-working,1,0,1.00242
semiconductor_fab,06-working,2,0,0.9999
semiconductor_fab,06-working,3,1,0.9999
semiconductor_fab,06-working,4,1,0.9999
semiconductor_fab,06-working,5,2,0.9999
semiconductor_fab,06-working,6,2,0.9999
semiconductor_fab,06-working,7,3,0.9999
semiconductor_fab,06-working,8,3,0.9999
semiconductor_fab,06-working,9,4,0.9999
semiconductor_fab,06-working,10,4,0.9999
semiconductor_fab,06-working,11,5,0.9999
semiconductor_fab,06-working,12,5,0.9999
semiconductor_fab,06-working,13,6,0.9999
semiconductor_fab,06-working,14,6,0.9999
semiconductor_fab,06-working,15,7,0.9999
semiconductor_fab,06-working,16,7,1.00495
semiconductor_fab,06-working,17,8,1.01505
semiconductor_fab,06-working,18,8,1.0201
semiconductor_fab,06-working,19,9,1.0201
semiconductor_fab,06-working,20,9,1.0201
semiconductor_fab,06-working,21,10,1.0201
semiconductor_fab,06-working,22,10,1.0201
semiconductor_fab,06-working,23,11,1.0201
semiconductor_fab,06-working,24,11,1.0201
semiconductor_fab,06-working,25,12,1.0201
semiconductor_fab,06-working,26,12,1.0201
semiconductor_fab,06-working,27,13,1.0201
semiconductor_fab,06-working,28,13,1.0201
semiconductor_fab,06-working,29,14,1.0201
semiconductor_fab,06-working,30,14,1.0201
semiconductor_fab,06-working,31,15,1.0201
semiconductor_fab,06-working,32,15,1.0201
semiconductor_fab,06-working,33,16,1.0201
semiconductor_fab,06-working,34,16,1.0201
semiconductor_fab,06-working,35,17,1.0201
semiconductor_fab,06-working,36,17,1.01758
semiconductor_fab,06-working,37,18,1.01252
semiconductor_fab,06-working,38,18,1.01
semiconductor_fab,06-working,39,19,1.01
semiconductor_fab,06-working,40,19,1.01
semiconductor_fab,06-working,41,20,1.01
semiconductor_fab,06-working,42,20,1.01
semiconductor_fab,06-working,43,21,1.01
semiconductor_fab,06-working,44,21,1.01
semiconductor_fab,06-working,45,22,1.01
semiconductor_fab,06-working,46,22,1.01
semiconductor_fab,06-working,47,23,1.01
semiconductor_fab,06-working,48,23,1.00748
semiconductor_fab,06-nonworking,1,0,0.9924
semiconductor_fab,06-nonworking,2,0,0.9899
semiconductor_fab,06-nonworking,3,1,0.9899
semiconductor_fab,06-nonworking,4,1,0.9899
semiconductor_fab,06-nonworking,5,2,0.9899
semiconductor_fab,06-nonworking,6,2,0.9899
semiconductor_fab,06-nonworking,7,3,0.9899
semiconductor_fab,06-nonworking,8,3,0.9899
semiconductor_fab,06-nonworking,9,4,0.9899
semiconductor_fab,06-nonworking,10,4,0.9899
semiconductor_fab,06-nonworking,11,5,0.9899
semiconductor_fab,06-nonworking,12,5,0.9899
semiconductor_fab,06-nonworking,13,6,0.9899
semiconductor_fab,06-nonworking,14,6,0.9899
semiconductor_fab,06-nonworking,15,7,0.9899
semiconductor_fab,06-nonworking,16,7,0.9949
semiconductor_fab,06-nonworking,17,8,1.0049
semiconductor_fab,06-nonworking,18,8,1.0099
semiconductor_fab,06-nonworking,19,9,1.0099
semiconductor_fab,06-nonworking,20,9,1.0099
semiconductor_fab,06-nonworking,21,10,1.0099
semiconductor_fab,06-nonworking,22,10,1.0099
semiconductor_fab,06-nonworking,23,11,1.0099
semiconductor_fab,06-nonworking,24,11,1.0099
semiconductor_fab,06-nonworking,25,12,1.0099
semiconductor_fab,06-nonworking,26,12,1.0099
semiconductor_fab,06-nonworking,27,13,1.0099
semiconductor_fab,06-nonworking,28,13,1.0099
semiconductor_fab,06-nonworking,29,14,1.0099
semiconductor_fab,06-nonworking,30,14,1.0099
semiconductor_fab,06-nonworking,31,15,1.0099
semiconductor_fab,06-nonworking,32,15,1.0099
semiconductor_fab,06-nonworking,33,16,1.0099
semiconductor_fab,06-nonworking,34,16,1.0099
semiconductor_fab,06-nonworking,35,17,1.0099
semiconductor_fab,06-nonworking,36,17,1.0074
semiconductor_fab,06-nonworking,37,18,1.0024
semiconductor_fab,06-nonworking,38,18,0.9999
semiconductor_fab,06-nonworking,39,19,0.9999
semiconductor_fab,06-nonworking,40,19,0.9999
semiconductor_fab,06-nonworking,41,20,0.9999
semiconductor_fab,06-nonworking,42,20,0.9999
semiconductor_fab,06-nonworking,43,21,0.9999
semiconductor_fab,06-nonworking,44,21,0.9999
semiconductor_fab,06-nonworking,45,22,0.9999
semiconductor_fab,06-nonworking,46,22,0.9999
semiconductor_fab,06-nonworking,47,23,0.9999
semiconductor_fab,06-nonworking,48,23,0.9974
semiconductor_fab,06-shutdown,1,0,0.97235
semiconductor_fab,06-shutdown,2,0,0.9699
semiconductor_fab,06-shutdown,3,1,0.9699
semiconductor_fab,06-shutdown,4,1,0.9699
semiconductor_fab,06-shutdown,5,2,0.9699
semiconductor_fab,06-shutdown,6,2,0.9699
semiconductor_fab,06-shutdown,7,3,0.9699
semiconductor_fab,06-shutdown,8,3,0.9699
semiconductor_fab,06-shutdown,9,4,0.9699
semiconductor_fab,06-shutdown,10,4,0.9699
semiconductor_fab,06-shutdown,11,5,0.9699
semiconductor_fab,06-shutdown,12,5,0.9699
semiconductor_fab,06-shutdown,13,6,0.9699
semiconductor_fab,06-shutdown,14,6,0.9699
semiconductor_fab,06-shutdown,15,7,0.9699
semiconductor_fab,06-shutdown,16,7,0.9748
semiconductor_fab,06-shutdown,17,8,0.9846
semiconductor_fab,06-shutdown,18,8,0.9895
semiconductor_fab,06-shutdown,19,9,0.9895
semiconductor_fab,06-shutdown,20,9,0.9895
semiconductor_fab,06-shutdown,21,10,0.9895
semiconductor_fab,06-shutdown,22,10,0.9895
semiconductor_fab,06-shutdown,23,11,0.9895
semiconductor_fab,06-shutdown,24,11,0.9895
semiconductor_fab,06-shutdown,25,12,0.9895
semiconductor_fab,06-shutdown,26,12,0.9895
semiconductor_fab,06-shutdown,27,13,0.9895
semiconductor_fab,06-shutdown,28,13,0.9895
semiconductor_fab,06-shutdown,29,14,0.9895
semiconductor_fab,06-shutdown,30,14,0.9895
semiconductor_fab,06-shutdown,31,15,0.9895
semiconductor_fab,06-shutdown,32,15,0.9895
semiconductor_fab,06-shutdown,33,16,0.9895
semiconductor_fab,06-shutdown,34,16,0.9895
semiconductor_fab,06-shutdown,35,17,0.9895
semiconductor_fab,06-shutdown,36,17,0.98705
semiconductor_fab,06-shutdown,37,18,0.98215
semiconductor_fab,06-shutdown,38,18,0.9797
semiconductor_fab,06-shutdown,39,19,0.9797
semiconductor_fab,06-shutdown,40,19,0.9797
semiconductor_fab,06-shutdown,41,20,0.9797
semiconductor_fab,06-shutdown,42,20,0.9797
semiconductor_fab,06-shutdown,43,21,0.9797
semiconductor_fab,06-shutdown,44,21,0.9797
semiconductor_fab,06-shutdown,45,22,0.9797
semiconductor_fab,06-shutdown,46,22,0.9797
semiconductor_fab,06-shutdown,47,23,0.9797
semiconductor_fab,06-shutdown,48,23,0.97725
semiconductor_fab,07-working,1,0,1.02228
semiconductor_fab,07-working,2,0,1.0197
semiconductor_fab,07-working,3,1,1.0197
semiconductor_fab,07-working,4,1,1.0197
semiconductor_fab,07-working,5,2,1.0197
semiconductor_fab,07-working,6,2,1.0197
semiconductor_fab,07-working,7,3,1.0197
semiconductor_fab,07-working,8,3,1.0197
semiconductor_fab,07-working,9,4,1.0197
semiconductor_fab,07-working,10,4,1.0197
semiconductor_fab,07-working,11,5,1.0197
semiconductor_fab,07-working,12,5,1.0197
semiconductor_fab,07-working,13,6,1.0197
semiconductor_fab,07-working,14,6,1.0197
semiconductor_fab,07-working,15,7,1.0197
semiconductor_fab,07-working,16,7,1.02485
semiconductor_fab,07-working,17,8,1.03515
semiconductor_fab,07-working,18,8,1.0403
semiconductor_fab,07-working,19,9,1.0403
semiconductor_fab,07-working,20,9,1.0403
semiconductor_fab,07-working,21,10,1.0403
semiconductor_fab,07-working,22,10,1.0403
semiconductor_fab,07-working,23,11,1.0403
semiconductor_fab,07-working,24,11,1.0403
semiconductor_fab,07-working,25,12,1.0403
semiconductor_fab,07-working,26,12,1.0403
semiconductor_fab,07-working,27,13,1.0403
semiconductor_fab,07-working,28,13,1.0403
semiconductor_fab,07-working,29,14,1.0403
semiconductor_fab,07-working,30,14,1.0403
semiconductor_fab,07-working,31,15,1.0403
semiconductor_fab,07-working,32,15,1.0403
semiconductor_fab,07-working,33,16,1.0403
semiconductor_fab,07-working,34,16,1.0403
semiconductor_fab,07-working,35,17,1.0403
semiconductor_fab,07-working,36,17,1.03773
semiconductor_fab,07-working,37,18,1.03258
semiconductor_fab,07-working,38,18,1.03
semiconductor_fab,07-working,39,19,1.03
semiconductor_fab,07-working,40,19,1.03
semiconductor_fab,07-working,41,20,1.03
semiconductor_fab,07-working,42,20,1.03
semiconductor_fab,07-working,43,21,1.03
semiconductor_fab,07-working,44,21,1.03
semiconductor_fab,07-working,45,22,1.03
semiconductor_fab,07-working,46,22,1.03
semiconductor_fab,07-working,47,23,1.03
semiconductor_fab,07-working,48,23,1.02743
semiconductor_fab,07-nonworking,1,0,1.01205
semiconductor_fab,07-nonworking,2,0,1.0095
semiconductor_fab,07-nonworking,3,1,1.0095
semiconductor_fab,07-nonworking,4,1,1.0095
semiconductor_fab,07-nonworking,5,2,1.0095
semiconductor_fab,07-nonworking,6,2,1.0095
semiconductor_fab,07-nonworking,7,3,1.0095
semiconductor_fab,07-nonworking,8,3,1.0095
semiconductor_fab,07-nonworking,9,4,1.0095
semiconductor_fab,07-nonworking,10,4,1.0095
semiconductor_fab,07-nonworking,11,5,1.0095
semiconductor_fab,07-nonworking,12,5,1.0095
semiconductor_fab,07-nonworking,13,6,1.0095
semiconductor_fab,07-nonworking,14,6,1.0095
semiconductor_fab,07-nonworking,15,7,1.0095
semiconductor_fab,07-nonworking,16,7,1.0146
semiconductor_fab,07-nonworking,17,8,1.0248
semiconductor_fab,07-nonworking,18,8,1.0299
semiconductor_fab,07-nonworking,19,9,1.0299
semiconductor_fab,07-nonworking,20,9,1.0299
semiconductor_fab,07-nonworking,21,10,1.0299
semiconductor_fab,07-nonworking,22,10,1.0299
semiconductor_fab,07-nonworking,23,11,1.0299
semiconductor_fab,07-nonworking,24,11,1.0299
semiconductor_fab,07-nonworking,25,12,1.0299
semiconductor_fab,07-nonworking,26,12,1.0299
semiconductor_fab,07-nonworking,27,13,1.0299
semiconductor_fab,07-nonworking,28,13,1.0299
semiconductor_fab,07-nonworking,29,14,1.0299
semiconductor_fab,07-nonworking,30,14,1.0299
semiconductor_fab,07-nonworking,31,15,1.0299
semiconductor_fab,07-nonworking,32,15,1.0299
semiconductor_fab,07-nonworking,33,16,1.0299
semiconductor_fab,07-nonworking,34,16,1.0299
semiconductor_fab,07-nonworking,35,17,1.0299
semiconductor_fab,07-nonworking,36,17,1.02735
semiconductor_fab,07-nonworking,37,18,1.02225
semiconductor_fab,07-nonworking,38,18,1.0197
semiconductor_fab,07-nonworking,39,19,1.0197
semiconductor_fab,07-nonworking,40,19,1.0197
semiconductor_fab,07-nonworking,41,20,1.0197
semiconductor_fab,07-nonworking,42,20,1.0197
semiconductor_fab,07-nonworking,43,21,1.0197
semiconductor_fab,07-nonworking,44,21,1.0197
semiconductor_fab,07-nonworking,45,22,1.0197
semiconductor_fab,07-nonworking,46,22,1.0197
semiconductor_fab,07-nonworking,47,23,1.0197
semiconductor_fab,07-nonworking,48,23,1.01715
semiconductor_fab,07-shutdown,1,0,0.99161
semiconductor_fab,07-shutdown,2,0,0.98911
semiconductor_fab,07-shutdown,3,1,0.98911
semiconductor_fab,07-shutdown,4,1,0.98911
semiconductor_fab,07-shutdown,5,2,0.98911
semiconductor_fab,07-shutdown,6,2,0.98911
semiconductor_fab,07-shutdown,7,3,0.98911
semiconductor_fab,07-shutdown,8,3,0.98911
semiconductor_fab,07-shutdown,9,4,0.98911
semiconductor_fab,07-shutdown,10,4,0.98911
semiconductor_fab,07-shutdown,11,5,0.98911
semiconductor_fab,07-shutdown,12,5,0.98911
semiconductor_fab,07-shutdown,13,6,0.98911
semiconductor_fab,07-shutdown,14,6,0.98911
semiconductor_fab,07-shutdown,15,7,0.98911
semiconductor_fab,07-shutdown,16,7,0.9941
semiconductor_fab,07-shutdown,17,8,1.0041
semiconductor_fab,07-shutdown,18,8,1.00909
semiconductor_fab,07-shutdown,19,9,1.00909
semiconductor_fab,07-shutdown,20,9,1.00909
semiconductor_fab,07-shutdown,21,10,1.00909
semiconductor_fab,07-shutdown,22,10,1.00909
semiconductor_fab,07-shutdown,23,11,1.00909
semiconductor_fab,07-shutdown,24,11,1.00909
semiconductor_fab,07-shutdown,25,12,1.00909
semiconductor_fab,07-shutdown,26,12,1.00909
semiconductor_fab,07-shutdown,27,13,1.00909
semiconductor_fab,07-shutdown,28,13,1.00909
semiconductor_fab,07-shutdown,29,14,1.00909
semiconductor_fab,07-shutdown,30,14,1.00909
semiconductor_fab,07-shutdown,31,15,1.00909
semiconductor_fab,07-shutdown,32,15,1.00909
semiconductor_fab,07-shutdown,33,16,1.00909
semiconductor_fab,07-shutdown,34,16,1.00909
semiconductor_fab,07-shutdown,35,17,1.00909
semiconductor_fab,07-shutdown,36,17,1.00659
semiconductor_fab,07-shutdown,37,18,1.0016
semiconductor_fab,07-shutdown,38,18,0.9991
semiconductor_fab,07-shutdown,39,19,0.9991
semiconductor_fab,07-shutdown,40,19,0.9991
semiconductor_fab,07-shutdown,41,20,0.9991
semiconductor_fab,07-shutdown,42,20,0.9991
semiconductor_fab,07-shutdown,43,21,0.9991
semiconductor_fab,07-shutdown,44,21,0.9991
semiconductor_fab,07-shutdown,45,22,0.9991
semiconductor_fab,07-shutdown,46,22,0.9991
semiconductor_fab,07-shutdown,47,23,0.9991
semiconductor_fab,07-shutdown,48,23,0.9966
semiconductor_fab,08-working,1,0,1.02228
semiconductor_fab,08-working,2,0,1.0197
semiconductor_fab,08-working,3,1,1.0197
semiconductor_fab,08-working,4,1,1.0197
semiconductor_fab,08-working,5,2,1.0197
semiconductor_fab,08-working,6,2,1.0197
semiconductor_fab,08-working,7,3,1.0197
semiconductor_fab,08-working,8,3,1.0197
semiconductor_fab,08-working,9,4,1.0197
semiconductor_fab,08-working,10,4,1.0197
semiconductor_fab,08-working,11,5,1.0197
semiconductor_fab,08-working,12,5,1.0197
semiconductor_fab,08-working,13,6,1.0197
semiconductor_fab,08-working,14,6,1.0197
semiconductor_fab,08-working,15,7,1.0197
semiconductor_fab,08-working,16,7,1.02485
semiconductor_fab,08-working,17,8,1.03515
semiconductor_fab,08-working,18,8,1.0403
semiconductor_fab,08-working,19,9,1.0403
semiconductor_fab,08-working,20,9,1.0403
semiconductor_fab,08-working,21,10,1.0403
semiconductor_fab,08-working,22,10,1.0403
semiconductor_fab,08-working,23,11,1.0403
semiconductor_fab,08-working,24,11,1.0403
semiconductor_fab,08-working,25,12,1.0403
semiconductor_fab,08-working,26,12,1.0403
semiconductor_fab,08-working,27,13,1.0403
semiconductor_fab,08-working,28,13,1.0403
semiconductor_fab,08-working,29,14,1.0403
semiconductor_fab,08-working,30,14,1.0403
semiconductor_fab,08-working,31,15,1.0403
semiconductor_fab,08-working,32,15,1.0403
semiconductor_fab,08-working,33,16,1.0403
semiconductor_fab,08-working,34,16,1.0403
semiconductor_fab,08-working,35,17,1.0403
semiconductor_fab,08-working,36,17,1.03773
semiconductor_fab,08-working,37,18,1.03258
semiconductor_fab,08-working,38,18,1.03
semiconductor_fab,08-working,39,19,1.03
semiconductor_fab,08-working,40,19,1.03
semiconductor_fab,08-working,41,20,1.03
semiconductor_fab,08-working,42,20,1.03
semiconductor_fab,08-working,43,21,1.03
semiconductor_fab,08-working,44,21,1.03
semiconductor_fab,08-working,45,22,1.03
semiconductor_fab,08-working,46,22,1.03
semiconductor_fab,08-working,47,23,1.03
semiconductor_fab,08-working,48,23,1.02743
semiconductor_fab,08-nonworking,1,0,1.01205
semiconductor_fab,08-nonworking,2,0,1.0095
semiconductor_fab,08-nonworking,3,1,1.0095
semiconductor_fab,08-nonworking,4,1,1.0095
semiconductor_fab,08-nonworking,5,2,1.0095
semiconductor_fab,08-nonworking,6,2,1.0095
semiconductor_fab,08-nonworking,7,3,1.0095
semiconductor_fab,08-nonworking,8,3,1.0095
semiconductor_fab,08-nonworking,9,4,1.0095
semiconductor_fab,08-nonworking,10,4,1.0095
semiconductor_fab,08-nonworking,11,5,1.0095
semiconductor_fab,08-nonworking,12,5,1.0095
semiconductor_fab,08-nonworking,13,6,1.0095
semiconductor_fab,08-nonworking,14,6,1.0095
semiconductor_fab,08-nonworking,15,7,1.0095
semiconductor_fab,08-nonworking,16,7,1.0146
semiconductor_fab,08-nonworking,17,8,1.0248
semiconductor_fab,08-nonworking,18,8,1.0299
semiconductor_fab,08-nonworking,19,9,1.0299
semiconductor_fab,08-nonworking,20,9,1.0299
semiconductor_fab,08-nonworking,21,10,1.0299
semiconductor_fab,08-nonworking,22,10,1.0299
semiconductor_fab,08-nonworking,23,11,1.0299
semiconductor_fab,08-nonworking,24,11,1.0299
semiconductor_fab,08-nonworking,25,12,1.0299
semiconductor_fab,08-nonworking,26,12,1.0299
semiconductor_fab,08-nonworking,27,13,1.0299
semiconductor_fab,08-nonworking,28,13,1.0299
semiconductor_fab,08-nonworking,29,14,1.0299
semiconductor_fab,08-nonworking,30,14,1.0299
semiconductor_fab,08-nonworking,31,15,1.0299
semiconductor_fab,08-nonworking,32,15,1.0299
semiconductor_fab,08-nonworking,33,16,1.0299
semiconductor_fab,08-nonworking,34,16,1.0299
semiconductor_fab,08-nonworking,35,17,1.0299
semiconductor_fab,08-nonworking,36,17,1.02735
semiconductor_fab,08-nonworking,37,18,1.02225
semiconductor_fab,08-nonworking,38,18,1.0197
semiconductor_fab,08-nonworking,39,19,1.0197
semiconductor_fab,08-nonworking,40,19,1.0197
semiconductor_fab,08-nonworking,41,20,1.0197
semiconductor_fab,08-nonworking,42,20,1.0197
semiconductor_fab,08-nonworking,43,21,1.0197
semiconductor_fab,08-nonworking,44,21,1.0197
semiconductor_fab,08-nonworking,45,22,1.0197
semiconductor_fab,08-nonworking,46,22,1.0197
semiconductor_fab,08-nonworking,47,23,1.0197
semiconductor_fab,08-nonworking,48,23,1.01715
semiconductor_fab,08-shutdown,1,0,0.99161
semiconductor_fab,08-shutdown,2,0,0.98911
semiconductor_fab,08-shutdown,3,1,0.98911
semiconductor_fab,08-shutdown,4,1,0.98911
semiconductor_fab,08-shutdown,5,2,0.98911
semiconductor_fab,08-shutdown,6,2,0.98911
semiconductor_fab,08-shutdown,7,3,0.98911
semiconductor_fab,08-shutdown,8,3,0.98911
semiconductor_fab,08-shutdown,9,4,0.98911
semiconductor_fab,08-shutdown,10,4,0.98911
semiconductor_fab,08-shutdown,11,5,0.98911
semiconductor_fab,08-shutdown,12,5,0.98911
semiconductor_fab,08-shutdown,13,6,0.98911
semiconductor_fab,08-shutdown,14,6,0.98911
semiconductor_fab,08-shutdown,15,7,0.98911
semiconductor_fab,08-shutdown,16,7,0.9941
semiconductor_fab,08-shutdown,17,8,1.0041
semiconductor_fab,08-shutdown,18,8,1.00909
semiconductor_fab,08-shutdown,19,9,1.00909
semiconductor_fab,08-shutdown,20,9,1.00909
semiconductor_fab,08-shutdown,21,10,1.00909
semiconductor_fab,08-shutdown,22,10,1.00909
semiconductor_fab,08-shutdown,23,11,1.00909
semiconductor_fab,08-shutdown,24,11,1.00909
semiconductor_fab,08-shutdown,25,12,1.00909
semiconductor_fab,08-shutdown,26,12,1.00909
semiconductor_fab,08-shutdown,27,13,1.00909
semiconductor_fab,08-shutdown,28,13,1.00909
semiconductor_fab,08-shutdown,29,14,1.00909
semiconductor_fab,08-shutdown,30,14,1.00909
semiconductor_fab,08-shutdown,31,15,1.00909
semiconductor_fab,08-shutdown,32,15,1.00909
semiconductor_fab,08-shutdown,33,16,1.00909
semiconductor_fab,08-shutdown,34,16,1.00909
semiconductor_fab,08-shutdown,35,17,1.00909
semiconductor_fab,08-shutdown,36,17,1.00659
semiconductor_fab,08-shutdown,37,18,1.0016
semiconductor_fab,08-shutdown,38,18,0.9991
semiconductor_fab,08-shutdown,39,19,0.9991
semiconductor_fab,08-shutdown,40,19,0.9991
semiconductor_fab,08-shutdown,41,20,0.9991
semiconductor_fab,08-shutdown,42,20,0.9991
semiconductor_fab,08-shutdown,43,21,0.9991
semiconductor_fab,08-shutdown,44,21,0.9991
semiconductor_fab,08-shutdown,45,22,0.9991
semiconductor_fab,08-shutdown,46,22,0.9991
semiconductor_fab,08-shutdown,47,23,0.9991
semiconductor_fab,08-shutdown,48,23,0.9966
semiconductor_fab,09-working,1,0,1.01235
semiconductor_fab,09-working,2,0,1.0098
semiconductor_fab,09-working,3,1,1.0098
semiconductor_fab,09-working,4,1,1.0098
semiconductor_fab,09-working,5,2,1.0098
semiconductor_fab,09-working,6,2,1.0098
semiconductor_fab,09-working,7,3,1.0098
semiconductor_fab,09-working,8,3,1.0098
semiconductor_fab,09-working,9,4,1.0098
semiconductor_fab,09-working,10,4,1.0098
semiconductor_fab,09-working,11,5,1.0098
semiconductor_fab,09-working,12,5,1.0098
semiconductor_fab,09-working,13,6,1.0098
semiconductor_fab,09-working,14,6,1.0098
semiconductor_fab,09-working,15,7,1.0098
semiconductor_fab,09-working,16,7,1.0149
semiconductor_fab,09-working,17,8,1.0251
semiconductor_fab,09-working,18,8,1.0302
semiconductor_fab,09-working,19,9,1.0302
semiconductor_fab,09-working,20,9,1.0302
semiconductor_fab,09-working,21,10,1.0302
semiconductor_fab,09-working,22,10,1.0302
semiconductor_fab,09-working,23,11,1.0302
semiconductor_fab,09-working,24,11,1.0302
semiconductor_fab,09-working,25,12,1.0302
semiconductor_fab,09-working,26,12,1.0302
semiconductor_fab,09-working,27,13,1.0302
semiconductor_fab,09-working,28,13,1.0302
semiconductor_fab,09-working,29,14,1.0302
semiconductor_fab,09-working,30,14,1.0302
semiconductor_fab,09-working,31,15,1.0302
semiconductor_fab,09-working,32,15,1.0302
semiconductor_fab,09-working,33,16,1.0302
semiconductor_fab,09-working,34,16,1.0302
semiconductor_fab,09-working,35,17,1.0302
semiconductor_fab,09-working,36,17,1.02765
semiconductor_fab,09-working,37,18,1.02255
semiconductor_fab,09-working,38,18,1.02
semiconductor_fab,09-working,39,19,1.02
semiconductor_fab,09-working,40,19,1.02
semiconductor_fab,09-working,41,20,1.02
semiconductor_fab,09-working,42,20,1.02
semiconductor_fab,09-working,43,21,1.02
semiconductor_fab,09-working,44,21,1.02
semiconductor_fab,09-working,45,22,1.02
semiconductor_fab,09-working,46,22,1.02
semiconductor_fab,09-working,47,23,1.02
semiconductor_fab,09-working,48,23,1.01745
semiconductor_fab,09-nonworking,1,0,1.00223
semiconductor_fab,09-nonworking,2,0,0.9997
semiconductor_fab,09-nonworking,3,1,0.9997
semiconductor_fab,09-nonworking,4,1,0.9997
semiconductor_fab,09-nonworking,5,2,0.9997
semiconductor_fab,09-nonworking,6,2,0.9997
semiconductor_fab,09-nonworking,7,3,0.9997
semiconductor_fab,09-nonworking,8,3,0.9997
semiconductor_fab,09-nonworking,9,4,0.9997
semiconductor_fab,09-nonworking,10,4,0.9997
semiconductor_fab,09-nonworking,11,5,0.9997
semiconductor_fab,09-nonworking,12,5,0.9997
semiconductor_fab,09-nonworking,13,6,0.9997
semiconductor_fab,09-nonworking,14,6,0.9997
semiconductor_fab,09-nonworking,15,7,0.9997
semiconductor_fab,09-nonworking,16,7,1.00475
semiconductor_fab,09-nonworking,17,8,1.01485
semiconductor_fab,09-nonworking,18,8,1.0199
semiconductor_fab,09-nonworking,19,9,1.0199
semiconductor_fab,09-nonworking,20,9,1.0199
semiconductor_fab,09-nonworking,21,10,1.0199
semiconductor_fab,09-nonworking,22,10,1.0199
semiconductor_fab,09-nonworking,23,11,1.0199
semiconductor_fab,09-nonworking,24,11,1.0199
semiconductor_fab,09-nonworking,25,12,1.0199
semiconductor_fab,09-nonworking,26,12,1.0199
semiconductor_fab,09-nonworking,27,13,1.0199
semiconductor_fab,09-nonworking,28,13,1.0199
semiconductor_fab,09-nonworking,29,14,1.0199
semiconductor_fab,09-nonworking,30,14,1.0199
semiconductor_fab,09-nonworking,31,15,1.0199
semiconductor_fab,09-nonworking,32,15,1.0199
semiconductor_fab,09-nonworking,33,16,1.0199
semiconductor_fab,09-nonworking,34,16,1.0199
semiconductor_fab,09-nonworking,35,17,1.0199
semiconductor_fab,09-nonworking,36,17,1.01737
semiconductor_fab,09-nonworking,37,18,1.01232
semiconductor_fab,09-nonworking,38,18,1.0098
semiconductor_fab,09-nonworking,39,19,1.0098
semiconductor_fab,09-nonworking,40,19,1.0098
semiconductor_fab,09-nonworking,41,20,1.0098
semiconductor_fab,09-nonworking,42,20,1.0098
semiconductor_fab,09-nonworking,43,21,1.0098
semiconductor_fab,09-nonworking,44,21,1.0098
semiconductor_fab,09-nonworking,45,22,1.0098
semiconductor_fab,09-nonworking,46,22,1.0098
semiconductor_fab,09-nonworking,47,23,1.0098
semiconductor_fab,09-nonworking,48,23,1.00728
semiconductor_fab,09-shutdown,1,0,0.98198
semiconductor_fab,09-shutdown,2,0,0.97951
semiconductor_fab,09-shutdown,3,1,0.97951
semiconductor_fab,09-shutdown,4,1,0.97951
semiconductor_fab,09-shutdown,5,2,0.97951
semiconductor_fab,09-shutdown,6,2,0.97951
semiconductor_fab,09-shutdown,7,3,0.97951
semiconductor_fab,09-shutdown,8,3,0.97951
semiconductor_fab,09-shutdown,9,4,0.97951
semiconductor_fab,09-shutdown,10,4,0.97951
semiconductor_fab,09-shutdown,11,5,0.97951
semiconductor_fab,09-shutdown,12,5,0.97951
semiconductor_fab,09-shutdown,13,6,0.97951
semiconductor_fab,09-shutdown,14,6,0.97951
semiconductor_fab,09-shutdown,15,7,0.97951
semiconductor_fab,09-shutdown,16,7,0.98445
semiconductor_fab,09-shutdown,17,8,0.99435
semiconductor_fab,09-shutdown,18,8,0.99929
semiconductor_fab,09-shutdown,19,9,0.99929
semiconductor_fab,09-shutdown,20,9,0.99929
semiconductor_fab,09-shutdown,21,10,0.99929
semiconductor_fab,09-shutdown,22,10,0.99929
semiconductor_fab,09-shutdown,23,11,0.99929
semiconductor_fab,09-shutdown,24,11,0.99929
semiconductor_fab,09-shutdown,25,12,0.99929
semiconductor_fab,09-shutdown,26,12,0.99929
semiconductor_fab,09-shutdown,27,13,0.99929
semiconductor_fab,09-shutdown,28,13,0.99929
semiconductor_fab,09-shutdown,29,14,0.99929
semiconductor_fab,09-shutdown,30,14,0.99929
semiconductor_fab,09-shutdown,31,15,0.99929
semiconductor_fab,09-shutdown,32,15,0.99929
semiconductor_fab,09-shutdown,33,16,0.99929
semiconductor_fab,09-shutdown,34,16,0.99929
semiconductor_fab,09-shutdown,35,17,0.99929
semiconductor_fab,09-shutdown,36,17,0.99682
semiconductor_fab,09-shutdown,37,18,0.99187
semiconductor_fab,09-shutdown,38,18,0.9894
semiconductor_fab,09-shutdown,39,19,0.9894
semiconductor_fab,09-shutdown,40,19,0.9894
semiconductor_fab,09-shutdown,41,20,0.9894
semiconductor_fab,09-shutdown,42,20,0.9894
semiconductor_fab,09-shutdown,43,21,0.9894
semiconductor_fab,09-shutdown,44,21,0.9894
semiconductor_fab,09-shutdown,45,22,0.9894
semiconductor_fab,09-shutdown,46,22,0.9894
semiconductor_fab,09-shutdown,47,23,0.9894
semiconductor_fab,09-shutdown,48,23,0.98693
semiconductor_fab,10-working,1,0,0.9925
semiconductor_fab,10-working,2,0,0.99
semiconductor_fab,10-working,3,1,0.99
semiconductor_fab,10-working,4,1,0.99
semiconductor_fab,10-working,5,2,0.99
semiconductor_fab,10-working,6,2,0.99
semiconductor_fab,10-working,7,3,0.99
semiconductor_fab,10-working,8,3,0.99
semiconductor_fab,10-working,9,4,0.99
semiconductor_fab,10-working,10,4,0.99
semiconductor_fab,10-working,11,5,0.99
semiconductor_fab,10-working,12,5,0.99
semiconductor_fab,10-working,13,6,0.99
semiconductor_fab,10-working,14,6,0.99
semiconductor_fab,10-working,15,7,0.99
semiconductor_fab,10-working,16,7,0.995
semiconductor_fab,10-working,17,8,1.005
semiconductor_fab,10-working,18,8,1.01
semiconductor_fab,10-working,19,9,1.01
semiconductor_fab,10-working,20,9,1.01
semiconductor_fab,10-working,21,10,1.01
semiconductor_fab,10-working,22,10,1.01
semiconductor_fab,10-working,23,11,1.01
semiconductor_fab,10-working,24,11,1.01
semiconductor_fab,10-working,25,12,1.01
semiconductor_fab,10-working,26,12,1.01
semiconductor_fab,10-working,27,13,1.01
semiconductor_fab,10-working,28,13,1.01
semiconductor_fab,10-working,29,14,1.01
semiconductor_fab,10-working,30,14,1.01
semiconductor_fab,10-working,31,15,1.01
semiconductor_fab,10-working,32,15,1.01
semiconductor_fab,10-working,33,16,1.01
semiconductor_fab,10-working,34,16,1.01
semiconductor_fab,10-working,35,17,1.01
semiconductor_fab,10-working,36,17,1.0075
semiconductor_fab,10-working,37,18,1.0025
semiconductor_fab,10-working,38,18,1
semiconductor_fab,10-working,39,19,1
semiconductor_fab,10-working,40,19,1
semiconductor_fab,10-working,41,20,1
semiconductor_fab,10-working,42,20,1
semiconductor_fab,10-working,43,21,1
semiconductor_fab,10-working,44,21,1
semiconductor_fab,10-working,45,22,1
semiconductor_fab,10-working,46,22,1
semiconductor_fab,10-working,47,23,1
semiconductor_fab,10-working,48,23,0.9975
semiconductor_fab,10-nonworking,1,0,0.98257
semiconductor_fab,10-nonworking,2,0,0.9801
semiconductor_fab,10-nonworking,3,1,0.9801
semiconductor_fab,10-nonworking,4,1,0.9801
semiconductor_fab,10-nonworking,5,2,0.9801
semiconductor_fab,10-nonworking,6,2,0.9801
semiconductor_fab,10-nonworking,7,3,0.9801
semiconductor_fab,10-nonworking,8,3,0.9801
semiconductor_fab,10-nonworking,9,4,0.9801
semiconductor_fab,10-nonworking,10,4,0.9801
semiconductor_fab,10-nonworking,11,5,0.9801
semiconductor_fab,10-nonworking,12,5,0.9801
semiconductor_fab,10-nonworking,13,6,0.9801
semiconductor_fab,10-nonworking,14,6,0.9801
semiconductor_fab,10-nonworking,15,7,0.9801
semiconductor_fab,10-nonworking,16,7,0.98505
semiconductor_fab,10-nonworking,17,8,0.99495
semiconductor_fab,10-nonworking,18,8,0.9999
semiconductor_fab,10-nonworking,19,9,0.9999
semiconductor_fab,10-nonworking,20,9,0.9999
semiconductor_fab,10-nonworking,21,10,0.9999
semiconductor_fab,10-nonworking,22,10,0.9999
semiconductor_fab,10-nonworking,23,11,0.9999
semiconductor_fab,10-nonworking,24,11,0.9999
semiconductor_fab,10-nonworking,25,12,0.9999
semiconductor_fab,10-nonworking,26,12,0.9999
semiconductor_fab,10-nonworking,27,13,0.9999
semiconductor_fab,10-nonworking,28,13,0.9999
semiconductor_fab,10-nonworking,29,14,0.9999
semiconductor_fab,10-nonworking,30,14,0.9999
semiconductor_fab,10-nonworking,31,15,0.9999
semiconductor_fab,10-nonworking,32,15,0.9999
semiconductor_fab,10-nonworking,33,16,0.9999
semiconductor_fab,10-nonworking,34,16,0.9999
semiconductor_fab,10-nonworking,35,17,0.9999
semiconductor_fab,10-nonworking,36,17,0.99743
semiconductor_fab,10-nonworking,37,18,0.99247
semiconductor_fab,10-nonworking,38,18,0.99
semiconductor_fab,10-nonworking,39,19,0.99
semiconductor_fab,10-nonworking,40,19,0.99
semiconductor_fab,10-nonworking,41,20,0.99
semiconductor_fab,10-nonworking,42,20,0.99
semiconductor_fab,10-nonworking,43,21,0.99
semiconductor_fab,10-nonworking,44,21,0.99
semiconductor_fab,10-nonworking,45,22,0.99
semiconductor_fab,10-nonworking,46,22,0.99
semiconductor_fab,10-nonworking,47,23,0.99
semiconductor_fab,10-nonworking,48,23,0.98753
semiconductor_fab,10-shutdown,1,0,0.96272
semiconductor_fab,10-shutdown,2,0,0.9603
semiconductor_fab,10-shutdown,3,1,0.9603
semiconductor_fab,10-shutdown,4,1,0.9603
semiconductor_fab,10-shutdown,5,2,0.9603
semiconductor_fab,10-shutdown,6,2,0.9603
semiconductor_fab,10-shutdown,7,3,0.9603
semiconductor_fab,10-shutdown,8,3,0.9603
semiconductor_fab,10-shutdown,9,4,0.9603
semiconductor_fab,10-shutdown,10,4,0.9603
semiconductor_fab,10-shutdown,11,5,0.9603
semiconductor_fab,10-shutdown,12,5,0.9603
semiconductor_fab,10-shutdown,13,6,0.9603
semiconductor_fab,10-shutdown,14,6,0.9603
semiconductor_fab,10-shutdown,15,7,0.9603
semiconductor_fab,10-shutdown,16,7,0.96515
semiconductor_fab,10-shutdown,17,8,0.97485
semiconductor_fab,10-shutdown,18,8,0.9797
semiconductor_fab,10-shutdown,19,9,0.9797
semiconductor_fab,10-shutdown,20,9,0.9797
semiconductor_fab,10-shutdown,21,10,0.9797
semiconductor_fab,10-shutdown,22,10,0.9797
semiconductor_fab,10-shutdown,23,11,0.9797
semiconductor_fab,10-shutdown,24,11,0.9797
semiconductor_fab,10-shutdown,25,12,0.9797
semiconductor_fab,10-shutdown,26,12,0.9797
semiconductor_fab,10-shutdown,27,13,0.9797
semiconductor_fab,10-shutdown,28,13,0.9797
semiconductor_fab,10-shutdown,29,14,0.9797
semiconductor_fab,10-shutdown,30,14,0.9797
semiconductor_fab,10-shutdown,31,15,0.9797
semiconductor_fab,10-shutdown,32,15,0.9797
semiconductor_fab,10-shutdown,33,16,0.9797
semiconductor_fab,10-shutdown,34,16,0.9797
semiconductor_fab,10-shutdown,35,17,0.9797
semiconductor_fab,10-shutdown,36,17,0.97728
semiconductor_fab,10-shutdown,37,18,0.97242
semiconductor_fab,10-shutdown,38,18,0.97
semiconductor_fab,10-shutdown,39,19,0.97
semiconductor_fab,10-shutdown,40,19,0.97
semiconductor_fab,10-shutdown,41,20,0.97
semiconductor_fab,10-shutdown,42,20,0.97
semiconductor_fab,10-shutdown,43,21,0.97
semiconductor_fab,10-shutdown,44,21,0.97
semiconductor_fab,10-shutdown,45,22,0.97
semiconductor_fab,10-shutdown,46,22,0.97
semiconductor_fab,10-shutdown,47,23,0.97
semiconductor_fab,10-shutdown,48,23,0.96758
semiconductor_fab,11-working,1,0,0.98257
semiconductor_fab,11-working,2,0,0.9801
semiconductor_fab,11-working,3,1,0.9801
semiconductor_fab,11-working,4,1,0.9801
semiconductor_fab,11-working,5,2,0.9801
semiconductor_fab,11-working,6,2,0.9801
semiconductor_fab,11-working,7,3,0.9801
semiconductor_fab,11-working,8,3,0.9801
semiconductor_fab,11-working,9,4,0.9801
semiconductor_fab,11-working,10,4,0.9801
semiconductor_fab,11-working,11,5,0.9801
semiconductor_fab,11-working,12,5,0.9801
semiconductor_fab,11-working,13,6,0.9801
semiconductor_fab,11-working,14,6,0.9801
semiconductor_fab,11-working,15,7,0.9801
semiconductor_fab,11-working,16,7,0.98505
semiconductor_fab,11-working,17,8,0.99495
semiconductor_fab,11-working,18,8,0.9999
semiconductor_fab,11-working,19,9,0.9999
semiconductor_fab,11-working,20,9,0.9999
semiconductor_fab,11-working,21,10,0.9999
semiconductor_fab,11-working,22,10,0.9999
semiconductor_fab,11-working,23,11,0.9999
semiconductor_fab,11-working,24,11,0.9999
semiconductor_fab,11-working,25,12,0.9999
semiconductor_fab,11-working,26,12,0.9999
semiconductor_fab,11-working,27,13,0.9999
semiconductor_fab,11-working,28,13,0.9999
semiconductor_fab,11-working,29,14,0.9999
semiconductor_fab,11-working,30,14,0.9999
semiconductor_fab,11-working,31,15,0.9999
semiconductor_fab,11-working,32,15,0.9999
semiconductor_fab,11-working,33,16,0.9999
semiconductor_fab,11-working,34,16,0.9999
semiconductor_fab,11-working,35,17,0.9999
semiconductor_fab,11-working,36,17,0.99743
semiconductor_fab,11-working,37,18,0.99247
semiconductor_fab,11-working,38,18,0.99
semiconductor_fab,11-working,39,19,0.99
semiconductor_fab,11-working,40,19,0.99
semiconductor_fab,11-working,41,20,0.99
semiconductor_fab,11-working,42,20,0.99
semiconductor_fab,11-working,43,21,0.99
semiconductor_fab,11-working,44,21,0.99
semiconductor_fab,11-working,45,22,0.99
semiconductor_fab,11-working,46,22,0.99
semiconductor_fab,11-working,47,23,0.99
semiconductor_fab,11-working,48,23,0.98753
semiconductor_fab,11-nonworking,1,0,0.97275
semiconductor_fab,11-nonworking,2,0,0.9703
semiconductor_fab,11-nonworking,3,1,0.9703
semiconductor_fab,11-nonworking,4,1,0.9703
semiconductor_fab,11-nonworking,5,2,0.9703
semiconductor_fab,11-nonworking,6,2,0.9703
semiconductor_fab,11-nonworking,7,3,0.9703
semiconductor_fab,11-nonworking,8,3,0.9703
semiconductor_fab,11-nonworking,9,4,0.9703
semiconductor_fab,11-nonworking,10,4,0.9703
semiconductor_fab,11-nonworking,11,5,0.9703
semiconductor_fab,11-nonworking,12,5,0.9703
semiconductor_fab,11-nonworking,13,6,0.9703
semiconductor_fab,11-nonworking,14,6,0.9703
semiconductor_fab,11-nonworking,15,7,0.9703
semiconductor_fab,11-nonworking,16,7,0.9752
semiconductor_fab,11-nonworking,17,8,0.985
semiconductor_fab,11-nonworking,18,8,0.9899
semiconductor_fab,11-nonworking,19,9,0.9899
semiconductor_fab,11-nonworking,20,9,0.9899
semiconductor_fab,11-nonworking,21,10,0.9899
semiconductor_fab,11-nonworking,22,10,0.9899
semiconductor_fab,11-nonworking,23,11,0.9899
semiconductor_fab,11-nonworking,24,11,0.9899
semiconductor_fab,11-nonworking,25,12,0.9899
semiconductor_fab,11-nonworking,26,12,0.9899
semiconductor_fab,11-nonworking,27,13,0.9899
semiconductor_fab,11-nonworking,28,13,0.9899
semiconductor_fab,11-nonworking,29,14,0.9899
semiconductor_fab,11-nonworking,30,14,0.9899
semiconductor_fab,11-nonworking,31,15,0.9899
semiconductor_fab,11-nonworking,32,15,0.9899
semiconductor_fab,11-nonworking,33,16,0.9899
semiconductor_fab,11-nonworking,34,16,0.9899
semiconductor_fab,11-nonworking,35,17,0.9899
semiconductor_fab,11-nonworking,36,17,0.98745
semiconductor_fab,11-nonworking,37,18,0.98255
semiconductor_fab,11-nonworking,38,18,0.9801
semiconductor_fab,11-nonworking,39,19,0.9801
semiconductor_fab,11-nonworking,40,19,0.9801
semiconductor_fab,11-nonworking,41,20,0.9801
semiconductor_fab,11-nonworking,42,20,0.9801
semiconductor_fab,11-nonworking,43,21,0.9801
semiconductor_fab,11-nonworking,44,21,0.9801
semiconductor_fab,11-nonworking,45,22,0.9801
semiconductor_fab,11-nonworking,46,22,0.9801
semiconductor_fab,11-nonworking,47,23,0.9801
semiconductor_fab,11-nonworking,48,23,0.97765
semiconductor_fab,11-shutdown,1,0,0.9531
semiconductor_fab,11-shutdown,2,0,0.9507
semiconductor_fab,11-shutdown,3,1,0.9507
semiconductor_fab,11-shutdown,4,1,0.9507
semiconductor_fab,11-shutdown,5,2,0.9507
semiconductor_fab,11-shutdown,6,2,0.9507
semiconductor_fab,11-shutdown,7,3,0.9507
semiconductor_fab,11-shutdown,8,3,0.9507
semiconductor_fab,11-shutdown,9,4,0.9507
semiconductor_fab,11-shutdown,10,4,0.9507
semiconductor_fab,11-shutdown,11,5,0.9507
semiconductor_fab,11-shutdown,12,5,0.9507
semiconductor_fab,11-shutdown,13,6,0.9507
semiconductor_fab,11-shutdown,14,6,0.9507
semiconductor_fab,11-shutdown,15,7,0.9507
semiconductor_fab,11-shutdown,16,7,0.9555
semiconductor_fab,11-shutdown,17,8,0.9651
semiconductor_fab,11-shutdown,18,8,0.9699
semiconductor_fab,11-shutdown,19,9,0.9699
semiconductor_fab,11-shutdown,20,9,0.9699
semiconductor_fab,11-shutdown,21,10,0.9699
semiconductor_fab,11-shutdown,22,10,0.9699
semiconductor_fab,11-shutdown,23,11,0.9699
semiconductor_fab,11-shutdown,24,11,0.9699
semiconductor_fab,11-shutdown,25,12,0.9699
semiconductor_fab,11-shutdown,26,12,0.9699
semiconductor_fab,11-shutdown,27,13,0.9699
semiconductor_fab,11-shutdown,28,13,0.9699
semiconductor_fab,11-shutdown,29,14,0.9699
semiconductor_fab,11-shutdown,30,14,0.9699
semiconductor_fab,11-shutdown,31,15,0.9699
semiconductor_fab,11-shutdown,32,15,0.9699
semiconductor_fab,11-shutdown,33,16,0.9699
semiconductor_fab,11-shutdown,34,16,0.9699
semiconductor_fab,11-shutdown,35,17,0.9699
semiconductor_fab,11-shutdown,36,17,0.9675
semiconductor_fab,11-shutdown,37,18,0.9627
semiconductor_fab,11-shutdown,38,18,0.9603
semiconductor_fab,11-shutdown,39,19,0.9603
semiconductor_fab,11-shutdown,40,19,0.9603
semiconductor_fab,11-shutdown,41,20,0.9603
semiconductor_fab,11-shutdown,42,20,0.9603
semiconductor_fab,11-shutdown,43,21,0.9603
semiconductor_fab,11-shutdown,44,21,0.9603
semiconductor_fab,11-shutdown,45,22,0.9603
semiconductor_fab,11-shutdown,46,22,0.9603
semiconductor_fab,11-shutdown,47,23,0.9603
semiconductor_fab,11-shutdown,48,23,0.9579
semiconductor_fab,12-working,1,0,0.98257
semiconductor_fab,12-working,2,0,0.9801
semiconductor_fab,12-working,3,1,0.9801
semiconductor_fab,12-working,4,1,0.9801
semiconductor_fab,12-working,5,2,0.9801
semiconductor_fab,12-working,6,2,0.9801
semiconductor_fab,12-working,7,3,0.9801
semiconductor_fab,12-working,8,3,0.9801
semiconductor_fab,12-working,9,4,0.9801
semiconductor_fab,12-working,10,4,0.9801
semiconductor_fab,12-working,11,5,0.9801
semiconductor_fab,12-working,12,5,0.9801
semiconductor_fab,12-working,13,6,0.9801
semiconductor_fab,12-working,14,6,0.9801
semiconductor_fab,12-working,15,7,0.9801
semiconductor_fab,12-working,16,7,0.98505
semiconductor_fab,12-working,17,8,0.99495
semiconductor_fab,12-working,18,8,0.9999
semiconductor_fab,12-working,19,9,0.9999
semiconductor_fab,12-working,20,9,0.9999
semiconductor_fab,12-working,21,10,0.9999
semiconductor_fab,12-working,22,10,0.9999
semiconductor_fab,12-working,23,11,0.9999
semiconductor_fab,12-working,24,11,0.9999
semiconductor_fab,12-working,25,12,0.9999
semiconductor_fab,12-working,26,12,0.9999
semiconductor_fab,12-working,27,13,0.9999
semiconductor_fab,12-working,28,13,0.9999
semiconductor_fab,12-working,29,14,0.9999
semiconductor_fab,12-working,30,14,0.9999
semiconductor_fab,12-working,31,15,0.9999
semiconductor_fab,12-working,32,15,0.9999
semiconductor_fab,12-working,33,16,0.9999
semiconductor_fab,12-working,34,16,0.9999
semiconductor_fab,12-working,35,17,0.9999
semiconductor_fab,12-working,36,17,0.99743
semiconductor_fab,12-working,37,18,0.99247
semiconductor_fab,12-working,38,18,0.99
semiconductor_fab,12-working,39,19,0.99
semiconductor_fab,12-working,40,19,0.99
semiconductor_fab,12-working,41,20,0.99
semiconductor_fab,12-working,42,20,0.99
semiconductor_fab,12-working,43,21,0.99
semiconductor_fab,12-working,44,21,0.99
semiconductor_fab,12-working,45,22,0.99
semiconductor_fab,12-working,46,22,0.99
semiconductor_fab,12-working,47,23,0.99
semiconductor_fab,12-working,48,23,0.98753
semiconductor_fab,12-nonworking,1,0,0.97275
semiconductor_fab,12-nonworking,2,0,0.9703
semiconductor_fab,12-nonworking,3,1,0.9703
semiconductor_fab,12-nonworking,4,1,0.9703
semiconductor_fab,12-nonworking,5,2,0.9703
semiconductor_fab,12-nonworking,6,2,0.9703
semiconductor_fab,12-nonworking,7,3,0.9703
semiconductor_fab,12-nonworking,8,3,0.9703
semiconductor_fab,12-nonworking,9,4,0.9703
semiconductor_fab,12-nonworking,10,4,0.9703
semiconductor_fab,12-nonworking,11,5,0.9703
semiconductor_fab,12-nonworking,12,5,0.9703
semiconductor_fab,12-nonworking,13,6,0.9703
semiconductor_fab,12-nonworking,14,6,0.9703
semiconductor_fab,12-nonworking,15,7,0.9703
semiconductor_fab,12-nonworking,16,7,0.9752
semiconductor_fab,12-nonworking,17,8,0.985
semiconductor_fab,12-nonworking,18,8,0.9899
semiconductor_fab,12-nonworking,19,9,0.9899
semiconductor_fab,12-nonworking,20,9,0.9899
semiconductor_fab,12-nonworking,21,10,0.9899
semiconductor_fab,12-nonworking,22,10,0.9899
semiconductor_fab,12-nonworking,23,11,0.9899
semiconductor_fab,12-nonworking,24,11,0.9899
semiconductor_fab,12-nonworking,25,12,0.9899
semiconductor_fab,12-nonworking,26,12,0.9899
semiconductor_fab,12-nonworking,27,13,0.9899
semiconductor_fab,12-nonworking,28,13,0.9899
semiconductor_fab,12-nonworking,29,14,0.9899
semiconductor_fab,12-nonworking,30,14,0.9899
semiconductor_fab,12-nonworking,31,15,0.9899
semiconductor_fab,12-nonworking,32,15,0.9899
semiconductor_fab,12-nonworking,33,16,0.9899
semiconductor_fab,12-nonworking,34,16,0.9899
semiconductor_fab,12-nonworking,35,17,0.9899
semiconductor_fab,12-nonworking,36,17,0.98745
semiconductor_fab,12-nonworking,37,18,0.98255
semiconductor_fab,12-nonworking,38,18,0.9801
semiconductor_fab,12-nonworking,39,19,0.9801
semiconductor_fab,12-nonworking,40,19,0.9801
semiconductor_fab,12-nonworking,41,20,0.9801
semiconductor_fab,12-nonworking,42,20,0.9801
semiconductor_fab,12-nonworking,43,21,0.9801
semiconductor_fab,12-nonworking,44,21,0.9801
semiconductor_fab,12-nonworking,45,22,0.9801
semiconductor_fab,12-nonworking,46,22,0.9801
semiconductor_fab,12-nonworking,47,23,0.9801
semiconductor_fab,12-nonworking,48,23,0.97765
semiconductor_fab,12-shutdown,1,0,0.9531
semiconductor_fab,12-shutdown,2,0,0.9507
semiconductor_fab,12-shutdown,3,1,0.9507
semiconductor_fab,12-shutdown,4,1,0.9507
semiconductor_fab,12-shutdown,5,2,0.9507
semiconductor_fab,12-shutdown,6,2,0.9507
semiconductor_fab,12-shutdown,7,3,0.9507
semiconductor_fab,12-shutdown,8,3,0.9507
semiconductor_fab,12-shutdown,9,4,0.9507
semiconductor_fab,12-shutdown,10,4,0.9507
semiconductor_fab,12-shutdown,11,5,0.9507
semiconductor_fab,12-shutdown,12,5,0.9507
semiconductor_fab,12-shutdown,13,6,0.9507
semiconductor_fab,12-shutdown,14,6,0.9507
semiconductor_fab,12-shutdown,15,7,0.9507
semiconductor_fab,12-shutdown,16,7,0.9555
semiconductor_fab,12-shutdown,17,8,0.9651
semiconductor_fab,12-shutdown,18,8,0.9699
semiconductor_fab,12-shutdown,19,9,0.9699
semiconductor_fab,12-shutdown,20,9,0.9699
semiconductor_fab,12-shutdown,21,10,0.9699
semiconductor_fab,12-shutdown,22,10,0.9699
semiconductor_fab,12-shutdown,23,11,0.9699
semiconductor_fab,12-shutdown,24,11,0.9699
semiconductor_fab,12-shutdown,25,12,0.9699
semiconductor_fab,12-shutdown,26,12,0.9699
semiconductor_fab,12-shutdown,27,13,0.9699
semiconductor_fab,12-shutdown,28,13,0.9699
semiconductor_fab,12-shutdown,29,14,0.9699
semiconductor_fab,12-shutdown,30,14,0.9699
semiconductor_fab,12-shutdown,31,15,0.9699
semiconductor_fab,12-shutdown,32,15,0.9699
semiconductor_fab,12-shutdown,33,16,0.9699
semiconductor_fab,12-shutdown,34,16,0.9699
semiconductor_fab,12-shutdown,35,17,0.9699
semiconductor_fab,12-shutdown,36,17,0.9675
semiconductor_fab,12-shutdown,37,18,0.9627
semiconductor_fab,12-shutdown,38,18,0.9603
semiconductor_fab,12-shutdown,39,19,0.9603
semiconductor_fab,12-shutdown,40,19,0.9603
semiconductor_fab,12-shutdown,41,20,0.9603
semiconductor_fab,12-shutdown,42,20,0.9603
semiconductor_fab,12-shutdown,43,21,0.9603
semiconductor_fab,12-shutdown,44,21,0.9603
semiconductor_fab,12-shutdown,45,22,0.9603
semiconductor_fab,12-shutdown,46,22,0.9603
semiconductor_fab,12-shutdown,47,23,0.9603
semiconductor_fab,12-shutdown,48,23,0.9579
semiconductor_fab,heat-working,1,0,1.02228
semiconductor_fab,heat-working,2,0,1.0197
semiconductor_fab,heat-working,3,1,1.0197
semiconductor_fab,heat-working,4,1,1.0197
semiconductor_fab,heat-working,5,2,1.0197
semiconductor_fab,heat-working,6,2,1.0197
semiconductor_fab,heat-working,7,3,1.0197
semiconductor_fab,heat-working,8,3,1.0197
semiconductor_fab,heat-working,9,4,1.0197
semiconductor_fab,heat-working,10,4,1.0197
semiconductor_fab,heat-working,11,5,1.0197
semiconductor_fab,heat-working,12,5,1.0197
semiconductor_fab,heat-working,13,6,1.0197
semiconductor_fab,heat-working,14,6,1.0197
semiconductor_fab,heat-working,15,7,1.0197
semiconductor_fab,heat-working,16,7,1.02485
semiconductor_fab,heat-working,17,8,1.03515
semiconductor_fab,heat-working,18,8,1.0403
semiconductor_fab,heat-working,19,9,1.0403
semiconductor_fab,heat-working,20,9,1.0403
semiconductor_fab,heat-working,21,10,1.0403
semiconductor_fab,heat-working,22,10,1.0403
semiconductor_fab,heat-working,23,11,1.0403
semiconductor_fab,heat-working,24,11,1.0403
semiconductor_fab,heat-working,25,12,1.0403
semiconductor_fab,heat-working,26,12,1.0403
semiconductor_fab,heat-working,27,13,1.0403
semiconductor_fab,heat-working,28,13,1.0403
semiconductor_fab,heat-working,29,14,1.0403
semiconductor_fab,heat-working,30,14,1.0403
semiconductor_fab,heat-working,31,15,1.0403
semiconductor_fab,heat-working,32,15,1.0403
semiconductor_fab,heat-working,33,16,1.0403
semiconductor_fab,heat-working,34,16,1.0403
semiconductor_fab,heat-working,35,17,1.0403
semiconductor_fab,heat-working,36,17,1.03773
semiconductor_fab,heat-working,37,18,1.03258
semiconductor_fab,heat-working,38,18,1.03
semiconductor_fab,heat-working,39,19,1.03
semiconductor_fab,heat-working,40,19,1.03
semiconductor_fab,heat-working,41,20,1.03
semiconductor_fab,heat-working,42,20,1.03
semiconductor_fab,heat-working,43,21,1.03
semiconductor_fab,heat-working,44,21,1.03
semiconductor_fab,heat-working,45,22,1.03
semiconductor_fab,heat-working,46,22,1.03
semiconductor_fab,heat-working,47,23,1.03
semiconductor_fab,heat-working,48,23,1.02743
semiconductor_fab,cold-working,1,0,0.98257
semiconductor_fab,cold-working,2,0,0.9801
semiconductor_fab,cold-working,3,1,0.9801
semiconductor_fab,cold-working,4,1,0.9801
semiconductor_fab,cold-working,5,2,0.9801
semiconductor_fab,cold-working,6,2,0.9801
semiconductor_fab,cold-working,7,3,0.9801
semiconductor_fab,cold-working,8,3,0.9801
semiconductor_fab,cold-working,9,4,0.9801
semiconductor_fab,cold-working,10,4,0.9801
semiconductor_fab,cold-working,11,5,0.9801
semiconductor_fab,cold-working,12,5,0.9801
semiconductor_fab,cold-working,13,6,0.9801
semiconductor_fab,cold-working,14,6,0.9801
semiconductor_fab,cold-working,15,7,0.9801
semiconductor_fab,cold-working,16,7,0.98505
semiconductor_fab,cold-working,17,8,0.99495
semiconductor_fab,cold-working,18,8,0.9999
semiconductor_fab,cold-working,19,9,0.9999
semiconductor_fab,cold-working,20,9,0.9999
semiconductor_fab,cold-working,21,10,0.9999
semiconductor_fab,cold-working,22,10,0.9999
semiconductor_fab,cold-working,23,11,0.9999
semiconductor_fab,cold-working,24,11,0.9999
semiconductor_fab,cold-working,25,12,0.9999
semiconductor_fab,cold-working,26,12,0.9999
semiconductor_fab,cold-working,27,13,0.9999
semiconductor_fab,cold-working,28,13,0.9999
semiconductor_fab,cold-working,29,14,0.9999
semiconductor_fab,cold-working,30,14,0.9999
semiconductor_fab,cold-working,31,15,0.9999
semiconductor_fab,cold-working,32,15,0.9999
semiconductor_fab,cold-working,33,16,0.9999
semiconductor_fab,cold-working,34,16,0.9999
semiconductor_fab,cold-working,35,17,0.9999
semiconductor_fab,cold-working,36,17,0.99743
semiconductor_fab,cold-working,37,18,0.99247
semiconductor_fab,cold-working,38,18,0.99
semiconductor_fab,cold-working,39,19,0.99
semiconductor_fab,cold-working,40,19,0.99
semiconductor_fab,cold-working,41,20,0.99
semiconductor_fab,cold-working,42,20,0.99
semiconductor_fab,cold-working,43,21,0.99
semiconductor_fab,cold-working,44,21,0.99
semiconductor_fab,cold-working,45,22,0.99
semiconductor_fab,cold-working,46,22,0.99
semiconductor_fab,cold-working,47,23,0.99
semiconductor_fab,cold-working,48,23,0.98753
auto_parts,01-working,1,0,0.388
auto_parts,01-working,2,0,0.3395
auto_parts,01-working,3,1,0.3395
auto_parts,01-working,4,1,0.3395
auto_parts,01-working,5,2,0.3395
auto_parts,01-working,6,2,0.3395
auto_parts,01-working,7,3,0.3395
auto_parts,01-working,8,3,0.3395
auto_parts,01-working,9,4,0.3395
auto_parts,01-working,10,4,0.35162
auto_parts,01-working,11,5,0.37588
auto_parts,01-working,12,5,0.42438
auto_parts,01-working,13,6,0.49713
auto_parts,01-working,14,6,0.59413
auto_parts,01-working,15,7,0.71537
auto_parts,01-working,16,7,0.8245
auto_parts,01-working,17,8,0.9215
auto_parts,01-working,18,8,0.97
auto_parts,01-working,19,9,0.97
auto_parts,01-working,20,9,0.97
auto_parts,01-working,21,10,0.97
auto_parts,01-working,22,10,0.97
auto_parts,01-working,23,11,0.97
auto_parts,01-working,24,11,0.93363
auto_parts,01-working,25,12,0.86087
auto_parts,01-working,26,12,0.86087
auto_parts,01-working,27,13,0.93363
auto_parts,01-working,28,13,0.97
auto_parts,01-working,29,14,0.97
auto_parts,01-working,30,14,0.97
auto_parts,01-working,31,15,0.97
auto_parts,01-working,32,15,0.97
auto_parts,01-working,33,16,0.97
auto_parts,01-working,34,16,0.9506
auto_parts,01-working,35,17,0.9118
auto_parts,01-working,36,17,0.88755
auto_parts,01-working,37,18,0.87785
auto_parts,01-working,38,18,0.873
auto_parts,01-working,39,19,0.873
auto_parts,01-working,40,19,0.873
auto_parts,01-working,41,20,0.873
auto_parts,01-working,42,20,0.86815
auto_parts,01-working,43,21,0.85845
auto_parts,01-working,44,21,0.8342
auto_parts,01-working,45,22,0.7954
auto_parts,01-working,46,22,0.71537
auto_parts,01-working,47,23,0.59413
auto_parts,01-working,48,23,0.485
auto_parts,01-nonworking,1,0,0.3104
auto_parts,01-nonworking,2,0,0.3104
auto_parts,01-nonworking,3,1,0.3104
auto_parts,01-nonworking,4,1,0.3104
auto_parts,01-nonworking,5,2,0.3104
auto_parts,01-nonworking,6,2,0.3104
auto_parts,01-nonworking,7,3,0.3104
auto_parts,01-nonworking,8,3,0.3104
auto_parts,01-nonworking,9,4,0.3104
auto_parts,01-nonworking,10,4,0.3104
auto_parts,01-nonworking,11,5,0.3104
auto_parts,01-nonworking,12,5,0.3104
auto_parts,01-nonworking,13,6,0.3104
auto_parts,01-nonworking,14,6,0.3104
auto_parts,01-nonworking,15,7,0.3104
auto_parts,01-nonworking,16,7,0.3104
auto_parts,01-nonworking,17,8,0.3104
auto_parts,01-nonworking,18,8,0.3104
auto_parts,01-nonworking,19,9,0.3104
auto_parts,01-nonworking,20,9,0.3104
auto_parts,01-nonworking,21,10,0.3104
auto_parts,01-nonworking,22,10,0.3104
auto_parts,01-nonworking,23,11,0.3104
auto_parts,01-nonworking,24,11,0.3104
auto_parts,01-nonworking,25,12,0.3104
auto_parts,01-nonworking,26,12,0.3104
auto_parts,01-nonworking,27,13,0.3104
auto_parts,01-nonworking,28,13,0.3104
auto_parts,01-nonworking,29,14,0.3104
auto_parts,01-nonworking,30,14,0.3104
auto_parts,01-nonworking,31,15,0.3104
auto_parts,01-nonworking,32,15,0.3104
auto_parts,01-nonworking,33,16,0.3104
auto_parts,01-nonworking,34,16,0.3104
auto_parts,01-nonworking,35,17,0.3104
auto_parts,01-nonworking,36,17,0.3104
auto_parts,01-nonworking,37,18,0.3104
auto_parts,01-nonworking,38,18,0.3104
auto_parts,01-nonworking,39,19,0.3104
auto_parts,01-nonworking,40,19,0.3104
auto_parts,01-nonworking,41,20,0.3104
auto_parts,01-nonworking,42,20,0.3104
auto_parts,01-nonworking,43,21,0.3104
auto_parts,01-nonworking,44,21,0.3104
auto_parts,01-nonworking,45,22,0.3104
auto_parts,01-nonworking,46,22,0.3104
auto_parts,01-nonworking,47,23,0.3104
auto_parts,01-nonworking,48,23,0.3104
auto_parts,01-shutdown,1,0,0.1455
auto_parts,01-shutdown,2,0,0.1455
auto_parts,01-shutdown,3,1,0.1455
auto_parts,01-shutdown,4,1,0.1455
auto_parts,01-shutdown,5,2,0.1455
auto_parts,01-shutdown,6,2,0.1455
auto_parts,01-shutdown,7,3,0.1455
auto_parts,01-shutdown,8,3,0.1455
auto_parts,01-shutdown,9,4,0.1455
auto_parts,01-shutdown,10,4,0.1455
auto_parts,01-shutdown,11,5,0.1455
auto_parts,01-shutdown,12,5,0.1455
auto_parts,01-shutdown,13,6,0.1455
auto_parts,01-shutdown,14,6,0.1455
auto_parts,01-shutdown,15,7,0.1455
auto_parts,01-shutdown,16,7,0.1455
auto_parts,01-shutdown,17,8,0.1455
auto_parts,01-shutdown,18,8,0.1455
auto_parts,01-shutdown,19,9,0.1455
auto_parts,01-shutdown,20,9,0.1455
auto_parts,01-shutdown,21,10,0.1455
auto_parts,01-shutdown,22,10,0.1455
auto_parts,01-shutdown,23,11,0.1455
auto_parts,01-shutdown,24,11,0.1455
auto_parts,01-shutdown,25,12,0.1455
auto_parts,01-shutdown,26,12,0.1455
auto_parts,01-shutdown,27,13,0.1455
auto_parts,01-shutdown,28,13,0.1455
auto_parts,01-shutdown,29,14,0.1455
auto_parts,01-shutdown,30,14,0.1455
auto_parts,01-shutdown,31,15,0.1455
auto_parts,01-shutdown,32,15,0.1455
auto_parts,01-shutdown,33,16,0.1455
auto_parts,01-shutdown,34,16,0.1455
auto_parts,01-shutdown,35,17,0.1455
auto_parts,01-shutdown,36,17,0.1455
auto_parts,01-shutdown,37,18,0.1455
auto_parts,01-shutdown,38,18,0.1455
auto_parts,01-shutdown,39,19,0.1455
auto_parts,01-shutdown,40,19,0.1455
auto_parts,01-shutdown,41,20,0.1455
auto_parts,01-shutdown,42,20,0.1455
auto_parts,01-shutdown,43,21,0.1455
auto_parts,01-shutdown,44,21,0.1455
auto_parts,01-shutdown,45,22,0.1455
auto_parts,01-shutdown,46,22,0.1455
auto_parts,01-shutdown,47,23,0.1455
auto_parts,01-shutdown,48,23,0.1455
auto_parts,02-working,1,0,0.4
auto_parts,02-working,2,0,0.35
auto_parts,02-working,3,1,0.35
auto_parts,02-working,4,1,0.35
auto_parts,02-working,5,2,0.35
auto_parts,02-working,6,2,0.35
auto_parts,02-working,7,3,0.35
auto_parts,02-working,8,3,0.35
auto_parts,02-working,9,4,0.35
auto_parts,02-working,10,4,0.3625
auto_parts,02-working,11,5,0.3875
auto_parts,02-working,12,5,0.4375
auto_parts,02-working,13,6,0.5125
auto_parts,02-working,14,6,0.6125
auto_parts,02-working,15,7,0.7375
auto_parts,02-working,16,7,0.85
auto_parts,02-working,17,8,0.95
auto_parts,02-working,18,8,1
auto_parts,02-working,19,9,1
auto_parts,02-working,20,9,1
auto_parts,02-working,21,10,1
auto_parts,02-working,22,10,1
auto_parts,02-working,23,11,1
auto_parts,02-working,24,11,0.9625
auto_parts,02-working,25,12,0.8875
auto_parts,02-working,26,12,0.8875
auto_parts,02-working,27,13,0.9625
auto_parts,02-working,28,13,1
auto_parts,02-working,29,14,1
auto_parts,02-working,30,14,1
auto_parts,02-working,31,15,1
auto_parts,02-working,32,15,1
auto_parts,02-working,33,16,1
auto_parts,02-working,34,16,0.98
auto_parts,02-working,35,17,0.94
auto_parts,02-working,36,17,0.915
auto_parts,02-working,37,18,0.905
auto_parts,02-working,38,18,0.9
auto_parts,02-working,39,19,0.9
auto_parts,02-working,40,19,0.9
auto_parts,02-working,41,20,0.9
auto_parts,02-working,42,20,0.895
auto_parts,02-working,43,21,0.885
auto_parts,02-working,44,21,0.86
auto_parts,02-working,45,22,0.82
auto_parts,02-working,46,22,0.7375
auto_parts,02-working,47,23,0.6125
auto_parts,02-working,48,23,0.5
auto_parts,02-nonworking,1,0,0.32
auto_parts,02-nonworking,2,0,0.32
auto_parts,02-nonworking,3,1,0.32
auto_parts,02-nonworking,4,1,0.32
auto_parts,02-nonworking,5,2,0.32
auto_parts,02-nonworking,6,2,0.32
auto_parts,02-nonworking,7,3,0.32
auto_parts,02-nonworking,8,3,0.32
auto_parts,02-nonworking,9,4,0.32
auto_parts,02-nonworking,10,4,0.32
auto_parts,02-nonworking,11,5,0.32
auto_parts,02-nonworking,12,5,0.32
auto_parts,02-nonworking,13,6,0.32
auto_parts,02-nonworking,14,6,0.32
auto_parts,02-nonworking,15,7,0.32
auto_parts,02-nonworking,16,7,0.32
auto_parts,02-nonworking,17,8,0.32
auto_parts,02-nonworking,18,8,0.32
auto_parts,02-nonworking,19,9,0.32
auto_parts,02-nonworking,20,9,0.32
auto_parts,02-nonworking,21,10,0.32
auto_parts,02-nonworking,22,10,0.32
auto_parts,02-nonworking,23,11,0.32
auto_parts,02-nonworking,24,11,0.32
auto_parts,02-nonworking,25,12,0.32
auto_parts,02-nonworking,26,12,0.32
auto_parts,02-nonworking,27,13,0.32
auto_parts,02-nonworking,28,13,0.32
auto_parts,02-nonworking,29,14,0.32
auto_parts,02-nonworking,30,14,0.32
auto_parts,02-nonworking,31,15,0.32
auto_parts,02-nonworking,32,15,0.32
auto_parts,02-nonworking,33,16,0.32
auto_parts,02-nonworking,34,16,0.32
auto_parts,02-nonworking,35,17,0.32
auto_parts,02-nonworking,36,17,0.32
auto_parts,02-nonworking,37,18,0.32
auto_parts,02-nonworking,38,18,0.32
auto_parts,02-nonworking,39,19,0.32
auto_parts,02-nonworking,40,19,0.32
auto_parts,02-nonworking,41,20,0.32
auto_parts,02-nonworking,42,20,0.32
auto_parts,02-nonworking,43,21,0.32
auto_parts,02-nonworking,44,21,0.32
auto_parts,02-nonworking,45,22,0.32
auto_parts,02-nonworking,46,22,0.32
auto_parts,02-nonworking,47,23,0.32
auto_parts,02-nonworking,48,23,0.32
auto_parts,02-shutdown,1,0,0.15
auto_parts,02-shutdown,2,0,0.15
auto_parts,02-shutdown,3,1,0.15
auto_parts,02-shutdown,4,1,0.15
auto_parts,02-shutdown,5,2,0.15
auto_parts,02-shutdown,6,2,0.15
auto_parts,02-shutdown,7,3,0.15
auto_parts,02-shutdown,8,3,0.15
auto_parts,02-shutdown,9,4,0.15
auto_parts,02-shutdown,10,4,0.15
auto_parts,02-shutdown,11,5,0.15
auto_parts,02-shutdown,12,5,0.15
auto_parts,02-shutdown,13,6,0.15
auto_parts,02-shutdown,14,6,0.15
auto_parts,02-shutdown,15,7,0.15
auto_parts,02-shutdown,16,7,0.15
auto_parts,02-shutdown,17,8,0.15
auto_parts,02-shutdown,18,8,0.15
auto_parts,02-shutdown,19,9,0.15
auto_parts,02-shutdown,20,9,0.15
auto_parts,02-shutdown,21,10,0.15
auto_parts,02-shutdown,22,10,0.15
auto_parts,02-shutdown,23,11,0.15
auto_parts,02-shutdown,24,11,0.15
auto_parts,02-shutdown,25,12,0.15
auto_parts,02-shutdown,26,12,0.15
auto_parts,02-shutdown,27,13,0.15
auto_parts,02-shutdown,28,13,0.15
auto_parts,02-shutdown,29,14,0.15
auto_parts,02-shutdown,30,14,0.15
auto_parts,02-shutdown,31,15,0.15
auto_parts,02-shutdown,32,15,0.15
auto_parts,02-shutdown,33,16,0.15
auto_parts,02-shutdown,34,16,0.15
auto_parts,02-shutdown,35,17,0.15
auto_parts,02-shutdown,36,17,0.15
auto_parts,02-shutdown,37,18,0.15
auto_parts,02-shutdown,38,18,0.15
auto_parts,02-shutdown,39,19,0.15
auto_parts,02-shutdown,40,19,0.15
auto_parts,02-shutdown,41,20,0.15
auto_parts,02-shutdown,42,20,0.15
auto_parts,02-shutdown,43,21,0.15
auto_parts,02-shutdown,44,21,0.15
auto_parts,02-shutdown,45,22,0.15
auto_parts,02-shutdown,46,22,0.15
auto_parts,02-shutdown,47,23,0.15
auto_parts,02-shutdown,48,23,0.15
auto_parts,03-working,1,0,0.408
auto_parts,03-working,2,0,0.357
auto_parts,03-working,3,1,0.357
auto_parts,03-working,4,1,0.357
auto_parts,03-working,5,2,0.357
auto_parts,03-working,6,2,0.357
auto_parts,03-working,7,3,0.357
auto_parts,03-working,8,3,0.357
auto_parts,03-working,9,4,0.357
auto_parts,03-working,10,4,0.36975
auto_parts,03-working,11,5,0.39525
auto_parts,03-working,12,5,0.44625
auto_parts,03-working,13,6,0.52275
auto_parts,03-working,14,6,0.62475
auto_parts,03-working,15,7,0.75225
auto_parts,03-working,16,7,0.867
auto_parts,03-working,17,8,0.969
auto_parts,03-working,18,8,1.02
auto_parts,03-working,19,9,1.02
auto_parts,03-working,20,9,1.02
auto_parts,03-working,21,10,1.02
auto_parts,03-working,22,10,1.02
auto_parts,03-working,23,11,1.02
auto_parts,03-working,24,11,0.98175
auto_parts,03-working,25,12,0.90525
auto_parts,03-working,26,12,0.90525
auto_parts,03-working,27,13,0.98175
auto_parts,03-working,28,13,1.02
auto_parts,03-working,29,14,1.02
auto_parts,03-working,30,14,1.02
auto_parts,03-working,31,15,1.02
auto_parts,03-working,32,15,1.02
auto_parts,03-working,33,16,1.02
auto_parts,03-working,34,16,0.9996
auto_parts,03-working,35,17,0.9588
auto_parts,03-working,36,17,0.9333
auto_parts,03-working,37,18,0.9231
auto_parts,03-working,38,18,0.918
auto_parts,03-working,39,19,0.918
auto_parts,03-working,40,19,0.918
auto_parts,03-working,41,20,0.918
auto_parts,03-working,42,20,0.9129
auto_parts,03-working,43,21,0.9027
auto_parts,03-working,44,21,0.8772
auto_parts,03-working,45,22,0.8364
auto_parts,03-working,46,22,0.75225
auto_parts,03-working,47,23,0.62475
auto_parts,03-working,48,23,0.51
auto_parts,03-nonworking,1,0,0.3264
auto_parts,03-nonworking,2,0,0.3264
auto_parts,03-nonworking,3,1,0.3264
auto_parts,03-nonworking,4,1,0.3264
auto_parts,03-nonworking,5,2,0.3264
auto_parts,03-nonworking,6,2,0.3264
auto_parts,03-nonworking,7,3,0.3264
auto_parts,03-nonworking,8,3,0.3264
auto_parts,03-nonworking,9,4,0.3264
auto_parts,03-nonworking,10,4,0.3264
auto_parts,03-nonworking,11,5,0.3264
auto_parts,03-nonworking,12,5,0.3264
auto_parts,03-nonworking,13,6,0.3264
auto_parts,03-nonworking,14,6,0.3264
auto_parts,03-nonworking,15,7,0.3264
auto_parts,03-nonworking,16,7,0.3264
auto_parts,03-nonworking,17,8,0.3264
auto_parts,03-nonworking,18,8,0.3264
auto_parts,03-nonworking,19,9,0.3264
auto_parts,03-nonworking,20,9,0.3264
auto_parts,03-nonworking,21,10,0.3264
auto_parts,03-nonworking,22,10,0.3264
auto_parts,03-nonworking,23,11,0.3264
auto_parts,03-nonworking,24,11,0.3264
auto_parts,03-nonworking,25,12,0.3264
auto_parts,03-nonworking,26,12,0.3264
auto_parts,03-nonworking,27,13,0.3264
auto_parts,03-nonworking,28,13,0.3264
auto_parts,03-nonworking,29,14,0.3264
auto_parts,03-nonworking,30,14,0.3264
auto_parts,03-nonworking,31,15,0.3264
auto_parts,03-nonworking,32,15,0.3264
auto_parts,03-nonworking,33,16,0.3264
auto_parts,03-nonworking,34,16,0.3264
auto_parts,03-nonworking,35,17,0.3264
auto_parts,03-nonworking,36,17,0.3264
auto_parts,03-nonworking,37,18,0.3264
auto_parts,03-nonworking,38,18,0.3264
auto_parts,03-nonworking,39,19,0.3264
auto_parts,03-nonworking,40,19,0.3264
auto_parts,03-nonworking,41,20,0.3264
auto_parts,03-nonworking,42,20,0.3264
auto_parts,03-nonworking,43,21,0.3264
auto_parts,03-nonworking,44,21,0.3264
auto_parts,03-nonworking,45,22,0.3264
auto_parts,03-nonworking,46,22,0.3264
auto_parts,03-nonworking,47,23,0.3264
auto_parts,03-nonworking,48,23,0.3264
auto_parts,03-shutdown,1,0,0.153
auto_parts,03-shutdown,2,0,0.153
auto_parts,03-shutdown,3,1,0.153
auto_parts,03-shutdown,4,1,0.153
auto_parts,03-shutdown,5,2,0.153
auto_parts,03-shutdown,6,2,0.153
auto_parts,03-shutdown,7,3,0.153
auto_parts,03-shutdown,8,3,0.153
auto_parts,03-shutdown,9,4,0.153
auto_parts,03-shutdown,10,4,0.153
auto_parts,03-shutdown,11,5,0.153
auto_parts,03-shutdown,12,5,0.153
auto_parts,03-shutdown,13,6,0.153
auto_parts,03-shutdown,14,6,0.153
auto_parts,03-shutdown,15,7,0.153
auto_parts,03-shutdown,16,7,0.153
auto_parts,03-shutdown,17,8,0.153
auto_parts,03-shutdown,18,8,0.153
auto_parts,03-shutdown,19,9,0.153
auto_parts,03-shutdown,20,9,0.153
auto_parts,03-shutdown,21,10,0.153
auto_parts,03-shutdown,22,10,0.153
auto_parts,03-shutdown,23,11,0.153
auto_parts,03-shutdown,24,11,0.153
auto_parts,03-shutdown,25,12,0.153
auto_parts,03-shutdown,26,12,0.153
auto_parts,03-shutdown,27,13,0.153
auto_parts,03-shutdown,28,13,0.153
auto_parts,03-shutdown,29,14,0.153
auto_parts,03-shutdown,30,14,0.153
auto_parts,03-shutdown,31,15,0.153
auto_parts,03-shutdown,32,15,0.153
auto_parts,03-shutdown,33,16,0.153
auto_parts,03-shutdown,34,16,0.153
auto_parts,03-shutdown,35,17,0.153
auto_parts,03-shutdown,36,17,0.153
auto_parts,03-shutdown,37,18,0.153
auto_parts,03-shutdown,38,18,0.153
auto_parts,03-shutdown,39,19,0.153
auto_parts,03-shutdown,40,19,0.153
auto_parts,03-shutdown,41,20,0.153
auto_parts,03-shutdown,42,20,0.153
auto_parts,03-shutdown,43,21,0.153
auto_parts,03-shutdown,44,21,0.153
auto_parts,03-shutdown,45,22,0.153
auto_parts,03-shutdown,46,22,0.153
auto_parts,03-shutdown,47,23,0.153
auto_parts,03-shutdown,48,23,0.153
auto_parts,04-working,1,0,0.392
auto_parts,04-working,2,0,0.343
auto_parts,04-working,3,1,0.343
auto_parts,04-working,4,1,0.343
auto_parts,04-working,5,2,0.343
auto_parts,04-working,6,2,0.343
auto_parts,04-working,7,3,0.343
auto_parts,04-working,8,3,0.343
auto_parts,04-working,9,4,0.343
auto_parts,04-working,10,4,0.35525
auto_parts,04-working,11,5,0.37975
auto_parts,04-working,12,5,0.42875
auto_parts,04-working,13,6,0.50225
auto_parts,04-working,14,6,0.60025
auto_parts,04-working,15,7,0.72275
auto_parts,04-working,16,7,0.833
auto_parts,04-working,17,8,0.931
auto_parts,04-working,18,8,0.98
auto_parts,04-working,19,9,0.98
auto_parts,04-working,20,9,0.98
auto_parts,04-working,21,10,0.98
auto_parts,04-working,22,10,0.98
auto_parts,04-working,23,11,0.98
auto_parts,04-working,24,11,0.94325
auto_parts,04-working,25,12,0.86975
auto_parts,04-working,26,12,0.86975
auto_parts,04-working,27,13,0.94325
auto_parts,04-working,28,13,0.98
auto_parts,04-working,29,14,0.98
auto_parts,04-working,30,14,0.98
auto_parts,04-working,31,15,0.98
auto_parts,04-working,32,15,0.98
auto_parts,04-working,33,16,0.98
auto_parts,04-working,34,16,0.9604
auto_parts,04-working,35,17,0.9212
auto_parts,04-working,36,17,0.8967
auto_parts,04-working,37,18,0.8869
auto_parts,04-working,38,18,0.882
auto_parts,04-working,39,19,0.882
auto_parts,04-working,40,19,0.882
auto_parts,04-working,41,20,0.882
auto_parts,04-working,42,20,0.8771
auto_parts,04-working,43,21,0.8673
auto_parts,04-working,44,21,0.8428
auto_parts,04-working,45,22,0.8036
auto_parts,04-working,46,22,0.72275
auto_parts,04-working,47,23,0.60025
auto_parts,04-working,48,23,0.49
auto_parts,04-nonworking,1,0,0.3136
auto_parts,04-nonworking,2,0,0.3136
auto_parts,04-nonworking,3,1,0.3136
auto_parts,04-nonworking,4,1,0.3136
auto_parts,04-nonworking,5,2,0.3136
auto_parts,04-nonworking,6,2,0.3136
auto_parts,04-nonworking,7,3,0.3136
auto_parts,04-nonworking,8,3,0.3136
auto_parts,04-nonworking,9,4,0.3136
auto_parts,04-nonworking,10,4,0.3136
auto_parts,04-nonworking,11,5,0.3136
auto_parts,04-nonworking,12,5,0.3136
auto_parts,04-nonworking,13,6,0.3136
auto_parts,04-nonworking,14,6,0.3136
auto_parts,04-nonworking,15,7,0.3136
auto_parts,04-nonworking,16,7,0.3136
auto_parts,04-nonworking,17,8,0.3136
auto_parts,04-nonworking,18,8,0.3136
auto_parts,04-nonworking,19,9,0.3136
auto_parts,04-nonworking,20,9,0.3136
auto_parts,04-nonworking,21,10,0.3136
auto_parts,04-nonworking,22,10,0.3136
auto_parts,04-nonworking,23,11,0.3136
auto_parts,04-nonworking,24,11,0.3136
auto_parts,04-nonworking,25,12,0.3136
auto_parts,04-nonworking,26,12,0.3136
auto_parts,04-nonworking,27,13,0.3136
auto_parts,04-nonworking,28,13,0.3136
auto_parts,04-nonworking,29,14,0.3136
auto_parts,04-nonworking,30,14,0.3136
auto_parts,04-nonworking,31,15,0.3136
auto_parts,04-nonworking,32,15,0.3136
auto_parts,04-nonworking,33,16,0.3136
auto_parts,04-nonworking,34,16,0.3136
auto_parts,04-nonworking,35,17,0.3136
auto_parts,04-nonworking,36,17,0.3136
auto_parts,04-nonworking,37,18,0.3136
auto_parts,04-nonworking,38,18,0.3136
auto_parts,04-nonworking,39,19,0.3136
auto_parts,04-nonworking,40,19,0.3136
auto_parts,04-nonworking,41,20,0.3136
auto_parts,04-nonworking,42,20,0.3136
auto_parts,04-nonworking,43,21,0.3136
auto_parts,04-nonworking,44,21,0.3136
auto_parts,04-nonworking,45,22,0.3136
auto_parts,04-nonworking,46,22,0.3136
auto_parts,04-nonworking,47,23,0.3136
auto_parts,04-nonworking,48,23,0.3136
auto_parts,04-shutdown,1,0,0.147
auto_parts,04-shutdown,2,0,0.147
auto_parts,04-shutdown,3,1,0.147
auto_parts,04-shutdown,4,1,0.147
auto_parts,04-shutdown,5,2,0.147
auto_parts,04-shutdown,6,2,0.147
auto_parts,04-shutdown,7,3,0.147
auto_parts,04-shutdown,8,3,0.147
auto_parts,04-shutdown,9,4,0.147
auto_parts,04-shutdown,10,4,0.147
auto_parts,04-shutdown,11,5,0.147
auto_parts,04-shutdown,12,5,0.147
auto_parts,04-shutdown,13,6,0.147
auto_parts,04-shutdown,14,6,0.147
auto_parts,04-shutdown,15,7,0.147
auto_parts,04-shutdown,16,7,0.147
auto_parts,04-shutdown,17,8,0.147
auto_parts,04-shutdown,18,8,0.147
auto_parts,04-shutdown,19,9,0.147
auto_parts,04-shutdown,20,9,0.147
auto_parts,04-shutdown,21,10,0.147
auto_parts,04-shutdown,22,10,0.147
auto_parts,04-shutdown,23,11,0.147
auto_parts,04-shutdown,24,11,0.147
auto_parts,04-shutdown,25,12,0.147
auto_parts,04-shutdown,26,12,0.147
auto_parts,04-shutdown,27,13,0.147
auto_parts,04-shutdown,28,13,0.147
auto_parts,04-shutdown,29,14,0.147
auto_parts,04-shutdown,30,14,0.147
auto_parts,04-shutdown,31,15,0.147
auto_parts,04-shutdown,32,15,0.147
auto_parts,04-shutdown,33,16,0.147
auto_parts,04-shutdown,34,16,0.147
auto_parts,04-shutdown,35,17,0.147
auto_parts,04-shutdown,36,17,0.147
auto_parts,04-shutdown,37,18,0.147
auto_parts,04-shutdown,38,18,0.147
auto_parts,04-shutdown,39,19,0.147
auto_parts,04-shutdown,40,19,0.147
auto_parts,04-shutdown,41,20,0.147
auto_parts,04-shutdown,42,20,0.147
auto_parts,04-shutdown,43,21,0.147
auto_parts,04-shutdown,44,21,0.147
auto_parts,04-shutdown,45,22,0.147
auto_parts,04-shutdown,46,22,0.147
auto_parts,04-shutdown,47,23,0.147
auto_parts,04-shutdown,48,23,0.147
auto_parts,05-working,1,0,0.388
auto_parts,05-working,2,0,0.3395
auto_parts,05-working,3,1,0.3395
auto_parts,05-working,4,1,0.3395
auto_parts,05-working,5,2,0.3395
auto_parts,05-working,6,2,0.3395
auto_parts,05-working,7,3,0.3395
auto_parts,05-working,8,3,0.3395
auto_parts,05-working,9,4,0.3395
auto_parts,05-working,10,4,0.35162
auto_parts,05-working,11,5,0.37588
auto_parts,05-working,12,5,0.42438
auto_parts,05-working,13,6,0.49713
auto_parts,05-working,14,6,0.59413
auto_parts,05-working,15,7,0.71537
auto_parts,05-working,16,7,0.8245
auto_parts,05-working,17,8,0.9215
auto_parts,05-working,18,8,0.97
auto_parts,05-working,19,9,0.97
auto_parts,05-working,20,9,0.97
auto_parts,05-working,21,10,0.97
auto_parts,05-working,22,10,0.97
auto_parts,05-working,23,11,0.97
auto_parts,05-working,24,11,0.93363
auto_parts,05-working,25,12,0.86087
auto_parts,05-working,26,12,0.86087
auto_parts,05-working,27,13,0.93363
auto_parts,05-working,28,13,0.97
auto_parts,05-working,29,14,0.97
auto_parts,05-working,30,14,0.97
auto_parts,05-working,31,15,0.97
auto_parts,05-working,32,15,0.97
auto_parts,05-working,33,16,0.97
auto_parts,05-working,34,16,0.9506
auto_parts,05-working,35,17,0.9118
auto_parts,05-working,36,17,0.88755
auto_parts,05-working,37,18,0.87785
auto_parts,05-working,38,18,0.873
auto_parts,05-working,39,19,0.873
auto_parts,05-working,40,19,0.873
auto_parts,05-working,41,20,0.873
auto_parts,05-working,42,20,0.86815
auto_parts,05-working,43,21,0.85845
auto_parts,05-working,44,21,0.8342
auto_parts,05-working,45,22,0.7954
auto_parts,05-working,46,22,0.71537
auto_parts,05-working,47,23,0.59413
auto_parts,05-working,48,23,0.485
auto_parts,05-nonworking,1,0,0.3104
auto_parts,05-nonworking,2,0,0.3104
auto_parts,05-nonworking,3,1,0.3104
auto_parts,05-nonworking,4,1,0.3104
auto_parts,05-nonworking,5,2,0.3104
auto_parts,05-nonworking,6,2,0.3104
auto_parts,05-nonworking,7,3,0.3104
auto_parts,05-nonworking,8,3,0.3104
auto_parts,05-nonworking,9,4,0.3104
auto_parts,05-nonworking,10,4,0.3104
auto_parts,05-nonworking,11,5,0.3104
auto_parts,05-nonworking,12,5,0.3104
auto_parts,05-nonworking,13,6,0.3104
auto_parts,05-nonworking,14,6,0.3104
auto_parts,05-nonworking,15,7,0.3104
auto_parts,05-nonworking,16,7,0.3104
auto_parts,05-nonworking,17,8,0.3104
auto_parts,05-nonworking,18,8,0.3104
auto_parts,05-nonworking,19,9,0.3104
auto_parts,05-nonworking,20,9,0.3104
auto_parts,05-nonworking,21,10,0.3104
auto_parts,05-nonworking,22,10,0.3104
auto_parts,05-nonworking,23,11,0.3104
auto_parts,05-nonworking,24,11,0.3104
auto_parts,05-nonworking,25,12,0.3104
auto_parts,05-nonworking,26,12,0.3104
auto_parts,05-nonworking,27,13,0.3104
auto_parts,05-nonworking,28,13,0.3104
auto_parts,05-nonworking,29,14,0.3104
auto_parts,05-nonworking,30,14,0.3104
auto_parts,05-nonworking,31,15,0.3104
auto_parts,05-nonworking,32,15,0.3104
auto_parts,05-nonworking,33,16,0.3104
auto_parts,05-nonworking,34,16,0.3104
auto_parts,05-nonworking,35,17,0.3104
auto_parts,05-nonworking,36,17,0.3104
auto_parts,05-nonworking,37,18,0.3104
auto_parts,05-nonworking,38,18,0.3104
auto_parts,05-nonworking,39,19,0.3104
auto_parts,05-nonworking,40,19,0.3104
auto_parts,05-nonworking,41,20,0.3104
auto_parts,05-nonworking,42,20,0.3104
auto_parts,05-nonworking,43,21,0.3104
auto_parts,05-nonworking,44,21,0.3104
auto_parts,05-nonworking,45,22,0.3104
auto_parts,05-nonworking,46,22,0.3104
auto_parts,05-nonworking,47,23,0.3104
auto_parts,05-nonworking,48,23,0.3104
auto_parts,05-shutdown,1,0,0.1455
auto_parts,05-shutdown,2,0,0.1455
auto_parts,05-shutdown,3,1,0.1455
auto_parts,05-shutdown,4,1,0.1455
auto_parts,05-shutdown,5,2,0.1455
auto_parts,05-shutdown,6,2,0.1455
auto_parts,05-shutdown,7,3,0.1455
auto_parts,05-shutdown,8,3,0.1455
auto_parts,05-shutdown,9,4,0.1455
auto_parts,05-shutdown,10,4,0.1455
auto_parts,05-shutdown,11,5,0.1455
auto_parts,05-shutdown,12,5,0.1455
auto_parts,05-shutdown,13,6,0.1455
auto_parts,05-shutdown,14,6,0.1455
auto_parts,05-shutdown,15,7,0.1455
auto_parts,05-shutdown,16,7,0.1455
auto_parts,05-shutdown,17,8,0.1455
auto_parts,05-shutdown,18,8,0.1455
auto_parts,05-shutdown,19,9,0.1455
auto_parts,05-shutdown,20,9,0.1455
auto_parts,05-shutdown,21,10,0.1455
auto_parts,05-shutdown,22,10,0.1455
auto_parts,05-shutdown,23,11,0.1455
auto_parts,05-shutdown,24,11,0.1455
auto_parts,05-shutdown,25,12,0.1455
auto_parts,05-shutdown,26,12,0.1455
auto_parts,05-shutdown,27,13,0.1455
auto_parts,05-shutdown,28,13,0.1455
auto_parts,05-shutdown,29,14,0.1455
auto_parts,05-shutdown,30,14,0.1455
auto_parts,05-shutdown,31,15,0.1455
auto_parts,05-shutdown,32,15,0.1455
auto_parts,05-shutdown,33,16,0.1455
auto_parts,05-shutdown,34,16,0.1455
auto_parts,05-shutdown,35,17,0.1455
auto_parts,05-shutdown,36,17,0.1455
auto_parts,05-shutdown,37,18,0.1455
auto_parts,05-shutdown,38,18,0.1455
auto_parts,05-shutdown,39,19,0.1455
auto_parts,05-shutdown,40,19,0.1455
auto_parts,05-shutdown,41,20,0.1455
auto_parts,05-shutdown,42,20,0.1455
auto_parts,05-shutdown,43,21,0.1455
auto_parts,05-shutdown,44,21,0.1455
auto_parts,05-shutdown,45,22,0.1455
auto_parts,05-shutdown,46,22,0.1455
auto_parts,05-shutdown,47,23,0.1455
auto_parts,05-shutdown,48,23,0.1455
auto_parts,06-working,1,0,0.4
auto_parts,06-working,2,0,0.35
auto_parts,06-working,3,1,0.35
auto_parts,06-working,4,1,0.35
auto_parts,06-working,5,2,0.35
auto_parts,06-working,6,2,0.35
auto_parts,06-working,7,3,0.35
auto_parts,06-working,8,3,0.35
auto_parts,06-working,9,4,0.35
auto_parts,06-working,10,4,0.3625
auto_parts,06-working,11,5,0.3875
auto_parts,06-working,12,5,0.4375
auto_parts,06-working,13,6,0.5125
auto_parts,06-working,14,6,0.6125
auto_parts,06-working,15,7,0.7375
auto_parts,06-working,16,7,0.85
auto_parts,06-working,17,8,0.95
auto_parts,06-working,18,8,1
auto_parts,06-working,19,9,1
auto_parts,06-working,20,9,1
auto_parts,06-working,21,10,1
auto_parts,06-working,22,10,1
auto_parts,06-working,23,11,1
auto_parts,06-working,24,11,0.9625
auto_parts,06-working,25,12,0.8875
auto_parts,06-working,26,12,0.8875
auto_parts,06-working,27,13,0.9625
auto_parts,06-working,28,13,1
auto_parts,06-working,29,14,1
auto_parts,06-working,30,14,1
auto_parts,06-working,31,15,1
auto_parts,06-working,32,15,1
auto_parts,06-working,33,16,1
auto_parts,06-working,34,16,0.98
auto_parts,06-working,35,17,0.94
auto_parts,06-working,36,17,0.915
auto_parts,06-working,37,18,0.905
auto_parts,06-working,38,18,0.9
auto_parts,06-working,39,19,0.9
auto_parts,06-working,40,19,0.9
auto_parts,06-working,41,20,0.9
auto_parts,06-working,42,20,0.895
auto_parts,06-working,43,21,0.885
auto_parts,06-working,44,21,0.86
auto_parts,06-working,45,22,0.82
auto_parts,06-working,46,22,0.7375
auto_parts,06-working,47,23,0.6125
auto_parts,06-working,48,23,0.5
auto_parts,06-nonworking,1,0,0.32
auto_parts,06-nonworking,2,0,0.32
auto_parts,06-nonworking,3,1,0.32
auto_parts,06-nonworking,4,1,0.32
auto_parts,06-nonworking,5,2,0.32
auto_parts,06-nonworking,6,2,0.32
auto_parts,06-nonworking,7,3,0.32
auto_parts,06-nonworking,8,3,0.32
auto_parts,06-nonworking,9,4,0.32
auto_parts,06-nonworking,10,4,0.32
auto_parts,06-nonworking,11,5,0.32
auto_parts,06-nonworking,12,5,0.32
auto_parts,06-nonworking,13,6,0.32
auto_parts,06-nonworking,14,6,0.32
auto_parts,06-nonworking,15,7,0.32
auto_parts,06-nonworking,16,7,0.32
auto_parts,06-nonworking,17,8,0.32
auto_parts,06-nonworking,18,8,0.32
auto_parts,06-nonworking,19,9,0.32
auto_parts,06-nonworking,20,9,0.32
auto_parts,06-nonworking,21,10,0.32
auto_parts,06-nonworking,22,10,0.32
auto_parts,06-nonworking,23,11,0.32
auto_parts,06-nonworking,24,11,0.32
auto_parts,06-nonworking,25,12,0.32
auto_parts,06-nonworking,26,12,0.32
auto_parts,06-nonworking,27,13,0.32
auto_parts,06-nonworking,28,13,0.32
auto_parts,06-nonworking,29,14,0.32
auto_parts,06-nonworking,30,14,0.32
auto_parts,06-nonworking,31,15,0.32
auto_parts,06-nonworking,32,15,0.32
auto_parts,06-nonworking,33,16,0.32
auto_parts,06-nonworking,34,16,0.32
auto_parts,06-nonworking,35,17,0.32
auto_parts,06-nonworking,36,17,0.32
auto_parts,06-nonworking,37,18,0.32
auto_parts,06-nonworking,38,18,0.32
auto_parts,06-nonworking,39,19,0.32
auto_parts,06-nonworking,40,19,0.32
auto_parts,06-nonworking,41,20,0.32
auto_parts,06-nonworking,42,20,0.32
auto_parts,06-nonworking,43,21,0.32
auto_parts,06-nonworking,44,21,0.32
auto_parts,06-nonworking,45,22,0.32
auto_parts,06-nonworking,46,22,0.32
auto_parts,06-nonworking,47,23,0.32
auto_parts,06-nonworking,48,23,0.32
auto_parts,06-shutdown,1,0,0.15
auto_parts,06-shutdown,2,0,0.15
auto_parts,06-shutdown,3,1,0.15
auto_parts,06-shutdown,4,1,0.15
auto_parts,06-shutdown,5,2,0.15
auto_parts,06-shutdown,6,2,0.15
auto_parts,06-shutdown,7,3,0.15
auto_parts,06-shutdown,8,3,0.15
auto_parts,06-shutdown,9,4,0.15
auto_parts,06-shutdown,10,4,0.15
auto_parts,06-shutdown,11,5,0.15
auto_parts,06-shutdown,12,5,0.15
auto_parts,06-shutdown,13,6,0.15
auto_parts,06-shutdown,14,6,0.15
auto_parts,06-shutdown,15,7,0.15
auto_parts,06-shutdown,16,7,0.15
auto_parts,06-shutdown,17,8,0.15
auto_parts,06-shutdown,18,8,0.15
auto_parts,06-shutdown,19,9,0.15
auto_parts,06-shutdown,20,9,0.15
auto_parts,06-shutdown,21,10,0.15
auto_parts,06-shutdown,22,10,0.15
auto_parts,06-shutdown,23,11,0.15
auto_parts,06-shutdown,24,11,0.15
auto_parts,06-shutdown,25,12,0.15
auto_parts,06-shutdown,26,12,0.15
auto_parts,06-shutdown,27,13,0.15
auto_parts,06-shutdown,28,13,0.15
auto_parts,06-shutdown,29,14,0.15
auto_parts,06-shutdown,30,14,0.15
auto_parts,06-shutdown,31,15,0.15
auto_parts,06-shutdown,32,15,0.15
auto_parts,06-shutdown,33,16,0.15
auto_parts,06-shutdown,34,16,0.15
auto_parts,06-shutdown,35,17,0.15
auto_parts,06-shutdown,36,17,0.15
auto_parts,06-shutdown,37,18,0.15
auto_parts,06-shutdown,38,18,0.15
auto_parts,06-shutdown,39,19,0.15
auto_parts,06-shutdown,40,19,0.15
auto_parts,06-shutdown,41,20,0.15
auto_parts,06-shutdown,42,20,0.15
auto_parts,06-shutdown,43,21,0.15
auto_parts,06-shutdown,44,21,0.15
auto_parts,06-shutdown,45,22,0.15
auto_parts,06-shutdown,46,22,0.15
auto_parts,06-shutdown,47,23,0.15
auto_parts,06-shutdown,48,23,0.15
auto_parts,07-working,1,0,0.412
auto_parts,07-working,2,0,0.3605
auto_parts,07-working,3,1,0.3605
auto_parts,07-working,4,1,0.3605
auto_parts,07-working,5,2,0.3605
auto_parts,07-working,6,2,0.3605
auto_parts,07-working,7,3,0.3605
auto_parts,07-working,8,3,0.3605
auto_parts,07-working,9,4,0.3605
auto_parts,07-working,10,4,0.37338
auto_parts,07-working,11,5,0.39913
auto_parts,07-working,12,5,0.45062
auto_parts,07-working,13,6,0.52788
auto_parts,07-working,14,6,0.63088
auto_parts,07-working,15,7,0.75963
auto_parts,07-working,16,7,0.8755
auto_parts,07-working,17,8,0.9785
auto_parts,07-working,18,8,1.03
auto_parts,07-working,19,9,1.03
auto_parts,07-working,20,9,1.03
auto_parts,07-working,21,10,1.03
auto_parts,07-working,22,10,1.03
auto_parts,07-working,23,11,1.03
auto_parts,07-working,24,11,0.99138
auto_parts,07-working,25,12,0.91412
auto_parts,07-working,26,12,0.91412
auto_parts,07-working,27,13,0.99138
auto_parts,07-working,28,13,1.03
auto_parts,07-working,29,14,1.03
auto_parts,07-working,30,14,1.03
auto_parts,07-working,31,15,1.03
auto_parts,07-working,32,15,1.03
auto_parts,07-working,33,16,1.03
auto_parts,07-working,34,16,1.0094
auto_parts,07-working,35,17,0.9682
auto_parts,07-working,36,17,0.94245
auto_parts,07-working,37,18,0.93215
auto_parts,07-working,38,18,0.927
auto_parts,07-working,39,19,0.927
auto_parts,07-working,40,19,0.927
auto_parts,07-working,41,20,0.927
auto_parts,07-working,42,20,0.92185
auto_parts,07-working,43,21,0.91155
auto_parts,07-working,44,21,0.8858
auto_parts,07-working,45,22,0.8446
auto_parts,07-working,46,22,0.75963
auto_parts,07-working,47,23,0.63088
auto_parts,07-working,48,23,0.515
auto_parts,07-nonworking,1,0,0.3296
auto_parts,07-nonworking,2,0,0.3296
auto_parts,07-nonworking,3,1,0.3296
auto_parts,07-nonworking,4,1,0.3296
auto_parts,07-nonworking,5,2,0.3296
auto_parts,07-nonworking,6,2,0.3296
auto_parts,07-nonworking,7,3,0.3296
auto_parts,07-nonworking,8,3,0.3296
auto_parts,07-nonworking,9,4,0.3296
auto_parts,07-nonworking,10,4,0.3296
auto_parts,07-nonworking,11,5,0.3296
auto_parts,07-nonworking,12,5,0.3296
auto_parts,07-nonworking,13,6,0.3296
auto_parts,07-nonworking,14,6,0.3296
auto_parts,07-nonworking,15,7,0.3296
auto_parts,07-nonworking,16,7,0.3296
auto_parts,07-nonworking,17,8,0.3296
auto_parts,07-nonworking,18,8,0.3296
auto_parts,07-nonworking,19,9,0.3296
auto_parts,07-nonworking,20,9,0.3296
auto_parts,07-nonworking,21,10,0.3296
auto_parts,07-nonworking,22,10,0.3296
auto_parts,07-nonworking,23,11,0.3296
auto_parts,07-nonworking,24,11,0.3296
auto_parts,07-nonworking,25,12,0.3296
auto_parts,07-nonworking,26,12,0.3296
auto_parts,07-nonworking,27,13,0.3296
auto_parts,07-nonworking,28,13,0.3296
auto_parts,07-nonworking,29,14,0.3296
auto_parts,07-nonworking,30,14,0.3296
auto_parts,07-nonworking,31,15,0.3296
auto_parts,07-nonworking,32,15,0.3296
auto_parts,07-nonworking,33,16,0.3296
auto_parts,07-nonworking,34,16,0.3296
auto_parts,07-nonworking,35,17,0.3296
auto_parts,07-nonworking,36,17,0.3296
auto_parts,07-nonworking,37,18,0.3296
auto_parts,07-nonworking,38,18,0.3296
auto_parts,07-nonworking,39,19,0.3296
auto_parts,07-nonworking,40,19,0.3296
auto_parts,07-nonworking,41,20,0.3296
auto_parts,07-nonworking,42,20,0.3296
auto_parts,07-nonworking,43,21,0.3296
auto_parts,07-nonworking,44,21,0.3296
auto_parts,07-nonworking,45,22,0.3296
auto_parts,07-nonworking,46,22,0.3296
auto_parts,07-nonworking,47,23,0.3296
auto_parts,07-nonworking,48,23,0.3296
auto_parts,07-shutdown,1,0,0.1545
auto_parts,07-shutdown,2,0,0.1545
auto_parts,07-shutdown,3,1,0.1545
auto_parts,07-shutdown,4,1,0.1545
auto_parts,07-shutdown,5,2,0.1545
auto_parts,07-shutdown,6,2,0.1545
auto_parts,07-shutdown,7,3,0.1545
auto_parts,07-shutdown,8,3,0.1545
auto_parts,07-shutdown,9,4,0.1545
auto_parts,07-shutdown,10,4,0.1545
auto_parts,07-shutdown,11,5,0.1545
auto_parts,07-shutdown,12,5,0.1545
auto_parts,07-shutdown,13,6,0.1545
auto_parts,07-shutdown,14,6,0.1545
auto_parts,07-shutdown,15,7,0.1545
auto_parts,07-shutdown,16,7,0.1545
auto_parts,07-shutdown,17,8,0.1545
auto_parts,07-shutdown,18,8,0.1545
auto_parts,07-shutdown,19,9,0.1545
auto_parts,07-shutdown,20,9,0.1545
auto_parts,07-shutdown,21,10,0.1545
auto_parts,07-shutdown,22,10,0.1545
auto_parts,07-shutdown,23,11,0.1545
auto_parts,07-shutdown,24,11,0.1545
auto_parts,07-shutdown,25,12,0.1545
auto_parts,07-shutdown,26,12,0.1545
auto_parts,07-shutdown,27,13,0.1545
auto_parts,07-shutdown,28,13,0.1545
auto_parts,07-shutdown,29,14,0.1545
auto_parts,07-shutdown,30,14,0.1545
auto_parts,07-shutdown,31,15,0.1545
auto_parts,07-shutdown,32,15,0.1545
auto_parts,07-shutdown,33,16,0.1545
auto_parts,07-shutdown,34,16,0.1545
auto_parts,07-shutdown,35,17,0.1545
auto_parts,07-shutdown,36,17,0.1545
auto_parts,07-shutdown,37,18,0.1545
auto_parts,07-shutdown,38,18,0.1545
auto_parts,07-shutdown,39,19,0.1545
auto_parts,07-shutdown,40,19,0.1545
auto_parts,07-shutdown,41,20,0.1545
auto_parts,07-shutdown,42,20,0.1545
auto_parts,07-shutdown,43,21,0.1545
auto_parts,07-shutdown,44,21,0.1545
auto_parts,07-shutdown,45,22,0.1545
auto_parts,07-shutdown,46,22,0.1545
auto_parts,07-shutdown,47,23,0.1545
auto_parts,07-shutdown,48,23,0.1545
auto_parts,08-working,1,0,0.38
auto_parts,08-working,2,0,0.3325
auto_parts,08-working,3,1,0.3325
auto_parts,08-working,4,1,0.3325
auto_parts,08-working,5,2,0.3325
auto_parts,08-working,6,2,0.3325
auto_parts,08-working,7,3,0.3325
auto_parts,08-working,8,3,0.3325
auto_parts,08-working,9,4,0.3325
auto_parts,08-working,10,4,0.34437
auto_parts,08-working,11,5,0.36812
auto_parts,08-working,12,5,0.41562
auto_parts,08-working,13,6,0.48688
auto_parts,08-working,14,6,0.58188
auto_parts,08-working,15,7,0.70063
auto_parts,08-working,16,7,0.8075
auto_parts,08-working,17,8,0.9025
auto_parts,08-working,18,8,0.95
auto_parts,08-working,19,9,0.95
auto_parts,08-working,20,9,0.95
auto_parts,08-working,21,10,0.95
auto_parts,08-working,22,10,0.95
auto_parts,08-working,23,11,0.95
auto_parts,08-working,24,11,0.91437
auto_parts,08-working,25,12,0.84312
auto_parts,08-working,26,12,0.84312
auto_parts,08-working,27,13,0.91437
auto_parts,08-working,28,13,0.95
auto_parts,08-working,29,14,0.95
auto_parts,08-working,30,14,0.95
auto_parts,08-working,31,15,0.95
auto_parts,08-working,32,15,0.95
auto_parts,08-working,33,16,0.95
auto_parts,08-working,34,16,0.931
auto_parts,08-working,35,17,0.893
auto_parts,08-working,36,17,0.86925
auto_parts,08-working,37,18,0.85975
auto_parts,08-working,38,18,0.855
auto_parts,08-working,39,19,0.855
auto_parts,08-working,40,19,0.855
auto_parts,08-working,41,20,0.855
auto_parts,08-working,42,20,0.85025
auto_parts,08-working,43,21,0.84075
auto_parts,08-working,44,21,0.817
auto_parts,08-working,45,22,0.779
auto_parts,08-working,46,22,0.70063
auto_parts,08-working,47,23,0.58188
auto_parts,08-working,48,23,0.475
auto_parts,08-nonworking,1,0,0.304
auto_parts,08-nonworking,2,0,0.304
auto_parts,08-nonworking,3,1,0.304
auto_parts,08-nonworking,4,1,0.304
auto_parts,08-nonworking,5,2,0.304
auto_parts,08-nonworking,6,2,0.304
auto_parts,08-nonworking,7,3,0.304
auto_parts,08-nonworking,8,3,0.304
auto_parts,08-nonworking,9,4,0.304
auto_parts,08-nonworking,10,4,0.304
auto_parts,08-nonworking,11,5,0.304
auto_parts,08-nonworking,12,5,0.304
auto_parts,08-nonworking,13,6,0.304
auto_parts,08-nonworking,14,6,0.304
auto_parts,08-nonworking,15,7,0.304
auto_parts,08-nonworking,16,7,0.304
auto_parts,08-nonworking,17,8,0.304
auto_parts,08-nonworking,18,8,0.304
auto_parts,08-nonworking,19,9,0.304
auto_parts,08-nonworking,20,9,0.304
auto_parts,08-nonworking,21,10,0.304
auto_parts,08-nonworking,22,10,0.304
auto_parts,08-nonworking,23,11,0.304
auto_parts,08-nonworking,24,11,0.304
auto_parts,08-nonworking,25,12,0.304
auto_parts,08-nonworking,26,12,0.304
auto_parts,08-nonworking,27,13,0.304
auto_parts,08-nonworking,28,13,0.304
auto_parts,08-nonworking,29,14,0.304
auto_parts,08-nonworking,30,14,0.304
auto_parts,08-nonworking,31,15,0.304
auto_parts,08-nonworking,32,15,0.304
auto_parts,08-nonworking,33,16,0.304
auto_parts,08-nonworking,34,16,0.304
auto_parts,08-nonworking,35,17,0.304
auto_parts,08-nonworking,36,17,0.304
auto_parts,08-nonworking,37,18,0.304
auto_parts,08-nonworking,38,18,0.304
auto_parts,08-nonworking,39,19,0.304
auto_parts,08-nonworking,40,19,0.304
auto_parts,08-nonworking,41,20,0.304
auto_parts,08-nonworking,42,20,0.304
auto_parts,08-nonworking,43,21,0.304
auto_parts,08-nonworking,44,21,0.304
auto_parts,08-nonworking,45,22,0.304
auto_parts,08-nonworking,46,22,0.304
auto_parts,08-nonworking,47,23,0.304
auto_parts,08-nonworking,48,23,0.304
auto_parts,08-shutdown,1,0,0.1425
auto_parts,08-shutdown,2,0,0.1425
auto_parts,08-shutdown,3,1,0.1425
auto_parts,08-shutdown,4,1,0.1425
auto_parts,08-shutdown,5,2,0.1425
auto_parts,08-shutdown,6,2,0.1425
auto_parts,08-shutdown,7,3,0.1425
auto_parts,08-shutdown,8,3,0.1425
auto_parts,08-shutdown,9,4,0.1425
auto_parts,08-shutdown,10,4,0.1425
auto_parts,08-shutdown,11,5,0.1425
auto_parts,08-shutdown,12,5,0.1425
auto_parts,08-shutdown,13,6,0.1425
auto_parts,08-shutdown,14,6,0.1425
auto_parts,08-shutdown,15,7,0.1425
auto_parts,08-shutdown,16,7,0.1425
auto_parts,08-shutdown,17,8,0.1425
auto_parts,08-shutdown,18,8,0.1425
auto_parts,08-shutdown,19,9,0.1425
auto_parts,08-shutdown,20,9,0.1425
auto_parts,08-shutdown,21,10,0.1425
auto_parts,08-shutdown,22,10,0.1425
auto_parts,08-shutdown,23,11,0.1425
auto_parts,08-shutdown,24,11,0.1425
auto_parts,08-shutdown,25,12,0.1425
auto_parts,08-shutdown,26,12,0.1425
auto_parts,08-shutdown,27,13,0.1425
auto_parts,08-shutdown,28,13,0.1425
auto_parts,08-shutdown,29,14,0.1425
auto_parts,08-shutdown,30,14,0.1425
auto_parts,08-shutdown,31,15,0.1425
auto_parts,08-shutdown,32,15,0.1425
auto_parts,08-shutdown,33,16,0.1425
auto_parts,08-shutdown,34,16,0.1425
auto_parts,08-shutdown,35,17,0.1425
auto_parts,08-shutdown,36,17,0.1425
auto_parts,08-shutdown,37,18,0.1425
auto_parts,08-shutdown,38,18,0.1425
auto_parts,08-shutdown,39,19,0.1425
auto_parts,08-shutdown,40,19,0.1425
auto_parts,08-shutdown,41,20,0.1425
auto_parts,08-shutdown,42,20,0.1425
auto_parts,08-shutdown,43,21,0.1425
auto_parts,08-shutdown,44,21,0.1425
auto_parts,08-shutdown,45,22,0.1425
auto_parts,08-shutdown,46,22,0.1425
auto_parts,08-shutdown,47,23,0.1425
auto_parts,08-shutdown,48,23,0.1425
auto_parts,09-working,1,0,0.408
auto_parts,09-working,2,0,0.357
auto_parts,09-working,3,1,0.357
auto_parts,09-working,4,1,0.357
auto_parts,09-working,5,2,0.357
auto_parts,09-working,6,2,0.357
auto_parts,09-working,7,3,0.357
auto_parts,09-working,8,3,0.357
auto_parts,09-working,9,4,0.357
auto_parts,09-working,10,4,0.36975
auto_parts,09-working,11,5,0.39525
auto_parts,09-working,12,5,0.44625
auto_parts,09-working,13,6,0.52275
auto_parts,09-working,14,6,0.62475
auto_parts,09-working,15,7,0.75225
auto_parts,09-working,16,7,0.867
auto_parts,09-working,17,8,0.969
auto_parts,09-working,18,8,1.02
auto_parts,09-working,19,9,1.02
auto_parts,09-working,20,9,1.02
auto_parts,09-working,21,10,1.02
auto_parts,09-working,22,10,1.02
auto_parts,09-working,23,11,1.02
auto_parts,09-working,24,11,0.98175
auto_parts,09-working,25,12,0.90525
auto_parts,09-working,26,12,0.90525
auto_parts,09-working,27,13,0.98175
auto_parts,09-working,28,13,1.02
auto_parts,09-working,29,14,1.02
auto_parts,09-working,30,14,1.02
auto_parts,09-working,31,15,1.02
auto_parts,09-working,32,15,1.02
auto_parts,09-working,33,16,1.02
auto_parts,09-working,34,16,0.9996
auto_parts,09-working,35,17,0.9588
auto_parts,09-working,36,17,0.9333
auto_parts,09-working,37,18,0.9231
auto_parts,09-working,38,18,0.918
auto_parts,09-working,39,19,0.918
auto_parts,09-working,40,19,0.918
auto_parts,09-working,41,20,0.918
auto_parts,09-working,42,20,0.9129
auto_parts,09-working,43,21,0.9027
auto_parts,09-working,44,21,0.8772
auto_parts,09-working,45,22,0.8364
auto_parts,09-working,46,22,0.75225
auto_parts,09-working,47,23,0.62475
auto_parts,09-working,48,23,0.51
auto_parts,09-nonworking,1,0,0.3264
auto_parts,09-nonworking,2,0,0.3264
auto_parts,09-nonworking,3,1,0.3264
auto_parts,09-nonworking,4,1,0.3264
auto_parts,09-nonworking,5,2,0.3264
auto_parts,09-nonworking,6,2,0.3264
auto_parts,09-nonworking,7,3,0.3264
auto_parts,09-nonworking,8,3,0.3264
auto_parts,09-nonworking,9,4,0.3264
auto_parts,09-nonworking,10,4,0.3264
auto_parts,09-nonworking,11,5,0.3264
auto_parts,09-nonworking,12,5,0.3264
auto_parts,09-nonworking,13,6,0.3264
auto_parts,09-nonworking,14,6,0.3264
auto_parts,09-nonworking,15,7,0.3264
auto_parts,09-nonworking,16,7,0.3264
auto_parts,09-nonworking,17,8,0.3264
auto_parts,09-nonworking,18,8,0.3264
auto_parts,09-nonworking,19,9,0.3264
auto_parts,09-nonworking,20,9,0.3264
auto_parts,09-nonworking,21,10,0.3264
auto_parts,09-nonworking,22,10,0.3264
auto_parts,09-nonworking,23,11,0.3264
auto_parts,09-nonworking,24,11,0.3264
auto_parts,09-nonworking,25,12,0.3264
auto_parts,09-nonworking,26,12,0.3264
auto_parts,09-nonworking,27,13,0.3264
auto_parts,09-nonworking,28,13,0.3264
auto_parts,09-nonworking,29,14,0.3264
auto_parts,09-nonworking,30,14,0.3264
auto_parts,09-nonworking,31,15,0.3264
auto_parts,09-nonworking,32,15,0.3264
auto_parts,09-nonworking,33,16,0.3264
auto_parts,09-nonworking,34,16,0.3264
auto_parts,09-nonworking,35,17,0.3264
auto_parts,09-nonworking,36,17,0.3264
auto_parts,09-nonworking,37,18,0.3264
auto_parts,09-nonworking,38,18,0.3264
auto_parts,09-nonworking,39,19,0.3264
auto_parts,09-nonworking,40,19,0.3264
auto_parts,09-nonworking,41,20,0.3264
auto_parts,09-nonworking,42,20,0.3264
auto_parts,09-nonworking,43,21,0.3264
auto_parts,09-nonworking,44,21,0.3264
auto_parts,09-nonworking,45,22,0.3264
auto_parts,09-nonworking,46,22,0.3264
auto_parts,09-nonworking,47,23,0.3264
auto_parts,09-nonworking,48,23,0.3264
auto_parts,09-shutdown,1,0,0.153
auto_parts,09-shutdown,2,0,0.153
auto_parts,09-shutdown,3,1,0.153
auto_parts,09-shutdown,4,1,0.153
auto_parts,09-shutdown,5,2,0.153
auto_parts,09-shutdown,6,2,0.153
auto_parts,09-shutdown,7,3,0.153
auto_parts,09-shutdown,8,3,0.153
auto_parts,09-shutdown,9,4,0.153
auto_parts,09-shutdown,10,4,0.153
auto_parts,09-shutdown,11,5,0.153
auto_parts,09-shutdown,12,5,0.153
auto_parts,09-shutdown,13,6,0.153
auto_parts,09-shutdown,14,6,0.153
auto_parts,09-shutdown,15,7,0.153
auto_parts,09-shutdown,16,7,0.153
auto_parts,09-shutdown,17,8,0.153
auto_parts,09-shutdown,18,8,0.153
auto_parts,09-shutdown,19,9,0.153
auto_parts,09-shutdown,20,9,0.153
auto_parts,09-shutdown,21,10,0.153
auto_parts,09-shutdown,22,10,0.153
auto_parts,09-shutdown,23,11,0.153
auto_parts,09-shutdown,24,11,0.153
auto_parts,09-shutdown,25,12,0.153
auto_parts,09-shutdown,26,12,0.153
auto_parts,09-shutdown,27,13,0.153
auto_parts,09-shutdown,28,13,0.153
auto_parts,09-shutdown,29,14,0.153
auto_parts,09-shutdown,30,14,0.153
auto_parts,09-shutdown,31,15,0.153
auto_parts,09-shutdown,32,15,0.153
auto_parts,09-shutdown,33,16,0.153
auto_parts,09-shutdown,34,16,0.153
auto_parts,09-shutdown,35,17,0.153
auto_parts,09-shutdown,36,17,0.153
auto_parts,09-shutdown,37,18,0.153
auto_parts,09-shutdown,38,18,0.153
auto_parts,09-shutdown,39,19,0.153
auto_parts,09-shutdown,40,19,0.153
auto_parts,09-shutdown,41,20,0.153
auto_parts,09-shutdown,42,20,0.153
auto_parts,09-shutdown,43,21,0.153
auto_parts,09-shutdown,44,21,0.153
auto_parts,09-shutdown,45,22,0.153
auto_parts,09-shutdown,46,22,0.153
auto_parts,09-shutdown,47,23,0.153
auto_parts,09-shutdown,48,23,0.153
auto_parts,10-working,1,0,0.4
auto_parts,10-working,2,0,0.35
auto_parts,10-working,3,1,0.35
auto_parts,10-working,4,1,0.35
auto_parts,10-working,5,2,0.35
auto_parts,10-working,6,2,0.35
auto_parts,10-working,7,3,0.35
auto_parts,10-working,8,3,0.35
auto_parts,10-working,9,4,0.35
auto_parts,10-working,10,4,0.3625
auto_parts,10-working,11,5,0.3875
auto_parts,10-working,12,5,0.4375
auto_parts,10-working,13,6,0.5125
auto_parts,10-working,14,6,0.6125
auto_parts,10-working,15,7,0.7375
auto_parts,10-working,16,7,0.85
auto_parts,10-working,17,8,0.95
auto_parts,10-working,18,8,1
auto_parts,10-working,19,9,1
auto_parts,10-working,20,9,1
auto_parts,10-working,21,10,1
auto_parts,10-working,22,10,1
auto_parts,10-working,23,11,1
auto_parts,10-working,24,11,0.9625
auto_parts,10-working,25,12,0.8875
auto_parts,10-working,26,12,0.8875
auto_parts,10-working,27,13,0.9625
auto_parts,10-working,28,13,1
auto_parts,10-working,29,14,1
auto_parts,10-working,30,14,1
auto_parts,10-working,31,15,1
auto_parts,10-working,32,15,1
auto_parts,10-working,33,16,1
auto_parts,10-working,34,16,0.98
auto_parts,10-working,35,17,0.94
auto_parts,10-working,36,17,0.915
auto_parts,10-working,37,18,0.905
auto_parts,10-working,38,18,0.9
auto_parts,10-working,39,19,0.9
auto_parts,10-working,40,19,0.9
auto_parts,10-working,41,20,0.9
auto_parts,10-working,42,20,0.895
auto_parts,10-working,43,21,0.885
auto_parts,10-working,44,21,0.86
auto_parts,10-working,45,22,0.82
auto_parts,10-working,46,22,0.7375
auto_parts,10-working,47,23,0.6125
auto_parts,10-working,48,23,0.5
auto_parts,10-nonworking,1,0,0.32
auto_parts,10-nonworking,2,0,0.32
auto_parts,10-nonworking,3,1,0.32
auto_parts,10-nonworking,4,1,0.32
auto_parts,10-nonworking,5,2,0.32
auto_parts,10-nonworking,6,2,0.32
auto_parts,10-nonworking,7,3,0.32
auto_parts,10-nonworking,8,3,0.32
auto_parts,10-nonworking,9,4,0.32
auto_parts,10-nonworking,10,4,0.32
auto_parts,10-nonworking,11,5,0.32
auto_parts,10-nonworking,12,5,0.32
auto_parts,10-nonworking,13,6,0.32
auto_parts,10-nonworking,14,6,0.32
auto_parts,10-nonworking,15,7,0.32
auto_parts,10-nonworking,16,7,0.32
auto_parts,10-nonworking,17,8,0.32
auto_parts,10-nonworking,18,8,0.32
auto_parts,10-nonworking,19,9,0.32
auto_parts,10-nonworking,20,9,0.32
auto_parts,10-nonworking,21,10,0.32
auto_parts,10-nonworking,22,10,0.32
auto_parts,10-nonworking,23,11,0.32
auto_parts,10-nonworking,24,11,0.32
auto_parts,10-nonworking,25,12,0.32
auto_parts,10-nonworking,26,12,0.32
auto_parts,10-nonworking,27,13,0.32
auto_parts,10-nonworking,28,13,0.32
auto_parts,10-nonworking,29,14,0.32
auto_parts,10-nonworking,30,14,0.32
auto_parts,10-nonworking,31,15,0.32
auto_parts,10-nonworking,32,15,0.32
auto_parts,10-nonworking,33,16,0.32
auto_parts,10-nonworking,34,16,0.32
auto_parts,10-nonworking,35,17,0.32
auto_parts,10-nonworking,36,17,0.32
auto_parts,10-nonworking,37,18,0.32
auto_parts,10-nonworking,38,18,0.32
auto_parts,10-nonworking,39,19,0.32
auto_parts,10-nonworking,40,19,0.32
auto_parts,10-nonworking,41,20,0.32
auto_parts,10-nonworking,42,20,0.32
auto_parts,10-nonworking,43,21,0.32
auto_parts,10-nonworking,44,21,0.32
auto_parts,10-nonworking,45,22,0.32
auto_parts,10-nonworking,46,22,0.32
auto_parts,10-nonworking,47,23,0.32
auto_parts,10-nonworking,48,23,0.32
auto_parts,10-shutdown,1,0,0.15
auto_parts,10-shutdown,2,0,0.15
auto_parts,10-shutdown,3,1,0.15
auto_parts,10-shutdown,4,1,0.15
auto_parts,10-shutdown,5,2,0.15
auto_parts,10-shutdown,6,2,0.15
auto_parts,10-shutdown,7,3,0.15
auto_parts,10-shutdown,8,3,0.15
auto_parts,10-shutdown,9,4,0.15
auto_parts,10-shutdown,10,4,0.15
auto_parts,10-shutdown,11,5,0.15
auto_parts,10-shutdown,12,5,0.15
auto_parts,10-shutdown,13,6,0.15
auto_parts,10-shutdown,14,6,0.15
auto_parts,10-shutdown,15,7,0.15
auto_parts,10-shutdown,16,7,0.15
auto_parts,10-shutdown,17,8,0.15
auto_parts,10-shutdown,18,8,0.15
auto_parts,10-shutdown,19,9,0.15
auto_parts,10-shutdown,20,9,0.15
auto_parts,10-shutdown,21,10,0.15
auto_parts,10-shutdown,22,10,0.15
auto_parts,10-shutdown,23,11,0.15
auto_parts,10-shutdown,24,11,0.15
auto_parts,10-shutdown,25,12,0.15
auto_parts,10-shutdown,26,12,0.15
auto_parts,10-shutdown,27,13,0.15
auto_parts,10-shutdown,28,13,0.15
auto_parts,10-shutdown,29,14,0.15
auto_parts,10-shutdown,30,14,0.15
auto_parts,10-shutdown,31,15,0.15
auto_parts,10-shutdown,32,15,0.15
auto_parts,10-shutdown,33,16,0.15
auto_parts,10-shutdown,34,16,0.15
auto_parts,10-shutdown,35,17,0.15
auto_parts,10-shutdown,36,17,0.15
auto_parts,10-shutdown,37,18,0.15
auto_parts,10-shutdown,38,18,0.15
auto_parts,10-shutdown,39,19,0.15
auto_parts,10-shutdown,40,19,0.15
auto_parts,10-shutdown,41,20,0.15
auto_parts,10-shutdown,42,20,0.15
auto_parts,10-shutdown,43,21,0.15
auto_parts,10-shutdown,44,21,0.15
auto_parts,10-shutdown,45,22,0.15
auto_parts,10-shutdown,46,22,0.15
auto_parts,10-shutdown,47,23,0.15
auto_parts,10-shutdown,48,23,0.15
auto_parts,11-working,1,0,0.4
auto_parts,11-working,2,0,0.35
auto_parts,11-working,3,1,0.35
auto_parts,11-working,4,1,0.35
auto_parts,11-working,5,2,0.35
auto_parts,11-working,6,2,0.35
auto_parts,11-working,7,3,0.35
auto_parts,11-working,8,3,0.35
auto_parts,11-working,9,4,0.35
auto_parts,11-working,10,4,0.3625
auto_parts,11-working,11,5,0.3875
auto_parts,11-working,12,5,0.4375
auto_parts,11-working,13,6,0.5125
auto_parts,11-working,14,6,0.6125
auto_parts,11-working,15,7,0.7375
auto_parts,11-working,16,7,0.85
auto_parts,11-working,17,8,0.95
auto_parts,11-working,18,8,1
auto_parts,11-working,19,9,1
auto_parts,11-working,20,9,1
auto_parts,11-working,21,10,1
auto_parts,11-working,22,10,1
auto_parts,11-working,23,11,1
auto_parts,11-working,24,11,0.9625
auto_parts,11-working,25,12,0.8875
auto_parts,11-working,26,12,0.8875
auto_parts,11-working,27,13,0.9625
auto_parts,11-working,28,13,1
auto_parts,11-working,29,14,1
auto_parts,11-working,30,14,1
auto_parts,11-working,31,15,1
auto_parts,11-working,32,15,1
auto_parts,11-working,33,16,1
auto_parts,11-working,34,16,0.98
auto_parts,11-working,35,17,0.94
auto_parts,11-working,36,17,0.915
auto_parts,11-working,37,18,0.905
auto_parts,11-working,38,18,0.9
auto_parts,11-working,39,19,0.9
auto_parts,11-working,40,19,0.9
auto_parts,11-working,41,20,0.9
auto_parts,11-working,42,20,0.895
auto_parts,11-working,43,21,0.885
auto_parts,11-working,44,21,0.86
auto_parts,11-working,45,22,0.82
auto_parts,11-working,46,22,0.7375
auto_parts,11-working,47,23,0.6125
auto_parts,11-working,48,23,0.5
auto_parts,11-nonworking,1,0,0.32
auto_parts,11-nonworking,2,0,0.32
auto_parts,11-nonworking,3,1,0.32
auto_parts,11-nonworking,4,1,0.32
auto_parts,11-nonworking,5,2,0.32
auto_parts,11-nonworking,6,2,0.32
auto_parts,11-nonworking,7,3,0.32
auto_parts,11-nonworking,8,3,0.32
auto_parts,11-nonworking,9,4,0.32
auto_parts,11-nonworking,10,4,0.32
auto_parts,11-nonworking,11,5,0.32
auto_parts,11-nonworking,12,5,0.32
auto_parts,11-nonworking,13,6,0.32
auto_parts,11-nonworking,14,6,0.32
auto_parts,11-nonworking,15,7,0.32
auto_parts,11-nonworking,16,7,0.32
auto_parts,11-nonworking,17,8,0.32
auto_parts,11-nonworking,18,8,0.32
auto_parts,11-nonworking,19,9,0.32
auto_parts,11-nonworking,20,9,0.32
auto_parts,11-nonworking,21,10,0.32
auto_parts,11-nonworking,22,10,0.32
auto_parts,11-nonworking,23,11,0.32
auto_parts,11-nonworking,24,11,0.32
auto_parts,11-nonworking,25,12,0.32
auto_parts,11-nonworking,26,12,0.32
auto_parts,11-nonworking,27,13,0.32
auto_parts,11-nonworking,28,13,0.32
auto_parts,11-nonworking,29,14,0.32
auto_parts,11-nonworking,30,14,0.32
auto_parts,11-nonworking,31,15,0.32
auto_parts,11-nonworking,32,15,0.32
auto_parts,11-nonworking,33,16,0.32
auto_parts,11-nonworking,34,16,0.32
auto_parts,11-nonworking,35,17,0.32
auto_parts,11-nonworking,36,17,0.32
auto_parts,11-nonworking,37,18,0.32
auto_parts,11-nonworking,38,18,0.32
auto_parts,11-nonworking,39,19,0.32
auto_parts,11-nonworking,40,19,0.32
auto_parts,11-nonworking,41,20,0.32
auto_parts,11-nonworking,42,20,0.32
auto_parts,11-nonworking,43,21,0.32
auto_parts,11-nonworking,44,21,0.32
auto_parts,11-nonworking,45,22,0.32
auto_parts,11-nonworking,46,22,0.32
auto_parts,11-nonworking,47,23,0.32
auto_parts,11-nonworking,48,23,0.32
auto_parts,11-shutdown,1,0,0.15
auto_parts,11-shutdown,2,0,0.15
auto_parts,11-shutdown,3,1,0.15
auto_parts,11-shutdown,4,1,0.15
auto_parts,11-shutdown,5,2,0.15
auto_parts,11-shutdown,6,2,0.15
auto_parts,11-shutdown,7,3,0.15
auto_parts,11-shutdown,8,3,0.15
auto_parts,11-shutdown,9,4,0.15
auto_parts,11-shutdown,10,4,0.15
auto_parts,11-shutdown,11,5,0.15
auto_parts,11-shutdown,12,5,0.15
auto_parts,11-shutdown,13,6,0.15
auto_parts,11-shutdown,14,6,0.15
auto_parts,11-shutdown,15,7,0.15
auto_parts,11-shutdown,16,7,0.15
auto_parts,11-shutdown,17,8,0.15
auto_parts,11-shutdown,18,8,0.15
auto_parts,11-shutdown,19,9,0.15
auto_parts,11-shutdown,20,9,0.15
auto_parts,11-shutdown,21,10,0.15
auto_parts,11-shutdown,22,10,0.15
auto_parts,11-shutdown,23,11,0.15
auto_parts,11-shutdown,24,11,0.15
auto_parts,11-shutdown,25,12,0.15
auto_parts,11-shutdown,26,12,0.15
auto_parts,11-shutdown,27,13,0.15
auto_parts,11-shutdown,28,13,0.15
auto_parts,11-shutdown,29,14,0.15
auto_parts,11-shutdown,30,14,0.15
auto_parts,11-shutdown,31,15,0.15
auto_parts,11-shutdown,32,15,0.15
auto_parts,11-shutdown,33,16,0.15
auto_parts,11-shutdown,34,16,0.15
auto_parts,11-shutdown,35,17,0.15
auto_parts,11-shutdown,36,17,0.15
auto_parts,11-shutdown,37,18,0.15
auto_parts,11-shutdown,38,18,0.15
auto_parts,11-shutdown,39,19,0.15
auto_parts,11-shutdown,40,19,0.15
auto_parts,11-shutdown,41,20,0.15
auto_parts,11-shutdown,42,20,0.15
auto_parts,11-shutdown,43,21,0.15
auto_parts,11-shutdown,44,21,0.15
auto_parts,11-shutdown,45,22,0.15
auto_parts,11-shutdown,46,22,0.15
auto_parts,11-shutdown,47,23,0.15
auto_parts,11-shutdown,48,23,0.15
auto_parts,12-working,1,0,0.392
auto_parts,12-working,2,0,0.343
auto_parts,12-working,3,1,0.343
auto_parts,12-working,4,1,0.343
auto_parts,12-working,5,2,0.343
auto_parts,12-working,6,2,0.343
auto_parts,12-working,7,3,0.343
auto_parts,12-working,8,3,0.343
auto_parts,12-working,9,4,0.343
auto_parts,12-working,10,4,0.35525
auto_parts,12-working,11,5,0.37975
auto_parts,12-working,12,5,0.42875
auto_parts,12-working,13,6,0.50225
auto_parts,12-working,14,6,0.60025
auto_parts,12-working,15,7,0.72275
auto_parts,12-working,16,7,0.833
auto_parts,12-working,17,8,0.931
auto_parts,12-working,18,8,0.98
auto_parts,12-working,19,9,0.98
auto_parts,12-working,20,9,0.98
auto_parts,12-working,21,10,0.98
auto_parts,12-working,22,10,0.98
auto_parts,12-working,23,11,0.98
auto_parts,12-working,24,11,0.94325
auto_parts,12-working,25,12,0.86975
auto_parts,12-working,26,12,0.86975
auto_parts,12-working,27,13,0.94325
auto_parts,12-working,28,13,0.98
auto_parts,12-working,29,14,0.98
auto_parts,12-working,30,14,0.98
auto_parts,12-working,31,15,0.98
auto_parts,12-working,32,15,0.98
auto_parts,12-working,33,16,0.98
auto_parts,12-working,34,16,0.9604
auto_parts,12-working,35,17,0.9212
auto_parts,12-working,36,17,0.8967
auto_parts,12-working,37,18,0.8869
auto_parts,12-working,38,18,0.882
auto_parts,12-working,39,19,0.882
auto_parts,12-working,40,19,0.882
auto_parts,12-working,41,20,0.882
auto_parts,12-working,42,20,0.8771
auto_parts,12-working,43,21,0.8673
auto_parts,12-working,44,21,0.8428
auto_parts,12-working,45,22,0.8036
auto_parts,12-working,46,22,0.72275
auto_parts,12-working,47,23,0.60025
auto_parts,12-working,48,23,0.49
auto_parts,12-nonworking,1,0,0.3136
auto_parts,12-nonworking,2,0,0.3136
auto_parts,12-nonworking,3,1,0.3136
auto_parts,12-nonworking,4,1,0.3136
auto_parts,12-nonworking,5,2,0.3136
auto_parts,12-nonworking,6,2,0.3136
auto_parts,12-nonworking,7,3,0.3136
auto_parts,12-nonworking,8,3,0.3136
auto_parts,12-nonworking,9,4,0.3136
auto_parts,12-nonworking,10,4,0.3136
auto_parts,12-nonworking,11,5,0.3136
auto_parts,12-nonworking,12,5,0.3136
auto_parts,12-nonworking,13,6,0.3136
auto_parts,12-nonworking,14,6,0.3136
auto_parts,12-nonworking,15,7,0.3136
auto_parts,12-nonworking,16,7,0.3136
auto_parts,12-nonworking,17,8,0.3136
auto_parts,12-nonworking,18,8,0.3136
auto_parts,12-nonworking,19,9,0.3136
auto_parts,12-nonworking,20,9,0.3136
auto_parts,12-nonworking,21,10,0.3136
auto_parts,12-nonworking,22,10,0.3136
auto_parts,12-nonworking,23,11,0.3136
auto_parts,12-nonworking,24,11,0.3136
auto_parts,12-nonworking,25,12,0.3136
auto_parts,12-nonworking,26,12,0.3136
auto_parts,12-nonworking,27,13,0.3136
auto_parts,12-nonworking,28,13,0.3136
auto_parts,12-nonworking,29,14,0.3136
auto_parts,12-nonworking,30,14,0.3136
auto_parts,12-nonworking,31,15,0.3136
auto_parts,12-nonworking,32,15,0.3136
auto_parts,12-nonworking,33,16,0.3136
auto_parts,12-nonworking,34,16,0.3136
auto_parts,12-nonworking,35,17,0.3136
auto_parts,12-nonworking,36,17,0.3136
auto_parts,12-nonworking,37,18,0.3136
auto_parts,12-nonworking,38,18,0.3136
auto_parts,12-nonworking,39,19,0.3136
auto_parts,12-nonworking,40,19,0.3136
auto_parts,12-nonworking,41,20,0.3136
auto_parts,12-nonworking,42,20,0.3136
auto_parts,12-nonworking,43,21,0.3136
auto_parts,12-nonworking,44,21,0.3136
auto_parts,12-nonworking,45,22,0.3136
auto_parts,12-nonworking,46,22,0.3136
auto_parts,12-nonworking,47,23,0.3136
auto_parts,12-nonworking,48,23,0.3136
auto_parts,12-shutdown,1,0,0.147
auto_parts,12-shutdown,2,0,0.147
auto_parts,12-shutdown,3,1,0.147
auto_parts,12-shutdown,4,1,0.147
auto_parts,12-shutdown,5,2,0.147
auto_parts,12-shutdown,6,2,0.147
auto_parts,12-shutdown,7,3,0.147
auto_parts,12-shutdown,8,3,0.147
auto_parts,12-shutdown,9,4,0.147
auto_parts,12-shutdown,10,4,0.147
auto_parts,12-shutdown,11,5,0.147
auto_parts,12-shutdown,12,5,0.147
auto_parts,12-shutdown,13,6,0.147
auto_parts,12-shutdown,14,6,0.147
auto_parts,12-shutdown,15,7,0.147
auto_parts,12-shutdown,16,7,0.147
auto_parts,12-shutdown,17,8,0.147
auto_parts,12-shutdown,18,8,0.147
auto_parts,12-shutdown,19,9,0.147
auto_parts,12-shutdown,20,9,0.147
auto_parts,12-shutdown,21,10,0.147
auto_parts,12-shutdown,22,10,0.147
auto_parts,12-shutdown,23,11,0.147
auto_parts,12-shutdown,24,11,0.147
auto_parts,12-shutdown,25,12,0.147
auto_parts,12-shutdown,26,12,0.147
auto_parts,12-shutdown,27,13,0.147
auto_parts,12-shutdown,28,13,0.147
auto_parts,12-shutdown,29,14,0.147
auto_parts,12-shutdown,30,14,0.147
auto_parts,12-shutdown,31,15,0.147
auto_parts,12-shutdown,32,15,0.147
auto_parts,12-shutdown,33,16,0.147
auto_parts,12-shutdown,34,16,0.147
auto_parts,12-shutdown,35,17,0.147
auto_parts,12-shutdown,36,17,0.147
auto_parts,12-shutdown,37,18,0.147
auto_parts,12-shutdown,38,18,0.147
auto_parts,12-shutdown,39,19,0.147
auto_parts,12-shutdown,40,19,0.147
auto_parts,12-shutdown,41,20,0.147
auto_parts,12-shutdown,42,20,0.147
auto_parts,12-shutdown,43,21,0.147
auto_parts,12-shutdown,44,21,0.147
auto_parts,12-shutdown,45,22,0.147
auto_parts,12-shutdown,46,22,0.147
auto_parts,12-shutdown,47,23,0.147
auto_parts,12-shutdown,48,23,0.147
auto_parts,heat-working,1,0,0.38
auto_parts,heat-working,2,0,0.3325
auto_parts,heat-working,3,1,0.3325
auto_parts,heat-working,4,1,0.3325
auto_parts,heat-working,5,2,0.3325
auto_parts,heat-working,6,2,0.3325
auto_parts,heat-working,7,3,0.3325
auto_parts,heat-working,8,3,0.3325
auto_parts,heat-working,9,4,0.3325
auto_parts,heat-working,10,4,0.34437
auto_parts,heat-working,11,5,0.36812
auto_parts,heat-working,12,5,0.41562
auto_parts,heat-working,13,6,0.48688
auto_parts,heat-working,14,6,0.58188
auto_parts,heat-working,15,7,0.70063
auto_parts,heat-working,16,7,0.8075
auto_parts,heat-working,17,8,0.9025
auto_parts,heat-working,18,8,0.95
auto_parts,heat-working,19,9,0.95
auto_parts,heat-working,20,9,0.95
auto_parts,heat-working,21,10,0.95
auto_parts,heat-working,22,10,0.95
auto_parts,heat-working,23,11,0.95
auto_parts,heat-working,24,11,0.91437
auto_parts,heat-working,25,12,0.84312
auto_parts,heat-working,26,12,0.84312
auto_parts,heat-working,27,13,0.91437
auto_parts,heat-working,28,13,0.95
auto_parts,heat-working,29,14,0.95
auto_parts,heat-working,30,14,0.95
auto_parts,heat-working,31,15,0.95
auto_parts,heat-working,32,15,0.95
auto_parts,heat-working,33,16,0.95
auto_parts,heat-working,34,16,0.931
auto_parts,heat-working,35,17,0.893
auto_parts,heat-working,36,17,0.86925
auto_parts,heat-working,37,18,0.85975
auto_parts,heat-working,38,18,0.855
auto_parts,heat-working,39,19,0.855
auto_parts,heat-working,40,19,0.855
auto_parts,heat-working,41,20,0.855
auto_parts,heat-working,42,20,0.85025
auto_parts,heat-working,43,21,0.84075
auto_parts,heat-working,44,21,0.817
auto_parts,heat-working,45,22,0.779
auto_parts,heat-working,46,22,0.70063
auto_parts,heat-working,47,23,0.58188
auto_parts,heat-working,48,23,0.475
auto_parts,cold-working,1,0,0.388
auto_parts,cold-working,2,0,0.3395
auto_parts,cold-working,3,1,0.3395
auto_parts,cold-working,4,1,0.3395
auto_parts,cold-working,5,2,0.3395
auto_parts,cold-working,6,2,0.3395
auto_parts,cold-working,7,3,0.3395
auto_parts,cold-working,8,3,0.3395
auto_parts,cold-working,9,4,0.3395
auto_parts,cold-working,10,4,0.35162
auto_parts,cold-working,11,5,0.37588
auto_parts,cold-working,12,5,0.42438
auto_parts,cold-working,13,6,0.49713
auto_parts,cold-working,14,6,0.59413
auto_parts,cold-working,15,7,0.71537
auto_parts,cold-working,16,7,0.8245
auto_parts,cold-working,17,8,0.9215
auto_parts,cold-working,18,8,0.97
auto_parts,cold-working,19,9,0.97
auto_parts,cold-working,20,9,0.97
auto_parts,cold-working,21,10,0.97
auto_parts,cold-working,22,10,0.97
auto_parts,cold-working,23,11,0.97
auto_parts,cold-working,24,11,0.93363
auto_parts,cold-working,25,12,0.86087
auto_parts,cold-working,26,12,0.86087
auto_parts,cold-working,27,13,0.93363
auto_parts,cold-working,28,13,0.97
auto_parts,cold-working,29,14,0.97
auto_parts,cold-working,30,14,0.97
auto_parts,cold-working,31,15,0.97
auto_parts,cold-working,32,15,0.97
auto_parts,cold-working,33,16,0.97
auto_parts,cold-working,34,16,0.9506
auto_parts,cold-working,35,17,0.9118
auto_parts,cold-working,36,17,0.88755
auto_parts,cold-working,37,18,0.87785
auto_parts,cold-working,38,18,0.873
auto_parts,cold-working,39,19,0.873
auto_parts,cold-working,40,19,0.873
auto_parts,cold-working,41,20,0.873
auto_parts,cold-working,42,20,0.86815
auto_parts,cold-working,43,21,0.85845
auto_parts,cold-working,44,21,0.8342
auto_parts,cold-working,45,22,0.7954
auto_parts,cold-working,46,22,0.71537
auto_parts,cold-working,47,23,0.59413
auto_parts,cold-working,48,23,0.485
cold_storage,01-working,1,0,0.81
cold_storage,01-working,2,0,0.81
cold_storage,01-working,3,1,0.81
cold_storage,01-working,4,1,0.81
cold_storage,01-working,5,2,0.81
cold_storage,01-working,6,2,0.81
cold_storage,01-working,7,3,0.81
cold_storage,01-working,8,3,0.81
cold_storage,01-working,9,4,0.81
cold_storage,01-working,10,4,0.81
cold_storage,01-working,11,5,0.81
cold_storage,01-working,12,5,0.81
cold_storage,01-working,13,6,0.81
cold_storage,01-working,14,6,0.82125
cold_storage,01-working,15,7,0.84375
cold_storage,01-working,16,7,0.87975
cold_storage,01-working,17,8,0.92925
cold_storage,01-working,18,8,0.954
cold_storage,01-working,19,9,0.954
cold_storage,01-working,20,9,0.954
cold_storage,01-working,21,10,0.954
cold_storage,01-working,22,10,0.954
cold_storage,01-working,23,11,0.954
cold_storage,01-working,24,11,0.954
cold_storage,01-working,25,12,0.954
cold_storage,01-working,26,12,0.954
cold_storage,01-working,27,13,0.954
cold_storage,01-working,28,13,0.954
cold_storage,01-working,29,14,0.954
cold_storage,01-working,30,14,0.954
cold_storage,01-working,31,15,0.954
cold_storage,01-working,32,15,0.954
cold_storage,01-working,33,16,0.954
cold_storage,01-working,34,16,0.954
cold_storage,01-working,35,17,0.954
cold_storage,01-working,36,17,0.9405
cold_storage,01-working,37,18,0.9135
cold_storage,01-working,38,18,0.88875
cold_storage,01-working,39,19,0.86625
cold_storage,01-working,40,19,0.84375
cold_storage,01-working,41,20,0.82125
cold_storage,01-working,42,20,0.81
cold_storage,01-working,43,21,0.81
cold_storage,01-working,44,21,0.81
cold_storage,01-working,45,22,0.81
cold_storage,01-working,46,22,0.81
cold_storage,01-working,47,23,0.81
cold_storage,01-working,48,23,0.81
cold_storage,01-nonworking,1,0,0.7776
cold_storage,01-nonworking,2,0,0.7776
cold_storage,01-nonworking,3,1,0.7776
cold_storage,01-nonworking,4,1,0.7776
cold_storage,01-nonworking,5,2,0.7776
cold_storage,01-nonworking,6,2,0.7776
cold_storage,01-nonworking,7,3,0.7776
cold_storage,01-nonworking,8,3,0.7776
cold_storage,01-nonworking,9,4,0.7776
cold_storage,01-nonworking,10,4,0.7776
cold_storage,01-nonworking,11,5,0.7776
cold_storage,01-nonworking,12,5,0.7776
cold_storage,01-nonworking,13,6,0.7776
cold_storage,01-nonworking,14,6,0.7884
cold_storage,01-nonworking,15,7,0.81
cold_storage,01-nonworking,16,7,0.84456
cold_storage,01-nonworking,17,8,0.89208
cold_storage,01-nonworking,18,8,0.91584
cold_storage,01-nonworking,19,9,0.91584
cold_storage,01-nonworking,20,9,0.91584
cold_storage,01-nonworking,21,10,0.91584
cold_storage,01-nonworking,22,10,0.91584
cold_storage,01-nonworking,23,11,0.91584
cold_storage,01-nonworking,24,11,0.91584
cold_storage,01-nonworking,25,12,0.91584
cold_storage,01-nonworking,26,12,0.91584
cold_storage,01-nonworking,27,13,0.91584
cold_storage,01-nonworking,28,13,0.91584
cold_storage,01-nonworking,29,14,0.91584
cold_storage,01-nonworking,30,14,0.91584
cold_storage,01-nonworking,31,15,0.91584
cold_storage,01-nonworking,32,15,0.91584
cold_storage,01-nonworking,33,16,0.91584
cold_storage,01-nonworking,34,16,0.91584
cold_storage,01-nonworking,35,17,0.91584
cold_storage,01-nonworking,36,17,0.90288
cold_storage,01-nonworking,37,18,0.87696
cold_storage,01-nonworking,38,18,0.8532
cold_storage,01-nonworking,39,19,0.8316
cold_storage,01-nonworking,40,19,0.81
cold_storage,01-nonworking,41,20,0.7884
cold_storage,01-nonworking,42,20,0.7776
cold_storage,01-nonworking,43,21,0.7776
cold_storage,01-nonworking,44,21,0.7776
cold_storage,01-nonworking,45,22,0.7776
cold_storage,01-nonworking,46,22,0.7776
cold_storage,01-nonworking,47,23,0.7776
cold_storage,01-nonworking,48,23,0.7776
cold_storage,01-shutdown,1,0,0.729
cold_storage,01-shutdown,2,0,0.729
cold_storage,01-shutdown,3,1,0.729
cold_storage,01-shutdown,4,1,0.729
cold_storage,01-shutdown,5,2,0.729
cold_storage,01-shutdown,6,2,0.729
cold_storage,01-shutdown,7,3,0.729
cold_storage,01-shutdown,8,3,0.729
cold_storage,01-shutdown,9,4,0.729
cold_storage,01-shutdown,10,4,0.729
cold_storage,01-shutdown,11,5,0.729
cold_storage,01-shutdown,12,5,0.729
cold_storage,01-shutdown,13,6,0.729
cold_storage,01-shutdown,14,6,0.73913
cold_storage,01-shutdown,15,7,0.75938
cold_storage,01-shutdown,16,7,0.79178
cold_storage,01-shutdown,17,8,0.83632
cold_storage,01-shutdown,18,8,0.8586
cold_storage,01-shutdown,19,9,0.8586
cold_storage,01-shutdown,20,9,0.8586
cold_storage,01-shutdown,21,10,0.8586
cold_storage,01-shutdown,22,10,0.8586
cold_storage,01-shutdown,23,11,0.8586
cold_storage,01-shutdown,24,11,0.8586
cold_storage,01-shutdown,25,12,0.8586
cold_storage,01-shutdown,26,12,0.8586
cold_storage,01-shutdown,27,13,0.8586
cold_storage,01-shutdown,28,13,0.8586
cold_storage,01-shutdown,29,14,0.8586
cold_storage,01-shutdown,30,14,0.8586
cold_storage,01-shutdown,31,15,0.8586
cold_storage,01-shutdown,32,15,0.8586
cold_storage,01-shutdown,33,16,0.8586
cold_storage,01-shutdown,34,16,0.8586
cold_storage,01-shutdown,35,17,0.8586
cold_storage,01-shutdown,36,17,0.84645
cold_storage,01-shutdown,37,18,0.82215
cold_storage,01-shutdown,38,18,0.79988
cold_storage,01-shutdown,39,19,0.77963
cold_storage,01-shutdown,40,19,0.75938
cold_storage,01-shutdown,41,20,0.73913
cold_storage,01-shutdown,42,20,0.729
cold_storage,01-shutdown,43,21,0.729
cold_storage,01-shutdown,44,21,0.729
cold_storage,01-shutdown,45,22,0.729
cold_storage,01-shutdown,46,22,0.729
cold_storage,01-shutdown,47,23,0.729
cold_storage,01-shutdown,48,23,0.729
cold_storage,02-working,1,0,0.81
cold_storage,02-working,2,0,0.81
cold_storage,02-working,3,1,0.81
cold_storage,02-working,4,1,0.81
cold_storage,02-working,5,2,0.81
cold_storage,02-working,6,2,0.81
cold_storage,02-working,7,3,0.81
cold_storage,02-working,8,3,0.81
cold_storage,02-working,9,4,0.81
cold_storage,02-working,10,4,0.81
cold_storage,02-working,11,5,0.81
cold_storage,02-working,12,5,0.81
cold_storage,02-working,13,6,0.81
cold_storage,02-working,14,6,0.82125
cold_storage,02-working,15,7,0.84375
cold_storage,02-working,16,7,0.87975
cold_storage,02-working,17,8,0.92925
cold_storage,02-working,18,8,0.954
cold_storage,02-working,19,9,0.954
cold_storage,02-working,20,9,0.954
cold_storage,02-working,21,10,0.954
cold_storage,02-working,22,10,0.954
cold_storage,02-working,23,11,0.954
cold_storage,02-working,24,11,0.954
cold_storage,02-working,25,12,0.954
cold_storage,02-working,26,12,0.954
cold_storage,02-working,27,13,0.954
cold_storage,02-working,28,13,0.954
cold_storage,02-working,29,14,0.954
cold_storage,02-working,30,14,0.954
cold_storage,02-working,31,15,0.954
cold_storage,02-working,32,15,0.954
cold_storage,02-working,33,16,0.954
cold_storage,02-working,34,16,0.954
cold_storage,02-working,35,17,0.954
cold_storage,02-working,36,17,0.9405
cold_storage,02-working,37,18,0.9135
cold_storage,02-working,38,18,0.88875
cold_storage,02-working,39,19,0.86625
cold_storage,02-working,40,19,0.84375
cold_storage,02-working,41,20,0.82125
cold_storage,02-working,42,20,0.81
cold_storage,02-working,43,21,0.81
cold_storage,02-working,44,21,0.81
cold_storage,02-working,45,22,0.81
cold_storage,02-working,46,22,0.81
cold_storage,02-working,47,23,0.81
cold_storage,02-working,48,23,0.81
cold_storage,02-nonworking,1,0,0.7776
cold_storage,02-nonworking,2,0,0.7776
cold_storage,02-nonworking,3,1,0.7776
cold_storage,02-nonworking,4,1,0.7776
cold_storage,02-nonworking,5,2,0.7776
cold_storage,02-nonworking,6,2,0.7776
cold_storage,02-nonworking,7,3,0.7776
cold_storage,02-nonworking,8,3,0.7776
cold_storage,02-nonworking,9,4,0.7776
cold_storage,02-nonworking,10,4,0.7776
cold_storage,02-nonworking,11,5,0.7776
cold_storage,02-nonworking,12,5,0.7776
cold_storage,02-nonworking,13,6,0.7776
cold_storage,02-nonworking,14,6,0.7884
cold_storage,02-nonworking,15,7,0.81
cold_storage,02-nonworking,16,7,0.84456
cold_storage,02-nonworking,17,8,0.89208
cold_storage,02-nonworking,18,8,0.91584
cold_storage,02-nonworking,19,9,0.91584
cold_storage,02-nonworking,20,9,0.91584
cold_storage,02-nonworking,21,10,0.91584
cold_storage,02-nonworking,22,10,0.91584
cold_storage,02-nonworking,23,11,0.91584
cold_storage,02-nonworking,24,11,0.91584
cold_storage,02-nonworking,25,12,0.91584
cold_storage,02-nonworking,26,12,0.91584
cold_storage,02-nonworking,27,13,0.91584
cold_storage,02-nonworking,28,13,0.91584
cold_storage,02-nonworking,29,14,0.91584
cold_storage,02-nonworking,30,14,0.91584
cold_storage,02-nonworking,31,15,0.91584
cold_storage,02-nonworking,32,15,0.91584
cold_storage,02-nonworking,33,16,0.91584
cold_storage,02-nonworking,34,16,0.91584
cold_storage,02-nonworking,35,17,0.91584
cold_storage,02-nonworking,36,17,0.90288
cold_storage,02-nonworking,37,18,0.87696
cold_storage,02-nonworking,38,18,0.8532
cold_storage,02-nonworking,39,19,0.8316
cold_storage,02-nonworking,40,19,0.81
cold_storage,02-nonworking,41,20,0.7884
cold_storage,02-nonworking,42,20,0.7776
cold_storage,02-nonworking,43,21,0.7776
cold_storage,02-nonworking,44,21,0.7776
cold_storage,02-nonworking,45,22,0.7776
cold_storage,02-nonworking,46,22,0.7776
cold_storage,02-nonworking,47,23,0.7776
cold_storage,02-nonworking,48,23,0.7776
cold_storage,02-shutdown,1,0,0.729
cold_storage,02-shutdown,2,0,0.729
cold_storage,02-shutdown,3,1,0.729
cold_storage,02-shutdown,4,1,0.729
cold_storage,02-shutdown,5,2,0.729
cold_storage,02-shutdown,6,2,0.729
cold_storage,02-shutdown,7,3,0.729
cold_storage,02-shutdown,8,3,0.729
cold_storage,02-shutdown,9,4,0.729
cold_storage,02-shutdown,10,4,0.729
cold_storage,02-shutdown,11,5,0.729
cold_storage,02-shutdown,12,5,0.729
cold_storage,02-shutdown,13,6,0.729
cold_storage,02-shutdown,14,6,0.73913
cold_storage,02-shutdown,15,7,0.75938
cold_storage,02-shutdown,16,7,0.79178
cold_storage,02-shutdown,17,8,0.83632
cold_storage,02-shutdown,18,8,0.8586
cold_storage,02-shutdown,19,9,0.8586
cold_storage,02-shutdown,20,9,0.8586
cold_storage,02-shutdown,21,10,0.8586
cold_storage,02-shutdown,22,10,0.8586
cold_storage,02-shutdown,23,11,0.8586
cold_storage,02-shutdown,24,11,0.8586
cold_storage,02-shutdown,25,12,0.8586
cold_storage,02-shutdown,26,12,0.8586
cold_storage,02-shutdown,27,13,0.8586
cold_storage,02-shutdown,28,13,0.8586
cold_storage,02-shutdown,29,14,0.8586
cold_storage,02-shutdown,30,14,0.8586
cold_storage,02-shutdown,31,15,0.8586
cold_storage,02-shutdown,32,15,0.8586
cold_storage,02-shutdown,33,16,0.8586
cold_storage,02-shutdown,34,16,0.8586
cold_storage,02-shutdown,35,17,0.8586
cold_storage,02-shutdown,36,17,0.84645
cold_storage,02-shutdown,37,18,0.82215
cold_storage,02-shutdown,38,18,0.79988
cold_storage,02-shutdown,39,19,0.77963
cold_storage,02-shutdown,40,19,0.75938
cold_storage,02-shutdown,41,20,0.73913
cold_storage,02-shutdown,42,20,0.729
cold_storage,02-shutdown,43,21,0.729
cold_storage,02-shutdown,44,21,0.729
cold_storage,02-shutdown,45,22,0.729
cold_storage,02-shutdown,46,22,0.729
cold_storage,02-shutdown,47,23,0.729
cold_storage,02-shutdown,48,23,0.729
cold_storage,03-working,1,0,0.846
cold_storage,03-working,2,0,0.846
cold_storage,03-working,3,1,0.846
cold_storage,03-working,4,1,0.846
cold_storage,03-working,5,2,0.846
cold_storage,03-working,6,2,0.846
cold_storage,03-working,7,3,0.846
cold_storage,03-working,8,3,0.846
cold_storage,03-working,9,4,0.846
cold_storage,03-working,10,4,0.846
cold_storage,03-working,11,5,0.846
cold_storage,03-working,12,5,0.846
cold_storage,03-working,13,6,0.846
cold_storage,03-working,14,6,0.85775
cold_storage,03-working,15,7,0.88125
cold_storage,03-working,16,7,0.91885
cold_storage,03-working,17,8,0.97055
cold_storage,03-working,18,8,0.9964
cold_storage,03-working,19,9,0.9964
cold_storage,03-working,20,9,0.9964
cold_storage,03-working,21,10,0.9964
cold_storage,03-working,22,10,0.9964
cold_storage,03-working,23,11,0.9964
cold_storage,03-working,24,11,0.9964
cold_storage,03-working,25,12,0.9964
cold_storage,03-working,26,12,0.9964
cold_storage,03-working,27,13,0.9964
cold_storage,03-working,28,13,0.9964
cold_storage,03-working,29,14,0.9964
cold_storage,03-working,30,14,0.9964
cold_storage,03-working,31,15,0.9964
cold_storage,03-working,32,15,0.9964
cold_storage,03-working,33,16,0.9964
cold_storage,03-working,34,16,0.9964
cold_storage,03-working,35,17,0.9964
cold_storage,03-working,36,17,0.9823
cold_storage,03-working,37,18,0.9541
cold_storage,03-working,38,18,0.92825
cold_storage,03-working,39,19,0.90475
cold_storage,03-working,40,19,0.88125
cold_storage,03-working,41,20,0.85775
cold_storage,03-working,42,20,0.846
cold_storage,03-working,43,21,0.846
cold_storage,03-working,44,21,0.846
cold_storage,03-working,45,22,0.846
cold_storage,03-working,46,22,0.846
cold_storage,03-working,47,23,0.846
cold_storage,03-working,48,23,0.846
cold_storage,03-nonworking,1,0,0.81216
cold_storage,03-nonworking,2,0,0.81216
cold_storage,03-nonworking,3,1,0.81216
cold_storage,03-nonworking,4,1,0.81216
cold_storage,03-nonworking,5,2,0.81216
cold_storage,03-nonworking,6,2,0.81216
cold_storage,03-nonworking,7,3,0.81216
cold_storage,03-nonworking,8,3,0.81216
cold_storage,03-nonworking,9,4,0.81216
cold_storage,03-nonworking,10,4,0.81216
cold_storage,03-nonworking,11,5,0.81216
cold_storage,03-nonworking,12,5,0.81216
cold_storage,03-nonworking,13,6,0.81216
cold_storage,03-nonworking,14,6,0.82344
cold_storage,03-nonworking,15,7,0.846
cold_storage,03-nonworking,16,7,0.8821
cold_storage,03-nonworking,17,8,0.93173
cold_storage,03-nonworking,18,8,0.95654
cold_storage,03-nonworking,19,9,0.95654
cold_storage,03-nonworking,20,9,0.95654
cold_storage,03-nonworking,21,10,0.95654
cold_storage,03-nonworking,22,10,0.95654
cold_storage,03-nonworking,23,11,0.95654
cold_storage,03-nonworking,24,11,0.95654
cold_storage,03-nonworking,25,12,0.95654
cold_storage,03-nonworking,26,12,0.95654
cold_storage,03-nonworking,27,13,0.95654
cold_storage,03-nonworking,28,13,0.95654
cold_storage,03-nonworking,29,14,0.95654
cold_storage,03-nonworking,30,14,0.95654
cold_storage,03-nonworking,31,15,0.95654
cold_storage,03-nonworking,32,15,0.95654
cold_storage,03-nonworking,33,16,0.95654
cold_storage,03-nonworking,34,16,0.95654
cold_storage,03-nonworking,35,17,0.95654
cold_storage,03-nonworking,36,17,0.94301
cold_storage,03-nonworking,37,18,0.91594
cold_storage,03-nonworking,38,18,0.89112
cold_storage,03-nonworking,39,19,0.86856
cold_storage,03-nonworking,40,19,0.846
cold_storage,03-nonworking,41,20,0.82344
cold_storage,03-nonworking,42,20,0.81216
cold_storage,03-nonworking,43,21,0.81216
cold_storage,03-nonworking,44,21,0.81216
cold_storage,03-nonworking,45,22,0.81216
cold_storage,03-nonworking,46,22,0.81216
cold_storage,03-nonworking,47,23,0.81216
cold_storage,03-nonworking,48,23,0.81216
cold_storage,03-shutdown,1,0,0.7614
cold_storage,03-shutdown,2,0,0.7614
cold_storage,03-shutdown,3,1,0.7614
cold_storage,03-shutdown,4,1,0.7614
cold_storage,03-shutdown,5,2,0.7614
cold_storage,03-shutdown,6,2,0.7614
cold_storage,03-shutdown,7,3,0.7614
cold_storage,03-shutdown,8,3,0.7614
cold_storage,03-shutdown,9,4,0.7614
cold_storage,03-shutdown,10,4,0.7614
cold_storage,03-shutdown,11,5,0.7614
cold_storage,03-shutdown,12,5,0.7614
cold_storage,03-shutdown,13,6,0.7614
cold_storage,03-shutdown,14,6,0.77197
cold_storage,03-shutdown,15,7,0.79312
cold_storage,03-shutdown,16,7,0.82696
cold_storage,03-shutdown,17,8,0.8735
cold_storage,03-shutdown,18,8,0.89676
cold_storage,03-shutdown,19,9,0.89676
cold_storage,03-shutdown,20,9,0.89676
cold_storage,03-shutdown,21,10,0.89676
cold_storage,03-shutdown,22,10,0.89676
cold_storage,03-shutdown,23,11,0.89676
cold_storage,03-shutdown,24,11,0.89676
cold_storage,03-shutdown,25,12,0.89676
cold_storage,03-shutdown,26,12,0.89676
cold_storage,03-shutdown,27,13,0.89676
cold_storage,03-shutdown,28,13,0.89676
cold_storage,03-shutdown,29,14,0.89676
cold_storage,03-shutdown,30,14,0.89676
cold_storage,03-shutdown,31,15,0.89676
cold_storage,03-shutdown,32,15,0.89676
cold_storage,03-shutdown,33,16,0.89676
cold_storage,03-shutdown,34,16,0.89676
cold_storage,03-shutdown,35,17,0.89676
cold_storage,03-shutdown,36,17,0.88407
cold_storage,03-shutdown,37,18,0.85869
cold_storage,03-shutdown,38,18,0.83542
cold_storage,03-shutdown,39,19,0.81427
cold_storage,03-shutdown,40,19,0.79312
cold_storage,03-shutdown,41,20,0.77197
cold_storage,03-shutdown,42,20,0.7614
cold_storage,03-shutdown,43,21,0.7614
cold_storage,03-shutdown,44,21,0.7614
cold_storage,03-shutdown,45,22,0.7614
cold_storage,03-shutdown,46,22,0.7614
cold_storage,03-shutdown,47,23,0.7614
cold_storage,03-shutdown,48,23,0.7614
cold_storage,04-working,1,0,0.882
cold_storage,04-working,2,0,0.882
cold_storage,04-working,3,1,0.882
cold_storage,04-working,4,1,0.882
cold_storage,04-working,5,2,0.882
cold_storage,04-working,6,2,0.882
cold_storage,04-working,7,3,0.882
cold_storage,04-working,8,3,0.882
cold_storage,04-working,9,4,0.882
cold_storage,04-working,10,4,0.882
cold_storage,04-working,11,5,0.882
cold_storage,04-working,12,5,0.882
cold_storage,04-working,13,6,0.882
cold_storage,04-working,14,6,0.89425
cold_storage,04-working,15,7,0.91875
cold_storage,04-working,16,7,0.95795
cold_storage,04-working,17,8,1.01185
cold_storage,04-working,18,8,1.0388
cold_storage,04-working,19,9,1.0388
cold_storage,04-working,20,9,1.0388
cold_storage,04-working,21,10,1.0388
cold_storage,04-working,22,10,1.0388
cold_storage,04-working,23,11,1.0388
cold_storage,04-working,24,11,1.0388
cold_storage,04-working,25,12,1.0388
cold_storage,04-working,26,12,1.0388
cold_storage,04-working,27,13,1.0388
cold_storage,04-working,28,13,1.0388
cold_storage,04-working,29,14,1.0388
cold_storage,04-working,30,14,1.0388
cold_storage,04-working,31,15,1.0388
cold_storage,04-working,32,15,1.0388
cold_storage,04-working,33,16,1.0388
cold_storage,04-working,34,16,1.0388
cold_storage,04-working,35,17,1.0388
cold_storage,04-working,36,17,1.0241
cold_storage,04-working,37,18,0.9947
cold_storage,04-working,38,18,0.96775
cold_storage,04-working,39,19,0.94325
cold_storage,04-working,40,19,0.91875
cold_storage,04-working,41,20,0.89425
cold_storage,04-working,42,20,0.882
cold_storage,04-working,43,21,0.882
cold_storage,04-working,44,21,0.882
cold_storage,04-working,45,22,0.882
cold_storage,04-working,46,22,0.882
cold_storage,04-working,47,23,0.882
cold_storage,04-working,48,23,0.882
cold_storage,04-nonworking,1,0,0.84672
cold_storage,04-nonworking,2,0,0.84672
cold_storage,04-nonworking,3,1,0.84672
cold_storage,04-nonworking,4,1,0.84672
cold_storage,04-nonworking,5,2,0.84672
cold_storage,04-nonworking,6,2,0.84672
cold_storage,04-nonworking,7,3,0.84672
cold_storage,04-nonworking,8,3,0.84672
cold_storage,04-nonworking,9,4,0.84672
cold_storage,04-nonworking,10,4,0.84672
cold_storage,04-nonworking,11,5,0.84672
cold_storage,04-nonworking,12,5,0.84672
cold_storage,04-nonworking,13,6,0.84672
cold_storage,04-nonworking,14,6,0.85848
cold_storage,04-nonworking,15,7,0.882
cold_storage,04-nonworking,16,7,0.91963
cold_storage,04-nonworking,17,8,0.97138
cold_storage,04-nonworking,18,8,0.99725
cold_storage,04-nonworking,19,9,0.99725
cold_storage,04-nonworking,20,9,0.99725
cold_storage,04-nonworking,21,10,0.99725
cold_storage,04-nonworking,22,10,0.99725
cold_storage,04-nonworking,23,11,0.99725
cold_storage,04-nonworking,24,11,0.99725
cold_storage,04-nonworking,25,12,0.99725
cold_storage,04-nonworking,26,12,0.99725
cold_storage,04-nonworking,27,13,0.99725
cold_storage,04-nonworking,28,13,0.99725
cold_storage,04-nonworking,29,14,0.99725
cold_storage,04-nonworking,30,14,0.99725
cold_storage,04-nonworking,31,15,0.99725
cold_storage,04-nonworking,32,15,0.99725
cold_storage,04-nonworking,33,16,0.99725
cold_storage,04-nonworking,34,16,0.99725
cold_storage,04-nonworking,35,17,0.99725
cold_storage,04-nonworking,36,17,0.98314
cold_storage,04-nonworking,37,18,0.95491
cold_storage,04-nonworking,38,18,0.92904
cold_storage,04-nonworking,39,19,0.90552
cold_storage,04-nonworking,40,19,0.882
cold_storage,04-nonworking,41,20,0.85848
cold_storage,04-nonworking,42,20,0.84672
cold_storage,04-nonworking,43,21,0.84672
cold_storage,04-nonworking,44,21,0.84672
cold_storage,04-nonworking,45,22,0.84672
cold_storage,04-nonworking,46,22,0.84672
cold_storage,04-nonworking,47,23,0.84672
cold_storage,04-nonworking,48,23,0.84672
cold_storage,04-shutdown,1,0,0.7938
cold_storage,04-shutdown,2,0,0.7938
cold_storage,04-shutdown,3,1,0.7938
cold_storage,04-shutdown,4,1,0.7938
cold_storage,04-shutdown,5,2,0.7938
cold_storage,04-shutdown,6,2,0.7938
cold_storage,04-shutdown,7,3,0.7938
cold_storage,04-shutdown,8,3,0.7938
cold_storage,04-shutdown,9,4,0.7938
cold_storage,04-shutdown,10,4,0.7938
cold_storage,04-shutdown,11,5,0.7938
cold_storage,04-shutdown,12,5,0.7938
cold_storage,04-shutdown,13,6,0.7938
cold_storage,04-shutdown,14,6,0.80483
cold_storage,04-shutdown,15,7,0.82688
cold_storage,04-shutdown,16,7,0.86216
cold_storage,04-shutdown,17,8,0.91067
cold_storage,04-shutdown,18,8,0.93492
cold_storage,04-shutdown,19,9,0.93492
cold_storage,04-shutdown,20,9,0.93492
cold_storage,04-shutdown,21,10,0.93492
cold_storage,04-shutdown,22,10,0.93492
cold_storage,04-shutdown,23,11,0.93492
cold_storage,04-shutdown,24,11,0.93492
cold_storage,04-shutdown,25,12,0.93492
cold_storage,04-shutdown,26,12,0.93492
cold_storage,04-shutdown,27,13,0.93492
cold_storage,04-shutdown,28,13,0.93492
cold_storage,04-shutdown,29,14,0.93492
cold_storage,04-shutdown,30,14,0.93492
cold_storage,04-shutdown,31,15,0.93492
cold_storage,04-shutdown,32,15,0.93492
cold_storage,04-shutdown,33,16,0.93492
cold_storage,04-shutdown,34,16,0.93492
cold_storage,04-shutdown,35,17,0.93492
cold_storage,04-shutdown,36,17,0.92169
cold_storage,04-shutdown,37,18,0.89523
cold_storage,04-shutdown,38,18,0.87098
cold_storage,04-shutdown,39,19,0.84892
cold_storage,04-shutdown,40,19,0.82688
cold_storage,04-shutdown,41,20,0.80483
cold_storage,04-shutdown,42,20,0.7938
cold_storage,04-shutdown,43,21,0.7938
cold_storage,04-shutdown,44,21,0.7938
cold_storage,04-shutdown,45,22,0.7938
cold_storage,04-shutdown,46,22,0.7938
cold_storage,04-shutdown,47,23,0.7938
cold_storage,04-shutdown,48,23,0.7938
cold_storage,05-working,1,0,0.918
cold_storage,05-working,2,0,0.918
cold_storage,05-working,3,1,0.918
cold_storage,05-working,4,1,0.918
cold_storage,05-working,5,2,0.918
cold_storage,05-working,6,2,0.918
cold_storage,05-working,7,3,0.918
cold_storage,05-working,8,3,0.918
cold_storage,05-working,9,4,0.918
cold_storage,05-working,10,4,0.918
cold_storage,05-working,11,5,0.918
cold_storage,05-working,12,5,0.918
cold_storage,05-working,13,6,0.918
cold_storage,05-working,14,6,0.93075
cold_storage,05-working,15,7,0.95625
cold_storage,05-working,16,7,0.99705
cold_storage,05-working,17,8,1.05315
cold_storage,05-working,18,8,1.0812
cold_storage,05-working,19,9,1.0812
cold_storage,05-working,20,9,1.0812
cold_storage,05-working,21,10,1.0812
cold_storage,05-working,22,10,1.0812
cold_storage,05-working,23,11,1.0812
cold_storage,05-working,24,11,1.0812
cold_storage,05-working,25,12,1.0812
cold_storage,05-working,26,12,1.0812
cold_storage,05-working,27,13,1.0812
cold_storage,05-working,28,13,1.0812
cold_storage,05-working,29,14,1.0812
cold_storage,05-working,30,14,1.0812
cold_storage,05-working,31,15,1.0812
cold_storage,05-working,32,15,1.0812
cold_storage,05-working,33,16,1.0812
cold_storage,05-working,34,16,1.0812
cold_storage,05-working,35,17,1.0812
cold_storage,05-working,36,17,1.0659
cold_storage,05-working,37,18,1.0353
cold_storage,05-working,38,18,1.00725
cold_storage,05-working,39,19,0.98175
cold_storage,05-working,40,19,0.95625
cold_storage,05-working,41,20,0.93075
cold_storage,05-working,42,20,0.918
cold_storage,05-working,43,21,0.918
cold_storage,05-working,44,21,0.918
cold_storage,05-working,45,22,0.918
cold_storage,05-working,46,22,0.918
cold_storage,05-working,47,23,0.918
cold_storage,05-working,48,23,0.918
cold_storage,05-nonworking,1,0,0.88128
cold_storage,05-nonworking,2,0,0.88128
cold_storage,05-nonworking,3,1,0.88128
cold_storage,05-nonworking,4,1,0.88128
cold_storage,05-nonworking,5,2,0.88128
cold_storage,05-nonworking,6,2,0.88128
cold_storage,05-nonworking,7,3,0.88128
cold_storage,05-nonworking,8,3,0.88128
cold_storage,05-nonworking,9,4,0.88128
cold_storage,05-nonworking,10,4,0.88128
cold_storage,05-nonworking,11,5,0.88128
cold_storage,05-nonworking,12,5,0.88128
cold_storage,05-nonworking,13,6,0.88128
cold_storage,05-nonworking,14,6,0.89352
cold_storage,05-nonworking,15,7,0.918
cold_storage,05-nonworking,16,7,0.95717
cold_storage,05-nonworking,17,8,1.01102
cold_storage,05-nonworking,18,8,1.03795
cold_storage,05-nonworking,19,9,1.03795
cold_storage,05-nonworking,20,9,1.03795
cold_storage,05-nonworking,21,10,1.03795
cold_storage,05-nonworking,22,10,1.03795
cold_storage,05-nonworking,23,11,1.03795
cold_storage,05-nonworking,24,11,1.03795
cold_storage,05-nonworking,25,12,1.03795
cold_storage,05-nonworking,26,12,1.03795
cold_storage,05-nonworking,27,13,1.03795
cold_storage,05-nonworking,28,13,1.03795
cold_storage,05-nonworking,29,14,1.03795
cold_storage,05-nonworking,30,14,1.03795
cold_storage,05-nonworking,31,15,1.03795
cold_storage,05-nonworking,32,15,1.03795
cold_storage,05-nonworking,33,16,1.03795
cold_storage,05-nonworking,34,16,1.03795
cold_storage,05-nonworking,35,17,1.03795
cold_storage,05-nonworking,36,17,1.02326
cold_storage,05-nonworking,37,18,0.99389
cold_storage,05-nonworking,38,18,0.96696
cold_storage,05-nonworking,39,19,0.94248
cold_storage,05-nonworking,40,19,0.918
cold_storage,05-nonworking,41,20,0.89352
cold_storage,05-nonworking,42,20,0.88128
cold_storage,05-nonworking,43,21,0.88128
cold_storage,05-nonworking,44,21,0.88128
cold_storage,05-nonworking,45,22,0.88128
cold_storage,05-nonworking,46,22,0.88128
cold_storage,05-nonworking,47,23,0.88128
cold_storage,05-nonworking,48,23,0.88128
cold_storage,05-shutdown,1,0,0.8262
cold_storage,05-shutdown,2,0,0.8262
cold_storage,05-shutdown,3,1,0.8262
cold_storage,05-shutdown,4,1,0.8262
cold_storage,05-shutdown,5,2,0.8262
cold_storage,05-shutdown,6,2,0.8262
cold_storage,05-shutdown,7,3,0.8262
cold_storage,05-shutdown,8,3,0.8262
cold_storage,05-shutdown,9,4,0.8262
cold_storage,05-shutdown,10,4,0.8262
cold_storage,05-shutdown,11,5,0.8262
cold_storage,05-shutdown,12,5,0.8262
cold_storage,05-shutdown,13,6,0.8262
cold_storage,05-shutdown,14,6,0.83768
cold_storage,05-shutdown,15,7,0.86062
cold_storage,05-shutdown,16,7,0.89735
cold_storage,05-shutdown,17,8,0.94783
cold_storage,05-shutdown,18,8,0.97308
cold_storage,05-shutdown,19,9,0.97308
cold_storage,05-shutdown,20,9,0.97308
cold_storage,05-shutdown,21,10,0.97308
cold_storage,05-shutdown,22,10,0.97308
cold_storage,05-shutdown,23,11,0.97308
cold_storage,05-shutdown,24,11,0.97308
cold_storage,05-shutdown,25,12,0.97308
cold_storage,05-shutdown,26,12,0.97308
cold_storage,05-shutdown,27,13,0.97308
cold_storage,05-shutdown,28,13,0.97308
cold_storage,05-shutdown,29,14,0.97308
cold_storage,05-shutdown,30,14,0.97308
cold_storage,05-shutdown,31,15,0.97308
cold_storage,05-shutdown,32,15,0.97308
cold_storage,05-shutdown,33,16,0.97308
cold_storage,05-shutdown,34,16,0.97308
cold_storage,05-shutdown,35,17,0.97308
cold_storage,05-shutdown,36,17,0.95931
cold_storage,05-shutdown,37,18,0.93177
cold_storage,05-shutdown,38,18,0.90653
cold_storage,05-shutdown,39,19,0.88357
cold_storage,05-shutdown,40,19,0.86062
cold_storage,05-shutdown,41,20,0.83768
cold_storage,05-shutdown,42,20,0.8262
cold_storage,05-shutdown,43,21,0.8262
cold_storage,05-shutdown,44,21,0.8262
cold_storage,05-shutdown,45,22,0.8262
cold_storage,05-shutdown,46,22,0.8262
cold_storage,05-shutdown,47,23,0.8262
cold_storage,05-shutdown,48,23,0.8262
cold_storage,06-working,1,0,0.972
cold_storage,06-working,2,0,0.972
cold_storage,06-working,3,1,0.972
cold_storage,06-working,4,1,0.972
cold_storage,06-working,5,2,0.972
cold_storage,06-working,6,2,0.972
cold_storage,06-working,7,3,0.972
cold_storage,06-working,8,3,0.972
cold_storage,06-working,9,4,0.972
cold_storage,06-working,10,4,0.972
cold_storage,06-working,11,5,0.972
cold_storage,06-working,12,5,0.972
cold_storage,06-working,13,6,0.972
cold_storage,06-working,14,6,0.9855
cold_storage,06-working,15,7,1.0125
cold_storage,06-working,16,7,1.0557
cold_storage,06-working,17,8,1.1151
cold_storage,06-working,18,8,1.1448
cold_storage,06-working,19,9,1.1448
cold_storage,06-working,20,9,1.1448
cold_storage,06-working,21,10,1.1448
cold_storage,06-working,22,10,1.1448
cold_storage,06-working,23,11,1.1448
cold_storage,06-working,24,11,1.1448
cold_storage,06-working,25,12,1.1448
cold_storage,06-working,26,12,1.1448
cold_storage,06-working,27,13,1.1448
cold_storage,06-working,28,13,1.1448
cold_storage,06-working,29,14,1.1448
cold_storage,06-working,30,14,1.1448
cold_storage,06-working,31,15,1.1448
cold_storage,06-working,32,15,1.1448
cold_storage,06-working,33,16,1.1448
cold_storage,06-working,34,16,1.1448
cold_storage,06-working,35,17,1.1448
cold_storage,06-working,36,17,1.1286
cold_storage,06-working,37,18,1.0962
cold_storage,06-working,38,18,1.0665
cold_storage,06-working,39,19,1.0395
cold_storage,06-working,40,19,1.0125
cold_storage,06-working,41,20,0.9855
cold_storage,06-working,42,20,0.972
cold_storage,06-working,43,21,0.972
cold_storage,06-working,44,21,0.972
cold_storage,06-working,45,22,0.972
cold_storage,06-working,46,22,0.972
cold_storage,06-working,47,23,0.972
cold_storage,06-working,48,23,0.972
cold_storage,06-nonworking,1,0,0.93312
cold_storage,06-nonworking,2,0,0.93312
cold_storage,06-nonworking,3,1,0.93312
cold_storage,06-nonworking,4,1,0.93312
cold_storage,06-nonworking,5,2,0.93312
cold_storage,06-nonworking,6,2,0.93312
cold_storage,06-nonworking,7,3,0.93312
cold_storage,06-nonworking,8,3,0.93312
cold_storage,06-nonworking,9,4,0.93312
cold_storage,06-nonworking,10,4,0.93312
cold_storage,06-nonworking,11,5,0.93312
cold_storage,06-nonworking,12,5,0.93312
cold_storage,06-nonworking,13,6,0.93312
cold_storage,06-nonworking,14,6,0.94608
cold_storage,06-nonworking,15,7,0.972
cold_storage,06-nonworking,16,7,1.01347
cold_storage,06-nonworking,17,8,1.0705
cold_storage,06-nonworking,18,8,1.09901
cold_storage,06-nonworking,19,9,1.09901
cold_storage,06-nonworking,20,9,1.09901
cold_storage,06-nonworking,21,10,1.09901
cold_storage,06-nonworking,22,10,1.09901
cold_storage,06-nonworking,23,11,1.09901
cold_storage,06-nonworking,24,11,1.09901
cold_storage,06-nonworking,25,12,1.09901
cold_storage,06-nonworking,26,12,1.09901
cold_storage,06-nonworking,27,13,1.09901
cold_storage,06-nonworking,28,13,1.09901
cold_storage,06-nonworking,29,14,1.09901
cold_storage,06-nonworking,30,14,1.09901
cold_storage,06-nonworking,31,15,1.09901
cold_storage,06-nonworking,32,15,1.09901
cold_storage,06-nonworking,33,16,1.09901
cold_storage,06-nonworking,34,16,1.09901
cold_storage,06-nonworking,35,17,1.09901
cold_storage,06-nonworking,36,17,1.08346
cold_storage,06-nonworking,37,18,1.05235
cold_storage,06-nonworking,38,18,1.02384
cold_storage,06-nonworking,39,19,0.99792
cold_storage,06-nonworking,40,19,0.972
cold_storage,06-nonworking,41,20,0.94608
cold_storage,06-nonworking,42,20,0.93312
cold_storage,06-nonworking,43,21,0.93312
cold_storage,06-nonworking,44,21,0.93312
cold_storage,06-nonworking,45,22,0.93312
cold_storage,06-nonworking,46,22,0.93312
cold_storage,06-nonworking,47,23,0.93312
cold_storage,06-nonworking,48,23,0.93312
cold_storage,06-shutdown,1,0,0.8748
cold_storage,06-shutdown,2,0,0.8748
cold_storage,06-shutdown,3,1,0.8748
cold_storage,06-shutdown,4,1,0.8748
cold_storage,06-shutdown,5,2,0.8748
cold_storage,06-shutdown,6,2,0.8748
cold_storage,06-shutdown,7,3,0.8748
cold_storage,06-shutdown,8,3,0.8748
cold_storage,06-shutdown,9,4,0.8748
cold_storage,06-shutdown,10,4,0.8748
cold_storage,06-shutdown,11,5,0.8748
cold_storage,06-shutdown,12,5,0.8748
cold_storage,06-shutdown,13,6,0.8748
cold_storage,06-shutdown,14,6,0.88695
cold_storage,06-shutdown,15,7,0.91125
cold_storage,06-shutdown,16,7,0.95013
cold_storage,06-shutdown,17,8,1.00359
cold_storage,06-shutdown,18,8,1.03032
cold_storage,06-shutdown,19,9,1.03032
cold_storage,06-shutdown,20,9,1.03032
cold_storage,06-shutdown,21,10,1.03032
cold_storage,06-shutdown,22,10,1.03032
cold_storage,06-shutdown,23,11,1.03032
cold_storage,06-shutdown,24,11,1.03032
cold_storage,06-shutdown,25,12,1.03032
cold_storage,06-shutdown,26,12,1.03032
cold_storage,06-shutdown,27,13,1.03032
cold_storage,06-shutdown,28,13,1.03032
cold_storage,06-shutdown,29,14,1.03032
cold_storage,06-shutdown,30,14,1.03032
cold_storage,06-shutdown,31,15,1.03032
cold_storage,06-shutdown,32,15,1.03032
cold_storage,06-shutdown,33,16,1.03032
cold_storage,06-shutdown,34,16,1.03032
cold_storage,06-shutdown,35,17,1.03032
cold_storage,06-shutdown,36,17,1.01574
cold_storage,06-shutdown,37,18,0.98658
cold_storage,06-shutdown,38,18,0.95985
cold_storage,06-shutdown,39,19,0.93555
cold_storage,06-shutdown,40,19,0.91125
cold_storage,06-shutdown,41,20,0.88695
cold_storage,06-shutdown,42,20,0.8748
cold_storage,06-shutdown,43,21,0.8748
cold_storage,06-shutdown,44,21,0.8748
cold_storage,06-shutdown,45,22,0.8748
cold_storage,06-shutdown,46,22,0.8748
cold_storage,06-shutdown,47,23,0.8748
cold_storage,06-shutdown,48,23,0.8748
cold_storage,07-working,1,0,1.044
cold_storage,07-working,2,0,1.044
cold_storage,07-working,3,1,1.044
cold_storage,07-working,4,1,1.044
cold_storage,07-working,5,2,1.044
cold_storage,07-working,6,2,1.044
cold_storage,07-working,7,3,1.044
cold_storage,07-working,8,3,1.044
cold_storage,07-working,9,4,1.044
cold_storage,07-working,10,4,1.044
cold_storage,07-working,11,5,1.044
cold_storage,07-working,12,5,1.044
cold_storage,07-working,13,6,1.044
cold_storage,07-working,14,6,1.0585
cold_storage,07-working,15,7,1.0875
cold_storage,07-working,16,7,1.1339
cold_storage,07-working,17,8,1.1977
cold_storage,07-working,18,8,1.2296
cold_storage,07-working,19,9,1.2296
cold_storage,07-working,20,9,1.2296
cold_storage,07-working,21,10,1.2296
cold_storage,07-working,22,10,1.2296
cold_storage,07-working,23,11,1.2296
cold_storage,07-working,24,11,1.2296
cold_storage,07-working,25,12,1.2296
cold_storage,07-working,26,12,1.2296
cold_storage,07-working,27,13,1.2296
cold_storage,07-working,28,13,1.2296
cold_storage,07-working,29,14,1.2296
cold_storage,07-working,30,14,1.2296
cold_storage,07-working,31,15,1.2296
cold_storage,07-working,32,15,1.2296
cold_storage,07-working,33,16,1.2296
cold_storage,07-working,34,16,1.2296
cold_storage,07-working,35,17,1.2296
cold_storage,07-working,36,17,1.2122
cold_storage,07-working,37,18,1.1774
cold_storage,07-working,38,18,1.1455
cold_storage,07-working,39,19,1.1165
cold_storage,07-working,40,19,1.0875
cold_storage,07-working,41,20,1.0585
cold_storage,07-working,42,20,1.044
cold_storage,07-working,43,21,1.044
cold_storage,07-working,44,21,1.044
cold_storage,07-working,45,22,1.044
cold_storage,07-working,46,22,1.044
cold_storage,07-working,47,23,1.044
cold_storage,07-working,48,23,1.044
cold_storage,07-nonworking,1,0,1.00224
cold_storage,07-nonworking,2,0,1.00224
cold_storage,07-nonworking,3,1,1.00224
cold_storage,07-nonworking,4,1,1.00224
cold_storage,07-nonworking,5,2,1.00224
cold_storage,07-nonworking,6,2,1.00224
cold_storage,07-nonworking,7,3,1.00224
cold_storage,07-nonworking,8,3,1.00224
cold_storage,07-nonworking,9,4,1.00224
cold_storage,07-nonworking,10,4,1.00224
cold_storage,07-nonworking,11,5,1.00224
cold_storage,07-nonworking,12,5,1.00224
cold_storage,07-nonworking,13,6,1.00224
cold_storage,07-nonworking,14,6,1.01616
cold_storage,07-nonworking,15,7,1.044
cold_storage,07-nonworking,16,7,1.08854
cold_storage,07-nonworking,17,8,1.14979
cold_storage,07-nonworking,18,8,1.18042
cold_storage,07-nonworking,19,9,1.18042
cold_storage,07-nonworking,20,9,1.18042
cold_storage,07-nonworking,21,10,1.18042
cold_storage,07-nonworking,22,10,1.18042
cold_storage,07-nonworking,23,11,1.18042
cold_storage,07-nonworking,24,11,1.18042
cold_storage,07-nonworking,25,12,1.18042
cold_storage,07-nonworking,26,12,1.18042
cold_storage,07-nonworking,27,13,1.18042
cold_storage,07-nonworking,28,13,1.18042
cold_storage,07-nonworking,29,14,1.18042
cold_storage,07-nonworking,30,14,1.18042
cold_storage,07-nonworking,31,15,1.18042
cold_storage,07-nonworking,32,15,1.18042
cold_storage,07-nonworking,33,16,1.18042
cold_storage,07-nonworking,34,16,1.18042
cold_storage,07-nonworking,35,17,1.18042
cold_storage,07-nonworking,36,17,1.16371
cold_storage,07-nonworking,37,18,1.1303
cold_storage,07-nonworking,38,18,1.09968
cold_storage,07-nonworking,39,19,1.07184
cold_storage,07-nonworking,40,19,1.044
cold_storage,07-nonworking,41,20,1.01616
cold_storage,07-nonworking,42,20,1.00224
cold_storage,07-nonworking,43,21,1.00224
cold_storage,07-nonworking,44,21,1.00224
cold_storage,07-nonworking,45,22,1.00224
cold_storage,07-nonworking,46,22,1.00224
cold_storage,07-nonworking,47,23,1.00224
cold_storage,07-nonworking,48,23,1.00224
cold_storage,07-shutdown,1,0,0.9396
cold_storage,07-shutdown,2,0,0.9396
cold_storage,07-shutdown,3,1,0.9396
cold_storage,07-shutdown,4,1,0.9396
cold_storage,07-shutdown,5,2,0.9396
cold_storage,07-shutdown,6,2,0.9396
cold_storage,07-shutdown,7,3,0.9396
cold_storage,07-shutdown,8,3,0.9396
cold_storage,07-shutdown,9,4,0.9396
cold_storage,07-shutdown,10,4,0.9396
cold_storage,07-shutdown,11,5,0.9396
cold_storage,07-shutdown,12,5,0.9396
cold_storage,07-shutdown,13,6,0.9396
cold_storage,07-shutdown,14,6,0.95265
cold_storage,07-shutdown,15,7,0.97875
cold_storage,07-shutdown,16,7,1.02051
cold_storage,07-shutdown,17,8,1.07793
cold_storage,07-shutdown,18,8,1.10664
cold_storage,07-shutdown,19,9,1.10664
cold_storage,07-shutdown,20,9,1.10664
cold_storage,07-shutdown,21,10,1.10664
cold_storage,07-shutdown,22,10,1.10664
cold_storage,07-shutdown,23,11,1.10664
cold_storage,07-shutdown,24,11,1.10664
cold_storage,07-shutdown,25,12,1.10664
cold_storage,07-shutdown,26,12,1.10664
cold_storage,07-shutdown,27,13,1.10664
cold_storage,07-shutdown,28,13,1.10664
cold_storage,07-shutdown,29,14,1.10664
cold_storage,07-shutdown,30,14,1.10664
cold_storage,07-shutdown,31,15,1.10664
cold_storage,07-shutdown,32,15,1.10664
cold_storage,07-shutdown,33,16,1.10664
cold_storage,07-shutdown,34,16,1.10664
cold_storage,07-shutdown,35,17,1.10664
cold_storage,07-shutdown,36,17,1.09098
cold_storage,07-shutdown,37,18,1.05966
cold_storage,07-shutdown,38,18,1.03095
cold_storage,07-shutdown,39,19,1.00485
cold_storage,07-shutdown,40,19,0.97875
cold_storage,07-shutdown,41,20,0.95265
cold_storage,07-shutdown,42,20,0.9396
cold_storage,07-shutdown,43,21,0.9396
cold_storage,07-shutdown,44,21,0.9396
cold_storage,07-shutdown,45,22,0.9396
cold_storage,07-shutdown,46,22,0.9396
cold_storage,07-shutdown,47,23,0.9396
cold_storage,07-shutdown,48,23,0.9396
cold_storage,08-working,1,0,1.062
cold_storage,08-working,2,0,1.062
cold_storage,08-working,3,1,1.062
cold_storage,08-working,4,1,1.062
cold_storage,08-working,5,2,1.062
cold_storage,08-working,6,2,1.062
cold_storage,08-working,7,3,1.062
cold_storage,08-working,8,3,1.062
cold_storage,08-working,9,4,1.062
cold_storage,08-working,10,4,1.062
cold_storage,08-working,11,5,1.062
cold_storage,08-working,12,5,1.062
cold_storage,08-working,13,6,1.062
cold_storage,08-working,14,6,1.07675
cold_storage,08-working,15,7,1.10625
cold_storage,08-working,16,7,1.15345
cold_storage,08-working,17,8,1.21835
cold_storage,08-working,18,8,1.2508
cold_storage,08-working,19,9,1.2508
cold_storage,08-working,20,9,1.2508
cold_storage,08-working,21,10,1.2508
cold_storage,08-working,22,10,1.2508
cold_storage,08-working,23,11,1.2508
cold_storage,08-working,24,11,1.2508
cold_storage,08-working,25,12,1.2508
cold_storage,08-working,26,12,1.2508
cold_storage,08-working,27,13,1.2508
cold_storage,08-working,28,13,1.2508
cold_storage,08-working,29,14,1.2508
cold_storage,08-working,30,14,1.2508
cold_storage,08-working,31,15,1.2508
cold_storage,08-working,32,15,1.2508
cold_storage,08-working,33,16,1.2508
cold_storage,08-working,34,16,1.2508
cold_storage,08-working,35,17,1.2508
cold_storage,08-working,36,17,1.2331
cold_storage,08-working,37,18,1.1977
cold_storage,08-working,38,18,1.16525
cold_storage,08-working,39,19,1.13575
cold_storage,08-working,40,19,1.10625
cold_storage,08-working,41,20,1.07675
cold_storage,08-working,42,20,1.062
cold_storage,08-working,43,21,1.062
cold_storage,08-working,44,21,1.062
cold_storage,08-working,45,22,1.062
cold_storage,08-working,46,22,1.062
cold_storage,08-working,47,23,1.062
cold_storage,08-working,48,23,1.062
cold_storage,08-nonworking,1,0,1.01952
cold_storage,08-nonworking,2,0,1.01952
cold_storage,08-nonworking,3,1,1.01952
cold_storage,08-nonworking,4,1,1.01952
cold_storage,08-nonworking,5,2,1.01952
cold_storage,08-nonworking,6,2,1.01952
cold_storage,08-nonworking,7,3,1.01952
cold_storage,08-nonworking,8,3,1.01952
cold_storage,08-nonworking,9,4,1.01952
cold_storage,08-nonworking,10,4,1.01952
cold_storage,08-nonworking,11,5,1.01952
cold_storage,08-nonworking,12,5,1.01952
cold_storage,08-nonworking,13,6,1.01952
cold_storage,08-nonworking,14,6,1.03368
cold_storage,08-nonworking,15,7,1.062
cold_storage,08-nonworking,16,7,1.10731
cold_storage,08-nonworking,17,8,1.16962
cold_storage,08-nonworking,18,8,1.20077
cold_storage,08-nonworking,19,9,1.20077
cold_storage,08-nonworking,20,9,1.20077
cold_storage,08-nonworking,21,10,1.20077
cold_storage,08-nonworking,22,10,1.20077
cold_storage,08-nonworking,23,11,1.20077
cold_storage,08-nonworking,24,11,1.20077
cold_storage,08-nonworking,25,12,1.20077
cold_storage,08-nonworking,26,12,1.20077
cold_storage,08-nonworking,27,13,1.20077
cold_storage,08-nonworking,28,13,1.20077
cold_storage,08-nonworking,29,14,1.20077
cold_storage,08-nonworking,30,14,1.20077
cold_storage,08-nonworking,31,15,1.20077
cold_storage,08-nonworking,32,15,1.20077
cold_storage,08-nonworking,33,16,1.20077
cold_storage,08-nonworking,34,16,1.20077
cold_storage,08-nonworking,35,17,1.20077
cold_storage,08-nonworking,36,17,1.18378
cold_storage,08-nonworking,37,18,1.14979
cold_storage,08-nonworking,38,18,1.11864
cold_storage,08-nonworking,39,19,1.09032
cold_storage,08-nonworking,40,19,1.062
cold_storage,08-nonworking,41,20,1.03368
cold_storage,08-nonworking,42,20,1.01952
cold_storage,08-nonworking,43,21,1.01952
cold_storage,08-nonworking,44,21,1.01952
cold_storage,08-nonworking,45,22,1.01952
cold_storage,08-nonworking,46,22,1.01952
cold_storage,08-nonworking,47,23,1.01952
cold_storage,08-nonworking,48,23,1.01952
cold_storage,08-shutdown,1,0,0.9558
cold_storage,08-shutdown,2,0,0.9558
cold_storage,08-shutdown,3,1,0.9558
cold_storage,08-shutdown,4,1,0.9558
cold_storage,08-shutdown,5,2,0.9558
cold_storage,08-shutdown,6,2,0.9558
cold_storage,08-shutdown,7,3,0.9558
cold_storage,08-shutdown,8,3,0.9558
cold_storage,08-shutdown,9,4,0.9558
cold_storage,08-shutdown,10,4,0.9558
cold_storage,08-shutdown,11,5,0.9558
cold_storage,08-shutdown,12,5,0.9558
cold_storage,08-shutdown,13,6,0.9558
cold_storage,08-shutdown,14,6,0.96908
cold_storage,08-shutdown,15,7,0.99562
cold_storage,08-shutdown,16,7,1.03811
cold_storage,08-shutdown,17,8,1.09651
cold_storage,08-shutdown,18,8,1.12572
cold_storage,08-shutdown,19,9,1.12572
cold_storage,08-shutdown,20,9,1.12572
cold_storage,08-shutdown,21,10,1.12572
cold_storage,08-shutdown,22,10,1.12572
cold_storage,08-shutdown,23,11,1.12572
cold_storage,08-shutdown,24,11,1.12572
cold_storage,08-shutdown,25,12,1.12572
cold_storage,08-shutdown,26,12,1.12572
cold_storage,08-shutdown,27,13,1.12572
cold_storage,08-shutdown,28,13,1.12572
cold_storage,08-shutdown,29,14,1.12572
cold_storage,08-shutdown,30,14,1.12572
cold_storage,08-shutdown,31,15,1.12572
cold_storage,08-shutdown,32,15,1.12572
cold_storage,08-shutdown,33,16,1.12572
cold_storage,08-shutdown,34,16,1.12572
cold_storage,08-shutdown,35,17,1.12572
cold_storage,08-shutdown,36,17,1.10979
cold_storage,08-shutdown,37,18,1.07793
cold_storage,08-shutdown,38,18,1.04872
cold_storage,08-shutdown,39,19,1.02217
cold_storage,08-shutdown,40,19,0.99562
cold_storage,08-shutdown,41,20,0.96908
cold_storage,08-shutdown,42,20,0.9558
cold_storage,08-shutdown,43,21,0.9558
cold_storage,08-shutdown,44,21,0.9558
cold_storage,08-shutdown,45,22,0.9558
cold_storage,08-shutdown,46,22,0.9558
cold_storage,08-shutdown,47,23,0.9558
cold_storage,08-shutdown,48,23,0.9558
cold_storage,09-working,1,0,0.99
cold_storage,09-working,2,0,0.99
cold_storage,09-working,3,1,0.99
cold_storage,09-working,4,1,0.99
cold_storage,09-working,5,2,0.99
cold_storage,09-working,6,2,0.99
cold_storage,09-working,7,3,0.99
cold_storage,09-working,8,3,0.99
cold_storage,09-working,9,4,0.99
cold_storage,09-working,10,4,0.99
cold_storage,09-working,11,5,0.99
cold_storage,09-working,12,5,0.99
cold_storage,09-working,13,6,0.99
cold_storage,09-working,14,6,1.00375
cold_storage,09-working,15,7,1.03125
cold_storage,09-working,16,7,1.07525
cold_storage,09-working,17,8,1.13575
cold_storage,09-working,18,8,1.166
cold_storage,09-working,19,9,1.166
cold_storage,09-working,20,9,1.166
cold_storage,09-working,21,10,1.166
cold_storage,09-working,22,10,1.166
cold_storage,09-working,23,11,1.166
cold_storage,09-working,24,11,1.166
cold_storage,09-working,25,12,1.166
cold_storage,09-working,26,12,1.166
cold_storage,09-working,27,13,1.166
cold_storage,09-working,28,13,1.166
cold_storage,09-working,29,14,1.166
cold_storage,09-working,30,14,1.166
cold_storage,09-working,31,15,1.166
cold_storage,09-working,32,15,1.166
cold_storage,09-working,33,16,1.166
cold_storage,09-working,34,16,1.166
cold_storage,09-working,35,17,1.166
cold_storage,09-working,36,17,1.1495
cold_storage,09-working,37,18,1.1165
cold_storage,09-working,38,18,1.08625
cold_storage,09-working,39,19,1.05875
cold_storage,09-working,40,19,1.03125
cold_storage,09-working,41,20,1.00375
cold_storage,09-working,42,20,0.99
cold_storage,09-working,43,21,0.99
cold_storage,09-working,44,21,0.99
cold_storage,09-working,45,22,0.99
cold_storage,09-working,46,22,0.99
cold_storage,09-working,47,23,0.99
cold_storage,09-working,48,23,0.99
cold_storage,09-nonworking,1,0,0.9504
cold_storage,09-nonworking,2,0,0.9504
cold_storage,09-nonworking,3,1,0.9504
cold_storage,09-nonworking,4,1,0.9504
cold_storage,09-nonworking,5,2,0.9504
cold_storage,09-nonworking,6,2,0.9504
cold_storage,09-nonworking,7,3,0.9504
cold_storage,09-nonworking,8,3,0.9504
cold_storage,09-nonworking,9,4,0.9504
cold_storage,09-nonworking,10,4,0.9504
cold_storage,09-nonworking,11,5,0.9504
cold_storage,09-nonworking,12,5,0.9504
cold_storage,09-nonworking,13,6,0.9504
cold_storage,09-nonworking,14,6,0.9636
cold_storage,09-nonworking,15,7,0.99
cold_storage,09-nonworking,16,7,1.03224
cold_storage,09-nonworking,17,8,1.09032
cold_storage,09-nonworking,18,8,1.11936
cold_storage,09-nonworking,19,9,1.11936
cold_storage,09-nonworking,20,9,1.11936
cold_storage,09-nonworking,21,10,1.11936
cold_storage,09-nonworking,22,10,1.11936
cold_storage,09-nonworking,23,11,1.11936
cold_storage,09-nonworking,24,11,1.11936
cold_storage,09-nonworking,25,12,1.11936
cold_storage,09-nonworking,26,12,1.11936
cold_storage,09-nonworking,27,13,1.11936
cold_storage,09-nonworking,28,13,1.11936
cold_storage,09-nonworking,29,14,1.11936
cold_storage,09-nonworking,30,14,1.11936
cold_storage,09-nonworking,31,15,1.11936
cold_storage,09-nonworking,32,15,1.11936
cold_storage,09-nonworking,33,16,1.11936
cold_storage,09-nonworking,34,16,1.11936
cold_storage,09-nonworking,35,17,1.11936
cold_storage,09-nonworking,36,17,1.10352
cold_storage,09-nonworking,37,18,1.07184
cold_storage,09-nonworking,38,18,1.0428
cold_storage,09-nonworking,39,19,1.0164
cold_storage,09-nonworking,40,19,0.99
cold_storage,09-nonworking,41,20,0.9636
cold_storage,09-nonworking,42,20,0.9504
cold_storage,09-nonworking,43,21,0.9504
cold_storage,09-nonworking,44,21,0.9504
cold_storage,09-nonworking,45,22,0.9504
cold_storage,09-nonworking,46,22,0.9504
cold_storage,09-nonworking,47,23,0.9504
cold_storage,09-nonworking,48,23,0.9504
cold_storage,09-shutdown,1,0,0.891
cold_storage,09-shutdown,2,0,0.891
cold_storage,09-shutdown,3,1,0.891
cold_storage,09-shutdown,4,1,0.891
cold_storage,09-shutdown,5,2,0.891
cold_storage,09-shutdown,6,2,0.891
cold_storage,09-shutdown,7,3,0.891
cold_storage,09-shutdown,8,3,0.891
cold_storage,09-shutdown,9,4,0.891
cold_storage,09-shutdown,10,4,0.891
cold_storage,09-shutdown,11,5,0.891
cold_storage,09-shutdown,12,5,0.891
cold_storage,09-shutdown,13,6,0.891
cold_storage,09-shutdown,14,6,0.90338
cold_storage,09-shutdown,15,7,0.92813
cold_storage,09-shutdown,16,7,0.96773
cold_storage,09-shutdown,17,8,1.02218
cold_storage,09-shutdown,18,8,1.0494
cold_storage,09-shutdown,19,9,1.0494
cold_storage,09-shutdown,20,9,1.0494
cold_storage,09-shutdown,21,10,1.0494
cold_storage,09-shutdown,22,10,1.0494
cold_storage,09-shutdown,23,11,1.0494
cold_storage,09-shutdown,24,11,1.0494
cold_storage,09-shutdown,25,12,1.0494
cold_storage,09-shutdown,26,12,1.0494
cold_storage,09-shutdown,27,13,1.0494
cold_storage,09-shutdown,28,13,1.0494
cold_storage,09-shutdown,29,14,1.0494
cold_storage,09-shutdown,30,14,1.0494
cold_storage,09-shutdown,31,15,1.0494
cold_storage,09-shutdown,32,15,1.0494
cold_storage,09-shutdown,33,16,1.0494
cold_storage,09-shutdown,34,16,1.0494
cold_storage,09-shutdown,35,17,1.0494
cold_storage,09-shutdown,36,17,1.03455
cold_storage,09-shutdown,37,18,1.00485
cold_storage,09-shutdown,38,18,0.97763
cold_storage,09-shutdown,39,19,0.95288
cold_storage,09-shutdown,40,19,0.92813
cold_storage,09-shutdown,41,20,0.90338
cold_storage,09-shutdown,42,20,0.891
cold_storage,09-shutdown,43,21,0.891
cold_storage,09-shutdown,44,21,0.891
cold_storage,09-shutdown,45,22,0.891
cold_storage,09-shutdown,46,22,0.891
cold_storage,09-shutdown,47,23,0.891
cold_storage,09-shutdown,48,23,0.891
cold_storage,10-working,1,0,0.9
cold_storage,10-working,2,0,0.9
cold_storage,10-working,3,1,0.9
cold_storage,10-working,4,1,0.9
cold_storage,10-working,5,2,0.9
cold_storage,10-working,6,2,0.9
cold_storage,10-working,7,3,0.9
cold_storage,10-working,8,3,0.9
cold_storage,10-working,9,4,0.9
cold_storage,10-working,10,4,0.9
cold_storage,10-working,11,5,0.9
cold_storage,10-working,12,5,0.9
cold_storage,10-working,13,6,0.9
cold_storage,10-working,14,6,0.9125
cold_storage,10-working,15,7,0.9375
cold_storage,10-working,16,7,0.9775
cold_storage,10-working,17,8,1.0325
cold_storage,10-working,18,8,1.06
cold_storage,10-working,19,9,1.06
cold_storage,10-working,20,9,1.06
cold_storage,10-working,21,10,1.06
cold_storage,10-working,22,10,1.06
cold_storage,10-working,23,11,1.06
cold_storage,10-working,24,11,1.06
cold_storage,10-working,25,12,1.06
cold_storage,10-working,26,12,1.06
cold_storage,10-working,27,13,1.06
cold_storage,10-working,28,13,1.06
cold_storage,10-working,29,14,1.06
cold_storage,10-working,30,14,1.06
cold_storage,10-working,31,15,1.06
cold_storage,10-working,32,15,1.06
cold_storage,10-working,33,16,1.06
cold_storage,10-working,34,16,1.06
cold_storage,10-working,35,17,1.06
cold_storage,10-working,36,17,1.045
cold_storage,10-working,37,18,1.015
cold_storage,10-working,38,18,0.9875
cold_storage,10-working,39,19,0.9625
cold_storage,10-working,40,19,0.9375
cold_storage,10-working,41,20,0.9125
cold_storage,10-working,42,20,0.9
cold_storage,10-working,43,21,0.9
cold_storage,10-working,44,21,0.9
cold_storage,10-working,45,22,0.9
cold_storage,10-working,46,22,0.9
cold_storage,10-working,47,23,0.9
cold_storage,10-working,48,23,0.9
cold_storage,10-nonworking,1,0,0.864
cold_storage,10-nonworking,2,0,0.864
cold_storage,10-nonworking,3,1,0.864
cold_storage,10-nonworking,4,1,0.864
cold_storage,10-nonworking,5,2,0.864
cold_storage,10-nonworking,6,2,0.864
cold_storage,10-nonworking,7,3,0.864
cold_storage,10-nonworking,8,3,0.864
cold_storage,10-nonworking,9,4,0.864
cold_storage,10-nonworking,10,4,0.864
cold_storage,10-nonworking,11,5,0.864
cold_storage,10-nonworking,12,5,0.864
cold_storage,10-nonworking,13,6,0.864
cold_storage,10-nonworking,14,6,0.876
cold_storage,10-nonworking,15,7,0.9
cold_storage,10-nonworking,16,7,0.9384
cold_storage,10-nonworking,17,8,0.9912
cold_storage,10-nonworking,18,8,1.0176
cold_storage,10-nonworking,19,9,1.0176
cold_storage,10-nonworking,20,9,1.0176
cold_storage,10-nonworking,21,10,1.0176
cold_storage,10-nonworking,22,10,1.0176
cold_storage,10-nonworking,23,11,1.0176
cold_storage,10-nonworking,24,11,1.0176
cold_storage,10-nonworking,25,12,1.0176
cold_storage,10-nonworking,26,12,1.0176
cold_storage,10-nonworking,27,13,1.0176
cold_storage,10-nonworking,28,13,1.0176
cold_storage,10-nonworking,29,14,1.0176
cold_storage,10-nonworking,30,14,1.0176
cold_storage,10-nonworking,31,15,1.0176
cold_storage,10-nonworking,32,15,1.0176
cold_storage,10-nonworking,33,16,1.0176
cold_storage,10-nonworking,34,16,1.0176
cold_storage,10-nonworking,35,17,1.0176
cold_storage,10-nonworking,36,17,1.0032
cold_storage,10-nonworking,37,18,0.9744
cold_storage,10-nonworking,38,18,0.948
cold_storage,10-nonworking,39,19,0.924
cold_storage,10-nonworking,40,19,0.9
cold_storage,10-nonworking,41,20,0.876
cold_storage,10-nonworking,42,20,0.864
cold_storage,10-nonworking,43,21,0.864
cold_storage,10-nonworking,44,21,0.864
cold_storage,10-nonworking,45,22,0.864
cold_storage,10-nonworking,46,22,0.864
cold_storage,10-nonworking,47,23,0.864
cold_storage,10-nonworking,48,23,0.864
cold_storage,10-shutdown,1,0,0.81
cold_storage,10-shutdown,2,0,0.81
cold_storage,10-shutdown,3,1,0.81
cold_storage,10-shutdown,4,1,0.81
cold_storage,10-shutdown,5,2,0.81
cold_storage,10-shutdown,6,2,0.81
cold_storage,10-shutdown,7,3,0.81
cold_storage,10-shutdown,8,3,0.81
cold_storage,10-shutdown,9,4,0.81
cold_storage,10-shutdown,10,4,0.81
cold_storage,10-shutdown,11,5,0.81
cold_storage,10-shutdown,12,5,0.81
cold_storage,10-shutdown,13,6,0.81
cold_storage,10-shutdown,14,6,0.82125
cold_storage,10-shutdown,15,7,0.84375
cold_storage,10-shutdown,16,7,0.87975
cold_storage,10-shutdown,17,8,0.92925
cold_storage,10-shutdown,18,8,0.954
cold_storage,10-shutdown,19,9,0.954
cold_storage,10-shutdown,20,9,0.954
cold_storage,10-shutdown,21,10,0.954
cold_storage,10-shutdown,22,10,0.954
cold_storage,10-shutdown,23,11,0.954
cold_storage,10-shutdown,24,11,0.954
cold_storage,10-shutdown,25,12,0.954
cold_storage,10-shutdown,26,12,0.954
cold_storage,10-shutdown,27,13,0.954
cold_storage,10-shutdown,28,13,0.954
cold_storage,10-shutdown,29,14,0.954
cold_storage,10-shutdown,30,14,0.954
cold_storage,10-shutdown,31,15,0.954
cold_storage,10-shutdown,32,15,0.954
cold_storage,10-shutdown,33,16,0.954
cold_storage,10-shutdown,34,16,0.954
cold_storage,10-shutdown,35,17,0.954
cold_storage,10-shutdown,36,17,0.9405
cold_storage,10-shutdown,37,18,0.9135
cold_storage,10-shutdown,38,18,0.88875
cold_storage,10-shutdown,39,19,0.86625
cold_storage,10-shutdown,40,19,0.84375
cold_storage,10-shutdown,41,20,0.82125
cold_storage,10-shutdown,42,20,0.81
cold_storage,10-shutdown,43,21,0.81
cold_storage,10-shutdown,44,21,0.81
cold_storage,10-shutdown,45,22,0.81
cold_storage,10-shutdown,46,22,0.81
cold_storage,10-shutdown,47,23,0.81
cold_storage,10-shutdown,48,23,0.81
cold_storage,11-working,1,0,0.846
cold_storage,11-working,2,0,0.846
cold_storage,11-working,3,1,0.846
cold_storage,11-working,4,1,0.846
cold_storage,11-working,5,2,0.846
cold_storage,11-working,6,2,0.846
cold_storage,11-working,7,3,0.846
cold_storage,11-working,8,3,0.846
cold_storage,11-working,9,4,0.846
cold_storage,11-working,10,4,0.846
cold_storage,11-working,11,5,0.846
cold_storage,11-working,12,5,0.846
cold_storage,11-working,13,6,0.846
cold_storage,11-working,14,6,0.85775
cold_storage,11-working,15,7,0.88125
cold_storage,11-working,16,7,0.91885
cold_storage,11-working,17,8,0.97055
cold_storage,11-working,18,8,0.9964
cold_storage,11-working,19,9,0.9964
cold_storage,11-working,20,9,0.9964
cold_storage,11-working,21,10,0.9964
cold_storage,11-working,22,10,0.9964
cold_storage,11-working,23,11,0.9964
cold_storage,11-working,24,11,0.9964
cold_storage,11-working,25,12,0.9964
cold_storage,11-working,26,12,0.9964
cold_storage,11-working,27,13,0.9964
cold_storage,11-working,28,13,0.9964
cold_storage,11-working,29,14,0.9964
cold_storage,11-working,30,14,0.9964
cold_storage,11-working,31,15,0.9964
cold_storage,11-working,32,15,0.9964
cold_storage,11-working,33,16,0.9964
cold_storage,11-working,34,16,0.9964
cold_storage,11-working,35,17,0.9964
cold_storage,11-working,36,17,0.9823
cold_storage,11-working,37,18,0.9541
cold_storage,11-working,38,18,0.92825
cold_storage,11-working,39,19,0.90475
cold_storage,11-working,40,19,0.88125
cold_storage,11-working,41,20,0.85775
cold_storage,11-working,42,20,0.846
cold_storage,11-working,43,21,0.846
cold_storage,11-working,44,21,0.846
cold_storage,11-working,45,22,0.846
cold_storage,11-working,46,22,0.846
cold_storage,11-working,47,23,0.846
cold_storage,11-working,48,23,0.846
cold_storage,11-nonworking,1,0,0.81216
cold_storage,11-nonworking,2,0,0.81216
cold_storage,11-nonworking,3,1,0.81216
cold_storage,11-nonworking,4,1,0.81216
cold_storage,11-nonworking,5,2,0.81216
cold_storage,11-nonworking,6,2,0.81216
cold_storage,11-nonworking,7,3,0.81216
cold_storage,11-nonworking,8,3,0.81216
cold_storage,11-nonworking,9,4,0.81216
cold_storage,11-nonworking,10,4,0.81216
cold_storage,11-nonworking,11,5,0.81216
cold_storage,11-nonworking,12,5,0.81216
cold_storage,11-nonworking,13,6,0.81216
cold_storage,11-nonworking,14,6,0.82344
cold_storage,11-nonworking,15,7,0.846
cold_storage,11-nonworking,16,7,0.8821
cold_storage,11-nonworking,17,8,0.93173
cold_storage,11-nonworking,18,8,0.95654
cold_storage,11-nonworking,19,9,0.95654
cold_storage,11-nonworking,20,9,0.95654
cold_storage,11-nonworking,21,10,0.95654
cold_storage,11-nonworking,22,10,0.95654
cold_storage,11-nonworking,23,11,0.95654
cold_storage,11-nonworking,24,11,0.95654
cold_storage,11-nonworking,25,12,0.95654
cold_storage,11-nonworking,26,12,0.95654
cold_storage,11-nonworking,27,13,0.95654
cold_storage,11-nonworking,28,13,0.95654
cold_storage,11-nonworking,29,14,0.95654
cold_storage,11-nonworking,30,14,0.95654
cold_storage,11-nonworking,31,15,0.95654
cold_storage,11-nonworking,32,15,0.95654
cold_storage,11-nonworking,33,16,0.95654
cold_storage,11-nonworking,34,16,0.95654
cold_storage,11-nonworking,35,17,0.95654
cold_storage,11-nonworking,36,17,0.94301
cold_storage,11-nonworking,37,18,0.91594
cold_storage,11-nonworking,38,18,0.89112
cold_storage,11-nonworking,39,19,0.86856
cold_storage,11-nonworking,40,19,0.846
cold_storage,11-nonworking,41,20,0.82344
cold_storage,11-nonworking,42,20,0.81216
cold_storage,11-nonworking,43,21,0.81216
cold_storage,11-nonworking,44,21,0.81216
cold_storage,11-nonworking,45,22,0.81216
cold_storage,11-nonworking,46,22,0.81216
cold_storage,11-nonworking,47,23,0.81216
cold_storage,11-nonworking,48,23,0.81216
cold_storage,11-shutdown,1,0,0.7614
cold_storage,11-shutdown,2,0,0.7614
cold_storage,11-shutdown,3,1,0.7614
cold_storage,11-shutdown,4,1,0.7614
cold_storage,11-shutdown,5,2,0.7614
cold_storage,11-shutdown,6,2,0.7614
cold_storage,11-shutdown,7,3,0.7614
cold_storage,11-shutdown,8,3,0.7614
cold_storage,11-shutdown,9,4,0.7614
cold_storage,11-shutdown,10,4,0.7614
cold_storage,11-shutdown,11,5,0.7614
cold_storage,11-shutdown,12,5,0.7614
cold_storage,11-shutdown,13,6,0.7614
cold_storage,11-shutdown,14,6,0.77197
cold_storage,11-shutdown,15,7,0.79312
cold_storage,11-shutdown,16,7,0.82696
cold_storage,11-shutdown,17,8,0.8735
cold_storage,11-shutdown,18,8,0.89676
cold_storage,11-shutdown,19,9,0.89676
cold_storage,11-shutdown,20,9,0.89676
cold_storage,11-shutdown,21,10,0.89676
cold_storage,11-shutdown,22,10,0.89676
cold_storage,11-shutdown,23,11,0.89676
cold_storage,11-shutdown,24,11,0.89676
cold_storage,11-shutdown,25,12,0.89676
cold_storage,11-shutdown,26,12,0.89676
cold_storage,11-shutdown,27,13,0.89676
cold_storage,11-shutdown,28,13,0.89676
cold_storage,11-shutdown,29,14,0.89676
cold_storage,11-shutdown,30,14,0.89676
cold_storage,11-shutdown,31,15,0.89676
cold_storage,11-shutdown,32,15,0.89676
cold_storage,11-shutdown,33,16,0.89676
cold_storage,11-shutdown,34,16,0.89676
cold_storage,11-shutdown,35,17,0.89676
cold_storage,11-shutdown,36,17,0.88407
cold_storage,11-shutdown,37,18,0.85869
cold_storage,11-shutdown,38,18,0.83542
cold_storage,11-shutdown,39,19,0.81427
cold_storage,11-shutdown,40,19,0.79312
cold_storage,11-shutdown,41,20,0.77197
cold_storage,11-shutdown,42,20,0.7614
cold_storage,11-shutdown,43,21,0.7614
cold_storage,11-shutdown,44,21,0.7614
cold_storage,11-shutdown,45,22,0.7614
cold_storage,11-shutdown,46,22,0.7614
cold_storage,11-shutdown,47,23,0.7614
cold_storage,11-shutdown,48,23,0.7614
cold_storage,12-working,1,0,0.828
cold_storage,12-working,2,0,0.828
cold_storage,12-working,3,1,0.828
cold_storage,12-working,4,1,0.828
cold_storage,12-working,5,2,0.828
cold_storage,12-working,6,2,0.828
cold_storage,12-working,7,3,0.828
cold_storage,12-working,8,3,0.828
cold_storage,12-working,9,4,0.828
cold_storage,12-working,10,4,0.828
cold_storage,12-working,11,5,0.828
cold_storage,12-working,12,5,0.828
cold_storage,12-working,13,6,0.828
cold_storage,12-working,14,6,0.8395
cold_storage,12-working,15,7,0.8625
cold_storage,12-working,16,7,0.8993
cold_storage,12-working,17,8,0.9499
cold_storage,12-working,18,8,0.9752
cold_storage,12-working,19,9,0.9752
cold_storage,12-working,20,9,0.9752
cold_storage,12-working,21,10,0.9752
cold_storage,12-working,22,10,0.9752
cold_storage,12-working,23,11,0.9752
cold_storage,12-working,24,11,0.9752
cold_storage,12-working,25,12,0.9752
cold_storage,12-working,26,12,0.9752
cold_storage,12-working,27,13,0.9752
cold_storage,12-working,28,13,0.9752
cold_storage,12-working,29,14,0.9752
cold_storage,12-working,30,14,0.9752
cold_storage,12-working,31,15,0.9752
cold_storage,12-working,32,15,0.9752
cold_storage,12-working,33,16,0.9752
cold_storage,12-working,34,16,0.9752
cold_storage,12-working,35,17,0.9752
cold_storage,12-working,36,17,0.9614
cold_storage,12-working,37,18,0.9338
cold_storage,12-working,38,18,0.9085
cold_storage,12-working,39,19,0.8855
cold_storage,12-working,40,19,0.8625
cold_storage,12-working,41,20,0.8395
cold_storage,12-working,42,20,0.828
cold_storage,12-working,43,21,0.828
cold_storage,12-working,44,21,0.828
cold_storage,12-working,45,22,0.828
cold_storage,12-working,46,22,0.828
cold_storage,12-working,47,23,0.828
cold_storage,12-working,48,23,0.828
cold_storage,12-nonworking,1,0,0.79488
cold_storage,12-nonworking,2,0,0.79488
cold_storage,12-nonworking,3,1,0.79488
cold_storage,12-nonworking,4,1,0.79488
cold_storage,12-nonworking,5,2,0.79488
cold_storage,12-nonworking,6,2,0.79488
cold_storage,12-nonworking,7,3,0.79488
cold_storage,12-nonworking,8,3,0.79488
cold_storage,12-nonworking,9,4,0.79488
cold_storage,12-nonworking,10,4,0.79488
cold_storage,12-nonworking,11,5,0.79488
cold_storage,12-nonworking,12,5,0.79488
cold_storage,12-nonworking,13,6,0.79488
cold_storage,12-nonworking,14,6,0.80592
cold_storage,12-nonworking,15,7,0.828
cold_storage,12-nonworking,16,7,0.86333
cold_storage,12-nonworking,17,8,0.9119
cold_storage,12-nonworking,18,8,0.93619
cold_storage,12-nonworking,19,9,0.93619
cold_storage,12-nonworking,20,9,0.93619
cold_storage,12-nonworking,21,10,0.93619
cold_storage,12-nonworking,22,10,0.93619
cold_storage,12-nonworking,23,11,0.93619
cold_storage,12-nonworking,24,11,0.93619
cold_storage,12-nonworking,25,12,0.93619
cold_storage,12-nonworking,26,12,0.93619
cold_storage,12-nonworking,27,13,0.93619
cold_storage,12-nonworking,28,13,0.93619
cold_storage,12-nonworking,29,14,0.93619
cold_storage,12-nonworking,30,14,0.93619
cold_storage,12-nonworking,31,15,0.93619
cold_storage,12-nonworking,32,15,0.93619
cold_storage,12-nonworking,33,16,0.93619
cold_storage,12-nonworking,34,16,0.93619
cold_storage,12-nonworking,35,17,0.93619
cold_storage,12-nonworking,36,17,0.92294
cold_storage,12-nonworking,37,18,0.89645
cold_storage,12-nonworking,38,18,0.87216
cold_storage,12-nonworking,39,19,0.85008
cold_storage,12-nonworking,40,19,0.828
cold_storage,12-nonworking,41,20,0.80592
cold_storage,12-nonworking,42,20,0.79488
cold_storage,12-nonworking,43,21,0.79488
cold_storage,12-nonworking,44,21,0.79488
cold_storage,12-nonworking,45,22,0.79488
cold_storage,12-nonworking,46,22,0.79488
cold_storage,12-nonworking,47,23,0.79488
cold_storage,12-nonworking,48,23,0.79488
cold_storage,12-shutdown,1,0,0.7452
cold_storage,12-shutdown,2,0,0.7452
cold_storage,12-shutdown,3,1,0.7452
cold_storage,12-shutdown,4,1,0.7452
cold_storage,12-shutdown,5,2,0.7452
cold_storage,12-shutdown,6,2,0.7452
cold_storage,12-shutdown,7,3,0.7452
cold_storage,12-shutdown,8,3,0.7452
cold_storage,12-shutdown,9,4,0.7452
cold_storage,12-shutdown,10,4,0.7452
cold_storage,12-shutdown,11,5,0.7452
cold_storage,12-shutdown,12,5,0.7452
cold_storage,12-shutdown,13,6,0.7452
cold_storage,12-shutdown,14,6,0.75555
cold_storage,12-shutdown,15,7,0.77625
cold_storage,12-shutdown,16,7,0.80937
cold_storage,12-shutdown,17,8,0.85491
cold_storage,12-shutdown,18,8,0.87768
cold_storage,12-shutdown,19,9,0.87768
cold_storage,12-shutdown,20,9,0.87768
cold_storage,12-shutdown,21,10,0.87768
cold_storage,12-shutdown,22,10,0.87768
cold_storage,12-shutdown,23,11,0.87768
cold_storage,12-shutdown,24,11,0.87768
cold_storage,12-shutdown,25,12,0.87768
cold_storage,12-shutdown,26,12,0.87768
cold_storage,12-shutdown,27,13,0.87768
cold_storage,12-shutdown,28,13,0.87768
cold_storage,12-shutdown,29,14,0.87768
cold_storage,12-shutdown,30,14,0.87768
cold_storage,12-shutdown,31,15,0.87768
cold_storage,12-shutdown,32,15,0.87768
cold_storage,12-shutdown,33,16,0.87768
cold_storage,12-shutdown,34,16,0.87768
cold_storage,12-shutdown,35,17,0.87768
cold_storage,12-shutdown,36,17,0.86526
cold_storage,12-shutdown,37,18,0.84042
cold_storage,12-shutdown,38,18,0.81765
cold_storage,12-shutdown,39,19,0.79695
cold_storage,12-shutdown,40,19,0.77625
cold_storage,12-shutdown,41,20,0.75555
cold_storage,12-shutdown,42,20,0.7452
cold_storage,12-shutdown,43,21,0.7452
cold_storage,12-shutdown,44,21,0.7452
cold_storage,12-shutdown,45,22,0.7452
cold_storage,12-shutdown,46,22,0.7452
cold_storage,12-shutdown,47,23,0.7452
cold_storage,12-shutdown,48,23,0.7452
cold_storage,heat-working,1,0,1.062
cold_storage,heat-working,2,0,1.062
cold_storage,heat-working,3,1,1.062
cold_storage,heat-working,4,1,1.062
cold_storage,heat-working,5,2,1.062
cold_storage,heat-working,6,2,1.062
cold_storage,heat-working,7,3,1.062
cold_storage,heat-working,8,3,1.062
cold_storage,heat-working,9,4,1.062
cold_storage,heat-working,10,4,1.062
cold_storage,heat-working,11,5,1.062
cold_storage,heat-working,12,5,1.062
cold_storage,heat-working,13,6,1.062
cold_storage,heat-working,14,6,1.07675
cold_storage,heat-working,15,7,1.10625
cold_storage,heat-working,16,7,1.15345
cold_storage,heat-working,17,8,1.21835
cold_storage,heat-working,18,8,1.2508
cold_storage,heat-working,19,9,1.2508
cold_storage,heat-working,20,9,1.2508
cold_storage,heat-working,21,10,1.2508
cold_storage,heat-working,22,10,1.2508
cold_storage,heat-working,23,11,1.2508
cold_storage,heat-working,24,11,1.2508
cold_storage,heat-working,25,12,1.2508
cold_storage,heat-working,26,12,1.2508
cold_storage,heat-working,27,13,1.2508
cold_storage,heat-working,28,13,1.2508
cold_storage,heat-working,29,14,1.2508
cold_storage,heat-working,30,14,1.2508
cold_storage,heat-working,31,15,1.2508
cold_storage,heat-working,32,15,1.2508
cold_storage,heat-working,33,16,1.2508
cold_storage,heat-working,34,16,1.2508
cold_storage,heat-working,35,17,1.2508
cold_storage,heat-working,36,17,1.2331
cold_storage,heat-working,37,18,1.1977
cold_storage,heat-working,38,18,1.16525
cold_storage,heat-working,39,19,1.13575
cold_storage,heat-working,40,19,1.10625
cold_storage,heat-working,41,20,1.07675
cold_storage,heat-working,42,20,1.062
cold_storage,heat-working,43,21,1.062
cold_storage,heat-working,44,21,1.062
cold_storage,heat-working,45,22,1.062
cold_storage,heat-working,46,22,1.062
cold_storage,heat-working,47,23,1.062
cold_storage,heat-working,48,23,1.062
cold_storage,cold-working,1,0,0.81
cold_storage,cold-working,2,0,0.81
cold_storage,cold-working,3,1,0.81
cold_storage,cold-working,4,1,0.81
cold_storage,cold-working,5,2,0.81
cold_storage,cold-working,6,2,0.81
cold_storage,cold-working,7,3,0.81
cold_storage,cold-working,8,3,0.81
cold_storage,cold-working,9,4,0.81
cold_storage,cold-working,10,4,0.81
cold_storage,cold-working,11,5,0.81
cold_storage,cold-working,12,5,0.81
cold_storage,cold-working,13,6,0.81
cold_storage,cold-working,14,6,0.82125
cold_storage,cold-working,15,7,0.84375
cold_storage,cold-working,16,7,0.87975
cold_storage,cold-working,17,8,0.92925
cold_storage,cold-working,18,8,0.954
cold_storage,cold-working,19,9,0.954
cold_storage,cold-working,20,9,0.954
cold_storage,cold-working,21,10,0.954
cold_storage,cold-working,22,10,0.954
cold_storage,cold-working,23,11,0.954
cold_storage,cold-working,24,11,0.954
cold_storage,cold-working,25,12,0.954
cold_storage,cold-working,26,12,0.954
cold_storage,cold-working,27,13,0.954
cold_storage,cold-working,28,13,0.954
cold_storage,cold-working,29,14,0.954
cold_storage,cold-working,30,14,0.954
cold_storage,cold-working,31,15,0.954
cold_storage,cold-working,32,15,0.954
cold_storage,cold-working,33,16,0.954
cold_storage,cold-working,34,16,0.954
cold_storage,cold-working,35,17,0.954
cold_storage,cold-working,36,17,0.9405
cold_storage,cold-working,37,18,0.9135
cold_storage,cold-working,38,18,0.88875
cold_storage,cold-working,39,19,0.86625
cold_storage,cold-working,40,19,0.84375
cold_storage,cold-working,41,20,0.82125
cold_storage,cold-working,42,20,0.81
cold_storage,cold-working,43,21,0.81
cold_storage,cold-working,44,21,0.81
cold_storage,cold-working,45,22,0.81
cold_storage,cold-working,46,22,0.81
cold_storage,cold-working,47,23,0.81
cold_storage,cold-working,48,23,0.81
office,01-working,1,0,0.2805
office,01-working,2,0,0.275
office,01-working,3,1,0.275
office,01-working,4,1,0.275
office,01-working,5,2,0.275
office,01-working,6,2,0.275
office,01-working,7,3,0.275
office,01-working,8,3,0.275
office,01-working,9,4,0.275
office,01-working,10,4,0.275
office,01-working,11,5,0.275
office,01-working,12,5,0.28875
office,01-working,13,6,0.31625
office,01-working,14,6,0.37125
office,01-working,15,7,0.45375
office,01-working,16,7,0.59125
office,01-working,17,8,0.78375
office,01-working,18,8,0.935
office,01-working,19,9,1.045
office,01-working,20,9,1.1
office,01-working,21,10,1.1
office,01-working,22,10,1.1
office,01-working,23,11,1.1
office,01-working,24,11,1.08625
office,01-working,25,12,1.05875
office,01-working,26,12,1.05875
office,01-working,27,13,1.08625
office,01-working,28,13,1.1
office,01-working,29,14,1.1
office,01-working,30,14,1.1
office,01-working,31,15,1.1
office,01-working,32,15,1.1
office,01-working,33,16,1.1
office,01-working,34,16,1.08625
office,01-working,35,17,1.05875
office,01-working,36,17,1.0175
office,01-working,37,18,0.9625
office,01-working,38,18,0.89375
office,01-working,39,19,0.81125
office,01-working,40,19,0.72875
office,01-working,41,20,0.64625
office,01-working,42,20,0.56375
office,01-working,43,21,0.48125
office,01-working,44,21,0.4125
office,01-working,45,22,0.3575
office,01-working,46,22,0.32175
office,01-working,47,23,0.30525
office,01-working,48,23,0.2915
office,01-nonworking,1,0,0.33
office,01-nonworking,2,0,0.33
office,01-nonworking,3,1,0.33
office,01-nonworking,4,1,0.33
office,01-nonworking,5,2,0.33
office,01-nonworking,6,2,0.33
office,01-nonworking,7,3,0.33
office,01-nonworking,8,3,0.33
office,01-nonworking,9,4,0.33
office,01-nonworking,10,4,0.33
office,01-nonworking,11,5,0.33
office,01-nonworking,12,5,0.33
office,01-nonworking,13,6,0.33
office,01-nonworking,14,6,0.33
office,01-nonworking,15,7,0.33
office,01-nonworking,16,7,0.33
office,01-nonworking,17,8,0.33
office,01-nonworking,18,8,0.33
office,01-nonworking,19,9,0.33
office,01-nonworking,20,9,0.33
office,01-nonworking,21,10,0.33
office,01-nonworking,22,10,0.33
office,01-nonworking,23,11,0.33
office,01-nonworking,24,11,0.33
office,01-nonworking,25,12,0.33
office,01-nonworking,26,12,0.33
office,01-nonworking,27,13,0.33
office,01-nonworking,28,13,0.33
office,01-nonworking,29,14,0.33
office,01-nonworking,30,14,0.33
office,01-nonworking,31,15,0.33
office,01-nonworking,32,15,0.33
office,01-nonworking,33,16,0.33
office,01-nonworking,34,16,0.33
office,01-nonworking,35,17,0.33
office,01-nonworking,36,17,0.33
office,01-nonworking,37,18,0.33
office,01-nonworking,38,18,0.33
office,01-nonworking,39,19,0.33
office,01-nonworking,40,19,0.33
office,01-nonworking,41,20,0.33
office,01-nonworking,42,20,0.33
office,01-nonworking,43,21,0.33
office,01-nonworking,44,21,0.33
office,01-nonworking,45,22,0.33
office,01-nonworking,46,22,0.33
office,01-nonworking,47,23,0.33
office,01-nonworking,48,23,0.33
office,01-shutdown,1,0,0.275
office,01-shutdown,2,0,0.275
office,01-shutdown,3,1,0.275
office,01-shutdown,4,1,0.275
office,01-shutdown,5,2,0.275
office,01-shutdown,6,2,0.275
office,01-shutdown,7,3,0.275
office,01-shutdown,8,3,0.275
office,01-shutdown,9,4,0.275
office,01-shutdown,10,4,0.275
office,01-shutdown,11,5,0.275
office,01-shutdown,12,5,0.275
office,01-shutdown,13,6,0.275
office,01-shutdown,14,6,0.275
office,01-shutdown,15,7,0.275
office,01-shutdown,16,7,0.275
office,01-shutdown,17,8,0.275
office,01-shutdown,18,8,0.275
office,01-shutdown,19,9,0.275
office,01-shutdown,20,9,0.275
office,01-shutdown,21,10,0.275
office,01-shutdown,22,10,0.275
office,01-shutdown,23,11,0.275
office,01-shutdown,24,11,0.275
office,01-shutdown,25,12,0.275
office,01-shutdown,26,12,0.275
office,01-shutdown,27,13,0.275
office,01-shutdown,28,13,0.275
office,01-shutdown,29,14,0.275
office,01-shutdown,30,14,0.275
office,01-shutdown,31,15,0.275
office,01-shutdown,32,15,0.275
office,01-shutdown,33,16,0.275
office,01-shutdown,34,16,0.275
office,01-shutdown,35,17,0.275
office,01-shutdown,36,17,0.275
office,01-shutdown,37,18,0.275
office,01-shutdown,38,18,0.275
office,01-shutdown,39,19,0.275
office,01-shutdown,40,19,0.275
office,01-shutdown,41,20,0.275
office,01-shutdown,42,20,0.275
office,01-shutdown,43,21,0.275
office,01-shutdown,44,21,0.275
office,01-shutdown,45,22,0.275
office,01-shutdown,46,22,0.275
office,01-shutdown,47,23,0.275
office,01-shutdown,48,23,0.275
office,02-working,1,0,0.2754
office,02-working,2,0,0.27
office,02-working,3,1,0.27
office,02-working,4,1,0.27
office,02-working,5,2,0.27
office,02-working,6,2,0.27
office,02-working,7,3,0.27
office,02-working,8,3,0.27
office,02-working,9,4,0.27
office,02-working,10,4,0.27
office,02-working,11,5,0.27
office,02-working,12,5,0.2835
office,02-working,13,6,0.3105
office,02-working,14,6,0.3645
office,02-working,15,7,0.4455
office,02-working,16,7,0.5805
office,02-working,17,8,0.7695
office,02-working,18,8,0.918
office,02-working,19,9,1.026
office,02-working,20,9,1.08
office,02-working,21,10,1.08
office,02-working,22,10,1.08
office,02-working,23,11,1.08
office,02-working,24,11,1.0665
office,02-working,25,12,1.0395
office,02-working,26,12,1.0395
office,02-working,27,13,1.0665
office,02-working,28,13,1.08
office,02-working,29,14,1.08
office,02-working,30,14,1.08
office,02-working,31,15,1.08
office,02-working,32,15,1.08
office,02-working,33,16,1.08
office,02-working,34,16,1.0665
office,02-working,35,17,1.0395
office,02-working,36,17,0.999
office,02-working,37,18,0.945
office,02-working,38,18,0.8775
office,02-working,39,19,0.7965
office,02-working,40,19,0.7155
office,02-working,41,20,0.6345
office,02-working,42,20,0.5535
office,02-working,43,21,0.4725
office,02-working,44,21,0.405
office,02-working,45,22,0.351
office,02-working,46,22,0.3159
office,02-working,47,23,0.2997
office,02-working,48,23,0.2862
office,02-nonworking,1,0,0.324
office,02-nonworking,2,0,0.324
office,02-nonworking,3,1,0.324
office,02-nonworking,4,1,0.324
office,02-nonworking,5,2,0.324
office,02-nonworking,6,2,0.324
office,02-nonworking,7,3,0.324
office,02-nonworking,8,3,0.324
office,02-nonworking,9,4,0.324
office,02-nonworking,10,4,0.324
office,02-nonworking,11,5,0.324
office,02-nonworking,12,5,0.324
office,02-nonworking,13,6,0.324
office,02-nonworking,14,6,0.324
office,02-nonworking,15,7,0.324
office,02-nonworking,16,7,0.324
office,02-nonworking,17,8,0.324
office,02-nonworking,18,8,0.324
office,02-nonworking,19,9,0.324
office,02-nonworking,20,9,0.324
office,02-nonworking,21,10,0.324
office,02-nonworking,22,10,0.324
office,02-nonworking,23,11,0.324
office,02-nonworking,24,11,0.324
office,02-nonworking,25,12,0.324
office,02-nonworking,26,12,0.324
office,02-nonworking,27,13,0.324
office,02-nonworking,28,13,0.324
office,02-nonworking,29,14,0.324
office,02-nonworking,30,14,0.324
office,02-nonworking,31,15,0.324
office,02-nonworking,32,15,0.324
office,02-nonworking,33,16,0.324
office,02-nonworking,34,16,0.324
office,02-nonworking,35,17,0.324
office,02-nonworking,36,17,0.324
office,02-nonworking,37,18,0.324
office,02-nonworking,38,18,0.324
office,02-nonworking,39,19,0.324
office,02-nonworking,40,19,0.324
office,02-nonworking,41,20,0.324
office,02-nonworking,42,20,0.324
office,02-nonworking,43,21,0.324
office,02-nonworking,44,21,0.324
office,02-nonworking,45,22,0.324
office,02-nonworking,46,22,0.324
office,02-nonworking,47,23,0.324
office,02-nonworking,48,23,0.324
office,02-shutdown,1,0,0.27
office,02-shutdown,2,0,0.27
office,02-shutdown,3,1,0.27
office,02-shutdown,4,1,0.27
office,02-shutdown,5,2,0.27
office,02-shutdown,6,2,0.27
office,02-shutdown,7,3,0.27
office,02-shutdown,8,3,0.27
office,02-shutdown,9,4,0.27
office,02-shutdown,10,4,0.27
office,02-shutdown,11,5,0.27
office,02-shutdown,12,5,0.27
office,02-shutdown,13,6,0.27
office,02-shutdown,14,6,0.27
office,02-shutdown,15,7,0.27
office,02-shutdown,16,7,0.27
office,02-shutdown,17,8,0.27
office,02-shutdown,18,8,0.27
office,02-shutdown,19,9,0.27
office,02-shutdown,20,9,0.27
office,02-shutdown,21,10,0.27
office,02-shutdown,22,10,0.27
office,02-shutdown,23,11,0.27
office,02-shutdown,24,11,0.27
office,02-shutdown,25,12,0.27
office,02-shutdown,26,12,0.27
office,02-shutdown,27,13,0.27
office,02-shutdown,28,13,0.27
office,02-shutdown,29,14,0.27
office,02-shutdown,30,14,0.27
office,02-shutdown,31,15,0.27
office,02-shutdown,32,15,0.27
office,02-shutdown,33,16,0.27
office,02-shutdown,34,16,0.27
office,02-shutdown,35,17,0.27
office,02-shutdown,36,17,0.27
office,02-shutdown,37,18,0.27
office,02-shutdown,38,18,0.27
office,02-shutdown,39,19,0.27
office,02-shutdown,40,19,0.27
office,02-shutdown,41,20,0.27
office,02-shutdown,42,20,0.27
office,02-shutdown,43,21,0.27
office,02-shutdown,44,21,0.27
office,02-shutdown,45,22,0.27
office,02-shutdown,46,22,0.27
office,02-shutdown,47,23,0.27
office,02-shutdown,48,23,0.27
office,03-working,1,0,0.2499
office,03-working,2,0,0.245
office,03-working,3,1,0.245
office,03-working,4,1,0.245
office,03-working,5,2,0.245
office,03-working,6,2,0.245
office,03-working,7,3,0.245
office,03-working,8,3,0.245
office,03-working,9,4,0.245
office,03-working,10,4,0.245
office,03-working,11,5,0.245
office,03-working,12,5,0.25725
office,03-working,13,6,0.28175
office,03-working,14,6,0.33075
office,03-working,15,7,0.40425
office,03-working,16,7,0.52675
office,03-working,17,8,0.69825
office,03-working,18,8,0.833
office,03-working,19,9,0.931
office,03-working,20,9,0.98
office,03-working,21,10,0.98
office,03-working,22,10,0.98
office,03-working,23,11,0.98
office,03-working,24,11,0.96775
office,03-working,25,12,0.94325
office,03-working,26,12,0.94325
office,03-working,27,13,0.96775
office,03-working,28,13,0.98
office,03-working,29,14,0.98
office,03-working,30,14,0.98
office,03-working,31,15,0.98
office,03-working,32,15,0.98
office,03-working,33,16,0.98
office,03-working,34,16,0.96775
office,03-working,35,17,0.94325
office,03-working,36,17,0.9065
office,03-working,37,18,0.8575
office,03-working,38,18,0.79625
office,03-working,39,19,0.72275
office,03-working,40,19,0.64925
office,03-working,41,20,0.57575
office,03-working,42,20,0.50225
office,03-working,43,21,0.42875
office,03-working,44,21,0.3675
office,03-working,45,22,0.3185
office,03-working,46,22,0.28665
office,03-working,47,23,0.27195
office,03-working,48,23,0.2597
office,03-nonworking,1,0,0.294
office,03-nonworking,2,0,0.294
office,03-nonworking,3,1,0.294
office,03-nonworking,4,1,0.294
office,03-nonworking,5,2,0.294
office,03-nonworking,6,2,0.294
office,03-nonworking,7,3,0.294
office,03-nonworking,8,3,0.294
office,03-nonworking,9,4,0.294
office,03-nonworking,10,4,0.294
office,03-nonworking,11,5,0.294
office,03-nonworking,12,5,0.294
office,03-nonworking,13,6,0.294
office,03-nonworking,14,6,0.294
office,03-nonworking,15,7,0.294
office,03-nonworking,16,7,0.294
office,03-nonworking,17,8,0.294
office,03-nonworking,18,8,0.294
office,03-nonworking,19,9,0.294
office,03-nonworking,20,9,0.294
office,03-nonworking,21,10,0.294
office,03-nonworking,22,10,0.294
office,03-nonworking,23,11,0.294
office,03-nonworking,24,11,0.294
office,03-nonworking,25,12,0.294
office,03-nonworking,26,12,0.294
office,03-nonworking,27,13,0.294
office,03-nonworking,28,13,0.294
office,03-nonworking,29,14,0.294
office,03-nonworking,30,14,0.294
office,03-nonworking,31,15,0.294
office,03-nonworking,32,15,0.294
office,03-nonworking,33,16,0.294
office,03-nonworking,34,16,0.294
office,03-nonworking,35,17,0.294
office,03-nonworking,36,17,0.294
office,03-nonworking,37,18,0.294
office,03-nonworking,38,18,0.294
office,03-nonworking,39,19,0.294
office,03-nonworking,40,19,0.294
office,03-nonworking,41,20,0.294
office,03-nonworking,42,20,0.294
office,03-nonworking,43,21,0.294
office,03-nonworking,44,21,0.294
office,03-nonworking,45,22,0.294
office,03-nonworking,46,22,0.294
office,03-nonworking,47,23,0.294
office,03-nonworking,48,23,0.294
office,03-shutdown,1,0,0.245
office,03-shutdown,2,0,0.245
office,03-shutdown,3,1,0.245
office,03-shutdown,4,1,0.245
office,03-shutdown,5,2,0.245
office,03-shutdown,6,2,0.245
office,03-shutdown,7,3,0.245
office,03-shutdown,8,3,0.245
office,03-shutdown,9,4,0.245
office,03-shutdown,10,4,0.245
office,03-shutdown,11,5,0.245
office,03-shutdown,12,5,0.245
office,03-shutdown,13,6,0.245
office,03-shutdown,14,6,0.245
office,03-shutdown,15,7,0.245
office,03-shutdown,16,7,0.245
office,03-shutdown,17,8,0.245
office,03-shutdown,18,8,0.245
office,03-shutdown,19,9,0.245
office,03-shutdown,20,9,0.245
office,03-shutdown,21,10,0.245
office,03-shutdown,22,10,0.245
office,03-shutdown,23,11,0.245
office,03-shutdown,24,11,0.245
office,03-shutdown,25,12,0.245
office,03-shutdown,26,12,0.245
office,03-shutdown,27,13,0.245
office,03-shutdown,28,13,0.245
office,03-shutdown,29,14,0.245
office,03-shutdown,30,14,0.245
office,03-shutdown,31,15,0.245
office,03-shutdown,32,15,0.245
office,03-shutdown,33,16,0.245
office,03-shutdown,34,16,0.245
office,03-shutdown,35,17,0.245
office,03-shutdown,36,17,0.245
office,03-shutdown,37,18,0.245
office,03-shutdown,38,18,0.245
office,03-shutdown,39,19,0.245
office,03-shutdown,40,19,0.245
office,03-shutdown,41,20,0.245
office,03-shutdown,42,20,0.245
office,03-shutdown,43,21,0.245
office,03-shutdown,44,21,0.245
office,03-shutdown,45,22,0.245
office,03-shutdown,46,22,0.245
office,03-shutdown,47,23,0.245
office,03-shutdown,48,23,0.245
office,04-working,1,0,0.2346
office,04-working,2,0,0.23
office,04-working,3,1,0.23
office,04-working,4,1,0.23
office,04-working,5,2,0.23
office,04-working,6,2,0.23
office,04-working,7,3,0.23
office,04-working,8,3,0.23
office,04-working,9,4,0.23
office,04-working,10,4,0.23
office,04-working,11,5,0.23
office,04-working,12,5,0.2415
office,04-working,13,6,0.2645
office,04-working,14,6,0.3105
office,04-working,15,7,0.3795
office,04-working,16,7,0.4945
office,04-working,17,8,0.6555
office,04-working,18,8,0.782
office,04-working,19,9,0.874
office,04-working,20,9,0.92
office,04-working,21,10,0.92
office,04-working,22,10,0.92
office,04-working,23,11,0.92
office,04-working,24,11,0.9085
office,04-working,25,12,0.8855
office,04-working,26,12,0.8855
office,04-working,27,13,0.9085
office,04-working,28,13,0.92
office,04-working,29,14,0.92
office,04-working,30,14,0.92
office,04-working,31,15,0.92
office,04-working,32,15,0.92
office,04-working,33,16,0.92
office,04-working,34,16,0.9085
office,04-working,35,17,0.8855
office,04-working,36,17,0.851
office,04-working,37,18,0.805
office,04-working,38,18,0.7475
office,04-working,39,19,0.6785
office,04-working,40,19,0.6095
office,04-working,41,20,0.5405
office,04-working,42,20,0.4715
office,04-working,43,21,0.4025
office,04-working,44,21,0.345
office,04-working,45,22,0.299
office,04-working,46,22,0.2691
office,04-working,47,23,0.2553
office,04-working,48,23,0.2438
office,04-nonworking,1,0,0.276
office,04-nonworking,2,0,0.276
office,04-nonworking,3,1,0.276
office,04-nonworking,4,1,0.276
office,04-nonworking,5,2,0.276
office,04-nonworking,6,2,0.276
office,04-nonworking,7,3,0.276
office,04-nonworking,8,3,0.276
office,04-nonworking,9,4,0.276
office,04-nonworking,10,4,0.276
office,04-nonworking,11,5,0.276
office,04-nonworking,12,5,0.276
office,04-nonworking,13,6,0.276
office,04-nonworking,14,6,0.276
office,04-nonworking,15,7,0.276
office,04-nonworking,16,7,0.276
office,04-nonworking,17,8,0.276
office,04-nonworking,18,8,0.276
office,04-nonworking,19,9,0.276
office,04-nonworking,20,9,0.276
office,04-nonworking,21,10,0.276
office,04-nonworking,22,10,0.276
office,04-nonworking,23,11,0.276
office,04-nonworking,24,11,0.276
office,04-nonworking,25,12,0.276
office,04-nonworking,26,12,0.276
office,04-nonworking,27,13,0.276
office,04-nonworking,28,13,0.276
office,04-nonworking,29,14,0.276
office,04-nonworking,30,14,0.276
office,04-nonworking,31,15,0.276
office,04-nonworking,32,15,0.276
office,04-nonworking,33,16,0.276
office,04-nonworking,34,16,0.276
office,04-nonworking,35,17,0.276
office,04-nonworking,36,17,0.276
office,04-nonworking,37,18,0.276
office,04-nonworking,38,18,0.276
office,04-nonworking,39,19,0.276
office,04-nonworking,40,19,0.276
office,04-nonworking,41,20,0.276
office,04-nonworking,42,20,0.276
office,04-nonworking,43,21,0.276
office,04-nonworking,44,21,0.276
office,04-nonworking,45,22,0.276
office,04-nonworking,46,22,0.276
office,04-nonworking,47,23,0.276
office,04-nonworking,48,23,0.276
office,04-shutdown,1,0,0.23
office,04-shutdown,2,0,0.23
office,04-shutdown,3,1,0.23
office,04-shutdown,4,1,0.23
office,04-shutdown,5,2,0.23
office,04-shutdown,6,2,0.23
office,04-shutdown,7,3,0.23
office,04-shutdown,8,3,0.23
office,04-shutdown,9,4,0.23
office,04-shutdown,10,4,0.23
office,04-shutdown,11,5,0.23
office,04-shutdown,12,5,0.23
office,04-shutdown,13,6,0.23
office,04-shutdown,14,6,0.23
office,04-shutdown,15,7,0.23
office,04-shutdown,16,7,0.23
office,04-shutdown,17,8,0.23
office,04-shutdown,18,8,0.23
office,04-shutdown,19,9,0.23
office,04-shutdown,20,9,0.23
office,04-shutdown,21,10,0.23
office,04-shutdown,22,10,0.23
office,04-shutdown,23,11,0.23
office,04-shutdown,24,11,0.23
office,04-shutdown,25,12,0.23
office,04-shutdown,26,12,0.23
office,04-shutdown,27,13,0.23
office,04-shutdown,28,13,0.23
office,04-shutdown,29,14,0.23
office,04-shutdown,30,14,0.23
office,04-shutdown,31,15,0.23
office,04-shutdown,32,15,0.23
office,04-shutdown,33,16,0.23
office,04-shutdown,34,16,0.23
office,04-shutdown,35,17,0.23
office,04-shutdown,36,17,0.23
office,04-shutdown,37,18,0.23
office,04-shutdown,38,18,0.23
office,04-shutdown,39,19,0.23
office,04-shutdown,40,19,0.23
office,04-shutdown,41,20,0.23
office,04-shutdown,42,20,0.23
office,04-shutdown,43,21,0.23
office,04-shutdown,44,21,0.23
office,04-shutdown,45,22,0.23
office,04-shutdown,46,22,0.23
office,04-shutdown,47,23,0.23
office,04-shutdown,48,23,0.23
office,05-working,1,0,0.2346
office,05-working,2,0,0.23
office,05-working,3,1,0.23
office,05-working,4,1,0.23
office,05-working,5,2,0.23
office,05-working,6,2,0.23
office,05-working,7,3,0.23
office,05-working,8,3,0.23
office,05-working,9,4,0.23
office,05-working,10,4,0.23
office,05-working,11,5,0.23
office,05-working,12,5,0.2415
office,05-working,13,6,0.2645
office,05-working,14,6,0.3105
office,05-working,15,7,0.3795
office,05-working,16,7,0.4945
office,05-working,17,8,0.6555
office,05-working,18,8,0.782
office,05-working,19,9,0.874
office,05-working,20,9,0.92
office,05-working,21,10,0.92
office,05-working,22,10,0.92
office,05-working,23,11,0.92
office,05-working,24,11,0.9085
office,05-working,25,12,0.8855
office,05-working,26,12,0.8855
office,05-working,27,13,0.9085
office,05-working,28,13,0.92
office,05-working,29,14,0.92
office,05-working,30,14,0.92
office,05-working,31,15,0.92
office,05-working,32,15,0.92
office,05-working,33,16,0.92
office,05-working,34,16,0.9085
office,05-working,35,17,0.8855
office,05-working,36,17,0.851
office,05-working,37,18,0.805
office,05-working,38,18,0.7475
office,05-working,39,19,0.6785
office,05-working,40,19,0.6095
office,05-working,41,20,0.5405
office,05-working,42,20,0.4715
office,05-working,43,21,0.4025
office,05-working,44,21,0.345
office,05-working,45,22,0.299
office,05-working,46,22,0.2691
office,05-working,47,23,0.2553
office,05-working,48,23,0.2438
office,05-nonworking,1,0,0.276
office,05-nonworking,2,0,0.276
office,05-nonworking,3,1,0.276
office,05-nonworking,4,1,0.276
office,05-nonworking,5,2,0.276
office,05-nonworking,6,2,0.276
office,05-nonworking,7,3,0.276
office,05-nonworking,8,3,0.276
office,05-nonworking,9,4,0.276
office,05-nonworking,10,4,0.276
office,05-nonworking,11,5,0.276
office,05-nonworking,12,5,0.276
office,05-nonworking,13,6,0.276
office,05-nonworking,14,6,0.276
office,05-nonworking,15,7,0.276
office,05-nonworking,16,7,0.276
office,05-nonworking,17,8,0.276
office,05-nonworking,18,8,0.276
office,05-nonworking,19,9,0.276
office,05-nonworking,20,9,0.276
office,05-nonworking,21,10,0.276
office,05-nonworking,22,10,0.276
office,05-nonworking,23,11,0.276
office,05-nonworking,24,11,0.276
office,05-nonworking,25,12,0.276
office,05-nonworking,26,12,0.276
office,05-nonworking,27,13,0.276
office,05-nonworking,28,13,0.276
office,05-nonworking,29,14,0.276
office,05-nonworking,30,14,0.276
office,05-nonworking,31,15,0.276
office,05-nonworking,32,15,0.276
office,05-nonworking,33,16,0.276
office,05-nonworking,34,16,0.276
office,05-nonworking,35,17,0.276
office,05-nonworking,36,17,0.276
office,05-nonworking,37,18,0.276
office,05-nonworking,38,18,0.276
office,05-nonworking,39,19,0.276
office,05-nonworking,40,19,0.276
office,05-nonworking,41,20,0.276
office,05-nonworking,42,20,0.276
office,05-nonworking,43,21,0.276
office,05-nonworking,44,21,0.276
office,05-nonworking,45,22,0.276
office,05-nonworking,46,22,0.276
office,05-nonworking,47,23,0.276
office,05-nonworking,48,23,0.276
office,05-shutdown,1,0,0.23
office,05-shutdown,2,0,0.23
office,05-shutdown,3,1,0.23
office,05-shutdown,4,1,0.23
office,05-shutdown,5,2,0.23
office,05-shutdown,6,2,0.23
office,05-shutdown,7,3,0.23
office,05-shutdown,8,3,0.23
office,05-shutdown,9,4,0.23
office,05-shutdown,10,4,0.23
office,05-shutdown,11,5,0.23
office,05-shutdown,12,5,0.23
office,05-shutdown,13,6,0.23
office,05-shutdown,14,6,0.23
office,05-shutdown,15,7,0.23
office,05-shutdown,16,7,0.23
office,05-shutdown,17,8,0.23
office,05-shutdown,18,8,0.23
office,05-shutdown,19,9,0.23
office,05-shutdown,20,9,0.23
office,05-shutdown,21,10,0.23
office,05-shutdown,22,10,0.23
office,05-shutdown,23,11,0.23
office,05-shutdown,24,11,0.23
office,05-shutdown,25,12,0.23
office,05-shutdown,26,12,0.23
office,05-shutdown,27,13,0.23
office,05-shutdown,28,13,0.23
office,05-shutdown,29,14,0.23
office,05-shutdown,30,14,0.23
office,05-shutdown,31,15,0.23
office,05-shutdown,32,15,0.23
office,05-shutdown,33,16,0.23
office,05-shutdown,34,16,0.23
office,05-shutdown,35,17,0.23
office,05-shutdown,36,17,0.23
office,05-shutdown,37,18,0.23
office,05-shutdown,38,18,0.23
office,05-shutdown,39,19,0.23
office,05-shutdown,40,19,0.23
office,05-shutdown,41,20,0.23
office,05-shutdown,42,20,0.23
office,05-shutdown,43,21,0.23
office,05-shutdown,44,21,0.23
office,05-shutdown,45,22,0.23
office,05-shutdown,46,22,0.23
office,05-shutdown,47,23,0.23
office,05-shutdown,48,23,0.23
office,06-working,1,0,0.2601
office,06-working,2,0,0.255
office,06-working,3,1,0.255
office,06-working,4,1,0.255
office,06-working,5,2,0.255
office,06-working,6,2,0.255
office,06-working,7,3,0.255
office,06-working,8,3,0.255
office,06-working,9,4,0.255
office,06-working,10,4,0.255
office,06-working,11,5,0.255
office,06-working,12,5,0.26775
office,06-working,13,6,0.29325
office,06-working,14,6,0.34425
office,06-working,15,7,0.42075
office,06-working,16,7,0.54825
office,06-working,17,8,0.72675
office,06-working,18,8,0.867
office,06-working,19,9,0.969
office,06-working,20,9,1.02
office,06-working,21,10,1.02
office,06-working,22,10,1.02
office,06-working,23,11,1.02
office,06-working,24,11,1.00725
office,06-working,25,12,0.98175
office,06-working,26,12,0.98175
office,06-working,27,13,1.00725
office,06-working,28,13,1.02
office,06-working,29,14,1.02
office,06-working,30,14,1.02
office,06-working,31,15,1.02
office,06-working,32,15,1.02
office,06-working,33,16,1.02
office,06-working,34,16,1.00725
office,06-working,35,17,0.98175
office,06-working,36,17,0.9435
office,06-working,37,18,0.8925
office,06-working,38,18,0.82875
office,06-working,39,19,0.75225
office,06-working,40,19,0.67575
office,06-working,41,20,0.59925
office,06-working,42,20,0.52275
office,06-working,43,21,0.44625
office,06-working,44,21,0.3825
office,06-working,45,22,0.3315
office,06-working,46,22,0.29835
office,06-working,47,23,0.28305
office,06-working,48,23,0.2703
office,06-nonworking,1,0,0.306
office,06-nonworking,2,0,0.306
office,06-nonworking,3,1,0.306
office,06-nonworking,4,1,0.306
office,06-nonworking,5,2,0.306
office,06-nonworking,6,2,0.306
office,06-nonworking,7,3,0.306
office,06-nonworking,8,3,0.306
office,06-nonworking,9,4,0.306
office,06-nonworking,10,4,0.306
office,06-nonworking,11,5,0.306
office,06-nonworking,12,5,0.306
office,06-nonworking,13,6,0.306
office,06-nonworking,14,6,0.306
office,06-nonworking,15,7,0.306
office,06-nonworking,16,7,0.306
office,06-nonworking,17,8,0.306
office,06-nonworking,18,8,0.306
office,06-nonworking,19,9,0.306
office,06-nonworking,20,9,0.306
office,06-nonworking,21,10,0.306
office,06-nonworking,22,10,0.306
office,06-nonworking,23,11,0.306
office,06-nonworking,24,11,0.306
office,06-nonworking,25,12,0.306
office,06-nonworking,26,12,0.306
office,06-nonworking,27,13,0.306
office,06-nonworking,28,13,0.306
office,06-nonworking,29,14,0.306
office,06-nonworking,30,14,0.306
office,06-nonworking,31,15,0.306
office,06-nonworking,32,15,0.306
office,06-nonworking,33,16,0.306
office,06-nonworking,34,16,0.306
office,06-nonworking,35,17,0.306
office,06-nonworking,36,17,0.306
office,06-nonworking,37,18,0.306
office,06-nonworking,38,18,0.306
office,06-nonworking,39,19,0.306
office,06-nonworking,40,19,0.306
office,06-nonworking,41,20,0.306
office,06-nonworking,42,20,0.306
office,06-nonworking,43,21,0.306
office,06-nonworking,44,21,0.306
office,06-nonworking,45,22,0.306
office,06-nonworking,46,22,0.306
office,06-nonworking,47,23,0.306
office,06-nonworking,48,23,0.306
office,06-shutdown,1,0,0.255
office,06-shutdown,2,0,0.255
office,06-shutdown,3,1,0.255
office,06-shutdown,4,1,0.255
office,06-shutdown,5,2,0.255
office,06-shutdown,6,2,0.255
office,06-shutdown,7,3,0.255
office,06-shutdown,8,3,0.255
office,06-shutdown,9,4,0.255
office,06-shutdown,10,4,0.255
office,06-shutdown,11,5,0.255
office,06-shutdown,12,5,0.255
office,06-shutdown,13,6,0.255
office,06-shutdown,14,6,0.255
office,06-shutdown,15,7,0.255
office,06-shutdown,16,7,0.255
office,06-shutdown,17,8,0.255
office,06-shutdown,18,8,0.255
office,06-shutdown,19,9,0.255
office,06-shutdown,20,9,0.255
office,06-shutdown,21,10,0.255
office,06-shutdown,22,10,0.255
office,06-shutdown,23,11,0.255
office,06-shutdown,24,11,0.255
office,06-shutdown,25,12,0.255
office,06-shutdown,26,12,0.255
office,06-shutdown,27,13,0.255
office,06-shutdown,28,13,0.255
office,06-shutdown,29,14,0.255
office,06-shutdown,30,14,0.255
office,06-shutdown,31,15,0.255
office,06-shutdown,32,15,0.255
office,06-shutdown,33,16,0.255
office,06-shutdown,34,16,0.255
office,06-shutdown,35,17,0.255
office,06-shutdown,36,17,0.255
office,06-shutdown,37,18,0.255
office,06-shutdown,38,18,0.255
office,06-shutdown,39,19,0.255
office,06-shutdown,40,19,0.255
office,06-shutdown,41,20,0.255
office,06-shutdown,42,20,0.255
office,06-shutdown,43,21,0.255
office,06-shutdown,44,21,0.255
office,06-shutdown,45,22,0.255
office,06-shutdown,46,22,0.255
office,06-shutdown,47,23,0.255
office,06-shutdown,48,23,0.255
office,07-working,1,0,0.306
office,07-working,2,0,0.3
office,07-working,3,1,0.3
office,07-working,4,1,0.3
office,07-working,5,2,0.3
office,07-working,6,2,0.3
office,07-working,7,3,0.3
office,07-working,8,3,0.3
office,07-working,9,4,0.3
office,07-working,10,4,0.3
office,07-working,11,5,0.3
office,07-working,12,5,0.315
office,07-working,13,6,0.345
office,07-working,14,6,0.405
office,07-working,15,7,0.495
office,07-working,16,7,0.645
office,07-working,17,8,0.855
office,07-working,18,8,1.02
office,07-working,19,9,1.14
office,07-working,20,9,1.2
office,07-working,21,10,1.2
office,07-working,22,10,1.2
office,07-working,23,11,1.2
office,07-working,24,11,1.185
office,07-working,25,12,1.155
office,07-working,26,12,1.155
office,07-working,27,13,1.185
office,07-working,28,13,1.2
office,07-working,29,14,1.2
office,07-working,30,14,1.2
office,07-working,31,15,1.2
office,07-working,32,15,1.2
office,07-working,33,16,1.2
office,07-working,34,16,1.185
office,07-working,35,17,1.155
office,07-working,36,17,1.11
office,07-working,37,18,1.05
office,07-working,38,18,0.975
office,07-working,39,19,0.885
office,07-working,40,19,0.795
office,07-working,41,20,0.705
office,07-working,42,20,0.615
office,07-working,43,21,0.525
office,07-working,44,21,0.45
office,07-working,45,22,0.39
office,07-working,46,22,0.351
office,07-working,47,23,0.333
office,07-working,48,23,0.318
office,07-nonworking,1,0,0.36
office,07-nonworking,2,0,0.36
office,07-nonworking,3,1,0.36
office,07-nonworking,4,1,0.36
office,07-nonworking,5,2,0.36
office,07-nonworking,6,2,0.36
office,07-nonworking,7,3,0.36
office,07-nonworking,8,3,0.36
office,07-nonworking,9,4,0.36
office,07-nonworking,10,4,0.36
office,07-nonworking,11,5,0.36
office,07-nonworking,12,5,0.36
office,07-nonworking,13,6,0.36
office,07-nonworking,14,6,0.36
office,07-nonworking,15,7,0.36
office,07-nonworking,16,7,0.36
office,07-nonworking,17,8,0.36
office,07-nonworking,18,8,0.36
office,07-nonworking,19,9,0.36
office,07-nonworking,20,9,0.36
office,07-nonworking,21,10,0.36
office,07-nonworking,22,10,0.36
office,07-nonworking,23,11,0.36
office,07-nonworking,24,11,0.36
office,07-nonworking,25,12,0.36
office,07-nonworking,26,12,0.36
office,07-nonworking,27,13,0.36
office,07-nonworking,28,13,0.36
office,07-nonworking,29,14,0.36
office,07-nonworking,30,14,0.36
office,07-nonworking,31,15,0.36
office,07-nonworking,32,15,0.36
office,07-nonworking,33,16,0.36
office,07-nonworking,34,16,0.36
office,07-nonworking,35,17,0.36
office,07-nonworking,36,17,0.36
office,07-nonworking,37,18,0.36
office,07-nonworking,38,18,0.36
office,07-nonworking,39,19,0.36
office,07-nonworking,40,19,0.36
office,07-nonworking,41,20,0.36
office,07-nonworking,42,20,0.36
office,07-nonworking,43,21,0.36
office,07-nonworking,44,21,0.36
office,07-nonworking,45,22,0.36
office,07-nonworking,46,22,0.36
office,07-nonworking,47,23,0.36
office,07-nonworking,48,23,0.36
office,07-shutdown,1,0,0.3
office,07-shutdown,2,0,0.3
office,07-shutdown,3,1,0.3
office,07-shutdown,4,1,0.3
office,07-shutdown,5,2,0.3
office,07-shutdown,6,2,0.3
office,07-shutdown,7,3,0.3
office,07-shutdown,8,3,0.3
office,07-shutdown,9,4,0.3
office,07-shutdown,10,4,0.3
office,07-shutdown,11,5,0.3
office,07-shutdown,12,5,0.3
office,07-shutdown,13,6,0.3
office,07-shutdown,14,6,0.3
office,07-shutdown,15,7,0.3
office,07-shutdown,16,7,0.3
office,07-shutdown,17,8,0.3
office,07-shutdown,18,8,0.3
office,07-shutdown,19,9,0.3
office,07-shutdown,20,9,0.3
office,07-shutdown,21,10,0.3
office,07-shutdown,22,10,0.3
office,07-shutdown,23,11,0.3
office,07-shutdown,24,11,0.3
office,07-shutdown,25,12,0.3
office,07-shutdown,26,12,0.3
office,07-shutdown,27,13,0.3
office,07-shutdown,28,13,0.3
office,07-shutdown,29,14,0.3
office,07-shutdown,30,14,0.3
office,07-shutdown,31,15,0.3
office,07-shutdown,32,15,0.3
office,07-shutdown,33,16,0.3
office,07-shutdown,34,16,0.3
office,07-shutdown,35,17,0.3
office,07-shutdown,36,17,0.3
office,07-shutdown,37,18,0.3
office,07-shutdown,38,18,0.3
office,07-shutdown,39,19,0.3
office,07-shutdown,40,19,0.3
office,07-shutdown,41,20,0.3
office,07-shutdown,42,20,0.3
office,07-shutdown,43,21,0.3
office,07-shutdown,44,21,0.3
office,07-shutdown,45,22,0.3
office,07-shutdown,46,22,0.3
office,07-shutdown,47,23,0.3
office,07-shutdown,48,23,0.3
office,08-working,1,0,0.3111
office,08-working,2,0,0.305
office,08-working,3,1,0.305
office,08-working,4,1,0.305
office,08-working,5,2,0.305
office,08-working,6,2,0.305
office,08-working,7,3,0.305
office,08-working,8,3,0.305
office,08-working,9,4,0.305
office,08-working,10,4,0.305
office,08-working,11,5,0.305
office,08-working,12,5,0.32025
office,08-working,13,6,0.35075
office,08-working,14,6,0.41175
office,08-working,15,7,0.50325
office,08-working,16,7,0.65575
office,08-working,17,8,0.86925
office,08-working,18,8,1.037
office,08-working,19,9,1.159
office,08-working,20,9,1.22
office,08-working,21,10,1.22
office,08-working,22,10,1.22
office,08-working,23,11,1.22
office,08-working,24,11,1.20475
office,08-working,25,12,1.17425
office,08-working,26,12,1.17425
office,08-working,27,13,1.20475
office,08-working,28,13,1.22
office,08-working,29,14,1.22
office,08-working,30,14,1.22
office,08-working,31,15,1.22
office,08-working,32,15,1.22
office,08-working,33,16,1.22
office,08-working,34,16,1.20475
office,08-working,35,17,1.17425
office,08-working,36,17,1.1285
office,08-working,37,18,1.0675
office,08-working,38,18,0.99125
office,08-working,39,19,0.89975
office,08-working,40,19,0.80825
office,08-working,41,20,0.71675
office,08-working,42,20,0.62525
office,08-working,43,21,0.53375
office,08-working,44,21,0.4575
office,08-working,45,22,0.3965
office,08-working,46,22,0.35685
office,08-working,47,23,0.33855
office,08-working,48,23,0.3233
office,08-nonworking,1,0,0.366
office,08-nonworking,2,0,0.366
office,08-nonworking,3,1,0.366
office,08-nonworking,4,1,0.366
office,08-nonworking,5,2,0.366
office,08-nonworking,6,2,0.366
office,08-nonworking,7,3,0.366
office,08-nonworking,8,3,0.366
office,08-nonworking,9,4,0.366
office,08-nonworking,10,4,0.366
office,08-nonworking,11,5,0.366
office,08-nonworking,12,5,0.366
office,08-nonworking,13,6,0.366
office,08-nonworking,14,6,0.366
office,08-nonworking,15,7,0.366
office,08-nonworking,16,7,0.366
office,08-nonworking,17,8,0.366
office,08-nonworking,18,8,0.366
office,08-nonworking,19,9,0.366
office,08-nonworking,20,9,0.366
office,08-nonworking,21,10,0.366
office,08-nonworking,22,10,0.366
office,08-nonworking,23,11,0.366
office,08-nonworking,24,11,0.366
office,08-nonworking,25,12,0.366
office,08-nonworking,26,12,0.366
office,08-nonworking,27,13,0.366
office,08-nonworking,28,13,0.366
office,08-nonworking,29,14,0.366
office,08-nonworking,30,14,0.366
office,08-nonworking,31,15,0.366
office,08-nonworking,32,15,0.366
office,08-nonworking,33,16,0.366
office,08-nonworking,34,16,0.366
office,08-nonworking,35,17,0.366
office,08-nonworking,36,17,0.366
office,08-nonworking,37,18,0.366
office,08-nonworking,38,18,0.366
office,08-nonworking,39,19,0.366
office,08-nonworking,40,19,0.366
office,08-nonworking,41,20,0.366
office,08-nonworking,42,20,0.366
office,08-nonworking,43,21,0.366
office,08-nonworking,44,21,0.366
office,08-nonworking,45,22,0.366
office,08-nonworking,46,22,0.366
office,08-nonworking,47,23,0.366
office,08-nonworking,48,23,0.366
office,08-shutdown,1,0,0.305
office,08-shutdown,2,0,0.305
office,08-shutdown,3,1,0.305
office,08-shutdown,4,1,0.305
office,08-shutdown,5,2,0.305
office,08-shutdown,6,2,0.305
office,08-shutdown,7,3,0.305
office,08-shutdown,8,3,0.305
office,08-shutdown,9,4,0.305
office,08-shutdown,10,4,0.305
office,08-shutdown,11,5,0.305
office,08-shutdown,12,5,0.305
office,08-shutdown,13,6,0.305
office,08-shutdown,14,6,0.305
office,08-shutdown,15,7,0.305
office,08-shutdown,16,7,0.305
office,08-shutdown,17,8,0.305
office,08-shutdown,18,8,0.305
office,08-shutdown,19,9,0.305
office,08-shutdown,20,9,0.305
office,08-shutdown,21,10,0.305
office,08-shutdown,22,10,0.305
office,08-shutdown,23,11,0.305
office,08-shutdown,24,11,0.305
office,08-shutdown,25,12,0.305
office,08-shutdown,26,12,0.305
office,08-shutdown,27,13,0.305
office,08-shutdown,28,13,0.305
office,08-shutdown,29,14,0.305
office,08-shutdown,30,14,0.305
office,08-shutdown,31,15,0.305
office,08-shutdown,32,15,0.305
office,08-shutdown,33,16,0.305
office,08-shutdown,34,16,0.305
office,08-shutdown,35,17,0.305
office,08-shutdown,36,17,0.305
office,08-shutdown,37,18,0.305
office,08-shutdown,38,18,0.305
office,08-shutdown,39,19,0.305
office,08-shutdown,40,19,0.305
office,08-shutdown,41,20,0.305
office,08-shutdown,42,20,0.305
office,08-shutdown,43,21,0.305
office,08-shutdown,44,21,0.305
office,08-shutdown,45,22,0.305
office,08-shutdown,46,22,0.305
office,08-shutdown,47,23,0.305
office,08-shutdown,48,23,0.305
office,09-working,1,0,0.2856
office,09-working,2,0,0.28
office,09-working,3,1,0.28
office,09-working,4,1,0.28
office,09-working,5,2,0.28
office,09-working,6,2,0.28
office,09-working,7,3,0.28
office,09-working,8,3,0.28
office,09-working,9,4,0.28
office,09-working,10,4,0.28
office,09-working,11,5,0.28
office,09-working,12,5,0.294
office,09-working,13,6,0.322
office,09-working,14,6,0.378
office,09-working,15,7,0.462
office,09-working,16,7,0.602
office,09-working,17,8,0.798
office,09-working,18,8,0.952
office,09-working,19,9,1.064
office,09-working,20,9,1.12
office,09-working,21,10,1.12
office,09-working,22,10,1.12
office,09-working,23,11,1.12
office,09-working,24,11,1.106
office,09-working,25,12,1.078
office,09-working,26,12,1.078
office,09-working,27,13,1.106
office,09-working,28,13,1.12
office,09-working,29,14,1.12
office,09-working,30,14,1.12
office,09-working,31,15,1.12
office,09-working,32,15,1.12
office,09-working,33,16,1.12
office,09-working,34,16,1.106
office,09-working,35,17,1.078
office,09-working,36,17,1.036
office,09-working,37,18,0.98
office,09-working,38,18,0.91
office,09-working,39,19,0.826
office,09-working,40,19,0.742
office,09-working,41,20,0.658
office,09-working,42,20,0.574
office,09-working,43,21,0.49
office,09-working,44,21,0.42
office,09-working,45,22,0.364
office,09-working,46,22,0.3276
office,09-working,47,23,0.3108
office,09-working,48,23,0.2968
office,09-nonworking,1,0,0.336
office,09-nonworking,2,0,0.336
office,09-nonworking,3,1,0.336
office,09-nonworking,4,1,0.336
office,09-nonworking,5,2,0.336
office,09-nonworking,6,2,0.336
office,09-nonworking,7,3,0.336
office,09-nonworking,8,3,0.336
office,09-nonworking,9,4,0.336
office,09-nonworking,10,4,0.336
office,09-nonworking,11,5,0.336
office,09-nonworking,12,5,0.336
office,09-nonworking,13,6,0.336
office,09-nonworking,14,6,0.336
office,09-nonworking,15,7,0.336
office,09-nonworking,16,7,0.336
office,09-nonworking,17,8,0.336
office,09-nonworking,18,8,0.336
office,09-nonworking,19,9,0.336
office,09-nonworking,20,9,0.336
office,09-nonworking,21,10,0.336
office,09-nonworking,22,10,0.336
office,09-nonworking,23,11,0.336
office,09-nonworking,24,11,0.336
office,09-nonworking,25,12,0.336
office,09-nonworking,26,12,0.336
office,09-nonworking,27,13,0.336
office,09-nonworking,28,13,0.336
office,09-nonworking,29,14,0.336
office,09-nonworking,30,14,0.336
office,09-nonworking,31,15,0.336
office,09-nonworking,32,15,0.336
office,09-nonworking,33,16,0.336
office,09-nonworking,34,16,0.336
office,09-nonworking,35,17,0.336
office,09-nonworking,36,17,0.336
office,09-nonworking,37,18,0.336
office,09-nonworking,38,18,0.336
office,09-nonworking,39,19,0.336
office,09-nonworking,40,19,0.336
office,09-nonworking,41,20,0.336
office,09-nonworking,42,20,0.336
office,09-nonworking,43,21,0.336
office,09-nonworking,44,21,0.336
office,09-nonworking,45,22,0.336
office,09-nonworking,46,22,0.336
office,09-nonworking,47,23,0.336
office,09-nonworking,48,23,0.336
office,09-shutdown,1,0,0.28
office,09-shutdown,2,0,0.28
office,09-shutdown,3,1,0.28
office,09-shutdown,4,1,0.28
office,09-shutdown,5,2,0.28
office,09-shutdown,6,2,0.28
office,09-shutdown,7,3,0.28
office,09-shutdown,8,3,0.28
office,09-shutdown,9,4,0.28
office,09-shutdown,10,4,0.28
office,09-shutdown,11,5,0.28
office,09-shutdown,12,5,0.28
office,09-shutdown,13,6,0.28
office,09-shutdown,14,6,0.28
office,09-shutdown,15,7,0.28
office,09-shutdown,16,7,0.28
office,09-shutdown,17,8,0.28
office,09-shutdown,18,8,0.28
office,09-shutdown,19,9,0.28
office,09-shutdown,20,9,0.28
office,09-shutdown,21,10,0.28
office,09-shutdown,22,10,0.28
office,09-shutdown,23,11,0.28
office,09-shutdown,24,11,0.28
office,09-shutdown,25,12,0.28
office,09-shutdown,26,12,0.28
office,09-shutdown,27,13,0.28
office,09-shutdown,28,13,0.28
office,09-shutdown,29,14,0.28
office,09-shutdown,30,14,0.28
office,09-shutdown,31,15,0.28
office,09-shutdown,32,15,0.28
office,09-shutdown,33,16,0.28
office,09-shutdown,34,16,0.28
office,09-shutdown,35,17,0.28
office,09-shutdown,36,17,0.28
office,09-shutdown,37,18,0.28
office,09-shutdown,38,18,0.28
office,09-shutdown,39,19,0.28
office,09-shutdown,40,19,0.28
office,09-shutdown,41,20,0.28
office,09-shutdown,42,20,0.28
office,09-shutdown,43,21,0.28
office,09-shutdown,44,21,0.28
office,09-shutdown,45,22,0.28
office,09-shutdown,46,22,0.28
office,09-shutdown,47,23,0.28
office,09-shutdown,48,23,0.28
office,10-working,1,0,0.2397
office,10-working,2,0,0.235
office,10-working,3,1,0.235
office,10-working,4,1,0.235
office,10-working,5,2,0.235
office,10-working,6,2,0.235
office,10-working,7,3,0.235
office,10-working,8,3,0.235
office,10-working,9,4,0.235
office,10-working,10,4,0.235
office,10-working,11,5,0.235
office,10-working,12,5,0.24675
office,10-working,13,6,0.27025
office,10-working,14,6,0.31725
office,10-working,15,7,0.38775
office,10-working,16,7,0.50525
office,10-working,17,8,0.66975
office,10-working,18,8,0.799
office,10-working,19,9,0.893
office,10-working,20,9,0.94
office,10-working,21,10,0.94
office,10-working,22,10,0.94
office,10-working,23,11,0.94
office,10-working,24,11,0.92825
office,10-working,25,12,0.90475
office,10-working,26,12,0.90475
office,10-working,27,13,0.92825
office,10-working,28,13,0.94
office,10-working,29,14,0.94
office,10-working,30,14,0.94
office,10-working,31,15,0.94
office,10-working,32,15,0.94
office,10-working,33,16,0.94
office,10-working,34,16,0.92825
office,10-working,35,17,0.90475
office,10-working,36,17,0.8695
office,10-working,37,18,0.8225
office,10-working,38,18,0.76375
office,10-working,39,19,0.69325
office,10-working,40,19,0.62275
office,10-working,41,20,0.55225
office,10-working,42,20,0.48175
office,10-working,43,21,0.41125
office,10-working,44,21,0.3525
office,10-working,45,22,0.3055
office,10-working,46,22,0.27495
office,10-working,47,23,0.26085
office,10-working,48,23,0.2491
office,10-nonworking,1,0,0.282
office,10-nonworking,2,0,0.282
office,10-nonworking,3,1,0.282
office,10-nonworking,4,1,0.282
office,10-nonworking,5,2,0.282
office,10-nonworking,6,2,0.282
office,10-nonworking,7,3,0.282
office,10-nonworking,8,3,0.282
office,10-nonworking,9,4,0.282
office,10-nonworking,10,4,0.282
office,10-nonworking,11,5,0.282
office,10-nonworking,12,5,0.282
office,10-nonworking,13,6,0.282
office,10-nonworking,14,6,0.282
office,10-nonworking,15,7,0.282
office,10-nonworking,16,7,0.282
office,10-nonworking,17,8,0.282
office,10-nonworking,18,8,0.282
office,10-nonworking,19,9,0.282
office,10-nonworking,20,9,0.282
office,10-nonworking,21,10,0.282
office,10-nonworking,22,10,0.282
office,10-nonworking,23,11,0.282
office,10-nonworking,24,11,0.282
office,10-nonworking,25,12,0.282
office,10-nonworking,26,12,0.282
office,10-nonworking,27,13,0.282
office,10-nonworking,28,13,0.282
office,10-nonworking,29,14,0.282
office,10-nonworking,30,14,0.282
office,10-nonworking,31,15,0.282
office,10-nonworking,32,15,0.282
office,10-nonworking,33,16,0.282
office,10-nonworking,34,16,0.282
office,10-nonworking,35,17,0.282
office,10-nonworking,36,17,0.282
office,10-nonworking,37,18,0.282
office,10-nonworking,38,18,0.282
office,10-nonworking,39,19,0.282
office,10-nonworking,40,19,0.282
office,10-nonworking,41,20,0.282
office,10-nonworking,42,20,0.282
office,10-nonworking,43,21,0.282
office,10-nonworking,44,21,0.282
office,10-nonworking,45,22,0.282
office,10-nonworking,46,22,0.282
office,10-nonworking,47,23,0.282
office,10-nonworking,48,23,0.282
office,10-shutdown,1,0,0.235
office,10-shutdown,2,0,0.235
office,10-shutdown,3,1,0.235
office,10-shutdown,4,1,0.235
office,10-shutdown,5,2,0.235
office,10-shutdown,6,2,0.235
office,10-shutdown,7,3,0.235
office,10-shutdown,8,3,0.235
office,10-shutdown,9,4,0.235
office,10-shutdown,10,4,0.235
office,10-shutdown,11,5,0.235
office,10-shutdown,12,5,0.235
office,10-shutdown,13,6,0.235
office,10-shutdown,14,6,0.235
office,10-shutdown,15,7,0.235
office,10-shutdown,16,7,0.235
office,10-shutdown,17,8,0.235
office,10-shutdown,18,8,0.235
office,10-shutdown,19,9,0.235
office,10-shutdown,20,9,0.235
office,10-shutdown,21,10,0.235
office,10-shutdown,22,10,0.235
office,10-shutdown,23,11,0.235
office,10-shutdown,24,11,0.235
office,10-shutdown,25,12,0.235
office,10-shutdown,26,12,0.235
office,10-shutdown,27,13,0.235
office,10-shutdown,28,13,0.235
office,10-shutdown,29,14,0.235
office,10-shutdown,30,14,0.235
office,10-shutdown,31,15,0.235
office,10-shutdown,32,15,0.235
office,10-shutdown,33,16,0.235
office,10-shutdown,34,16,0.235
office,10-shutdown,35,17,0.235
office,10-shutdown,36,17,0.235
office,10-shutdown,37,18,0.235
office,10-shutdown,38,18,0.235
office,10-shutdown,39,19,0.235
office,10-shutdown,40,19,0.235
office,10-shutdown,41,20,0.235
office,10-shutdown,42,20,0.235
office,10-shutdown,43,21,0.235
office,10-shutdown,44,21,0.235
office,10-shutdown,45,22,0.235
office,10-shutdown,46,22,0.235
office,10-shutdown,47,23,0.235
office,10-shutdown,48,23,0.235
office,11-working,1,0,0.24225
office,11-working,2,0,0.2375
office,11-working,3,1,0.2375
office,11-working,4,1,0.2375
office,11-working,5,2,0.2375
office,11-working,6,2,0.2375
office,11-working,7,3,0.2375
office,11-working,8,3,0.2375
office,11-working,9,4,0.2375
office,11-working,10,4,0.2375
office,11-working,11,5,0.2375
office,11-working,12,5,0.24937
office,11-working,13,6,0.27312
office,11-working,14,6,0.32062
office,11-working,15,7,0.39187
office,11-working,16,7,0.51062
office,11-working,17,8,0.67688
office,11-working,18,8,0.8075
office,11-working,19,9,0.9025
office,11-working,20,9,0.95
office,11-working,21,10,0.95
office,11-working,22,10,0.95
office,11-working,23,11,0.95
office,11-working,24,11,0.93812
office,11-working,25,12,0.91437
office,11-working,26,12,0.91437
office,11-working,27,13,0.93812
office,11-working,28,13,0.95
office,11-working,29,14,0.95
office,11-working,30,14,0.95
office,11-working,31,15,0.95
office,11-working,32,15,0.95
office,11-working,33,16,0.95
office,11-working,34,16,0.93812
office,11-working,35,17,0.91437
office,11-working,36,17,0.87875
office,11-working,37,18,0.83125
office,11-working,38,18,0.77187
office,11-working,39,19,0.70062
office,11-working,40,19,0.62937
office,11-working,41,20,0.55812
office,11-working,42,20,0.48688
office,11-working,43,21,0.41562
office,11-working,44,21,0.35625
office,11-working,45,22,0.30875
office,11-working,46,22,0.27787
office,11-working,47,23,0.26362
office,11-working,48,23,0.25175
office,11-nonworking,1,0,0.285
office,11-nonworking,2,0,0.285
office,11-nonworking,3,1,0.285
office,11-nonworking,4,1,0.285
office,11-nonworking,5,2,0.285
office,11-nonworking,6,2,0.285
office,11-nonworking,7,3,0.285
office,11-nonworking,8,3,0.285
office,11-nonworking,9,4,0.285
office,11-nonworking,10,4,0.285
office,11-nonworking,11,5,0.285
office,11-nonworking,12,5,0.285
office,11-nonworking,13,6,0.285
office,11-nonworking,14,6,0.285
office,11-nonworking,15,7,0.285
office,11-nonworking,16,7,0.285
office,11-nonworking,17,8,0.285
office,11-nonworking,18,8,0.285
office,11-nonworking,19,9,0.285
office,11-nonworking,20,9,0.285
office,11-nonworking,21,10,0.285
office,11-nonworking,22,10,0.285
office,11-nonworking,23,11,0.285
office,11-nonworking,24,11,0.285
office,11-nonworking,25,12,0.285
office,11-nonworking,26,12,0.285
office,11-nonworking,27,13,0.285
office,11-nonworking,28,13,0.285
office,11-nonworking,29,14,0.285
office,11-nonworking,30,14,0.285
office,11-nonworking,31,15,0.285
office,11-nonworking,32,15,0.285
office,11-nonworking,33,16,0.285
office,11-nonworking,34,16,0.285
office,11-nonworking,35,17,0.285
office,11-nonworking,36,17,0.285
office,11-nonworking,37,18,0.285
office,11-nonworking,38,18,0.285
office,11-nonworking,39,19,0.285
office,11-nonworking,40,19,0.285
office,11-nonworking,41,20,0.285
office,11-nonworking,42,20,0.285
office,11-nonworking,43,21,0.285
office,11-nonworking,44,21,0.285
office,11-nonworking,45,22,0.285
office,11-nonworking,46,22,0.285
office,11-nonworking,47,23,0.285
office,11-nonworking,48,23,0.285
office,11-shutdown,1,0,0.2375
office,11-shutdown,2,0,0.2375
office,11-shutdown,3,1,0.2375
office,11-shutdown,4,1,0.2375
office,11-shutdown,5,2,0.2375
office,11-shutdown,6,2,0.2375
office,11-shutdown,7,3,0.2375
office,11-shutdown,8,3,0.2375
office,11-shutdown,9,4,0.2375
office,11-shutdown,10,4,0.2375
office,11-shutdown,11,5,0.2375
office,11-shutdown,12,5,0.2375
office,11-shutdown,13,6,0.2375
office,11-shutdown,14,6,0.2375
office,11-shutdown,15,7,0.2375
office,11-shutdown,16,7,0.2375
office,11-shutdown,17,8,0.2375
office,11-shutdown,18,8,0.2375
office,11-shutdown,19,9,0.2375
office,11-shutdown,20,9,0.2375
office,11-shutdown,21,10,0.2375
office,11-shutdown,22,10,0.2375
office,11-shutdown,23,11,0.2375
office,11-shutdown,24,11,0.2375
office,11-shutdown,25,12,0.2375
office,11-shutdown,26,12,0.2375
office,11-shutdown,27,13,0.2375
office,11-shutdown,28,13,0.2375
office,11-shutdown,29,14,0.2375
office,11-shutdown,30,14,0.2375
office,11-shutdown,31,15,0.2375
office,11-shutdown,32,15,0.2375
office,11-shutdown,33,16,0.2375
office,11-shutdown,34,16,0.2375
office,11-shutdown,35,17,0.2375
office,11-shutdown,36,17,0.2375
office,11-shutdown,37,18,0.2375
office,11-shutdown,38,18,0.2375
office,11-shutdown,39,19,0.2375
office,11-shutdown,40,19,0.2375
office,11-shutdown,41,20,0.2375
office,11-shutdown,42,20,0.2375
office,11-shutdown,43,21,0.2375
office,11-shutdown,44,21,0.2375
office,11-shutdown,45,22,0.2375
office,11-shutdown,46,22,0.2375
office,11-shutdown,47,23,0.2375
office,11-shutdown,48,23,0.2375
office,12-working,1,0,0.26775
office,12-working,2,0,0.2625
office,12-working,3,1,0.2625
office,12-working,4,1,0.2625
office,12-working,5,2,0.2625
office,12-working,6,2,0.2625
office,12-working,7,3,0.2625
office,12-working,8,3,0.2625
office,12-working,9,4,0.2625
office,12-working,10,4,0.2625
office,12-working,11,5,0.2625
office,12-working,12,5,0.27563
office,12-working,13,6,0.30188
office,12-working,14,6,0.35438
office,12-working,15,7,0.43312
office,12-working,16,7,0.56437
office,12-working,17,8,0.74813
office,12-working,18,8,0.8925
office,12-working,19,9,0.9975
office,12-working,20,9,1.05
office,12-working,21,10,1.05
office,12-working,22,10,1.05
office,12-working,23,11,1.05
office,12-working,24,11,1.03687
office,12-working,25,12,1.01062
office,12-working,26,12,1.01062
office,12-working,27,13,1.03687
office,12-working,28,13,1.05
office,12-working,29,14,1.05
office,12-working,30,14,1.05
office,12-working,31,15,1.05
office,12-working,32,15,1.05
office,12-working,33,16,1.05
office,12-working,34,16,1.03687
office,12-working,35,17,1.01062
office,12-working,36,17,0.97125
office,12-working,37,18,0.91875
office,12-working,38,18,0.85313
office,12-working,39,19,0.77437
office,12-working,40,19,0.69563
office,12-working,41,20,0.61688
office,12-working,42,20,0.53813
office,12-working,43,21,0.45938
office,12-working,44,21,0.39375
office,12-working,45,22,0.34125
office,12-working,46,22,0.30712
office,12-working,47,23,0.29138
office,12-working,48,23,0.27825
office,12-nonworking,1,0,0.315
office,12-nonworking,2,0,0.315
office,12-nonworking,3,1,0.315
office,12-nonworking,4,1,0.315
office,12-nonworking,5,2,0.315
office,12-nonworking,6,2,0.315
office,12-nonworking,7,3,0.315
office,12-nonworking,8,3,0.315
office,12-nonworking,9,4,0.315
office,12-nonworking,10,4,0.315
office,12-nonworking,11,5,0.315
office,12-nonworking,12,5,0.315
office,12-nonworking,13,6,0.315
office,12-nonworking,14,6,0.315
office,12-nonworking,15,7,0.315
office,12-nonworking,16,7,0.315
office,12-nonworking,17,8,0.315
office,12-nonworking,18,8,0.315
office,12-nonworking,19,9,0.315
office,12-nonworking,20,9,0.315
office,12-nonworking,21,10,0.315
office,12-nonworking,22,10,0.315
office,12-nonworking,23,11,0.315
office,12-nonworking,24,11,0.315
office,12-nonworking,25,12,0.315
office,12-nonworking,26,12,0.315
office,12-nonworking,27,13,0.315
office,12-nonworking,28,13,0.315
office,12-nonworking,29,14,0.315
office,12-nonworking,30,14,0.315
office,12-nonworking,31,15,0.315
office,12-nonworking,32,15,0.315
office,12-nonworking,33,16,0.315
office,12-nonworking,34,16,0.315
office,12-nonworking,35,17,0.315
office,12-nonworking,36,17,0.315
office,12-nonworking,37,18,0.315
office,12-nonworking,38,18,0.315
office,12-nonworking,39,19,0.315
office,12-nonworking,40,19,0.315
office,12-nonworking,41,20,0.315
office,12-nonworking,42,20,0.315
office,12-nonworking,43,21,0.315
office,12-nonworking,44,21,0.315
office,12-nonworking,45,22,0.315
office,12-nonworking,46,22,0.315
office,12-nonworking,47,23,0.315
office,12-nonworking,48,23,0.315
office,12-shutdown,1,0,0.2625
office,12-shutdown,2,0,0.2625
office,12-shutdown,3,1,0.2625
office,12-shutdown,4,1,0.2625
office,12-shutdown,5,2,0.2625
office,12-shutdown,6,2,0.2625
office,12-shutdown,7,3,0.2625
office,12-shutdown,8,3,0.2625
office,12-shutdown,9,4,0.2625
office,12-shutdown,10,4,0.2625
office,12-shutdown,11,5,0.2625
office,12-shutdown,12,5,0.2625
office,12-shutdown,13,6,0.2625
office,12-shutdown,14,6,0.2625
office,12-shutdown,15,7,0.2625
office,12-shutdown,16,7,0.2625
office,12-shutdown,17,8,0.2625
office,12-shutdown,18,8,0.2625
office,12-shutdown,19,9,0.2625
office,12-shutdown,20,9,0.2625
office,12-shutdown,21,10,0.2625
office,12-shutdown,22,10,0.2625
office,12-shutdown,23,11,0.2625
office,12-shutdown,24,11,0.2625
office,12-shutdown,25,12,0.2625
office,12-shutdown,26,12,0.2625
office,12-shutdown,27,13,0.2625
office,12-shutdown,28,13,0.2625
office,12-shutdown,29,14,0.2625
office,12-shutdown,30,14,0.2625
office,12-shutdown,31,15,0.2625
office,12-shutdown,32,15,0.2625
office,12-shutdown,33,16,0.2625
office,12-shutdown,34,16,0.2625
office,12-shutdown,35,17,0.2625
office,12-shutdown,36,17,0.2625
office,12-shutdown,37,18,0.2625
office,12-shutdown,38,18,0.2625
office,12-shutdown,39,19,0.2625
office,12-shutdown,40,19,0.2625
office,12-shutdown,41,20,0.2625
office,12-shutdown,42,20,0.2625
office,12-shutdown,43,21,0.2625
office,12-shutdown,44,21,0.2625
office,12-shutdown,45,22,0.2625
office,12-shutdown,46,22,0.2625
office,12-shutdown,47,23,0.2625
office,12-shutdown,48,23,0.2625
office,heat-working,1,0,0.3111
office,heat-working,2,0,0.305
office,heat-working,3,1,0.305
office,heat-working,4,1,0.305
office,heat-working,5,2,0.305
office,heat-working,6,2,0.305
office,heat-working,7,3,0.305
office,heat-working,8,3,0.305
office,heat-working,9,4,0.305
office,heat-working,10,4,0.305
office,heat-working,11,5,0.305
office,heat-working,12,5,0.32025
office,heat-working,13,6,0.35075
office,heat-working,14,6,0.41175
office,heat-working,15,7,0.50325
office,heat-working,16,7,0.65575
office,heat-working,17,8,0.86925
office,heat-working,18,8,1.037
office,heat-working,19,9,1.159
office,heat-working,20,9,1.22
office,heat-working,21,10,1.22
office,heat-working,22,10,1.22
office,heat-working,23,11,1.22
office,heat-working,24,11,1.20475
office,heat-working,25,12,1.17425
office,heat-working,26,12,1.17425
office,heat-working,27,13,1.20475
office,heat-working,28,13,1.22
office,heat-working,29,14,1.22
office,heat-working,30,14,1.22
office,heat-working,31,15,1.22
office,heat-working,32,15,1.22
office,heat-working,33,16,1.22
office,heat-working,34,16,1.20475
office,heat-working,35,17,1.17425
office,heat-working,36,17,1.1285
office,heat-working,37,18,1.0675
office,heat-working,38,18,0.99125
office,heat-working,39,19,0.89975
office,heat-working,40,19,0.80825
office,heat-working,41,20,0.71675
office,heat-working,42,20,0.62525
office,heat-working,43,21,0.53375
office,heat-working,44,21,0.4575
office,heat-working,45,22,0.3965
office,heat-working,46,22,0.35685
office,heat-working,47,23,0.33855
office,heat-working,48,23,0.3233
office,cold-working,1,0,0.2805
office,cold-working,2,0,0.275
office,cold-working,3,1,0.275
office,cold-working,4,1,0.275
office,cold-working,5,2,0.275
office,cold-working,6,2,0.275
office,cold-working,7,3,0.275
office,cold-working,8,3,0.275
office,cold-working,9,4,0.275
office,cold-working,10,4,0.275
office,cold-working,11,5,0.275
office,cold-working,12,5,0.28875
office,cold-working,13,6,0.31625
office,cold-working,14,6,0.37125
office,cold-working,15,7,0.45375
office,cold-working,16,7,0.59125
office,cold-working,17,8,0.78375
office,cold-working,18,8,0.935
office,cold-working,19,9,1.045
office,cold-working,20,9,1.1
office,cold-working,21,10,1.1
office,cold-working,22,10,1.1
office,cold-working,23,11,1.1
office,cold-working,24,11,1.08625
office,cold-working,25,12,1.05875
office,cold-working,26,12,1.05875
office,cold-working,27,13,1.08625
office,cold-working,28,13,1.1
office,cold-working,29,14,1.1
office,cold-working,30,14,1.1
office,cold-working,31,15,1.1
office,cold-working,32,15,1.1
office,cold-working,33,16,1.1
office,cold-working,34,16,1.08625
office,cold-working,35,17,1.05875
office,cold-working,36,17,1.0175
office,cold-working,37,18,0.9625
office,cold-working,38,18,0.89375
office,cold-working,39,19,0.81125
office,cold-working,40,19,0.72875
office,cold-working,41,20,0.64625
office,cold-working,42,20,0.56375
office,cold-working,43,21,0.48125
office,cold-working,44,21,0.4125
office,cold-working,45,22,0.3575
office,cold-working,46,22,0.32175
office,cold-working,47,23,0.30525
office,cold-working,48,23,0.2915
retail_chain,01-working,1,0,0.38062
retail_chain,01-working,2,0,0.3675
retail_chain,01-working,3,1,0.3675
retail_chain,01-working,4,1,0.3675
retail_chain,01-working,5,2,0.3675
retail_chain,01-working,6,2,0.3675
retail_chain,01-working,7,3,0.3675
retail_chain,01-working,8,3,0.3675
retail_chain,01-working,9,4,0.3675
retail_chain,01-working,10,4,0.3675
retail_chain,01-working,11,5,0.3675
retail_chain,01-working,12,5,0.37538
retail_chain,01-working,13,6,0.39113
retail_chain,01-working,14,6,0.41738
retail_chain,01-working,15,7,0.45413
retail_chain,01-working,16,7,0.49875
retail_chain,01-working,17,8,0.55125
retail_chain,01-working,18,8,0.65625
retail_chain,01-working,19,9,0.81375
retail_chain,01-working,20,9,0.93188
retail_chain,01-working,21,10,1.01063
retail_chain,01-working,22,10,1.05
retail_chain,01-working,23,11,1.05
retail_chain,01-working,24,11,1.05
retail_chain,01-working,25,12,1.05
retail_chain,01-working,26,12,1.05
retail_chain,01-working,27,13,1.05
retail_chain,01-working,28,13,1.05
retail_chain,01-working,29,14,1.05
retail_chain,01-working,30,14,1.05
retail_chain,01-working,31,15,1.05
retail_chain,01-working,32,15,1.05
retail_chain,01-working,33,16,1.05
retail_chain,01-working,34,16,1.05
retail_chain,01-working,35,17,1.05
retail_chain,01-working,36,17,1.05
retail_chain,01-working,37,18,1.05
retail_chain,01-working,38,18,1.05
retail_chain,01-working,39,19,1.05
retail_chain,01-working,40,19,1.03687
retail_chain,01-working,41,20,1.01062
retail_chain,01-working,42,20,0.95813
retail_chain,01-working,43,21,0.87938
retail_chain,01-working,44,21,0.76125
retail_chain,01-working,45,22,0.60375
retail_chain,01-working,46,22,0.49875
retail_chain,01-working,47,23,0.44625
retail_chain,01-working,48,23,0.40688
retail_chain,01-nonworking,1,0,0.39966
retail_chain,01-nonworking,2,0,0.38588
retail_chain,01-nonworking,3,1,0.38588
retail_chain,01-nonworking,4,1,0.38588
retail_chain,01-nonworking,5,2,0.38588
retail_chain,01-nonworking,6,2,0.38588
retail_chain,01-nonworking,7,3,0.38588
retail_chain,01-nonworking,8,3,0.38588
retail_chain,01-nonworking,9,4,0.38588
retail_chain,01-nonworking,10,4,0.38588
retail_chain,01-nonworking,11,5,0.38588
retail_chain,01-nonworking,12,5,0.39414
retail_chain,01-nonworking,13,6,0.41068
retail_chain,01-nonworking,14,6,0.43824
retail_chain,01-nonworking,15,7,0.47683
retail_chain,01-nonworking,16,7,0.52369
retail_chain,01-nonworking,17,8,0.57881
retail_chain,01-nonworking,18,8,0.68906
retail_chain,01-nonworking,19,9,0.85444
retail_chain,01-nonworking,20,9,0.97847
retail_chain,01-nonworking,21,10,1.06116
retail_chain,01-nonworking,22,10,1.1025
retail_chain,01-nonworking,23,11,1.1025
retail_chain,01-nonworking,24,11,1.1025
retail_chain,01-nonworking,25,12,1.1025
retail_chain,01-nonworking,26,12,1.1025
retail_chain,01-nonworking,27,13,1.1025
retail_chain,01-nonworking,28,13,1.1025
retail_chain,01-nonworking,29,14,1.1025
retail_chain,01-nonworking,30,14,1.1025
retail_chain,01-nonworking,31,15,1.1025
retail_chain,01-nonworking,32,15,1.1025
retail_chain,01-nonworking,33,16,1.1025
retail_chain,01-nonworking,34,16,1.1025
retail_chain,01-nonworking,35,17,1.1025
retail_chain,01-nonworking,36,17,1.1025
retail_chain,01-nonworking,37,18,1.1025
retail_chain,01-nonworking,38,18,1.1025
retail_chain,01-nonworking,39,19,1.1025
retail_chain,01-nonworking,40,19,1.08872
retail_chain,01-nonworking,41,20,1.06116
retail_chain,01-nonworking,42,20,1.00603
retail_chain,01-nonworking,43,21,0.92334
retail_chain,01-nonworking,44,21,0.79931
retail_chain,01-nonworking,45,22,0.63394
retail_chain,01-nonworking,46,22,0.52369
retail_chain,01-nonworking,47,23,0.46856
retail_chain,01-nonworking,48,23,0.42722
retail_chain,01-shutdown,1,0,0.3045
retail_chain,01-shutdown,2,0,0.294
retail_chain,01-shutdown,3,1,0.294
retail_chain,01-shutdown,4,1,0.294
retail_chain,01-shutdown,5,2,0.294
retail_chain,01-shutdown,6,2,0.294
retail_chain,01-shutdown,7,3,0.294
retail_chain,01-shutdown,8,3,0.294
retail_chain,01-shutdown,9,4,0.294
retail_chain,01-shutdown,10,4,0.294
retail_chain,01-shutdown,11,5,0.294
retail_chain,01-shutdown,12,5,0.3003
retail_chain,01-shutdown,13,6,0.3129
retail_chain,01-shutdown,14,6,0.3339
retail_chain,01-shutdown,15,7,0.3633
retail_chain,01-shutdown,16,7,0.399
retail_chain,01-shutdown,17,8,0.441
retail_chain,01-shutdown,18,8,0.525
retail_chain,01-shutdown,19,9,0.651
retail_chain,01-shutdown,20,9,0.7455
retail_chain,01-shutdown,21,10,0.8085
retail_chain,01-shutdown,22,10,0.84
retail_chain,01-shutdown,23,11,0.84
retail_chain,01-shutdown,24,11,0.84
retail_chain,01-shutdown,25,12,0.84
retail_chain,01-shutdown,26,12,0.84
retail_chain,01-shutdown,27,13,0.84
retail_chain,01-shutdown,28,13,0.84
retail_chain,01-shutdown,29,14,0.84
retail_chain,01-shutdown,30,14,0.84
retail_chain,01-shutdown,31,15,0.84
retail_chain,01-shutdown,32,15,0.84
retail_chain,01-shutdown,33,16,0.84
retail_chain,01-shutdown,34,16,0.84
retail_chain,01-shutdown,35,17,0.84
retail_chain,01-shutdown,36,17,0.84
retail_chain,01-shutdown,37,18,0.84
retail_chain,01-shutdown,38,18,0.84
retail_chain,01-shutdown,39,19,0.84
retail_chain,01-shutdown,40,19,0.8295
retail_chain,01-shutdown,41,20,0.8085
retail_chain,01-shutdown,42,20,0.7665
retail_chain,01-shutdown,43,21,0.7035
retail_chain,01-shutdown,44,21,0.609
retail_chain,01-shutdown,45,22,0.483
retail_chain,01-shutdown,46,22,0.399
retail_chain,01-shutdown,47,23,0.357
retail_chain,01-shutdown,48,23,0.3255
retail_chain,02-working,1,0,0.37338
retail_chain,02-working,2,0,0.3605
retail_chain,02-working,3,1,0.3605
retail_chain,02-working,4,1,0.3605
retail_chain,02-working,5,2,0.3605
retail_chain,02-working,6,2,0.3605
retail_chain,02-working,7,3,0.3605
retail_chain,02-working,8,3,0.3605
retail_chain,02-working,9,4,0.3605
retail_chain,02-working,10,4,0.3605
retail_chain,02-working,11,5,0.3605
retail_chain,02-working,12,5,0.36822
retail_chain,02-working,13,6,0.38367
retail_chain,02-working,14,6,0.40943
retail_chain,02-working,15,7,0.44548
retail_chain,02-working,16,7,0.48925
retail_chain,02-working,17,8,0.54075
retail_chain,02-working,18,8,0.64375
retail_chain,02-working,19,9,0.79825
retail_chain,02-working,20,9,0.91412
retail_chain,02-working,21,10,0.99138
retail_chain,02-working,22,10,1.03
retail_chain,02-working,23,11,1.03
retail_chain,02-working,24,11,1.03
retail_chain,02-working,25,12,1.03
retail_chain,02-working,26,12,1.03
retail_chain,02-working,27,13,1.03
retail_chain,02-working,28,13,1.03
retail_chain,02-working,29,14,1.03
retail_chain,02-working,30,14,1.03
retail_chain,02-working,31,15,1.03
retail_chain,02-working,32,15,1.03
retail_chain,02-working,33,16,1.03
retail_chain,02-working,34,16,1.03
retail_chain,02-working,35,17,1.03
retail_chain,02-working,36,17,1.03
retail_chain,02-working,37,18,1.03
retail_chain,02-working,38,18,1.03
retail_chain,02-working,39,19,1.03
retail_chain,02-working,40,19,1.01713
retail_chain,02-working,41,20,0.99137
retail_chain,02-working,42,20,0.93988
retail_chain,02-working,43,21,0.86263
retail_chain,02-working,44,21,0.74675
retail_chain,02-working,45,22,0.59225
retail_chain,02-working,46,22,0.48925
retail_chain,02-working,47,23,0.43775
retail_chain,02-working,48,23,0.39913
retail_chain,02-nonworking,1,0,0.39204
retail_chain,02-nonworking,2,0,0.37853
retail_chain,02-nonworking,3,1,0.37853
retail_chain,02-nonworking,4,1,0.37853
retail_chain,02-nonworking,5,2,0.37853
retail_chain,02-nonworking,6,2,0.37853
retail_chain,02-nonworking,7,3,0.37853
retail_chain,02-nonworking,8,3,0.37853
retail_chain,02-nonworking,9,4,0.37853
retail_chain,02-nonworking,10,4,0.37853
retail_chain,02-nonworking,11,5,0.37853
retail_chain,02-nonworking,12,5,0.38664
retail_chain,02-nonworking,13,6,0.40286
retail_chain,02-nonworking,14,6,0.4299
retail_chain,02-nonworking,15,7,0.46775
retail_chain,02-nonworking,16,7,0.51371
retail_chain,02-nonworking,17,8,0.56779
retail_chain,02-nonworking,18,8,0.67594
retail_chain,02-nonworking,19,9,0.83816
retail_chain,02-nonworking,20,9,0.95983
retail_chain,02-nonworking,21,10,1.04094
retail_chain,02-nonworking,22,10,1.0815
retail_chain,02-nonworking,23,11,1.0815
retail_chain,02-nonworking,24,11,1.0815
retail_chain,02-nonworking,25,12,1.0815
retail_chain,02-nonworking,26,12,1.0815
retail_chain,02-nonworking,27,13,1.0815
retail_chain,02-nonworking,28,13,1.0815
retail_chain,02-nonworking,29,14,1.0815
retail_chain,02-nonworking,30,14,1.0815
retail_chain,02-nonworking,31,15,1.0815
retail_chain,02-nonworking,32,15,1.0815
retail_chain,02-nonworking,33,16,1.0815
retail_chain,02-nonworking,34,16,1.0815
retail_chain,02-nonworking,35,17,1.0815
retail_chain,02-nonworking,36,17,1.0815
retail_chain,02-nonworking,37,18,1.0815
retail_chain,02-nonworking,38,18,1.0815
retail_chain,02-nonworking,39,19,1.0815
retail_chain,02-nonworking,40,19,1.06798
retail_chain,02-nonworking,41,20,1.04094
retail_chain,02-nonworking,42,20,0.98687
retail_chain,02-nonworking,43,21,0.90576
retail_chain,02-nonworking,44,21,0.78409
retail_chain,02-nonworking,45,22,0.62186
retail_chain,02-nonworking,46,22,0.51371
retail_chain,02-nonworking,47,23,0.45964
retail_chain,02-nonworking,48,23,0.41908
retail_chain,02-shutdown,1,0,0.2987
retail_chain,02-shutdown,2,0,0.2884
retail_chain,02-shutdown,3,1,0.2884
retail_chain,02-shutdown,4,1,0.2884
retail_chain,02-shutdown,5,2,0.2884
retail_chain,02-shutdown,6,2,0.2884
retail_chain,02-shutdown,7,3,0.2884
retail_chain,02-shutdown,8,3,0.2884
retail_chain,02-shutdown,9,4,0.2884
retail_chain,02-shutdown,10,4,0.2884
retail_chain,02-shutdown,11,5,0.2884
retail_chain,02-shutdown,12,5,0.29458
retail_chain,02-shutdown,13,6,0.30694
retail_chain,02-shutdown,14,6,0.32754
retail_chain,02-shutdown,15,7,0.35638
retail_chain,02-shutdown,16,7,0.3914
retail_chain,02-shutdown,17,8,0.4326
retail_chain,02-shutdown,18,8,0.515
retail_chain,02-shutdown,19,9,0.6386
retail_chain,02-shutdown,20,9,0.7313
retail_chain,02-shutdown,21,10,0.7931
retail_chain,02-shutdown,22,10,0.824
retail_chain,02-shutdown,23,11,0.824
retail_chain,02-shutdown,24,11,0.824
retail_chain,02-shutdown,25,12,0.824
retail_chain,02-shutdown,26,12,0.824
retail_chain,02-shutdown,27,13,0.824
retail_chain,02-shutdown,28,13,0.824
retail_chain,02-shutdown,29,14,0.824
retail_chain,02-shutdown,30,14,0.824
retail_chain,02-shutdown,31,15,0.824
retail_chain,02-shutdown,32,15,0.824
retail_chain,02-shutdown,33,16,0.824
retail_chain,02-shutdown,34,16,0.824
retail_chain,02-shutdown,35,17,0.824
retail_chain,02-shutdown,36,17,0.824
retail_chain,02-shutdown,37,18,0.824
retail_chain,02-shutdown,38,18,0.824
retail_chain,02-shutdown,39,19,0.824
retail_chain,02-shutdown,40,19,0.8137
retail_chain,02-shutdown,41,20,0.7931
retail_chain,02-shutdown,42,20,0.7519
retail_chain,02-shutdown,43,21,0.6901
retail_chain,02-shutdown,44,21,0.5974
retail_chain,02-shutdown,45,22,0.4738
retail_chain,02-shutdown,46,22,0.3914
retail_chain,02-shutdown,47,23,0.3502
retail_chain,02-shutdown,48,23,0.3193
retail_chain,03-working,1,0,0.35525
retail_chain,03-working,2,0,0.343
retail_chain,03-working,3,1,0.343
retail_chain,03-working,4,1,0.343
retail_chain,03-working,5,2,0.343
retail_chain,03-working,6,2,0.343
retail_chain,03-working,7,3,0.343
retail_chain,03-working,8,3,0.343
retail_chain,03-working,9,4,0.343
retail_chain,03-working,10,4,0.343
retail_chain,03-working,11,5,0.343
retail_chain,03-working,12,5,0.35035
retail_chain,03-working,13,6,0.36505
retail_chain,03-working,14,6,0.38955
retail_chain,03-working,15,7,0.42385
retail_chain,03-working,16,7,0.4655
retail_chain,03-working,17,8,0.5145
retail_chain,03-working,18,8,0.6125
retail_chain,03-working,19,9,0.7595
retail_chain,03-working,20,9,0.86975
retail_chain,03-working,21,10,0.94325
retail_chain,03-working,22,10,0.98
retail_chain,03-working,23,11,0.98
retail_chain,03-working,24,11,0.98
retail_chain,03-working,25,12,0.98
retail_chain,03-working,26,12,0.98
retail_chain,03-working,27,13,0.98
retail_chain,03-working,28,13,0.98
retail_chain,03-working,29,14,0.98
retail_chain,03-working,30,14,0.98
retail_chain,03-working,31,15,0.98
retail_chain,03-working,32,15,0.98
retail_chain,03-working,33,16,0.98
retail_chain,03-working,34,16,0.98
retail_chain,03-working,35,17,0.98
retail_chain,03-working,36,17,0.98
retail_chain,03-working,37,18,0.98
retail_chain,03-working,38,18,0.98
retail_chain,03-working,39,19,0.98
retail_chain,03-working,40,19,0.96775
retail_chain,03-working,41,20,0.94325
retail_chain,03-working,42,20,0.89425
retail_chain,03-working,43,21,0.82075
retail_chain,03-working,44,21,0.7105
retail_chain,03-working,45,22,0.5635
retail_chain,03-working,46,22,0.4655
retail_chain,03-working,47,23,0.4165
retail_chain,03-working,48,23,0.37975
retail_chain,03-nonworking,1,0,0.37301
retail_chain,03-nonworking,2,0,0.36015
retail_chain,03-nonworking,3,1,0.36015
retail_chain,03-nonworking,4,1,0.36015
retail_chain,03-nonworking,5,2,0.36015
retail_chain,03-nonworking,6,2,0.36015
retail_chain,03-nonworking,7,3,0.36015
retail_chain,03-nonworking,8,3,0.36015
retail_chain,03-nonworking,9,4,0.36015
retail_chain,03-nonworking,10,4,0.36015
retail_chain,03-nonworking,11,5,0.36015
retail_chain,03-nonworking,12,5,0.36787
retail_chain,03-nonworking,13,6,0.3833
retail_chain,03-nonworking,14,6,0.40903
retail_chain,03-nonworking,15,7,0.44504
retail_chain,03-nonworking,16,7,0.48878
retail_chain,03-nonworking,17,8,0.54022
retail_chain,03-nonworking,18,8,0.64312
retail_chain,03-nonworking,19,9,0.79748
retail_chain,03-nonworking,20,9,0.91324
retail_chain,03-nonworking,21,10,0.99041
retail_chain,03-nonworking,22,10,1.029
retail_chain,03-nonworking,23,11,1.029
retail_chain,03-nonworking,24,11,1.029
retail_chain,03-nonworking,25,12,1.029
retail_chain,03-nonworking,26,12,1.029
retail_chain,03-nonworking,27,13,1.029
retail_chain,03-nonworking,28,13,1.029
retail_chain,03-nonworking,29,14,1.029
retail_chain,03-nonworking,30,14,1.029
retail_chain,03-nonworking,31,15,1.029
retail_chain,03-nonworking,32,15,1.029
retail_chain,03-nonworking,33,16,1.029
retail_chain,03-nonworking,34,16,1.029
retail_chain,03-nonworking,35,17,1.029
retail_chain,03-nonworking,36,17,1.029
retail_chain,03-nonworking,37,18,1.029
retail_chain,03-nonworking,38,18,1.029
retail_chain,03-nonworking,39,19,1.029
retail_chain,03-nonworking,40,19,1.01614
retail_chain,03-nonworking,41,20,0.99041
retail_chain,03-nonworking,42,20,0.93896
retail_chain,03-nonworking,43,21,0.86179
retail_chain,03-nonworking,44,21,0.74603
retail_chain,03-nonworking,45,22,0.59167
retail_chain,03-nonworking,46,22,0.48877
retail_chain,03-nonworking,47,23,0.43733
retail_chain,03-nonworking,48,23,0.39874
retail_chain,03-shutdown,1,0,0.2842
retail_chain,03-shutdown,2,0,0.2744
retail_chain,03-shutdown,3,1,0.2744
retail_chain,03-shutdown,4,1,0.2744
retail_chain,03-shutdown,5,2,0.2744
retail_chain,03-shutdown,6,2,0.2744
retail_chain,03-shutdown,7,3,0.2744
retail_chain,03-shutdown,8,3,0.2744
retail_chain,03-shutdown,9,4,0.2744
retail_chain,03-shutdown,10,4,0.2744
retail_chain,03-shutdown,11,5,0.2744
retail_chain,03-shutdown,12,5,0.28028
retail_chain,03-shutdown,13,6,0.29204
retail_chain,03-shutdown,14,6,0.31164
retail_chain,03-shutdown,15,7,0.33908
retail_chain,03-shutdown,16,7,0.3724
retail_chain,03-shutdown,17,8,0.4116
retail_chain,03-shutdown,18,8,0.49
retail_chain,03-shutdown,19,9,0.6076
retail_chain,03-shutdown,20,9,0.6958
retail_chain,03-shutdown,21,10,0.7546
retail_chain,03-shutdown,22,10,0.784
retail_chain,03-shutdown,23,11,0.784
retail_chain,03-shutdown,24,11,0.784
retail_chain,03-shutdown,25,12,0.784
retail_chain,03-shutdown,26,12,0.784
retail_chain,03-shutdown,27,13,0.784
retail_chain,03-shutdown,28,13,0.784
retail_chain,03-shutdown,29,14,0.784
retail_chain,03-shutdown,30,14,0.784
retail_chain,03-shutdown,31,15,0.784
retail_chain,03-shutdown,32,15,0.784
retail_chain,03-shutdown,33,16,0.784
retail_chain,03-shutdown,34,16,0.784
retail_chain,03-shutdown,35,17,0.784
retail_chain,03-shutdown,36,17,0.784
retail_chain,03-shutdown,37,18,0.784
retail_chain,03-shutdown,38,18,0.784
retail_chain,03-shutdown,39,19,0.784
retail_chain,03-shutdown,40,19,0.7742
retail_chain,03-shutdown,41,20,0.7546
retail_chain,03-shutdown,42,20,0.7154
retail_chain,03-shutdown,43,21,0.6566
retail_chain,03-shutdown,44,21,0.5684
retail_chain,03-shutdown,45,22,0.4508
retail_chain,03-shutdown,46,22,0.3724
retail_chain,03-shutdown,47,23,0.3332
retail_chain,03-shutdown,48,23,0.3038
retail_chain,04-working,1,0,0.34075
retail_chain,04-working,2,0,0.329
retail_chain,04-working,3,1,0.329
retail_chain,04-working,4,1,0.329
retail_chain,04-working,5,2,0.329
retail_chain,04-working,6,2,0.329
retail_chain,04-working,7,3,0.329
retail_chain,04-working,8,3,0.329
retail_chain,04-working,9,4,0.329
retail_chain,04-working,10,4,0.329
retail_chain,04-working,11,5,0.329
retail_chain,04-working,12,5,0.33605
retail_chain,04-working,13,6,0.35015
retail_chain,04-working,14,6,0.37365
retail_chain,04-working,15,7,0.40655
retail_chain,04-working,16,7,0.4465
retail_chain,04-working,17,8,0.4935
retail_chain,04-working,18,8,0.5875
retail_chain,04-working,19,9,0.7285
retail_chain,04-working,20,9,0.83425
retail_chain,04-working,21,10,0.90475
retail_chain,04-working,22,10,0.94
retail_chain,04-working,23,11,0.94
retail_chain,04-working,24,11,0.94
retail_chain,04-working,25,12,0.94
retail_chain,04-working,26,12,0.94
retail_chain,04-working,27,13,0.94
retail_chain,04-working,28,13,0.94
retail_chain,04-working,29,14,0.94
retail_chain,04-working,30,14,0.94
retail_chain,04-working,31,15,0.94
retail_chain,04-working,32,15,0.94
retail_chain,04-working,33,16,0.94
retail_chain,04-working,34,16,0.94
retail_chain,04-working,35,17,0.94
retail_chain,04-working,36,17,0.94
retail_chain,04-working,37,18,0.94
retail_chain,04-working,38,18,0.94
retail_chain,04-working,39,19,0.94
retail_chain,04-working,40,19,0.92825
retail_chain,04-working,41,20,0.90475
retail_chain,04-working,42,20,0.85775
retail_chain,04-working,43,21,0.78725
retail_chain,04-working,44,21,0.6815
retail_chain,04-working,45,22,0.5405
retail_chain,04-working,46,22,0.4465
retail_chain,04-working,47,23,0.3995
retail_chain,04-working,48,23,0.36425
retail_chain,04-nonworking,1,0,0.35779
retail_chain,04-nonworking,2,0,0.34545
retail_chain,04-nonworking,3,1,0.34545
retail_chain,04-nonworking,4,1,0.34545
retail_chain,04-nonworking,5,2,0.34545
retail_chain,04-nonworking,6,2,0.34545
retail_chain,04-nonworking,7,3,0.34545
retail_chain,04-nonworking,8,3,0.34545
retail_chain,04-nonworking,9,4,0.34545
retail_chain,04-nonworking,10,4,0.34545
retail_chain,04-nonworking,11,5,0.34545
retail_chain,04-nonworking,12,5,0.35285
retail_chain,04-nonworking,13,6,0.36766
retail_chain,04-nonworking,14,6,0.39233
retail_chain,04-nonworking,15,7,0.42688
retail_chain,04-nonworking,16,7,0.46883
retail_chain,04-nonworking,17,8,0.51817
retail_chain,04-nonworking,18,8,0.61687
retail_chain,04-nonworking,19,9,0.76493
retail_chain,04-nonworking,20,9,0.87596
retail_chain,04-nonworking,21,10,0.94999
retail_chain,04-nonworking,22,10,0.987
retail_chain,04-nonworking,23,11,0.987
retail_chain,04-nonworking,24,11,0.987
retail_chain,04-nonworking,25,12,0.987
retail_chain,04-nonworking,26,12,0.987
retail_chain,04-nonworking,27,13,0.987
retail_chain,04-nonworking,28,13,0.987
retail_chain,04-nonworking,29,14,0.987
retail_chain,04-nonworking,30,14,0.987
retail_chain,04-nonworking,31,15,0.987
retail_chain,04-nonworking,32,15,0.987
retail_chain,04-nonworking,33,16,0.987
retail_chain,04-nonworking,34,16,0.987
retail_chain,04-nonworking,35,17,0.987
retail_chain,04-nonworking,36,17,0.987
retail_chain,04-nonworking,37,18,0.987
retail_chain,04-nonworking,38,18,0.987
retail_chain,04-nonworking,39,19,0.987
retail_chain,04-nonworking,40,19,0.97466
retail_chain,04-nonworking,41,20,0.94999
retail_chain,04-nonworking,42,20,0.90064
retail_chain,04-nonworking,43,21,0.82661
retail_chain,04-nonworking,44,21,0.71558
retail_chain,04-nonworking,45,22,0.56752
retail_chain,04-nonworking,46,22,0.46882
retail_chain,04-nonworking,47,23,0.41948
retail_chain,04-nonworking,48,23,0.38246
retail_chain,04-shutdown,1,0,0.2726
retail_chain,04-shutdown,2,0,0.2632
retail_chain,04-shutdown,3,1,0.2632
retail_chain,04-shutdown,4,1,0.2632
retail_chain,04-shutdown,5,2,0.2632
retail_chain,04-shutdown,6,2,0.2632
retail_chain,04-shutdown,7,3,0.2632
retail_chain,04-shutdown,8,3,0.2632
retail_chain,04-shutdown,9,4,0.2632
retail_chain,04-shutdown,10,4,0.2632
retail_chain,04-shutdown,11,5,0.2632
retail_chain,04-shutdown,12,5,0.26884
retail_chain,04-shutdown,13,6,0.28012
retail_chain,04-shutdown,14,6,0.29892
retail_chain,04-shutdown,15,7,0.32524
retail_chain,04-shutdown,16,7,0.3572
retail_chain,04-shutdown,17,8,0.3948
retail_chain,04-shutdown,18,8,0.47
retail_chain,04-shutdown,19,9,0.5828
retail_chain,04-shutdown,20,9,0.6674
retail_chain,04-shutdown,21,10,0.7238
retail_chain,04-shutdown,22,10,0.752
retail_chain,04-shutdown,23,11,0.752
retail_chain,04-shutdown,24,11,0.752
retail_chain,04-shutdown,25,12,0.752
retail_chain,04-shutdown,26,12,0.752
retail_chain,04-shutdown,27,13,0.752
retail_chain,04-shutdown,28,13,0.752
retail_chain,04-shutdown,29,14,0.752
retail_chain,04-shutdown,30,14,0.752
retail_chain,04-shutdown,31,15,0.752
retail_chain,04-shutdown,32,15,0.752
retail_chain,04-shutdown,33,16,0.752
retail_chain,04-shutdown,34,16,0.752
retail_chain,04-shutdown,35,17,0.752
retail_chain,04-shutdown,36,17,0.752
retail_chain,04-shutdown,37,18,0.752
retail_chain,04-shutdown,38,18,0.752
retail_chain,04-shutdown,39,19,0.752
retail_chain,04-shutdown,40,19,0.7426
retail_chain,04-shutdown,41,20,0.7238
retail_chain,04-shutdown,42,20,0.6862
retail_chain,04-shutdown,43,21,0.6298
retail_chain,04-shutdown,44,21,0.5452
retail_chain,04-shutdown,45,22,0.4324
retail_chain,04-shutdown,46,22,0.3572
retail_chain,04-shutdown,47,23,0.3196
retail_chain,04-shutdown,48,23,0.2914
retail_chain,05-working,1,0,0.34437
retail_chain,05-working,2,0,0.3325
retail_chain,05-working,3,1,0.3325
retail_chain,05-working,4,1,0.3325
retail_chain,05-working,5,2,0.3325
retail_chain,05-working,6,2,0.3325
retail_chain,05-working,7,3,0.3325
retail_chain,05-working,8,3,0.3325
retail_chain,05-working,9,4,0.3325
retail_chain,05-working,10,4,0.3325
retail_chain,05-working,11,5,0.3325
retail_chain,05-working,12,5,0.33962
retail_chain,05-working,13,6,0.35387
retail_chain,05-working,14,6,0.37762
retail_chain,05-working,15,7,0.41087
retail_chain,05-working,16,7,0.45125
retail_chain,05-working,17,8,0.49875
retail_chain,05-working,18,8,0.59375
retail_chain,05-working,19,9,0.73625
retail_chain,05-working,20,9,0.84312
retail_chain,05-working,21,10,0.91437
retail_chain,05-working,22,10,0.95
retail_chain,05-working,23,11,0.95
retail_chain,05-working,24,11,0.95
retail_chain,05-working,25,12,0.95
retail_chain,05-working,26,12,0.95
retail_chain,05-working,27,13,0.95
retail_chain,05-working,28,13,0.95
retail_chain,05-working,29,14,0.95
retail_chain,05-working,30,14,0.95
retail_chain,05-working,31,15,0.95
retail_chain,05-working,32,15,0.95
retail_chain,05-working,33,16,0.95
retail_chain,05-working,34,16,0.95
retail_chain,05-working,35,17,0.95
retail_chain,05-working,36,17,0.95
retail_chain,05-working,37,18,0.95
retail_chain,05-working,38,18,0.95
retail_chain,05-working,39,19,0.95
retail_chain,05-working,40,19,0.93812
retail_chain,05-working,41,20,0.91437
retail_chain,05-working,42,20,0.86687
retail_chain,05-working,43,21,0.79563
retail_chain,05-working,44,21,0.68875
retail_chain,05-working,45,22,0.54625
retail_chain,05-working,46,22,0.45125
retail_chain,05-working,47,23,0.40375
retail_chain,05-working,48,23,0.36812
retail_chain,05-nonworking,1,0,0.36159
retail_chain,05-nonworking,2,0,0.34912
retail_chain,05-nonworking,3,1,0.34912
retail_chain,05-nonworking,4,1,0.34912
retail_chain,05-nonworking,5,2,0.34912
retail_chain,05-nonworking,6,2,0.34912
retail_chain,05-nonworking,7,3,0.34912
retail_chain,05-nonworking,8,3,0.34912
retail_chain,05-nonworking,9,4,0.34912
retail_chain,05-nonworking,10,4,0.34912
retail_chain,05-nonworking,11,5,0.34912
retail_chain,05-nonworking,12,5,0.35661
retail_chain,05-nonworking,13,6,0.37157
retail_chain,05-nonworking,14,6,0.39651
retail_chain,05-nonworking,15,7,0.43142
retail_chain,05-nonworking,16,7,0.47381
retail_chain,05-nonworking,17,8,0.52369
retail_chain,05-nonworking,18,8,0.62344
retail_chain,05-nonworking,19,9,0.77306
retail_chain,05-nonworking,20,9,0.88528
retail_chain,05-nonworking,21,10,0.96009
retail_chain,05-nonworking,22,10,0.9975
retail_chain,05-nonworking,23,11,0.9975
retail_chain,05-nonworking,24,11,0.9975
retail_chain,05-nonworking,25,12,0.9975
retail_chain,05-nonworking,26,12,0.9975
retail_chain,05-nonworking,27,13,0.9975
retail_chain,05-nonworking,28,13,0.9975
retail_chain,05-nonworking,29,14,0.9975
retail_chain,05-nonworking,30,14,0.9975
retail_chain,05-nonworking,31,15,0.9975
retail_chain,05-nonworking,32,15,0.9975
retail_chain,05-nonworking,33,16,0.9975
retail_chain,05-nonworking,34,16,0.9975
retail_chain,05-nonworking,35,17,0.9975
retail_chain,05-nonworking,36,17,0.9975
retail_chain,05-nonworking,37,18,0.9975
retail_chain,05-nonworking,38,18,0.9975
retail_chain,05-nonworking,39,19,0.9975
retail_chain,05-nonworking,40,19,0.98503
retail_chain,05-nonworking,41,20,0.96009
retail_chain,05-nonworking,42,20,0.91022
retail_chain,05-nonworking,43,21,0.83541
retail_chain,05-nonworking,44,21,0.72319
retail_chain,05-nonworking,45,22,0.57356
retail_chain,05-nonworking,46,22,0.47381
retail_chain,05-nonworking,47,23,0.42394
retail_chain,05-nonworking,48,23,0.38653
retail_chain,05-shutdown,1,0,0.2755
retail_chain,05-shutdown,2,0,0.266
retail_chain,05-shutdown,3,1,0.266
retail_chain,05-shutdown,4,1,0.266
retail_chain,05-shutdown,5,2,0.266
retail_chain,05-shutdown,6,2,0.266
retail_chain,05-shutdown,7,3,0.266
retail_chain,05-shutdown,8,3,0.266
retail_chain,05-shutdown,9,4,0.266
retail_chain,05-shutdown,10,4,0.266
retail_chain,05-shutdown,11,5,0.266
retail_chain,05-shutdown,12,5,0.2717
retail_chain,05-shutdown,13,6,0.2831
retail_chain,05-shutdown,14,6,0.3021
retail_chain,05-shutdown,15,7,0.3287
retail_chain,05-shutdown,16,7,0.361
retail_chain,05-shutdown,17,8,0.399
retail_chain,05-shutdown,18,8,0.475
retail_chain,05-shutdown,19,9,0.589
retail_chain,05-shutdown,20,9,0.6745
retail_chain,05-shutdown,21,10,0.7315
retail_chain,05-shutdown,22,10,0.76
retail_chain,05-shutdown,23,11,0.76
retail_chain,05-shutdown,24,11,0.76
retail_chain,05-shutdown,25,12,0.76
retail_chain,05-shutdown,26,12,0.76
retail_chain,05-shutdown,27,13,0.76
retail_chain,05-shutdown,28,13,0.76
retail_chain,05-shutdown,29,14,0.76
retail_chain,05-shutdown,30,14,0.76
retail_chain,05-shutdown,31,15,0.76
retail_chain,05-shutdown,32,15,0.76
retail_chain,05-shutdown,33,16,0.76
retail_chain,05-shutdown,34,16,0.76
retail_chain,05-shutdown,35,17,0.76
retail_chain,05-shutdown,36,17,0.76
retail_chain,05-shutdown,37,18,0.76
retail_chain,05-shutdown,38,18,0.76
retail_chain,05-shutdown,39,19,0.76
retail_chain,05-shutdown,40,19,0.7505
retail_chain,05-shutdown,41,20,0.7315
retail_chain,05-shutdown,42,20,0.6935
retail_chain,05-shutdown,43,21,0.6365
retail_chain,05-shutdown,44,21,0.551
retail_chain,05-shutdown,45,22,0.437
retail_chain,05-shutdown,46,22,0.361
retail_chain,05-shutdown,47,23,0.323
retail_chain,05-shutdown,48,23,0.2945
retail_chain,06-working,1,0,0.36975
retail_chain,06-working,2,0,0.357
retail_chain,06-working,3,1,0.357
retail_chain,06-working,4,1,0.357
retail_chain,06-working,5,2,0.357
retail_chain,06-working,6,2,0.357
retail_chain,06-working,7,3,0.357
retail_chain,06-working,8,3,0.357
retail_chain,06-working,9,4,0.357
retail_chain,06-working,10,4,0.357
retail_chain,06-working,11,5,0.357
retail_chain,06-working,12,5,0.36465
retail_chain,06-working,13,6,0.37995
retail_chain,06-working,14,6,0.40545
retail_chain,06-working,15,7,0.44115
retail_chain,06-working,16,7,0.4845
retail_chain,06-working,17,8,0.5355
retail_chain,06-working,18,8,0.6375
retail_chain,06-working,19,9,0.7905
retail_chain,06-working,20,9,0.90525
retail_chain,06-working,21,10,0.98175
retail_chain,06-working,22,10,1.02
retail_chain,06-working,23,11,1.02
retail_chain,06-working,24,11,1.02
retail_chain,06-working,25,12,1.02
retail_chain,06-working,26,12,1.02
retail_chain,06-working,27,13,1.02
retail_chain,06-working,28,13,1.02
retail_chain,06-working,29,14,1.02
retail_chain,06-working,30,14,1.02
retail_chain,06-working,31,15,1.02
retail_chain,06-working,32,15,1.02
retail_chain,06-working,33,16,1.02
retail_chain,06-working,34,16,1.02
retail_chain,06-working,35,17,1.02
retail_chain,06-working,36,17,1.02
retail_chain,06-working,37,18,1.02
retail_chain,06-working,38,18,1.02
retail_chain,06-working,39,19,1.02
retail_chain,06-working,40,19,1.00725
retail_chain,06-working,41,20,0.98175
retail_chain,06-working,42,20,0.93075
retail_chain,06-working,43,21,0.85425
retail_chain,06-working,44,21,0.7395
retail_chain,06-working,45,22,0.5865
retail_chain,06-working,46,22,0.4845
retail_chain,06-working,47,23,0.4335
retail_chain,06-working,48,23,0.39525
retail_chain,06-nonworking,1,0,0.38824
retail_chain,06-nonworking,2,0,0.37485
retail_chain,06-nonworking,3,1,0.37485
retail_chain,06-nonworking,4,1,0.37485
retail_chain,06-nonworking,5,2,0.37485
retail_chain,06-nonworking,6,2,0.37485
retail_chain,06-nonworking,7,3,0.37485
retail_chain,06-nonworking,8,3,0.37485
retail_chain,06-nonworking,9,4,0.37485
retail_chain,06-nonworking,10,4,0.37485
retail_chain,06-nonworking,11,5,0.37485
retail_chain,06-nonworking,12,5,0.38288
retail_chain,06-nonworking,13,6,0.39895
retail_chain,06-nonworking,14,6,0.42572
retail_chain,06-nonworking,15,7,0.46321
retail_chain,06-nonworking,16,7,0.50873
retail_chain,06-nonworking,17,8,0.56228
retail_chain,06-nonworking,18,8,0.66938
retail_chain,06-nonworking,19,9,0.83003
retail_chain,06-nonworking,20,9,0.95051
retail_chain,06-nonworking,21,10,1.03084
retail_chain,06-nonworking,22,10,1.071
retail_chain,06-nonworking,23,11,1.071
retail_chain,06-nonworking,24,11,1.071
retail_chain,06-nonworking,25,12,1.071
retail_chain,06-nonworking,26,12,1.071
retail_chain,06-nonworking,27,13,1.071
retail_chain,06-nonworking,28,13,1.071
retail_chain,06-nonworking,29,14,1.071
retail_chain,06-nonworking,30,14,1.071
retail_chain,06-nonworking,31,15,1.071
retail_chain,06-nonworking,32,15,1.071
retail_chain,06-nonworking,33,16,1.071
retail_chain,06-nonworking,34,16,1.071
retail_chain,06-nonworking,35,17,1.071
retail_chain,06-nonworking,36,17,1.071
retail_chain,06-nonworking,37,18,1.071
retail_chain,06-nonworking,38,18,1.071
retail_chain,06-nonworking,39,19,1.071
retail_chain,06-nonworking,40,19,1.05761
retail_chain,06-nonworking,41,20,1.03084
retail_chain,06-nonworking,42,20,0.97729
retail_chain,06-nonworking,43,21,0.89696
retail_chain,06-nonworking,44,21,0.77648
retail_chain,06-nonworking,45,22,0.61583
retail_chain,06-nonworking,46,22,0.50872
retail_chain,06-nonworking,47,23,0.45518
retail_chain,06-nonworking,48,23,0.41501
retail_chain,06-shutdown,1,0,0.2958
retail_chain,06-shutdown,2,0,0.2856
retail_chain,06-shutdown,3,1,0.2856
retail_chain,06-shutdown,4,1,0.2856
retail_chain,06-shutdown,5,2,0.2856
retail_chain,06-shutdown,6,2,0.2856
retail_chain,06-shutdown,7,3,0.2856
retail_chain,06-shutdown,8,3,0.2856
retail_chain,06-shutdown,9,4,0.2856
retail_chain,06-shutdown,10,4,0.2856
retail_chain,06-shutdown,11,5,0.2856
retail_chain,06-shutdown,12,5,0.29172
retail_chain,06-shutdown,13,6,0.30396
retail_chain,06-shutdown,14,6,0.32436
retail_chain,06-shutdown,15,7,0.35292
retail_chain,06-shutdown,16,7,0.3876
retail_chain,06-shutdown,17,8,0.4284
retail_chain,06-shutdown,18,8,0.51
retail_chain,06-shutdown,19,9,0.6324
retail_chain,06-shutdown,20,9,0.7242
retail_chain,06-shutdown,21,10,0.7854
retail_chain,06-shutdown,22,10,0.816
retail_chain,06-shutdown,23,11,0.816
retail_chain,06-shutdown,24,11,0.816
retail_chain,06-shutdown,25,12,0.816
retail_chain,06-shutdown,26,12,0.816
retail_chain,06-shutdown,27,13,0.816
retail_chain,06-shutdown,28,13,0.816
retail_chain,06-shutdown,29,14,0.816
retail_chain,06-shutdown,30,14,0.816
retail_chain,06-shutdown,31,15,0.816
retail_chain,06-shutdown,32,15,0.816
retail_chain,06-shutdown,33,16,0.816
retail_chain,06-shutdown,34,16,0.816
retail_chain,06-shutdown,35,17,0.816
retail_chain,06-shutdown,36,17,0.816
retail_chain,06-shutdown,37,18,0.816
retail_chain,06-shutdown,38,18,0.816
retail_chain,06-shutdown,39,19,0.816
retail_chain,06-shutdown,40,19,0.8058
retail_chain,06-shutdown,41,20,0.7854
retail_chain,06-shutdown,42,20,0.7446
retail_chain,06-shutdown,43,21,0.6834
retail_chain,06-shutdown,44,21,0.5916
retail_chain,06-shutdown,45,22,0.4692
retail_chain,06-shutdown,46,22,0.3876
retail_chain,06-shutdown,47,23,0.3468
retail_chain,06-shutdown,48,23,0.3162
retail_chain,07-working,1,0,0.41687
retail_chain,07-working,2,0,0.4025
retail_chain,07-working,3,1,0.4025
retail_chain,07-working,4,1,0.4025
retail_chain,07-working,5,2,0.4025
retail_chain,07-working,6,2,0.4025
retail_chain,07-working,7,3,0.4025
retail_chain,07-working,8,3,0.4025
retail_chain,07-working,9,4,0.4025
retail_chain,07-working,10,4,0.4025
retail_chain,07-working,11,5,0.4025
retail_chain,07-working,12,5,0.41112
retail_chain,07-working,13,6,0.42837
retail_chain,07-working,14,6,0.45713
retail_chain,07-working,15,7,0.49737
retail_chain,07-working,16,7,0.54625
retail_chain,07-working,17,8,0.60375
retail_chain,07-working,18,8,0.71875
retail_chain,07-working,19,9,0.89125
retail_chain,07-working,20,9,1.02062
retail_chain,07-working,21,10,1.10687
retail_chain,07-working,22,10,1.15
retail_chain,07-working,23,11,1.15
retail_chain,07-working,24,11,1.15
retail_chain,07-working,25,12,1.15
retail_chain,07-working,26,12,1.15
retail_chain,07-working,27,13,1.15
retail_chain,07-working,28,13,1.15
retail_chain,07-working,29,14,1.15
retail_chain,07-working,30,14,1.15
retail_chain,07-working,31,15,1.15
retail_chain,07-working,32,15,1.15
retail_chain,07-working,33,16,1.15
retail_chain,07-working,34,16,1.15
retail_chain,07-working,35,17,1.15
retail_chain,07-working,36,17,1.15
retail_chain,07-working,37,18,1.15
retail_chain,07-working,38,18,1.15
retail_chain,07-working,39,19,1.15
retail_chain,07-working,40,19,1.13562
retail_chain,07-working,41,20,1.10687
retail_chain,07-working,42,20,1.04937
retail_chain,07-working,43,21,0.96312
retail_chain,07-working,44,21,0.83375
retail_chain,07-working,45,22,0.66125
retail_chain,07-working,46,22,0.54625
retail_chain,07-working,47,23,0.48875
retail_chain,07-working,48,23,0.44562
retail_chain,07-nonworking,1,0,0.43772
retail_chain,07-nonworking,2,0,0.42262
retail_chain,07-nonworking,3,1,0.42262
retail_chain,07-nonworking,4,1,0.42262
retail_chain,07-nonworking,5,2,0.42262
retail_chain,07-nonworking,6,2,0.42262
retail_chain,07-nonworking,7,3,0.42262
retail_chain,07-nonworking,8,3,0.42262
retail_chain,07-nonworking,9,4,0.42262
retail_chain,07-nonworking,10,4,0.42262
retail_chain,07-nonworking,11,5,0.42262
retail_chain,07-nonworking,12,5,0.43168
retail_chain,07-nonworking,13,6,0.44979
retail_chain,07-nonworking,14,6,0.47998
retail_chain,07-nonworking,15,7,0.52224
retail_chain,07-nonworking,16,7,0.57356
retail_chain,07-nonworking,17,8,0.63394
retail_chain,07-nonworking,18,8,0.75469
retail_chain,07-nonworking,19,9,0.93581
retail_chain,07-nonworking,20,9,1.07166
retail_chain,07-nonworking,21,10,1.16222
retail_chain,07-nonworking,22,10,1.2075
retail_chain,07-nonworking,23,11,1.2075
retail_chain,07-nonworking,24,11,1.2075
retail_chain,07-nonworking,25,12,1.2075
retail_chain,07-nonworking,26,12,1.2075
retail_chain,07-nonworking,27,13,1.2075
retail_chain,07-nonworking,28,13,1.2075
retail_chain,07-nonworking,29,14,1.2075
retail_chain,07-nonworking,30,14,1.2075
retail_chain,07-nonworking,31,15,1.2075
retail_chain,07-nonworking,32,15,1.2075
retail_chain,07-nonworking,33,16,1.2075
retail_chain,07-nonworking,34,16,1.2075
retail_chain,07-nonworking,35,17,1.2075
retail_chain,07-nonworking,36,17,1.2075
retail_chain,07-nonworking,37,18,1.2075
retail_chain,07-nonworking,38,18,1.2075
retail_chain,07-nonworking,39,19,1.2075
retail_chain,07-nonworking,40,19,1.19241
retail_chain,07-nonworking,41,20,1.16222
retail_chain,07-nonworking,42,20,1.10184
retail_chain,07-nonworking,43,21,1.01128
retail_chain,07-nonworking,44,21,0.87544
retail_chain,07-nonworking,45,22,0.69431
retail_chain,07-nonworking,46,22,0.57356
retail_chain,07-nonworking,47,23,0.51319
retail_chain,07-nonworking,48,23,0.46791
retail_chain,07-shutdown,1,0,0.3335
retail_chain,07-shutdown,2,0,0.322
retail_chain,07-shutdown,3,1,0.322
retail_chain,07-shutdown,4,1,0.322
retail_chain,07-shutdown,5,2,0.322
retail_chain,07-shutdown,6,2,0.322
retail_chain,07-shutdown,7,3,0.322
retail_chain,07-shutdown,8,3,0.322
retail_chain,07-shutdown,9,4,0.322
retail_chain,07-shutdown,10,4,0.322
retail_chain,07-shutdown,11,5,0.322
retail_chain,07-shutdown,12,5,0.3289
retail_chain,07-shutdown,13,6,0.3427
retail_chain,07-shutdown,14,6,0.3657
retail_chain,07-shutdown,15,7,0.3979
retail_chain,07-shutdown,16,7,0.437
retail_chain,07-shutdown,17,8,0.483
retail_chain,07-shutdown,18,8,0.575
retail_chain,07-shutdown,19,9,0.713
retail_chain,07-shutdown,20,9,0.8165
retail_chain,07-shutdown,21,10,0.8855
retail_chain,07-shutdown,22,10,0.92
retail_chain,07-shutdown,23,11,0.92
retail_chain,07-shutdown,24,11,0.92
retail_chain,07-shutdown,25,12,0.92
retail_chain,07-shutdown,26,12,0.92
retail_chain,07-shutdown,27,13,0.92
retail_chain,07-shutdown,28,13,0.92
retail_chain,07-shutdown,29,14,0.92
retail_chain,07-shutdown,30,14,0.92
retail_chain,07-shutdown,31,15,0.92
retail_chain,07-shutdown,32,15,0.92
retail_chain,07-shutdown,33,16,0.92
retail_chain,07-shutdown,34,16,0.92
retail_chain,07-shutdown,35,17,0.92
retail_chain,07-shutdown,36,17,0.92
retail_chain,07-shutdown,37,18,0.92
retail_chain,07-shutdown,38,18,0.92
retail_chain,07-shutdown,39,19,0.92
retail_chain,07-shutdown,40,19,0.9085
retail_chain,07-shutdown,41,20,0.8855
retail_chain,07-shutdown,42,20,0.8395
retail_chain,07-shutdown,43,21,0.7705
retail_chain,07-shutdown,44,21,0.667
retail_chain,07-shutdown,45,22,0.529
retail_chain,07-shutdown,46,22,0.437
retail_chain,07-shutdown,47,23,0.391
retail_chain,07-shutdown,48,23,0.3565
retail_chain,08-working,1,0,0.42412
retail_chain,08-working,2,0,0.4095
retail_chain,08-working,3,1,0.4095
retail_chain,08-working,4,1,0.4095
retail_chain,08-working,5,2,0.4095
retail_chain,08-working,6,2,0.4095
retail_chain,08-working,7,3,0.4095
retail_chain,08-working,8,3,0.4095
retail_chain,08-working,9,4,0.4095
retail_chain,08-working,10,4,0.4095
retail_chain,08-working,11,5,0.4095
retail_chain,08-working,12,5,0.41827
retail_chain,08-working,13,6,0.43582
retail_chain,08-working,14,6,0.46508
retail_chain,08-working,15,7,0.50602
retail_chain,08-working,16,7,0.55575
retail_chain,08-working,17,8,0.61425
retail_chain,08-working,18,8,0.73125
retail_chain,08-working,19,9,0.90675
retail_chain,08-working,20,9,1.03837
retail_chain,08-working,21,10,1.12613
retail_chain,08-working,22,10,1.17
retail_chain,08-working,23,11,1.17
retail_chain,08-working,24,11,1.17
retail_chain,08-working,25,12,1.17
retail_chain,08-working,26,12,1.17
retail_chain,08-working,27,13,1.17
retail_chain,08-working,28,13,1.17
retail_chain,08-working,29,14,1.17
retail_chain,08-working,30,14,1.17
retail_chain,08-working,31,15,1.17
retail_chain,08-working,32,15,1.17
retail_chain,08-working,33,16,1.17
retail_chain,08-working,34,16,1.17
retail_chain,08-working,35,17,1.17
retail_chain,08-working,36,17,1.17
retail_chain,08-working,37,18,1.17
retail_chain,08-working,38,18,1.17
retail_chain,08-working,39,19,1.17
retail_chain,08-working,40,19,1.15538
retail_chain,08-working,41,20,1.12612
retail_chain,08-working,42,20,1.06762
retail_chain,08-working,43,21,0.97987
retail_chain,08-working,44,21,0.84825
retail_chain,08-working,45,22,0.67275
retail_chain,08-working,46,22,0.55575
retail_chain,08-working,47,23,0.49725
retail_chain,08-working,48,23,0.45337
retail_chain,08-nonworking,1,0,0.44533
retail_chain,08-nonworking,2,0,0.42997
retail_chain,08-nonworking,3,1,0.42997
retail_chain,08-nonworking,4,1,0.42997
retail_chain,08-nonworking,5,2,0.42997
retail_chain,08-nonworking,6,2,0.42997
retail_chain,08-nonworking,7,3,0.42997
retail_chain,08-nonworking,8,3,0.42997
retail_chain,08-nonworking,9,4,0.42997
retail_chain,08-nonworking,10,4,0.42997
retail_chain,08-nonworking,11,5,0.42997
retail_chain,08-nonworking,12,5,0.43919
retail_chain,08-nonworking,13,6,0.45762
retail_chain,08-nonworking,14,6,0.48833
retail_chain,08-nonworking,15,7,0.53133
retail_chain,08-nonworking,16,7,0.58354
retail_chain,08-nonworking,17,8,0.64496
retail_chain,08-nonworking,18,8,0.76781
retail_chain,08-nonworking,19,9,0.95209
retail_chain,08-nonworking,20,9,1.09029
retail_chain,08-nonworking,21,10,1.18243
retail_chain,08-nonworking,22,10,1.2285
retail_chain,08-nonworking,23,11,1.2285
retail_chain,08-nonworking,24,11,1.2285
retail_chain,08-nonworking,25,12,1.2285
retail_chain,08-nonworking,26,12,1.2285
retail_chain,08-nonworking,27,13,1.2285
retail_chain,08-nonworking,28,13,1.2285
retail_chain,08-nonworking,29,14,1.2285
retail_chain,08-nonworking,30,14,1.2285
retail_chain,08-nonworking,31,15,1.2285
retail_chain,08-nonworking,32,15,1.2285
retail_chain,08-nonworking,33,16,1.2285
retail_chain,08-nonworking,34,16,1.2285
retail_chain,08-nonworking,35,17,1.2285
retail_chain,08-nonworking,36,17,1.2285
retail_chain,08-nonworking,37,18,1.2285
retail_chain,08-nonworking,38,18,1.2285
retail_chain,08-nonworking,39,19,1.2285
retail_chain,08-nonworking,40,19,1.21314
retail_chain,08-nonworking,41,20,1.18243
retail_chain,08-nonworking,42,20,1.12101
retail_chain,08-nonworking,43,21,1.02887
retail_chain,08-nonworking,44,21,0.89066
retail_chain,08-nonworking,45,22,0.70639
retail_chain,08-nonworking,46,22,0.58354
retail_chain,08-nonworking,47,23,0.52211
retail_chain,08-nonworking,48,23,0.47604
retail_chain,08-shutdown,1,0,0.3393
retail_chain,08-shutdown,2,0,0.3276
retail_chain,08-shutdown,3,1,0.3276
retail_chain,08-shutdown,4,1,0.3276
retail_chain,08-shutdown,5,2,0.3276
retail_chain,08-shutdown,6,2,0.3276
retail_chain,08-shutdown,7,3,0.3276
retail_chain,08-shutdown,8,3,0.3276
retail_chain,08-shutdown,9,4,0.3276
retail_chain,08-shutdown,10,4,0.3276
retail_chain,08-shutdown,11,5,0.3276
retail_chain,08-shutdown,12,5,0.33462
retail_chain,08-shutdown,13,6,0.34866
retail_chain,08-shutdown,14,6,0.37206
retail_chain,08-shutdown,15,7,0.40482
retail_chain,08-shutdown,16,7,0.4446
retail_chain,08-shutdown,17,8,0.4914
retail_chain,08-shutdown,18,8,0.585
retail_chain,08-shutdown,19,9,0.7254
retail_chain,08-shutdown,20,9,0.8307
retail_chain,08-shutdown,21,10,0.9009
retail_chain,08-shutdown,22,10,0.936
retail_chain,08-shutdown,23,11,0.936
retail_chain,08-shutdown,24,11,0.936
retail_chain,08-shutdown,25,12,0.936
retail_chain,08-shutdown,26,12,0.936
retail_chain,08-shutdown,27,13,0.936
retail_chain,08-shutdown,28,13,0.936
retail_chain,08-shutdown,29,14,0.936
retail_chain,08-shutdown,30,14,0.936
retail_chain,08-shutdown,31,15,0.936
retail_chain,08-shutdown,32,15,0.936
retail_chain,08-shutdown,33,16,0.936
retail_chain,08-shutdown,34,16,0.936
retail_chain,08-shutdown,35,17,0.936
retail_chain,08-shutdown,36,17,0.936
retail_chain,08-shutdown,37,18,0.936
retail_chain,08-shutdown,38,18,0.936
retail_chain,08-shutdown,39,19,0.936
retail_chain,08-shutdown,40,19,0.9243
retail_chain,08-shutdown,41,20,0.9009
retail_chain,08-shutdown,42,20,0.8541
retail_chain,08-shutdown,43,21,0.7839
retail_chain,08-shutdown,44,21,0.6786
retail_chain,08-shutdown,45,22,0.5382
retail_chain,08-shutdown,46,22,0.4446
retail_chain,08-shutdown,47,23,0.3978
retail_chain,08-shutdown,48,23,0.3627
retail_chain,09-working,1,0,0.3915
retail_chain,09-working,2,0,0.378
retail_chain,09-working,3,1,0.378
retail_chain,09-working,4,1,0.378
retail_chain,09-working,5,2,0.378
retail_chain,09-working,6,2,0.378
retail_chain,09-working,7,3,0.378
retail_chain,09-working,8,3,0.378
retail_chain,09-working,9,4,0.378
retail_chain,09-working,10,4,0.378
retail_chain,09-working,11,5,0.378
retail_chain,09-working,12,5,0.3861
retail_chain,09-working,13,6,0.4023
retail_chain,09-working,14,6,0.4293
retail_chain,09-working,15,7,0.4671
retail_chain,09-working,16,7,0.513
retail_chain,09-working,17,8,0.567
retail_chain,09-working,18,8,0.675
retail_chain,09-working,19,9,0.837
retail_chain,09-working,20,9,0.9585
retail_chain,09-working,21,10,1.0395
retail_chain,09-working,22,10,1.08
retail_chain,09-working,23,11,1.08
retail_chain,09-working,24,11,1.08
retail_chain,09-working,25,12,1.08
retail_chain,09-working,26,12,1.08
retail_chain,09-working,27,13,1.08
retail_chain,09-working,28,13,1.08
retail_chain,09-working,29,14,1.08
retail_chain,09-working,30,14,1.08
retail_chain,09-working,31,15,1.08
retail_chain,09-working,32,15,1.08
retail_chain,09-working,33,16,1.08
retail_chain,09-working,34,16,1.08
retail_chain,09-working,35,17,1.08
retail_chain,09-working,36,17,1.08
retail_chain,09-working,37,18,1.08
retail_chain,09-working,38,18,1.08
retail_chain,09-working,39,19,1.08
retail_chain,09-working,40,19,1.0665
retail_chain,09-working,41,20,1.0395
retail_chain,09-working,42,20,0.9855
retail_chain,09-working,43,21,0.9045
retail_chain,09-working,44,21,0.783
retail_chain,09-working,45,22,0.621
retail_chain,09-working,46,22,0.513
retail_chain,09-working,47,23,0.459
retail_chain,09-working,48,23,0.4185
retail_chain,09-nonworking,1,0,0.41108
retail_chain,09-nonworking,2,0,0.3969
retail_chain,09-nonworking,3,1,0.3969
retail_chain,09-nonworking,4,1,0.3969
retail_chain,09-nonworking,5,2,0.3969
retail_chain,09-nonworking,6,2,0.3969
retail_chain,09-nonworking,7,3,0.3969
retail_chain,09-nonworking,8,3,0.3969
retail_chain,09-nonworking,9,4,0.3969
retail_chain,09-nonworking,10,4,0.3969
retail_chain,09-nonworking,11,5,0.3969
retail_chain,09-nonworking,12,5,0.40541
retail_chain,09-nonworking,13,6,0.42242
retail_chain,09-nonworking,14,6,0.45077
retail_chain,09-nonworking,15,7,0.49046
retail_chain,09-nonworking,16,7,0.53865
retail_chain,09-nonworking,17,8,0.59535
retail_chain,09-nonworking,18,8,0.70875
retail_chain,09-nonworking,19,9,0.87885
retail_chain,09-nonworking,20,9,1.00643
retail_chain,09-nonworking,21,10,1.09148
retail_chain,09-nonworking,22,10,1.134
retail_chain,09-nonworking,23,11,1.134
retail_chain,09-nonworking,24,11,1.134
retail_chain,09-nonworking,25,12,1.134
retail_chain,09-nonworking,26,12,1.134
retail_chain,09-nonworking,27,13,1.134
retail_chain,09-nonworking,28,13,1.134
retail_chain,09-nonworking,29,14,1.134
retail_chain,09-nonworking,30,14,1.134
retail_chain,09-nonworking,31,15,1.134
retail_chain,09-nonworking,32,15,1.134
retail_chain,09-nonworking,33,16,1.134
retail_chain,09-nonworking,34,16,1.134
retail_chain,09-nonworking,35,17,1.134
retail_chain,09-nonworking,36,17,1.134
retail_chain,09-nonworking,37,18,1.134
retail_chain,09-nonworking,38,18,1.134
retail_chain,09-nonworking,39,19,1.134
retail_chain,09-nonworking,40,19,1.11983
retail_chain,09-nonworking,41,20,1.09147
retail_chain,09-nonworking,42,20,1.03478
retail_chain,09-nonworking,43,21,0.94973
retail_chain,09-nonworking,44,21,0.82215
retail_chain,09-nonworking,45,22,0.65205
retail_chain,09-nonworking,46,22,0.53865
retail_chain,09-nonworking,47,23,0.48195
retail_chain,09-nonworking,48,23,0.43943
retail_chain,09-shutdown,1,0,0.3132
retail_chain,09-shutdown,2,0,0.3024
retail_chain,09-shutdown,3,1,0.3024
retail_chain,09-shutdown,4,1,0.3024
retail_chain,09-shutdown,5,2,0.3024
retail_chain,09-shutdown,6,2,0.3024
retail_chain,09-shutdown,7,3,0.3024
retail_chain,09-shutdown,8,3,0.3024
retail_chain,09-shutdown,9,4,0.3024
retail_chain,09-shutdown,10,4,0.3024
retail_chain,09-shutdown,11,5,0.3024
retail_chain,09-shutdown,12,5,0.30888
retail_chain,09-shutdown,13,6,0.32184
retail_chain,09-shutdown,14,6,0.34344
retail_chain,09-shutdown,15,7,0.37368
retail_chain,09-shutdown,16,7,0.4104
retail_chain,09-shutdown,17,8,0.4536
retail_chain,09-shutdown,18,8,0.54
retail_chain,09-shutdown,19,9,0.6696
retail_chain,09-shutdown,20,9,0.7668
retail_chain,09-shutdown,21,10,0.8316
retail_chain,09-shutdown,22,10,0.864
retail_chain,09-shutdown,23,11,0.864
retail_chain,09-shutdown,24,11,0.864
retail_chain,09-shutdown,25,12,0.864
retail_chain,09-shutdown,26,12,0.864
retail_chain,09-shutdown,27,13,0.864
retail_chain,09-shutdown,28,13,0.864
retail_chain,09-shutdown,29,14,0.864
retail_chain,09-shutdown,30,14,0.864
retail_chain,09-shutdown,31,15,0.864
retail_chain,09-shutdown,32,15,0.864
retail_chain,09-shutdown,33,16,0.864
retail_chain,09-shutdown,34,16,0.864
retail_chain,09-shutdown,35,17,0.864
retail_chain,09-shutdown,36,17,0.864
retail_chain,09-shutdown,37,18,0.864
retail_chain,09-shutdown,38,18,0.864
retail_chain,09-shutdown,39,19,0.864
retail_chain,09-shutdown,40,19,0.8532
retail_chain,09-shutdown,41,20,0.8316
retail_chain,09-shutdown,42,20,0.7884
retail_chain,09-shutdown,43,21,0.7236
retail_chain,09-shutdown,44,21,0.6264
retail_chain,09-shutdown,45,22,0.4968
retail_chain,09-shutdown,46,22,0.4104
retail_chain,09-shutdown,47,23,0.3672
retail_chain,09-shutdown,48,23,0.3348
retail_chain,10-working,1,0,0.348
retail_chain,10-working,2,0,0.336
retail_chain,10-working,3,1,0.336
retail_chain,10-working,4,1,0.336
retail_chain,10-working,5,2,0.336
retail_chain,10-working,6,2,0.336
retail_chain,10-working,7,3,0.336
retail_chain,10-working,8,3,0.336
retail_chain,10-working,9,4,0.336
retail_chain,10-working,10,4,0.336
retail_chain,10-working,11,5,0.336
retail_chain,10-working,12,5,0.3432
retail_chain,10-working,13,6,0.3576
retail_chain,10-working,14,6,0.3816
retail_chain,10-working,15,7,0.4152
retail_chain,10-working,16,7,0.456
retail_chain,10-working,17,8,0.504
retail_chain,10-working,18,8,0.6
retail_chain,10-working,19,9,0.744
retail_chain,10-working,20,9,0.852
retail_chain,10-working,21,10,0.924
retail_chain,10-working,22,10,0.96
retail_chain,10-working,23,11,0.96
retail_chain,10-working,24,11,0.96
retail_chain,10-working,25,12,0.96
retail_chain,10-working,26,12,0.96
retail_chain,10-working,27,13,0.96
retail_chain,10-working,28,13,0.96
retail_chain,10-working,29,14,0.96
retail_chain,10-working,30,14,0.96
retail_chain,10-working,31,15,0.96
retail_chain,10-working,32,15,0.96
retail_chain,10-working,33,16,0.96
retail_chain,10-working,34,16,0.96
retail_chain,10-working,35,17,0.96
retail_chain,10-working,36,17,0.96
retail_chain,10-working,37,18,0.96
retail_chain,10-working,38,18,0.96
retail_chain,10-working,39,19,0.96
retail_chain,10-working,40,19,0.948
retail_chain,10-working,41,20,0.924
retail_chain,10-working,42,20,0.876
retail_chain,10-working,43,21,0.804
retail_chain,10-working,44,21,0.696
retail_chain,10-working,45,22,0.552
retail_chain,10-working,46,22,0.456
retail_chain,10-working,47,23,0.408
retail_chain,10-working,48,23,0.372
retail_chain,10-nonworking,1,0,0.3654
retail_chain,10-nonworking,2,0,0.3528
retail_chain,10-nonworking,3,1,0.3528
retail_chain,10-nonworking,4,1,0.3528
retail_chain,10-nonworking,5,2,0.3528
retail_chain,10-nonworking,6,2,0.3528
retail_chain,10-nonworking,7,3,0.3528
retail_chain,10-nonworking,8,3,0.3528
retail_chain,10-nonworking,9,4,0.3528
retail_chain,10-nonworking,10,4,0.3528
retail_chain,10-nonworking,11,5,0.3528
retail_chain,10-nonworking,12,5,0.36036
retail_chain,10-nonworking,13,6,0.37548
retail_chain,10-nonworking,14,6,0.40068
retail_chain,10-nonworking,15,7,0.43596
retail_chain,10-nonworking,16,7,0.4788
retail_chain,10-nonworking,17,8,0.5292
retail_chain,10-nonworking,18,8,0.63
retail_chain,10-nonworking,19,9,0.7812
retail_chain,10-nonworking,20,9,0.8946
retail_chain,10-nonworking,21,10,0.9702
retail_chain,10-nonworking,22,10,1.008
retail_chain,10-nonworking,23,11,1.008
retail_chain,10-nonworking,24,11,1.008
retail_chain,10-nonworking,25,12,1.008
retail_chain,10-nonworking,26,12,1.008
retail_chain,10-nonworking,27,13,1.008
retail_chain,10-nonworking,28,13,1.008
retail_chain,10-nonworking,29,14,1.008
retail_chain,10-nonworking,30,14,1.008
retail_chain,10-nonworking,31,15,1.008
retail_chain,10-nonworking,32,15,1.008
retail_chain,10-nonworking,33,16,1.008
retail_chain,10-nonworking,34,16,1.008
retail_chain,10-nonworking,35,17,1.008
retail_chain,10-nonworking,36,17,1.008
retail_chain,10-nonworking,37,18,1.008
retail_chain,10-nonworking,38,18,1.008
retail_chain,10-nonworking,39,19,1.008
retail_chain,10-nonworking,40,19,0.9954
retail_chain,10-nonworking,41,20,0.9702
retail_chain,10-nonworking,42,20,0.9198
retail_chain,10-nonworking,43,21,0.8442
retail_chain,10-nonworking,44,21,0.7308
retail_chain,10-nonworking,45,22,0.5796
retail_chain,10-nonworking,46,22,0.4788
retail_chain,10-nonworking,47,23,0.4284
retail_chain,10-nonworking,48,23,0.3906
retail_chain,10-shutdown,1,0,0.2784
retail_chain,10-shutdown,2,0,0.2688
retail_chain,10-shutdown,3,1,0.2688
retail_chain,10-shutdown,4,1,0.2688
retail_chain,10-shutdown,5,2,0.2688
retail_chain,10-shutdown,6,2,0.2688
retail_chain,10-shutdown,7,3,0.2688
retail_chain,10-shutdown,8,3,0.2688
retail_chain,10-shutdown,9,4,0.2688
retail_chain,10-shutdown,10,4,0.2688
retail_chain,10-shutdown,11,5,0.2688
retail_chain,10-shutdown,12,5,0.27456
retail_chain,10-shutdown,13,6,0.28608
retail_chain,10-shutdown,14,6,0.30528
retail_chain,10-shutdown,15,7,0.33216
retail_chain,10-shutdown,16,7,0.3648
retail_chain,10-shutdown,17,8,0.4032
retail_chain,10-shutdown,18,8,0.48
retail_chain,10-shutdown,19,9,0.5952
retail_chain,10-shutdown,20,9,0.6816
retail_chain,10-shutdown,21,10,0.7392
retail_chain,10-shutdown,22,10,0.768
retail_chain,10-shutdown,23,11,0.768
retail_chain,10-shutdown,24,11,0.768
retail_chain,10-shutdown,25,12,0.768
retail_chain,10-shutdown,26,12,0.768
retail_chain,10-shutdown,27,13,0.768
retail_chain,10-shutdown,28,13,0.768
retail_chain,10-shutdown,29,14,0.768
retail_chain,10-shutdown,30,14,0.768
retail_chain,10-shutdown,31,15,0.768
retail_chain,10-shutdown,32,15,0.768
retail_chain,10-shutdown,33,16,0.768
retail_chain,10-shutdown,34,16,0.768
retail_chain,10-shutdown,35,17,0.768
retail_chain,10-shutdown,36,17,0.768
retail_chain,10-shutdown,37,18,0.768
retail_chain,10-shutdown,38,18,0.768
retail_chain,10-shutdown,39,19,0.768
retail_chain,10-shutdown,40,19,0.7584
retail_chain,10-shutdown,41,20,0.7392
retail_chain,10-shutdown,42,20,0.7008
retail_chain,10-shutdown,43,21,0.6432
retail_chain,10-shutdown,44,21,0.5568
retail_chain,10-shutdown,45,22,0.4416
retail_chain,10-shutdown,46,22,0.3648
retail_chain,10-shutdown,47,23,0.3264
retail_chain,10-shutdown,48,23,0.2976
retail_chain,11-working,1,0,0.348
retail_chain,11-working,2,0,0.336
retail_chain,11-working,3,1,0.336
retail_chain,11-working,4,1,0.336
retail_chain,11-working,5,2,0.336
retail_chain,11-working,6,2,0.336
retail_chain,11-working,7,3,0.336
retail_chain,11-working,8,3,0.336
retail_chain,11-working,9,4,0.336
retail_chain,11-working,10,4,0.336
retail_chain,11-working,11,5,0.336
retail_chain,11-working,12,5,0.3432
retail_chain,11-working,13,6,0.3576
retail_chain,11-working,14,6,0.3816
retail_chain,11-working,15,7,0.4152
retail_chain,11-working,16,7,0.456
retail_chain,11-working,17,8,0.504
retail_chain,11-working,18,8,0.6
retail_chain,11-working,19,9,0.744
retail_chain,11-working,20,9,0.852
retail_chain,11-working,21,10,0.924
retail_chain,11-working,22,10,0.96
retail_chain,11-working,23,11,0.96
retail_chain,11-working,24,11,0.96
retail_chain,11-working,25,12,0.96
retail_chain,11-working,26,12,0.96
retail_chain,11-working,27,13,0.96
retail_chain,11-working,28,13,0.96
retail_chain,11-working,29,14,0.96
retail_chain,11-working,30,14,0.96
retail_chain,11-working,31,15,0.96
retail_chain,11-working,32,15,0.96
retail_chain,11-working,33,16,0.96
retail_chain,11-working,34,16,0.96
retail_chain,11-working,35,17,0.96
retail_chain,11-working,36,17,0.96
retail_chain,11-working,37,18,0.96
retail_chain,11-working,38,18,0.96
retail_chain,11-working,39,19,0.96
retail_chain,11-working,40,19,0.948
retail_chain,11-working,41,20,0.924
retail_chain,11-working,42,20,0.876
retail_chain,11-working,43,21,0.804
retail_chain,11-working,44,21,0.696
retail_chain,11-working,45,22,0.552
retail_chain,11-working,46,22,0.456
retail_chain,11-working,47,23,0.408
retail_chain,11-working,48,23,0.372
retail_chain,11-nonworking,1,0,0.3654
retail_chain,11-nonworking,2,0,0.3528
retail_chain,11-nonworking,3,1,0.3528
retail_chain,11-nonworking,4,1,0.3528
retail_chain,11-nonworking,5,2,0.3528
retail_chain,11-nonworking,6,2,0.3528
retail_chain,11-nonworking,7,3,0.3528
retail_chain,11-nonworking,8,3,0.3528
retail_chain,11-nonworking,9,4,0.3528
retail_chain,11-nonworking,10,4,0.3528
retail_chain,11-nonworking,11,5,0.3528
retail_chain,11-nonworking,12,5,0.36036
retail_chain,11-nonworking,13,6,0.37548
retail_chain,11-nonworking,14,6,0.40068
retail_chain,11-nonworking,15,7,0.43596
retail_chain,11-nonworking,16,7,0.4788
retail_chain,11-nonworking,17,8,0.5292
retail_chain,11-nonworking,18,8,0.63
retail_chain,11-nonworking,19,9,0.7812
retail_chain,11-nonworking,20,9,0.8946
retail_chain,11-nonworking,21,10,0.9702
retail_chain,11-nonworking,22,10,1.008
retail_chain,11-nonworking,23,11,1.008
retail_chain,11-nonworking,24,11,1.008
retail_chain,11-nonworking,25,12,1.008
retail_chain,11-nonworking,26,12,1.008
retail_chain,11-nonworking,27,13,1.008
retail_chain,11-nonworking,28,13,1.008
retail_chain,11-nonworking,29,14,1.008
retail_chain,11-nonworking,30,14,1.008
retail_chain,11-nonworking,31,15,1.008
retail_chain,11-nonworking,32,15,1.008
retail_chain,11-nonworking,33,16,1.008
retail_chain,11-nonworking,34,16,1.008
retail_chain,11-nonworking,35,17,1.008
retail_chain,11-nonworking,36,17,1.008
retail_chain,11-nonworking,37,18,1.008
retail_chain,11-nonworking,38,18,1.008
retail_chain,11-nonworking,39,19,1.008
retail_chain,11-nonworking,40,19,0.9954
retail_chain,11-nonworking,41,20,0.9702
retail_chain,11-nonworking,42,20,0.9198
retail_chain,11-nonworking,43,21,0.8442
retail_chain,11-nonworking,44,21,0.7308
retail_chain,11-nonworking,45,22,0.5796
retail_chain,11-nonworking,46,22,0.4788
retail_chain,11-nonworking,47,23,0.4284
retail_chain,11-nonworking,48,23,0.3906
retail_chain,11-shutdown,1,0,0.2784
retail_chain,11-shutdown,2,0,0.2688
retail_chain,11-shutdown,3,1,0.2688
retail_chain,11-shutdown,4,1,0.2688
retail_chain,11-shutdown,5,2,0.2688
retail_chain,11-shutdown,6,2,0.2688
retail_chain,11-shutdown,7,3,0.2688
retail_chain,11-shutdown,8,3,0.2688
retail_chain,11-shutdown,9,4,0.2688
retail_chain,11-shutdown,10,4,0.2688
retail_chain,11-shutdown,11,5,0.2688
retail_chain,11-shutdown,12,5,0.27456
retail_chain,11-shutdown,13,6,0.28608
retail_chain,11-shutdown,14,6,0.30528
retail_chain,11-shutdown,15,7,0.33216
retail_chain,11-shutdown,16,7,0.3648
retail_chain,11-shutdown,17,8,0.4032
retail_chain,11-shutdown,18,8,0.48
retail_chain,11-shutdown,19,9,0.5952
retail_chain,11-shutdown,20,9,0.6816
retail_chain,11-shutdown,21,10,0.7392
retail_chain,11-shutdown,22,10,0.768
retail_chain,11-shutdown,23,11,0.768
retail_chain,11-shutdown,24,11,0.768
retail_chain,11-shutdown,25,12,0.768
retail_chain,11-shutdown,26,12,0.768
retail_chain,11-shutdown,27,13,0.768
retail_chain,11-shutdown,28,13,0.768
retail_chain,11-shutdown,29,14,0.768
retail_chain,11-shutdown,30,14,0.768
retail_chain,11-shutdown,31,15,0.768
retail_chain,11-shutdown,32,15,0.768
retail_chain,11-shutdown,33,16,0.768
retail_chain,11-shutdown,34,16,0.768
retail_chain,11-shutdown,35,17,0.768
retail_chain,11-shutdown,36,17,0.768
retail_chain,11-shutdown,37,18,0.768
retail_chain,11-shutdown,38,18,0.768
retail_chain,11-shutdown,39,19,0.768
retail_chain,11-shutdown,40,19,0.7584
retail_chain,11-shutdown,41,20,0.7392
retail_chain,11-shutdown,42,20,0.7008
retail_chain,11-shutdown,43,21,0.6432
retail_chain,11-shutdown,44,21,0.5568
retail_chain,11-shutdown,45,22,0.4416
retail_chain,11-shutdown,46,22,0.3648
retail_chain,11-shutdown,47,23,0.3264
retail_chain,11-shutdown,48,23,0.2976
retail_chain,12-working,1,0,0.38062
retail_chain,12-working,2,0,0.3675
retail_chain,12-working,3,1,0.3675
retail_chain,12-working,4,1,0.3675
retail_chain,12-working,5,2,0.3675
retail_chain,12-working,6,2,0.3675
retail_chain,12-working,7,3,0.3675
retail_chain,12-working,8,3,0.3675
retail_chain,12-working,9,4,0.3675
retail_chain,12-working,10,4,0.3675
retail_chain,12-working,11,5,0.3675
retail_chain,12-working,12,5,0.37538
retail_chain,12-working,13,6,0.39113
retail_chain,12-working,14,6,0.41738
retail_chain,12-working,15,7,0.45413
retail_chain,12-working,16,7,0.49875
retail_chain,12-working,17,8,0.55125
retail_chain,12-working,18,8,0.65625
retail_chain,12-working,19,9,0.81375
retail_chain,12-working,20,9,0.93188
retail_chain,12-working,21,10,1.01063
retail_chain,12-working,22,10,1.05
retail_chain,12-working,23,11,1.05
retail_chain,12-working,24,11,1.05
retail_chain,12-working,25,12,1.05
retail_chain,12-working,26,12,1.05
retail_chain,12-working,27,13,1.05
retail_chain,12-working,28,13,1.05
retail_chain,12-working,29,14,1.05
retail_chain,12-working,30,14,1.05
retail_chain,12-working,31,15,1.05
retail_chain,12-working,32,15,1.05
retail_chain,12-working,33,16,1.05
retail_chain,12-working,34,16,1.05
retail_chain,12-working,35,17,1.05
retail_chain,12-working,36,17,1.05
retail_chain,12-working,37,18,1.05
retail_chain,12-working,38,18,1.05
retail_chain,12-working,39,19,1.05
retail_chain,12-working,40,19,1.03687
retail_chain,12-working,41,20,1.01062
retail_chain,12-working,42,20,0.95813
retail_chain,12-working,43,21,0.87938
retail_chain,12-working,44,21,0.76125
retail_chain,12-working,45,22,0.60375
retail_chain,12-working,46,22,0.49875
retail_chain,12-working,47,23,0.44625
retail_chain,12-working,48,23,0.40688
retail_chain,12-nonworking,1,0,0.39966
retail_chain,12-nonworking,2,0,0.38588
retail_chain,12-nonworking,3,1,0.38588
retail_chain,12-nonworking,4,1,0.38588
retail_chain,12-nonworking,5,2,0.38588
retail_chain,12-nonworking,6,2,0.38588
retail_chain,12-nonworking,7,3,0.38588
retail_chain,12-nonworking,8,3,0.38588
retail_chain,12-nonworking,9,4,0.38588
retail_chain,12-nonworking,10,4,0.38588
retail_chain,12-nonworking,11,5,0.38588
retail_chain,12-nonworking,12,5,0.39414
retail_chain,12-nonworking,13,6,0.41068
retail_chain,12-nonworking,14,6,0.43824
retail_chain,12-nonworking,15,7,0.47683
retail_chain,12-nonworking,16,7,0.52369
retail_chain,12-nonworking,17,8,0.57881
retail_chain,12-nonworking,18,8,0.68906
retail_chain,12-nonworking,19,9,0.85444
retail_chain,12-nonworking,20,9,0.97847
retail_chain,12-nonworking,21,10,1.06116
retail_chain,12-nonworking,22,10,1.1025
retail_chain,12-nonworking,23,11,1.1025
retail_chain,12-nonworking,24,11,1.1025
retail_chain,12-nonworking,25,12,1.1025
retail_chain,12-nonworking,26,12,1.1025
retail_chain,12-nonworking,27,13,1.1025
retail_chain,12-nonworking,28,13,1.1025
retail_chain,12-nonworking,29,14,1.1025
retail_chain,12-nonworking,30,14,1.1025
retail_chain,12-nonworking,31,15,1.1025
retail_chain,12-nonworking,32,15,1.1025
retail_chain,12-nonworking,33,16,1.1025
retail_chain,12-nonworking,34,16,1.1025
retail_chain,12-nonworking,35,17,1.1025
retail_chain,12-nonworking,36,17,1.1025
retail_chain,12-nonworking,37,18,1.1025
retail_chain,12-nonworking,38,18,1.1025
retail_chain,12-nonworking,39,19,1.1025
retail_chain,12-nonworking,40,19,1.08872
retail_chain,12-nonworking,41,20,1.06116
retail_chain,12-nonworking,42,20,1.00603
retail_chain,12-nonworking,43,21,0.92334
retail_chain,12-nonworking,44,21,0.79931
retail_chain,12-nonworking,45,22,0.63394
retail_chain,12-nonworking,46,22,0.52369
retail_chain,12-nonworking,47,23,0.46856
retail_chain,12-nonworking,48,23,0.42722
retail_chain,12-shutdown,1,0,0.3045
retail_chain,12-shutdown,2,0,0.294
retail_chain,12-shutdown,3,1,0.294
retail_chain,12-shutdown,4,1,0.294
retail_chain,12-shutdown,5,2,0.294
retail_chain,12-shutdown,6,2,0.294
retail_chain,12-shutdown,7,3,0.294
retail_chain,12-shutdown,8,3,0.294
retail_chain,12-shutdown,9,4,0.294
retail_chain,12-shutdown,10,4,0.294
retail_chain,12-shutdown,11,5,0.294
retail_chain,12-shutdown,12,5,0.3003
retail_chain,12-shutdown,13,6,0.3129
retail_chain,12-shutdown,14,6,0.3339
retail_chain,12-shutdown,15,7,0.3633
retail_chain,12-shutdown,16,7,0.399
retail_chain,12-shutdown,17,8,0.441
retail_chain,12-shutdown,18,8,0.525
retail_chain,12-shutdown,19,9,0.651
retail_chain,12-shutdown,20,9,0.7455
retail_chain,12-shutdown,21,10,0.8085
retail_chain,12-shutdown,22,10,0.84
retail_chain,12-shutdown,23,11,0.84
retail_chain,12-shutdown,24,11,0.84
retail_chain,12-shutdown,25,12,0.84
retail_chain,12-shutdown,26,12,0.84
retail_chain,12-shutdown,27,13,0.84
retail_chain,12-shutdown,28,13,0.84
retail_chain,12-shutdown,29,14,0.84
retail_chain,12-shutdown,30,14,0.84
retail_chain,12-shutdown,31,15,0.84
retail_chain,12-shutdown,32,15,0.84
retail_chain,12-shutdown,33,16,0.84
retail_chain,12-shutdown,34,16,0.84
retail_chain,12-shutdown,35,17,0.84
retail_chain,12-shutdown,36,17,0.84
retail_chain,12-shutdown,37,18,0.84
retail_chain,12-shutdown,38,18,0.84
retail_chain,12-shutdown,39,19,0.84
retail_chain,12-shutdown,40,19,0.8295
retail_chain,12-shutdown,41,20,0.8085
retail_chain,12-shutdown,42,20,0.7665
retail_chain,12-shutdown,43,21,0.7035
retail_chain,12-shutdown,44,21,0.609
retail_chain,12-shutdown,45,22,0.483
retail_chain,12-shutdown,46,22,0.399
retail_chain,12-shutdown,47,23,0.357
retail_chain,12-shutdown,48,23,0.3255
retail_chain,heat-working,1,0,0.42412
retail_chain,heat-working,2,0,0.4095
retail_chain,heat-working,3,1,0.4095
retail_chain,heat-working,4,1,0.4095
retail_chain,heat-working,5,2,0.4095
retail_chain,heat-working,6,2,0.4095
retail_chain,heat-working,7,3,0.4095
retail_chain,heat-working,8,3,0.4095
retail_chain,heat-working,9,4,0.4095
retail_chain,heat-working,10,4,0.4095
retail_chain,heat-working,11,5,0.4095
retail_chain,heat-working,12,5,0.41827
retail_chain,heat-working,13,6,0.43582
retail_chain,heat-working,14,6,0.46508
retail_chain,heat-working,15,7,0.50602
retail_chain,heat-working,16,7,0.55575
retail_chain,heat-working,17,8,0.61425
retail_chain,heat-working,18,8,0.73125
retail_chain,heat-working,19,9,0.90675
retail_chain,heat-working,20,9,1.03837
retail_chain,heat-working,21,10,1.12613
retail_chain,heat-working,22,10,1.17
retail_chain,heat-working,23,11,1.17
retail_chain,heat-working,24,11,1.17
retail_chain,heat-working,25,12,1.17
retail_chain,heat-working,26,12,1.17
retail_chain,heat-working,27,13,1.17
retail_chain,heat-working,28,13,1.17
retail_chain,heat-working,29,14,1.17
retail_chain,heat-working,30,14,1.17
retail_chain,heat-working,31,15,1.17
retail_chain,heat-working,32,15,1.17
retail_chain,heat-working,33,16,1.17
retail_chain,heat-working,34,16,1.17
retail_chain,heat-working,35,17,1.17
retail_chain,heat-working,36,17,1.17
retail_chain,heat-working,37,18,1.17
retail_chain,heat-working,38,18,1.17
retail_chain,heat-working,39,19,1.17
retail_chain,heat-working,40,19,1.15538
retail_chain,heat-working,41,20,1.12612
retail_chain,heat-working,42,20,1.06762
retail_chain,heat-working,43,21,0.97987
retail_chain,heat-working,44,21,0.84825
retail_chain,heat-working,45,22,0.67275
retail_chain,heat-working,46,22,0.55575
retail_chain,heat-working,47,23,0.49725
retail_chain,heat-working,48,23,0.45337
retail_chain,cold-working,1,0,0.38062
retail_chain,cold-working,2,0,0.3675
retail_chain,cold-working,3,1,0.3675
retail_chain,cold-working,4,1,0.3675
retail_chain,cold-working,5,2,0.3675
retail_chain,cold-working,6,2,0.3675
retail_chain,cold-working,7,3,0.3675
retail_chain,cold-working,8,3,0.3675
retail_chain,cold-working,9,4,0.3675
retail_chain,cold-working,10,4,0.3675
retail_chain,cold-working,11,5,0.3675
retail_chain,cold-working,12,5,0.37538
retail_chain,cold-working,13,6,0.39113
retail_chain,cold-working,14,6,0.41738
retail_chain,cold-working,15,7,0.45413
retail_chain,cold-working,16,7,0.49875
retail_chain,cold-working,17,8,0.55125
retail_chain,cold-working,18,8,0.65625
retail_chain,cold-working,19,9,0.81375
retail_chain,cold-working,20,9,0.93188
retail_chain,cold-working,21,10,1.01063
retail_chain,cold-working,22,10,1.05
retail_chain,cold-working,23,11,1.05
retail_chain,cold-working,24,11,1.05
retail_chain,cold-working,25,12,1.05
retail_chain,cold-working,26,12,1.05
retail_chain,cold-working,27,13,1.05
retail_chain,cold-working,28,13,1.05
retail_chain,cold-working,29,14,1.05
retail_chain,cold-working,30,14,1.05
retail_chain,cold-working,31,15,1.05
retail_chain,cold-working,32,15,1.05
retail_chain,cold-working,33,16,1.05
retail_chain,cold-working,34,16,1.05
retail_chain,cold-working,35,17,1.05
retail_chain,cold-working,36,17,1.05
retail_chain,cold-working,37,18,1.05
retail_chain,cold-working,38,18,1.05
retail_chain,cold-working,39,19,1.05
retail_chain,cold-working,40,19,1.03687
retail_chain,cold-working,41,20,1.01062
retail_chain,cold-working,42,20,0.95813
retail_chain,cold-working,43,21,0.87938
retail_chain,cold-working,44,21,0.76125
retail_chain,cold-working,45,22,0.60375
retail_chain,cold-working,46,22,0.49875
retail_chain,cold-working,47,23,0.44625
retail_chain,cold-working,48,23,0.40688
hospital,01-working,1,0,0.75435
hospital,01-working,2,0,0.749
hospital,01-working,3,1,0.749
hospital,01-working,4,1,0.749
hospital,01-working,5,2,0.749
hospital,01-working,6,2,0.749
hospital,01-working,7,3,0.749
hospital,01-working,8,3,0.749
hospital,01-working,9,4,0.749
hospital,01-working,10,4,0.75435
hospital,01-working,11,5,0.76505
hospital,01-working,12,5,0.77843
hospital,01-working,13,6,0.79447
hospital,01-working,14,6,0.81588
hospital,01-working,15,7,0.84263
hospital,01-working,16,7,0.89613
hospital,01-working,17,8,0.97637
hospital,01-working,18,8,1.02987
hospital,01-working,19,9,1.05663
hospital,01-working,20,9,1.07
hospital,01-working,21,10,1.07
hospital,01-working,22,10,1.07
hospital,01-working,23,11,1.07
hospital,01-working,24,11,1.07
hospital,01-working,25,12,1.07
hospital,01-working,26,12,1.07
hospital,01-working,27,13,1.07
hospital,01-working,28,13,1.07
hospital,01-working,29,14,1.07
hospital,01-working,30,14,1.07
hospital,01-working,31,15,1.07
hospital,01-working,32,15,1.07
hospital,01-working,33,16,1.07
hospital,01-working,34,16,1.05663
hospital,01-working,35,17,1.02987
hospital,01-working,36,17,1.00313
hospital,01-working,37,18,0.97637
hospital,01-working,38,18,0.963
hospital,01-working,39,19,0.963
hospital,01-working,40,19,0.94963
hospital,01-working,41,20,0.92288
hospital,01-working,42,20,0.89613
hospital,01-working,43,21,0.86938
hospital,01-working,44,21,0.84263
hospital,01-working,45,22,0.81588
hospital,01-working,46,22,0.79447
hospital,01-working,47,23,0.77843
hospital,01-working,48,23,0.76505
hospital,01-nonworking,1,0,0.66383
hospital,01-nonworking,2,0,0.65912
hospital,01-nonworking,3,1,0.65912
hospital,01-nonworking,4,1,0.65912
hospital,01-nonworking,5,2,0.65912
hospital,01-nonworking,6,2,0.65912
hospital,01-nonworking,7,3,0.65912
hospital,01-nonworking,8,3,0.65912
hospital,01-nonworking,9,4,0.65912
hospital,01-nonworking,10,4,0.66383
hospital,01-nonworking,11,5,0.67324
hospital,01-nonworking,12,5,0.68501
hospital,01-nonworking,13,6,0.69914
hospital,01-nonworking,14,6,0.71797
hospital,01-nonworking,15,7,0.74151
hospital,01-nonworking,16,7,0.78859
hospital,01-nonworking,17,8,0.85921
hospital,01-nonworking,18,8,0.90629
hospital,01-nonworking,19,9,0.92983
hospital,01-nonworking,20,9,0.9416
hospital,01-nonworking,21,10,0.9416
hospital,01-nonworking,22,10,0.9416
hospital,01-nonworking,23,11,0.9416
hospital,01-nonworking,24,11,0.9416
hospital,01-nonworking,25,12,0.9416
hospital,01-nonworking,26,12,0.9416
hospital,01-nonworking,27,13,0.9416
hospital,01-nonworking,28,13,0.9416
hospital,01-nonworking,29,14,0.9416
hospital,01-nonworking,30,14,0.9416
hospital,01-nonworking,31,15,0.9416
hospital,01-nonworking,32,15,0.9416
hospital,01-nonworking,33,16,0.9416
hospital,01-nonworking,34,16,0.92983
hospital,01-nonworking,35,17,0.90629
hospital,01-nonworking,36,17,0.88275
hospital,01-nonworking,37,18,0.85921
hospital,01-nonworking,38,18,0.84744
hospital,01-nonworking,39,19,0.84744
hospital,01-nonworking,40,19,0.83567
hospital,01-nonworking,41,20,0.81213
hospital,01-nonworking,42,20,0.78859
hospital,01-nonworking,43,21,0.76505
hospital,01-nonworking,44,21,0.74151
hospital,01-nonworking,45,22,0.71797
hospital,01-nonworking,46,22,0.69914
hospital,01-nonworking,47,23,0.68501
hospital,01-nonworking,48,23,0.67324
hospital,01-shutdown,1,0,0.66383
hospital,01-shutdown,2,0,0.65912
hospital,01-shutdown,3,1,0.65912
hospital,01-shutdown,4,1,0.65912
hospital,01-shutdown,5,2,0.65912
hospital,01-shutdown,6,2,0.65912
hospital,01-shutdown,7,3,0.65912
hospital,01-shutdown,8,3,0.65912
hospital,01-shutdown,9,4,0.65912
hospital,01-shutdown,10,4,0.66383
hospital,01-shutdown,11,5,0.67324
hospital,01-shutdown,12,5,0.68501
hospital,01-shutdown,13,6,0.69914
hospital,01-shutdown,14,6,0.71797
hospital,01-shutdown,15,7,0.74151
hospital,01-shutdown,16,7,0.78859
hospital,01-shutdown,17,8,0.85921
hospital,01-shutdown,18,8,0.90629
hospital,01-shutdown,19,9,0.92983
hospital,01-shutdown,20,9,0.9416
hospital,01-shutdown,21,10,0.9416
hospital,01-shutdown,22,10,0.9416
hospital,01-shutdown,23,11,0.9416
hospital,01-shutdown,24,11,0.9416
hospital,01-shutdown,25,12,0.9416
hospital,01-shutdown,26,12,0.9416
hospital,01-shutdown,27,13,0.9416
hospital,01-shutdown,28,13,0.9416
hospital,01-shutdown,29,14,0.9416
hospital,01-shutdown,30,14,0.9416
hospital,01-shutdown,31,15,0.9416
hospital,01-shutdown,32,15,0.9416
hospital,01-shutdown,33,16,0.9416
hospital,01-shutdown,34,16,0.92983
hospital,01-shutdown,35,17,0.90629
hospital,01-shutdown,36,17,0.88275
hospital,01-shutdown,37,18,0.85921
hospital,01-shutdown,38,18,0.84744
hospital,01-shutdown,39,19,0.84744
hospital,01-shutdown,40,19,0.83567
hospital,01-shutdown,41,20,0.81213
hospital,01-shutdown,42,20,0.78859
hospital,01-shutdown,43,21,0.76505
hospital,01-shutdown,44,21,0.74151
hospital,01-shutdown,45,22,0.71797
hospital,01-shutdown,46,22,0.69914
hospital,01-shutdown,47,23,0.68501
hospital,01-shutdown,48,23,0.67324
hospital,02-working,1,0,0.7473
hospital,02-working,2,0,0.742
hospital,02-working,3,1,0.742
hospital,02-working,4,1,0.742
hospital,02-working,5,2,0.742
hospital,02-working,6,2,0.742
hospital,02-working,7,3,0.742
hospital,02-working,8,3,0.742
hospital,02-working,9,4,0.742
hospital,02-working,10,4,0.7473
hospital,02-working,11,5,0.7579
hospital,02-working,12,5,0.77115
hospital,02-working,13,6,0.78705
hospital,02-working,14,6,0.80825
hospital,02-working,15,7,0.83475
hospital,02-working,16,7,0.88775
hospital,02-working,17,8,0.96725
hospital,02-working,18,8,1.02025
hospital,02-working,19,9,1.04675
hospital,02-working,20,9,1.06
hospital,02-working,21,10,1.06
hospital,02-working,22,10,1.06
hospital,02-working,23,11,1.06
hospital,02-working,24,11,1.06
hospital,02-working,25,12,1.06
hospital,02-working,26,12,1.06
hospital,02-working,27,13,1.06
hospital,02-working,28,13,1.06
hospital,02-working,29,14,1.06
hospital,02-working,30,14,1.06
hospital,02-working,31,15,1.06
hospital,02-working,32,15,1.06
hospital,02-working,33,16,1.06
hospital,02-working,34,16,1.04675
hospital,02-working,35,17,1.02025
hospital,02-working,36,17,0.99375
hospital,02-working,37,18,0.96725
hospital,02-working,38,18,0.954
hospital,02-working,39,19,0.954
hospital,02-working,40,19,0.94075
hospital,02-working,41,20,0.91425
hospital,02-working,42,20,0.88775
hospital,02-working,43,21,0.86125
hospital,02-working,44,21,0.83475
hospital,02-working,45,22,0.80825
hospital,02-working,46,22,0.78705
hospital,02-working,47,23,0.77115
hospital,02-working,48,23,0.7579
hospital,02-nonworking,1,0,0.65762
hospital,02-nonworking,2,0,0.65296
hospital,02-nonworking,3,1,0.65296
hospital,02-nonworking,4,1,0.65296
hospital,02-nonworking,5,2,0.65296
hospital,02-nonworking,6,2,0.65296
hospital,02-nonworking,7,3,0.65296
hospital,02-nonworking,8,3,0.65296
hospital,02-nonworking,9,4,0.65296
hospital,02-nonworking,10,4,0.65762
hospital,02-nonworking,11,5,0.66695
hospital,02-nonworking,12,5,0.67861
hospital,02-nonworking,13,6,0.6926
hospital,02-nonworking,14,6,0.71126
hospital,02-nonworking,15,7,0.73458
hospital,02-nonworking,16,7,0.78122
hospital,02-nonworking,17,8,0.85118
hospital,02-nonworking,18,8,0.89782
hospital,02-nonworking,19,9,0.92114
hospital,02-nonworking,20,9,0.9328
hospital,02-nonworking,21,10,0.9328
hospital,02-nonworking,22,10,0.9328
hospital,02-nonworking,23,11,0.9328
hospital,02-nonworking,24,11,0.9328
hospital,02-nonworking,25,12,0.9328
hospital,02-nonworking,26,12,0.9328
hospital,02-nonworking,27,13,0.9328
hospital,02-nonworking,28,13,0.9328
hospital,02-nonworking,29,14,0.9328
hospital,02-nonworking,30,14,0.9328
hospital,02-nonworking,31,15,0.9328
hospital,02-nonworking,32,15,0.9328
hospital,02-nonworking,33,16,0.9328
hospital,02-nonworking,34,16,0.92114
hospital,02-nonworking,35,17,0.89782
hospital,02-nonworking,36,17,0.8745
hospital,02-nonworking,37,18,0.85118
hospital,02-nonworking,38,18,0.83952
hospital,02-nonworking,39,19,0.83952
hospital,02-nonworking,40,19,0.82786
hospital,02-nonworking,41,20,0.80454
hospital,02-nonworking,42,20,0.78122
hospital,02-nonworking,43,21,0.7579
hospital,02-nonworking,44,21,0.73458
hospital,02-nonworking,45,22,0.71126
hospital,02-nonworking,46,22,0.6926
hospital,02-nonworking,47,23,0.67861
hospital,02-nonworking,48,23,0.66695
hospital,02-shutdown,1,0,0.65762
hospital,02-shutdown,2,0,0.65296
hospital,02-shutdown,3,1,0.65296
hospital,02-shutdown,4,1,0.65296
hospital,02-shutdown,5,2,0.65296
hospital,02-shutdown,6,2,0.65296
hospital,02-shutdown,7,3,0.65296
hospital,02-shutdown,8,3,0.65296
hospital,02-shutdown,9,4,0.65296
hospital,02-shutdown,10,4,0.65762
hospital,02-shutdown,11,5,0.66695
hospital,02-shutdown,12,5,0.67861
hospital,02-shutdown,13,6,0.6926
hospital,02-shutdown,14,6,0.71126
hospital,02-shutdown,15,7,0.73458
hospital,02-shutdown,16,7,0.78122
hospital,02-shutdown,17,8,0.85118
hospital,02-shutdown,18,8,0.89782
hospital,02-shutdown,19,9,0.92114
hospital,02-shutdown,20,9,0.9328
hospital,02-shutdown,21,10,0.9328
hospital,02-shutdown,22,10,0.9328
hospital,02-shutdown,23,11,0.9328
hospital,02-shutdown,24,11,0.9328
hospital,02-shutdown,25,12,0.9328
hospital,02-shutdown,26,12,0.9328
hospital,02-shutdown,27,13,0.9328
hospital,02-shutdown,28,13,0.9328
hospital,02-shutdown,29,14,0.9328
hospital,02-shutdown,30,14,0.9328
hospital,02-shutdown,31,15,0.9328
hospital,02-shutdown,32,15,0.9328
hospital,02-shutdown,33,16,0.9328
hospital,02-shutdown,34,16,0.92114
hospital,02-shutdown,35,17,0.89782
hospital,02-shutdown,36,17,0.8745
hospital,02-shutdown,37,18,0.85118
hospital,02-shutdown,38,18,0.83952
hospital,02-shutdown,39,19,0.83952
hospital,02-shutdown,40,19,0.82786
hospital,02-shutdown,41,20,0.80454
hospital,02-shutdown,42,20,0.78122
hospital,02-shutdown,43,21,0.7579
hospital,02-shutdown,44,21,0.73458
hospital,02-shutdown,45,22,0.71126
hospital,02-shutdown,46,22,0.6926
hospital,02-shutdown,47,23,0.67861
hospital,02-shutdown,48,23,0.66695
hospital,03-working,1,0,0.705
hospital,03-working,2,0,0.7
hospital,03-working,3,1,0.7
hospital,03-working,4,1,0.7
hospital,03-working,5,2,0.7
hospital,03-working,6,2,0.7
hospital,03-working,7,3,0.7
hospital,03-working,8,3,0.7
hospital,03-working,9,4,0.7
hospital,03-working,10,4,0.705
hospital,03-working,11,5,0.715
hospital,03-working,12,5,0.7275
hospital,03-working,13,6,0.7425
hospital,03-working,14,6,0.7625
hospital,03-working,15,7,0.7875
hospital,03-working,16,7,0.8375
hospital,03-working,17,8,0.9125
hospital,03-working,18,8,0.9625
hospital,03-working,19,9,0.9875
hospital,03-working,20,9,1
hospital,03-working,21,10,1
hospital,03-working,22,10,1
hospital,03-working,23,11,1
hospital,03-working,24,11,1
hospital,03-working,25,12,1
hospital,03-working,26,12,1
hospital,03-working,27,13,1
hospital,03-working,28,13,1
hospital,03-working,29,14,1
hospital,03-working,30,14,1
hospital,03-working,31,15,1
hospital,03-working,32,15,1
hospital,03-working,33,16,1
hospital,03-working,34,16,0.9875
hospital,03-working,35,17,0.9625
hospital,03-working,36,17,0.9375
hospital,03-working,37,18,0.9125
hospital,03-working,38,18,0.9
hospital,03-working,39,19,0.9
hospital,03-working,40,19,0.8875
hospital,03-working,41,20,0.8625
hospital,03-working,42,20,0.8375
hospital,03-working,43,21,0.8125
hospital,03-working,44,21,0.7875
hospital,03-working,45,22,0.7625
hospital,03-working,46,22,0.7425
hospital,03-working,47,23,0.7275
hospital,03-working,48,23,0.715
hospital,03-nonworking,1,0,0.6204
hospital,03-nonworking,2,0,0.616
hospital,03-nonworking,3,1,0.616
hospital,03-nonworking,4,1,0.616
hospital,03-nonworking,5,2,0.616
hospital,03-nonworking,6,2,0.616
hospital,03-nonworking,7,3,0.616
hospital,03-nonworking,8,3,0.616
hospital,03-nonworking,9,4,0.616
hospital,03-nonworking,10,4,0.6204
hospital,03-nonworking,11,5,0.6292
hospital,03-nonworking,12,5,0.6402
hospital,03-nonworking,13,6,0.6534
hospital,03-nonworking,14,6,0.671
hospital,03-nonworking,15,7,0.693
hospital,03-nonworking,16,7,0.737
hospital,03-nonworking,17,8,0.803
hospital,03-nonworking,18,8,0.847
hospital,03-nonworking,19,9,0.869
hospital,03-nonworking,20,9,0.88
hospital,03-nonworking,21,10,0.88
hospital,03-nonworking,22,10,0.88
hospital,03-nonworking,23,11,0.88
hospital,03-nonworking,24,11,0.88
hospital,03-nonworking,25,12,0.88
hospital,03-nonworking,26,12,0.88
hospital,03-nonworking,27,13,0.88
hospital,03-nonworking,28,13,0.88
hospital,03-nonworking,29,14,0.88
hospital,03-nonworking,30,14,0.88
hospital,03-nonworking,31,15,0.88
hospital,03-nonworking,32,15,0.88
hospital,03-nonworking,33,16,0.88
hospital,03-nonworking,34,16,0.869
hospital,03-nonworking,35,17,0.847
hospital,03-nonworking,36,17,0.825
hospital,03-nonworking,37,18,0.803
hospital,03-nonworking,38,18,0.792
hospital,03-nonworking,39,19,0.792
hospital,03-nonworking,40,19,0.781
hospital,03-nonworking,41,20,0.759
hospital,03-nonworking,42,20,0.737
hospital,03-nonworking,43,21,0.715
hospital,03-nonworking,44,21,0.693
hospital,03-nonworking,45,22,0.671
hospital,03-nonworking,46,22,0.6534
hospital,03-nonworking,47,23,0.6402
hospital,03-nonworking,48,23,0.6292
hospital,03-shutdown,1,0,0.6204
hospital,03-shutdown,2,0,0.616
hospital,03-shutdown,3,1,0.616
hospital,03-shutdown,4,1,0.616
hospital,03-shutdown,5,2,0.616
hospital,03-shutdown,6,2,0.616
hospital,03-shutdown,7,3,0.616
hospital,03-shutdown,8,3,0.616
hospital,03-shutdown,9,4,0.616
hospital,03-shutdown,10,4,0.6204
hospital,03-shutdown,11,5,0.6292
hospital,03-shutdown,12,5,0.6402
hospital,03-shutdown,13,6,0.6534
hospital,03-shutdown,14,6,0.671
hospital,03-shutdown,15,7,0.693
hospital,03-shutdown,16,7,0.737
hospital,03-shutdown,17,8,0.803
hospital,03-shutdown,18,8,0.847
hospital,03-shutdown,19,9,0.869
hospital,03-shutdown,20,9,0.88
hospital,03-shutdown,21,10,0.88
hospital,03-shutdown,22,10,0.88
hospital,03-shutdown,23,11,0.88
hospital,03-shutdown,24,11,0.88
hospital,03-shutdown,25,12,0.88
hospital,03-shutdown,26,12,0.88
hospital,03-shutdown,27,13,0.88
hospital,03-shutdown,28,13,0.88
hospital,03-shutdown,29,14,0.88
hospital,03-shutdown,30,14,0.88
hospital,03-shutdown,31,15,0.88
hospital,03-shutdown,32,15,0.88
hospital,03-shutdown,33,16,0.88
hospital,03-shutdown,34,16,0.869
hospital,03-shutdown,35,17,0.847
hospital,03-shutdown,36,17,0.825
hospital,03-shutdown,37,18,0.803
hospital,03-shutdown,38,18,0.792
hospital,03-shutdown,39,19,0.792
hospital,03-shutdown,40,19,0.781
hospital,03-shutdown,41,20,0.759
hospital,03-shutdown,42,20,0.737
hospital,03-shutdown,43,21,0.715
hospital,03-shutdown,44,21,0.693
hospital,03-shutdown,45,22,0.671
hospital,03-shutdown,46,22,0.6534
hospital,03-shutdown,47,23,0.6402
hospital,03-shutdown,48,23,0.6292
hospital,04-working,1,0,0.66975
hospital,04-working,2,0,0.665
hospital,04-working,3,1,0.665
hospital,04-working,4,1,0.665
hospital,04-working,5,2,0.665
hospital,04-working,6,2,0.665
hospital,04-working,7,3,0.665
hospital,04-working,8,3,0.665
hospital,04-working,9,4,0.665
hospital,04-working,10,4,0.66975
hospital,04-working,11,5,0.67925
hospital,04-working,12,5,0.69112
hospital,04-working,13,6,0.70537
hospital,04-working,14,6,0.72437
hospital,04-working,15,7,0.74813
hospital,04-working,16,7,0.79563
hospital,04-working,17,8,0.86687
hospital,04-working,18,8,0.91437
hospital,04-working,19,9,0.93812
hospital,04-working,20,9,0.95
hospital,04-working,21,10,0.95
hospital,04-working,22,10,0.95
hospital,04-working,23,11,0.95
hospital,04-working,24,11,0.95
hospital,04-working,25,12,0.95
hospital,04-working,26,12,0.95
hospital,04-working,27,13,0.95
hospital,04-working,28,13,0.95
hospital,04-working,29,14,0.95
hospital,04-working,30,14,0.95
hospital,04-working,31,15,0.95
hospital,04-working,32,15,0.95
hospital,04-working,33,16,0.95
hospital,04-working,34,16,0.93812
hospital,04-working,35,17,0.91437
hospital,04-working,36,17,0.89062
hospital,04-working,37,18,0.86687
hospital,04-working,38,18,0.855
hospital,04-working,39,19,0.855
hospital,04-working,40,19,0.84312
hospital,04-working,41,20,0.81937
hospital,04-working,42,20,0.79563
hospital,04-working,43,21,0.77187
hospital,04-working,44,21,0.74813
hospital,04-working,45,22,0.72437
hospital,04-working,46,22,0.70537
hospital,04-working,47,23,0.69112
hospital,04-working,48,23,0.67925
hospital,04-nonworking,1,0,0.58938
hospital,04-nonworking,2,0,0.5852
hospital,04-nonworking,3,1,0.5852
hospital,04-nonworking,4,1,0.5852
hospital,04-nonworking,5,2,0.5852
hospital,04-nonworking,6,2,0.5852
hospital,04-nonworking,7,3,0.5852
hospital,04-nonworking,8,3,0.5852
hospital,04-nonworking,9,4,0.5852
hospital,04-nonworking,10,4,0.58938
hospital,04-nonworking,11,5,0.59774
hospital,04-nonworking,12,5,0.60819
hospital,04-nonworking,13,6,0.62073
hospital,04-nonworking,14,6,0.63745
hospital,04-nonworking,15,7,0.65835
hospital,04-nonworking,16,7,0.70015
hospital,04-nonworking,17,8,0.76285
hospital,04-nonworking,18,8,0.80465
hospital,04-nonworking,19,9,0.82555
hospital,04-nonworking,20,9,0.836
hospital,04-nonworking,21,10,0.836
hospital,04-nonworking,22,10,0.836
hospital,04-nonworking,23,11,0.836
hospital,04-nonworking,24,11,0.836
hospital,04-nonworking,25,12,0.836
hospital,04-nonworking,26,12,0.836
hospital,04-nonworking,27,13,0.836
hospital,04-nonworking,28,13,0.836
hospital,04-nonworking,29,14,0.836
hospital,04-nonworking,30,14,0.836
hospital,04-nonworking,31,15,0.836
hospital,04-nonworking,32,15,0.836
hospital,04-nonworking,33,16,0.836
hospital,04-nonworking,34,16,0.82555
hospital,04-nonworking,35,17,0.80465
hospital,04-nonworking,36,17,0.78375
hospital,04-nonworking,37,18,0.76285
hospital,04-nonworking,38,18,0.7524
hospital,04-nonworking,39,19,0.7524
hospital,04-nonworking,40,19,0.74195
hospital,04-nonworking,41,20,0.72105
hospital,04-nonworking,42,20,0.70015
hospital,04-nonworking,43,21,0.67925
hospital,04-nonworking,44,21,0.65835
hospital,04-nonworking,45,22,0.63745
hospital,04-nonworking,46,22,0.62073
hospital,04-nonworking,47,23,0.60819
hospital,04-nonworking,48,23,0.59774
hospital,04-shutdown,1,0,0.58938
hospital,04-shutdown,2,0,0.5852
hospital,04-shutdown,3,1,0.5852
hospital,04-shutdown,4,1,0.5852
hospital,04-shutdown,5,2,0.5852
hospital,04-shutdown,6,2,0.5852
hospital,04-shutdown,7,3,0.5852
hospital,04-shutdown,8,3,0.5852
hospital,04-shutdown,9,4,0.5852
hospital,04-shutdown,10,4,0.58938
hospital,04-shutdown,11,5,0.59774
hospital,04-shutdown,12,5,0.60819
hospital,04-shutdown,13,6,0.62073
hospital,04-shutdown,14,6,0.63745
hospital,04-shutdown,15,7,0.65835
hospital,04-shutdown,16,7,0.70015
hospital,04-shutdown,17,8,0.76285
hospital,04-shutdown,18,8,0.80465
hospital,04-shutdown,19,9,0.82555
hospital,04-shutdown,20,9,0.836
hospital,04-shutdown,21,10,0.836
hospital,04-shutdown,22,10,0.836
hospital,04-shutdown,23,11,0.836
hospital,04-shutdown,24,11,0.836
hospital,04-shutdown,25,12,0.836
hospital,04-shutdown,26,12,0.836
hospital,04-shutdown,27,13,0.836
hospital,04-shutdown,28,13,0.836
hospital,04-shutdown,29,14,0.836
hospital,04-shutdown,30,14,0.836
hospital,04-shutdown,31,15,0.836
hospital,04-shutdown,32,15,0.836
hospital,04-shutdown,33,16,0.836
hospital,04-shutdown,34,16,0.82555
hospital,04-shutdown,35,17,0.80465
hospital,04-shutdown,36,17,0.78375
hospital,04-shutdown,37,18,0.76285
hospital,04-shutdown,38,18,0.7524
hospital,04-shutdown,39,19,0.7524
hospital,04-shutdown,40,19,0.74195
hospital,04-shutdown,41,20,0.72105
hospital,04-shutdown,42,20,0.70015
hospital,04-shutdown,43,21,0.67925
hospital,04-shutdown,44,21,0.65835
hospital,04-shutdown,45,22,0.63745
hospital,04-shutdown,46,22,0.62073
hospital,04-shutdown,47,23,0.60819
hospital,04-shutdown,48,23,0.59774
hospital,05-working,1,0,0.66975
hospital,05-working,2,0,0.665
hospital,05-working,3,1,0.665
hospital,05-working,4,1,0.665
hospital,05-working,5,2,0.665
hospital,05-working,6,2,0.665
hospital,05-working,7,3,0.665
hospital,05-working,8,3,0.665
hospital,05-working,9,4,0.665
hospital,05-working,10,4,0.66975
hospital,05-working,11,5,0.67925
hospital,05-working,12,5,0.69112
hospital,05-working,13,6,0.70537
hospital,05-working,14,6,0.72437
hospital,05-working,15,7,0.74813
hospital,05-working,16,7,0.79563
hospital,05-working,17,8,0.86687
hospital,05-working,18,8,0.91437
hospital,05-working,19,9,0.93812
hospital,05-working,20,9,0.95
hospital,05-working,21,10,0.95
hospital,05-working,22,10,0.95
hospital,05-working,23,11,0.95
hospital,05-working,24,11,0.95
hospital,05-working,25,12,0.95
hospital,05-working,26,12,0.95
hospital,05-working,27,13,0.95
hospital,05-working,28,13,0.95
hospital,05-working,29,14,0.95
hospital,05-working,30,14,0.95
hospital,05-working,31,15,0.95
hospital,05-working,32,15,0.95
hospital,05-working,33,16,0.95
hospital,05-working,34,16,0.93812
hospital,05-working,35,17,0.91437
hospital,05-working,36,17,0.89062
hospital,05-working,37,18,0.86687
hospital,05-working,38,18,0.855
hospital,05-working,39,19,0.855
hospital,05-working,40,19,0.84312
hospital,05-working,41,20,0.81937
hospital,05-working,42,20,0.79563
hospital,05-working,43,21,0.77187
hospital,05-working,44,21,0.74813
hospital,05-working,45,22,0.72437
hospital,05-working,46,22,0.70537
hospital,05-working,47,23,0.69112
hospital,05-working,48,23,0.67925
hospital,05-nonworking,1,0,0.58938
hospital,05-nonworking,2,0,0.5852
hospital,05-nonworking,3,1,0.5852
hospital,05-nonworking,4,1,0.5852
hospital,05-nonworking,5,2,0.5852
hospital,05-nonworking,6,2,0.5852
hospital,05-nonworking,7,3,0.5852
hospital,05-nonworking,8,3,0.5852
hospital,05-nonworking,9,4,0.5852
hospital,05-nonworking,10,4,0.58938
hospital,05-nonworking,11,5,0.59774
hospital,05-nonworking,12,5,0.60819
hospital,05-nonworking,13,6,0.62073
hospital,05-nonworking,14,6,0.63745
hospital,05-nonworking,15,7,0.65835
hospital,05-nonworking,16,7,0.70015
hospital,05-nonworking,17,8,0.76285
hospital,05-nonworking,18,8,0.80465
hospital,05-nonworking,19,9,0.82555
hospital,05-nonworking,20,9,0.836
hospital,05-nonworking,21,10,0.836
hospital,05-nonworking,22,10,0.836
hospital,05-nonworking,23,11,0.836
hospital,05-nonworking,24,11,0.836
hospital,05-nonworking,25,12,0.836
hospital,05-nonworking,26,12,0.836
hospital,05-nonworking,27,13,0.836
hospital,05-nonworking,28,13,0.836
hospital,05-nonworking,29,14,0.836
hospital,05-nonworking,30,14,0.836
hospital,05-nonworking,31,15,0.836
hospital,05-nonworking,32,15,0.836
hospital,05-nonworking,33,16,0.836
hospital,05-nonworking,34,16,0.82555
hospital,05-nonworking,35,17,0.80465
hospital,05-nonworking,36,17,0.78375
hospital,05-nonworking,37,18,0.76285
hospital,05-nonworking,38,18,0.7524
hospital,05-nonworking,39,19,0.7524
hospital,05-nonworking,40,19,0.74195
hospital,05-nonworking,41,20,0.72105
hospital,05-nonworking,42,20,0.70015
hospital,05-nonworking,43,21,0.67925
hospital,05-nonworking,44,21,0.65835
hospital,05-nonworking,45,22,0.63745
hospital,05-nonworking,46,22,0.62073
hospital,05-nonworking,47,23,0.60819
hospital,05-nonworking,48,23,0.59774
hospital,05-shutdown,1,0,0.58938
hospital,05-shutdown,2,0,0.5852
hospital,05-shutdown,3,1,0.5852
hospital,05-shutdown,4,1,0.5852
hospital,05-shutdown,5,2,0.5852
hospital,05-shutdown,6,2,0.5852
hospital,05-shutdown,7,3,0.5852
hospital,05-shutdown,8,3,0.5852
hospital,05-shutdown,9,4,0.5852
hospital,05-shutdown,10,4,0.58938
hospital,05-shutdown,11,5,0.59774
hospital,05-shutdown,12,5,0.60819
hospital,05-shutdown,13,6,0.62073
hospital,05-shutdown,14,6,0.63745
hospital,05-shutdown,15,7,0.65835
hospital,05-shutdown,16,7,0.70015
hospital,05-shutdown,17,8,0.76285
hospital,05-shutdown,18,8,0.80465
hospital,05-shutdown,19,9,0.82555
hospital,05-shutdown,20,9,0.836
hospital,05-shutdown,21,10,0.836
hospital,05-shutdown,22,10,0.836
hospital,05-shutdown,23,11,0.836
hospital,05-shutdown,24,11,0.836
hospital,05-shutdown,25,12,0.836
hospital,05-shutdown,26,12,0.836
hospital,05-shutdown,27,13,0.836
hospital,05-shutdown,28,13,0.836
hospital,05-shutdown,29,14,0.836
hospital,05-shutdown,30,14,0.836
hospital,05-shutdown,31,15,0.836
hospital,05-shutdown,32,15,0.836
hospital,05-shutdown,33,16,0.836
hospital,05-shutdown,34,16,0.82555
hospital,05-shutdown,35,17,0.80465
hospital,05-shutdown,36,17,0.78375
hospital,05-shutdown,37,18,0.76285
hospital,05-shutdown,38,18,0.7524
hospital,05-shutdown,39,19,0.7524
hospital,05-shutdown,40,19,0.74195
hospital,05-shutdown,41,20,0.72105
hospital,05-shutdown,42,20,0.70015
hospital,05-shutdown,43,21,0.67925
hospital,05-shutdown,44,21,0.65835
hospital,05-shutdown,45,22,0.63745
hospital,05-shutdown,46,22,0.62073
hospital,05-shutdown,47,23,0.60819
hospital,05-shutdown,48,23,0.59774
hospital,06-working,1,0,0.7191
hospital,06-working,2,0,0.714
hospital,06-working,3,1,0.714
hospital,06-working,4,1,0.714
hospital,06-working,5,2,0.714
hospital,06-working,6,2,0.714
hospital,06-working,7,3,0.714
hospital,06-working,8,3,0.714
hospital,06-working,9,4,0.714
hospital,06-working,10,4,0.7191
hospital,06-working,11,5,0.7293
hospital,06-working,12,5,0.74205
hospital,06-working,13,6,0.75735
hospital,06-working,14,6,0.77775
hospital,06-working,15,7,0.80325
hospital,06-working,16,7,0.85425
hospital,06-working,17,8,0.93075
hospital,06-working,18,8,0.98175
hospital,06-working,19,9,1.00725
hospital,06-working,20,9,1.02
hospital,06-working,21,10,1.02
hospital,06-working,22,10,1.02
hospital,06-working,23,11,1.02
hospital,06-working,24,11,1.02
hospital,06-working,25,12,1.02
hospital,06-working,26,12,1.02
hospital,06-working,27,13,1.02
hospital,06-working,28,13,1.02
hospital,06-working,29,14,1.02
hospital,06-working,30,14,1.02
hospital,06-working,31,15,1.02
hospital,06-working,32,15,1.02
hospital,06-working,33,16,1.02
hospital,06-working,34,16,1.00725
hospital,06-working,35,17,0.98175
hospital,06-working,36,17,0.95625
hospital,06-working,37,18,0.93075
hospital,06-working,38,18,0.918
hospital,06-working,39,19,0.918
hospital,06-working,40,19,0.90525
hospital,06-working,41,20,0.87975
hospital,06-working,42,20,0.85425
hospital,06-working,43,21,0.82875
hospital,06-working,44,21,0.80325
hospital,06-working,45,22,0.77775
hospital,06-working,46,22,0.75735
hospital,06-working,47,23,0.74205
hospital,06-working,48,23,0.7293
hospital,06-nonworking,1,0,0.63281
hospital,06-nonworking,2,0,0.62832
hospital,06-nonworking,3,1,0.62832
hospital,06-nonworking,4,1,0.62832
hospital,06-nonworking,5,2,0.62832
hospital,06-nonworking,6,2,0.62832
hospital,06-nonworking,7,3,0.62832
hospital,06-nonworking,8,3,0.62832
hospital,06-nonworking,9,4,0.62832
hospital,06-nonworking,10,4,0.63281
hospital,06-nonworking,11,5,0.64178
hospital,06-nonworking,12,5,0.653
hospital,06-nonworking,13,6,0.66647
hospital,06-nonworking,14,6,0.68442
hospital,06-nonworking,15,7,0.70686
hospital,06-nonworking,16,7,0.75174
hospital,06-nonworking,17,8,0.81906
hospital,06-nonworking,18,8,0.86394
hospital,06-nonworking,19,9,0.88638
hospital,06-nonworking,20,9,0.8976
hospital,06-nonworking,21,10,0.8976
hospital,06-nonworking,22,10,0.8976
hospital,06-nonworking,23,11,0.8976
hospital,06-nonworking,24,11,0.8976
hospital,06-nonworking,25,12,0.8976
hospital,06-nonworking,26,12,0.8976
hospital,06-nonworking,27,13,0.8976
hospital,06-nonworking,28,13,0.8976
hospital,06-nonworking,29,14,0.8976
hospital,06-nonworking,30,14,0.8976
hospital,06-nonworking,31,15,0.8976
hospital,06-nonworking,32,15,0.8976
hospital,06-nonworking,33,16,0.8976
hospital,06-nonworking,34,16,0.88638
hospital,06-nonworking,35,17,0.86394
hospital,06-nonworking,36,17,0.8415
hospital,06-nonworking,37,18,0.81906
hospital,06-nonworking,38,18,0.80784
hospital,06-nonworking,39,19,0.80784
hospital,06-nonworking,40,19,0.79662
hospital,06-nonworking,41,20,0.77418
hospital,06-nonworking,42,20,0.75174
hospital,06-nonworking,43,21,0.7293
hospital,06-nonworking,44,21,0.70686
hospital,06-nonworking,45,22,0.68442
hospital,06-nonworking,46,22,0.66647
hospital,06-nonworking,47,23,0.653
hospital,06-nonworking,48,23,0.64178
hospital,06-shutdown,1,0,0.63281
hospital,06-shutdown,2,0,0.62832
hospital,06-shutdown,3,1,0.62832
hospital,06-shutdown,4,1,0.62832
hospital,06-shutdown,5,2,0.62832
hospital,06-shutdown,6,2,0.62832
hospital,06-shutdown,7,3,0.62832
hospital,06-shutdown,8,3,0.62832
hospital,06-shutdown,9,4,0.62832
hospital,06-shutdown,10,4,0.63281
hospital,06-shutdown,11,5,0.64178
hospital,06-shutdown,12,5,0.653
hospital,06-shutdown,13,6,0.66647
hospital,06-shutdown,14,6,0.68442
hospital,06-shutdown,15,7,0.70686
hospital,06-shutdown,16,7,0.75174
hospital,06-shutdown,17,8,0.81906
hospital,06-shutdown,18,8,0.86394
hospital,06-shutdown,19,9,0.88638
hospital,06-shutdown,20,9,0.8976
hospital,06-shutdown,21,10,0.8976
hospital,06-shutdown,22,10,0.8976
hospital,06-shutdown,23,11,0.8976
hospital,06-shutdown,24,11,0.8976
hospital,06-shutdown,25,12,0.8976
hospital,06-shutdown,26,12,0.8976
hospital,06-shutdown,27,13,0.8976
hospital,06-shutdown,28,13,0.8976
hospital,06-shutdown,29,14,0.8976
hospital,06-shutdown,30,14,0.8976
hospital,06-shutdown,31,15,0.8976
hospital,06-shutdown,32,15,0.8976
hospital,06-shutdown,33,16,0.8976
hospital,06-shutdown,34,16,0.88638
hospital,06-shutdown,35,17,0.86394
hospital,06-shutdown,36,17,0.8415
hospital,06-shutdown,37,18,0.81906
hospital,06-shutdown,38,18,0.80784
hospital,06-shutdown,39,19,0.80784
hospital,06-shutdown,40,19,0.79662
hospital,06-shutdown,41,20,0.77418
hospital,06-shutdown,42,20,0.75174
hospital,06-shutdown,43,21,0.7293
hospital,06-shutdown,44,21,0.70686
hospital,06-shutdown,45,22,0.68442
hospital,06-shutdown,46,22,0.66647
hospital,06-shutdown,47,23,0.653
hospital,06-shutdown,48,23,0.64178
hospital,07-working,1,0,0.7896
hospital,07-working,2,0,0.784
hospital,07-working,3,1,0.784
hospital,07-working,4,1,0.784
hospital,07-working,5,2,0.784
hospital,07-working,6,2,0.784
hospital,07-working,7,3,0.784
hospital,07-working,8,3,0.784
hospital,07-working,9,4,0.784
hospital,07-working,10,4,0.7896
hospital,07-working,11,5,0.8008
hospital,07-working,12,5,0.8148
hospital,07-working,13,6,0.8316
hospital,07-working,14,6,0.854
hospital,07-working,15,7,0.882
hospital,07-working,16,7,0.938
hospital,07-working,17,8,1.022
hospital,07-working,18,8,1.078
hospital,07-working,19,9,1.106
hospital,07-working,20,9,1.12
hospital,07-working,21,10,1.12
hospital,07-working,22,10,1.12
hospital,07-working,23,11,1.12
hospital,07-working,24,11,1.12
hospital,07-working,25,12,1.12
hospital,07-working,26,12,1.12
hospital,07-working,27,13,1.12
hospital,07-working,28,13,1.12
hospital,07-working,29,14,1.12
hospital,07-working,30,14,1.12
hospital,07-working,31,15,1.12
hospital,07-working,32,15,1.12
hospital,07-working,33,16,1.12
hospital,07-working,34,16,1.106
hospital,07-working,35,17,1.078
hospital,07-working,36,17,1.05
hospital,07-working,37,18,1.022
hospital,07-working,38,18,1.008
hospital,07-working,39,19,1.008
hospital,07-working,40,19,0.994
hospital,07-working,41,20,0.966
hospital,07-working,42,20,0.938
hospital,07-working,43,21,0.91
hospital,07-working,44,21,0.882
hospital,07-working,45,22,0.854
hospital,07-working,46,22,0.8316
hospital,07-working,47,23,0.8148
hospital,07-working,48,23,0.8008
hospital,07-nonworking,1,0,0.69485
hospital,07-nonworking,2,0,0.68992
hospital,07-nonworking,3,1,0.68992
hospital,07-nonworking,4,1,0.68992
hospital,07-nonworking,5,2,0.68992
hospital,07-nonworking,6,2,0.68992
hospital,07-nonworking,7,3,0.68992
hospital,07-nonworking,8,3,0.68992
hospital,07-nonworking,9,4,0.68992
hospital,07-nonworking,10,4,0.69485
hospital,07-nonworking,11,5,0.7047
hospital,07-nonworking,12,5,0.71702
hospital,07-nonworking,13,6,0.73181
hospital,07-nonworking,14,6,0.75152
hospital,07-nonworking,15,7,0.77616
hospital,07-nonworking,16,7,0.82544
hospital,07-nonworking,17,8,0.89936
hospital,07-nonworking,18,8,0.94864
hospital,07-nonworking,19,9,0.97328
hospital,07-nonworking,20,9,0.9856
hospital,07-nonworking,21,10,0.9856
hospital,07-nonworking,22,10,0.9856
hospital,07-nonworking,23,11,0.9856
hospital,07-nonworking,24,11,0.9856
hospital,07-nonworking,25,12,0.9856
hospital,07-nonworking,26,12,0.9856
hospital,07-nonworking,27,13,0.9856
hospital,07-nonworking,28,13,0.9856
hospital,07-nonworking,29,14,0.9856
hospital,07-nonworking,30,14,0.9856
hospital,07-nonworking,31,15,0.9856
hospital,07-nonworking,32,15,0.9856
hospital,07-nonworking,33,16,0.9856
hospital,07-nonworking,34,16,0.97328
hospital,07-nonworking,35,17,0.94864
hospital,07-nonworking,36,17,0.924
hospital,07-nonworking,37,18,0.89936
hospital,07-nonworking,38,18,0.88704
hospital,07-nonworking,39,19,0.88704
hospital,07-nonworking,40,19,0.87472
hospital,07-nonworking,41,20,0.85008
hospital,07-nonworking,42,20,0.82544
hospital,07-nonworking,43,21,0.8008
hospital,07-nonworking,44,21,0.77616
hospital,07-nonworking,45,22,0.75152
hospital,07-nonworking,46,22,0.73181
hospital,07-nonworking,47,23,0.71702
hospital,07-nonworking,48,23,0.7047
hospital,07-shutdown,1,0,0.69485
hospital,07-shutdown,2,0,0.68992
hospital,07-shutdown,3,1,0.68992
hospital,07-shutdown,4,1,0.68992
hospital,07-shutdown,5,2,0.68992
hospital,07-shutdown,6,2,0.68992
hospital,07-shutdown,7,3,0.68992
hospital,07-shutdown,8,3,0.68992
hospital,07-shutdown,9,4,0.68992
hospital,07-shutdown,10,4,0.69485
hospital,07-shutdown,11,5,0.7047
hospital,07-shutdown,12,5,0.71702
hospital,07-shutdown,13,6,0.73181
hospital,07-shutdown,14,6,0.75152
hospital,07-shutdown,15,7,0.77616
hospital,07-shutdown,16,7,0.82544
hospital,07-shutdown,17,8,0.89936
hospital,07-shutdown,18,8,0.94864
hospital,07-shutdown,19,9,0.97328
hospital,07-shutdown,20,9,0.9856
hospital,07-shutdown,21,10,0.9856
hospital,07-shutdown,22,10,0.9856
hospital,07-shutdown,23,11,0.9856
hospital,07-shutdown,24,11,0.9856
hospital,07-shutdown,25,12,0.9856
hospital,07-shutdown,26,12,0.9856
hospital,07-shutdown,27,13,0.9856
hospital,07-shutdown,28,13,0.9856
hospital,07-shutdown,29,14,0.9856
hospital,07-shutdown,30,14,0.9856
hospital,07-shutdown,31,15,0.9856
hospital,07-shutdown,32,15,0.9856
hospital,07-shutdown,33,16,0.9856
hospital,07-shutdown,34,16,0.97328
hospital,07-shutdown,35,17,0.94864
hospital,07-shutdown,36,17,0.924
hospital,07-shutdown,37,18,0.89936
hospital,07-shutdown,38,18,0.88704
hospital,07-shutdown,39,19,0.88704
hospital,07-shutdown,40,19,0.87472
hospital,07-shutdown,41,20,0.85008
hospital,07-shutdown,42,20,0.82544
hospital,07-shutdown,43,21,0.8008
hospital,07-shutdown,44,21,0.77616
hospital,07-shutdown,45,22,0.75152
hospital,07-shutdown,46,22,0.73181
hospital,07-shutdown,47,23,0.71702
hospital,07-shutdown,48,23,0.7047
hospital,08-working,1,0,0.8037
hospital,08-working,2,0,0.798
hospital,08-working,3,1,0.798
hospital,08-working,4,1,0.798
hospital,08-working,5,2,0.798
hospital,08-working,6,2,0.798
hospital,08-working,7,3,0.798
hospital,08-working,8,3,0.798
hospital,08-working,9,4,0.798
hospital,08-working,10,4,0.8037
hospital,08-working,11,5,0.8151
hospital,08-working,12,5,0.82935
hospital,08-working,13,6,0.84645
hospital,08-working,14,6,0.86925
hospital,08-working,15,7,0.89775
hospital,08-working,16,7,0.95475
hospital,08-working,17,8,1.04025
hospital,08-working,18,8,1.09725
hospital,08-working,19,9,1.12575
hospital,08-working,20,9,1.14
hospital,08-working,21,10,1.14
hospital,08-working,22,10,1.14
hospital,08-working,23,11,1.14
hospital,08-working,24,11,1.14
hospital,08-working,25,12,1.14
hospital,08-working,26,12,1.14
hospital,08-working,27,13,1.14
hospital,08-working,28,13,1.14
hospital,08-working,29,14,1.14
hospital,08-working,30,14,1.14
hospital,08-working,31,15,1.14
hospital,08-working,32,15,1.14
hospital,08-working,33,16,1.14
hospital,08-working,34,16,1.12575
hospital,08-working,35,17,1.09725
hospital,08-working,36,17,1.06875
hospital,08-working,37,18,1.04025
hospital,08-working,38,18,1.026
hospital,08-working,39,19,1.026
hospital,08-working,40,19,1.01175
hospital,08-working,41,20,0.98325
hospital,08-working,42,20,0.95475
hospital,08-working,43,21,0.92625
hospital,08-working,44,21,0.89775
hospital,08-working,45,22,0.86925
hospital,08-working,46,22,0.84645
hospital,08-working,47,23,0.82935
hospital,08-working,48,23,0.8151
hospital,08-nonworking,1,0,0.70726
hospital,08-nonworking,2,0,0.70224
hospital,08-nonworking,3,1,0.70224
hospital,08-nonworking,4,1,0.70224
hospital,08-nonworking,5,2,0.70224
hospital,08-nonworking,6,2,0.70224
hospital,08-nonworking,7,3,0.70224
hospital,08-nonworking,8,3,0.70224
hospital,08-nonworking,9,4,0.70224
hospital,08-nonworking,10,4,0.70726
hospital,08-nonworking,11,5,0.71729
hospital,08-nonworking,12,5,0.72983
hospital,08-nonworking,13,6,0.74488
hospital,08-nonworking,14,6,0.76494
hospital,08-nonworking,15,7,0.79002
hospital,08-nonworking,16,7,0.84018
hospital,08-nonworking,17,8,0.91542
hospital,08-nonworking,18,8,0.96558
hospital,08-nonworking,19,9,0.99066
hospital,08-nonworking,20,9,1.0032
hospital,08-nonworking,21,10,1.0032
hospital,08-nonworking,22,10,1.0032
hospital,08-nonworking,23,11,1.0032
hospital,08-nonworking,24,11,1.0032
hospital,08-nonworking,25,12,1.0032
hospital,08-nonworking,26,12,1.0032
hospital,08-nonworking,27,13,1.0032
hospital,08-nonworking,28,13,1.0032
hospital,08-nonworking,29,14,1.0032
hospital,08-nonworking,30,14,1.0032
hospital,08-nonworking,31,15,1.0032
hospital,08-nonworking,32,15,1.0032
hospital,08-nonworking,33,16,1.0032
hospital,08-nonworking,34,16,0.99066
hospital,08-nonworking,35,17,0.96558
hospital,08-nonworking,36,17,0.9405
hospital,08-nonworking,37,18,0.91542
hospital,08-nonworking,38,18,0.90288
hospital,08-nonworking,39,19,0.90288
hospital,08-nonworking,40,19,0.89034
hospital,08-nonworking,41,20,0.86526
hospital,08-nonworking,42,20,0.84018
hospital,08-nonworking,43,21,0.8151
hospital,08-nonworking,44,21,0.79002
hospital,08-nonworking,45,22,0.76494
hospital,08-nonworking,46,22,0.74488
hospital,08-nonworking,47,23,0.72983
hospital,08-nonworking,48,23,0.71729
hospital,08-shutdown,1,0,0.70726
hospital,08-shutdown,2,0,0.70224
hospital,08-shutdown,3,1,0.70224
hospital,08-shutdown,4,1,0.70224
hospital,08-shutdown,5,2,0.70224
hospital,08-shutdown,6,2,0.70224
hospital,08-shutdown,7,3,0.70224
hospital,08-shutdown,8,3,0.70224
hospital,08-shutdown,9,4,0.70224
hospital,08-shutdown,10,4,0.70726
hospital,08-shutdown,11,5,0.71729
hospital,08-shutdown,12,5,0.72983
hospital,08-shutdown,13,6,0.74488
hospital,08-shutdown,14,6,0.76494
hospital,08-shutdown,15,7,0.79002
hospital,08-shutdown,16,7,0.84018
hospital,08-shutdown,17,8,0.91542
hospital,08-shutdown,18,8,0.96558
hospital,08-shutdown,19,9,0.99066
hospital,08-shutdown,20,9,1.0032
hospital,08-shutdown,21,10,1.0032
hospital,08-shutdown,22,10,1.0032
hospital,08-shutdown,23,11,1.0032
hospital,08-shutdown,24,11,1.0032
hospital,08-shutdown,25,12,1.0032
hospital,08-shutdown,26,12,1.0032
hospital,08-shutdown,27,13,1.0032
hospital,08-shutdown,28,13,1.0032
hospital,08-shutdown,29,14,1.0032
hospital,08-shutdown,30,14,1.0032
hospital,08-shutdown,31,15,1.0032
hospital,08-shutdown,32,15,1.0032
hospital,08-shutdown,33,16,1.0032
hospital,08-shutdown,34,16,0.99066
hospital,08-shutdown,35,17,0.96558
hospital,08-shutdown,36,17,0.9405
hospital,08-shutdown,37,18,0.91542
hospital,08-shutdown,38,18,0.90288
hospital,08-shutdown,39,19,0.90288
hospital,08-shutdown,40,19,0.89034
hospital,08-shutdown,41,20,0.86526
hospital,08-shutdown,42,20,0.84018
hospital,08-shutdown,43,21,0.8151
hospital,08-shutdown,44,21,0.79002
hospital,08-shutdown,45,22,0.76494
hospital,08-shutdown,46,22,0.74488
hospital,08-shutdown,47,23,0.72983
hospital,08-shutdown,48,23,0.71729
hospital,09-working,1,0,0.7473
hospital,09-working,2,0,0.742
hospital,09-working,3,1,0.742
hospital,09-working,4,1,0.742
hospital,09-working,5,2,0.742
hospital,09-working,6,2,0.742
hospital,09-working,7,3,0.742
hospital,09-working,8,3,0.742
hospital,09-working,9,4,0.742
hospital,09-working,10,4,0.7473
hospital,09-working,11,5,0.7579
hospital,09-working,12,5,0.77115
hospital,09-working,13,6,0.78705
hospital,09-working,14,6,0.80825
hospital,09-working,15,7,0.83475
hospital,09-working,16,7,0.88775
hospital,09-working,17,8,0.96725
hospital,09-working,18,8,1.02025
hospital,09-working,19,9,1.04675
hospital,09-working,20,9,1.06
hospital,09-working,21,10,1.06
hospital,09-working,22,10,1.06
hospital,09-working,23,11,1.06
hospital,09-working,24,11,1.06
hospital,09-working,25,12,1.06
hospital,09-working,26,12,1.06
hospital,09-working,27,13,1.06
hospital,09-working,28,13,1.06
hospital,09-working,29,14,1.06
hospital,09-working,30,14,1.06
hospital,09-working,31,15,1.06
hospital,09-working,32,15,1.06
hospital,09-working,33,16,1.06
hospital,09-working,34,16,1.04675
hospital,09-working,35,17,1.02025
hospital,09-working,36,17,0.99375
hospital,09-working,37,18,0.96725
hospital,09-working,38,18,0.954
hospital,09-working,39,19,0.954
hospital,09-working,40,19,0.94075
hospital,09-working,41,20,0.91425
hospital,09-working,42,20,0.88775
hospital,09-working,43,21,0.86125
hospital,09-working,44,21,0.83475
hospital,09-working,45,22,0.80825
hospital,09-working,46,22,0.78705
hospital,09-working,47,23,0.77115
hospital,09-working,48,23,0.7579
hospital,09-nonworking,1,0,0.65762
hospital,09-nonworking,2,0,0.65296
hospital,09-nonworking,3,1,0.65296
hospital,09-nonworking,4,1,0.65296
hospital,09-nonworking,5,2,0.65296
hospital,09-nonworking,6,2,0.65296
hospital,09-nonworking,7,3,0.65296
hospital,09-nonworking,8,3,0.65296
hospital,09-nonworking,9,4,0.65296
hospital,09-nonworking,10,4,0.65762
hospital,09-nonworking,11,5,0.66695
hospital,09-nonworking,12,5,0.67861
hospital,09-nonworking,13,6,0.6926
hospital,09-nonworking,14,6,0.71126
hospital,09-nonworking,15,7,0.73458
hospital,09-nonworking,16,7,0.78122
hospital,09-nonworking,17,8,0.85118
hospital,09-nonworking,18,8,0.89782
hospital,09-nonworking,19,9,0.92114
hospital,09-nonworking,20,9,0.9328
hospital,09-nonworking,21,10,0.9328
hospital,09-nonworking,22,10,0.9328
hospital,09-nonworking,23,11,0.9328
hospital,09-nonworking,24,11,0.9328
hospital,09-nonworking,25,12,0.9328
hospital,09-nonworking,26,12,0.9328
hospital,09-nonworking,27,13,0.9328
hospital,09-nonworking,28,13,0.9328
hospital,09-nonworking,29,14,0.9328
hospital,09-nonworking,30,14,0.9328
hospital,09-nonworking,31,15,0.9328
hospital,09-nonworking,32,15,0.9328
hospital,09-nonworking,33,16,0.9328
hospital,09-nonworking,34,16,0.92114
hospital,09-nonworking,35,17,0.89782
hospital,09-nonworking,36,17,0.8745
hospital,09-nonworking,37,18,0.85118
hospital,09-nonworking,38,18,0.83952
hospital,09-nonworking,39,19,0.83952
hospital,09-nonworking,40,19,0.82786
hospital,09-nonworking,41,20,0.80454
hospital,09-nonworking,42,20,0.78122
hospital,09-nonworking,43,21,0.7579
hospital,09-nonworking,44,21,0.73458
hospital,09-nonworking,45,22,0.71126
hospital,09-nonworking,46,22,0.6926
hospital,09-nonworking,47,23,0.67861
hospital,09-nonworking,48,23,0.66695
hospital,09-shutdown,1,0,0.65762
hospital,09-shutdown,2,0,0.65296
hospital,09-shutdown,3,1,0.65296
hospital,09-shutdown,4,1,0.65296
hospital,09-shutdown,5,2,0.65296
hospital,09-shutdown,6,2,0.65296
hospital,09-shutdown,7,3,0.65296
hospital,09-shutdown,8,3,0.65296
hospital,09-shutdown,9,4,0.65296
hospital,09-shutdown,10,4,0.65762
hospital,09-shutdown,11,5,0.66695
hospital,09-shutdown,12,5,0.67861
hospital,09-shutdown,13,6,0.6926
hospital,09-shutdown,14,6,0.71126
hospital,09-shutdown,15,7,0.73458
hospital,09-shutdown,16,7,0.78122
hospital,09-shutdown,17,8,0.85118
hospital,09-shutdown,18,8,0.89782
hospital,09-shutdown,19,9,0.92114
hospital,09-shutdown,20,9,0.9328
hospital,09-shutdown,21,10,0.9328
hospital,09-shutdown,22,10,0.9328
hospital,09-shutdown,23,11,0.9328
hospital,09-shutdown,24,11,0.9328
hospital,09-shutdown,25,12,0.9328
hospital,09-shutdown,26,12,0.9328
hospital,09-shutdown,27,13,0.9328
hospital,09-shutdown,28,13,0.9328
hospital,09-shutdown,29,14,0.9328
hospital,09-shutdown,30,14,0.9328
hospital,09-shutdown,31,15,0.9328
hospital,09-shutdown,32,15,0.9328
hospital,09-shutdown,33,16,0.9328
hospital,09-shutdown,34,16,0.92114
hospital,09-shutdown,35,17,0.89782
hospital,09-shutdown,36,17,0.8745
hospital,09-shutdown,37,18,0.85118
hospital,09-shutdown,38,18,0.83952
hospital,09-shutdown,39,19,0.83952
hospital,09-shutdown,40,19,0.82786
hospital,09-shutdown,41,20,0.80454
hospital,09-shutdown,42,20,0.78122
hospital,09-shutdown,43,21,0.7579
hospital,09-shutdown,44,21,0.73458
hospital,09-shutdown,45,22,0.71126
hospital,09-shutdown,46,22,0.6926
hospital,09-shutdown,47,23,0.67861
hospital,09-shutdown,48,23,0.66695
hospital,10-working,1,0,0.6768
hospital,10-working,2,0,0.672
hospital,10-working,3,1,0.672
hospital,10-working,4,1,0.672
hospital,10-working,5,2,0.672
hospital,10-working,6,2,0.672
hospital,10-working,7,3,0.672
hospital,10-working,8,3,0.672
hospital,10-working,9,4,0.672
hospital,10-working,10,4,0.6768
hospital,10-working,11,5,0.6864
hospital,10-working,12,5,0.6984
hospital,10-working,13,6,0.7128
hospital,10-working,14,6,0.732
hospital,10-working,15,7,0.756
hospital,10-working,16,7,0.804
hospital,10-working,17,8,0.876
hospital,10-working,18,8,0.924
hospital,10-working,19,9,0.948
hospital,10-working,20,9,0.96
hospital,10-working,21,10,0.96
hospital,10-working,22,10,0.96
hospital,10-working,23,11,0.96
hospital,10-working,24,11,0.96
hospital,10-working,25,12,0.96
hospital,10-working,26,12,0.96
hospital,10-working,27,13,0.96
hospital,10-working,28,13,0.96
hospital,10-working,29,14,0.96
hospital,10-working,30,14,0.96
hospital,10-working,31,15,0.96
hospital,10-working,32,15,0.96
hospital,10-working,33,16,0.96
hospital,10-working,34,16,0.948
hospital,10-working,35,17,0.924
hospital,10-working,36,17,0.9
hospital,10-working,37,18,0.876
hospital,10-working,38,18,0.864
hospital,10-working,39,19,0.864
hospital,10-working,40,19,0.852
hospital,10-working,41,20,0.828
hospital,10-working,42,20,0.804
hospital,10-working,43,21,0.78
hospital,10-working,44,21,0.756
hospital,10-working,45,22,0.732
hospital,10-working,46,22,0.7128
hospital,10-working,47,23,0.6984
hospital,10-working,48,23,0.6864
hospital,10-nonworking,1,0,0.59558
hospital,10-nonworking,2,0,0.59136
hospital,10-nonworking,3,1,0.59136
hospital,10-nonworking,4,1,0.59136
hospital,10-nonworking,5,2,0.59136
hospital,10-nonworking,6,2,0.59136
hospital,10-nonworking,7,3,0.59136
hospital,10-nonworking,8,3,0.59136
hospital,10-nonworking,9,4,0.59136
hospital,10-nonworking,10,4,0.59558
hospital,10-nonworking,11,5,0.60403
hospital,10-nonworking,12,5,0.61459
hospital,10-nonworking,13,6,0.62726
hospital,10-nonworking,14,6,0.64416
hospital,10-nonworking,15,7,0.66528
hospital,10-nonworking,16,7,0.70752
hospital,10-nonworking,17,8,0.77088
hospital,10-nonworking,18,8,0.81312
hospital,10-nonworking,19,9,0.83424
hospital,10-nonworking,20,9,0.8448
hospital,10-nonworking,21,10,0.8448
hospital,10-nonworking,22,10,0.8448
hospital,10-nonworking,23,11,0.8448
hospital,10-nonworking,24,11,0.8448
hospital,10-nonworking,25,12,0.8448
hospital,10-nonworking,26,12,0.8448
hospital,10-nonworking,27,13,0.8448
hospital,10-nonworking,28,13,0.8448
hospital,10-nonworking,29,14,0.8448
hospital,10-nonworking,30,14,0.8448
hospital,10-nonworking,31,15,0.8448
hospital,10-nonworking,32,15,0.8448
hospital,10-nonworking,33,16,0.8448
hospital,10-nonworking,34,16,0.83424
hospital,10-nonworking,35,17,0.81312
hospital,10-nonworking,36,17,0.792
hospital,10-nonworking,37,18,0.77088
hospital,10-nonworking,38,18,0.76032
hospital,10-nonworking,39,19,0.76032
hospital,10-nonworking,40,19,0.74976
hospital,10-nonworking,41,20,0.72864
hospital,10-nonworking,42,20,0.70752
hospital,10-nonworking,43,21,0.6864
hospital,10-nonworking,44,21,0.66528
hospital,10-nonworking,45,22,0.64416
hospital,10-nonworking,46,22,0.62726
hospital,10-nonworking,47,23,0.61459
hospital,10-nonworking,48,23,0.60403
hospital,10-shutdown,1,0,0.59558
hospital,10-shutdown,2,0,0.59136
hospital,10-shutdown,3,1,0.59136
hospital,10-shutdown,4,1,0.59136
hospital,10-shutdown,5,2,0.59136
hospital,10-shutdown,6,2,0.59136
hospital,10-shutdown,7,3,0.59136
hospital,10-shutdown,8,3,0.59136
hospital,10-shutdown,9,4,0.59136
hospital,10-shutdown,10,4,0.59558
hospital,10-shutdown,11,5,0.60403
hospital,10-shutdown,12,5,0.61459
hospital,10-shutdown,13,6,0.62726
hospital,10-shutdown,14,6,0.64416
hospital,10-shutdown,15,7,0.66528
hospital,10-shutdown,16,7,0.70752
hospital,10-shutdown,17,8,0.77088
hospital,10-shutdown,18,8,0.81312
hospital,10-shutdown,19,9,0.83424
hospital,10-shutdown,20,9,0.8448
hospital,10-shutdown,21,10,0.8448
hospital,10-shutdown,22,10,0.8448
hospital,10-shutdown,23,11,0.8448
hospital,10-shutdown,24,11,0.8448
hospital,10-shutdown,25,12,0.8448
hospital,10-shutdown,26,12,0.8448
hospital,10-shutdown,27,13,0.8448
hospital,10-shutdown,28,13,0.8448
hospital,10-shutdown,29,14,0.8448
hospital,10-shutdown,30,14,0.8448
hospital,10-shutdown,31,15,0.8448
hospital,10-shutdown,32,15,0.8448
hospital,10-shutdown,33,16,0.8448
hospital,10-shutdown,34,16,0.83424
hospital,10-shutdown,35,17,0.81312
hospital,10-shutdown,36,17,0.792
hospital,10-shutdown,37,18,0.77088
hospital,10-shutdown,38,18,0.76032
hospital,10-shutdown,39,19,0.76032
hospital,10-shutdown,40,19,0.74976
hospital,10-shutdown,41,20,0.72864
hospital,10-shutdown,42,20,0.70752
hospital,10-shutdown,43,21,0.6864
hospital,10-shutdown,44,21,0.66528
hospital,10-shutdown,45,22,0.64416
hospital,10-shutdown,46,22,0.62726
hospital,10-shutdown,47,23,0.61459
hospital,10-shutdown,48,23,0.60403
hospital,11-working,1,0,0.6909
hospital,11-working,2,0,0.686
hospital,11-working,3,1,0.686
hospital,11-working,4,1,0.686
hospital,11-working,5,2,0.686
hospital,11-working,6,2,0.686
hospital,11-working,7,3,0.686
hospital,11-working,8,3,0.686
hospital,11-working,9,4,0.686
hospital,11-working,10,4,0.6909
hospital,11-working,11,5,0.7007
hospital,11-working,12,5,0.71295
hospital,11-working,13,6,0.72765
hospital,11-working,14,6,0.74725
hospital,11-working,15,7,0.77175
hospital,11-working,16,7,0.82075
hospital,11-working,17,8,0.89425
hospital,11-working,18,8,0.94325
hospital,11-working,19,9,0.96775
hospital,11-working,20,9,0.98
hospital,11-working,21,10,0.98
hospital,11-working,22,10,0.98
hospital,11-working,23,11,0.98
hospital,11-working,24,11,0.98
hospital,11-working,25,12,0.98
hospital,11-working,26,12,0.98
hospital,11-working,27,13,0.98
hospital,11-working,28,13,0.98
hospital,11-working,29,14,0.98
hospital,11-working,30,14,0.98
hospital,11-working,31,15,0.98
hospital,11-working,32,15,0.98
hospital,11-working,33,16,0.98
hospital,11-working,34,16,0.96775
hospital,11-working,35,17,0.94325
hospital,11-working,36,17,0.91875
hospital,11-working,37,18,0.89425
hospital,11-working,38,18,0.882
hospital,11-working,39,19,0.882
hospital,11-working,40,19,0.86975
hospital,11-working,41,20,0.84525
hospital,11-working,42,20,0.82075
hospital,11-working,43,21,0.79625
hospital,11-working,44,21,0.77175
hospital,11-working,45,22,0.74725
hospital,11-working,46,22,0.72765
hospital,11-working,47,23,0.71295
hospital,11-working,48,23,0.7007
hospital,11-nonworking,1,0,0.60799
hospital,11-nonworking,2,0,0.60368
hospital,11-nonworking,3,1,0.60368
hospital,11-nonworking,4,1,0.60368
hospital,11-nonworking,5,2,0.60368
hospital,11-nonworking,6,2,0.60368
hospital,11-nonworking,7,3,0.60368
hospital,11-nonworking,8,3,0.60368
hospital,11-nonworking,9,4,0.60368
hospital,11-nonworking,10,4,0.60799
hospital,11-nonworking,11,5,0.61662
hospital,11-nonworking,12,5,0.6274
hospital,11-nonworking,13,6,0.64033
hospital,11-nonworking,14,6,0.65758
hospital,11-nonworking,15,7,0.67914
hospital,11-nonworking,16,7,0.72226
hospital,11-nonworking,17,8,0.78694
hospital,11-nonworking,18,8,0.83006
hospital,11-nonworking,19,9,0.85162
hospital,11-nonworking,20,9,0.8624
hospital,11-nonworking,21,10,0.8624
hospital,11-nonworking,22,10,0.8624
hospital,11-nonworking,23,11,0.8624
hospital,11-nonworking,24,11,0.8624
hospital,11-nonworking,25,12,0.8624
hospital,11-nonworking,26,12,0.8624
hospital,11-nonworking,27,13,0.8624
hospital,11-nonworking,28,13,0.8624
hospital,11-nonworking,29,14,0.8624
hospital,11-nonworking,30,14,0.8624
hospital,11-nonworking,31,15,0.8624
hospital,11-nonworking,32,15,0.8624
hospital,11-nonworking,33,16,0.8624
hospital,11-nonworking,34,16,0.85162
hospital,11-nonworking,35,17,0.83006
hospital,11-nonworking,36,17,0.8085
hospital,11-nonworking,37,18,0.78694
hospital,11-nonworking,38,18,0.77616
hospital,11-nonworking,39,19,0.77616
hospital,11-nonworking,40,19,0.76538
hospital,11-nonworking,41,20,0.74382
hospital,11-nonworking,42,20,0.72226
hospital,11-nonworking,43,21,0.7007
hospital,11-nonworking,44,21,0.67914
hospital,11-nonworking,45,22,0.65758
hospital,11-nonworking,46,22,0.64033
hospital,11-nonworking,47,23,0.6274
hospital,11-nonworking,48,23,0.61662
hospital,11-shutdown,1,0,0.60799
hospital,11-shutdown,2,0,0.60368
hospital,11-shutdown,3,1,0.60368
hospital,11-shutdown,4,1,0.60368
hospital,11-shutdown,5,2,0.60368
hospital,11-shutdown,6,2,0.60368
hospital,11-shutdown,7,3,0.60368
hospital,11-shutdown,8,3,0.60368
hospital,11-shutdown,9,4,0.60368
hospital,11-shutdown,10,4,0.60799
hospital,11-shutdown,11,5,0.61662
hospital,11-shutdown,12,5,0.6274
hospital,11-shutdown,13,6,0.64033
hospital,11-shutdown,14,6,0.65758
hospital,11-shutdown,15,7,0.67914
hospital,11-shutdown,16,7,0.72226
hospital,11-shutdown,17,8,0.78694
hospital,11-shutdown,18,8,0.83006
hospital,11-shutdown,19,9,0.85162
hospital,11-shutdown,20,9,0.8624
hospital,11-shutdown,21,10,0.8624
hospital,11-shutdown,22,10,0.8624
hospital,11-shutdown,23,11,0.8624
hospital,11-shutdown,24,11,0.8624
hospital,11-shutdown,25,12,0.8624
hospital,11-shutdown,26,12,0.8624
hospital,11-shutdown,27,13,0.8624
hospital,11-shutdown,28,13,0.8624
hospital,11-shutdown,29,14,0.8624
hospital,11-shutdown,30,14,0.8624
hospital,11-shutdown,31,15,0.8624
hospital,11-shutdown,32,15,0.8624
hospital,11-shutdown,33,16,0.8624
hospital,11-shutdown,34,16,0.85162
hospital,11-shutdown,35,17,0.83006
hospital,11-shutdown,36,17,0.8085
hospital,11-shutdown,37,18,0.78694
hospital,11-shutdown,38,18,0.77616
hospital,11-shutdown,39,19,0.77616
hospital,11-shutdown,40,19,0.76538
hospital,11-shutdown,41,20,0.74382
hospital,11-shutdown,42,20,0.72226
hospital,11-shutdown,43,21,0.7007
hospital,11-shutdown,44,21,0.67914
hospital,11-shutdown,45,22,0.65758
hospital,11-shutdown,46,22,0.64033
hospital,11-shutdown,47,23,0.6274
hospital,11-shutdown,48,23,0.61662
hospital,12-working,1,0,0.74025
hospital,12-working,2,0,0.735
hospital,12-working,3,1,0.735
hospital,12-working,4,1,0.735
hospital,12-working,5,2,0.735
hospital,12-working,6,2,0.735
hospital,12-working,7,3,0.735
hospital,12-working,8,3,0.735
hospital,12-working,9,4,0.735
hospital,12-working,10,4,0.74025
hospital,12-working,11,5,0.75075
hospital,12-working,12,5,0.76388
hospital,12-working,13,6,0.77963
hospital,12-working,14,6,0.80063
hospital,12-working,15,7,0.82688
hospital,12-working,16,7,0.87938
hospital,12-working,17,8,0.95813
hospital,12-working,18,8,1.01062
hospital,12-working,19,9,1.03687
hospital,12-working,20,9,1.05
hospital,12-working,21,10,1.05
hospital,12-working,22,10,1.05
hospital,12-working,23,11,1.05
hospital,12-working,24,11,1.05
hospital,12-working,25,12,1.05
hospital,12-working,26,12,1.05
hospital,12-working,27,13,1.05
hospital,12-working,28,13,1.05
hospital,12-working,29,14,1.05
hospital,12-working,30,14,1.05
hospital,12-working,31,15,1.05
hospital,12-working,32,15,1.05
hospital,12-working,33,16,1.05
hospital,12-working,34,16,1.03687
hospital,12-working,35,17,1.01062
hospital,12-working,36,17,0.98438
hospital,12-working,37,18,0.95813
hospital,12-working,38,18,0.945
hospital,12-working,39,19,0.945
hospital,12-working,40,19,0.93188
hospital,12-working,41,20,0.90563
hospital,12-working,42,20,0.87938
hospital,12-working,43,21,0.85313
hospital,12-working,44,21,0.82688
hospital,12-working,45,22,0.80063
hospital,12-working,46,22,0.77963
hospital,12-working,47,23,0.76388
hospital,12-working,48,23,0.75075
hospital,12-nonworking,1,0,0.65142
hospital,12-nonworking,2,0,0.6468
hospital,12-nonworking,3,1,0.6468
hospital,12-nonworking,4,1,0.6468
hospital,12-nonworking,5,2,0.6468
hospital,12-nonworking,6,2,0.6468
hospital,12-nonworking,7,3,0.6468
hospital,12-nonworking,8,3,0.6468
hospital,12-nonworking,9,4,0.6468
hospital,12-nonworking,10,4,0.65142
hospital,12-nonworking,11,5,0.66066
hospital,12-nonworking,12,5,0.67221
hospital,12-nonworking,13,6,0.68607
hospital,12-nonworking,14,6,0.70455
hospital,12-nonworking,15,7,0.72765
hospital,12-nonworking,16,7,0.77385
hospital,12-nonworking,17,8,0.84315
hospital,12-nonworking,18,8,0.88935
hospital,12-nonworking,19,9,0.91245
hospital,12-nonworking,20,9,0.924
hospital,12-nonworking,21,10,0.924
hospital,12-nonworking,22,10,0.924
hospital,12-nonworking,23,11,0.924
hospital,12-nonworking,24,11,0.924
hospital,12-nonworking,25,12,0.924
hospital,12-nonworking,26,12,0.924
hospital,12-nonworking,27,13,0.924
hospital,12-nonworking,28,13,0.924
hospital,12-nonworking,29,14,0.924
hospital,12-nonworking,30,14,0.924
hospital,12-nonworking,31,15,0.924
hospital,12-nonworking,32,15,0.924
hospital,12-nonworking,33,16,0.924
hospital,12-nonworking,34,16,0.91245
hospital,12-nonworking,35,17,0.88935
hospital,12-nonworking,36,17,0.86625
hospital,12-nonworking,37,18,0.84315
hospital,12-nonworking,38,18,0.8316
hospital,12-nonworking,39,19,0.8316
hospital,12-nonworking,40,19,0.82005
hospital,12-nonworking,41,20,0.79695
hospital,12-nonworking,42,20,0.77385
hospital,12-nonworking,43,21,0.75075
hospital,12-nonworking,44,21,0.72765
hospital,12-nonworking,45,22,0.70455
hospital,12-nonworking,46,22,0.68607
hospital,12-nonworking,47,23,0.67221
hospital,12-nonworking,48,23,0.66066
hospital,12-shutdown,1,0,0.65142
hospital,12-shutdown,2,0,0.6468
hospital,12-shutdown,3,1,0.6468
hospital,12-shutdown,4,1,0.6468
hospital,12-shutdown,5,2,0.6468
hospital,12-shutdown,6,2,0.6468
hospital,12-shutdown,7,3,0.6468
hospital,12-shutdown,8,3,0.6468
hospital,12-shutdown,9,4,0.6468
hospital,12-shutdown,10,4,0.65142
hospital,12-shutdown,11,5,0.66066
hospital,12-shutdown,12,5,0.67221
hospital,12-shutdown,13,6,0.68607
hospital,12-shutdown,14,6,0.70455
hospital,12-shutdown,15,7,0.72765
hospital,12-shutdown,16,7,0.77385
hospital,12-shutdown,17,8,0.84315
hospital,12-shutdown,18,8,0.88935
hospital,12-shutdown,19,9,0.91245
hospital,12-shutdown,20,9,0.924
hospital,12-shutdown,21,10,0.924
hospital,12-shutdown,22,10,0.924
hospital,12-shutdown,23,11,0.924
hospital,12-shutdown,24,11,0.924
hospital,12-shutdown,25,12,0.924
hospital,12-shutdown,26,12,0.924
hospital,12-shutdown,27,13,0.924
hospital,12-shutdown,28,13,0.924
hospital,12-shutdown,29,14,0.924
hospital,12-shutdown,30,14,0.924
hospital,12-shutdown,31,15,0.924
hospital,12-shutdown,32,15,0.924
hospital,12-shutdown,33,16,0.924
hospital,12-shutdown,34,16,0.91245
hospital,12-shutdown,35,17,0.88935
hospital,12-shutdown,36,17,0.86625
hospital,12-shutdown,37,18,0.84315
hospital,12-shutdown,38,18,0.8316
hospital,12-shutdown,39,19,0.8316
hospital,12-shutdown,40,19,0.82005
hospital,12-shutdown,41,20,0.79695
hospital,12-shutdown,42,20,0.77385
hospital,12-shutdown,43,21,0.75075
hospital,12-shutdown,44,21,0.72765
hospital,12-shutdown,45,22,0.70455
hospital,12-shutdown,46,22,0.68607
hospital,12-shutdown,47,23,0.67221
hospital,12-shutdown,48,23,0.66066
hospital,heat-working,1,0,0.8037
hospital,heat-working,2,0,0.798
hospital,heat-working,3,1,0.798
hospital,heat-working,4,1,0.798
hospital,heat-working,5,2,0.798
hospital,heat-working,6,2,0.798
hospital,heat-working,7,3,0.798
hospital,heat-working,8,3,0.798
hospital,heat-working,9,4,0.798
hospital,heat-working,10,4,0.8037
hospital,heat-working,11,5,0.8151
hospital,heat-working,12,5,0.82935
hospital,heat-working,13,6,0.84645
hospital,heat-working,14,6,0.86925
hospital,heat-working,15,7,0.89775
hospital,heat-working,16,7,0.95475
hospital,heat-working,17,8,1.04025
hospital,heat-working,18,8,1.09725
hospital,heat-working,19,9,1.12575
hospital,heat-working,20,9,1.14
hospital,heat-working,21,10,1.14
hospital,heat-working,22,10,1.14
hospital,heat-working,23,11,1.14
hospital,heat-working,24,11,1.14
hospital,heat-working,25,12,1.14
hospital,heat-working,26,12,1.14
hospital,heat-working,27,13,1.14
hospital,heat-working,28,13,1.14
hospital,heat-working,29,14,1.14
hospital,heat-working,30,14,1.14
hospital,heat-working,31,15,1.14
hospital,heat-working,32,15,1.14
hospital,heat-working,33,16,1.14
hospital,heat-working,34,16,1.12575
hospital,heat-working,35,17,1.09725
hospital,heat-working,36,17,1.06875
hospital,heat-working,37,18,1.04025
hospital,heat-working,38,18,1.026
hospital,heat-working,39,19,1.026
hospital,heat-working,40,19,1.01175
hospital,heat-working,41,20,0.98325
hospital,heat-working,42,20,0.95475
hospital,heat-working,43,21,0.92625
hospital,heat-working,44,21,0.89775
hospital,heat-working,45,22,0.86925
hospital,heat-working,46,22,0.84645
hospital,heat-working,47,23,0.82935
hospital,heat-working,48,23,0.8151
hospital,cold-working,1,0,0.75435
hospital,cold-working,2,0,0.749
hospital,cold-working,3,1,0.749
hospital,cold-working,4,1,0.749
hospital,cold-working,5,2,0.749
hospital,cold-working,6,2,0.749
hospital,cold-working,7,3,0.749
hospital,cold-working,8,3,0.749
hospital,cold-working,9,4,0.749
hospital,cold-working,10,4,0.75435
hospital,cold-working,11,5,0.76505
hospital,cold-working,12,5,0.77843
hospital,cold-working,13,6,0.79447
hospital,cold-working,14,6,0.81588
hospital,cold-working,15,7,0.84263
hospital,cold-working,16,7,0.89613
hospital,cold-working,17,8,0.97637
hospital,cold-working,18,8,1.02987
hospital,cold-working,19,9,1.05663
hospital,cold-working,20,9,1.07
hospital,cold-working,21,10,1.07
hospital,cold-working,22,10,1.07
hospital,cold-working,23,11,1.07
hospital,cold-working,24,11,1.07
hospital,cold-working,25,12,1.07
hospital,cold-working,26,12,1.07
hospital,cold-working,27,13,1.07
hospital,cold-working,28,13,1.07
hospital,cold-working,29,14,1.07
hospital,cold-working,30,14,1.07
hospital,cold-working,31,15,1.07
hospital,cold-working,32,15,1.07
hospital,cold-working,33,16,1.07
hospital,cold-working,34,16,1.05663
hospital,cold-working,35,17,1.02987
hospital,cold-working,36,17,1.00313
hospital,cold-working,37,18,0.97637
hospital,cold-working,38,18,0.963
hospital,cold-working,39,19,0.963
hospital,cold-working,40,19,0.94963
hospital,cold-working,41,20,0.92288
hospital,cold-working,42,20,0.89613
hospital,cold-working,43,21,0.86938
hospital,cold-working,44,21,0.84263
hospital,cold-working,45,22,0.81588
hospital,cold-working,46,22,0.79447
hospital,cold-working,47,23,0.77843
hospital,cold-working,48,23,0.76505
water_utility,01-working,1,0,0.85845
water_utility,01-working,2,0,0.8536
water_utility,01-working,3,1,0.8536
water_utility,01-working,4,1,0.8536
water_utility,01-working,5,2,0.8536
water_utility,01-working,6,2,0.8536
water_utility,01-working,7,3,0.8536
water_utility,01-working,8,3,0.8536
water_utility,01-working,9,4,0.8536
water_utility,01-working,10,4,0.87057
water_utility,01-working,11,5,0.90453
water_utility,01-working,12,5,0.94575
water_utility,01-working,13,6,0.99425
water_utility,01-working,14,6,1.02578
water_utility,01-working,15,7,1.04032
water_utility,01-working,16,7,1.04032
water_utility,01-working,17,8,1.02578
water_utility,01-working,18,8,1.00638
water_utility,01-working,19,9,0.98212
water_utility,01-working,20,9,0.95788
water_utility,01-working,21,10,0.93362
water_utility,01-working,22,10,0.9215
water_utility,01-working,23,11,0.9215
water_utility,01-working,24,11,0.9215
water_utility,01-working,25,12,0.9215
water_utility,01-working,26,12,0.9215
water_utility,01-working,27,13,0.9215
water_utility,01-working,28,13,0.9215
water_utility,01-working,29,14,0.9215
water_utility,01-working,30,14,0.92635
water_utility,01-working,31,15,0.93605
water_utility,01-working,32,15,0.94817
water_utility,01-working,33,16,0.96272
water_utility,01-working,34,16,0.98212
water_utility,01-working,35,17,1.00638
water_utility,01-working,36,17,1.02578
water_utility,01-working,37,18,1.04032
water_utility,01-working,38,18,1.04275
water_utility,01-working,39,19,1.03305
water_utility,01-working,40,19,1.0185
water_utility,01-working,41,20,0.9991
water_utility,01-working,42,20,0.9797
water_utility,01-working,43,21,0.9603
water_utility,01-working,44,21,0.93605
water_utility,01-working,45,22,0.90695
water_utility,01-working,46,22,0.88755
water_utility,01-working,47,23,0.87785
water_utility,01-working,48,23,0.86815
water_utility,01-nonworking,1,0,0.8327
water_utility,01-nonworking,2,0,0.82799
water_utility,01-nonworking,3,1,0.82799
water_utility,01-nonworking,4,1,0.82799
water_utility,01-nonworking,5,2,0.82799
water_utility,01-nonworking,6,2,0.82799
water_utility,01-nonworking,7,3,0.82799
water_utility,01-nonworking,8,3,0.82799
water_utility,01-nonworking,9,4,0.82799
water_utility,01-nonworking,10,4,0.84446
water_utility,01-nonworking,11,5,0.87739
water_utility,01-nonworking,12,5,0.91738
water_utility,01-nonworking,13,6,0.96442
water_utility,01-nonworking,14,6,0.995
water_utility,01-nonworking,15,7,1.00912
water_utility,01-nonworking,16,7,1.00912
water_utility,01-nonworking,17,8,0.995
water_utility,01-nonworking,18,8,0.97618
water_utility,01-nonworking,19,9,0.95266
water_utility,01-nonworking,20,9,0.92914
water_utility,01-nonworking,21,10,0.90562
water_utility,01-nonworking,22,10,0.89385
water_utility,01-nonworking,23,11,0.89385
water_utility,01-nonworking,24,11,0.89385
water_utility,01-nonworking,25,12,0.89385
water_utility,01-nonworking,26,12,0.89385
water_utility,01-nonworking,27,13,0.89385
water_utility,01-nonworking,28,13,0.89385
water_utility,01-nonworking,29,14,0.89385
water_utility,01-nonworking,30,14,0.89856
water_utility,01-nonworking,31,15,0.90797
water_utility,01-nonworking,32,15,0.91973
water_utility,01-nonworking,33,16,0.93384
water_utility,01-nonworking,34,16,0.95266
water_utility,01-nonworking,35,17,0.97618
water_utility,01-nonworking,36,17,0.995
water_utility,01-nonworking,37,18,1.00912
water_utility,01-nonworking,38,18,1.01147
water_utility,01-nonworking,39,19,1.00206
water_utility,01-nonworking,40,19,0.98794
water_utility,01-nonworking,41,20,0.96913
water_utility,01-nonworking,42,20,0.95031
water_utility,01-nonworking,43,21,0.93149
water_utility,01-nonworking,44,21,0.90797
water_utility,01-nonworking,45,22,0.87974
water_utility,01-nonworking,46,22,0.86092
water_utility,01-nonworking,47,23,0.85151
water_utility,01-nonworking,48,23,0.84211
water_utility,01-shutdown,1,0,0.8327
water_utility,01-shutdown,2,0,0.82799
water_utility,01-shutdown,3,1,0.82799
water_utility,01-shutdown,4,1,0.82799
water_utility,01-shutdown,5,2,0.82799
water_utility,01-shutdown,6,2,0.82799
water_utility,01-shutdown,7,3,0.82799
water_utility,01-shutdown,8,3,0.82799
water_utility,01-shutdown,9,4,0.82799
water_utility,01-shutdown,10,4,0.84446
water_utility,01-shutdown,11,5,0.87739
water_utility,01-shutdown,12,5,0.91738
water_utility,01-shutdown,13,6,0.96442
water_utility,01-shutdown,14,6,0.995
water_utility,01-shutdown,15,7,1.00912
water_utility,01-shutdown,16,7,1.00912
water_utility,01-shutdown,17,8,0.995
water_utility,01-shutdown,18,8,0.97618
water_utility,01-shutdown,19,9,0.95266
water_utility,01-shutdown,20,9,0.92914
water_utility,01-shutdown,21,10,0.90562
water_utility,01-shutdown,22,10,0.89385
water_utility,01-shutdown,23,11,0.89385
water_utility,01-shutdown,24,11,0.89385
water_utility,01-shutdown,25,12,0.89385
water_utility,01-shutdown,26,12,0.89385
water_utility,01-shutdown,27,13,0.89385
water_utility,01-shutdown,28,13,0.89385
water_utility,01-shutdown,29,14,0.89385
water_utility,01-shutdown,30,14,0.89856
water_utility,01-shutdown,31,15,0.90797
water_utility,01-shutdown,32,15,0.91973
water_utility,01-shutdown,33,16,0.93384
water_utility,01-shutdown,34,16,0.95266
water_utility,01-shutdown,35,17,0.97618
water_utility,01-shutdown,36,17,0.995
water_utility,01-shutdown,37,18,1.00912
water_utility,01-shutdown,38,18,1.01147
water_utility,01-shutdown,39,19,1.00206
water_utility,01-shutdown,40,19,0.98794
water_utility,01-shutdown,41,20,0.96913
water_utility,01-shutdown,42,20,0.95031
water_utility,01-shutdown,43,21,0.93149
water_utility,01-shutdown,44,21,0.90797
water_utility,01-shutdown,45,22,0.87974
water_utility,01-shutdown,46,22,0.86092
water_utility,01-shutdown,47,23,0.85151
water_utility,01-shutdown,48,23,0.84211
water_utility,02-working,1,0,0.85845
water_utility,02-working,2,0,0.8536
water_utility,02-working,3,1,0.8536
water_utility,02-working,4,1,0.8536
water_utility,02-working,5,2,0.8536
water_utility,02-working,6,2,0.8536
water_utility,02-working,7,3,0.8536
water_utility,02-working,8,3,0.8536
water_utility,02-working,9,4,0.8536
water_utility,02-working,10,4,0.87057
water_utility,02-working,11,5,0.90453
water_utility,02-working,12,5,0.94575
water_utility,02-working,13,6,0.99425
water_utility,02-working,14,6,1.02578
water_utility,02-working,15,7,1.04032
water_utility,02-working,16,7,1.04032
water_utility,02-working,17,8,1.02578
water_utility,02-working,18,8,1.00638
water_utility,02-working,19,9,0.98212
water_utility,02-working,20,9,0.95788
water_utility,02-working,21,10,0.93362
water_utility,02-working,22,10,0.9215
water_utility,02-working,23,11,0.9215
water_utility,02-working,24,11,0.9215
water_utility,02-working,25,12,0.9215
water_utility,02-working,26,12,0.9215
water_utility,02-working,27,13,0.9215
water_utility,02-working,28,13,0.9215
water_utility,02-working,29,14,0.9215
water_utility,02-working,30,14,0.92635
water_utility,02-working,31,15,0.93605
water_utility,02-working,32,15,0.94817
water_utility,02-working,33,16,0.96272
water_utility,02-working,34,16,0.98212
water_utility,02-working,35,17,1.00638
water_utility,02-working,36,17,1.02578
water_utility,02-working,37,18,1.04032
water_utility,02-working,38,18,1.04275
water_utility,02-working,39,19,1.03305
water_utility,02-working,40,19,1.0185
water_utility,02-working,41,20,0.9991
water_utility,02-working,42,20,0.9797
water_utility,02-working,43,21,0.9603
water_utility,02-working,44,21,0.93605
water_utility,02-working,45,22,0.90695
water_utility,02-working,46,22,0.88755
water_utility,02-working,47,23,0.87785
water_utility,02-working,48,23,0.86815
water_utility,02-nonworking,1,0,0.8327
water_utility,02-nonworking,2,0,0.82799
water_utility,02-nonworking,3,1,0.82799
water_utility,02-nonworking,4,1,0.82799
water_utility,02-nonworking,5,2,0.82799
water_utility,02-nonworking,6,2,0.82799
water_utility,02-nonworking,7,3,0.82799
water_utility,02-nonworking,8,3,0.82799
water_utility,02-nonworking,9,4,0.82799
water_utility,02-nonworking,10,4,0.84446
water_utility,02-nonworking,11,5,0.87739
water_utility,02-nonworking,12,5,0.91738
water_utility,02-nonworking,13,6,0.96442
water_utility,02-nonworking,14,6,0.995
water_utility,02-nonworking,15,7,1.00912
water_utility,02-nonworking,16,7,1.00912
water_utility,02-nonworking,17,8,0.995
water_utility,02-nonworking,18,8,0.97618
water_utility,02-nonworking,19,9,0.95266
water_utility,02-nonworking,20,9,0.92914
water_utility,02-nonworking,21,10,0.90562
water_utility,02-nonworking,22,10,0.89385
water_utility,02-nonworking,23,11,0.89385
water_utility,02-nonworking,24,11,0.89385
water_utility,02-nonworking,25,12,0.89385
water_utility,02-nonworking,26,12,0.89385
water_utility,02-nonworking,27,13,0.89385
water_utility,02-nonworking,28,13,0.89385
water_utility,02-nonworking,29,14,0.89385
water_utility,02-nonworking,30,14,0.89856
water_utility,02-nonworking,31,15,0.90797
water_utility,02-nonworking,32,15,0.91973
water_utility,02-nonworking,33,16,0.93384
water_utility,02-nonworking,34,16,0.95266
water_utility,02-nonworking,35,17,0.97618
water_utility,02-nonworking,36,17,0.995
water_utility,02-nonworking,37,18,1.00912
water_utility,02-nonworking,38,18,1.01147
water_utility,02-nonworking,39,19,1.00206
water_utility,02-nonworking,40,19,0.98794
water_utility,02-nonworking,41,20,0.96913
water_utility,02-nonworking,42,20,0.95031
water_utility,02-nonworking,43,21,0.93149
water_utility,02-nonworking,44,21,0.90797
water_utility,02-nonworking,45,22,0.87974
water_utility,02-nonworking,46,22,0.86092
water_utility,02-nonworking,47,23,0.85151
water_utility,02-nonworking,48,23,0.84211
water_utility,02-shutdown,1,0,0.8327
water_utility,02-shutdown,2,0,0.82799
water_utility,02-shutdown,3,1,0.82799
water_utility,02-shutdown,4,1,0.82799
water_utility,02-shutdown,5,2,0.82799
water_utility,02-shutdown,6,2,0.82799
water_utility,02-shutdown,7,3,0.82799
water_utility,02-shutdown,8,3,0.82799
water_utility,02-shutdown,9,4,0.82799
water_utility,02-shutdown,10,4,0.84446
water_utility,02-shutdown,11,5,0.87739
water_utility,02-shutdown,12,5,0.91738
water_utility,02-shutdown,13,6,0.96442
water_utility,02-shutdown,14,6,0.995
water_utility,02-shutdown,15,7,1.00912
water_utility,02-shutdown,16,7,1.00912
water_utility,02-shutdown,17,8,0.995
water_utility,02-shutdown,18,8,0.97618
water_utility,02-shutdown,19,9,0.95266
water_utility,02-shutdown,20,9,0.92914
water_utility,02-shutdown,21,10,0.90562
water_utility,02-shutdown,22,10,0.89385
water_utility,02-shutdown,23,11,0.89385
water_utility,02-shutdown,24,11,0.89385
water_utility,02-shutdown,25,12,0.89385
water_utility,02-shutdown,26,12,0.89385
water_utility,02-shutdown,27,13,0.89385
water_utility,02-shutdown,28,13,0.89385
water_utility,02-shutdown,29,14,0.89385
water_utility,02-shutdown,30,14,0.89856
water_utility,02-shutdown,31,15,0.90797
water_utility,02-shutdown,32,15,0.91973
water_utility,02-shutdown,33,16,0.93384
water_utility,02-shutdown,34,16,0.95266
water_utility,02-shutdown,35,17,0.97618
water_utility,02-shutdown,36,17,0.995
water_utility,02-shutdown,37,18,1.00912
water_utility,02-shutdown,38,18,1.01147
water_utility,02-shutdown,39,19,1.00206
water_utility,02-shutdown,40,19,0.98794
water_utility,02-shutdown,41,20,0.96913
water_utility,02-shutdown,42,20,0.95031
water_utility,02-shutdown,43,21,0.93149
water_utility,02-shutdown,44,21,0.90797
water_utility,02-shutdown,45,22,0.87974
water_utility,02-shutdown,46,22,0.86092
water_utility,02-shutdown,47,23,0.85151
water_utility,02-shutdown,48,23,0.84211
water_utility,03-working,1,0,0.8673
water_utility,03-working,2,0,0.8624
water_utility,03-working,3,1,0.8624
water_utility,03-working,4,1,0.8624
water_utility,03-working,5,2,0.8624
water_utility,03-working,6,2,0.8624
water_utility,03-working,7,3,0.8624
water_utility,03-working,8,3,0.8624
water_utility,03-working,9,4,0.8624
water_utility,03-working,10,4,0.87955
water_utility,03-working,11,5,0.91385
water_utility,03-working,12,5,0.9555
water_utility,03-working,13,6,1.0045
water_utility,03-working,14,6,1.03635
water_utility,03-working,15,7,1.05105
water_utility,03-working,16,7,1.05105
water_utility,03-working,17,8,1.03635
water_utility,03-working,18,8,1.01675
water_utility,03-working,19,9,0.99225
water_utility,03-working,20,9,0.96775
water_utility,03-working,21,10,0.94325
water_utility,03-working,22,10,0.931
water_utility,03-working,23,11,0.931
water_utility,03-working,24,11,0.931
water_utility,03-working,25,12,0.931
water_utility,03-working,26,12,0.931
water_utility,03-working,27,13,0.931
water_utility,03-working,28,13,0.931
water_utility,03-working,29,14,0.931
water_utility,03-working,30,14,0.9359
water_utility,03-working,31,15,0.9457
water_utility,03-working,32,15,0.95795
water_utility,03-working,33,16,0.97265
water_utility,03-working,34,16,0.99225
water_utility,03-working,35,17,1.01675
water_utility,03-working,36,17,1.03635
water_utility,03-working,37,18,1.05105
water_utility,03-working,38,18,1.0535
water_utility,03-working,39,19,1.0437
water_utility,03-working,40,19,1.029
water_utility,03-working,41,20,1.0094
water_utility,03-working,42,20,0.9898
water_utility,03-working,43,21,0.9702
water_utility,03-working,44,21,0.9457
water_utility,03-working,45,22,0.9163
water_utility,03-working,46,22,0.8967
water_utility,03-working,47,23,0.8869
water_utility,03-working,48,23,0.8771
water_utility,03-nonworking,1,0,0.84128
water_utility,03-nonworking,2,0,0.83653
water_utility,03-nonworking,3,1,0.83653
water_utility,03-nonworking,4,1,0.83653
water_utility,03-nonworking,5,2,0.83653
water_utility,03-nonworking,6,2,0.83653
water_utility,03-nonworking,7,3,0.83653
water_utility,03-nonworking,8,3,0.83653
water_utility,03-nonworking,9,4,0.83653
water_utility,03-nonworking,10,4,0.85316
water_utility,03-nonworking,11,5,0.88643
water_utility,03-nonworking,12,5,0.92683
water_utility,03-nonworking,13,6,0.97436
water_utility,03-nonworking,14,6,1.00526
water_utility,03-nonworking,15,7,1.01952
water_utility,03-nonworking,16,7,1.01952
water_utility,03-nonworking,17,8,1.00526
water_utility,03-nonworking,18,8,0.98625
water_utility,03-nonworking,19,9,0.96248
water_utility,03-nonworking,20,9,0.93872
water_utility,03-nonworking,21,10,0.91495
water_utility,03-nonworking,22,10,0.90307
water_utility,03-nonworking,23,11,0.90307
water_utility,03-nonworking,24,11,0.90307
water_utility,03-nonworking,25,12,0.90307
water_utility,03-nonworking,26,12,0.90307
water_utility,03-nonworking,27,13,0.90307
water_utility,03-nonworking,28,13,0.90307
water_utility,03-nonworking,29,14,0.90307
water_utility,03-nonworking,30,14,0.90782
water_utility,03-nonworking,31,15,0.91733
water_utility,03-nonworking,32,15,0.92921
water_utility,03-nonworking,33,16,0.94347
water_utility,03-nonworking,34,16,0.96248
water_utility,03-nonworking,35,17,0.98625
water_utility,03-nonworking,36,17,1.00526
water_utility,03-nonworking,37,18,1.01952
water_utility,03-nonworking,38,18,1.02189
water_utility,03-nonworking,39,19,1.01239
water_utility,03-nonworking,40,19,0.99813
water_utility,03-nonworking,41,20,0.97912
water_utility,03-nonworking,42,20,0.96011
water_utility,03-nonworking,43,21,0.94109
water_utility,03-nonworking,44,21,0.91733
water_utility,03-nonworking,45,22,0.88881
water_utility,03-nonworking,46,22,0.8698
water_utility,03-nonworking,47,23,0.86029
water_utility,03-nonworking,48,23,0.85079
water_utility,03-shutdown,1,0,0.84128
water_utility,03-shutdown,2,0,0.83653
water_utility,03-shutdown,3,1,0.83653
water_utility,03-shutdown,4,1,0.83653
water_utility,03-shutdown,5,2,0.83653
water_utility,03-shutdown,6,2,0.83653
water_utility,03-shutdown,7,3,0.83653
water_utility,03-shutdown,8,3,0.83653
water_utility,03-shutdown,9,4,0.83653
water_utility,03-shutdown,10,4,0.85316
water_utility,03-shutdown,11,5,0.88643
water_utility,03-shutdown,12,5,0.92683
water_utility,03-shutdown,13,6,0.97436
water_utility,03-shutdown,14,6,1.00526
water_utility,03-shutdown,15,7,1.01952
water_utility,03-shutdown,16,7,1.01952
water_utility,03-shutdown,17,8,1.00526
water_utility,03-shutdown,18,8,0.98625
water_utility,03-shutdown,19,9,0.96248
water_utility,03-shutdown,20,9,0.93872
water_utility,03-shutdown,21,10,0.91495
water_utility,03-shutdown,22,10,0.90307
water_utility,03-shutdown,23,11,0.90307
water_utility,03-shutdown,24,11,0.90307
water_utility,03-shutdown,25,12,0.90307
water_utility,03-shutdown,26,12,0.90307
water_utility,03-shutdown,27,13,0.90307
water_utility,03-shutdown,28,13,0.90307
water_utility,03-shutdown,29,14,0.90307
water_utility,03-shutdown,30,14,0.90782
water_utility,03-shutdown,31,15,0.91733
water_utility,03-shutdown,32,15,0.92921
water_utility,03-shutdown,33,16,0.94347
water_utility,03-shutdown,34,16,0.96248
water_utility,03-shutdown,35,17,0.98625
water_utility,03-shutdown,36,17,1.00526
water_utility,03-shutdown,37,18,1.01952
water_utility,03-shutdown,38,18,1.02189
water_utility,03-shutdown,39,19,1.01239
water_utility,03-shutdown,40,19,0.99813
water_utility,03-shutdown,41,20,0.97912
water_utility,03-shutdown,42,20,0.96011
water_utility,03-shutdown,43,21,0.94109
water_utility,03-shutdown,44,21,0.91733
water_utility,03-shutdown,45,22,0.88881
water_utility,03-shutdown,46,22,0.8698
water_utility,03-shutdown,47,23,0.86029
water_utility,03-shutdown,48,23,0.85079
water_utility,04-working,1,0,0.87615
water_utility,04-working,2,0,0.8712
water_utility,04-working,3,1,0.8712
water_utility,04-working,4,1,0.8712
water_utility,04-working,5,2,0.8712
water_utility,04-working,6,2,0.8712
water_utility,04-working,7,3,0.8712
water_utility,04-working,8,3,0.8712
water_utility,04-working,9,4,0.8712
water_utility,04-working,10,4,0.88853
water_utility,04-working,11,5,0.92317
water_utility,04-working,12,5,0.96525
water_utility,04-working,13,6,1.01475
water_utility,04-working,14,6,1.04693
water_utility,04-working,15,7,1.06177
water_utility,04-working,16,7,1.06177
water_utility,04-working,17,8,1.04693
water_utility,04-working,18,8,1.02713
water_utility,04-working,19,9,1.00238
water_utility,04-working,20,9,0.97763
water_utility,04-working,21,10,0.95287
water_utility,04-working,22,10,0.9405
water_utility,04-working,23,11,0.9405
water_utility,04-working,24,11,0.9405
water_utility,04-working,25,12,0.9405
water_utility,04-working,26,12,0.9405
water_utility,04-working,27,13,0.9405
water_utility,04-working,28,13,0.9405
water_utility,04-working,29,14,0.9405
water_utility,04-working,30,14,0.94545
water_utility,04-working,31,15,0.95535
water_utility,04-working,32,15,0.96773
water_utility,04-working,33,16,0.98257
water_utility,04-working,34,16,1.00238
water_utility,04-working,35,17,1.02713
water_utility,04-working,36,17,1.04693
water_utility,04-working,37,18,1.06177
water_utility,04-working,38,18,1.06425
water_utility,04-working,39,19,1.05435
water_utility,04-working,40,19,1.0395
water_utility,04-working,41,20,1.0197
water_utility,04-working,42,20,0.9999
water_utility,04-working,43,21,0.9801
water_utility,04-working,44,21,0.95535
water_utility,04-working,45,22,0.92565
water_utility,04-working,46,22,0.90585
water_utility,04-working,47,23,0.89595
water_utility,04-working,48,23,0.88605
water_utility,04-nonworking,1,0,0.84987
water_utility,04-nonworking,2,0,0.84506
water_utility,04-nonworking,3,1,0.84506
water_utility,04-nonworking,4,1,0.84506
water_utility,04-nonworking,5,2,0.84506
water_utility,04-nonworking,6,2,0.84506
water_utility,04-nonworking,7,3,0.84506
water_utility,04-nonworking,8,3,0.84506
water_utility,04-nonworking,9,4,0.84506
water_utility,04-nonworking,10,4,0.86187
water_utility,04-nonworking,11,5,0.89548
water_utility,04-nonworking,12,5,0.93629
water_utility,04-nonworking,13,6,0.98431
water_utility,04-nonworking,14,6,1.01552
water_utility,04-nonworking,15,7,1.02992
water_utility,04-nonworking,16,7,1.02992
water_utility,04-nonworking,17,8,1.01552
water_utility,04-nonworking,18,8,0.99631
water_utility,04-nonworking,19,9,0.9723
water_utility,04-nonworking,20,9,0.9483
water_utility,04-nonworking,21,10,0.92429
water_utility,04-nonworking,22,10,0.91229
water_utility,04-nonworking,23,11,0.91229
water_utility,04-nonworking,24,11,0.91229
water_utility,04-nonworking,25,12,0.91229
water_utility,04-nonworking,26,12,0.91229
water_utility,04-nonworking,27,13,0.91229
water_utility,04-nonworking,28,13,0.91229
water_utility,04-nonworking,29,14,0.91229
water_utility,04-nonworking,30,14,0.91709
water_utility,04-nonworking,31,15,0.92669
water_utility,04-nonworking,32,15,0.93869
water_utility,04-nonworking,33,16,0.9531
water_utility,04-nonworking,34,16,0.9723
water_utility,04-nonworking,35,17,0.99631
water_utility,04-nonworking,36,17,1.01552
water_utility,04-nonworking,37,18,1.02992
water_utility,04-nonworking,38,18,1.03232
water_utility,04-nonworking,39,19,1.02272
water_utility,04-nonworking,40,19,1.00831
water_utility,04-nonworking,41,20,0.98911
water_utility,04-nonworking,42,20,0.9699
water_utility,04-nonworking,43,21,0.9507
water_utility,04-nonworking,44,21,0.92669
water_utility,04-nonworking,45,22,0.89788
water_utility,04-nonworking,46,22,0.87867
water_utility,04-nonworking,47,23,0.86907
water_utility,04-nonworking,48,23,0.85947
water_utility,04-shutdown,1,0,0.84987
water_utility,04-shutdown,2,0,0.84506
water_utility,04-shutdown,3,1,0.84506
water_utility,04-shutdown,4,1,0.84506
water_utility,04-shutdown,5,2,0.84506
water_utility,04-shutdown,6,2,0.84506
water_utility,04-shutdown,7,3,0.84506
water_utility,04-shutdown,8,3,0.84506
water_utility,04-shutdown,9,4,0.84506
water_utility,04-shutdown,10,4,0.86187
water_utility,04-shutdown,11,5,0.89548
water_utility,04-shutdown,12,5,0.93629
water_utility,04-shutdown,13,6,0.98431
water_utility,04-shutdown,14,6,1.01552
water_utility,04-shutdown,15,7,1.02992
water_utility,04-shutdown,16,7,1.02992
water_utility,04-shutdown,17,8,1.01552
water_utility,04-shutdown,18,8,0.99631
water_utility,04-shutdown,19,9,0.9723
water_utility,04-shutdown,20,9,0.9483
water_utility,04-shutdown,21,10,0.92429
water_utility,04-shutdown,22,10,0.91229
water_utility,04-shutdown,23,11,0.91229
water_utility,04-shutdown,24,11,0.91229
water_utility,04-shutdown,25,12,0.91229
water_utility,04-shutdown,26,12,0.91229
water_utility,04-shutdown,27,13,0.91229
water_utility,04-shutdown,28,13,0.91229
water_utility,04-shutdown,29,14,0.91229
water_utility,04-shutdown,30,14,0.91709
water_utility,04-shutdown,31,15,0.92669
water_utility,04-shutdown,32,15,0.93869
water_utility,04-shutdown,33,16,0.9531
water_utility,04-shutdown,34,16,0.9723
water_utility,04-shutdown,35,17,0.99631
water_utility,04-shutdown,36,17,1.01552
water_utility,04-shutdown,37,18,1.02992
water_utility,04-shutdown,38,18,1.03232
water_utility,04-shutdown,39,19,1.02272
water_utility,04-shutdown,40,19,1.00831
water_utility,04-shutdown,41,20,0.98911
water_utility,04-shutdown,42,20,0.9699
water_utility,04-shutdown,43,21,0.9507
water_utility,04-shutdown,44,21,0.92669
water_utility,04-shutdown,45,22,0.89788
water_utility,04-shutdown,46,22,0.87867
water_utility,04-shutdown,47,23,0.86907
water_utility,04-shutdown,48,23,0.85947
water_utility,05-working,1,0,0.885
water_utility,05-working,2,0,0.88
water_utility,05-working,3,1,0.88
water_utility,05-working,4,1,0.88
water_utility,05-working,5,2,0.88
water_utility,05-working,6,2,0.88
water_utility,05-working,7,3,0.88
water_utility,05-working,8,3,0.88
water_utility,05-working,9,4,0.88
water_utility,05-working,10,4,0.8975
water_utility,05-working,11,5,0.9325
water_utility,05-working,12,5,0.975
water_utility,05-working,13,6,1.025
water_utility,05-working,14,6,1.0575
water_utility,05-working,15,7,1.0725
water_utility,05-working,16,7,1.0725
water_utility,05-working,17,8,1.0575
water_utility,05-working,18,8,1.0375
water_utility,05-working,19,9,1.0125
water_utility,05-working,20,9,0.9875
water_utility,05-working,21,10,0.9625
water_utility,05-working,22,10,0.95
water_utility,05-working,23,11,0.95
water_utility,05-working,24,11,0.95
water_utility,05-working,25,12,0.95
water_utility,05-working,26,12,0.95
water_utility,05-working,27,13,0.95
water_utility,05-working,28,13,0.95
water_utility,05-working,29,14,0.95
water_utility,05-working,30,14,0.955
water_utility,05-working,31,15,0.965
water_utility,05-working,32,15,0.9775
water_utility,05-working,33,16,0.9925
water_utility,05-working,34,16,1.0125
water_utility,05-working,35,17,1.0375
water_utility,05-working,36,17,1.0575
water_utility,05-working,37,18,1.0725
water_utility,05-working,38,18,1.075
water_utility,05-working,39,19,1.065
water_utility,05-working,40,19,1.05
water_utility,05-working,41,20,1.03
water_utility,05-working,42,20,1.01
water_utility,05-working,43,21,0.99
water_utility,05-working,44,21,0.965
water_utility,05-working,45,22,0.935
water_utility,05-working,46,22,0.915
water_utility,05-working,47,23,0.905
water_utility,05-working,48,23,0.895
water_utility,05-nonworking,1,0,0.85845
water_utility,05-nonworking,2,0,0.8536
water_utility,05-nonworking,3,1,0.8536
water_utility,05-nonworking,4,1,0.8536
water_utility,05-nonworking,5,2,0.8536
water_utility,05-nonworking,6,2,0.8536
water_utility,05-nonworking,7,3,0.8536
water_utility,05-nonworking,8,3,0.8536
water_utility,05-nonworking,9,4,0.8536
water_utility,05-nonworking,10,4,0.87057
water_utility,05-nonworking,11,5,0.90453
water_utility,05-nonworking,12,5,0.94575
water_utility,05-nonworking,13,6,0.99425
water_utility,05-nonworking,14,6,1.02578
water_utility,05-nonworking,15,7,1.04032
water_utility,05-nonworking,16,7,1.04032
water_utility,05-nonworking,17,8,1.02578
water_utility,05-nonworking,18,8,1.00638
water_utility,05-nonworking,19,9,0.98212
water_utility,05-nonworking,20,9,0.95788
water_utility,05-nonworking,21,10,0.93362
water_utility,05-nonworking,22,10,0.9215
water_utility,05-nonworking,23,11,0.9215
water_utility,05-nonworking,24,11,0.9215
water_utility,05-nonworking,25,12,0.9215
water_utility,05-nonworking,26,12,0.9215
water_utility,05-nonworking,27,13,0.9215
water_utility,05-nonworking,28,13,0.9215
water_utility,05-nonworking,29,14,0.9215
water_utility,05-nonworking,30,14,0.92635
water_utility,05-nonworking,31,15,0.93605
water_utility,05-nonworking,32,15,0.94817
water_utility,05-nonworking,33,16,0.96272
water_utility,05-nonworking,34,16,0.98212
water_utility,05-nonworking,35,17,1.00638
water_utility,05-nonworking,36,17,1.02578
water_utility,05-nonworking,37,18,1.04032
water_utility,05-nonworking,38,18,1.04275
water_utility,05-nonworking,39,19,1.03305
water_utility,05-nonworking,40,19,1.0185
water_utility,05-nonworking,41,20,0.9991
water_utility,05-nonworking,42,20,0.9797
water_utility,05-nonworking,43,21,0.9603
water_utility,05-nonworking,44,21,0.93605
water_utility,05-nonworking,45,22,0.90695
water_utility,05-nonworking,46,22,0.88755
water_utility,05-nonworking,47,23,0.87785
water_utility,05-nonworking,48,23,0.86815
water_utility,05-shutdown,1,0,0.85845
water_utility,05-shutdown,2,0,0.8536
water_utility,05-shutdown,3,1,0.8536
water_utility,05-shutdown,4,1,0.8536
water_utility,05-shutdown,5,2,0.8536
water_utility,05-shutdown,6,2,0.8536
water_utility,05-shutdown,7,3,0.8536
water_utility,05-shutdown,8,3,0.8536
water_utility,05-shutdown,9,4,0.8536
water_utility,05-shutdown,10,4,0.87057
water_utility,05-shutdown,11,5,0.90453
water_utility,05-shutdown,12,5,0.94575
water_utility,05-shutdown,13,6,0.99425
water_utility,05-shutdown,14,6,1.02578
water_utility,05-shutdown,15,7,1.04032
water_utility,05-shutdown,16,7,1.04032
water_utility,05-shutdown,17,8,1.02578
water_utility,05-shutdown,18,8,1.00638
water_utility,05-shutdown,19,9,0.98212
water_utility,05-shutdown,20,9,0.95788
water_utility,05-shutdown,21,10,0.93362
water_utility,05-shutdown,22,10,0.9215
water_utility,05-shutdown,23,11,0.9215
water_utility,05-shutdown,24,11,0.9215
water_utility,05-shutdown,25,12,0.9215
water_utility,05-shutdown,26,12,0.9215
water_utility,05-shutdown,27,13,0.9215
water_utility,05-shutdown,28,13,0.9215
water_utility,05-shutdown,29,14,0.9215
water_utility,05-shutdown,30,14,0.92635
water_utility,05-shutdown,31,15,0.93605
water_utility,05-shutdown,32,15,0.94817
water_utility,05-shutdown,33,16,0.96272
water_utility,05-shutdown,34,16,0.98212
water_utility,05-shutdown,35,17,1.00638
water_utility,05-shutdown,36,17,1.02578
water_utility,05-shutdown,37,18,1.04032
water_utility,05-shutdown,38,18,1.04275
water_utility,05-shutdown,39,19,1.03305
water_utility,05-shutdown,40,19,1.0185
water_utility,05-shutdown,41,20,0.9991
water_utility,05-shutdown,42,20,0.9797
water_utility,05-shutdown,43,21,0.9603
water_utility,05-shutdown,44,21,0.93605
water_utility,05-shutdown,45,22,0.90695
water_utility,05-shutdown,46,22,0.88755
water_utility,05-shutdown,47,23,0.87785
water_utility,05-shutdown,48,23,0.86815
water_utility,06-working,1,0,0.9027
water_utility,06-working,2,0,0.8976
water_utility,06-working,3,1,0.8976
water_utility,06-working,4,1,0.8976
water_utility,06-working,5,2,0.8976
water_utility,06-working,6,2,0.8976
water_utility,06-working,7,3,0.8976
water_utility,06-working,8,3,0.8976
water_utility,06-working,9,4,0.8976
water_utility,06-working,10,4,0.91545
water_utility,06-working,11,5,0.95115
water_utility,06-working,12,5,0.9945
water_utility,06-working,13,6,1.0455
water_utility,06-working,14,6,1.07865
water_utility,06-working,15,7,1.09395
water_utility,06-working,16,7,1.09395
water_utility,06-working,17,8,1.07865
water_utility,06-working,18,8,1.05825
water_utility,06-working,19,9,1.03275
water_utility,06-working,20,9,1.00725
water_utility,06-working,21,10,0.98175
water_utility,06-working,22,10,0.969
water_utility,06-working,23,11,0.969
water_utility,06-working,24,11,0.969
water_utility,06-working,25,12,0.969
water_utility,06-working,26,12,0.969
water_utility,06-working,27,13,0.969
water_utility,06-working,28,13,0.969
water_utility,06-working,29,14,0.969
water_utility,06-working,30,14,0.9741
water_utility,06-working,31,15,0.9843
water_utility,06-working,32,15,0.99705
water_utility,06-working,33,16,1.01235
water_utility,06-working,34,16,1.03275
water_utility,06-working,35,17,1.05825
water_utility,06-working,36,17,1.07865
water_utility,06-working,37,18,1.09395
water_utility,06-working,38,18,1.0965
water_utility,06-working,39,19,1.0863
water_utility,06-working,40,19,1.071
water_utility,06-working,41,20,1.0506
water_utility,06-working,42,20,1.0302
water_utility,06-working,43,21,1.0098
water_utility,06-working,44,21,0.9843
water_utility,06-working,45,22,0.9537
water_utility,06-working,46,22,0.9333
water_utility,06-working,47,23,0.9231
water_utility,06-working,48,23,0.9129
water_utility,06-nonworking,1,0,0.87562
water_utility,06-nonworking,2,0,0.87067
water_utility,06-nonworking,3,1,0.87067
water_utility,06-nonworking,4,1,0.87067
water_utility,06-nonworking,5,2,0.87067
water_utility,06-nonworking,6,2,0.87067
water_utility,06-nonworking,7,3,0.87067
water_utility,06-nonworking,8,3,0.87067
water_utility,06-nonworking,9,4,0.87067
water_utility,06-nonworking,10,4,0.88799
water_utility,06-nonworking,11,5,0.92262
water_utility,06-nonworking,12,5,0.96466
water_utility,06-nonworking,13,6,1.01413
water_utility,06-nonworking,14,6,1.04629
water_utility,06-nonworking,15,7,1.06113
water_utility,06-nonworking,16,7,1.06113
water_utility,06-nonworking,17,8,1.04629
water_utility,06-nonworking,18,8,1.0265
water_utility,06-nonworking,19,9,1.00177
water_utility,06-nonworking,20,9,0.97703
water_utility,06-nonworking,21,10,0.9523
water_utility,06-nonworking,22,10,0.93993
water_utility,06-nonworking,23,11,0.93993
water_utility,06-nonworking,24,11,0.93993
water_utility,06-nonworking,25,12,0.93993
water_utility,06-nonworking,26,12,0.93993
water_utility,06-nonworking,27,13,0.93993
water_utility,06-nonworking,28,13,0.93993
water_utility,06-nonworking,29,14,0.93993
water_utility,06-nonworking,30,14,0.94488
water_utility,06-nonworking,31,15,0.95477
water_utility,06-nonworking,32,15,0.96714
water_utility,06-nonworking,33,16,0.98198
water_utility,06-nonworking,34,16,1.00177
water_utility,06-nonworking,35,17,1.0265
water_utility,06-nonworking,36,17,1.04629
water_utility,06-nonworking,37,18,1.06113
water_utility,06-nonworking,38,18,1.06361
water_utility,06-nonworking,39,19,1.05371
water_utility,06-nonworking,40,19,1.03887
water_utility,06-nonworking,41,20,1.01908
water_utility,06-nonworking,42,20,0.99929
water_utility,06-nonworking,43,21,0.97951
water_utility,06-nonworking,44,21,0.95477
water_utility,06-nonworking,45,22,0.92509
water_utility,06-nonworking,46,22,0.9053
water_utility,06-nonworking,47,23,0.89541
water_utility,06-nonworking,48,23,0.88551
water_utility,06-shutdown,1,0,0.87562
water_utility,06-shutdown,2,0,0.87067
water_utility,06-shutdown,3,1,0.87067
water_utility,06-shutdown,4,1,0.87067
water_utility,06-shutdown,5,2,0.87067
water_utility,06-shutdown,6,2,0.87067
water_utility,06-shutdown,7,3,0.87067
water_utility,06-shutdown,8,3,0.87067
water_utility,06-shutdown,9,4,0.87067
water_utility,06-shutdown,10,4,0.88799
water_utility,06-shutdown,11,5,0.92262
water_utility,06-shutdown,12,5,0.96466
water_utility,06-shutdown,13,6,1.01413
water_utility,06-shutdown,14,6,1.04629
water_utility,06-shutdown,15,7,1.06113
water_utility,06-shutdown,16,7,1.06113
water_utility,06-shutdown,17,8,1.04629
water_utility,06-shutdown,18,8,1.0265
water_utility,06-shutdown,19,9,1.00177
water_utility,06-shutdown,20,9,0.97703
water_utility,06-shutdown,21,10,0.9523
water_utility,06-shutdown,22,10,0.93993
water_utility,06-shutdown,23,11,0.93993
water_utility,06-shutdown,24,11,0.93993
water_utility,06-shutdown,25,12,0.93993
water_utility,06-shutdown,26,12,0.93993
water_utility,06-shutdown,27,13,0.93993
water_utility,06-shutdown,28,13,0.93993
water_utility,06-shutdown,29,14,0.93993
water_utility,06-shutdown,30,14,0.94488
water_utility,06-shutdown,31,15,0.95477
water_utility,06-shutdown,32,15,0.96714
water_utility,06-shutdown,33,16,0.98198
water_utility,06-shutdown,34,16,1.00177
water_utility,06-shutdown,35,17,1.0265
water_utility,06-shutdown,36,17,1.04629
water_utility,06-shutdown,37,18,1.06113
water_utility,06-shutdown,38,18,1.06361
water_utility,06-shutdown,39,19,1.05371
water_utility,06-shutdown,40,19,1.03887
water_utility,06-shutdown,41,20,1.01908
water_utility,06-shutdown,42,20,0.99929
water_utility,06-shutdown,43,21,0.97951
water_utility,06-shutdown,44,21,0.95477
water_utility,06-shutdown,45,22,0.92509
water_utility,06-shutdown,46,22,0.9053
water_utility,06-shutdown,47,23,0.89541
water_utility,06-shutdown,48,23,0.88551
water_utility,07-working,1,0,0.9381
water_utility,07-working,2,0,0.9328
water_utility,07-working,3,1,0.9328
water_utility,07-working,4,1,0.9328
water_utility,07-working,5,2,0.9328
water_utility,07-working,6,2,0.9328
water_utility,07-working,7,3,0.9328
water_utility,07-working,8,3,0.9328
water_utility,07-working,9,4,0.9328
water_utility,07-working,10,4,0.95135
water_utility,07-working,11,5,0.98845
water_utility,07-working,12,5,1.0335
water_utility,07-working,13,6,1.0865
water_utility,07-working,14,6,1.12095
water_utility,07-working,15,7,1.13685
water_utility,07-working,16,7,1.13685
water_utility,07-working,17,8,1.12095
water_utility,07-working,18,8,1.09975
water_utility,07-working,19,9,1.07325
water_utility,07-working,20,9,1.04675
water_utility,07-working,21,10,1.02025
water_utility,07-working,22,10,1.007
water_utility,07-working,23,11,1.007
water_utility,07-working,24,11,1.007
water_utility,07-working,25,12,1.007
water_utility,07-working,26,12,1.007
water_utility,07-working,27,13,1.007
water_utility,07-working,28,13,1.007
water_utility,07-working,29,14,1.007
water_utility,07-working,30,14,1.0123
water_utility,07-working,31,15,1.0229
water_utility,07-working,32,15,1.03615
water_utility,07-working,33,16,1.05205
water_utility,07-working,34,16,1.07325
water_utility,07-working,35,17,1.09975
water_utility,07-working,36,17,1.12095
water_utility,07-working,37,18,1.13685
water_utility,07-working,38,18,1.1395
water_utility,07-working,39,19,1.1289
water_utility,07-working,40,19,1.113
water_utility,07-working,41,20,1.0918
water_utility,07-working,42,20,1.0706
water_utility,07-working,43,21,1.0494
water_utility,07-working,44,21,1.0229
water_utility,07-working,45,22,0.9911
water_utility,07-working,46,22,0.9699
water_utility,07-working,47,23,0.9593
water_utility,07-working,48,23,0.9487
water_utility,07-nonworking,1,0,0.90996
water_utility,07-nonworking,2,0,0.90482
water_utility,07-nonworking,3,1,0.90482
water_utility,07-nonworking,4,1,0.90482
water_utility,07-nonworking,5,2,0.90482
water_utility,07-nonworking,6,2,0.90482
water_utility,07-nonworking,7,3,0.90482
water_utility,07-nonworking,8,3,0.90482
water_utility,07-nonworking,9,4,0.90482
water_utility,07-nonworking,10,4,0.92281
water_utility,07-nonworking,11,5,0.9588
water_utility,07-nonworking,12,5,1.0025
water_utility,07-nonworking,13,6,1.0539
water_utility,07-nonworking,14,6,1.08732
water_utility,07-nonworking,15,7,1.10274
water_utility,07-nonworking,16,7,1.10274
water_utility,07-nonworking,17,8,1.08732
water_utility,07-nonworking,18,8,1.06676
water_utility,07-nonworking,19,9,1.04105
water_utility,07-nonworking,20,9,1.01535
water_utility,07-nonworking,21,10,0.98964
water_utility,07-nonworking,22,10,0.97679
water_utility,07-nonworking,23,11,0.97679
water_utility,07-nonworking,24,11,0.97679
water_utility,07-nonworking,25,12,0.97679
water_utility,07-nonworking,26,12,0.97679
water_utility,07-nonworking,27,13,0.97679
water_utility,07-nonworking,28,13,0.97679
water_utility,07-nonworking,29,14,0.97679
water_utility,07-nonworking,30,14,0.98193
water_utility,07-nonworking,31,15,0.99221
water_utility,07-nonworking,32,15,1.00507
water_utility,07-nonworking,33,16,1.02049
water_utility,07-nonworking,34,16,1.04105
water_utility,07-nonworking,35,17,1.06676
water_utility,07-nonworking,36,17,1.08732
water_utility,07-nonworking,37,18,1.10274
water_utility,07-nonworking,38,18,1.10532
water_utility,07-nonworking,39,19,1.09503
water_utility,07-nonworking,40,19,1.07961
water_utility,07-nonworking,41,20,1.05905
water_utility,07-nonworking,42,20,1.03848
water_utility,07-nonworking,43,21,1.01792
water_utility,07-nonworking,44,21,0.99221
water_utility,07-nonworking,45,22,0.96137
water_utility,07-nonworking,46,22,0.9408
water_utility,07-nonworking,47,23,0.93052
water_utility,07-nonworking,48,23,0.92024
water_utility,07-shutdown,1,0,0.90996
water_utility,07-shutdown,2,0,0.90482
water_utility,07-shutdown,3,1,0.90482
water_utility,07-shutdown,4,1,0.90482
water_utility,07-shutdown,5,2,0.90482
water_utility,07-shutdown,6,2,0.90482
water_utility,07-shutdown,7,3,0.90482
water_utility,07-shutdown,8,3,0.90482
water_utility,07-shutdown,9,4,0.90482
water_utility,07-shutdown,10,4,0.92281
water_utility,07-shutdown,11,5,0.9588
water_utility,07-shutdown,12,5,1.0025
water_utility,07-shutdown,13,6,1.0539
water_utility,07-shutdown,14,6,1.08732
water_utility,07-shutdown,15,7,1.10274
water_utility,07-shutdown,16,7,1.10274
water_utility,07-shutdown,17,8,1.08732
water_utility,07-shutdown,18,8,1.06676
water_utility,07-shutdown,19,9,1.04105
water_utility,07-shutdown,20,9,1.01535
water_utility,07-shutdown,21,10,0.98964
water_utility,07-shutdown,22,10,0.97679
water_utility,07-shutdown,23,11,0.97679
water_utility,07-shutdown,24,11,0.97679
water_utility,07-shutdown,25,12,0.97679
water_utility,07-shutdown,26,12,0.97679
water_utility,07-shutdown,27,13,0.97679
water_utility,07-shutdown,28,13,0.97679
water_utility,07-shutdown,29,14,0.97679
water_utility,07-shutdown,30,14,0.98193
water_utility,07-shutdown,31,15,0.99221
water_utility,07-shutdown,32,15,1.00507
water_utility,07-shutdown,33,16,1.02049
water_utility,07-shutdown,34,16,1.04105
water_utility,07-shutdown,35,17,1.06676
water_utility,07-shutdown,36,17,1.08732
water_utility,07-shutdown,37,18,1.10274
water_utility,07-shutdown,38,18,1.10532
water_utility,07-shutdown,39,19,1.09503
water_utility,07-shutdown,40,19,1.07961
water_utility,07-shutdown,41,20,1.05905
water_utility,07-shutdown,42,20,1.03848
water_utility,07-shutdown,43,21,1.01792
water_utility,07-shutdown,44,21,0.99221
water_utility,07-shutdown,45,22,0.96137
water_utility,07-shutdown,46,22,0.9408
water_utility,07-shutdown,47,23,0.93052
water_utility,07-shutdown,48,23,0.92024
water_utility,08-working,1,0,0.9558
water_utility,08-working,2,0,0.9504
water_utility,08-working,3,1,0.9504
water_utility,08-working,4,1,0.9504
water_utility,08-working,5,2,0.9504
water_utility,08-working,6,2,0.9504
water_utility,08-working,7,3,0.9504
water_utility,08-working,8,3,0.9504
water_utility,08-working,9,4,0.9504
water_utility,08-working,10,4,0.9693
water_utility,08-working,11,5,1.0071
water_utility,08-working,12,5,1.053
water_utility,08-working,13,6,1.107
water_utility,08-working,14,6,1.1421
water_utility,08-working,15,7,1.1583
water_utility,08-working,16,7,1.1583
water_utility,08-working,17,8,1.1421
water_utility,08-working,18,8,1.1205
water_utility,08-working,19,9,1.0935
water_utility,08-working,20,9,1.0665
water_utility,08-working,21,10,1.0395
water_utility,08-working,22,10,1.026
water_utility,08-working,23,11,1.026
water_utility,08-working,24,11,1.026
water_utility,08-working,25,12,1.026
water_utility,08-working,26,12,1.026
water_utility,08-working,27,13,1.026
water_utility,08-working,28,13,1.026
water_utility,08-working,29,14,1.026
water_utility,08-working,30,14,1.0314
water_utility,08-working,31,15,1.0422
water_utility,08-working,32,15,1.0557
water_utility,08-working,33,16,1.0719
water_utility,08-working,34,16,1.0935
water_utility,08-working,35,17,1.1205
water_utility,08-working,36,17,1.1421
water_utility,08-working,37,18,1.1583
water_utility,08-working,38,18,1.161
water_utility,08-working,39,19,1.1502
water_utility,08-working,40,19,1.134
water_utility,08-working,41,20,1.1124
water_utility,08-working,42,20,1.0908
water_utility,08-working,43,21,1.0692
water_utility,08-working,44,21,1.0422
water_utility,08-working,45,22,1.0098
water_utility,08-working,46,22,0.9882
water_utility,08-working,47,23,0.9774
water_utility,08-working,48,23,0.9666
water_utility,08-nonworking,1,0,0.92713
water_utility,08-nonworking,2,0,0.92189
water_utility,08-nonworking,3,1,0.92189
water_utility,08-nonworking,4,1,0.92189
water_utility,08-nonworking,5,2,0.92189
water_utility,08-nonworking,6,2,0.92189
water_utility,08-nonworking,7,3,0.92189
water_utility,08-nonworking,8,3,0.92189
water_utility,08-nonworking,9,4,0.92189
water_utility,08-nonworking,10,4,0.94022
water_utility,08-nonworking,11,5,0.97689
water_utility,08-nonworking,12,5,1.02141
water_utility,08-nonworking,13,6,1.07379
water_utility,08-nonworking,14,6,1.10784
water_utility,08-nonworking,15,7,1.12355
water_utility,08-nonworking,16,7,1.12355
water_utility,08-nonworking,17,8,1.10784
water_utility,08-nonworking,18,8,1.08689
water_utility,08-nonworking,19,9,1.06069
water_utility,08-nonworking,20,9,1.03451
water_utility,08-nonworking,21,10,1.00832
water_utility,08-nonworking,22,10,0.99522
water_utility,08-nonworking,23,11,0.99522
water_utility,08-nonworking,24,11,0.99522
water_utility,08-nonworking,25,12,0.99522
water_utility,08-nonworking,26,12,0.99522
water_utility,08-nonworking,27,13,0.99522
water_utility,08-nonworking,28,13,0.99522
water_utility,08-nonworking,29,14,0.99522
water_utility,08-nonworking,30,14,1.00046
water_utility,08-nonworking,31,15,1.01093
water_utility,08-nonworking,32,15,1.02403
water_utility,08-nonworking,33,16,1.03974
water_utility,08-nonworking,34,16,1.06069
water_utility,08-nonworking,35,17,1.08689
water_utility,08-nonworking,36,17,1.10784
water_utility,08-nonworking,37,18,1.12355
water_utility,08-nonworking,38,18,1.12617
water_utility,08-nonworking,39,19,1.11569
water_utility,08-nonworking,40,19,1.09998
water_utility,08-nonworking,41,20,1.07903
water_utility,08-nonworking,42,20,1.05808
water_utility,08-nonworking,43,21,1.03712
water_utility,08-nonworking,44,21,1.01093
water_utility,08-nonworking,45,22,0.97951
water_utility,08-nonworking,46,22,0.95855
water_utility,08-nonworking,47,23,0.94808
water_utility,08-nonworking,48,23,0.9376
water_utility,08-shutdown,1,0,0.92713
water_utility,08-shutdown,2,0,0.92189
water_utility,08-shutdown,3,1,0.92189
water_utility,08-shutdown,4,1,0.92189
water_utility,08-shutdown,5,2,0.92189
water_utility,08-shutdown,6,2,0.92189
water_utility,08-shutdown,7,3,0.92189
water_utility,08-shutdown,8,3,0.92189
water_utility,08-shutdown,9,4,0.92189
water_utility,08-shutdown,10,4,0.94022
water_utility,08-shutdown,11,5,0.97689
water_utility,08-shutdown,12,5,1.02141
water_utility,08-shutdown,13,6,1.07379
water_utility,08-shutdown,14,6,1.10784
water_utility,08-shutdown,15,7,1.12355
water_utility,08-shutdown,16,7,1.12355
water_utility,08-shutdown,17,8,1.10784
water_utility,08-shutdown,18,8,1.08689
water_utility,08-shutdown,19,9,1.06069
water_utility,08-shutdown,20,9,1.03451
water_utility,08-shutdown,21,10,1.00832
water_utility,08-shutdown,22,10,0.99522
water_utility,08-shutdown,23,11,0.99522
water_utility,08-shutdown,24,11,0.99522
water_utility,08-shutdown,25,12,0.99522
water_utility,08-shutdown,26,12,0.99522
water_utility,08-shutdown,27,13,0.99522
water_utility,08-shutdown,28,13,0.99522
water_utility,08-shutdown,29,14,0.99522
water_utility,08-shutdown,30,14,1.00046
water_utility,08-shutdown,31,15,1.01093
water_utility,08-shutdown,32,15,1.02403
water_utility,08-shutdown,33,16,1.03974
water_utility,08-shutdown,34,16,1.06069
water_utility,08-shutdown,35,17,1.08689
water_utility,08-shutdown,36,17,1.10784
water_utility,08-shutdown,37,18,1.12355
water_utility,08-shutdown,38,18,1.12617
water_utility,08-shutdown,39,19,1.11569
water_utility,08-shutdown,40,19,1.09998
water_utility,08-shutdown,41,20,1.07903
water_utility,08-shutdown,42,20,1.05808
water_utility,08-shutdown,43,21,1.03712
water_utility,08-shutdown,44,21,1.01093
water_utility,08-shutdown,45,22,0.97951
water_utility,08-shutdown,46,22,0.95855
water_utility,08-shutdown,47,23,0.94808
water_utility,08-shutdown,48,23,0.9376
water_utility,09-working,1,0,0.9204
water_utility,09-working,2,0,0.9152
water_utility,09-working,3,1,0.9152
water_utility,09-working,4,1,0.9152
water_utility,09-working,5,2,0.9152
water_utility,09-working,6,2,0.9152
water_utility,09-working,7,3,0.9152
water_utility,09-working,8,3,0.9152
water_utility,09-working,9,4,0.9152
water_utility,09-working,10,4,0.9334
water_utility,09-working,11,5,0.9698
water_utility,09-working,12,5,1.014
water_utility,09-working,13,6,1.066
water_utility,09-working,14,6,1.0998
water_utility,09-working,15,7,1.1154
water_utility,09-working,16,7,1.1154
water_utility,09-working,17,8,1.0998
water_utility,09-working,18,8,1.079
water_utility,09-working,19,9,1.053
water_utility,09-working,20,9,1.027
water_utility,09-working,21,10,1.001
water_utility,09-working,22,10,0.988
water_utility,09-working,23,11,0.988
water_utility,09-working,24,11,0.988
water_utility,09-working,25,12,0.988
water_utility,09-working,26,12,0.988
water_utility,09-working,27,13,0.988
water_utility,09-working,28,13,0.988
water_utility,09-working,29,14,0.988
water_utility,09-working,30,14,0.9932
water_utility,09-working,31,15,1.0036
water_utility,09-working,32,15,1.0166
water_utility,09-working,33,16,1.0322
water_utility,09-working,34,16,1.053
water_utility,09-working,35,17,1.079
water_utility,09-working,36,17,1.0998
water_utility,09-working,37,18,1.1154
water_utility,09-working,38,18,1.118
water_utility,09-working,39,19,1.1076
water_utility,09-working,40,19,1.092
water_utility,09-working,41,20,1.0712
water_utility,09-working,42,20,1.0504
water_utility,09-working,43,21,1.0296
water_utility,09-working,44,21,1.0036
water_utility,09-working,45,22,0.9724
water_utility,09-working,46,22,0.9516
water_utility,09-working,47,23,0.9412
water_utility,09-working,48,23,0.9308
water_utility,09-nonworking,1,0,0.89279
water_utility,09-nonworking,2,0,0.88774
water_utility,09-nonworking,3,1,0.88774
water_utility,09-nonworking,4,1,0.88774
water_utility,09-nonworking,5,2,0.88774
water_utility,09-nonworking,6,2,0.88774
water_utility,09-nonworking,7,3,0.88774
water_utility,09-nonworking,8,3,0.88774
water_utility,09-nonworking,9,4,0.88774
water_utility,09-nonworking,10,4,0.9054
water_utility,09-nonworking,11,5,0.94071
water_utility,09-nonworking,12,5,0.98358
water_utility,09-nonworking,13,6,1.03402
water_utility,09-nonworking,14,6,1.06681
water_utility,09-nonworking,15,7,1.08194
water_utility,09-nonworking,16,7,1.08194
water_utility,09-nonworking,17,8,1.06681
water_utility,09-nonworking,18,8,1.04663
water_utility,09-nonworking,19,9,1.02141
water_utility,09-nonworking,20,9,0.99619
water_utility,09-nonworking,21,10,0.97097
water_utility,09-nonworking,22,10,0.95836
water_utility,09-nonworking,23,11,0.95836
water_utility,09-nonworking,24,11,0.95836
water_utility,09-nonworking,25,12,0.95836
water_utility,09-nonworking,26,12,0.95836
water_utility,09-nonworking,27,13,0.95836
water_utility,09-nonworking,28,13,0.95836
water_utility,09-nonworking,29,14,0.95836
water_utility,09-nonworking,30,14,0.9634
water_utility,09-nonworking,31,15,0.97349
water_utility,09-nonworking,32,15,0.9861
water_utility,09-nonworking,33,16,1.00123
water_utility,09-nonworking,34,16,1.02141
water_utility,09-nonworking,35,17,1.04663
water_utility,09-nonworking,36,17,1.06681
water_utility,09-nonworking,37,18,1.08194
water_utility,09-nonworking,38,18,1.08446
water_utility,09-nonworking,39,19,1.07437
water_utility,09-nonworking,40,19,1.05924
water_utility,09-nonworking,41,20,1.03906
water_utility,09-nonworking,42,20,1.01889
water_utility,09-nonworking,43,21,0.99871
water_utility,09-nonworking,44,21,0.97349
water_utility,09-nonworking,45,22,0.94323
water_utility,09-nonworking,46,22,0.92305
water_utility,09-nonworking,47,23,0.91296
water_utility,09-nonworking,48,23,0.90288
water_utility,09-shutdown,1,0,0.89279
water_utility,09-shutdown,2,0,0.88774
water_utility,09-shutdown,3,1,0.88774
water_utility,09-shutdown,4,1,0.88774
water_utility,09-shutdown,5,2,0.88774
water_utility,09-shutdown,6,2,0.88774
water_utility,09-shutdown,7,3,0.88774
water_utility,09-shutdown,8,3,0.88774
water_utility,09-shutdown,9,4,0.88774
water_utility,09-shutdown,10,4,0.9054
water_utility,09-shutdown,11,5,0.94071
water_utility,09-shutdown,12,5,0.98358
water_utility,09-shutdown,13,6,1.03402
water_utility,09-shutdown,14,6,1.06681
water_utility,09-shutdown,15,7,1.08194
water_utility,09-shutdown,16,7,1.08194
water_utility,09-shutdown,17,8,1.06681
water_utility,09-shutdown,18,8,1.04663
water_utility,09-shutdown,19,9,1.02141
water_utility,09-shutdown,20,9,0.99619
water_utility,09-shutdown,21,10,0.97097
water_utility,09-shutdown,22,10,0.95836
water_utility,09-shutdown,23,11,0.95836
water_utility,09-shutdown,24,11,0.95836
water_utility,09-shutdown,25,12,0.95836
water_utility,09-shutdown,26,12,0.95836
water_utility,09-shutdown,27,13,0.95836
water_utility,09-shutdown,28,13,0.95836
water_utility,09-shutdown,29,14,0.95836
water_utility,09-shutdown,30,14,0.9634
water_utility,09-shutdown,31,15,0.97349
water_utility,09-shutdown,32,15,0.9861
water_utility,09-shutdown,33,16,1.00123
water_utility,09-shutdown,34,16,1.02141
water_utility,09-shutdown,35,17,1.04663
water_utility,09-shutdown,36,17,1.06681
water_utility,09-shutdown,37,18,1.08194
water_utility,09-shutdown,38,18,1.08446
water_utility,09-shutdown,39,19,1.07437
water_utility,09-shutdown,40,19,1.05924
water_utility,09-shutdown,41,20,1.03906
water_utility,09-shutdown,42,20,1.01889
water_utility,09-shutdown,43,21,0.99871
water_utility,09-shutdown,44,21,0.97349
water_utility,09-shutdown,45,22,0.94323
water_utility,09-shutdown,46,22,0.92305
water_utility,09-shutdown,47,23,0.91296
water_utility,09-shutdown,48,23,0.90288
water_utility,10-working,1,0,0.885
water_utility,10-working,2,0,0.88
water_utility,10-working,3,1,0.88
water_utility,10-working,4,1,0.88
water_utility,10-working,5,2,0.88
water_utility,10-working,6,2,0.88
water_utility,10-working,7,3,0.88
water_utility,10-working,8,3,0.88
water_utility,10-working,9,4,0.88
water_utility,10-working,10,4,0.8975
water_utility,10-working,11,5,0.9325
water_utility,10-working,12,5,0.975
water_utility,10-working,13,6,1.025
water_utility,10-working,14,6,1.0575
water_utility,10-working,15,7,1.0725
water_utility,10-working,16,7,1.0725
water_utility,10-working,17,8,1.0575
water_utility,10-working,18,8,1.0375
water_utility,10-working,19,9,1.0125
water_utility,10-working,20,9,0.9875
water_utility,10-working,21,10,0.9625
water_utility,10-working,22,10,0.95
water_utility,10-working,23,11,0.95
water_utility,10-working,24,11,0.95
water_utility,10-working,25,12,0.95
water_utility,10-working,26,12,0.95
water_utility,10-working,27,13,0.95
water_utility,10-working,28,13,0.95
water_utility,10-working,29,14,0.95
water_utility,10-working,30,14,0.955
water_utility,10-working,31,15,0.965
water_utility,10-working,32,15,0.9775
water_utility,10-working,33,16,0.9925
water_utility,10-working,34,16,1.0125
water_utility,10-working,35,17,1.0375
water_utility,10-working,36,17,1.0575
water_utility,10-working,37,18,1.0725
water_utility,10-working,38,18,1.075
water_utility,10-working,39,19,1.065
water_utility,10-working,40,19,1.05
water_utility,10-working,41,20,1.03
water_utility,10-working,42,20,1.01
water_utility,10-working,43,21,0.99
water_utility,10-working,44,21,0.965
water_utility,10-working,45,22,0.935
water_utility,10-working,46,22,0.915
water_utility,10-working,47,23,0.905
water_utility,10-working,48,23,0.895
water_utility,10-nonworking,1,0,0.85845
water_utility,10-nonworking,2,0,0.8536
water_utility,10-nonworking,3,1,0.8536
water_utility,10-nonworking,4,1,0.8536
water_utility,10-nonworking,5,2,0.8536
water_utility,10-nonworking,6,2,0.8536
water_utility,10-nonworking,7,3,0.8536
water_utility,10-nonworking,8,3,0.8536
water_utility,10-nonworking,9,4,0.8536
water_utility,10-nonworking,10,4,0.87057
water_utility,10-nonworking,11,5,0.90453
water_utility,10-nonworking,12,5,0.94575
water_utility,10-nonworking,13,6,0.99425
water_utility,10-nonworking,14,6,1.02578
water_utility,10-nonworking,15,7,1.04032
water_utility,10-nonworking,16,7,1.04032
water_utility,10-nonworking,17,8,1.02578
water_utility,10-nonworking,18,8,1.00638
water_utility,10-nonworking,19,9,0.98212
water_utility,10-nonworking,20,9,0.95788
water_utility,10-nonworking,21,10,0.93362
water_utility,10-nonworking,22,10,0.9215
water_utility,10-nonworking,23,11,0.9215
water_utility,10-nonworking,24,11,0.9215
water_utility,10-nonworking,25,12,0.9215
water_utility,10-nonworking,26,12,0.9215
water_utility,10-nonworking,27,13,0.9215
water_utility,10-nonworking,28,13,0.9215
water_utility,10-nonworking,29,14,0.9215
water_utility,10-nonworking,30,14,0.92635
water_utility,10-nonworking,31,15,0.93605
water_utility,10-nonworking,32,15,0.94817
water_utility,10-nonworking,33,16,0.96272
water_utility,10-nonworking,34,16,0.98212
water_utility,10-nonworking,35,17,1.00638
water_utility,10-nonworking,36,17,1.02578
water_utility,10-nonworking,37,18,1.04032
water_utility,10-nonworking,38,18,1.04275
water_utility,10-nonworking,39,19,1.03305
water_utility,10-nonworking,40,19,1.0185
water_utility,10-nonworking,41,20,0.9991
water_utility,10-nonworking,42,20,0.9797
water_utility,10-nonworking,43,21,0.9603
water_utility,10-nonworking,44,21,0.93605
water_utility,10-nonworking,45,22,0.90695
water_utility,10-nonworking,46,22,0.88755
water_utility,10-nonworking,47,23,0.87785
water_utility,10-nonworking,48,23,0.86815
water_utility,10-shutdown,1,0,0.85845
water_utility,10-shutdown,2,0,0.8536
water_utility,10-shutdown,3,1,0.8536
water_utility,10-shutdown,4,1,0.8536
water_utility,10-shutdown,5,2,0.8536
water_utility,10-shutdown,6,2,0.8536
water_utility,10-shutdown,7,3,0.8536
water_utility,10-shutdown,8,3,0.8536
water_utility,10-shutdown,9,4,0.8536
water_utility,10-shutdown,10,4,0.87057
water_utility,10-shutdown,11,5,0.90453
water_utility,10-shutdown,12,5,0.94575
water_utility,10-shutdown,13,6,0.99425
water_utility,10-shutdown,14,6,1.02578
water_utility,10-shutdown,15,7,1.04032
water_utility,10-shutdown,16,7,1.04032
water_utility,10-shutdown,17,8,1.02578
water_utility,10-shutdown,18,8,1.00638
water_utility,10-shutdown,19,9,0.98212
water_utility,10-shutdown,20,9,0.95788
water_utility,10-shutdown,21,10,0.93362
water_utility,10-shutdown,22,10,0.9215
water_utility,10-shutdown,23,11,0.9215
water_utility,10-shutdown,24,11,0.9215
water_utility,10-shutdown,25,12,0.9215
water_utility,10-shutdown,26,12,0.9215
water_utility,10-shutdown,27,13,0.9215
water_utility,10-shutdown,28,13,0.9215
water_utility,10-shutdown,29,14,0.9215
water_utility,10-shutdown,30,14,0.92635
water_utility,10-shutdown,31,15,0.93605
water_utility,10-shutdown,32,15,0.94817
water_utility,10-shutdown,33,16,0.96272
water_utility,10-shutdown,34,16,0.98212
water_utility,10-shutdown,35,17,1.00638
water_utility,10-shutdown,36,17,1.02578
water_utility,10-shutdown,37,18,1.04032
water_utility,10-shutdown,38,18,1.04275
water_utility,10-shutdown,39,19,1.03305
water_utility,10-shutdown,40,19,1.0185
water_utility,10-shutdown,41,20,0.9991
water_utility,10-shutdown,42,20,0.9797
water_utility,10-shutdown,43,21,0.9603
water_utility,10-shutdown,44,21,0.93605
water_utility,10-shutdown,45,22,0.90695
water_utility,10-shutdown,46,22,0.88755
water_utility,10-shutdown,47,23,0.87785
water_utility,10-shutdown,48,23,0.86815
water_utility,11-working,1,0,0.8673
water_utility,11-working,2,0,0.8624
water_utility,11-working,3,1,0.8624
water_utility,11-working,4,1,0.8624
water_utility,11-working,5,2,0.8624
water_utility,11-working,6,2,0.8624
water_utility,11-working,7,3,0.8624
water_utility,11-working,8,3,0.8624
water_utility,11-working,9,4,0.8624
water_utility,11-working,10,4,0.87955
water_utility,11-working,11,5,0.91385
water_utility,11-working,12,5,0.9555
water_utility,11-working,13,6,1.0045
water_utility,11-working,14,6,1.03635
water_utility,11-working,15,7,1.05105
water_utility,11-working,16,7,1.05105
water_utility,11-working,17,8,1.03635
water_utility,11-working,18,8,1.01675
water_utility,11-working,19,9,0.99225
water_utility,11-working,20,9,0.96775
water_utility,11-working,21,10,0.94325
water_utility,11-working,22,10,0.931
water_utility,11-working,23,11,0.931
water_utility,11-working,24,11,0.931
water_utility,11-working,25,12,0.931
water_utility,11-working,26,12,0.931
water_utility,11-working,27,13,0.931
water_utility,11-working,28,13,0.931
water_utility,11-working,29,14,0.931
water_utility,11-working,30,14,0.9359
water_utility,11-working,31,15,0.9457
water_utility,11-working,32,15,0.95795
water_utility,11-working,33,16,0.97265
water_utility,11-working,34,16,0.99225
water_utility,11-working,35,17,1.01675
water_utility,11-working,36,17,1.03635
water_utility,11-working,37,18,1.05105
water_utility,11-working,38,18,1.0535
water_utility,11-working,39,19,1.0437
water_utility,11-working,40,19,1.029
water_utility,11-working,41,20,1.0094
water_utility,11-working,42,20,0.9898
water_utility,11-working,43,21,0.9702
water_utility,11-working,44,21,0.9457
water_utility,11-working,45,22,0.9163
water_utility,11-working,46,22,0.8967
water_utility,11-working,47,23,0.8869
water_utility,11-working,48,23,0.8771
water_utility,11-nonworking,1,0,0.84128
water_utility,11-nonworking,2,0,0.83653
water_utility,11-nonworking,3,1,0.83653
water_utility,11-nonworking,4,1,0.83653
water_utility,11-nonworking,5,2,0.83653
water_utility,11-nonworking,6,2,0.83653
water_utility,11-nonworking,7,3,0.83653
water_utility,11-nonworking,8,3,0.83653
water_utility,11-nonworking,9,4,0.83653
water_utility,11-nonworking,10,4,0.85316
water_utility,11-nonworking,11,5,0.88643
water_utility,11-nonworking,12,5,0.92683
water_utility,11-nonworking,13,6,0.97436
water_utility,11-nonworking,14,6,1.00526
water_utility,11-nonworking,15,7,1.01952
water_utility,11-nonworking,16,7,1.01952
water_utility,11-nonworking,17,8,1.00526
water_utility,11-nonworking,18,8,0.98625
water_utility,11-nonworking,19,9,0.96248
water_utility,11-nonworking,20,9,0.93872
water_utility,11-nonworking,21,10,0.91495
water_utility,11-nonworking,22,10,0.90307
water_utility,11-nonworking,23,11,0.90307
water_utility,11-nonworking,24,11,0.90307
water_utility,11-nonworking,25,12,0.90307
water_utility,11-nonworking,26,12,0.90307
water_utility,11-nonworking,27,13,0.90307
water_utility,11-nonworking,28,13,0.90307
water_utility,11-nonworking,29,14,0.90307
water_utility,11-nonworking,30,14,0.90782
water_utility,11-nonworking,31,15,0.91733
water_utility,11-nonworking,32,15,0.92921
water_utility,11-nonworking,33,16,0.94347
water_utility,11-nonworking,34,16,0.96248
water_utility,11-nonworking,35,17,0.98625
water_utility,11-nonworking,36,17,1.00526
water_utility,11-nonworking,37,18,1.01952
water_utility,11-nonworking,38,18,1.02189
water_utility,11-nonworking,39,19,1.01239
water_utility,11-nonworking,40,19,0.99813
water_utility,11-nonworking,41,20,0.97912
water_utility,11-nonworking,42,20,0.96011
water_utility,11-nonworking,43,21,0.94109
water_utility,11-nonworking,44,21,0.91733
water_utility,11-nonworking,45,22,0.88881
water_utility,11-nonworking,46,22,0.8698
water_utility,11-nonworking,47,23,0.86029
water_utility,11-nonworking,48,23,0.85079
water_utility,11-shutdown,1,0,0.84128
water_utility,11-shutdown,2,0,0.83653
water_utility,11-shutdown,3,1,0.83653
water_utility,11-shutdown,4,1,0.83653
water_utility,11-shutdown,5,2,0.83653
water_utility,11-shutdown,6,2,0.83653
water_utility,11-shutdown,7,3,0.83653
water_utility,11-shutdown,8,3,0.83653
water_utility,11-shutdown,9,4,0.83653
water_utility,11-shutdown,10,4,0.85316
water_utility,11-shutdown,11,5,0.88643
water_utility,11-shutdown,12,5,0.92683
water_utility,11-shutdown,13,6,0.97436
water_utility,11-shutdown,14,6,1.00526
water_utility,11-shutdown,15,7,1.01952
water_utility,11-shutdown,16,7,1.01952
water_utility,11-shutdown,17,8,1.00526
water_utility,11-shutdown,18,8,0.98625
water_utility,11-shutdown,19,9,0.96248
water_utility,11-shutdown,20,9,0.93872
water_utility,11-shutdown,21,10,0.91495
water_utility,11-shutdown,22,10,0.90307
water_utility,11-shutdown,23,11,0.90307
water_utility,11-shutdown,24,11,0.90307
water_utility,11-shutdown,25,12,0.90307
water_utility,11-shutdown,26,12,0.90307
water_utility,11-shutdown,27,13,0.90307
water_utility,11-shutdown,28,13,0.90307
water_utility,11-shutdown,29,14,0.90307
water_utility,11-shutdown,30,14,0.90782
water_utility,11-shutdown,31,15,0.91733
water_utility,11-shutdown,32,15,0.92921
water_utility,11-shutdown,33,16,0.94347
water_utility,11-shutdown,34,16,0.96248
water_utility,11-shutdown,35,17,0.98625
water_utility,11-shutdown,36,17,1.00526
water_utility,11-shutdown,37,18,1.01952
water_utility,11-shutdown,38,18,1.02189
water_utility,11-shutdown,39,19,1.01239
water_utility,11-shutdown,40,19,0.99813
water_utility,11-shutdown,41,20,0.97912
water_utility,11-shutdown,42,20,0.96011
water_utility,11-shutdown,43,21,0.94109
water_utility,11-shutdown,44,21,0.91733
water_utility,11-shutdown,45,22,0.88881
water_utility,11-shutdown,46,22,0.8698
water_utility,11-shutdown,47,23,0.86029
water_utility,11-shutdown,48,23,0.85079
water_utility,12-working,1,0,0.85845
water_utility,12-working,2,0,0.8536
water_utility,12-working,3,1,0.8536
water_utility,12-working,4,1,0.8536
water_utility,12-working,5,2,0.8536
water_utility,12-working,6,2,0.8536
water_utility,12-working,7,3,0.8536
water_utility,12-working,8,3,0.8536
water_utility,12-working,9,4,0.8536
water_utility,12-working,10,4,0.87057
water_utility,12-working,11,5,0.90453
water_utility,12-working,12,5,0.94575
water_utility,12-working,13,6,0.99425
water_utility,12-working,14,6,1.02578
water_utility,12-working,15,7,1.04032
water_utility,12-working,16,7,1.04032
water_utility,12-working,17,8,1.02578
water_utility,12-working,18,8,1.00638
water_utility,12-working,19,9,0.98212
water_utility,12-working,20,9,0.95788
water_utility,12-working,21,10,0.93362
water_utility,12-working,22,10,0.9215
water_utility,12-working,23,11,0.9215
water_utility,12-working,24,11,0.9215
water_utility,12-working,25,12,0.9215
water_utility,12-working,26,12,0.9215
water_utility,12-working,27,13,0.9215
water_utility,12-working,28,13,0.9215
water_utility,12-working,29,14,0.9215
water_utility,12-working,30,14,0.92635
water_utility,12-working,31,15,0.93605
water_utility,12-working,32,15,0.94817
water_utility,12-working,33,16,0.96272
water_utility,12-working,34,16,0.98212
water_utility,12-working,35,17,1.00638
water_utility,12-working,36,17,1.02578
water_utility,12-working,37,18,1.04032
water_utility,12-working,38,18,1.04275
water_utility,12-working,39,19,1.03305
water_utility,12-working,40,19,1.0185
water_utility,12-working,41,20,0.9991
water_utility,12-working,42,20,0.9797
water_utility,12-working,43,21,0.9603
water_utility,12-working,44,21,0.93605
water_utility,12-working,45,22,0.90695
water_utility,12-working,46,22,0.88755
water_utility,12-working,47,23,0.87785
water_utility,12-working,48,23,0.86815
water_utility,12-nonworking,1,0,0.8327
water_utility,12-nonworking,2,0,0.82799
water_utility,12-nonworking,3,1,0.82799
water_utility,12-nonworking,4,1,0.82799
water_utility,12-nonworking,5,2,0.82799
water_utility,12-nonworking,6,2,0.82799
water_utility,12-nonworking,7,3,0.82799
water_utility,12-nonworking,8,3,0.82799
water_utility,12-nonworking,9,4,0.82799
water_utility,12-nonworking,10,4,0.84446
water_utility,12-nonworking,11,5,0.87739
water_utility,12-nonworking,12,5,0.91738
water_utility,12-nonworking,13,6,0.96442
water_utility,12-nonworking,14,6,0.995
water_utility,12-nonworking,15,7,1.00912
water_utility,12-nonworking,16,7,1.00912
water_utility,12-nonworking,17,8,0.995
water_utility,12-nonworking,18,8,0.97618
water_utility,12-nonworking,19,9,0.95266
water_utility,12-nonworking,20,9,0.92914
water_utility,12-nonworking,21,10,0.90562
water_utility,12-nonworking,22,10,0.89385
water_utility,12-nonworking,23,11,0.89385
water_utility,12-nonworking,24,11,0.89385
water_utility,12-nonworking,25,12,0.89385
water_utility,12-nonworking,26,12,0.89385
water_utility,12-nonworking,27,13,0.89385
water_utility,12-nonworking,28,13,0.89385
water_utility,12-nonworking,29,14,0.89385
water_utility,12-nonworking,30,14,0.89856
water_utility,12-nonworking,31,15,0.90797
water_utility,12-nonworking,32,15,0.91973
water_utility,12-nonworking,33,16,0.93384
water_utility,12-nonworking,34,16,0.95266
water_utility,12-nonworking,35,17,0.97618
water_utility,12-nonworking,36,17,0.995
water_utility,12-nonworking,37,18,1.00912
water_utility,12-nonworking,38,18,1.01147
water_utility,12-nonworking,39,19,1.00206
water_utility,12-nonworking,40,19,0.98794
water_utility,12-nonworking,41,20,0.96913
water_utility,12-nonworking,42,20,0.95031
water_utility,12-nonworking,43,21,0.93149
water_utility,12-nonworking,44,21,0.90797
water_utility,12-nonworking,45,22,0.87974
water_utility,12-nonworking,46,22,0.86092
water_utility,12-nonworking,47,23,0.85151
water_utility,12-nonworking,48,23,0.84211
water_utility,12-shutdown,1,0,0.8327
water_utility,12-shutdown,2,0,0.82799
water_utility,12-shutdown,3,1,0.82799
water_utility,12-shutdown,4,1,0.82799
water_utility,12-shutdown,5,2,0.82799
water_utility,12-shutdown,6,2,0.82799
water_utility,12-shutdown,7,3,0.82799
water_utility,12-shutdown,8,3,0.82799
water_utility,12-shutdown,9,4,0.82799
water_utility,12-shutdown,10,4,0.84446
water_utility,12-shutdown,11,5,0.87739
water_utility,12-shutdown,12,5,0.91738
water_utility,12-shutdown,13,6,0.96442
water_utility,12-shutdown,14,6,0.995
water_utility,12-shutdown,15,7,1.00912
water_utility,12-shutdown,16,7,1.00912
water_utility,12-shutdown,17,8,0.995
water_utility,12-shutdown,18,8,0.97618
water_utility,12-shutdown,19,9,0.95266
water_utility,12-shutdown,20,9,0.92914
water_utility,12-shutdown,21,10,0.90562
water_utility,12-shutdown,22,10,0.89385
water_utility,12-shutdown,23,11,0.89385
water_utility,12-shutdown,24,11,0.89385
water_utility,12-shutdown,25,12,0.89385
water_utility,12-shutdown,26,12,0.89385
water_utility,12-shutdown,27,13,0.89385
water_utility,12-shutdown,28,13,0.89385
water_utility,12-shutdown,29,14,0.89385
water_utility,12-shutdown,30,14,0.89856
water_utility,12-shutdown,31,15,0.90797
water_utility,12-shutdown,32,15,0.91973
water_utility,12-shutdown,33,16,0.93384
water_utility,12-shutdown,34,16,0.95266
water_utility,12-shutdown,35,17,0.97618
water_utility,12-shutdown,36,17,0.995
water_utility,12-shutdown,37,18,1.00912
water_utility,12-shutdown,38,18,1.01147
water_utility,12-shutdown,39,19,1.00206
water_utility,12-shutdown,40,19,0.98794
water_utility,12-shutdown,41,20,0.96913
water_utility,12-shutdown,42,20,0.95031
water_utility,12-shutdown,43,21,0.93149
water_utility,12-shutdown,44,21,0.90797
water_utility,12-shutdown,45,22,0.87974
water_utility,12-shutdown,46,22,0.86092
water_utility,12-shutdown,47,23,0.85151
water_utility,12-shutdown,48,23,0.84211
water_utility,heat-working,1,0,0.9558
water_utility,heat-working,2,0,0.9504
water_utility,heat-working,3,1,0.9504
water_utility,heat-working,4,1,0.9504
water_utility,heat-working,5,2,0.9504
water_utility,heat-working,6,2,0.9504
water_utility,heat-working,7,3,0.9504
water_utility,heat-working,8,3,0.9504
water_utility,heat-working,9,4,0.9504
water_utility,heat-working,10,4,0.9693
water_utility,heat-working,11,5,1.0071
water_utility,heat-working,12,5,1.053
water_utility,heat-working,13,6,1.107
water_utility,heat-working,14,6,1.1421
water_utility,heat-working,15,7,1.1583
water_utility,heat-working,16,7,1.1583
water_utility,heat-working,17,8,1.1421
water_utility,heat-working,18,8,1.1205
water_utility,heat-working,19,9,1.0935
water_utility,heat-working,20,9,1.0665
water_utility,heat-working,21,10,1.0395
water_utility,heat-working,22,10,1.026
water_utility,heat-working,23,11,1.026
water_utility,heat-working,24,11,1.026
water_utility,heat-working,25,12,1.026
water_utility,heat-working,26,12,1.026
water_utility,heat-working,27,13,1.026
water_utility,heat-working,28,13,1.026
water_utility,heat-working,29,14,1.026
water_utility,heat-working,30,14,1.0314
water_utility,heat-working,31,15,1.0422
water_utility,heat-working,32,15,1.0557
water_utility,heat-working,33,16,1.0719
water_utility,heat-working,34,16,1.0935
water_utility,heat-working,35,17,1.1205
water_utility,heat-working,36,17,1.1421
water_utility,heat-working,37,18,1.1583
water_utility,heat-working,38,18,1.161
water_utility,heat-working,39,19,1.1502
water_utility,heat-working,40,19,1.134
water_utility,heat-working,41,20,1.1124
water_utility,heat-working,42,20,1.0908
water_utility,heat-working,43,21,1.0692
water_utility,heat-working,44,21,1.0422
water_utility,heat-working,45,22,1.0098
water_utility,heat-working,46,22,0.9882
water_utility,heat-working,47,23,0.9774
water_utility,heat-working,48,23,0.9666
water_utility,cold-working,1,0,0.85845
water_utility,cold-working,2,0,0.8536
water_utility,cold-working,3,1,0.8536
water_utility,cold-working,4,1,0.8536
water_utility,cold-working,5,2,0.8536
water_utility,cold-working,6,2,0.8536
water_utility,cold-working,7,3,0.8536
water_utility,cold-working,8,3,0.8536
water_utility,cold-working,9,4,0.8536
water_utility,cold-working,10,4,0.87057
water_utility,cold-working,11,5,0.90453
water_utility,cold-working,12,5,0.94575
water_utility,cold-working,13,6,0.99425
water_utility,cold-working,14,6,1.02578
water_utility,cold-working,15,7,1.04032
water_utility,cold-working,16,7,1.04032
water_utility,cold-working,17,8,1.02578
water_utility,cold-working,18,8,1.00638
water_utility,cold-working,19,9,0.98212
water_utility,cold-working,20,9,0.95788
water_utility,cold-working,21,10,0.93362
water_utility,cold-working,22,10,0.9215
water_utility,cold-working,23,11,0.9215
water_utility,cold-working,24,11,0.9215
water_utility,cold-working,25,12,0.9215
water_utility,cold-working,26,12,0.9215
water_utility,cold-working,27,13,0.9215
water_utility,cold-working,28,13,0.9215
water_utility,cold-working,29,14,0.9215
water_utility,cold-working,30,14,0.92635
water_utility,cold-working,31,15,0.93605
water_utility,cold-working,32,15,0.94817
water_utility,cold-working,33,16,0.96272
water_utility,cold-working,34,16,0.98212
water_utility,cold-working,35,17,1.00638
water_utility,cold-working,36,17,1.02578
water_utility,cold-working,37,18,1.04032
water_utility,cold-working,38,18,1.04275
water_utility,cold-working,39,19,1.03305
water_utility,cold-working,40,19,1.0185
water_utility,cold-working,41,20,0.9991
water_utility,cold-working,42,20,0.9797
water_utility,cold-working,43,21,0.9603
water_utility,cold-working,44,21,0.93605
water_utility,cold-working,45,22,0.90695
water_utility,cold-working,46,22,0.88755
water_utility,cold-working,47,23,0.87785
water_utility,cold-working,48,23,0.86815
university,01-working,1,0,0.305
university,01-working,2,0,0.3
university,01-working,3,1,0.3
university,01-working,4,1,0.3
university,01-working,5,2,0.3
university,01-working,6,2,0.3
university,01-working,7,3,0.3
university,01-working,8,3,0.3
university,01-working,9,4,0.3
university,01-working,10,4,0.3
university,01-working,11,5,0.3
university,01-working,12,5,0.3125
university,01-working,13,6,0.3375
university,01-working,14,6,0.375
university,01-working,15,7,0.425
university,01-working,16,7,0.5375
university,01-working,17,8,0.7125
university,01-working,18,8,0.85
university,01-working,19,9,0.95
university,01-working,20,9,1
university,01-working,21,10,1
university,01-working,22,10,1
university,01-working,23,11,1
university,01-working,24,11,0.9875
university,01-working,25,12,0.9625
university,01-working,26,12,0.9625
university,01-working,27,13,0.9875
university,01-working,28,13,1
university,01-working,29,14,1
university,01-working,30,14,1
university,01-working,31,15,1
university,01-working,32,15,1
university,01-working,33,16,1
university,01-working,34,16,0.975
university,01-working,35,17,0.925
university,01-working,36,17,0.875
university,01-working,37,18,0.825
university,01-working,38,18,0.7875
university,01-working,39,19,0.7625
university,01-working,40,19,0.7125
university,01-working,41,20,0.6375
university,01-working,42,20,0.5625
university,01-working,43,21,0.4875
university,01-working,44,21,0.425
university,01-working,45,22,0.375
university,01-working,46,22,0.3425
university,01-working,47,23,0.3275
university,01-working,48,23,0.315
university,01-nonworking,1,0,0.35
university,01-nonworking,2,0,0.35
university,01-nonworking,3,1,0.35
university,01-nonworking,4,1,0.35
university,01-nonworking,5,2,0.35
university,01-nonworking,6,2,0.35
university,01-nonworking,7,3,0.35
university,01-nonworking,8,3,0.35
university,01-nonworking,9,4,0.35
university,01-nonworking,10,4,0.35
university,01-nonworking,11,5,0.35
university,01-nonworking,12,5,0.35
university,01-nonworking,13,6,0.35
university,01-nonworking,14,6,0.35
university,01-nonworking,15,7,0.35
university,01-nonworking,16,7,0.35
university,01-nonworking,17,8,0.35
university,01-nonworking,18,8,0.35
university,01-nonworking,19,9,0.35
university,01-nonworking,20,9,0.35
university,01-nonworking,21,10,0.35
university,01-nonworking,22,10,0.35
university,01-nonworking,23,11,0.35
university,01-nonworking,24,11,0.35
university,01-nonworking,25,12,0.35
university,01-nonworking,26,12,0.35
university,01-nonworking,27,13,0.35
university,01-nonworking,28,13,0.35
university,01-nonworking,29,14,0.35
university,01-nonworking,30,14,0.35
university,01-nonworking,31,15,0.35
university,01-nonworking,32,15,0.35
university,01-nonworking,33,16,0.35
university,01-nonworking,34,16,0.35
university,01-nonworking,35,17,0.35
university,01-nonworking,36,17,0.35
university,01-nonworking,37,18,0.35
university,01-nonworking,38,18,0.35
university,01-nonworking,39,19,0.35
university,01-nonworking,40,19,0.35
university,01-nonworking,41,20,0.35
university,01-nonworking,42,20,0.35
university,01-nonworking,43,21,0.35
university,01-nonworking,44,21,0.35
university,01-nonworking,45,22,0.35
university,01-nonworking,46,22,0.35
university,01-nonworking,47,23,0.35
university,01-nonworking,48,23,0.35
university,01-shutdown,1,0,0.3
university,01-shutdown,2,0,0.3
university,01-shutdown,3,1,0.3
university,01-shutdown,4,1,0.3
university,01-shutdown,5,2,0.3
university,01-shutdown,6,2,0.3
university,01-shutdown,7,3,0.3
university,01-shutdown,8,3,0.3
university,01-shutdown,9,4,0.3
university,01-shutdown,10,4,0.3
university,01-shutdown,11,5,0.3
university,01-shutdown,12,5,0.3
university,01-shutdown,13,6,0.3
university,01-shutdown,14,6,0.3
university,01-shutdown,15,7,0.3
university,01-shutdown,16,7,0.3
university,01-shutdown,17,8,0.3
university,01-shutdown,18,8,0.3
university,01-shutdown,19,9,0.3
university,01-shutdown,20,9,0.3
university,01-shutdown,21,10,0.3
university,01-shutdown,22,10,0.3
university,01-shutdown,23,11,0.3
university,01-shutdown,24,11,0.3
university,01-shutdown,25,12,0.3
university,01-shutdown,26,12,0.3
university,01-shutdown,27,13,0.3
university,01-shutdown,28,13,0.3
university,01-shutdown,29,14,0.3
university,01-shutdown,30,14,0.3
university,01-shutdown,31,15,0.3
university,01-shutdown,32,15,0.3
university,01-shutdown,33,16,0.3
university,01-shutdown,34,16,0.3
university,01-shutdown,35,17,0.3
university,01-shutdown,36,17,0.3
university,01-shutdown,37,18,0.3
university,01-shutdown,38,18,0.3
university,01-shutdown,39,19,0.3
university,01-shutdown,40,19,0.3
university,01-shutdown,41,20,0.3
university,01-shutdown,42,20,0.3
university,01-shutdown,43,21,0.3
university,01-shutdown,44,21,0.3
university,01-shutdown,45,22,0.3
university,01-shutdown,46,22,0.3
university,01-shutdown,47,23,0.3
university,01-shutdown,48,23,0.3
university,02-working,1,0,0.25925
university,02-working,2,0,0.255
university,02-working,3,1,0.255
university,02-working,4,1,0.255
university,02-working,5,2,0.255
university,02-working,6,2,0.255
university,02-working,7,3,0.255
university,02-working,8,3,0.255
university,02-working,9,4,0.255
university,02-working,10,4,0.255
university,02-working,11,5,0.255
university,02-working,12,5,0.26562
university,02-working,13,6,0.28687
university,02-working,14,6,0.31875
university,02-working,15,7,0.36125
university,02-working,16,7,0.45687
university,02-working,17,8,0.60562
university,02-working,18,8,0.7225
university,02-working,19,9,0.8075
university,02-working,20,9,0.85
university,02-working,21,10,0.85
university,02-working,22,10,0.85
university,02-working,23,11,0.85
university,02-working,24,11,0.83937
university,02-working,25,12,0.81812
university,02-working,26,12,0.81812
university,02-working,27,13,0.83937
university,02-working,28,13,0.85
university,02-working,29,14,0.85
university,02-working,30,14,0.85
university,02-working,31,15,0.85
university,02-working,32,15,0.85
university,02-working,33,16,0.85
university,02-working,34,16,0.82875
university,02-working,35,17,0.78625
university,02-working,36,17,0.74375
university,02-working,37,18,0.70125
university,02-working,38,18,0.66938
university,02-working,39,19,0.64812
university,02-working,40,19,0.60562
university,02-working,41,20,0.54187
university,02-working,42,20,0.47812
university,02-working,43,21,0.41437
university,02-working,44,21,0.36125
university,02-working,45,22,0.31875
university,02-working,46,22,0.29112
university,02-working,47,23,0.27837
university,02-working,48,23,0.26775
university,02-nonworking,1,0,0.2975
university,02-nonworking,2,0,0.2975
university,02-nonworking,3,1,0.2975
university,02-nonworking,4,1,0.2975
university,02-nonworking,5,2,0.2975
university,02-nonworking,6,2,0.2975
university,02-nonworking,7,3,0.2975
university,02-nonworking,8,3,0.2975
university,02-nonworking,9,4,0.2975
university,02-nonworking,10,4,0.2975
university,02-nonworking,11,5,0.2975
university,02-nonworking,12,5,0.2975
university,02-nonworking,13,6,0.2975
university,02-nonworking,14,6,0.2975
university,02-nonworking,15,7,0.2975
university,02-nonworking,16,7,0.2975
university,02-nonworking,17,8,0.2975
university,02-nonworking,18,8,0.2975
university,02-nonworking,19,9,0.2975
university,02-nonworking,20,9,0.2975
university,02-nonworking,21,10,0.2975
university,02-nonworking,22,10,0.2975
university,02-nonworking,23,11,0.2975
university,02-nonworking,24,11,0.2975
university,02-nonworking,25,12,0.2975
university,02-nonworking,26,12,0.2975
university,02-nonworking,27,13,0.2975
university,02-nonworking,28,13,0.2975
university,02-nonworking,29,14,0.2975
university,02-nonworking,30,14,0.2975
university,02-nonworking,31,15,0.2975
university,02-nonworking,32,15,0.2975
university,02-nonworking,33,16,0.2975
university,02-nonworking,34,16,0.2975
university,02-nonworking,35,17,0.2975
university,02-nonworking,36,17,0.2975
university,02-nonworking,37,18,0.2975
university,02-nonworking,38,18,0.2975
university,02-nonworking,39,19,0.2975
university,02-nonworking,40,19,0.2975
university,02-nonworking,41,20,0.2975
university,02-nonworking,42,20,0.2975
university,02-nonworking,43,21,0.2975
university,02-nonworking,44,21,0.2975
university,02-nonworking,45,22,0.2975
university,02-nonworking,46,22,0.2975
university,02-nonworking,47,23,0.2975
university,02-nonworking,48,23,0.2975
university,02-shutdown,1,0,0.255
university,02-shutdown,2,0,0.255
university,02-shutdown,3,1,0.255
university,02-shutdown,4,1,0.255
university,02-shutdown,5,2,0.255
university,02-shutdown,6,2,0.255
university,02-shutdown,7,3,0.255
university,02-shutdown,8,3,0.255
university,02-shutdown,9,4,0.255
university,02-shutdown,10,4,0.255
university,02-shutdown,11,5,0.255
university,02-shutdown,12,5,0.255
university,02-shutdown,13,6,0.255
university,02-shutdown,14,6,0.255
university,02-shutdown,15,7,0.255
university,02-shutdown,16,7,0.255
university,02-shutdown,17,8,0.255
university,02-shutdown,18,8,0.255
university,02-shutdown,19,9,0.255
university,02-shutdown,20,9,0.255
university,02-shutdown,21,10,0.255
university,02-shutdown,22,10,0.255
university,02-shutdown,23,11,0.255
university,02-shutdown,24,11,0.255
university,02-shutdown,25,12,0.255
university,02-shutdown,26,12,0.255
university,02-shutdown,27,13,0.255
university,02-shutdown,28,13,0.255
university,02-shutdown,29,14,0.255
university,02-shutdown,30,14,0.255
university,02-shutdown,31,15,0.255
university,02-shutdown,32,15,0.255
university,02-shutdown,33,16,0.255
university,02-shutdown,34,16,0.255
university,02-shutdown,35,17,0.255
university,02-shutdown,36,17,0.255
university,02-shutdown,37,18,0.255
university,02-shutdown,38,18,0.255
university,02-shutdown,39,19,0.255
university,02-shutdown,40,19,0.255
university,02-shutdown,41,20,0.255
university,02-shutdown,42,20,0.255
university,02-shutdown,43,21,0.255
university,02-shutdown,44,21,0.255
university,02-shutdown,45,22,0.255
university,02-shutdown,46,22,0.255
university,02-shutdown,47,23,0.255
university,02-shutdown,48,23,0.255
university,03-working,1,0,0.22875
university,03-working,2,0,0.225
university,03-working,3,1,0.225
university,03-working,4,1,0.225
university,03-working,5,2,0.225
university,03-working,6,2,0.225
university,03-working,7,3,0.225
university,03-working,8,3,0.225
university,03-working,9,4,0.225
university,03-working,10,4,0.225
university,03-working,11,5,0.225
university,03-working,12,5,0.23438
university,03-working,13,6,0.25312
university,03-working,14,6,0.28125
university,03-working,15,7,0.31875
university,03-working,16,7,0.40312
university,03-working,17,8,0.53438
university,03-working,18,8,0.6375
university,03-working,19,9,0.7125
university,03-working,20,9,0.75
university,03-working,21,10,0.75
university,03-working,22,10,0.75
university,03-working,23,11,0.75
university,03-working,24,11,0.74063
university,03-working,25,12,0.72187
university,03-working,26,12,0.72187
university,03-working,27,13,0.74063
university,03-working,28,13,0.75
university,03-working,29,14,0.75
university,03-working,30,14,0.75
university,03-working,31,15,0.75
university,03-working,32,15,0.75
university,03-working,33,16,0.75
university,03-working,34,16,0.73125
university,03-working,35,17,0.69375
university,03-working,36,17,0.65625
university,03-working,37,18,0.61875
university,03-working,38,18,0.59063
university,03-working,39,19,0.57187
university,03-working,40,19,0.53438
university,03-working,41,20,0.47812
university,03-working,42,20,0.42188
university,03-working,43,21,0.36562
university,03-working,44,21,0.31875
university,03-working,45,22,0.28125
university,03-working,46,22,0.25687
university,03-working,47,23,0.24563
university,03-working,48,23,0.23625
university,03-nonworking,1,0,0.2625
university,03-nonworking,2,0,0.2625
university,03-nonworking,3,1,0.2625
university,03-nonworking,4,1,0.2625
university,03-nonworking,5,2,0.2625
university,03-nonworking,6,2,0.2625
university,03-nonworking,7,3,0.2625
university,03-nonworking,8,3,0.2625
university,03-nonworking,9,4,0.2625
university,03-nonworking,10,4,0.2625
university,03-nonworking,11,5,0.2625
university,03-nonworking,12,5,0.2625
university,03-nonworking,13,6,0.2625
university,03-nonworking,14,6,0.2625
university,03-nonworking,15,7,0.2625
university,03-nonworking,16,7,0.2625
university,03-nonworking,17,8,0.2625
university,03-nonworking,18,8,0.2625
university,03-nonworking,19,9,0.2625
university,03-nonworking,20,9,0.2625
university,03-nonworking,21,10,0.2625
university,03-nonworking,22,10,0.2625
university,03-nonworking,23,11,0.2625
university,03-nonworking,24,11,0.2625
university,03-nonworking,25,12,0.2625
university,03-nonworking,26,12,0.2625
university,03-nonworking,27,13,0.2625
university,03-nonworking,28,13,0.2625
university,03-nonworking,29,14,0.2625
university,03-nonworking,30,14,0.2625
university,03-nonworking,31,15,0.2625
university,03-nonworking,32,15,0.2625
university,03-nonworking,33,16,0.2625
university,03-nonworking,34,16,0.2625
university,03-nonworking,35,17,0.2625
university,03-nonworking,36,17,0.2625
university,03-nonworking,37,18,0.2625
university,03-nonworking,38,18,0.2625
university,03-nonworking,39,19,0.2625
university,03-nonworking,40,19,0.2625
university,03-nonworking,41,20,0.2625
university,03-nonworking,42,20,0.2625
university,03-nonworking,43,21,0.2625
university,03-nonworking,44,21,0.2625
university,03-nonworking,45,22,0.2625
university,03-nonworking,46,22,0.2625
university,03-nonworking,47,23,0.2625
university,03-nonworking,48,23,0.2625
university,03-shutdown,1,0,0.225
university,03-shutdown,2,0,0.225
university,03-shutdown,3,1,0.225
university,03-shutdown,4,1,0.225
university,03-shutdown,5,2,0.225
university,03-shutdown,6,2,0.225
university,03-shutdown,7,3,0.225
university,03-shutdown,8,3,0.225
university,03-shutdown,9,4,0.225
university,03-shutdown,10,4,0.225
university,03-shutdown,11,5,0.225
university,03-shutdown,12,5,0.225
university,03-shutdown,13,6,0.225
university,03-shutdown,14,6,0.225
university,03-shutdown,15,7,0.225
university,03-shutdown,16,7,0.225
university,03-shutdown,17,8,0.225
university,03-shutdown,18,8,0.225
university,03-shutdown,19,9,0.225
university,03-shutdown,20,9,0.225
university,03-shutdown,21,10,0.225
university,03-shutdown,22,10,0.225
university,03-shutdown,23,11,0.225
university,03-shutdown,24,11,0.225
university,03-shutdown,25,12,0.225
university,03-shutdown,26,12,0.225
university,03-shutdown,27,13,0.225
university,03-shutdown,28,13,0.225
university,03-shutdown,29,14,0.225
university,03-shutdown,30,14,0.225
university,03-shutdown,31,15,0.225
university,03-shutdown,32,15,0.225
university,03-shutdown,33,16,0.225
university,03-shutdown,34,16,0.225
university,03-shutdown,35,17,0.225
university,03-shutdown,36,17,0.225
university,03-shutdown,37,18,0.225
university,03-shutdown,38,18,0.225
university,03-shutdown,39,19,0.225
university,03-shutdown,40,19,0.225
university,03-shutdown,41,20,0.225
university,03-shutdown,42,20,0.225
university,03-shutdown,43,21,0.225
university,03-shutdown,44,21,0.225
university,03-shutdown,45,22,0.225
university,03-shutdown,46,22,0.225
university,03-shutdown,47,23,0.225
university,03-shutdown,48,23,0.225
university,04-working,1,0,0.28975
university,04-working,2,0,0.285
university,04-working,3,1,0.285
university,04-working,4,1,0.285
university,04-working,5,2,0.285
university,04-working,6,2,0.285
university,04-working,7,3,0.285
university,04-working,8,3,0.285
university,04-working,9,4,0.285
university,04-working,10,4,0.285
university,04-working,11,5,0.285
university,04-working,12,5,0.29688
university,04-working,13,6,0.32062
university,04-working,14,6,0.35625
university,04-working,15,7,0.40375
university,04-working,16,7,0.51062
university,04-working,17,8,0.67688
university,04-working,18,8,0.8075
university,04-working,19,9,0.9025
university,04-working,20,9,0.95
university,04-working,21,10,0.95
university,04-working,22,10,0.95
university,04-working,23,11,0.95
university,04-working,24,11,0.93812
university,04-working,25,12,0.91437
university,04-working,26,12,0.91437
university,04-working,27,13,0.93812
university,04-working,28,13,0.95
university,04-working,29,14,0.95
university,04-working,30,14,0.95
university,04-working,31,15,0.95
university,04-working,32,15,0.95
university,04-working,33,16,0.95
university,04-working,34,16,0.92625
university,04-working,35,17,0.87875
university,04-working,36,17,0.83125
university,04-working,37,18,0.78375
university,04-working,38,18,0.74813
university,04-working,39,19,0.72437
university,04-working,40,19,0.67688
university,04-working,41,20,0.60562
university,04-working,42,20,0.53437
university,04-working,43,21,0.46312
university,04-working,44,21,0.40375
university,04-working,45,22,0.35625
university,04-working,46,22,0.32537
university,04-working,47,23,0.31112
university,04-working,48,23,0.29925
university,04-nonworking,1,0,0.3325
university,04-nonworking,2,0,0.3325
university,04-nonworking,3,1,0.3325
university,04-nonworking,4,1,0.3325
university,04-nonworking,5,2,0.3325
university,04-nonworking,6,2,0.3325
university,04-nonworking,7,3,0.3325
university,04-nonworking,8,3,0.3325
university,04-nonworking,9,4,0.3325
university,04-nonworking,10,4,0.3325
university,04-nonworking,11,5,0.3325
university,04-nonworking,12,5,0.3325
university,04-nonworking,13,6,0.3325
university,04-nonworking,14,6,0.3325
university,04-nonworking,15,7,0.3325
university,04-nonworking,16,7,0.3325
university,04-nonworking,17,8,0.3325
university,04-nonworking,18,8,0.3325
university,04-nonworking,19,9,0.3325
university,04-nonworking,20,9,0.3325
university,04-nonworking,21,10,0.3325
university,04-nonworking,22,10,0.3325
university,04-nonworking,23,11,0.3325
university,04-nonworking,24,11,0.3325
university,04-nonworking,25,12,0.3325
university,04-nonworking,26,12,0.3325
university,04-nonworking,27,13,0.3325
university,04-nonworking,28,13,0.3325
university,04-nonworking,29,14,0.3325
university,04-nonworking,30,14,0.3325
university,04-nonworking,31,15,0.3325
university,04-nonworking,32,15,0.3325
university,04-nonworking,33,16,0.3325
university,04-nonworking,34,16,0.3325
university,04-nonworking,35,17,0.3325
university,04-nonworking,36,17,0.3325
university,04-nonworking,37,18,0.3325
university,04-nonworking,38,18,0.3325
university,04-nonworking,39,19,0.3325
university,04-nonworking,40,19,0.3325
university,04-nonworking,41,20,0.3325
university,04-nonworking,42,20,0.3325
university,04-nonworking,43,21,0.3325
university,04-nonworking,44,21,0.3325
university,04-nonworking,45,22,0.3325
university,04-nonworking,46,22,0.3325
university,04-nonworking,47,23,0.3325
university,04-nonworking,48,23,0.3325
university,04-shutdown,1,0,0.285
university,04-shutdown,2,0,0.285
university,04-shutdown,3,1,0.285
university,04-shutdown,4,1,0.285
university,04-shutdown,5,2,0.285
university,04-shutdown,6,2,0.285
university,04-shutdown,7,3,0.285
university,04-shutdown,8,3,0.285
university,04-shutdown,9,4,0.285
university,04-shutdown,10,4,0.285
university,04-shutdown,11,5,0.285
university,04-shutdown,12,5,0.285
university,04-shutdown,13,6,0.285
university,04-shutdown,14,6,0.285
university,04-shutdown,15,7,0.285
university,04-shutdown,16,7,0.285
university,04-shutdown,17,8,0.285
university,04-shutdown,18,8,0.285
university,04-shutdown,19,9,0.285
university,04-shutdown,20,9,0.285
university,04-shutdown,21,10,0.285
university,04-shutdown,22,10,0.285
university,04-shutdown,23,11,0.285
university,04-shutdown,24,11,0.285
university,04-shutdown,25,12,0.285
university,04-shutdown,26,12,0.285
university,04-shutdown,27,13,0.285
university,04-shutdown,28,13,0.285
university,04-shutdown,29,14,0.285
university,04-shutdown,30,14,0.285
university,04-shutdown,31,15,0.285
university,04-shutdown,32,15,0.285
university,04-shutdown,33,16,0.285
university,04-shutdown,34,16,0.285
university,04-shutdown,35,17,0.285
university,04-shutdown,36,17,0.285
university,04-shutdown,37,18,0.285
university,04-shutdown,38,18,0.285
university,04-shutdown,39,19,0.285
university,04-shutdown,40,19,0.285
university,04-shutdown,41,20,0.285
university,04-shutdown,42,20,0.285
university,04-shutdown,43,21,0.285
university,04-shutdown,44,21,0.285
university,04-shutdown,45,22,0.285
university,04-shutdown,46,22,0.285
university,04-shutdown,47,23,0.285
university,04-shutdown,48,23,0.285
university,05-working,1,0,0.305
university,05-working,2,0,0.3
university,05-working,3,1,0.3
university,05-working,4,1,0.3
university,05-working,5,2,0.3
university,05-working,6,2,0.3
university,05-working,7,3,0.3
university,05-working,8,3,0.3
university,05-working,9,4,0.3
university,05-working,10,4,0.3
university,05-working,11,5,0.3
university,05-working,12,5,0.3125
university,05-working,13,6,0.3375
university,05-working,14,6,0.375
university,05-working,15,7,0.425
university,05-working,16,7,0.5375
university,05-working,17,8,0.7125
university,05-working,18,8,0.85
university,05-working,19,9,0.95
university,05-working,20,9,1
university,05-working,21,10,1
university,05-working,22,10,1
university,05-working,23,11,1
university,05-working,24,11,0.9875
university,05-working,25,12,0.9625
university,05-working,26,12,0.9625
university,05-working,27,13,0.9875
university,05-working,28,13,1
university,05-working,29,14,1
university,05-working,30,14,1
university,05-working,31,15,1
university,05-working,32,15,1
university,05-working,33,16,1
university,05-working,34,16,0.975
university,05-working,35,17,0.925
university,05-working,36,17,0.875
university,05-working,37,18,0.825
university,05-working,38,18,0.7875
university,05-working,39,19,0.7625
university,05-working,40,19,0.7125
university,05-working,41,20,0.6375
university,05-working,42,20,0.5625
university,05-working,43,21,0.4875
university,05-working,44,21,0.425
university,05-working,45,22,0.375
university,05-working,46,22,0.3425
university,05-working,47,23,0.3275
university,05-working,48,23,0.315
university,05-nonworking,1,0,0.35
university,05-nonworking,2,0,0.35
university,05-nonworking,3,1,0.35
university,05-nonworking,4,1,0.35
university,05-nonworking,5,2,0.35
university,05-nonworking,6,2,0.35
university,05-nonworking,7,3,0.35
university,05-nonworking,8,3,0.35
university,05-nonworking,9,4,0.35
university,05-nonworking,10,4,0.35
university,05-nonworking,11,5,0.35
university,05-nonworking,12,5,0.35
university,05-nonworking,13,6,0.35
university,05-nonworking,14,6,0.35
university,05-nonworking,15,7,0.35
university,05-nonworking,16,7,0.35
university,05-nonworking,17,8,0.35
university,05-nonworking,18,8,0.35
university,05-nonworking,19,9,0.35
university,05-nonworking,20,9,0.35
university,05-nonworking,21,10,0.35
university,05-nonworking,22,10,0.35
university,05-nonworking,23,11,0.35
university,05-nonworking,24,11,0.35
university,05-nonworking,25,12,0.35
university,05-nonworking,26,12,0.35
university,05-nonworking,27,13,0.35
university,05-nonworking,28,13,0.35
university,05-nonworking,29,14,0.35
university,05-nonworking,30,14,0.35
university,05-nonworking,31,15,0.35
university,05-nonworking,32,15,0.35
university,05-nonworking,33,16,0.35
university,05-nonworking,34,16,0.35
university,05-nonworking,35,17,0.35
university,05-nonworking,36,17,0.35
university,05-nonworking,37,18,0.35
university,05-nonworking,38,18,0.35
university,05-nonworking,39,19,0.35
university,05-nonworking,40,19,0.35
university,05-nonworking,41,20,0.35
university,05-nonworking,42,20,0.35
university,05-nonworking,43,21,0.35
university,05-nonworking,44,21,0.35
university,05-nonworking,45,22,0.35
university,05-nonworking,46,22,0.35
university,05-nonworking,47,23,0.35
university,05-nonworking,48,23,0.35
university,05-shutdown,1,0,0.3
university,05-shutdown,2,0,0.3
university,05-shutdown,3,1,0.3
university,05-shutdown,4,1,0.3
university,05-shutdown,5,2,0.3
university,05-shutdown,6,2,0.3
university,05-shutdown,7,3,0.3
university,05-shutdown,8,3,0.3
university,05-shutdown,9,4,0.3
university,05-shutdown,10,4,0.3
university,05-shutdown,11,5,0.3
university,05-shutdown,12,5,0.3
university,05-shutdown,13,6,0.3
university,05-shutdown,14,6,0.3
university,05-shutdown,15,7,0.3
university,05-shutdown,16,7,0.3
university,05-shutdown,17,8,0.3
university,05-shutdown,18,8,0.3
university,05-shutdown,19,9,0.3
university,05-shutdown,20,9,0.3
university,05-shutdown,21,10,0.3
university,05-shutdown,22,10,0.3
university,05-shutdown,23,11,0.3
university,05-shutdown,24,11,0.3
university,05-shutdown,25,12,0.3
university,05-shutdown,26,12,0.3
university,05-shutdown,27,13,0.3
university,05-shutdown,28,13,0.3
university,05-shutdown,29,14,0.3
university,05-shutdown,30,14,0.3
university,05-shutdown,31,15,0.3
university,05-shutdown,32,15,0.3
university,05-shutdown,33,16,0.3
university,05-shutdown,34,16,0.3
university,05-shutdown,35,17,0.3
university,05-shutdown,36,17,0.3
university,05-shutdown,37,18,0.3
university,05-shutdown,38,18,0.3
university,05-shutdown,39,19,0.3
university,05-shutdown,40,19,0.3
university,05-shutdown,41,20,0.3
university,05-shutdown,42,20,0.3
university,05-shutdown,43,21,0.3
university,05-shutdown,44,21,0.3
university,05-shutdown,45,22,0.3
university,05-shutdown,46,22,0.3
university,05-shutdown,47,23,0.3
university,05-shutdown,48,23,0.3
university,06-working,1,0,0.32025
university,06-working,2,0,0.315
university,06-working,3,1,0.315
university,06-working,4,1,0.315
university,06-working,5,2,0.315
university,06-working,6,2,0.315
university,06-working,7,3,0.315
university,06-working,8,3,0.315
university,06-working,9,4,0.315
university,06-working,10,4,0.315
university,06-working,11,5,0.315
university,06-working,12,5,0.32812
university,06-working,13,6,0.35437
university,06-working,14,6,0.39375
university,06-working,15,7,0.44625
university,06-working,16,7,0.56437
university,06-working,17,8,0.74813
university,06-working,18,8,0.8925
university,06-working,19,9,0.9975
university,06-working,20,9,1.05
university,06-working,21,10,1.05
university,06-working,22,10,1.05
university,06-working,23,11,1.05
university,06-working,24,11,1.03687
university,06-working,25,12,1.01062
university,06-working,26,12,1.01062
university,06-working,27,13,1.03687
university,06-working,28,13,1.05
university,06-working,29,14,1.05
university,06-working,30,14,1.05
university,06-working,31,15,1.05
university,06-working,32,15,1.05
university,06-working,33,16,1.05
university,06-working,34,16,1.02375
university,06-working,35,17,0.97125
university,06-working,36,17,0.91875
university,06-working,37,18,0.86625
university,06-working,38,18,0.82688
university,06-working,39,19,0.80063
university,06-working,40,19,0.74813
university,06-working,41,20,0.66937
university,06-working,42,20,0.59063
university,06-working,43,21,0.51187
university,06-working,44,21,0.44625
university,06-working,45,22,0.39375
university,06-working,46,22,0.35962
university,06-working,47,23,0.34388
university,06-working,48,23,0.33075
university,06-nonworking,1,0,0.3675
university,06-nonworking,2,0,0.3675
university,06-nonworking,3,1,0.3675
university,06-nonworking,4,1,0.3675
university,06-nonworking,5,2,0.3675
university,06-nonworking,6,2,0.3675
university,06-nonworking,7,3,0.3675
university,06-nonworking,8,3,0.3675
university,06-nonworking,9,4,0.3675
university,06-nonworking,10,4,0.3675
university,06-nonworking,11,5,0.3675
university,06-nonworking,12,5,0.3675
university,06-nonworking,13,6,0.3675
university,06-nonworking,14,6,0.3675
university,06-nonworking,15,7,0.3675
university,06-nonworking,16,7,0.3675
university,06-nonworking,17,8,0.3675
university,06-nonworking,18,8,0.3675
university,06-nonworking,19,9,0.3675
university,06-nonworking,20,9,0.3675
university,06-nonworking,21,10,0.3675
university,06-nonworking,22,10,0.3675
university,06-nonworking,23,11,0.3675
university,06-nonworking,24,11,0.3675
university,06-nonworking,25,12,0.3675
university,06-nonworking,26,12,0.3675
university,06-nonworking,27,13,0.3675
university,06-nonworking,28,13,0.3675
university,06-nonworking,29,14,0.3675
university,06-nonworking,30,14,0.3675
university,06-nonworking,31,15,0.3675
university,06-nonworking,32,15,0.3675
university,06-nonworking,33,16,0.3675
university,06-nonworking,34,16,0.3675
university,06-nonworking,35,17,0.3675
university,06-nonworking,36,17,0.3675
university,06-nonworking,37,18,0.3675
university,06-nonworking,38,18,0.3675
university,06-nonworking,39,19,0.3675
university,06-nonworking,40,19,0.3675
university,06-nonworking,41,20,0.3675
university,06-nonworking,42,20,0.3675
university,06-nonworking,43,21,0.3675
university,06-nonworking,44,21,0.3675
university,06-nonworking,45,22,0.3675
university,06-nonworking,46,22,0.3675
university,06-nonworking,47,23,0.3675
university,06-nonworking,48,23,0.3675
university,06-shutdown,1,0,0.315
university,06-shutdown,2,0,0.315
university,06-shutdown,3,1,0.315
university,06-shutdown,4,1,0.315
university,06-shutdown,5,2,0.315
university,06-shutdown,6,2,0.315
university,06-shutdown,7,3,0.315
university,06-shutdown,8,3,0.315
university,06-shutdown,9,4,0.315
university,06-shutdown,10,4,0.315
university,06-shutdown,11,5,0.315
university,06-shutdown,12,5,0.315
university,06-shutdown,13,6,0.315
university,06-shutdown,14,6,0.315
university,06-shutdown,15,7,0.315
university,06-shutdown,16,7,0.315
university,06-shutdown,17,8,0.315
university,06-shutdown,18,8,0.315
university,06-shutdown,19,9,0.315
university,06-shutdown,20,9,0.315
university,06-shutdown,21,10,0.315
university,06-shutdown,22,10,0.315
university,06-shutdown,23,11,0.315
university,06-shutdown,24,11,0.315
university,06-shutdown,25,12,0.315
university,06-shutdown,26,12,0.315
university,06-shutdown,27,13,0.315
university,06-shutdown,28,13,0.315
university,06-shutdown,29,14,0.315
university,06-shutdown,30,14,0.315
university,06-shutdown,31,15,0.315
university,06-shutdown,32,15,0.315
university,06-shutdown,33,16,0.315
university,06-shutdown,34,16,0.315
university,06-shutdown,35,17,0.315
university,06-shutdown,36,17,0.315
university,06-shutdown,37,18,0.315
university,06-shutdown,38,18,0.315
university,06-shutdown,39,19,0.315
university,06-shutdown,40,19,0.315
university,06-shutdown,41,20,0.315
university,06-shutdown,42,20,0.315
university,06-shutdown,43,21,0.315
university,06-shutdown,44,21,0.315
university,06-shutdown,45,22,0.315
university,06-shutdown,46,22,0.315
university,06-shutdown,47,23,0.315
university,06-shutdown,48,23,0.315
university,07-working,1,0,0.3355
university,07-working,2,0,0.33
university,07-working,3,1,0.33
university,07-working,4,1,0.33
university,07-working,5,2,0.33
university,07-working,6,2,0.33
university,07-working,7,3,0.33
university,07-working,8,3,0.33
university,07-working,9,4,0.33
university,07-working,10,4,0.33
university,07-working,11,5,0.33
university,07-working,12,5,0.34375
university,07-working,13,6,0.37125
university,07-working,14,6,0.4125
university,07-working,15,7,0.4675
university,07-working,16,7,0.59125
university,07-working,17,8,0.78375
university,07-working,18,8,0.935
university,07-working,19,9,1.045
university,07-working,20,9,1.1
university,07-working,21,10,1.1
university,07-working,22,10,1.1
university,07-working,23,11,1.1
university,07-working,24,11,1.08625
university,07-working,25,12,1.05875
university,07-working,26,12,1.05875
university,07-working,27,13,1.08625
university,07-working,28,13,1.1
university,07-working,29,14,1.1
university,07-working,30,14,1.1
university,07-working,31,15,1.1
university,07-working,32,15,1.1
university,07-working,33,16,1.1
university,07-working,34,16,1.0725
university,07-working,35,17,1.0175
university,07-working,36,17,0.9625
university,07-working,37,18,0.9075
university,07-working,38,18,0.86625
university,07-working,39,19,0.83875
university,07-working,40,19,0.78375
university,07-working,41,20,0.70125
university,07-working,42,20,0.61875
university,07-working,43,21,0.53625
university,07-working,44,21,0.4675
university,07-working,45,22,0.4125
university,07-working,46,22,0.37675
university,07-working,47,23,0.36025
university,07-working,48,23,0.3465
university,07-nonworking,1,0,0.385
university,07-nonworking,2,0,0.385
university,07-nonworking,3,1,0.385
university,07-nonworking,4,1,0.385
university,07-nonworking,5,2,0.385
university,07-nonworking,6,2,0.385
university,07-nonworking,7,3,0.385
university,07-nonworking,8,3,0.385
university,07-nonworking,9,4,0.385
university,07-nonworking,10,4,0.385
university,07-nonworking,11,5,0.385
university,07-nonworking,12,5,0.385
university,07-nonworking,13,6,0.385
university,07-nonworking,14,6,0.385
university,07-nonworking,15,7,0.385
university,07-nonworking,16,7,0.385
university,07-nonworking,17,8,0.385
university,07-nonworking,18,8,0.385
university,07-nonworking,19,9,0.385
university,07-nonworking,20,9,0.385
university,07-nonworking,21,10,0.385
university,07-nonworking,22,10,0.385
university,07-nonworking,23,11,0.385
university,07-nonworking,24,11,0.385
university,07-nonworking,25,12,0.385
university,07-nonworking,26,12,0.385
university,07-nonworking,27,13,0.385
university,07-nonworking,28,13,0.385
university,07-nonworking,29,14,0.385
university,07-nonworking,30,14,0.385
university,07-nonworking,31,15,0.385
university,07-nonworking,32,15,0.385
university,07-nonworking,33,16,0.385
university,07-nonworking,34,16,0.385
university,07-nonworking,35,17,0.385
university,07-nonworking,36,17,0.385
university,07-nonworking,37,18,0.385
university,07-nonworking,38,18,0.385
university,07-nonworking,39,19,0.385
university,07-nonworking,40,19,0.385
university,07-nonworking,41,20,0.385
university,07-nonworking,42,20,0.385
university,07-nonworking,43,21,0.385
university,07-nonworking,44,21,0.385
university,07-nonworking,45,22,0.385
university,07-nonworking,46,22,0.385
university,07-nonworking,47,23,0.385
university,07-nonworking,48,23,0.385
university,07-shutdown,1,0,0.33
university,07-shutdown,2,0,0.33
university,07-shutdown,3,1,0.33
university,07-shutdown,4,1,0.33
university,07-shutdown,5,2,0.33
university,07-shutdown,6,2,0.33
university,07-shutdown,7,3,0.33
university,07-shutdown,8,3,0.33
university,07-shutdown,9,4,0.33
university,07-shutdown,10,4,0.33
university,07-shutdown,11,5,0.33
university,07-shutdown,12,5,0.33
university,07-shutdown,13,6,0.33
university,07-shutdown,14,6,0.33
university,07-shutdown,15,7,0.33
university,07-shutdown,16,7,0.33
university,07-shutdown,17,8,0.33
university,07-shutdown,18,8,0.33
university,07-shutdown,19,9,0.33
university,07-shutdown,20,9,0.33
university,07-shutdown,21,10,0.33
university,07-shutdown,22,10,0.33
university,07-shutdown,23,11,0.33
university,07-shutdown,24,11,0.33
university,07-shutdown,25,12,0.33
university,07-shutdown,26,12,0.33
university,07-shutdown,27,13,0.33
university,07-shutdown,28,13,0.33
university,07-shutdown,29,14,0.33
university,07-shutdown,30,14,0.33
university,07-shutdown,31,15,0.33
university,07-shutdown,32,15,0.33
university,07-shutdown,33,16,0.33
university,07-shutdown,34,16,0.33
university,07-shutdown,35,17,0.33
university,07-shutdown,36,17,0.33
university,07-shutdown,37,18,0.33
university,07-shutdown,38,18,0.33
university,07-shutdown,39,19,0.33
university,07-shutdown,40,19,0.33
university,07-shutdown,41,20,0.33
university,07-shutdown,42,20,0.33
university,07-shutdown,43,21,0.33
university,07-shutdown,44,21,0.33
university,07-shutdown,45,22,0.33
university,07-shutdown,46,22,0.33
university,07-shutdown,47,23,0.33
university,07-shutdown,48,23,0.33
university,08-working,1,0,0.2379
university,08-working,2,0,0.234
university,08-working,3,1,0.234
university,08-working,4,1,0.234
university,08-working,5,2,0.234
university,08-working,6,2,0.234
university,08-working,7,3,0.234
university,08-working,8,3,0.234
university,08-working,9,4,0.234
university,08-working,10,4,0.234
university,08-working,11,5,0.234
university,08-working,12,5,0.24375
university,08-working,13,6,0.26325
university,08-working,14,6,0.2925
university,08-working,15,7,0.3315
university,08-working,16,7,0.41925
university,08-working,17,8,0.55575
university,08-working,18,8,0.663
university,08-working,19,9,0.741
university,08-working,20,9,0.78
university,08-working,21,10,0.78
university,08-working,22,10,0.78
university,08-working,23,11,0.78
university,08-working,24,11,0.77025
university,08-working,25,12,0.75075
university,08-working,26,12,0.75075
university,08-working,27,13,0.77025
university,08-working,28,13,0.78
university,08-working,29,14,0.78
university,08-working,30,14,0.78
university,08-working,31,15,0.78
university,08-working,32,15,0.78
university,08-working,33,16,0.78
university,08-working,34,16,0.7605
university,08-working,35,17,0.7215
university,08-working,36,17,0.6825
university,08-working,37,18,0.6435
university,08-working,38,18,0.61425
university,08-working,39,19,0.59475
university,08-working,40,19,0.55575
university,08-working,41,20,0.49725
university,08-working,42,20,0.43875
university,08-working,43,21,0.38025
university,08-working,44,21,0.3315
university,08-working,45,22,0.2925
university,08-working,46,22,0.26715
university,08-working,47,23,0.25545
university,08-working,48,23,0.2457
university,08-nonworking,1,0,0.273
university,08-nonworking,2,0,0.273
university,08-nonworking,3,1,0.273
university,08-nonworking,4,1,0.273
university,08-nonworking,5,2,0.273
university,08-nonworking,6,2,0.273
university,08-nonworking,7,3,0.273
university,08-nonworking,8,3,0.273
university,08-nonworking,9,4,0.273
university,08-nonworking,10,4,0.273
university,08-nonworking,11,5,0.273
university,08-nonworking,12,5,0.273
university,08-nonworking,13,6,0.273
university,08-nonworking,14,6,0.273
university,08-nonworking,15,7,0.273
university,08-nonworking,16,7,0.273
university,08-nonworking,17,8,0.273
university,08-nonworking,18,8,0.273
university,08-nonworking,19,9,0.273
university,08-nonworking,20,9,0.273
university,08-nonworking,21,10,0.273
university,08-nonworking,22,10,0.273
university,08-nonworking,23,11,0.273
university,08-nonworking,24,11,0.273
university,08-nonworking,25,12,0.273
university,08-nonworking,26,12,0.273
university,08-nonworking,27,13,0.273
university,08-nonworking,28,13,0.273
university,08-nonworking,29,14,0.273
university,08-nonworking,30,14,0.273
university,08-nonworking,31,15,0.273
university,08-nonworking,32,15,0.273
university,08-nonworking,33,16,0.273
university,08-nonworking,34,16,0.273
university,08-nonworking,35,17,0.273
university,08-nonworking,36,17,0.273
university,08-nonworking,37,18,0.273
university,08-nonworking,38,18,0.273
university,08-nonworking,39,19,0.273
university,08-nonworking,40,19,0.273
university,08-nonworking,41,20,0.273
university,08-nonworking,42,20,0.273
university,08-nonworking,43,21,0.273
university,08-nonworking,44,21,0.273
university,08-nonworking,45,22,0.273
university,08-nonworking,46,22,0.273
university,08-nonworking,47,23,0.273
university,08-nonworking,48,23,0.273
university,08-shutdown,1,0,0.234
university,08-shutdown,2,0,0.234
university,08-shutdown,3,1,0.234
university,08-shutdown,4,1,0.234
university,08-shutdown,5,2,0.234
university,08-shutdown,6,2,0.234
university,08-shutdown,7,3,0.234
university,08-shutdown,8,3,0.234
university,08-shutdown,9,4,0.234
university,08-shutdown,10,4,0.234
university,08-shutdown,11,5,0.234
university,08-shutdown,12,5,0.234
university,08-shutdown,13,6,0.234
university,08-shutdown,14,6,0.234
university,08-shutdown,15,7,0.234
university,08-shutdown,16,7,0.234
university,08-shutdown,17,8,0.234
university,08-shutdown,18,8,0.234
university,08-shutdown,19,9,0.234
university,08-shutdown,20,9,0.234
university,08-shutdown,21,10,0.234
university,08-shutdown,22,10,0.234
university,08-shutdown,23,11,0.234
university,08-shutdown,24,11,0.234
university,08-shutdown,25,12,0.234
university,08-shutdown,26,12,0.234
university,08-shutdown,27,13,0.234
university,08-shutdown,28,13,0.234
university,08-shutdown,29,14,0.234
university,08-shutdown,30,14,0.234
university,08-shutdown,31,15,0.234
university,08-shutdown,32,15,0.234
university,08-shutdown,33,16,0.234
university,08-shutdown,34,16,0.234
university,08-shutdown,35,17,0.234
university,08-shutdown,36,17,0.234
university,08-shutdown,37,18,0.234
university,08-shutdown,38,18,0.234
university,08-shutdown,39,19,0.234
university,08-shutdown,40,19,0.234
university,08-shutdown,41,20,0.234
university,08-shutdown,42,20,0.234
university,08-shutdown,43,21,0.234
university,08-shutdown,44,21,0.234
university,08-shutdown,45,22,0.234
university,08-shutdown,46,22,0.234
university,08-shutdown,47,23,0.234
university,08-shutdown,48,23,0.234
university,09-working,1,0,0.28975
university,09-working,2,0,0.285
university,09-working,3,1,0.285
university,09-working,4,1,0.285
university,09-working,5,2,0.285
university,09-working,6,2,0.285
university,09-working,7,3,0.285
university,09-working,8,3,0.285
university,09-working,9,4,0.285
university,09-working,10,4,0.285
university,09-working,11,5,0.285
university,09-working,12,5,0.29688
university,09-working,13,6,0.32062
university,09-working,14,6,0.35625
university,09-working,15,7,0.40375
university,09-working,16,7,0.51062
university,09-working,17,8,0.67688
university,09-working,18,8,0.8075
university,09-working,19,9,0.9025
university,09-working,20,9,0.95
university,09-working,21,10,0.95
university,09-working,22,10,0.95
university,09-working,23,11,0.95
university,09-working,24,11,0.93812
university,09-working,25,12,0.91437
university,09-working,26,12,0.91437
university,09-working,27,13,0.93812
university,09-working,28,13,0.95
university,09-working,29,14,0.95
university,09-working,30,14,0.95
university,09-working,31,15,0.95
university,09-working,32,15,0.95
university,09-working,33,16,0.95
university,09-working,34,16,0.92625
university,09-working,35,17,0.87875
university,09-working,36,17,0.83125
university,09-working,37,18,0.78375
university,09-working,38,18,0.74813
university,09-working,39,19,0.72437
university,09-working,40,19,0.67688
university,09-working,41,20,0.60562
university,09-working,42,20,0.53437
university,09-working,43,21,0.46312
university,09-working,44,21,0.40375
university,09-working,45,22,0.35625
university,09-working,46,22,0.32537
university,09-working,47,23,0.31112
university,09-working,48,23,0.29925
university,09-nonworking,1,0,0.3325
university,09-nonworking,2,0,0.3325
university,09-nonworking,3,1,0.3325
university,09-nonworking,4,1,0.3325
university,09-nonworking,5,2,0.3325
university,09-nonworking,6,2,0.3325
university,09-nonworking,7,3,0.3325
university,09-nonworking,8,3,0.3325
university,09-nonworking,9,4,0.3325
university,09-nonworking,10,4,0.3325
university,09-nonworking,11,5,0.3325
university,09-nonworking,12,5,0.3325
university,09-nonworking,13,6,0.3325
university,09-nonworking,14,6,0.3325
university,09-nonworking,15,7,0.3325
university,09-nonworking,16,7,0.3325
university,09-nonworking,17,8,0.3325
university,09-nonworking,18,8,0.3325
university,09-nonworking,19,9,0.3325
university,09-nonworking,20,9,0.3325
university,09-nonworking,21,10,0.3325
university,09-nonworking,22,10,0.3325
university,09-nonworking,23,11,0.3325
university,09-nonworking,24,11,0.3325
university,09-nonworking,25,12,0.3325
university,09-nonworking,26,12,0.3325
university,09-nonworking,27,13,0.3325
university,09-nonworking,28,13,0.3325
university,09-nonworking,29,14,0.3325
university,09-nonworking,30,14,0.3325
university,09-nonworking,31,15,0.3325
university,09-nonworking,32,15,0.3325
university,09-nonworking,33,16,0.3325
university,09-nonworking,34,16,0.3325
university,09-nonworking,35,17,0.3325
university,09-nonworking,36,17,0.3325
university,09-nonworking,37,18,0.3325
university,09-nonworking,38,18,0.3325
university,09-nonworking,39,19,0.3325
university,09-nonworking,40,19,0.3325
university,09-nonworking,41,20,0.3325
university,09-nonworking,42,20,0.3325
university,09-nonworking,43,21,0.3325
university,09-nonworking,44,21,0.3325
university,09-nonworking,45,22,0.3325
university,09-nonworking,46,22,0.3325
university,09-nonworking,47,23,0.3325
university,09-nonworking,48,23,0.3325
university,09-shutdown,1,0,0.285
university,09-shutdown,2,0,0.285
university,09-shutdown,3,1,0.285
university,09-shutdown,4,1,0.285
university,09-shutdown,5,2,0.285
university,09-shutdown,6,2,0.285
university,09-shutdown,7,3,0.285
university,09-shutdown,8,3,0.285
university,09-shutdown,9,4,0.285
university,09-shutdown,10,4,0.285
university,09-shutdown,11,5,0.285
university,09-shutdown,12,5,0.285
university,09-shutdown,13,6,0.285
university,09-shutdown,14,6,0.285
university,09-shutdown,15,7,0.285
university,09-shutdown,16,7,0.285
university,09-shutdown,17,8,0.285
university,09-shutdown,18,8,0.285
university,09-shutdown,19,9,0.285
university,09-shutdown,20,9,0.285
university,09-shutdown,21,10,0.285
university,09-shutdown,22,10,0.285
university,09-shutdown,23,11,0.285
university,09-shutdown,24,11,0.285
university,09-shutdown,25,12,0.285
university,09-shutdown,26,12,0.285
university,09-shutdown,27,13,0.285
university,09-shutdown,28,13,0.285
university,09-shutdown,29,14,0.285
university,09-shutdown,30,14,0.285
university,09-shutdown,31,15,0.285
university,09-shutdown,32,15,0.285
university,09-shutdown,33,16,0.285
university,09-shutdown,34,16,0.285
university,09-shutdown,35,17,0.285
university,09-shutdown,36,17,0.285
university,09-shutdown,37,18,0.285
university,09-shutdown,38,18,0.285
university,09-shutdown,39,19,0.285
university,09-shutdown,40,19,0.285
university,09-shutdown,41,20,0.285
university,09-shutdown,42,20,0.285
university,09-shutdown,43,21,0.285
university,09-shutdown,44,21,0.285
university,09-shutdown,45,22,0.285
university,09-shutdown,46,22,0.285
university,09-shutdown,47,23,0.285
university,09-shutdown,48,23,0.285
university,10-working,1,0,0.305
university,10-working,2,0,0.3
university,10-working,3,1,0.3
university,10-working,4,1,0.3
university,10-working,5,2,0.3
university,10-working,6,2,0.3
university,10-working,7,3,0.3
university,10-working,8,3,0.3
university,10-working,9,4,0.3
university,10-working,10,4,0.3
university,10-working,11,5,0.3
university,10-working,12,5,0.3125
university,10-working,13,6,0.3375
university,10-working,14,6,0.375
university,10-working,15,7,0.425
university,10-working,16,7,0.5375
university,10-working,17,8,0.7125
university,10-working,18,8,0.85
university,10-working,19,9,0.95
university,10-working,20,9,1
university,10-working,21,10,1
university,10-working,22,10,1
university,10-working,23,11,1
university,10-working,24,11,0.9875
university,10-working,25,12,0.9625
university,10-working,26,12,0.9625
university,10-working,27,13,0.9875
university,10-working,28,13,1
university,10-working,29,14,1
university,10-working,30,14,1
university,10-working,31,15,1
university,10-working,32,15,1
university,10-working,33,16,1
university,10-working,34,16,0.975
university,10-working,35,17,0.925
university,10-working,36,17,0.875
university,10-working,37,18,0.825
university,10-working,38,18,0.7875
university,10-working,39,19,0.7625
university,10-working,40,19,0.7125
university,10-working,41,20,0.6375
university,10-working,42,20,0.5625
university,10-working,43,21,0.4875
university,10-working,44,21,0.425
university,10-working,45,22,0.375
university,10-working,46,22,0.3425
university,10-working,47,23,0.3275
university,10-working,48,23,0.315
university,10-nonworking,1,0,0.35
university,10-nonworking,2,0,0.35
university,10-nonworking,3,1,0.35
university,10-nonworking,4,1,0.35
university,10-nonworking,5,2,0.35
university,10-nonworking,6,2,0.35
university,10-nonworking,7,3,0.35
university,10-nonworking,8,3,0.35
university,10-nonworking,9,4,0.35
university,10-nonworking,10,4,0.35
university,10-nonworking,11,5,0.35
university,10-nonworking,12,5,0.35
university,10-nonworking,13,6,0.35
university,10-nonworking,14,6,0.35
university,10-nonworking,15,7,0.35
university,10-nonworking,16,7,0.35
university,10-nonworking,17,8,0.35
university,10-nonworking,18,8,0.35
university,10-nonworking,19,9,0.35
university,10-nonworking,20,9,0.35
university,10-nonworking,21,10,0.35
university,10-nonworking,22,10,0.35
university,10-nonworking,23,11,0.35
university,10-nonworking,24,11,0.35
university,10-nonworking,25,12,0.35
university,10-nonworking,26,12,0.35
university,10-nonworking,27,13,0.35
university,10-nonworking,28,13,0.35
university,10-nonworking,29,14,0.35
university,10-nonworking,30,14,0.35
university,10-nonworking,31,15,0.35
university,10-nonworking,32,15,0.35
university,10-nonworking,33,16,0.35
university,10-nonworking,34,16,0.35
university,10-nonworking,35,17,0.35
university,10-nonworking,36,17,0.35
university,10-nonworking,37,18,0.35
university,10-nonworking,38,18,0.35
university,10-nonworking,39,19,0.35
university,10-nonworking,40,19,0.35
university,10-nonworking,41,20,0.35
university,10-nonworking,42,20,0.35
university,10-nonworking,43,21,0.35
university,10-nonworking,44,21,0.35
university,10-nonworking,45,22,0.35
university,10-nonworking,46,22,0.35
university,10-nonworking,47,23,0.35
university,10-nonworking,48,23,0.35
university,10-shutdown,1,0,0.3
university,10-shutdown,2,0,0.3
university,10-shutdown,3,1,0.3
university,10-shutdown,4,1,0.3
university,10-shutdown,5,2,0.3
university,10-shutdown,6,2,0.3
university,10-shutdown,7,3,0.3
university,10-shutdown,8,3,0.3
university,10-shutdown,9,4,0.3
university,10-shutdown,10,4,0.3
university,10-shutdown,11,5,0.3
university,10-shutdown,12,5,0.3
university,10-shutdown,13,6,0.3
university,10-shutdown,14,6,0.3
university,10-shutdown,15,7,0.3
university,10-shutdown,16,7,0.3
university,10-shutdown,17,8,0.3
university,10-shutdown,18,8,0.3
university,10-shutdown,19,9,0.3
university,10-shutdown,20,9,0.3
university,10-shutdown,21,10,0.3
university,10-shutdown,22,10,0.3
university,10-shutdown,23,11,0.3
university,10-shutdown,24,11,0.3
university,10-shutdown,25,12,0.3
university,10-shutdown,26,12,0.3
university,10-shutdown,27,13,0.3
university,10-shutdown,28,13,0.3
university,10-shutdown,29,14,0.3
university,10-shutdown,30,14,0.3
university,10-shutdown,31,15,0.3
university,10-shutdown,32,15,0.3
university,10-shutdown,33,16,0.3
university,10-shutdown,34,16,0.3
university,10-shutdown,35,17,0.3
university,10-shutdown,36,17,0.3
university,10-shutdown,37,18,0.3
university,10-shutdown,38,18,0.3
university,10-shutdown,39,19,0.3
university,10-shutdown,40,19,0.3
university,10-shutdown,41,20,0.3
university,10-shutdown,42,20,0.3
university,10-shutdown,43,21,0.3
university,10-shutdown,44,21,0.3
university,10-shutdown,45,22,0.3
university,10-shutdown,46,22,0.3
university,10-shutdown,47,23,0.3
university,10-shutdown,48,23,0.3
university,11-working,1,0,0.305
university,11-working,2,0,0.3
university,11-working,3,1,0.3
university,11-working,4,1,0.3
university,11-working,5,2,0.3
university,11-working,6,2,0.3
university,11-working,7,3,0.3
university,11-working,8,3,0.3
university,11-working,9,4,0.3
university,11-working,10,4,0.3
university,11-working,11,5,0.3
university,11-working,12,5,0.3125
university,11-working,13,6,0.3375
university,11-working,14,6,0.375
university,11-working,15,7,0.425
university,11-working,16,7,0.5375
university,11-working,17,8,0.7125
university,11-working,18,8,0.85
university,11-working,19,9,0.95
university,11-working,20,9,1
university,11-working,21,10,1
university,11-working,22,10,1
university,11-working,23,11,1
university,11-working,24,11,0.9875
university,11-working,25,12,0.9625
university,11-working,26,12,0.9625
university,11-working,27,13,0.9875
university,11-working,28,13,1
university,11-working,29,14,1
university,11-working,30,14,1
university,11-working,31,15,1
university,11-working,32,15,1
university,11-working,33,16,1
university,11-working,34,16,0.975
university,11-working,35,17,0.925
university,11-working,36,17,0.875
university,11-working,37,18,0.825
university,11-working,38,18,0.7875
university,11-working,39,19,0.7625
university,11-working,40,19,0.7125
university,11-working,41,20,0.6375
university,11-working,42,20,0.5625
university,11-working,43,21,0.4875
university,11-working,44,21,0.425
university,11-working,45,22,0.375
university,11-working,46,22,0.3425
university,11-working,47,23,0.3275
university,11-working,48,23,0.315
university,11-nonworking,1,0,0.35
university,11-nonworking,2,0,0.35
university,11-nonworking,3,1,0.35
university,11-nonworking,4,1,0.35
university,11-nonworking,5,2,0.35
university,11-nonworking,6,2,0.35
university,11-nonworking,7,3,0.35
university,11-nonworking,8,3,0.35
university,11-nonworking,9,4,0.35
university,11-nonworking,10,4,0.35
university,11-nonworking,11,5,0.35
university,11-nonworking,12,5,0.35
university,11-nonworking,13,6,0.35
university,11-nonworking,14,6,0.35
university,11-nonworking,15,7,0.35
university,11-nonworking,16,7,0.35
university,11-nonworking,17,8,0.35
university,11-nonworking,18,8,0.35
university,11-nonworking,19,9,0.35
university,11-nonworking,20,9,0.35
university,11-nonworking,21,10,0.35
university,11-nonworking,22,10,0.35
university,11-nonworking,23,11,0.35
university,11-nonworking,24,11,0.35
university,11-nonworking,25,12,0.35
university,11-nonworking,26,12,0.35
university,11-nonworking,27,13,0.35
university,11-nonworking,28,13,0.35
university,11-nonworking,29,14,0.35
university,11-nonworking,30,14,0.35
university,11-nonworking,31,15,0.35
university,11-nonworking,32,15,0.35
university,11-nonworking,33,16,0.35
university,11-nonworking,34,16,0.35
university,11-nonworking,35,17,0.35
university,11-nonworking,36,17,0.35
university,11-nonworking,37,18,0.35
university,11-nonworking,38,18,0.35
university,11-nonworking,39,19,0.35
university,11-nonworking,40,19,0.35
university,11-nonworking,41,20,0.35
university,11-nonworking,42,20,0.35
university,11-nonworking,43,21,0.35
university,11-nonworking,44,21,0.35
university,11-nonworking,45,22,0.35
university,11-nonworking,46,22,0.35
university,11-nonworking,47,23,0.35
university,11-nonworking,48,23,0.35
university,11-shutdown,1,0,0.3
university,11-shutdown,2,0,0.3
university,11-shutdown,3,1,0.3
university,11-shutdown,4,1,0.3
university,11-shutdown,5,2,0.3
university,11-shutdown,6,2,0.3
university,11-shutdown,7,3,0.3
university,11-shutdown,8,3,0.3
university,11-shutdown,9,4,0.3
university,11-shutdown,10,4,0.3
university,11-shutdown,11,5,0.3
university,11-shutdown,12,5,0.3
university,11-shutdown,13,6,0.3
university,11-shutdown,14,6,0.3
university,11-shutdown,15,7,0.3
university,11-shutdown,16,7,0.3
university,11-shutdown,17,8,0.3
university,11-shutdown,18,8,0.3
university,11-shutdown,19,9,0.3
university,11-shutdown,20,9,0.3
university,11-shutdown,21,10,0.3
university,11-shutdown,22,10,0.3
university,11-shutdown,23,11,0.3
university,11-shutdown,24,11,0.3
university,11-shutdown,25,12,0.3
university,11-shutdown,26,12,0.3
university,11-shutdown,27,13,0.3
university,11-shutdown,28,13,0.3
university,11-shutdown,29,14,0.3
university,11-shutdown,30,14,0.3
university,11-shutdown,31,15,0.3
university,11-shutdown,32,15,0.3
university,11-shutdown,33,16,0.3
university,11-shutdown,34,16,0.3
university,11-shutdown,35,17,0.3
university,11-shutdown,36,17,0.3
university,11-shutdown,37,18,0.3
university,11-shutdown,38,18,0.3
university,11-shutdown,39,19,0.3
university,11-shutdown,40,19,0.3
university,11-shutdown,41,20,0.3
university,11-shutdown,42,20,0.3
university,11-shutdown,43,21,0.3
university,11-shutdown,44,21,0.3
university,11-shutdown,45,22,0.3
university,11-shutdown,46,22,0.3
university,11-shutdown,47,23,0.3
university,11-shutdown,48,23,0.3
university,12-working,1,0,0.2989
university,12-working,2,0,0.294
university,12-working,3,1,0.294
university,12-working,4,1,0.294
university,12-working,5,2,0.294
university,12-working,6,2,0.294
university,12-working,7,3,0.294
university,12-working,8,3,0.294
university,12-working,9,4,0.294
university,12-working,10,4,0.294
university,12-working,11,5,0.294
university,12-working,12,5,0.30625
university,12-working,13,6,0.33075
university,12-working,14,6,0.3675
university,12-working,15,7,0.4165
university,12-working,16,7,0.52675
university,12-working,17,8,0.69825
university,12-working,18,8,0.833
university,12-working,19,9,0.931
university,12-working,20,9,0.98
university,12-working,21,10,0.98
university,12-working,22,10,0.98
university,12-working,23,11,0.98
university,12-working,24,11,0.96775
university,12-working,25,12,0.94325
university,12-working,26,12,0.94325
university,12-working,27,13,0.96775
university,12-working,28,13,0.98
university,12-working,29,14,0.98
university,12-working,30,14,0.98
university,12-working,31,15,0.98
university,12-working,32,15,0.98
university,12-working,33,16,0.98
university,12-working,34,16,0.9555
university,12-working,35,17,0.9065
university,12-working,36,17,0.8575
university,12-working,37,18,0.8085
university,12-working,38,18,0.77175
university,12-working,39,19,0.74725
university,12-working,40,19,0.69825
university,12-working,41,20,0.62475
university,12-working,42,20,0.55125
university,12-working,43,21,0.47775
university,12-working,44,21,0.4165
university,12-working,45,22,0.3675
university,12-working,46,22,0.33565
university,12-working,47,23,0.32095
university,12-working,48,23,0.3087
university,12-nonworking,1,0,0.343
university,12-nonworking,2,0,0.343
university,12-nonworking,3,1,0.343
university,12-nonworking,4,1,0.343
university,12-nonworking,5,2,0.343
university,12-nonworking,6,2,0.343
university,12-nonworking,7,3,0.343
university,12-nonworking,8,3,0.343
university,12-nonworking,9,4,0.343
university,12-nonworking,10,4,0.343
university,12-nonworking,11,5,0.343
university,12-nonworking,12,5,0.343
university,12-nonworking,13,6,0.343
university,12-nonworking,14,6,0.343
university,12-nonworking,15,7,0.343
university,12-nonworking,16,7,0.343
university,12-nonworking,17,8,0.343
university,12-nonworking,18,8,0.343
university,12-nonworking,19,9,0.343
university,12-nonworking,20,9,0.343
university,12-nonworking,21,10,0.343
university,12-nonworking,22,10,0.343
university,12-nonworking,23,11,0.343
university,12-nonworking,24,11,0.343
university,12-nonworking,25,12,0.343
university,12-nonworking,26,12,0.343
university,12-nonworking,27,13,0.343
university,12-nonworking,28,13,0.343
university,12-nonworking,29,14,0.343
university,12-nonworking,30,14,0.343
university,12-nonworking,31,15,0.343
university,12-nonworking,32,15,0.343
university,12-nonworking,33,16,0.343
university,12-nonworking,34,16,0.343
university,12-nonworking,35,17,0.343
university,12-nonworking,36,17,0.343
university,12-nonworking,37,18,0.343
university,12-nonworking,38,18,0.343
university,12-nonworking,39,19,0.343
university,12-nonworking,40,19,0.343
university,12-nonworking,41,20,0.343
university,12-nonworking,42,20,0.343
university,12-nonworking,43,21,0.343
university,12-nonworking,44,21,0.343
university,12-nonworking,45,22,0.343
university,12-nonworking,46,22,0.343
university,12-nonworking,47,23,0.343
university,12-nonworking,48,23,0.343
university,12-shutdown,1,0,0.294
university,12-shutdown,2,0,0.294
university,12-shutdown,3,1,0.294
university,12-shutdown,4,1,0.294
university,12-shutdown,5,2,0.294
university,12-shutdown,6,2,0.294
university,12-shutdown,7,3,0.294
university,12-shutdown,8,3,0.294
university,12-shutdown,9,4,0.294
university,12-shutdown,10,4,0.294
university,12-shutdown,11,5,0.294
university,12-shutdown,12,5,0.294
university,12-shutdown,13,6,0.294
university,12-shutdown,14,6,0.294
university,12-shutdown,15,7,0.294
university,12-shutdown,16,7,0.294
university,12-shutdown,17,8,0.294
university,12-shutdown,18,8,0.294
university,12-shutdown,19,9,0.294
university,12-shutdown,20,9,0.294
university,12-shutdown,21,10,0.294
university,12-shutdown,22,10,0.294
university,12-shutdown,23,11,0.294
university,12-shutdown,24,11,0.294
university,12-shutdown,25,12,0.294
university,12-shutdown,26,12,0.294
university,12-shutdown,27,13,0.294
university,12-shutdown,28,13,0.294
university,12-shutdown,29,14,0.294
university,12-shutdown,30,14,0.294
university,12-shutdown,31,15,0.294
university,12-shutdown,32,15,0.294
university,12-shutdown,33,16,0.294
university,12-shutdown,34,16,0.294
university,12-shutdown,35,17,0.294
university,12-shutdown,36,17,0.294
university,12-shutdown,37,18,0.294
university,12-shutdown,38,18,0.294
university,12-shutdown,39,19,0.294
university,12-shutdown,40,19,0.294
university,12-shutdown,41,20,0.294
university,12-shutdown,42,20,0.294
university,12-shutdown,43,21,0.294
university,12-shutdown,44,21,0.294
university,12-shutdown,45,22,0.294
university,12-shutdown,46,22,0.294
university,12-shutdown,47,23,0.294
university,12-shutdown,48,23,0.294
university,heat-working,1,0,0.2379
university,heat-working,2,0,0.234
university,heat-working,3,1,0.234
university,heat-working,4,1,0.234
university,heat-working,5,2,0.234
university,heat-working,6,2,0.234
university,heat-working,7,3,0.234
university,heat-working,8,3,0.234
university,heat-working,9,4,0.234
university,heat-working,10,4,0.234
university,heat-working,11,5,0.234
university,heat-working,12,5,0.24375
university,heat-working,13,6,0.26325
university,heat-working,14,6,0.2925
university,heat-working,15,7,0.3315
university,heat-working,16,7,0.41925
university,heat-working,17,8,0.55575
university,heat-working,18,8,0.663
university,heat-working,19,9,0.741
university,heat-working,20,9,0.78
university,heat-working,21,10,0.78
university,heat-working,22,10,0.78
university,heat-working,23,11,0.78
university,heat-working,24,11,0.77025
university,heat-working,25,12,0.75075
university,heat-working,26,12,0.75075
university,heat-working,27,13,0.77025
university,heat-working,28,13,0.78
university,heat-working,29,14,0.78
university,heat-working,30,14,0.78
university,heat-working,31,15,0.78
university,heat-working,32,15,0.78
university,heat-working,33,16,0.78
university,heat-working,34,16,0.7605
university,heat-working,35,17,0.7215
university,heat-working,36,17,0.6825
university,heat-working,37,18,0.6435
university,heat-working,38,18,0.61425
university,heat-working,39,19,0.59475
university,heat-working,40,19,0.55575
university,heat-working,41,20,0.49725
university,heat-working,42,20,0.43875
university,heat-working,43,21,0.38025
university,heat-working,44,21,0.3315
university,heat-working,45,22,0.2925
university,heat-working,46,22,0.26715
university,heat-working,47,23,0.25545
university,heat-working,48,23,0.2457
university,cold-working,1,0,0.305
university,cold-working,2,0,0.3
university,cold-working,3,1,0.3
university,cold-working,4,1,0.3
university,cold-working,5,2,0.3
university,cold-working,6,2,0.3
university,cold-working,7,3,0.3
university,cold-working,8,3,0.3
university,cold-working,9,4,0.3
university,cold-working,10,4,0.3
university,cold-working,11,5,0.3
university,cold-working,12,5,0.3125
university,cold-working,13,6,0.3375
university,cold-working,14,6,0.375
university,cold-working,15,7,0.425
university,cold-working,16,7,0.5375
university,cold-working,17,8,0.7125
university,cold-working,18,8,0.85
university,cold-working,19,9,0.95
university,cold-working,20,9,1
university,cold-working,21,10,1
university,cold-working,22,10,1
university,cold-working,23,11,1
university,cold-working,24,11,0.9875
university,cold-working,25,12,0.9625
university,cold-working,26,12,0.9625
university,cold-working,27,13,0.9875
university,cold-working,28,13,1
university,cold-working,29,14,1
university,cold-working,30,14,1
university,cold-working,31,15,1
university,cold-working,32,15,1
university,cold-working,33,16,1
university,cold-working,34,16,0.975
university,cold-working,35,17,0.925
university,cold-working,36,17,0.875
university,cold-working,37,18,0.825
university,cold-working,38,18,0.7875
university,cold-working,39,19,0.7625
university,cold-working,40,19,0.7125
university,cold-working,41,20,0.6375
university,cold-working,42,20,0.5625
university,cold-working,43,21,0.4875
university,cold-working,44,21,0.425
university,cold-working,45,22,0.375
university,cold-working,46,22,0.3425
university,cold-working,47,23,0.3275
university,cold-working,48,23,0.315
logistics,01-working,1,0,0.6223
logistics,01-working,2,0,0.6027
logistics,01-working,3,1,0.5929
logistics,01-working,4,1,0.588
logistics,01-working,5,2,0.588
logistics,01-working,6,2,0.588
logistics,01-working,7,3,0.588
logistics,01-working,8,3,0.5929
logistics,01-working,9,4,0.6027
logistics,01-working,10,4,0.63945
logistics,01-working,11,5,0.70315
logistics,01-working,12,5,0.75215
logistics,01-working,13,6,0.78645
logistics,01-working,14,6,0.8183
logistics,01-working,15,7,0.8477
logistics,01-working,16,7,0.87955
logistics,01-working,17,8,0.91385
logistics,01-working,18,8,0.94325
logistics,01-working,19,9,0.96775
logistics,01-working,20,9,0.98
logistics,01-working,21,10,0.98
logistics,01-working,22,10,0.98
logistics,01-working,23,11,0.98
logistics,01-working,24,11,0.9751
logistics,01-working,25,12,0.9653
logistics,01-working,26,12,0.9653
logistics,01-working,27,13,0.9751
logistics,01-working,28,13,0.98
logistics,01-working,29,14,0.98
logistics,01-working,30,14,0.98
logistics,01-working,31,15,0.98
logistics,01-working,32,15,0.98
logistics,01-working,33,16,0.98
logistics,01-working,34,16,0.9751
logistics,01-working,35,17,0.9653
logistics,01-working,36,17,0.95305
logistics,01-working,37,18,0.93835
logistics,01-working,38,18,0.92365
logistics,01-working,39,19,0.90895
logistics,01-working,40,19,0.8967
logistics,01-working,41,20,0.8869
logistics,01-working,42,20,0.86975
logistics,01-working,43,21,0.84525
logistics,01-working,44,21,0.8085
logistics,01-working,45,22,0.7595
logistics,01-working,46,22,0.71785
logistics,01-working,47,23,0.68355
logistics,01-working,48,23,0.6517
logistics,01-nonworking,1,0,0.49784
logistics,01-nonworking,2,0,0.48216
logistics,01-nonworking,3,1,0.47432
logistics,01-nonworking,4,1,0.4704
logistics,01-nonworking,5,2,0.4704
logistics,01-nonworking,6,2,0.4704
logistics,01-nonworking,7,3,0.4704
logistics,01-nonworking,8,3,0.47432
logistics,01-nonworking,9,4,0.48216
logistics,01-nonworking,10,4,0.51156
logistics,01-nonworking,11,5,0.56252
logistics,01-nonworking,12,5,0.60172
logistics,01-nonworking,13,6,0.62916
logistics,01-nonworking,14,6,0.65464
logistics,01-nonworking,15,7,0.67816
logistics,01-nonworking,16,7,0.70364
logistics,01-nonworking,17,8,0.73108
logistics,01-nonworking,18,8,0.7546
logistics,01-nonworking,19,9,0.7742
logistics,01-nonworking,20,9,0.784
logistics,01-nonworking,21,10,0.784
logistics,01-nonworking,22,10,0.784
logistics,01-nonworking,23,11,0.784
logistics,01-nonworking,24,11,0.78008
logistics,01-nonworking,25,12,0.77224
logistics,01-nonworking,26,12,0.77224
logistics,01-nonworking,27,13,0.78008
logistics,01-nonworking,28,13,0.784
logistics,01-nonworking,29,14,0.784
logistics,01-nonworking,30,14,0.784
logistics,01-nonworking,31,15,0.784
logistics,01-nonworking,32,15,0.784
logistics,01-nonworking,33,16,0.784
logistics,01-nonworking,34,16,0.78008
logistics,01-nonworking,35,17,0.77224
logistics,01-nonworking,36,17,0.76244
logistics,01-nonworking,37,18,0.75068
logistics,01-nonworking,38,18,0.73892
logistics,01-nonworking,39,19,0.72716
logistics,01-nonworking,40,19,0.71736
logistics,01-nonworking,41,20,0.70952
logistics,01-nonworking,42,20,0.6958
logistics,01-nonworking,43,21,0.6762
logistics,01-nonworking,44,21,0.6468
logistics,01-nonworking,45,22,0.6076
logistics,01-nonworking,46,22,0.57428
logistics,01-nonworking,47,23,0.54684
logistics,01-nonworking,48,23,0.52136
logistics,01-shutdown,1,0,0.37338
logistics,01-shutdown,2,0,0.36162
logistics,01-shutdown,3,1,0.35574
logistics,01-shutdown,4,1,0.3528
logistics,01-shutdown,5,2,0.3528
logistics,01-shutdown,6,2,0.3528
logistics,01-shutdown,7,3,0.3528
logistics,01-shutdown,8,3,0.35574
logistics,01-shutdown,9,4,0.36162
logistics,01-shutdown,10,4,0.38367
logistics,01-shutdown,11,5,0.42189
logistics,01-shutdown,12,5,0.45129
logistics,01-shutdown,13,6,0.47187
logistics,01-shutdown,14,6,0.49098
logistics,01-shutdown,15,7,0.50862
logistics,01-shutdown,16,7,0.52773
logistics,01-shutdown,17,8,0.54831
logistics,01-shutdown,18,8,0.56595
logistics,01-shutdown,19,9,0.58065
logistics,01-shutdown,20,9,0.588
logistics,01-shutdown,21,10,0.588
logistics,01-shutdown,22,10,0.588
logistics,01-shutdown,23,11,0.588
logistics,01-shutdown,24,11,0.58506
logistics,01-shutdown,25,12,0.57918
logistics,01-shutdown,26,12,0.57918
logistics,01-shutdown,27,13,0.58506
logistics,01-shutdown,28,13,0.588
logistics,01-shutdown,29,14,0.588
logistics,01-shutdown,30,14,0.588
logistics,01-shutdown,31,15,0.588
logistics,01-shutdown,32,15,0.588
logistics,01-shutdown,33,16,0.588
logistics,01-shutdown,34,16,0.58506
logistics,01-shutdown,35,17,0.57918
logistics,01-shutdown,36,17,0.57183
logistics,01-shutdown,37,18,0.56301
logistics,01-shutdown,38,18,0.55419
logistics,01-shutdown,39,19,0.54537
logistics,01-shutdown,40,19,0.53802
logistics,01-shutdown,41,20,0.53214
logistics,01-shutdown,42,20,0.52185
logistics,01-shutdown,43,21,0.50715
logistics,01-shutdown,44,21,0.4851
logistics,01-shutdown,45,22,0.4557
logistics,01-shutdown,46,22,0.43071
logistics,01-shutdown,47,23,0.41013
logistics,01-shutdown,48,23,0.39102
logistics,02-working,1,0,0.61595
logistics,02-working,2,0,0.59655
logistics,02-working,3,1,0.58685
logistics,02-working,4,1,0.582
logistics,02-working,5,2,0.582
logistics,02-working,6,2,0.582
logistics,02-working,7,3,0.582
logistics,02-working,8,3,0.58685
logistics,02-working,9,4,0.59655
logistics,02-working,10,4,0.63292
logistics,02-working,11,5,0.69598
logistics,02-working,12,5,0.74447
logistics,02-working,13,6,0.77842
logistics,02-working,14,6,0.80995
logistics,02-working,15,7,0.83905
logistics,02-working,16,7,0.87057
logistics,02-working,17,8,0.90453
logistics,02-working,18,8,0.93362
logistics,02-working,19,9,0.95788
logistics,02-working,20,9,0.97
logistics,02-working,21,10,0.97
logistics,02-working,22,10,0.97
logistics,02-working,23,11,0.97
logistics,02-working,24,11,0.96515
logistics,02-working,25,12,0.95545
logistics,02-working,26,12,0.95545
logistics,02-working,27,13,0.96515
logistics,02-working,28,13,0.97
logistics,02-working,29,14,0.97
logistics,02-working,30,14,0.97
logistics,02-working,31,15,0.97
logistics,02-working,32,15,0.97
logistics,02-working,33,16,0.97
logistics,02-working,34,16,0.96515
logistics,02-working,35,17,0.95545
logistics,02-working,36,17,0.94332
logistics,02-working,37,18,0.92878
logistics,02-working,38,18,0.91422
logistics,02-working,39,19,0.89968
logistics,02-working,40,19,0.88755
logistics,02-working,41,20,0.87785
logistics,02-working,42,20,0.86087
logistics,02-working,43,21,0.83663
logistics,02-working,44,21,0.80025
logistics,02-working,45,22,0.75175
logistics,02-working,46,22,0.71053
logistics,02-working,47,23,0.67658
logistics,02-working,48,23,0.64505
logistics,02-nonworking,1,0,0.49276
logistics,02-nonworking,2,0,0.47724
logistics,02-nonworking,3,1,0.46948
logistics,02-nonworking,4,1,0.4656
logistics,02-nonworking,5,2,0.4656
logistics,02-nonworking,6,2,0.4656
logistics,02-nonworking,7,3,0.4656
logistics,02-nonworking,8,3,0.46948
logistics,02-nonworking,9,4,0.47724
logistics,02-nonworking,10,4,0.50634
logistics,02-nonworking,11,5,0.55678
logistics,02-nonworking,12,5,0.59558
logistics,02-nonworking,13,6,0.62274
logistics,02-nonworking,14,6,0.64796
logistics,02-nonworking,15,7,0.67124
logistics,02-nonworking,16,7,0.69646
logistics,02-nonworking,17,8,0.72362
logistics,02-nonworking,18,8,0.7469
logistics,02-nonworking,19,9,0.7663
logistics,02-nonworking,20,9,0.776
logistics,02-nonworking,21,10,0.776
logistics,02-nonworking,22,10,0.776
logistics,02-nonworking,23,11,0.776
logistics,02-nonworking,24,11,0.77212
logistics,02-nonworking,25,12,0.76436
logistics,02-nonworking,26,12,0.76436
logistics,02-nonworking,27,13,0.77212
logistics,02-nonworking,28,13,0.776
logistics,02-nonworking,29,14,0.776
logistics,02-nonworking,30,14,0.776
logistics,02-nonworking,31,15,0.776
logistics,02-nonworking,32,15,0.776
logistics,02-nonworking,33,16,0.776
logistics,02-nonworking,34,16,0.77212
logistics,02-nonworking,35,17,0.76436
logistics,02-nonworking,36,17,0.75466
logistics,02-nonworking,37,18,0.74302
logistics,02-nonworking,38,18,0.73138
logistics,02-nonworking,39,19,0.71974
logistics,02-nonworking,40,19,0.71004
logistics,02-nonworking,41,20,0.70228
logistics,02-nonworking,42,20,0.6887
logistics,02-nonworking,43,21,0.6693
logistics,02-nonworking,44,21,0.6402
logistics,02-nonworking,45,22,0.6014
logistics,02-nonworking,46,22,0.56842
logistics,02-nonworking,47,23,0.54126
logistics,02-nonworking,48,23,0.51604
logistics,02-shutdown,1,0,0.36957
logistics,02-shutdown,2,0,0.35793
logistics,02-shutdown,3,1,0.35211
logistics,02-shutdown,4,1,0.3492
logistics,02-shutdown,5,2,0.3492
logistics,02-shutdown,6,2,0.3492
logistics,02-shutdown,7,3,0.3492
logistics,02-shutdown,8,3,0.35211
logistics,02-shutdown,9,4,0.35793
logistics,02-shutdown,10,4,0.37975
logistics,02-shutdown,11,5,0.41758
logistics,02-shutdown,12,5,0.44668
logistics,02-shutdown,13,6,0.46705
logistics,02-shutdown,14,6,0.48597
logistics,02-shutdown,15,7,0.50343
logistics,02-shutdown,16,7,0.52234
logistics,02-shutdown,17,8,0.54271
logistics,02-shutdown,18,8,0.56017
logistics,02-shutdown,19,9,0.57473
logistics,02-shutdown,20,9,0.582
logistics,02-shutdown,21,10,0.582
logistics,02-shutdown,22,10,0.582
logistics,02-shutdown,23,11,0.582
logistics,02-shutdown,24,11,0.57909
logistics,02-shutdown,25,12,0.57327
logistics,02-shutdown,26,12,0.57327
logistics,02-shutdown,27,13,0.57909
logistics,02-shutdown,28,13,0.582
logistics,02-shutdown,29,14,0.582
logistics,02-shutdown,30,14,0.582
logistics,02-shutdown,31,15,0.582
logistics,02-shutdown,32,15,0.582
logistics,02-shutdown,33,16,0.582
logistics,02-shutdown,34,16,0.57909
logistics,02-shutdown,35,17,0.57327
logistics,02-shutdown,36,17,0.56599
logistics,02-shutdown,37,18,0.55727
logistics,02-shutdown,38,18,0.54853
logistics,02-shutdown,39,19,0.5398
logistics,02-shutdown,40,19,0.53253
logistics,02-shutdown,41,20,0.52671
logistics,02-shutdown,42,20,0.51653
logistics,02-shutdown,43,21,0.50197
logistics,02-shutdown,44,21,0.48015
logistics,02-shutdown,45,22,0.45105
logistics,02-shutdown,46,22,0.42631
logistics,02-shutdown,47,23,0.40594
logistics,02-shutdown,48,23,0.38703
logistics,03-working,1,0,0.6223
logistics,03-working,2,0,0.6027
logistics,03-working,3,1,0.5929
logistics,03-working,4,1,0.588
logistics,03-working,5,2,0.588
logistics,03-working,6,2,0.588
logistics,03-working,7,3,0.588
logistics,03-working,8,3,0.5929
logistics,03-working,9,4,0.6027
logistics,03-working,10,4,0.63945
logistics,03-working,11,5,0.70315
logistics,03-working,12,5,0.75215
logistics,03-working,13,6,0.78645
logistics,03-working,14,6,0.8183
logistics,03-working,15,7,0.8477
logistics,03-working,16,7,0.87955
logistics,03-working,17,8,0.91385
logistics,03-working,18,8,0.94325
logistics,03-working,19,9,0.96775
logistics,03-working,20,9,0.98
logistics,03-working,21,10,0.98
logistics,03-working,22,10,0.98
logistics,03-working,23,11,0.98
logistics,03-working,24,11,0.9751
logistics,03-working,25,12,0.9653
logistics,03-working,26,12,0.9653
logistics,03-working,27,13,0.9751
logistics,03-working,28,13,0.98
logistics,03-working,29,14,0.98
logistics,03-working,30,14,0.98
logistics,03-working,31,15,0.98
logistics,03-working,32,15,0.98
logistics,03-working,33,16,0.98
logistics,03-working,34,16,0.9751
logistics,03-working,35,17,0.9653
logistics,03-working,36,17,0.95305
logistics,03-working,37,18,0.93835
logistics,03-working,38,18,0.92365
logistics,03-working,39,19,0.90895
logistics,03-working,40,19,0.8967
logistics,03-working,41,20,0.8869
logistics,03-working,42,20,0.86975
logistics,03-working,43,21,0.84525
logistics,03-working,44,21,0.8085
logistics,03-working,45,22,0.7595
logistics,03-working,46,22,0.71785
logistics,03-working,47,23,0.68355
logistics,03-working,48,23,0.6517
logistics,03-nonworking,1,0,0.49784
logistics,03-nonworking,2,0,0.48216
logistics,03-nonworking,3,1,0.47432
logistics,03-nonworking,4,1,0.4704
logistics,03-nonworking,5,2,0.4704
logistics,03-nonworking,6,2,0.4704
logistics,03-nonworking,7,3,0.4704
logistics,03-nonworking,8,3,0.47432
logistics,03-nonworking,9,4,0.48216
logistics,03-nonworking,10,4,0.51156
logistics,03-nonworking,11,5,0.56252
logistics,03-nonworking,12,5,0.60172
logistics,03-nonworking,13,6,0.62916
logistics,03-nonworking,14,6,0.65464
logistics,03-nonworking,15,7,0.67816
logistics,03-nonworking,16,7,0.70364
logistics,03-nonworking,17,8,0.73108
logistics,03-nonworking,18,8,0.7546
logistics,03-nonworking,19,9,0.7742
logistics,03-nonworking,20,9,0.784
logistics,03-nonworking,21,10,0.784
logistics,03-nonworking,22,10,0.784
logistics,03-nonworking,23,11,0.784
logistics,03-nonworking,24,11,0.78008
logistics,03-nonworking,25,12,0.77224
logistics,03-nonworking,26,12,0.77224
logistics,03-nonworking,27,13,0.78008
logistics,03-nonworking,28,13,0.784
logistics,03-nonworking,29,14,0.784
logistics,03-nonworking,30,14,0.784
logistics,03-nonworking,31,15,0.784
logistics,03-nonworking,32,15,0.784
logistics,03-nonworking,33,16,0.784
logistics,03-nonworking,34,16,0.78008
logistics,03-nonworking,35,17,0.77224
logistics,03-nonworking,36,17,0.76244
logistics,03-nonworking,37,18,0.75068
logistics,03-nonworking,38,18,0.73892
logistics,03-nonworking,39,19,0.72716
logistics,03-nonworking,40,19,0.71736
logistics,03-nonworking,41,20,0.70952
logistics,03-nonworking,42,20,0.6958
logistics,03-nonworking,43,21,0.6762
logistics,03-nonworking,44,21,0.6468
logistics,03-nonworking,45,22,0.6076
logistics,03-nonworking,46,22,0.57428
logistics,03-nonworking,47,23,0.54684
logistics,03-nonworking,48,23,0.52136
logistics,03-shutdown,1,0,0.37338
logistics,03-shutdown,2,0,0.36162
logistics,03-shutdown,3,1,0.35574
logistics,03-shutdown,4,1,0.3528
logistics,03-shutdown,5,2,0.3528
logistics,03-shutdown,6,2,0.3528
logistics,03-shutdown,7,3,0.3528
logistics,03-shutdown,8,3,0.35574
logistics,03-shutdown,9,4,0.36162
logistics,03-shutdown,10,4,0.38367
logistics,03-shutdown,11,5,0.42189
logistics,03-shutdown,12,5,0.45129
logistics,03-shutdown,13,6,0.47187
logistics,03-shutdown,14,6,0.49098
logistics,03-shutdown,15,7,0.50862
logistics,03-shutdown,16,7,0.52773
logistics,03-shutdown,17,8,0.54831
logistics,03-shutdown,18,8,0.56595
logistics,03-shutdown,19,9,0.58065
logistics,03-shutdown,20,9,0.588
logistics,03-shutdown,21,10,0.588
logistics,03-shutdown,22,10,0.588
logistics,03-shutdown,23,11,0.588
logistics,03-shutdown,24,11,0.58506
logistics,03-shutdown,25,12,0.57918
logistics,03-shutdown,26,12,0.57918
logistics,03-shutdown,27,13,0.58506
logistics,03-shutdown,28,13,0.588
logistics,03-shutdown,29,14,0.588
logistics,03-shutdown,30,14,0.588
logistics,03-shutdown,31,15,0.588
logistics,03-shutdown,32,15,0.588
logistics,03-shutdown,33,16,0.588
logistics,03-shutdown,34,16,0.58506
logistics,03-shutdown,35,17,0.57918
logistics,03-shutdown,36,17,0.57183
logistics,03-shutdown,37,18,0.56301
logistics,03-shutdown,38,18,0.55419
logistics,03-shutdown,39,19,0.54537
logistics,03-shutdown,40,19,0.53802
logistics,03-shutdown,41,20,0.53214
logistics,03-shutdown,42,20,0.52185
logistics,03-shutdown,43,21,0.50715
logistics,03-shutdown,44,21,0.4851
logistics,03-shutdown,45,22,0.4557
logistics,03-shutdown,46,22,0.43071
logistics,03-shutdown,47,23,0.41013
logistics,03-shutdown,48,23,0.39102
logistics,04-working,1,0,0.6223
logistics,04-working,2,0,0.6027
logistics,04-working,3,1,0.5929
logistics,04-working,4,1,0.588
logistics,04-working,5,2,0.588
logistics,04-working,6,2,0.588
logistics,04-working,7,3,0.588
logistics,04-working,8,3,0.5929
logistics,04-working,9,4,0.6027
logistics,04-working,10,4,0.63945
logistics,04-working,11,5,0.70315
logistics,04-working,12,5,0.75215
logistics,04-working,13,6,0.78645
logistics,04-working,14,6,0.8183
logistics,04-working,15,7,0.8477
logistics,04-working,16,7,0.87955
logistics,04-working,17,8,0.91385
logistics,04-working,18,8,0.94325
logistics,04-working,19,9,0.96775
logistics,04-working,20,9,0.98
logistics,04-working,21,10,0.98
logistics,04-working,22,10,0.98
logistics,04-working,23,11,0.98
logistics,04-working,24,11,0.9751
logistics,04-working,25,12,0.9653
logistics,04-working,26,12,0.9653
logistics,04-working,27,13,0.9751
logistics,04-working,28,13,0.98
logistics,04-working,29,14,0.98
logistics,04-working,30,14,0.98
logistics,04-working,31,15,0.98
logistics,04-working,32,15,0.98
logistics,04-working,33,16,0.98
logistics,04-working,34,16,0.9751
logistics,04-working,35,17,0.9653
logistics,04-working,36,17,0.95305
logistics,04-working,37,18,0.93835
logistics,04-working,38,18,0.92365
logistics,04-working,39,19,0.90895
logistics,04-working,40,19,0.8967
logistics,04-working,41,20,0.8869
logistics,04-working,42,20,0.86975
logistics,04-working,43,21,0.84525
logistics,04-working,44,21,0.8085
logistics,04-working,45,22,0.7595
logistics,04-working,46,22,0.71785
logistics,04-working,47,23,0.68355
logistics,04-working,48,23,0.6517
logistics,04-nonworking,1,0,0.49784
logistics,04-nonworking,2,0,0.48216
logistics,04-nonworking,3,1,0.47432
logistics,04-nonworking,4,1,0.4704
logistics,04-nonworking,5,2,0.4704
logistics,04-nonworking,6,2,0.4704
logistics,04-nonworking,7,3,0.4704
logistics,04-nonworking,8,3,0.47432
logistics,04-nonworking,9,4,0.48216
logistics,04-nonworking,10,4,0.51156
logistics,04-nonworking,11,5,0.56252
logistics,04-nonworking,12,5,0.60172
logistics,04-nonworking,13,6,0.62916
logistics,04-nonworking,14,6,0.65464
logistics,04-nonworking,15,7,0.67816
logistics,04-nonworking,16,7,0.70364
logistics,04-nonworking,17,8,0.73108
logistics,04-nonworking,18,8,0.7546
logistics,04-nonworking,19,9,0.7742
logistics,04-nonworking,20,9,0.784
logistics,04-nonworking,21,10,0.784
logistics,04-nonworking,22,10,0.784
logistics,04-nonworking,23,11,0.784
logistics,04-nonworking,24,11,0.78008
logistics,04-nonworking,25,12,0.77224
logistics,04-nonworking,26,12,0.77224
logistics,04-nonworking,27,13,0.78008
logistics,04-nonworking,28,13,0.784
logistics,04-nonworking,29,14,0.784
logistics,04-nonworking,30,14,0.784
logistics,04-nonworking,31,15,0.784
logistics,04-nonworking,32,15,0.784
logistics,04-nonworking,33,16,0.784
logistics,04-nonworking,34,16,0.78008
logistics,04-nonworking,35,17,0.77224
logistics,04-nonworking,36,17,0.76244
logistics,04-nonworking,37,18,0.75068
logistics,04-nonworking,38,18,0.73892
logistics,04-nonworking,39,19,0.72716
logistics,04-nonworking,40,19,0.71736
logistics,04-nonworking,41,20,0.70952
logistics,04-nonworking,42,20,0.6958
logistics,04-nonworking,43,21,0.6762
logistics,04-nonworking,44,21,0.6468
logistics,04-nonworking,45,22,0.6076
logistics,04-nonworking,46,22,0.57428
logistics,04-nonworking,47,23,0.54684
logistics,04-nonworking,48,23,0.52136
logistics,04-shutdown,1,0,0.37338
logistics,04-shutdown,2,0,0.36162
logistics,04-shutdown,3,1,0.35574
logistics,04-shutdown,4,1,0.3528
logistics,04-shutdown,5,2,0.3528
logistics,04-shutdown,6,2,0.3528
logistics,04-shutdown,7,3,0.3528
logistics,04-shutdown,8,3,0.35574
logistics,04-shutdown,9,4,0.36162
logistics,04-shutdown,10,4,0.38367
logistics,04-shutdown,11,5,0.42189
logistics,04-shutdown,12,5,0.45129
logistics,04-shutdown,13,6,0.47187
logistics,04-shutdown,14,6,0.49098
logistics,04-shutdown,15,7,0.50862
logistics,04-shutdown,16,7,0.52773
logistics,04-shutdown,17,8,0.54831
logistics,04-shutdown,18,8,0.56595
logistics,04-shutdown,19,9,0.58065
logistics,04-shutdown,20,9,0.588
logistics,04-shutdown,21,10,0.588
logistics,04-shutdown,22,10,0.588
logistics,04-shutdown,23,11,0.588
logistics,04-shutdown,24,11,0.58506
logistics,04-shutdown,25,12,0.57918
logistics,04-shutdown,26,12,0.57918
logistics,04-shutdown,27,13,0.58506
logistics,04-shutdown,28,13,0.588
logistics,04-shutdown,29,14,0.588
logistics,04-shutdown,30,14,0.588
logistics,04-shutdown,31,15,0.588
logistics,04-shutdown,32,15,0.588
logistics,04-shutdown,33,16,0.588
logistics,04-shutdown,34,16,0.58506
logistics,04-shutdown,35,17,0.57918
logistics,04-shutdown,36,17,0.57183
logistics,04-shutdown,37,18,0.56301
logistics,04-shutdown,38,18,0.55419
logistics,04-shutdown,39,19,0.54537
logistics,04-shutdown,40,19,0.53802
logistics,04-shutdown,41,20,0.53214
logistics,04-shutdown,42,20,0.52185
logistics,04-shutdown,43,21,0.50715
logistics,04-shutdown,44,21,0.4851
logistics,04-shutdown,45,22,0.4557
logistics,04-shutdown,46,22,0.43071
logistics,04-shutdown,47,23,0.41013
logistics,04-shutdown,48,23,0.39102
logistics,05-working,1,0,0.6223
logistics,05-working,2,0,0.6027
logistics,05-working,3,1,0.5929
logistics,05-working,4,1,0.588
logistics,05-working,5,2,0.588
logistics,05-working,6,2,0.588
logistics,05-working,7,3,0.588
logistics,05-working,8,3,0.5929
logistics,05-working,9,4,0.6027
logistics,05-working,10,4,0.63945
logistics,05-working,11,5,0.70315
logistics,05-working,12,5,0.75215
logistics,05-working,13,6,0.78645
logistics,05-working,14,6,0.8183
logistics,05-working,15,7,0.8477
logistics,05-working,16,7,0.87955
logistics,05-working,17,8,0.91385
logistics,05-working,18,8,0.94325
logistics,05-working,19,9,0.96775
logistics,05-working,20,9,0.98
logistics,05-working,21,10,0.98
logistics,05-working,22,10,0.98
logistics,05-working,23,11,0.98
logistics,05-working,24,11,0.9751
logistics,05-working,25,12,0.9653
logistics,05-working,26,12,0.9653
logistics,05-working,27,13,0.9751
logistics,05-working,28,13,0.98
logistics,05-working,29,14,0.98
logistics,05-working,30,14,0.98
logistics,05-working,31,15,0.98
logistics,05-working,32,15,0.98
logistics,05-working,33,16,0.98
logistics,05-working,34,16,0.9751
logistics,05-working,35,17,0.9653
logistics,05-working,36,17,0.95305
logistics,05-working,37,18,0.93835
logistics,05-working,38,18,0.92365
logistics,05-working,39,19,0.90895
logistics,05-working,40,19,0.8967
logistics,05-working,41,20,0.8869
logistics,05-working,42,20,0.86975
logistics,05-working,43,21,0.84525
logistics,05-working,44,21,0.8085
logistics,05-working,45,22,0.7595
logistics,05-working,46,22,0.71785
logistics,05-working,47,23,0.68355
logistics,05-working,48,23,0.6517
logistics,05-nonworking,1,0,0.49784
logistics,05-nonworking,2,0,0.48216
logistics,05-nonworking,3,1,0.47432
logistics,05-nonworking,4,1,0.4704
logistics,05-nonworking,5,2,0.4704
logistics,05-nonworking,6,2,0.4704
logistics,05-nonworking,7,3,0.4704
logistics,05-nonworking,8,3,0.47432
logistics,05-nonworking,9,4,0.48216
logistics,05-nonworking,10,4,0.51156
logistics,05-nonworking,11,5,0.56252
logistics,05-nonworking,12,5,0.60172
logistics,05-nonworking,13,6,0.62916
logistics,05-nonworking,14,6,0.65464
logistics,05-nonworking,15,7,0.67816
logistics,05-nonworking,16,7,0.70364
logistics,05-nonworking,17,8,0.73108
logistics,05-nonworking,18,8,0.7546
logistics,05-nonworking,19,9,0.7742
logistics,05-nonworking,20,9,0.784
logistics,05-nonworking,21,10,0.784
logistics,05-nonworking,22,10,0.784
logistics,05-nonworking,23,11,0.784
logistics,05-nonworking,24,11,0.78008
logistics,05-nonworking,25,12,0.77224
logistics,05-nonworking,26,12,0.77224
logistics,05-nonworking,27,13,0.78008
logistics,05-nonworking,28,13,0.784
logistics,05-nonworking,29,14,0.784
logistics,05-nonworking,30,14,0.784
logistics,05-nonworking,31,15,0.784
logistics,05-nonworking,32,15,0.784
logistics,05-nonworking,33,16,0.784
logistics,05-nonworking,34,16,0.78008
logistics,05-nonworking,35,17,0.77224
logistics,05-nonworking,36,17,0.76244
logistics,05-nonworking,37,18,0.75068
logistics,05-nonworking,38,18,0.73892
logistics,05-nonworking,39,19,0.72716
logistics,05-nonworking,40,19,0.71736
logistics,05-nonworking,41,20,0.70952
logistics,05-nonworking,42,20,0.6958
logistics,05-nonworking,43,21,0.6762
logistics,05-nonworking,44,21,0.6468
logistics,05-nonworking,45,22,0.6076
logistics,05-nonworking,46,22,0.57428
logistics,05-nonworking,47,23,0.54684
logistics,05-nonworking,48,23,0.52136
logistics,05-shutdown,1,0,0.37338
logistics,05-shutdown,2,0,0.36162
logistics,05-shutdown,3,1,0.35574
logistics,05-shutdown,4,1,0.3528
logistics,05-shutdown,5,2,0.3528
logistics,05-shutdown,6,2,0.3528
logistics,05-shutdown,7,3,0.3528
logistics,05-shutdown,8,3,0.35574
logistics,05-shutdown,9,4,0.36162
logistics,05-shutdown,10,4,0.38367
logistics,05-shutdown,11,5,0.42189
logistics,05-shutdown,12,5,0.45129
logistics,05-shutdown,13,6,0.47187
logistics,05-shutdown,14,6,0.49098
logistics,05-shutdown,15,7,0.50862
logistics,05-shutdown,16,7,0.52773
logistics,05-shutdown,17,8,0.54831
logistics,05-shutdown,18,8,0.56595
logistics,05-shutdown,19,9,0.58065
logistics,05-shutdown,20,9,0.588
logistics,05-shutdown,21,10,0.588
logistics,05-shutdown,22,10,0.588
logistics,05-shutdown,23,11,0.588
logistics,05-shutdown,24,11,0.58506
logistics,05-shutdown,25,12,0.57918
logistics,05-shutdown,26,12,0.57918
logistics,05-shutdown,27,13,0.58506
logistics,05-shutdown,28,13,0.588
logistics,05-shutdown,29,14,0.588
logistics,05-shutdown,30,14,0.588
logistics,05-shutdown,31,15,0.588
logistics,05-shutdown,32,15,0.588
logistics,05-shutdown,33,16,0.588
logistics,05-shutdown,34,16,0.58506
logistics,05-shutdown,35,17,0.57918
logistics,05-shutdown,36,17,0.57183
logistics,05-shutdown,37,18,0.56301
logistics,05-shutdown,38,18,0.55419
logistics,05-shutdown,39,19,0.54537
logistics,05-shutdown,40,19,0.53802
logistics,05-shutdown,41,20,0.53214
logistics,05-shutdown,42,20,0.52185
logistics,05-shutdown,43,21,0.50715
logistics,05-shutdown,44,21,0.4851
logistics,05-shutdown,45,22,0.4557
logistics,05-shutdown,46,22,0.43071
logistics,05-shutdown,47,23,0.41013
logistics,05-shutdown,48,23,0.39102
logistics,06-working,1,0,0.6477
logistics,06-working,2,0,0.6273
logistics,06-working,3,1,0.6171
logistics,06-working,4,1,0.612
logistics,06-working,5,2,0.612
logistics,06-working,6,2,0.612
logistics,06-working,7,3,0.612
logistics,06-working,8,3,0.6171
logistics,06-working,9,4,0.6273
logistics,06-working,10,4,0.66555
logistics,06-working,11,5,0.73185
logistics,06-working,12,5,0.78285
logistics,06-working,13,6,0.81855
logistics,06-working,14,6,0.8517
logistics,06-working,15,7,0.8823
logistics,06-working,16,7,0.91545
logistics,06-working,17,8,0.95115
logistics,06-working,18,8,0.98175
logistics,06-working,19,9,1.00725
logistics,06-working,20,9,1.02
logistics,06-working,21,10,1.02
logistics,06-working,22,10,1.02
logistics,06-working,23,11,1.02
logistics,06-working,24,11,1.0149
logistics,06-working,25,12,1.0047
logistics,06-working,26,12,1.0047
logistics,06-working,27,13,1.0149
logistics,06-working,28,13,1.02
logistics,06-working,29,14,1.02
logistics,06-working,30,14,1.02
logistics,06-working,31,15,1.02
logistics,06-working,32,15,1.02
logistics,06-working,33,16,1.02
logistics,06-working,34,16,1.0149
logistics,06-working,35,17,1.0047
logistics,06-working,36,17,0.99195
logistics,06-working,37,18,0.97665
logistics,06-working,38,18,0.96135
logistics,06-working,39,19,0.94605
logistics,06-working,40,19,0.9333
logistics,06-working,41,20,0.9231
logistics,06-working,42,20,0.90525
logistics,06-working,43,21,0.87975
logistics,06-working,44,21,0.8415
logistics,06-working,45,22,0.7905
logistics,06-working,46,22,0.74715
logistics,06-working,47,23,0.71145
logistics,06-working,48,23,0.6783
logistics,06-nonworking,1,0,0.51816
logistics,06-nonworking,2,0,0.50184
logistics,06-nonworking,3,1,0.49368
logistics,06-nonworking,4,1,0.4896
logistics,06-nonworking,5,2,0.4896
logistics,06-nonworking,6,2,0.4896
logistics,06-nonworking,7,3,0.4896
logistics,06-nonworking,8,3,0.49368
logistics,06-nonworking,9,4,0.50184
logistics,06-nonworking,10,4,0.53244
logistics,06-nonworking,11,5,0.58548
logistics,06-nonworking,12,5,0.62628
logistics,06-nonworking,13,6,0.65484
logistics,06-nonworking,14,6,0.68136
logistics,06-nonworking,15,7,0.70584
logistics,06-nonworking,16,7,0.73236
logistics,06-nonworking,17,8,0.76092
logistics,06-nonworking,18,8,0.7854
logistics,06-nonworking,19,9,0.8058
logistics,06-nonworking,20,9,0.816
logistics,06-nonworking,21,10,0.816
logistics,06-nonworking,22,10,0.816
logistics,06-nonworking,23,11,0.816
logistics,06-nonworking,24,11,0.81192
logistics,06-nonworking,25,12,0.80376
logistics,06-nonworking,26,12,0.80376
logistics,06-nonworking,27,13,0.81192
logistics,06-nonworking,28,13,0.816
logistics,06-nonworking,29,14,0.816
logistics,06-nonworking,30,14,0.816
logistics,06-nonworking,31,15,0.816
logistics,06-nonworking,32,15,0.816
logistics,06-nonworking,33,16,0.816
logistics,06-nonworking,34,16,0.81192
logistics,06-nonworking,35,17,0.80376
logistics,06-nonworking,36,17,0.79356
logistics,06-nonworking,37,18,0.78132
logistics,06-nonworking,38,18,0.76908
logistics,06-nonworking,39,19,0.75684
logistics,06-nonworking,40,19,0.74664
logistics,06-nonworking,41,20,0.73848
logistics,06-nonworking,42,20,0.7242
logistics,06-nonworking,43,21,0.7038
logistics,06-nonworking,44,21,0.6732
logistics,06-nonworking,45,22,0.6324
logistics,06-nonworking,46,22,0.59772
logistics,06-nonworking,47,23,0.56916
logistics,06-nonworking,48,23,0.54264
logistics,06-shutdown,1,0,0.38862
logistics,06-shutdown,2,0,0.37638
logistics,06-shutdown,3,1,0.37026
logistics,06-shutdown,4,1,0.3672
logistics,06-shutdown,5,2,0.3672
logistics,06-shutdown,6,2,0.3672
logistics,06-shutdown,7,3,0.3672
logistics,06-shutdown,8,3,0.37026
logistics,06-shutdown,9,4,0.37638
logistics,06-shutdown,10,4,0.39933
logistics,06-shutdown,11,5,0.43911
logistics,06-shutdown,12,5,0.46971
logistics,06-shutdown,13,6,0.49113
logistics,06-shutdown,14,6,0.51102
logistics,06-shutdown,15,7,0.52938
logistics,06-shutdown,16,7,0.54927
logistics,06-shutdown,17,8,0.57069
logistics,06-shutdown,18,8,0.58905
logistics,06-shutdown,19,9,0.60435
logistics,06-shutdown,20,9,0.612
logistics,06-shutdown,21,10,0.612
logistics,06-shutdown,22,10,0.612
logistics,06-shutdown,23,11,0.612
logistics,06-shutdown,24,11,0.60894
logistics,06-shutdown,25,12,0.60282
logistics,06-shutdown,26,12,0.60282
logistics,06-shutdown,27,13,0.60894
logistics,06-shutdown,28,13,0.612
logistics,06-shutdown,29,14,0.612
logistics,06-shutdown,30,14,0.612
logistics,06-shutdown,31,15,0.612
logistics,06-shutdown,32,15,0.612
logistics,06-shutdown,33,16,0.612
logistics,06-shutdown,34,16,0.60894
logistics,06-shutdown,35,17,0.60282
logistics,06-shutdown,36,17,0.59517
logistics,06-shutdown,37,18,0.58599
logistics,06-shutdown,38,18,0.57681
logistics,06-shutdown,39,19,0.56763
logistics,06-shutdown,40,19,0.55998
logistics,06-shutdown,41,20,0.55386
logistics,06-shutdown,42,20,0.54315
logistics,06-shutdown,43,21,0.52785
logistics,06-shutdown,44,21,0.5049
logistics,06-shutdown,45,22,0.4743
logistics,06-shutdown,46,22,0.44829
logistics,06-shutdown,47,23,0.42687
logistics,06-shutdown,48,23,0.40698
logistics,07-working,1,0,0.67945
logistics,07-working,2,0,0.65805
logistics,07-working,3,1,0.64735
logistics,07-working,4,1,0.642
logistics,07-working,5,2,0.642
logistics,07-working,6,2,0.642
logistics,07-working,7,3,0.642
logistics,07-working,8,3,0.64735
logistics,07-working,9,4,0.65805
logistics,07-working,10,4,0.69817
logistics,07-working,11,5,0.76773
logistics,07-working,12,5,0.82122
logistics,07-working,13,6,0.85868
logistics,07-working,14,6,0.89345
logistics,07-working,15,7,0.92555
logistics,07-working,16,7,0.96032
logistics,07-working,17,8,0.99778
logistics,07-working,18,8,1.02987
logistics,07-working,19,9,1.05663
logistics,07-working,20,9,1.07
logistics,07-working,21,10,1.07
logistics,07-working,22,10,1.07
logistics,07-working,23,11,1.07
logistics,07-working,24,11,1.06465
logistics,07-working,25,12,1.05395
logistics,07-working,26,12,1.05395
logistics,07-working,27,13,1.06465
logistics,07-working,28,13,1.07
logistics,07-working,29,14,1.07
logistics,07-working,30,14,1.07
logistics,07-working,31,15,1.07
logistics,07-working,32,15,1.07
logistics,07-working,33,16,1.07
logistics,07-working,34,16,1.06465
logistics,07-working,35,17,1.05395
logistics,07-working,36,17,1.04058
logistics,07-working,37,18,1.02453
logistics,07-working,38,18,1.00848
logistics,07-working,39,19,0.99243
logistics,07-working,40,19,0.97905
logistics,07-working,41,20,0.96835
logistics,07-working,42,20,0.94963
logistics,07-working,43,21,0.92288
logistics,07-working,44,21,0.88275
logistics,07-working,45,22,0.82925
logistics,07-working,46,22,0.78378
logistics,07-working,47,23,0.74633
logistics,07-working,48,23,0.71155
logistics,07-nonworking,1,0,0.54356
logistics,07-nonworking,2,0,0.52644
logistics,07-nonworking,3,1,0.51788
logistics,07-nonworking,4,1,0.5136
logistics,07-nonworking,5,2,0.5136
logistics,07-nonworking,6,2,0.5136
logistics,07-nonworking,7,3,0.5136
logistics,07-nonworking,8,3,0.51788
logistics,07-nonworking,9,4,0.52644
logistics,07-nonworking,10,4,0.55854
logistics,07-nonworking,11,5,0.61418
logistics,07-nonworking,12,5,0.65698
logistics,07-nonworking,13,6,0.68694
logistics,07-nonworking,14,6,0.71476
logistics,07-nonworking,15,7,0.74044
logistics,07-nonworking,16,7,0.76826
logistics,07-nonworking,17,8,0.79822
logistics,07-nonworking,18,8,0.8239
logistics,07-nonworking,19,9,0.8453
logistics,07-nonworking,20,9,0.856
logistics,07-nonworking,21,10,0.856
logistics,07-nonworking,22,10,0.856
logistics,07-nonworking,23,11,0.856
logistics,07-nonworking,24,11,0.85172
logistics,07-nonworking,25,12,0.84316
logistics,07-nonworking,26,12,0.84316
logistics,07-nonworking,27,13,0.85172
logistics,07-nonworking,28,13,0.856
logistics,07-nonworking,29,14,0.856
logistics,07-nonworking,30,14,0.856
logistics,07-nonworking,31,15,0.856
logistics,07-nonworking,32,15,0.856
logistics,07-nonworking,33,16,0.856
logistics,07-nonworking,34,16,0.85172
logistics,07-nonworking,35,17,0.84316
logistics,07-nonworking,36,17,0.83246
logistics,07-nonworking,37,18,0.81962
logistics,07-nonworking,38,18,0.80678
logistics,07-nonworking,39,19,0.79394
logistics,07-nonworking,40,19,0.78324
logistics,07-nonworking,41,20,0.77468
logistics,07-nonworking,42,20,0.7597
logistics,07-nonworking,43,21,0.7383
logistics,07-nonworking,44,21,0.7062
logistics,07-nonworking,45,22,0.6634
logistics,07-nonworking,46,22,0.62702
logistics,07-nonworking,47,23,0.59706
logistics,07-nonworking,48,23,0.56924
logistics,07-shutdown,1,0,0.40767
logistics,07-shutdown,2,0,0.39483
logistics,07-shutdown,3,1,0.38841
logistics,07-shutdown,4,1,0.3852
logistics,07-shutdown,5,2,0.3852
logistics,07-shutdown,6,2,0.3852
logistics,07-shutdown,7,3,0.3852
logistics,07-shutdown,8,3,0.38841
logistics,07-shutdown,9,4,0.39483
logistics,07-shutdown,10,4,0.4189
logistics,07-shutdown,11,5,0.46064
logistics,07-shutdown,12,5,0.49273
logistics,07-shutdown,13,6,0.51521
logistics,07-shutdown,14,6,0.53607
logistics,07-shutdown,15,7,0.55533
logistics,07-shutdown,16,7,0.5762
logistics,07-shutdown,17,8,0.59867
logistics,07-shutdown,18,8,0.61792
logistics,07-shutdown,19,9,0.63398
logistics,07-shutdown,20,9,0.642
logistics,07-shutdown,21,10,0.642
logistics,07-shutdown,22,10,0.642
logistics,07-shutdown,23,11,0.642
logistics,07-shutdown,24,11,0.63879
logistics,07-shutdown,25,12,0.63237
logistics,07-shutdown,26,12,0.63237
logistics,07-shutdown,27,13,0.63879
logistics,07-shutdown,28,13,0.642
logistics,07-shutdown,29,14,0.642
logistics,07-shutdown,30,14,0.642
logistics,07-shutdown,31,15,0.642
logistics,07-shutdown,32,15,0.642
logistics,07-shutdown,33,16,0.642
logistics,07-shutdown,34,16,0.63879
logistics,07-shutdown,35,17,0.63237
logistics,07-shutdown,36,17,0.62434
logistics,07-shutdown,37,18,0.61472
logistics,07-shutdown,38,18,0.60508
logistics,07-shutdown,39,19,0.59546
logistics,07-shutdown,40,19,0.58743
logistics,07-shutdown,41,20,0.58101
logistics,07-shutdown,42,20,0.56978
logistics,07-shutdown,43,21,0.55373
logistics,07-shutdown,44,21,0.52965
logistics,07-shutdown,45,22,0.49755
logistics,07-shutdown,46,22,0.47027
logistics,07-shutdown,47,23,0.44779
logistics,07-shutdown,48,23,0.42693
logistics,08-working,1,0,0.6858
logistics,08-working,2,0,0.6642
logistics,08-working,3,1,0.6534
logistics,08-working,4,1,0.648
logistics,08-working,5,2,0.648
logistics,08-working,6,2,0.648
logistics,08-working,7,3,0.648
logistics,08-working,8,3,0.6534
logistics,08-working,9,4,0.6642
logistics,08-working,10,4,0.7047
logistics,08-working,11,5,0.7749
logistics,08-working,12,5,0.8289
logistics,08-working,13,6,0.8667
logistics,08-working,14,6,0.9018
logistics,08-working,15,7,0.9342
logistics,08-working,16,7,0.9693
logistics,08-working,17,8,1.0071
logistics,08-working,18,8,1.0395
logistics,08-working,19,9,1.0665
logistics,08-working,20,9,1.08
logistics,08-working,21,10,1.08
logistics,08-working,22,10,1.08
logistics,08-working,23,11,1.08
logistics,08-working,24,11,1.0746
logistics,08-working,25,12,1.0638
logistics,08-working,26,12,1.0638
logistics,08-working,27,13,1.0746
logistics,08-working,28,13,1.08
logistics,08-working,29,14,1.08
logistics,08-working,30,14,1.08
logistics,08-working,31,15,1.08
logistics,08-working,32,15,1.08
logistics,08-working,33,16,1.08
logistics,08-working,34,16,1.0746
logistics,08-working,35,17,1.0638
logistics,08-working,36,17,1.0503
logistics,08-working,37,18,1.0341
logistics,08-working,38,18,1.0179
logistics,08-working,39,19,1.0017
logistics,08-working,40,19,0.9882
logistics,08-working,41,20,0.9774
logistics,08-working,42,20,0.9585
logistics,08-working,43,21,0.9315
logistics,08-working,44,21,0.891
logistics,08-working,45,22,0.837
logistics,08-working,46,22,0.7911
logistics,08-working,47,23,0.7533
logistics,08-working,48,23,0.7182
logistics,08-nonworking,1,0,0.54864
logistics,08-nonworking,2,0,0.53136
logistics,08-nonworking,3,1,0.52272
logistics,08-nonworking,4,1,0.5184
logistics,08-nonworking,5,2,0.5184
logistics,08-nonworking,6,2,0.5184
logistics,08-nonworking,7,3,0.5184
logistics,08-nonworking,8,3,0.52272
logistics,08-nonworking,9,4,0.53136
logistics,08-nonworking,10,4,0.56376
logistics,08-nonworking,11,5,0.61992
logistics,08-nonworking,12,5,0.66312
logistics,08-nonworking,13,6,0.69336
logistics,08-nonworking,14,6,0.72144
logistics,08-nonworking,15,7,0.74736
logistics,08-nonworking,16,7,0.77544
logistics,08-nonworking,17,8,0.80568
logistics,08-nonworking,18,8,0.8316
logistics,08-nonworking,19,9,0.8532
logistics,08-nonworking,20,9,0.864
logistics,08-nonworking,21,10,0.864
logistics,08-nonworking,22,10,0.864
logistics,08-nonworking,23,11,0.864
logistics,08-nonworking,24,11,0.85968
logistics,08-nonworking,25,12,0.85104
logistics,08-nonworking,26,12,0.85104
logistics,08-nonworking,27,13,0.85968
logistics,08-nonworking,28,13,0.864
logistics,08-nonworking,29,14,0.864
logistics,08-nonworking,30,14,0.864
logistics,08-nonworking,31,15,0.864
logistics,08-nonworking,32,15,0.864
logistics,08-nonworking,33,16,0.864
logistics,08-nonworking,34,16,0.85968
logistics,08-nonworking,35,17,0.85104
logistics,08-nonworking,36,17,0.84024
logistics,08-nonworking,37,18,0.82728
logistics,08-nonworking,38,18,0.81432
logistics,08-nonworking,39,19,0.80136
logistics,08-nonworking,40,19,0.79056
logistics,08-nonworking,41,20,0.78192
logistics,08-nonworking,42,20,0.7668
logistics,08-nonworking,43,21,0.7452
logistics,08-nonworking,44,21,0.7128
logistics,08-nonworking,45,22,0.6696
logistics,08-nonworking,46,22,0.63288
logistics,08-nonworking,47,23,0.60264
logistics,08-nonworking,48,23,0.57456
logistics,08-shutdown,1,0,0.41148
logistics,08-shutdown,2,0,0.39852
logistics,08-shutdown,3,1,0.39204
logistics,08-shutdown,4,1,0.3888
logistics,08-shutdown,5,2,0.3888
logistics,08-shutdown,6,2,0.3888
logistics,08-shutdown,7,3,0.3888
logistics,08-shutdown,8,3,0.39204
logistics,08-shutdown,9,4,0.39852
logistics,08-shutdown,10,4,0.42282
logistics,08-shutdown,11,5,0.46494
logistics,08-shutdown,12,5,0.49734
logistics,08-shutdown,13,6,0.52002
logistics,08-shutdown,14,6,0.54108
logistics,08-shutdown,15,7,0.56052
logistics,08-shutdown,16,7,0.58158
logistics,08-shutdown,17,8,0.60426
logistics,08-shutdown,18,8,0.6237
logistics,08-shutdown,19,9,0.6399
logistics,08-shutdown,20,9,0.648
logistics,08-shutdown,21,10,0.648
logistics,08-shutdown,22,10,0.648
logistics,08-shutdown,23,11,0.648
logistics,08-shutdown,24,11,0.64476
logistics,08-shutdown,25,12,0.63828
logistics,08-shutdown,26,12,0.63828
logistics,08-shutdown,27,13,0.64476
logistics,08-shutdown,28,13,0.648
logistics,08-shutdown,29,14,0.648
logistics,08-shutdown,30,14,0.648
logistics,08-shutdown,31,15,0.648
logistics,08-shutdown,32,15,0.648
logistics,08-shutdown,33,16,0.648
logistics,08-shutdown,34,16,0.64476
logistics,08-shutdown,35,17,0.63828
logistics,08-shutdown,36,17,0.63018
logistics,08-shutdown,37,18,0.62046
logistics,08-shutdown,38,18,0.61074
logistics,08-shutdown,39,19,0.60102
logistics,08-shutdown,40,19,0.59292
logistics,08-shutdown,41,20,0.58644
logistics,08-shutdown,42,20,0.5751
logistics,08-shutdown,43,21,0.5589
logistics,08-shutdown,44,21,0.5346
logistics,08-shutdown,45,22,0.5022
logistics,08-shutdown,46,22,0.47466
logistics,08-shutdown,47,23,0.45198
logistics,08-shutdown,48,23,0.43092
logistics,09-working,1,0,0.6604
logistics,09-working,2,0,0.6396
logistics,09-working,3,1,0.6292
logistics,09-working,4,1,0.624
logistics,09-working,5,2,0.624
logistics,09-working,6,2,0.624
logistics,09-working,7,3,0.624
logistics,09-working,8,3,0.6292
logistics,09-working,9,4,0.6396
logistics,09-working,10,4,0.6786
logistics,09-working,11,5,0.7462
logistics,09-working,12,5,0.7982
logistics,09-working,13,6,0.8346
logistics,09-working,14,6,0.8684
logistics,09-working,15,7,0.8996
logistics,09-working,16,7,0.9334
logistics,09-working,17,8,0.9698
logistics,09-working,18,8,1.001
logistics,09-working,19,9,1.027
logistics,09-working,20,9,1.04
logistics,09-working,21,10,1.04
logistics,09-working,22,10,1.04
logistics,09-working,23,11,1.04
logistics,09-working,24,11,1.0348
logistics,09-working,25,12,1.0244
logistics,09-working,26,12,1.0244
logistics,09-working,27,13,1.0348
logistics,09-working,28,13,1.04
logistics,09-working,29,14,1.04
logistics,09-working,30,14,1.04
logistics,09-working,31,15,1.04
logistics,09-working,32,15,1.04
logistics,09-working,33,16,1.04
logistics,09-working,34,16,1.0348
logistics,09-working,35,17,1.0244
logistics,09-working,36,17,1.0114
logistics,09-working,37,18,0.9958
logistics,09-working,38,18,0.9802
logistics,09-working,39,19,0.9646
logistics,09-working,40,19,0.9516
logistics,09-working,41,20,0.9412
logistics,09-working,42,20,0.923
logistics,09-working,43,21,0.897
logistics,09-working,44,21,0.858
logistics,09-working,45,22,0.806
logistics,09-working,46,22,0.7618
logistics,09-working,47,23,0.7254
logistics,09-working,48,23,0.6916
logistics,09-nonworking,1,0,0.52832
logistics,09-nonworking,2,0,0.51168
logistics,09-nonworking,3,1,0.50336
logistics,09-nonworking,4,1,0.4992
logistics,09-nonworking,5,2,0.4992
logistics,09-nonworking,6,2,0.4992
logistics,09-nonworking,7,3,0.4992
logistics,09-nonworking,8,3,0.50336
logistics,09-nonworking,9,4,0.51168
logistics,09-nonworking,10,4,0.54288
logistics,09-nonworking,11,5,0.59696
logistics,09-nonworking,12,5,0.63856
logistics,09-nonworking,13,6,0.66768
logistics,09-nonworking,14,6,0.69472
logistics,09-nonworking,15,7,0.71968
logistics,09-nonworking,16,7,0.74672
logistics,09-nonworking,17,8,0.77584
logistics,09-nonworking,18,8,0.8008
logistics,09-nonworking,19,9,0.8216
logistics,09-nonworking,20,9,0.832
logistics,09-nonworking,21,10,0.832
logistics,09-nonworking,22,10,0.832
logistics,09-nonworking,23,11,0.832
logistics,09-nonworking,24,11,0.82784
logistics,09-nonworking,25,12,0.81952
logistics,09-nonworking,26,12,0.81952
logistics,09-nonworking,27,13,0.82784
logistics,09-nonworking,28,13,0.832
logistics,09-nonworking,29,14,0.832
logistics,09-nonworking,30,14,0.832
logistics,09-nonworking,31,15,0.832
logistics,09-nonworking,32,15,0.832
logistics,09-nonworking,33,16,0.832
logistics,09-nonworking,34,16,0.82784
logistics,09-nonworking,35,17,0.81952
logistics,09-nonworking,36,17,0.80912
logistics,09-nonworking,37,18,0.79664
logistics,09-nonworking,38,18,0.78416
logistics,09-nonworking,39,19,0.77168
logistics,09-nonworking,40,19,0.76128
logistics,09-nonworking,41,20,0.75296
logistics,09-nonworking,42,20,0.7384
logistics,09-nonworking,43,21,0.7176
logistics,09-nonworking,44,21,0.6864
logistics,09-nonworking,45,22,0.6448
logistics,09-nonworking,46,22,0.60944
logistics,09-nonworking,47,23,0.58032
logistics,09-nonworking,48,23,0.55328
logistics,09-shutdown,1,0,0.39624
logistics,09-shutdown,2,0,0.38376
logistics,09-shutdown,3,1,0.37752
logistics,09-shutdown,4,1,0.3744
logistics,09-shutdown,5,2,0.3744
logistics,09-shutdown,6,2,0.3744
logistics,09-shutdown,7,3,0.3744
logistics,09-shutdown,8,3,0.37752
logistics,09-shutdown,9,4,0.38376
logistics,09-shutdown,10,4,0.40716
logistics,09-shutdown,11,5,0.44772
logistics,09-shutdown,12,5,0.47892
logistics,09-shutdown,13,6,0.50076
logistics,09-shutdown,14,6,0.52104
logistics,09-shutdown,15,7,0.53976
logistics,09-shutdown,16,7,0.56004
logistics,09-shutdown,17,8,0.58188
logistics,09-shutdown,18,8,0.6006
logistics,09-shutdown,19,9,0.6162
logistics,09-shutdown,20,9,0.624
logistics,09-shutdown,21,10,0.624
logistics,09-shutdown,22,10,0.624
logistics,09-shutdown,23,11,0.624
logistics,09-shutdown,24,11,0.62088
logistics,09-shutdown,25,12,0.61464
logistics,09-shutdown,26,12,0.61464
logistics,09-shutdown,27,13,0.62088
logistics,09-shutdown,28,13,0.624
logistics,09-shutdown,29,14,0.624
logistics,09-shutdown,30,14,0.624
logistics,09-shutdown,31,15,0.624
logistics,09-shutdown,32,15,0.624
logistics,09-shutdown,33,16,0.624
logistics,09-shutdown,34,16,0.62088
logistics,09-shutdown,35,17,0.61464
logistics,09-shutdown,36,17,0.60684
logistics,09-shutdown,37,18,0.59748
logistics,09-shutdown,38,18,0.58812
logistics,09-shutdown,39,19,0.57876
logistics,09-shutdown,40,19,0.57096
logistics,09-shutdown,41,20,0.56472
logistics,09-shutdown,42,20,0.5538
logistics,09-shutdown,43,21,0.5382
logistics,09-shutdown,44,21,0.5148
logistics,09-shutdown,45,22,0.4836
logistics,09-shutdown,46,22,0.45708
logistics,09-shutdown,47,23,0.43524
logistics,09-shutdown,48,23,0.41496
logistics,10-working,1,0,0.635
logistics,10-working,2,0,0.615
logistics,10-working,3,1,0.605
logistics,10-working,4,1,0.6
logistics,10-working,5,2,0.6
logistics,10-working,6,2,0.6
logistics,10-working,7,3,0.6
logistics,10-working,8,3,0.605
logistics,10-working,9,4,0.615
logistics,10-working,10,4,0.6525
logistics,10-working,11,5,0.7175
logistics,10-working,12,5,0.7675
logistics,10-working,13,6,0.8025
logistics,10-working,14,6,0.835
logistics,10-working,15,7,0.865
logistics,10-working,16,7,0.8975
logistics,10-working,17,8,0.9325
logistics,10-working,18,8,0.9625
logistics,10-working,19,9,0.9875
logistics,10-working,20,9,1
logistics,10-working,21,10,1
logistics,10-working,22,10,1
logistics,10-working,23,11,1
logistics,10-working,24,11,0.995
logistics,10-working,25,12,0.985
logistics,10-working,26,12,0.985
logistics,10-working,27,13,0.995
logistics,10-working,28,13,1
logistics,10-working,29,14,1
logistics,10-working,30,14,1
logistics,10-working,31,15,1
logistics,10-working,32,15,1
logistics,10-working,33,16,1
logistics,10-working,34,16,0.995
logistics,10-working,35,17,0.985
logistics,10-working,36,17,0.9725
logistics,10-working,37,18,0.9575
logistics,10-working,38,18,0.9425
logistics,10-working,39,19,0.9275
logistics,10-working,40,19,0.915
logistics,10-working,41,20,0.905
logistics,10-working,42,20,0.8875
logistics,10-working,43,21,0.8625
logistics,10-working,44,21,0.825
logistics,10-working,45,22,0.775
logistics,10-working,46,22,0.7325
logistics,10-working,47,23,0.6975
logistics,10-working,48,23,0.665
logistics,10-nonworking,1,0,0.508
logistics,10-nonworking,2,0,0.492
logistics,10-nonworking,3,1,0.484
logistics,10-nonworking,4,1,0.48
logistics,10-nonworking,5,2,0.48
logistics,10-nonworking,6,2,0.48
logistics,10-nonworking,7,3,0.48
logistics,10-nonworking,8,3,0.484
logistics,10-nonworking,9,4,0.492
logistics,10-nonworking,10,4,0.522
logistics,10-nonworking,11,5,0.574
logistics,10-nonworking,12,5,0.614
logistics,10-nonworking,13,6,0.642
logistics,10-nonworking,14,6,0.668
logistics,10-nonworking,15,7,0.692
logistics,10-nonworking,16,7,0.718
logistics,10-nonworking,17,8,0.746
logistics,10-nonworking,18,8,0.77
logistics,10-nonworking,19,9,0.79
logistics,10-nonworking,20,9,0.8
logistics,10-nonworking,21,10,0.8
logistics,10-nonworking,22,10,0.8
logistics,10-nonworking,23,11,0.8
logistics,10-nonworking,24,11,0.796
logistics,10-nonworking,25,12,0.788
logistics,10-nonworking,26,12,0.788
logistics,10-nonworking,27,13,0.796
logistics,10-nonworking,28,13,0.8
logistics,10-nonworking,29,14,0.8
logistics,10-nonworking,30,14,0.8
logistics,10-nonworking,31,15,0.8
logistics,10-nonworking,32,15,0.8
logistics,10-nonworking,33,16,0.8
logistics,10-nonworking,34,16,0.796
logistics,10-nonworking,35,17,0.788
logistics,10-nonworking,36,17,0.778
logistics,10-nonworking,37,18,0.766
logistics,10-nonworking,38,18,0.754
logistics,10-nonworking,39,19,0.742
logistics,10-nonworking,40,19,0.732
logistics,10-nonworking,41,20,0.724
logistics,10-nonworking,42,20,0.71
logistics,10-nonworking,43,21,0.69
logistics,10-nonworking,44,21,0.66
logistics,10-nonworking,45,22,0.62
logistics,10-nonworking,46,22,0.586
logistics,10-nonworking,47,23,0.558
logistics,10-nonworking,48,23,0.532
logistics,10-shutdown,1,0,0.381
logistics,10-shutdown,2,0,0.369
logistics,10-shutdown,3,1,0.363
logistics,10-shutdown,4,1,0.36
logistics,10-shutdown,5,2,0.36
logistics,10-shutdown,6,2,0.36
logistics,10-shutdown,7,3,0.36
logistics,10-shutdown,8,3,0.363
logistics,10-shutdown,9,4,0.369
logistics,10-shutdown,10,4,0.3915
logistics,10-shutdown,11,5,0.4305
logistics,10-shutdown,12,5,0.4605
logistics,10-shutdown,13,6,0.4815
logistics,10-shutdown,14,6,0.501
logistics,10-shutdown,15,7,0.519
logistics,10-shutdown,16,7,0.5385
logistics,10-shutdown,17,8,0.5595
logistics,10-shutdown,18,8,0.5775
logistics,10-shutdown,19,9,0.5925
logistics,10-shutdown,20,9,0.6
logistics,10-shutdown,21,10,0.6
logistics,10-shutdown,22,10,0.6
logistics,10-shutdown,23,11,0.6
logistics,10-shutdown,24,11,0.597
logistics,10-shutdown,25,12,0.591
logistics,10-shutdown,26,12,0.591
logistics,10-shutdown,27,13,0.597
logistics,10-shutdown,28,13,0.6
logistics,10-shutdown,29,14,0.6
logistics,10-shutdown,30,14,0.6
logistics,10-shutdown,31,15,0.6
logistics,10-shutdown,32,15,0.6
logistics,10-shutdown,33,16,0.6
logistics,10-shutdown,34,16,0.597
logistics,10-shutdown,35,17,0.591
logistics,10-shutdown,36,17,0.5835
logistics,10-shutdown,37,18,0.5745
logistics,10-shutdown,38,18,0.5655
logistics,10-shutdown,39,19,0.5565
logistics,10-shutdown,40,19,0.549
logistics,10-shutdown,41,20,0.543
logistics,10-shutdown,42,20,0.5325
logistics,10-shutdown,43,21,0.5175
logistics,10-shutdown,44,21,0.495
logistics,10-shutdown,45,22,0.465
logistics,10-shutdown,46,22,0.4395
logistics,10-shutdown,47,23,0.4185
logistics,10-shutdown,48,23,0.399
logistics,11-working,1,0,0.6477
logistics,11-working,2,0,0.6273
logistics,11-working,3,1,0.6171
logistics,11-working,4,1,0.612
logistics,11-working,5,2,0.612
logistics,11-working,6,2,0.612
logistics,11-working,7,3,0.612
logistics,11-working,8,3,0.6171
logistics,11-working,9,4,0.6273
logistics,11-working,10,4,0.66555
logistics,11-working,11,5,0.73185
logistics,11-working,12,5,0.78285
logistics,11-working,13,6,0.81855
logistics,11-working,14,6,0.8517
logistics,11-working,15,7,0.8823
logistics,11-working,16,7,0.91545
logistics,11-working,17,8,0.95115
logistics,11-working,18,8,0.98175
logistics,11-working,19,9,1.00725
logistics,11-working,20,9,1.02
logistics,11-working,21,10,1.02
logistics,11-working,22,10,1.02
logistics,11-working,23,11,1.02
logistics,11-working,24,11,1.0149
logistics,11-working,25,12,1.0047
logistics,11-working,26,12,1.0047
logistics,11-working,27,13,1.0149
logistics,11-working,28,13,1.02
logistics,11-working,29,14,1.02
logistics,11-working,30,14,1.02
logistics,11-working,31,15,1.02
logistics,11-working,32,15,1.02
logistics,11-working,33,16,1.02
logistics,11-working,34,16,1.0149
logistics,11-working,35,17,1.0047
logistics,11-working,36,17,0.99195
logistics,11-working,37,18,0.97665
logistics,11-working,38,18,0.96135
logistics,11-working,39,19,0.94605
logistics,11-working,40,19,0.9333
logistics,11-working,41,20,0.9231
logistics,11-working,42,20,0.90525
logistics,11-working,43,21,0.87975
logistics,11-working,44,21,0.8415
logistics,11-working,45,22,0.7905
logistics,11-working,46,22,0.74715
logistics,11-working,47,23,0.71145
logistics,11-working,48,23,0.6783
logistics,11-nonworking,1,0,0.51816
logistics,11-nonworking,2,0,0.50184
logistics,11-nonworking,3,1,0.49368
logistics,11-nonworking,4,1,0.4896
logistics,11-nonworking,5,2,0.4896
logistics,11-nonworking,6,2,0.4896
logistics,11-nonworking,7,3,0.4896
logistics,11-nonworking,8,3,0.49368
logistics,11-nonworking,9,4,0.50184
logistics,11-nonworking,10,4,0.53244
logistics,11-nonworking,11,5,0.58548
logistics,11-nonworking,12,5,0.62628
logistics,11-nonworking,13,6,0.65484
logistics,11-nonworking,14,6,0.68136
logistics,11-nonworking,15,7,0.70584
logistics,11-nonworking,16,7,0.73236
logistics,11-nonworking,17,8,0.76092
logistics,11-nonworking,18,8,0.7854
logistics,11-nonworking,19,9,0.8058
logistics,11-nonworking,20,9,0.816
logistics,11-nonworking,21,10,0.816
logistics,11-nonworking,22,10,0.816
logistics,11-nonworking,23,11,0.816
logistics,11-nonworking,24,11,0.81192
logistics,11-nonworking,25,12,0.80376
logistics,11-nonworking,26,12,0.80376
logistics,11-nonworking,27,13,0.81192
logistics,11-nonworking,28,13,0.816
logistics,11-nonworking,29,14,0.816
logistics,11-nonworking,30,14,0.816
logistics,11-nonworking,31,15,0.816
logistics,11-nonworking,32,15,0.816
logistics,11-nonworking,33,16,0.816
logistics,11-nonworking,34,16,0.81192
logistics,11-nonworking,35,17,0.80376
logistics,11-nonworking,36,17,0.79356
logistics,11-nonworking,37,18,0.78132
logistics,11-nonworking,38,18,0.76908
logistics,11-nonworking,39,19,0.75684
logistics,11-nonworking,40,19,0.74664
logistics,11-nonworking,41,20,0.73848
logistics,11-nonworking,42,20,0.7242
logistics,11-nonworking,43,21,0.7038
logistics,11-nonworking,44,21,0.6732
logistics,11-nonworking,45,22,0.6324
logistics,11-nonworking,46,22,0.59772
logistics,11-nonworking,47,23,0.56916
logistics,11-nonworking,48,23,0.54264
logistics,11-shutdown,1,0,0.38862
logistics,11-shutdown,2,0,0.37638
logistics,11-shutdown,3,1,0.37026
logistics,11-shutdown,4,1,0.3672
logistics,11-shutdown,5,2,0.3672
logistics,11-shutdown,6,2,0.3672
logistics,11-shutdown,7,3,0.3672
logistics,11-shutdown,8,3,0.37026
logistics,11-shutdown,9,4,0.37638
logistics,11-shutdown,10,4,0.39933
logistics,11-shutdown,11,5,0.43911
logistics,11-shutdown,12,5,0.46971
logistics,11-shutdown,13,6,0.49113
logistics,11-shutdown,14,6,0.51102
logistics,11-shutdown,15,7,0.52938
logistics,11-shutdown,16,7,0.54927
logistics,11-shutdown,17,8,0.57069
logistics,11-shutdown,18,8,0.58905
logistics,11-shutdown,19,9,0.60435
logistics,11-shutdown,20,9,0.612
logistics,11-shutdown,21,10,0.612
logistics,11-shutdown,22,10,0.612
logistics,11-shutdown,23,11,0.612
logistics,11-shutdown,24,11,0.60894
logistics,11-shutdown,25,12,0.60282
logistics,11-shutdown,26,12,0.60282
logistics,11-shutdown,27,13,0.60894
logistics,11-shutdown,28,13,0.612
logistics,11-shutdown,29,14,0.612
logistics,11-shutdown,30,14,0.612
logistics,11-shutdown,31,15,0.612
logistics,11-shutdown,32,15,0.612
logistics,11-shutdown,33,16,0.612
logistics,11-shutdown,34,16,0.60894
logistics,11-shutdown,35,17,0.60282
logistics,11-shutdown,36,17,0.59517
logistics,11-shutdown,37,18,0.58599
logistics,11-shutdown,38,18,0.57681
logistics,11-shutdown,39,19,0.56763
logistics,11-shutdown,40,19,0.55998
logistics,11-shutdown,41,20,0.55386
logistics,11-shutdown,42,20,0.54315
logistics,11-shutdown,43,21,0.52785
logistics,11-shutdown,44,21,0.5049
logistics,11-shutdown,45,22,0.4743
logistics,11-shutdown,46,22,0.44829
logistics,11-shutdown,47,23,0.42687
logistics,11-shutdown,48,23,0.40698
logistics,12-working,1,0,0.6985
logistics,12-working,2,0,0.6765
logistics,12-working,3,1,0.6655
logistics,12-working,4,1,0.66
logistics,12-working,5,2,0.66
logistics,12-working,6,2,0.66
logistics,12-working,7,3,0.66
logistics,12-working,8,3,0.6655
logistics,12-working,9,4,0.6765
logistics,12-working,10,4,0.71775
logistics,12-working,11,5,0.78925
logistics,12-working,12,5,0.84425
logistics,12-working,13,6,0.88275
logistics,12-working,14,6,0.9185
logistics,12-working,15,7,0.9515
logistics,12-working,16,7,0.98725
logistics,12-working,17,8,1.02575
logistics,12-working,18,8,1.05875
logistics,12-working,19,9,1.08625
logistics,12-working,20,9,1.1
logistics,12-working,21,10,1.1
logistics,12-working,22,10,1.1
logistics,12-working,23,11,1.1
logistics,12-working,24,11,1.0945
logistics,12-working,25,12,1.0835
logistics,12-working,26,12,1.0835
logistics,12-working,27,13,1.0945
logistics,12-working,28,13,1.1
logistics,12-working,29,14,1.1
logistics,12-working,30,14,1.1
logistics,12-working,31,15,1.1
logistics,12-working,32,15,1.1
logistics,12-working,33,16,1.1
logistics,12-working,34,16,1.0945
logistics,12-working,35,17,1.0835
logistics,12-working,36,17,1.06975
logistics,12-working,37,18,1.05325
logistics,12-working,38,18,1.03675
logistics,12-working,39,19,1.02025
logistics,12-working,40,19,1.0065
logistics,12-working,41,20,0.9955
logistics,12-working,42,20,0.97625
logistics,12-working,43,21,0.94875
logistics,12-working,44,21,0.9075
logistics,12-working,45,22,0.8525
logistics,12-working,46,22,0.80575
logistics,12-working,47,23,0.76725
logistics,12-working,48,23,0.7315
logistics,12-nonworking,1,0,0.5588
logistics,12-nonworking,2,0,0.5412
logistics,12-nonworking,3,1,0.5324
logistics,12-nonworking,4,1,0.528
logistics,12-nonworking,5,2,0.528
logistics,12-nonworking,6,2,0.528
logistics,12-nonworking,7,3,0.528
logistics,12-nonworking,8,3,0.5324
logistics,12-nonworking,9,4,0.5412
logistics,12-nonworking,10,4,0.5742
logistics,12-nonworking,11,5,0.6314
logistics,12-nonworking,12,5,0.6754
logistics,12-nonworking,13,6,0.7062
logistics,12-nonworking,14,6,0.7348
logistics,12-nonworking,15,7,0.7612
logistics,12-nonworking,16,7,0.7898
logistics,12-nonworking,17,8,0.8206
logistics,12-nonworking,18,8,0.847
logistics,12-nonworking,19,9,0.869
logistics,12-nonworking,20,9,0.88
logistics,12-nonworking,21,10,0.88
logistics,12-nonworking,22,10,0.88
logistics,12-nonworking,23,11,0.88
logistics,12-nonworking,24,11,0.8756
logistics,12-nonworking,25,12,0.8668
logistics,12-nonworking,26,12,0.8668
logistics,12-nonworking,27,13,0.8756
logistics,12-nonworking,28,13,0.88
logistics,12-nonworking,29,14,0.88
logistics,12-nonworking,30,14,0.88
logistics,12-nonworking,31,15,0.88
logistics,12-nonworking,32,15,0.88
logistics,12-nonworking,33,16,0.88
logistics,12-nonworking,34,16,0.8756
logistics,12-nonworking,35,17,0.8668
logistics,12-nonworking,36,17,0.8558
logistics,12-nonworking,37,18,0.8426
logistics,12-nonworking,38,18,0.8294
logistics,12-nonworking,39,19,0.8162
logistics,12-nonworking,40,19,0.8052
logistics,12-nonworking,41,20,0.7964
logistics,12-nonworking,42,20,0.781
logistics,12-nonworking,43,21,0.759
logistics,12-nonworking,44,21,0.726
logistics,12-nonworking,45,22,0.682
logistics,12-nonworking,46,22,0.6446
logistics,12-nonworking,47,23,0.6138
logistics,12-nonworking,48,23,0.5852
logistics,12-shutdown,1,0,0.4191
logistics,12-shutdown,2,0,0.4059
logistics,12-shutdown,3,1,0.3993
logistics,12-shutdown,4,1,0.396
logistics,12-shutdown,5,2,0.396
logistics,12-shutdown,6,2,0.396
logistics,12-shutdown,7,3,0.396
logistics,12-shutdown,8,3,0.3993
logistics,12-shutdown,9,4,0.4059
logistics,12-shutdown,10,4,0.43065
logistics,12-shutdown,11,5,0.47355
logistics,12-shutdown,12,5,0.50655
logistics,12-shutdown,13,6,0.52965
logistics,12-shutdown,14,6,0.5511
logistics,12-shutdown,15,7,0.5709
logistics,12-shutdown,16,7,0.59235
logistics,12-shutdown,17,8,0.61545
logistics,12-shutdown,18,8,0.63525
logistics,12-shutdown,19,9,0.65175
logistics,12-shutdown,20,9,0.66
logistics,12-shutdown,21,10,0.66
logistics,12-shutdown,22,10,0.66
logistics,12-shutdown,23,11,0.66
logistics,12-shutdown,24,11,0.6567
logistics,12-shutdown,25,12,0.6501
logistics,12-shutdown,26,12,0.6501
logistics,12-shutdown,27,13,0.6567
logistics,12-shutdown,28,13,0.66
logistics,12-shutdown,29,14,0.66
logistics,12-shutdown,30,14,0.66
logistics,12-shutdown,31,15,0.66
logistics,12-shutdown,32,15,0.66
logistics,12-shutdown,33,16,0.66
logistics,12-shutdown,34,16,0.6567
logistics,12-shutdown,35,17,0.6501
logistics,12-shutdown,36,17,0.64185
logistics,12-shutdown,37,18,0.63195
logistics,12-shutdown,38,18,0.62205
logistics,12-shutdown,39,19,0.61215
logistics,12-shutdown,40,19,0.6039
logistics,12-shutdown,41,20,0.5973
logistics,12-shutdown,42,20,0.58575
logistics,12-shutdown,43,21,0.56925
logistics,12-shutdown,44,21,0.5445
logistics,12-shutdown,45,22,0.5115
logistics,12-shutdown,46,22,0.48345
logistics,12-shutdown,47,23,0.46035
logistics,12-shutdown,48,23,0.4389
logistics,heat-working,1,0,0.6858
logistics,heat-working,2,0,0.6642
logistics,heat-working,3,1,0.6534
logistics,heat-working,4,1,0.648
logistics,heat-working,5,2,0.648
logistics,heat-working,6,2,0.648
logistics,heat-working,7,3,0.648
logistics,heat-working,8,3,0.6534
logistics,heat-working,9,4,0.6642
logistics,heat-working,10,4,0.7047
logistics,heat-working,11,5,0.7749
logistics,heat-working,12,5,0.8289
logistics,heat-working,13,6,0.8667
logistics,heat-working,14,6,0.9018
logistics,heat-working,15,7,0.9342
logistics,heat-working,16,7,0.9693
logistics,heat-working,17,8,1.0071
logistics,heat-working,18,8,1.0395
logistics,heat-working,19,9,1.0665
logistics,heat-working,20,9,1.08
logistics,heat-working,21,10,1.08
logistics,heat-working,22,10,1.08
logistics,heat-working,23,11,1.08
logistics,heat-working,24,11,1.0746
logistics,heat-working,25,12,1.0638
logistics,heat-working,26,12,1.0638
logistics,heat-working,27,13,1.0746
logistics,heat-working,28,13,1.08
logistics,heat-working,29,14,1.08
logistics,heat-working,30,14,1.08
logistics,heat-working,31,15,1.08
logistics,heat-working,32,15,1.08
logistics,heat-working,33,16,1.08
logistics,heat-working,34,16,1.0746
logistics,heat-working,35,17,1.0638
logistics,heat-working,36,17,1.0503
logistics,heat-working,37,18,1.0341
logistics,heat-working,38,18,1.0179
logistics,heat-working,39,19,1.0017
logistics,heat-working,40,19,0.9882
logistics,heat-working,41,20,0.9774
logistics,heat-working,42,20,0.9585
logistics,heat-working,43,21,0.9315
logistics,heat-working,44,21,0.891
logistics,heat-working,45,22,0.837
logistics,heat-working,46,22,0.7911
logistics,heat-working,47,23,0.7533
logistics,heat-working,48,23,0.7182
logistics,cold-working,1,0,0.6223
logistics,cold-working,2,0,0.6027
logistics,cold-working,3,1,0.5929
logistics,cold-working,4,1,0.588
logistics,cold-working,5,2,0.588
logistics,cold-working,6,2,0.588
logistics,cold-working,7,3,0.588
logistics,cold-working,8,3,0.5929
logistics,cold-working,9,4,0.6027
logistics,cold-working,10,4,0.63945
logistics,cold-working,11,5,0.70315
logistics,cold-working,12,5,0.75215
logistics,cold-working,13,6,0.78645
logistics,cold-working,14,6,0.8183
logistics,cold-working,15,7,0.8477
logistics,cold-working,16,7,0.87955
logistics,cold-working,17,8,0.91385
logistics,cold-working,18,8,0.94325
logistics,cold-working,19,9,0.96775
logistics,cold-working,20,9,0.98
logistics,cold-working,21,10,0.98
logistics,cold-working,22,10,0.98
logistics,cold-working,23,11,0.98
logistics,cold-working,24,11,0.9751
logistics,cold-working,25,12,0.9653
logistics,cold-working,26,12,0.9653
logistics,cold-working,27,13,0.9751
logistics,cold-working,28,13,0.98
logistics,cold-working,29,14,0.98
logistics,cold-working,30,14,0.98
logistics,cold-working,31,15,0.98
logistics,cold-working,32,15,0.98
logistics,cold-working,33,16,0.98
logistics,cold-working,34,16,0.9751
logistics,cold-working,35,17,0.9653
logistics,cold-working,36,17,0.95305
logistics,cold-working,37,18,0.93835
logistics,cold-working,38,18,0.92365
logistics,cold-working,39,19,0.90895
logistics,cold-working,40,19,0.8967
logistics,cold-working,41,20,0.8869
logistics,cold-working,42,20,0.86975
logistics,cold-working,43,21,0.84525
logistics,cold-working,44,21,0.8085
logistics,cold-working,45,22,0.7595
logistics,cold-working,46,22,0.71785
logistics,cold-working,47,23,0.68355
logistics,cold-working,48,23,0.6517
hotel,01-working,1,0,0.7098
hotel,01-working,2,0,0.6708
hotel,01-working,3,1,0.6604
hotel,01-working,4,1,0.6526
hotel,01-working,5,2,0.6474
hotel,01-working,6,2,0.6448
hotel,01-working,7,3,0.6448
hotel,01-working,8,3,0.6474
hotel,01-working,9,4,0.6526
hotel,01-working,10,4,0.6734
hotel,01-working,11,5,0.7098
hotel,01-working,12,5,0.767
hotel,01-working,13,6,0.845
hotel,01-working,14,6,0.923
hotel,01-working,15,7,1.001
hotel,01-working,16,7,1.04
hotel,01-working,17,8,1.04
hotel,01-working,18,8,1.027
hotel,01-working,19,9,1.001
hotel,01-working,20,9,0.962
hotel,01-working,21,10,0.91
hotel,01-working,22,10,0.871
hotel,01-working,23,11,0.845
hotel,01-working,24,11,0.832
hotel,01-working,25,12,0.832
hotel,01-working,26,12,0.8268
hotel,01-working,27,13,0.8164
hotel,01-working,28,13,0.8112
hotel,01-working,29,14,0.8112
hotel,01-working,30,14,0.8164
hotel,01-working,31,15,0.8268
hotel,01-working,32,15,0.8528
hotel,01-working,33,16,0.8944
hotel,01-working,34,16,0.9334
hotel,01-working,35,17,0.9698
hotel,01-working,36,17,1.014
hotel,01-working,37,18,1.066
hotel,01-working,38,18,1.092
hotel,01-working,39,19,1.092
hotel,01-working,40,19,1.092
hotel,01-working,41,20,1.092
hotel,01-working,42,20,1.079
hotel,01-working,43,21,1.053
hotel,01-working,44,21,1.014
hotel,01-working,45,22,0.962
hotel,01-working,46,22,0.9048
hotel,01-working,47,23,0.8424
hotel,01-working,48,23,0.7774
hotel,01-nonworking,1,0,0.74529
hotel,01-nonworking,2,0,0.70434
hotel,01-nonworking,3,1,0.69342
hotel,01-nonworking,4,1,0.68523
hotel,01-nonworking,5,2,0.67977
hotel,01-nonworking,6,2,0.67704
hotel,01-nonworking,7,3,0.67704
hotel,01-nonworking,8,3,0.67977
hotel,01-nonworking,9,4,0.68523
hotel,01-nonworking,10,4,0.70707
hotel,01-nonworking,11,5,0.74529
hotel,01-nonworking,12,5,0.80535
hotel,01-nonworking,13,6,0.88725
hotel,01-nonworking,14,6,0.96915
hotel,01-nonworking,15,7,1.05105
hotel,01-nonworking,16,7,1.092
hotel,01-nonworking,17,8,1.092
hotel,01-nonworking,18,8,1.07835
hotel,01-nonworking,19,9,1.05105
hotel,01-nonworking,20,9,1.0101
hotel,01-nonworking,21,10,0.9555
hotel,01-nonworking,22,10,0.91455
hotel,01-nonworking,23,11,0.88725
hotel,01-nonworking,24,11,0.8736
hotel,01-nonworking,25,12,0.8736
hotel,01-nonworking,26,12,0.86814
hotel,01-nonworking,27,13,0.85722
hotel,01-nonworking,28,13,0.85176
hotel,01-nonworking,29,14,0.85176
hotel,01-nonworking,30,14,0.85722
hotel,01-nonworking,31,15,0.86814
hotel,01-nonworking,32,15,0.89544
hotel,01-nonworking,33,16,0.93912
hotel,01-nonworking,34,16,0.98007
hotel,01-nonworking,35,17,1.01829
hotel,01-nonworking,36,17,1.0647
hotel,01-nonworking,37,18,1.1193
hotel,01-nonworking,38,18,1.1466
hotel,01-nonworking,39,19,1.1466
hotel,01-nonworking,40,19,1.1466
hotel,01-nonworking,41,20,1.1466
hotel,01-nonworking,42,20,1.13295
hotel,01-nonworking,43,21,1.10565
hotel,01-nonworking,44,21,1.0647
hotel,01-nonworking,45,22,1.0101
hotel,01-nonworking,46,22,0.95004
hotel,01-nonworking,47,23,0.88452
hotel,01-nonworking,48,23,0.81627
hotel,01-shutdown,1,0,0.74529
hotel,01-shutdown,2,0,0.70434
hotel,01-shutdown,3,1,0.69342
hotel,01-shutdown,4,1,0.68523
hotel,01-shutdown,5,2,0.67977
hotel,01-shutdown,6,2,0.67704
hotel,01-shutdown,7,3,0.67704
hotel,01-shutdown,8,3,0.67977
hotel,01-shutdown,9,4,0.68523
hotel,01-shutdown,10,4,0.70707
hotel,01-shutdown,11,5,0.74529
hotel,01-shutdown,12,5,0.80535
hotel,01-shutdown,13,6,0.88725
hotel,01-shutdown,14,6,0.96915
hotel,01-shutdown,15,7,1.05105
hotel,01-shutdown,16,7,1.092
hotel,01-shutdown,17,8,1.092
hotel,01-shutdown,18,8,1.07835
hotel,01-shutdown,19,9,1.05105
hotel,01-shutdown,20,9,1.0101
hotel,01-shutdown,21,10,0.9555
hotel,01-shutdown,22,10,0.91455
hotel,01-shutdown,23,11,0.88725
hotel,01-shutdown,24,11,0.8736
hotel,01-shutdown,25,12,0.8736
hotel,01-shutdown,26,12,0.86814
hotel,01-shutdown,27,13,0.85722
hotel,01-shutdown,28,13,0.85176
hotel,01-shutdown,29,14,0.85176
hotel,01-shutdown,30,14,0.85722
hotel,01-shutdown,31,15,0.86814
hotel,01-shutdown,32,15,0.89544
hotel,01-shutdown,33,16,0.93912
hotel,01-shutdown,34,16,0.98007
hotel,01-shutdown,35,17,1.01829
hotel,01-shutdown,36,17,1.0647
hotel,01-shutdown,37,18,1.1193
hotel,01-shutdown,38,18,1.1466
hotel,01-shutdown,39,19,1.1466
hotel,01-shutdown,40,19,1.1466
hotel,01-shutdown,41,20,1.1466
hotel,01-shutdown,42,20,1.13295
hotel,01-shutdown,43,21,1.10565
hotel,01-shutdown,44,21,1.0647
hotel,01-shutdown,45,22,1.0101
hotel,01-shutdown,46,22,0.95004
hotel,01-shutdown,47,23,0.88452
hotel,01-shutdown,48,23,0.81627
hotel,02-working,1,0,0.70298
hotel,02-working,2,0,0.66435
hotel,02-working,3,1,0.65405
hotel,02-working,4,1,0.64632
hotel,02-working,5,2,0.64118
hotel,02-working,6,2,0.6386
hotel,02-working,7,3,0.6386
hotel,02-working,8,3,0.64118
hotel,02-working,9,4,0.64632
hotel,02-working,10,4,0.66692
hotel,02-working,11,5,0.70298
hotel,02-working,12,5,0.75962
hotel,02-working,13,6,0.83688
hotel,02-working,14,6,0.91412
hotel,02-working,15,7,0.99138
hotel,02-working,16,7,1.03
hotel,02-working,17,8,1.03
hotel,02-working,18,8,1.01713
hotel,02-working,19,9,0.99137
hotel,02-working,20,9,0.95275
hotel,02-working,21,10,0.90125
hotel,02-working,22,10,0.86263
hotel,02-working,23,11,0.83688
hotel,02-working,24,11,0.824
hotel,02-working,25,12,0.824
hotel,02-working,26,12,0.81885
hotel,02-working,27,13,0.80855
hotel,02-working,28,13,0.8034
hotel,02-working,29,14,0.8034
hotel,02-working,30,14,0.80855
hotel,02-working,31,15,0.81885
hotel,02-working,32,15,0.8446
hotel,02-working,33,16,0.8858
hotel,02-working,34,16,0.92442
hotel,02-working,35,17,0.96047
hotel,02-working,36,17,1.00425
hotel,02-working,37,18,1.05575
hotel,02-working,38,18,1.0815
hotel,02-working,39,19,1.0815
hotel,02-working,40,19,1.0815
hotel,02-working,41,20,1.0815
hotel,02-working,42,20,1.06863
hotel,02-working,43,21,1.04287
hotel,02-working,44,21,1.00425
hotel,02-working,45,22,0.95275
hotel,02-working,46,22,0.8961
hotel,02-working,47,23,0.8343
hotel,02-working,48,23,0.76993
hotel,02-nonworking,1,0,0.73812
hotel,02-nonworking,2,0,0.69757
hotel,02-nonworking,3,1,0.68675
hotel,02-nonworking,4,1,0.67864
hotel,02-nonworking,5,2,0.67323
hotel,02-nonworking,6,2,0.67053
hotel,02-nonworking,7,3,0.67053
hotel,02-nonworking,8,3,0.67323
hotel,02-nonworking,9,4,0.67864
hotel,02-nonworking,10,4,0.70027
hotel,02-nonworking,11,5,0.73812
hotel,02-nonworking,12,5,0.79761
hotel,02-nonworking,13,6,0.87872
hotel,02-nonworking,14,6,0.95983
hotel,02-nonworking,15,7,1.04094
hotel,02-nonworking,16,7,1.0815
hotel,02-nonworking,17,8,1.0815
hotel,02-nonworking,18,8,1.06798
hotel,02-nonworking,19,9,1.04094
hotel,02-nonworking,20,9,1.00039
hotel,02-nonworking,21,10,0.94631
hotel,02-nonworking,22,10,0.90576
hotel,02-nonworking,23,11,0.87872
hotel,02-nonworking,24,11,0.8652
hotel,02-nonworking,25,12,0.8652
hotel,02-nonworking,26,12,0.85979
hotel,02-nonworking,27,13,0.84898
hotel,02-nonworking,28,13,0.84357
hotel,02-nonworking,29,14,0.84357
hotel,02-nonworking,30,14,0.84898
hotel,02-nonworking,31,15,0.85979
hotel,02-nonworking,32,15,0.88683
hotel,02-nonworking,33,16,0.93009
hotel,02-nonworking,34,16,0.97065
hotel,02-nonworking,35,17,1.0085
hotel,02-nonworking,36,17,1.05446
hotel,02-nonworking,37,18,1.10854
hotel,02-nonworking,38,18,1.13558
hotel,02-nonworking,39,19,1.13558
hotel,02-nonworking,40,19,1.13558
hotel,02-nonworking,41,20,1.13558
hotel,02-nonworking,42,20,1.12206
hotel,02-nonworking,43,21,1.09502
hotel,02-nonworking,44,21,1.05446
hotel,02-nonworking,45,22,1.00039
hotel,02-nonworking,46,22,0.9409
hotel,02-nonworking,47,23,0.87602
hotel,02-nonworking,48,23,0.80842
hotel,02-shutdown,1,0,0.73812
hotel,02-shutdown,2,0,0.69757
hotel,02-shutdown,3,1,0.68675
hotel,02-shutdown,4,1,0.67864
hotel,02-shutdown,5,2,0.67323
hotel,02-shutdown,6,2,0.67053
hotel,02-shutdown,7,3,0.67053
hotel,02-shutdown,8,3,0.67323
hotel,02-shutdown,9,4,0.67864
hotel,02-shutdown,10,4,0.70027
hotel,02-shutdown,11,5,0.73812
hotel,02-shutdown,12,5,0.79761
hotel,02-shutdown,13,6,0.87872
hotel,02-shutdown,14,6,0.95983
hotel,02-shutdown,15,7,1.04094
hotel,02-shutdown,16,7,1.0815
hotel,02-shutdown,17,8,1.0815
hotel,02-shutdown,18,8,1.06798
hotel,02-shutdown,19,9,1.04094
hotel,02-shutdown,20,9,1.00039
hotel,02-shutdown,21,10,0.94631
hotel,02-shutdown,22,10,0.90576
hotel,02-shutdown,23,11,0.87872
hotel,02-shutdown,24,11,0.8652
hotel,02-shutdown,25,12,0.8652
hotel,02-shutdown,26,12,0.85979
hotel,02-shutdown,27,13,0.84898
hotel,02-shutdown,28,13,0.84357
hotel,02-shutdown,29,14,0.84357
hotel,02-shutdown,30,14,0.84898
hotel,02-shutdown,31,15,0.85979
hotel,02-shutdown,32,15,0.88683
hotel,02-shutdown,33,16,0.93009
hotel,02-shutdown,34,16,0.97065
hotel,02-shutdown,35,17,1.0085
hotel,02-shutdown,36,17,1.05446
hotel,02-shutdown,37,18,1.10854
hotel,02-shutdown,38,18,1.13558
hotel,02-shutdown,39,19,1.13558
hotel,02-shutdown,40,19,1.13558
hotel,02-shutdown,41,20,1.13558
hotel,02-shutdown,42,20,1.12206
hotel,02-shutdown,43,21,1.09502
hotel,02-shutdown,44,21,1.05446
hotel,02-shutdown,45,22,1.00039
hotel,02-shutdown,46,22,0.9409
hotel,02-shutdown,47,23,0.87602
hotel,02-shutdown,48,23,0.80842
hotel,03-working,1,0,0.6825
hotel,03-working,2,0,0.645
hotel,03-working,3,1,0.635
hotel,03-working,4,1,0.6275
hotel,03-working,5,2,0.6225
hotel,03-working,6,2,0.62
hotel,03-working,7,3,0.62
hotel,03-working,8,3,0.6225
hotel,03-working,9,4,0.6275
hotel,03-working,10,4,0.6475
hotel,03-working,11,5,0.6825
hotel,03-working,12,5,0.7375
hotel,03-working,13,6,0.8125
hotel,03-working,14,6,0.8875
hotel,03-working,15,7,0.9625
hotel,03-working,16,7,1
hotel,03-working,17,8,1
hotel,03-working,18,8,0.9875
hotel,03-working,19,9,0.9625
hotel,03-working,20,9,0.925
hotel,03-working,21,10,0.875
hotel,03-working,22,10,0.8375
hotel,03-working,23,11,0.8125
hotel,03-working,24,11,0.8
hotel,03-working,25,12,0.8
hotel,03-working,26,12,0.795
hotel,03-working,27,13,0.785
hotel,03-working,28,13,0.78
hotel,03-working,29,14,0.78
hotel,03-working,30,14,0.785
hotel,03-working,31,15,0.795
hotel,03-working,32,15,0.82
hotel,03-working,33,16,0.86
hotel,03-working,34,16,0.8975
hotel,03-working,35,17,0.9325
hotel,03-working,36,17,0.975
hotel,03-working,37,18,1.025
hotel,03-working,38,18,1.05
hotel,03-working,39,19,1.05
hotel,03-working,40,19,1.05
hotel,03-working,41,20,1.05
hotel,03-working,42,20,1.0375
hotel,03-working,43,21,1.0125
hotel,03-working,44,21,0.975
hotel,03-working,45,22,0.925
hotel,03-working,46,22,0.87
hotel,03-working,47,23,0.81
hotel,03-working,48,23,0.7475
hotel,03-nonworking,1,0,0.71663
hotel,03-nonworking,2,0,0.67725
hotel,03-nonworking,3,1,0.66675
hotel,03-nonworking,4,1,0.65887
hotel,03-nonworking,5,2,0.65363
hotel,03-nonworking,6,2,0.651
hotel,03-nonworking,7,3,0.651
hotel,03-nonworking,8,3,0.65363
hotel,03-nonworking,9,4,0.65887
hotel,03-nonworking,10,4,0.67988
hotel,03-nonworking,11,5,0.71663
hotel,03-nonworking,12,5,0.77437
hotel,03-nonworking,13,6,0.85313
hotel,03-nonworking,14,6,0.93188
hotel,03-nonworking,15,7,1.01063
hotel,03-nonworking,16,7,1.05
hotel,03-nonworking,17,8,1.05
hotel,03-nonworking,18,8,1.03687
hotel,03-nonworking,19,9,1.01062
hotel,03-nonworking,20,9,0.97125
hotel,03-nonworking,21,10,0.91875
hotel,03-nonworking,22,10,0.87938
hotel,03-nonworking,23,11,0.85313
hotel,03-nonworking,24,11,0.84
hotel,03-nonworking,25,12,0.84
hotel,03-nonworking,26,12,0.83475
hotel,03-nonworking,27,13,0.82425
hotel,03-nonworking,28,13,0.819
hotel,03-nonworking,29,14,0.819
hotel,03-nonworking,30,14,0.82425
hotel,03-nonworking,31,15,0.83475
hotel,03-nonworking,32,15,0.861
hotel,03-nonworking,33,16,0.903
hotel,03-nonworking,34,16,0.94237
hotel,03-nonworking,35,17,0.97913
hotel,03-nonworking,36,17,1.02375
hotel,03-nonworking,37,18,1.07625
hotel,03-nonworking,38,18,1.1025
hotel,03-nonworking,39,19,1.1025
hotel,03-nonworking,40,19,1.1025
hotel,03-nonworking,41,20,1.1025
hotel,03-nonworking,42,20,1.08938
hotel,03-nonworking,43,21,1.06313
hotel,03-nonworking,44,21,1.02375
hotel,03-nonworking,45,22,0.97125
hotel,03-nonworking,46,22,0.9135
hotel,03-nonworking,47,23,0.8505
hotel,03-nonworking,48,23,0.78488
hotel,03-shutdown,1,0,0.71663
hotel,03-shutdown,2,0,0.67725
hotel,03-shutdown,3,1,0.66675
hotel,03-shutdown,4,1,0.65887
hotel,03-shutdown,5,2,0.65363
hotel,03-shutdown,6,2,0.651
hotel,03-shutdown,7,3,0.651
hotel,03-shutdown,8,3,0.65363
hotel,03-shutdown,9,4,0.65887
hotel,03-shutdown,10,4,0.67988
hotel,03-shutdown,11,5,0.71663
hotel,03-shutdown,12,5,0.77437
hotel,03-shutdown,13,6,0.85313
hotel,03-shutdown,14,6,0.93188
hotel,03-shutdown,15,7,1.01063
hotel,03-shutdown,16,7,1.05
hotel,03-shutdown,17,8,1.05
hotel,03-shutdown,18,8,1.03687
hotel,03-shutdown,19,9,1.01062
hotel,03-shutdown,20,9,0.97125
hotel,03-shutdown,21,10,0.91875
hotel,03-shutdown,22,10,0.87938
hotel,03-shutdown,23,11,0.85313
hotel,03-shutdown,24,11,0.84
hotel,03-shutdown,25,12,0.84
hotel,03-shutdown,26,12,0.83475
hotel,03-shutdown,27,13,0.82425
hotel,03-shutdown,28,13,0.819
hotel,03-shutdown,29,14,0.819
hotel,03-shutdown,30,14,0.82425
hotel,03-shutdown,31,15,0.83475
hotel,03-shutdown,32,15,0.861
hotel,03-shutdown,33,16,0.903
hotel,03-shutdown,34,16,0.94237
hotel,03-shutdown,35,17,0.97913
hotel,03-shutdown,36,17,1.02375
hotel,03-shutdown,37,18,1.07625
hotel,03-shutdown,38,18,1.1025
hotel,03-shutdown,39,19,1.1025
hotel,03-shutdown,40,19,1.1025
hotel,03-shutdown,41,20,1.1025
hotel,03-shutdown,42,20,1.08938
hotel,03-shutdown,43,21,1.06313
hotel,03-shutdown,44,21,1.02375
hotel,03-shutdown,45,22,0.97125
hotel,03-shutdown,46,22,0.9135
hotel,03-shutdown,47,23,0.8505
hotel,03-shutdown,48,23,0.78488
hotel,04-working,1,0,0.66202
hotel,04-working,2,0,0.62565
hotel,04-working,3,1,0.61595
hotel,04-working,4,1,0.60867
hotel,04-working,5,2,0.60383
hotel,04-working,6,2,0.6014
hotel,04-working,7,3,0.6014
hotel,04-working,8,3,0.60383
hotel,04-working,9,4,0.60867
hotel,04-working,10,4,0.62807
hotel,04-working,11,5,0.66202
hotel,04-working,12,5,0.71537
hotel,04-working,13,6,0.78812
hotel,04-working,14,6,0.86087
hotel,04-working,15,7,0.93363
hotel,04-working,16,7,0.97
hotel,04-working,17,8,0.97
hotel,04-working,18,8,0.95788
hotel,04-working,19,9,0.93362
hotel,04-working,20,9,0.89725
hotel,04-working,21,10,0.84875
hotel,04-working,22,10,0.81237
hotel,04-working,23,11,0.78812
hotel,04-working,24,11,0.776
hotel,04-working,25,12,0.776
hotel,04-working,26,12,0.77115
hotel,04-working,27,13,0.76145
hotel,04-working,28,13,0.7566
hotel,04-working,29,14,0.7566
hotel,04-working,30,14,0.76145
hotel,04-working,31,15,0.77115
hotel,04-working,32,15,0.7954
hotel,04-working,33,16,0.8342
hotel,04-working,34,16,0.87057
hotel,04-working,35,17,0.90453
hotel,04-working,36,17,0.94575
hotel,04-working,37,18,0.99425
hotel,04-working,38,18,1.0185
hotel,04-working,39,19,1.0185
hotel,04-working,40,19,1.0185
hotel,04-working,41,20,1.0185
hotel,04-working,42,20,1.00638
hotel,04-working,43,21,0.98212
hotel,04-working,44,21,0.94575
hotel,04-working,45,22,0.89725
hotel,04-working,46,22,0.8439
hotel,04-working,47,23,0.7857
hotel,04-working,48,23,0.72508
hotel,04-nonworking,1,0,0.69513
hotel,04-nonworking,2,0,0.65693
hotel,04-nonworking,3,1,0.64675
hotel,04-nonworking,4,1,0.63911
hotel,04-nonworking,5,2,0.63402
hotel,04-nonworking,6,2,0.63147
hotel,04-nonworking,7,3,0.63147
hotel,04-nonworking,8,3,0.63402
hotel,04-nonworking,9,4,0.63911
hotel,04-nonworking,10,4,0.65948
hotel,04-nonworking,11,5,0.69513
hotel,04-nonworking,12,5,0.75114
hotel,04-nonworking,13,6,0.82753
hotel,04-nonworking,14,6,0.90392
hotel,04-nonworking,15,7,0.98031
hotel,04-nonworking,16,7,1.0185
hotel,04-nonworking,17,8,1.0185
hotel,04-nonworking,18,8,1.00577
hotel,04-nonworking,19,9,0.98031
hotel,04-nonworking,20,9,0.94211
hotel,04-nonworking,21,10,0.89119
hotel,04-nonworking,22,10,0.85299
hotel,04-nonworking,23,11,0.82753
hotel,04-nonworking,24,11,0.8148
hotel,04-nonworking,25,12,0.8148
hotel,04-nonworking,26,12,0.80971
hotel,04-nonworking,27,13,0.79952
hotel,04-nonworking,28,13,0.79443
hotel,04-nonworking,29,14,0.79443
hotel,04-nonworking,30,14,0.79952
hotel,04-nonworking,31,15,0.80971
hotel,04-nonworking,32,15,0.83517
hotel,04-nonworking,33,16,0.87591
hotel,04-nonworking,34,16,0.9141
hotel,04-nonworking,35,17,0.94975
hotel,04-nonworking,36,17,0.99304
hotel,04-nonworking,37,18,1.04396
hotel,04-nonworking,38,18,1.06943
hotel,04-nonworking,39,19,1.06943
hotel,04-nonworking,40,19,1.06943
hotel,04-nonworking,41,20,1.06943
hotel,04-nonworking,42,20,1.05669
hotel,04-nonworking,43,21,1.03123
hotel,04-nonworking,44,21,0.99304
hotel,04-nonworking,45,22,0.94211
hotel,04-nonworking,46,22,0.88609
hotel,04-nonworking,47,23,0.82499
hotel,04-nonworking,48,23,0.76133
hotel,04-shutdown,1,0,0.69513
hotel,04-shutdown,2,0,0.65693
hotel,04-shutdown,3,1,0.64675
hotel,04-shutdown,4,1,0.63911
hotel,04-shutdown,5,2,0.63402
hotel,04-shutdown,6,2,0.63147
hotel,04-shutdown,7,3,0.63147
hotel,04-shutdown,8,3,0.63402
hotel,04-shutdown,9,4,0.63911
hotel,04-shutdown,10,4,0.65948
hotel,04-shutdown,11,5,0.69513
hotel,04-shutdown,12,5,0.75114
hotel,04-shutdown,13,6,0.82753
hotel,04-shutdown,14,6,0.90392
hotel,04-shutdown,15,7,0.98031
hotel,04-shutdown,16,7,1.0185
hotel,04-shutdown,17,8,1.0185
hotel,04-shutdown,18,8,1.00577
hotel,04-shutdown,19,9,0.98031
hotel,04-shutdown,20,9,0.94211
hotel,04-shutdown,21,10,0.89119
hotel,04-shutdown,22,10,0.85299
hotel,04-shutdown,23,11,0.82753
hotel,04-shutdown,24,11,0.8148
hotel,04-shutdown,25,12,0.8148
hotel,04-shutdown,26,12,0.80971
hotel,04-shutdown,27,13,0.79952
hotel,04-shutdown,28,13,0.79443
hotel,04-shutdown,29,14,0.79443
hotel,04-shutdown,30,14,0.79952
hotel,04-shutdown,31,15,0.80971
hotel,04-shutdown,32,15,0.83517
hotel,04-shutdown,33,16,0.87591
hotel,04-shutdown,34,16,0.9141
hotel,04-shutdown,35,17,0.94975
hotel,04-shutdown,36,17,0.99304
hotel,04-shutdown,37,18,1.04396
hotel,04-shutdown,38,18,1.06943
hotel,04-shutdown,39,19,1.06943
hotel,04-shutdown,40,19,1.06943
hotel,04-shutdown,41,20,1.06943
hotel,04-shutdown,42,20,1.05669
hotel,04-shutdown,43,21,1.03123
hotel,04-shutdown,44,21,0.99304
hotel,04-shutdown,45,22,0.94211
hotel,04-shutdown,46,22,0.88609
hotel,04-shutdown,47,23,0.82499
hotel,04-shutdown,48,23,0.76133
hotel,05-working,1,0,0.66885
hotel,05-working,2,0,0.6321
hotel,05-working,3,1,0.6223
hotel,05-working,4,1,0.61495
hotel,05-working,5,2,0.61005
hotel,05-working,6,2,0.6076
hotel,05-working,7,3,0.6076
hotel,05-working,8,3,0.61005
hotel,05-working,9,4,0.61495
hotel,05-working,10,4,0.63455
hotel,05-working,11,5,0.66885
hotel,05-working,12,5,0.72275
hotel,05-working,13,6,0.79625
hotel,05-working,14,6,0.86975
hotel,05-working,15,7,0.94325
hotel,05-working,16,7,0.98
hotel,05-working,17,8,0.98
hotel,05-working,18,8,0.96775
hotel,05-working,19,9,0.94325
hotel,05-working,20,9,0.9065
hotel,05-working,21,10,0.8575
hotel,05-working,22,10,0.82075
hotel,05-working,23,11,0.79625
hotel,05-working,24,11,0.784
hotel,05-working,25,12,0.784
hotel,05-working,26,12,0.7791
hotel,05-working,27,13,0.7693
hotel,05-working,28,13,0.7644
hotel,05-working,29,14,0.7644
hotel,05-working,30,14,0.7693
hotel,05-working,31,15,0.7791
hotel,05-working,32,15,0.8036
hotel,05-working,33,16,0.8428
hotel,05-working,34,16,0.87955
hotel,05-working,35,17,0.91385
hotel,05-working,36,17,0.9555
hotel,05-working,37,18,1.0045
hotel,05-working,38,18,1.029
hotel,05-working,39,19,1.029
hotel,05-working,40,19,1.029
hotel,05-working,41,20,1.029
hotel,05-working,42,20,1.01675
hotel,05-working,43,21,0.99225
hotel,05-working,44,21,0.9555
hotel,05-working,45,22,0.9065
hotel,05-working,46,22,0.8526
hotel,05-working,47,23,0.7938
hotel,05-working,48,23,0.73255
hotel,05-nonworking,1,0,0.70229
hotel,05-nonworking,2,0,0.6637
hotel,05-nonworking,3,1,0.65342
hotel,05-nonworking,4,1,0.6457
hotel,05-nonworking,5,2,0.64055
hotel,05-nonworking,6,2,0.63798
hotel,05-nonworking,7,3,0.63798
hotel,05-nonworking,8,3,0.64055
hotel,05-nonworking,9,4,0.6457
hotel,05-nonworking,10,4,0.66628
hotel,05-nonworking,11,5,0.70229
hotel,05-nonworking,12,5,0.75889
hotel,05-nonworking,13,6,0.83606
hotel,05-nonworking,14,6,0.91324
hotel,05-nonworking,15,7,0.99041
hotel,05-nonworking,16,7,1.029
hotel,05-nonworking,17,8,1.029
hotel,05-nonworking,18,8,1.01614
hotel,05-nonworking,19,9,0.99041
hotel,05-nonworking,20,9,0.95182
hotel,05-nonworking,21,10,0.90038
hotel,05-nonworking,22,10,0.86179
hotel,05-nonworking,23,11,0.83606
hotel,05-nonworking,24,11,0.8232
hotel,05-nonworking,25,12,0.8232
hotel,05-nonworking,26,12,0.81806
hotel,05-nonworking,27,13,0.80777
hotel,05-nonworking,28,13,0.80262
hotel,05-nonworking,29,14,0.80262
hotel,05-nonworking,30,14,0.80777
hotel,05-nonworking,31,15,0.81806
hotel,05-nonworking,32,15,0.84378
hotel,05-nonworking,33,16,0.88494
hotel,05-nonworking,34,16,0.92353
hotel,05-nonworking,35,17,0.95954
hotel,05-nonworking,36,17,1.00327
hotel,05-nonworking,37,18,1.05472
hotel,05-nonworking,38,18,1.08045
hotel,05-nonworking,39,19,1.08045
hotel,05-nonworking,40,19,1.08045
hotel,05-nonworking,41,20,1.08045
hotel,05-nonworking,42,20,1.06759
hotel,05-nonworking,43,21,1.04186
hotel,05-nonworking,44,21,1.00327
hotel,05-nonworking,45,22,0.95183
hotel,05-nonworking,46,22,0.89523
hotel,05-nonworking,47,23,0.83349
hotel,05-nonworking,48,23,0.76918
hotel,05-shutdown,1,0,0.70229
hotel,05-shutdown,2,0,0.6637
hotel,05-shutdown,3,1,0.65342
hotel,05-shutdown,4,1,0.6457
hotel,05-shutdown,5,2,0.64055
hotel,05-shutdown,6,2,0.63798
hotel,05-shutdown,7,3,0.63798
hotel,05-shutdown,8,3,0.64055
hotel,05-shutdown,9,4,0.6457
hotel,05-shutdown,10,4,0.66628
hotel,05-shutdown,11,5,0.70229
hotel,05-shutdown,12,5,0.75889
hotel,05-shutdown,13,6,0.83606
hotel,05-shutdown,14,6,0.91324
hotel,05-shutdown,15,7,0.99041
hotel,05-shutdown,16,7,1.029
hotel,05-shutdown,17,8,1.029
hotel,05-shutdown,18,8,1.01614
hotel,05-shutdown,19,9,0.99041
hotel,05-shutdown,20,9,0.95182
hotel,05-shutdown,21,10,0.90038
hotel,05-shutdown,22,10,0.86179
hotel,05-shutdown,23,11,0.83606
hotel,05-shutdown,24,11,0.8232
hotel,05-shutdown,25,12,0.8232
hotel,05-shutdown,26,12,0.81806
hotel,05-shutdown,27,13,0.80777
hotel,05-shutdown,28,13,0.80262
hotel,05-shutdown,29,14,0.80262
hotel,05-shutdown,30,14,0.80777
hotel,05-shutdown,31,15,0.81806
hotel,05-shutdown,32,15,0.84378
hotel,05-shutdown,33,16,0.88494
hotel,05-shutdown,34,16,0.92353
hotel,05-shutdown,35,17,0.95954
hotel,05-shutdown,36,17,1.00327
hotel,05-shutdown,37,18,1.05472
hotel,05-shutdown,38,18,1.08045
hotel,05-shutdown,39,19,1.08045
hotel,05-shutdown,40,19,1.08045
hotel,05-shutdown,41,20,1.08045
hotel,05-shutdown,42,20,1.06759
hotel,05-shutdown,43,21,1.04186
hotel,05-shutdown,44,21,1.00327
hotel,05-shutdown,45,22,0.95183
hotel,05-shutdown,46,22,0.89523
hotel,05-shutdown,47,23,0.83349
hotel,05-shutdown,48,23,0.76918
hotel,06-working,1,0,0.69615
hotel,06-working,2,0,0.6579
hotel,06-working,3,1,0.6477
hotel,06-working,4,1,0.64005
hotel,06-working,5,2,0.63495
hotel,06-working,6,2,0.6324
hotel,06-working,7,3,0.6324
hotel,06-working,8,3,0.63495
hotel,06-working,9,4,0.64005
hotel,06-working,10,4,0.66045
hotel,06-working,11,5,0.69615
hotel,06-working,12,5,0.75225
hotel,06-working,13,6,0.82875
hotel,06-working,14,6,0.90525
hotel,06-working,15,7,0.98175
hotel,06-working,16,7,1.02
hotel,06-working,17,8,1.02
hotel,06-working,18,8,1.00725
hotel,06-working,19,9,0.98175
hotel,06-working,20,9,0.9435
hotel,06-working,21,10,0.8925
hotel,06-working,22,10,0.85425
hotel,06-working,23,11,0.82875
hotel,06-working,24,11,0.816
hotel,06-working,25,12,0.816
hotel,06-working,26,12,0.8109
hotel,06-working,27,13,0.8007
hotel,06-working,28,13,0.7956
hotel,06-working,29,14,0.7956
hotel,06-working,30,14,0.8007
hotel,06-working,31,15,0.8109
hotel,06-working,32,15,0.8364
hotel,06-working,33,16,0.8772
hotel,06-working,34,16,0.91545
hotel,06-working,35,17,0.95115
hotel,06-working,36,17,0.9945
hotel,06-working,37,18,1.0455
hotel,06-working,38,18,1.071
hotel,06-working,39,19,1.071
hotel,06-working,40,19,1.071
hotel,06-working,41,20,1.071
hotel,06-working,42,20,1.05825
hotel,06-working,43,21,1.03275
hotel,06-working,44,21,0.9945
hotel,06-working,45,22,0.9435
hotel,06-working,46,22,0.8874
hotel,06-working,47,23,0.8262
hotel,06-working,48,23,0.76245
hotel,06-nonworking,1,0,0.73096
hotel,06-nonworking,2,0,0.6908
hotel,06-nonworking,3,1,0.68009
hotel,06-nonworking,4,1,0.67205
hotel,06-nonworking,5,2,0.6667
hotel,06-nonworking,6,2,0.66402
hotel,06-nonworking,7,3,0.66402
hotel,06-nonworking,8,3,0.6667
hotel,06-nonworking,9,4,0.67205
hotel,06-nonworking,10,4,0.69347
hotel,06-nonworking,11,5,0.73096
hotel,06-nonworking,12,5,0.78986
hotel,06-nonworking,13,6,0.87019
hotel,06-nonworking,14,6,0.95051
hotel,06-nonworking,15,7,1.03084
hotel,06-nonworking,16,7,1.071
hotel,06-nonworking,17,8,1.071
hotel,06-nonworking,18,8,1.05761
hotel,06-nonworking,19,9,1.03084
hotel,06-nonworking,20,9,0.99067
hotel,06-nonworking,21,10,0.93713
hotel,06-nonworking,22,10,0.89696
hotel,06-nonworking,23,11,0.87019
hotel,06-nonworking,24,11,0.8568
hotel,06-nonworking,25,12,0.8568
hotel,06-nonworking,26,12,0.85145
hotel,06-nonworking,27,13,0.84074
hotel,06-nonworking,28,13,0.83538
hotel,06-nonworking,29,14,0.83538
hotel,06-nonworking,30,14,0.84074
hotel,06-nonworking,31,15,0.85145
hotel,06-nonworking,32,15,0.87822
hotel,06-nonworking,33,16,0.92106
hotel,06-nonworking,34,16,0.96122
hotel,06-nonworking,35,17,0.99871
hotel,06-nonworking,36,17,1.04422
hotel,06-nonworking,37,18,1.09777
hotel,06-nonworking,38,18,1.12455
hotel,06-nonworking,39,19,1.12455
hotel,06-nonworking,40,19,1.12455
hotel,06-nonworking,41,20,1.12455
hotel,06-nonworking,42,20,1.11116
hotel,06-nonworking,43,21,1.08439
hotel,06-nonworking,44,21,1.04422
hotel,06-nonworking,45,22,0.99068
hotel,06-nonworking,46,22,0.93177
hotel,06-nonworking,47,23,0.86751
hotel,06-nonworking,48,23,0.80057
hotel,06-shutdown,1,0,0.73096
hotel,06-shutdown,2,0,0.6908
hotel,06-shutdown,3,1,0.68009
hotel,06-shutdown,4,1,0.67205
hotel,06-shutdown,5,2,0.6667
hotel,06-shutdown,6,2,0.66402
hotel,06-shutdown,7,3,0.66402
hotel,06-shutdown,8,3,0.6667
hotel,06-shutdown,9,4,0.67205
hotel,06-shutdown,10,4,0.69347
hotel,06-shutdown,11,5,0.73096
hotel,06-shutdown,12,5,0.78986
hotel,06-shutdown,13,6,0.87019
hotel,06-shutdown,14,6,0.95051
hotel,06-shutdown,15,7,1.03084
hotel,06-shutdown,16,7,1.071
hotel,06-shutdown,17,8,1.071
hotel,06-shutdown,18,8,1.05761
hotel,06-shutdown,19,9,1.03084
hotel,06-shutdown,20,9,0.99067
hotel,06-shutdown,21,10,0.93713
hotel,06-shutdown,22,10,0.89696
hotel,06-shutdown,23,11,0.87019
hotel,06-shutdown,24,11,0.8568
hotel,06-shutdown,25,12,0.8568
hotel,06-shutdown,26,12,0.85145
hotel,06-shutdown,27,13,0.84074
hotel,06-shutdown,28,13,0.83538
hotel,06-shutdown,29,14,0.83538
hotel,06-shutdown,30,14,0.84074
hotel,06-shutdown,31,15,0.85145
hotel,06-shutdown,32,15,0.87822
hotel,06-shutdown,33,16,0.92106
hotel,06-shutdown,34,16,0.96122
hotel,06-shutdown,35,17,0.99871
hotel,06-shutdown,36,17,1.04422
hotel,06-shutdown,37,18,1.09777
hotel,06-shutdown,38,18,1.12455
hotel,06-shutdown,39,19,1.12455
hotel,06-shutdown,40,19,1.12455
hotel,06-shutdown,41,20,1.12455
hotel,06-shutdown,42,20,1.11116
hotel,06-shutdown,43,21,1.08439
hotel,06-shutdown,44,21,1.04422
hotel,06-shutdown,45,22,0.99068
hotel,06-shutdown,46,22,0.93177
hotel,06-shutdown,47,23,0.86751
hotel,06-shutdown,48,23,0.80057
hotel,07-working,1,0,0.7644
hotel,07-working,2,0,0.7224
hotel,07-working,3,1,0.7112
hotel,07-working,4,1,0.7028
hotel,07-working,5,2,0.6972
hotel,07-working,6,2,0.6944
hotel,07-working,7,3,0.6944
hotel,07-working,8,3,0.6972
hotel,07-working,9,4,0.7028
hotel,07-working,10,4,0.7252
hotel,07-working,11,5,0.7644
hotel,07-working,12,5,0.826
hotel,07-working,13,6,0.91
hotel,07-working,14,6,0.994
hotel,07-working,15,7,1.078
hotel,07-working,16,7,1.12
hotel,07-working,17,8,1.12
hotel,07-working,18,8,1.106
hotel,07-working,19,9,1.078
hotel,07-working,20,9,1.036
hotel,07-working,21,10,0.98
hotel,07-working,22,10,0.938
hotel,07-working,23,11,0.91
hotel,07-working,24,11,0.896
hotel,07-working,25,12,0.896
hotel,07-working,26,12,0.8904
hotel,07-working,27,13,0.8792
hotel,07-working,28,13,0.8736
hotel,07-working,29,14,0.8736
hotel,07-working,30,14,0.8792
hotel,07-working,31,15,0.8904
hotel,07-working,32,15,0.9184
hotel,07-working,33,16,0.9632
hotel,07-working,34,16,1.0052
hotel,07-working,35,17,1.0444
hotel,07-working,36,17,1.092
hotel,07-working,37,18,1.148
hotel,07-working,38,18,1.176
hotel,07-working,39,19,1.176
hotel,07-working,40,19,1.176
hotel,07-working,41,20,1.176
hotel,07-working,42,20,1.162
hotel,07-working,43,21,1.134
hotel,07-working,44,21,1.092
hotel,07-working,45,22,1.036
hotel,07-working,46,22,0.9744
hotel,07-working,47,23,0.9072
hotel,07-working,48,23,0.8372
hotel,07-nonworking,1,0,0.80262
hotel,07-nonworking,2,0,0.75852
hotel,07-nonworking,3,1,0.74676
hotel,07-nonworking,4,1,0.73794
hotel,07-nonworking,5,2,0.73206
hotel,07-nonworking,6,2,0.72912
hotel,07-nonworking,7,3,0.72912
hotel,07-nonworking,8,3,0.73206
hotel,07-nonworking,9,4,0.73794
hotel,07-nonworking,10,4,0.76146
hotel,07-nonworking,11,5,0.80262
hotel,07-nonworking,12,5,0.8673
hotel,07-nonworking,13,6,0.9555
hotel,07-nonworking,14,6,1.0437
hotel,07-nonworking,15,7,1.1319
hotel,07-nonworking,16,7,1.176
hotel,07-nonworking,17,8,1.176
hotel,07-nonworking,18,8,1.1613
hotel,07-nonworking,19,9,1.1319
hotel,07-nonworking,20,9,1.0878
hotel,07-nonworking,21,10,1.029
hotel,07-nonworking,22,10,0.9849
hotel,07-nonworking,23,11,0.9555
hotel,07-nonworking,24,11,0.9408
hotel,07-nonworking,25,12,0.9408
hotel,07-nonworking,26,12,0.93492
hotel,07-nonworking,27,13,0.92316
hotel,07-nonworking,28,13,0.91728
hotel,07-nonworking,29,14,0.91728
hotel,07-nonworking,30,14,0.92316
hotel,07-nonworking,31,15,0.93492
hotel,07-nonworking,32,15,0.96432
hotel,07-nonworking,33,16,1.01136
hotel,07-nonworking,34,16,1.05546
hotel,07-nonworking,35,17,1.09662
hotel,07-nonworking,36,17,1.1466
hotel,07-nonworking,37,18,1.2054
hotel,07-nonworking,38,18,1.2348
hotel,07-nonworking,39,19,1.2348
hotel,07-nonworking,40,19,1.2348
hotel,07-nonworking,41,20,1.2348
hotel,07-nonworking,42,20,1.2201
hotel,07-nonworking,43,21,1.1907
hotel,07-nonworking,44,21,1.1466
hotel,07-nonworking,45,22,1.0878
hotel,07-nonworking,46,22,1.02312
hotel,07-nonworking,47,23,0.95256
hotel,07-nonworking,48,23,0.87906
hotel,07-shutdown,1,0,0.80262
hotel,07-shutdown,2,0,0.75852
hotel,07-shutdown,3,1,0.74676
hotel,07-shutdown,4,1,0.73794
hotel,07-shutdown,5,2,0.73206
hotel,07-shutdown,6,2,0.72912
hotel,07-shutdown,7,3,0.72912
hotel,07-shutdown,8,3,0.73206
hotel,07-shutdown,9,4,0.73794
hotel,07-shutdown,10,4,0.76146
hotel,07-shutdown,11,5,0.80262
hotel,07-shutdown,12,5,0.8673
hotel,07-shutdown,13,6,0.9555
hotel,07-shutdown,14,6,1.0437
hotel,07-shutdown,15,7,1.1319
hotel,07-shutdown,16,7,1.176
hotel,07-shutdown,17,8,1.176
hotel,07-shutdown,18,8,1.1613
hotel,07-shutdown,19,9,1.1319
hotel,07-shutdown,20,9,1.0878
hotel,07-shutdown,21,10,1.029
hotel,07-shutdown,22,10,0.9849
hotel,07-shutdown,23,11,0.9555
hotel,07-shutdown,24,11,0.9408
hotel,07-shutdown,25,12,0.9408
hotel,07-shutdown,26,12,0.93492
hotel,07-shutdown,27,13,0.92316
hotel,07-shutdown,28,13,0.91728
hotel,07-shutdown,29,14,0.91728
hotel,07-shutdown,30,14,0.92316
hotel,07-shutdown,31,15,0.93492
hotel,07-shutdown,32,15,0.96432
hotel,07-shutdown,33,16,1.01136
hotel,07-shutdown,34,16,1.05546
hotel,07-shutdown,35,17,1.09662
hotel,07-shutdown,36,17,1.1466
hotel,07-shutdown,37,18,1.2054
hotel,07-shutdown,38,18,1.2348
hotel,07-shutdown,39,19,1.2348
hotel,07-shutdown,40,19,1.2348
hotel,07-shutdown,41,20,1.2348
hotel,07-shutdown,42,20,1.2201
hotel,07-shutdown,43,21,1.1907
hotel,07-shutdown,44,21,1.1466
hotel,07-shutdown,45,22,1.0878
hotel,07-shutdown,46,22,1.02312
hotel,07-shutdown,47,23,0.95256
hotel,07-shutdown,48,23,0.87906
hotel,08-working,1,0,0.78487
hotel,08-working,2,0,0.74175
hotel,08-working,3,1,0.73025
hotel,08-working,4,1,0.72162
hotel,08-working,5,2,0.71588
hotel,08-working,6,2,0.713
hotel,08-working,7,3,0.713
hotel,08-working,8,3,0.71588
hotel,08-working,9,4,0.72162
hotel,08-working,10,4,0.74462
hotel,08-working,11,5,0.78487
hotel,08-working,12,5,0.84812
hotel,08-working,13,6,0.93437
hotel,08-working,14,6,1.02062
hotel,08-working,15,7,1.10687
hotel,08-working,16,7,1.15
hotel,08-working,17,8,1.15
hotel,08-working,18,8,1.13562
hotel,08-working,19,9,1.10687
hotel,08-working,20,9,1.06375
hotel,08-working,21,10,1.00625
hotel,08-working,22,10,0.96312
hotel,08-working,23,11,0.93437
hotel,08-working,24,11,0.92
hotel,08-working,25,12,0.92
hotel,08-working,26,12,0.91425
hotel,08-working,27,13,0.90275
hotel,08-working,28,13,0.897
hotel,08-working,29,14,0.897
hotel,08-working,30,14,0.90275
hotel,08-working,31,15,0.91425
hotel,08-working,32,15,0.943
hotel,08-working,33,16,0.989
hotel,08-working,34,16,1.03212
hotel,08-working,35,17,1.07237
hotel,08-working,36,17,1.12125
hotel,08-working,37,18,1.17875
hotel,08-working,38,18,1.2075
hotel,08-working,39,19,1.2075
hotel,08-working,40,19,1.2075
hotel,08-working,41,20,1.2075
hotel,08-working,42,20,1.19312
hotel,08-working,43,21,1.16437
hotel,08-working,44,21,1.12125
hotel,08-working,45,22,1.06375
hotel,08-working,46,22,1.0005
hotel,08-working,47,23,0.9315
hotel,08-working,48,23,0.85962
hotel,08-nonworking,1,0,0.82412
hotel,08-nonworking,2,0,0.77884
hotel,08-nonworking,3,1,0.76676
hotel,08-nonworking,4,1,0.75771
hotel,08-nonworking,5,2,0.75167
hotel,08-nonworking,6,2,0.74865
hotel,08-nonworking,7,3,0.74865
hotel,08-nonworking,8,3,0.75167
hotel,08-nonworking,9,4,0.75771
hotel,08-nonworking,10,4,0.78186
hotel,08-nonworking,11,5,0.82412
hotel,08-nonworking,12,5,0.89053
hotel,08-nonworking,13,6,0.98109
hotel,08-nonworking,14,6,1.07166
hotel,08-nonworking,15,7,1.16222
hotel,08-nonworking,16,7,1.2075
hotel,08-nonworking,17,8,1.2075
hotel,08-nonworking,18,8,1.19241
hotel,08-nonworking,19,9,1.16222
hotel,08-nonworking,20,9,1.11694
hotel,08-nonworking,21,10,1.05656
hotel,08-nonworking,22,10,1.01128
hotel,08-nonworking,23,11,0.98109
hotel,08-nonworking,24,11,0.966
hotel,08-nonworking,25,12,0.966
hotel,08-nonworking,26,12,0.95996
hotel,08-nonworking,27,13,0.94789
hotel,08-nonworking,28,13,0.94185
hotel,08-nonworking,29,14,0.94185
hotel,08-nonworking,30,14,0.94789
hotel,08-nonworking,31,15,0.95996
hotel,08-nonworking,32,15,0.99015
hotel,08-nonworking,33,16,1.03845
hotel,08-nonworking,34,16,1.08373
hotel,08-nonworking,35,17,1.12599
hotel,08-nonworking,36,17,1.17731
hotel,08-nonworking,37,18,1.23769
hotel,08-nonworking,38,18,1.26787
hotel,08-nonworking,39,19,1.26787
hotel,08-nonworking,40,19,1.26787
hotel,08-nonworking,41,20,1.26787
hotel,08-nonworking,42,20,1.25278
hotel,08-nonworking,43,21,1.22259
hotel,08-nonworking,44,21,1.17731
hotel,08-nonworking,45,22,1.11694
hotel,08-nonworking,46,22,1.05052
hotel,08-nonworking,47,23,0.97808
hotel,08-nonworking,48,23,0.90261
hotel,08-shutdown,1,0,0.82412
hotel,08-shutdown,2,0,0.77884
hotel,08-shutdown,3,1,0.76676
hotel,08-shutdown,4,1,0.75771
hotel,08-shutdown,5,2,0.75167
hotel,08-shutdown,6,2,0.74865
hotel,08-shutdown,7,3,0.74865
hotel,08-shutdown,8,3,0.75167
hotel,08-shutdown,9,4,0.75771
hotel,08-shutdown,10,4,0.78186
hotel,08-shutdown,11,5,0.82412
hotel,08-shutdown,12,5,0.89053
hotel,08-shutdown,13,6,0.98109
hotel,08-shutdown,14,6,1.07166
hotel,08-shutdown,15,7,1.16222
hotel,08-shutdown,16,7,1.2075
hotel,08-shutdown,17,8,1.2075
hotel,08-shutdown,18,8,1.19241
hotel,08-shutdown,19,9,1.16222
hotel,08-shutdown,20,9,1.11694
hotel,08-shutdown,21,10,1.05656
hotel,08-shutdown,22,10,1.01128
hotel,08-shutdown,23,11,0.98109
hotel,08-shutdown,24,11,0.966
hotel,08-shutdown,25,12,0.966
hotel,08-shutdown,26,12,0.95996
hotel,08-shutdown,27,13,0.94789
hotel,08-shutdown,28,13,0.94185
hotel,08-shutdown,29,14,0.94185
hotel,08-shutdown,30,14,0.94789
hotel,08-shutdown,31,15,0.95996
hotel,08-shutdown,32,15,0.99015
hotel,08-shutdown,33,16,1.03845
hotel,08-shutdown,34,16,1.08373
hotel,08-shutdown,35,17,1.12599
hotel,08-shutdown,36,17,1.17731
hotel,08-shutdown,37,18,1.23769
hotel,08-shutdown,38,18,1.26787
hotel,08-shutdown,39,19,1.26787
hotel,08-shutdown,40,19,1.26787
hotel,08-shutdown,41,20,1.26787
hotel,08-shutdown,42,20,1.25278
hotel,08-shutdown,43,21,1.22259
hotel,08-shutdown,44,21,1.17731
hotel,08-shutdown,45,22,1.11694
hotel,08-shutdown,46,22,1.05052
hotel,08-shutdown,47,23,0.97808
hotel,08-shutdown,48,23,0.90261
hotel,09-working,1,0,0.71663
hotel,09-working,2,0,0.67725
hotel,09-working,3,1,0.66675
hotel,09-working,4,1,0.65887
hotel,09-working,5,2,0.65363
hotel,09-working,6,2,0.651
hotel,09-working,7,3,0.651
hotel,09-working,8,3,0.65363
hotel,09-working,9,4,0.65887
hotel,09-working,10,4,0.67988
hotel,09-working,11,5,0.71663
hotel,09-working,12,5,0.77437
hotel,09-working,13,6,0.85313
hotel,09-working,14,6,0.93188
hotel,09-working,15,7,1.01063
hotel,09-working,16,7,1.05
hotel,09-working,17,8,1.05
hotel,09-working,18,8,1.03687
hotel,09-working,19,9,1.01062
hotel,09-working,20,9,0.97125
hotel,09-working,21,10,0.91875
hotel,09-working,22,10,0.87938
hotel,09-working,23,11,0.85313
hotel,09-working,24,11,0.84
hotel,09-working,25,12,0.84
hotel,09-working,26,12,0.83475
hotel,09-working,27,13,0.82425
hotel,09-working,28,13,0.819
hotel,09-working,29,14,0.819
hotel,09-working,30,14,0.82425
hotel,09-working,31,15,0.83475
hotel,09-working,32,15,0.861
hotel,09-working,33,16,0.903
hotel,09-working,34,16,0.94237
hotel,09-working,35,17,0.97913
hotel,09-working,36,17,1.02375
hotel,09-working,37,18,1.07625
hotel,09-working,38,18,1.1025
hotel,09-working,39,19,1.1025
hotel,09-working,40,19,1.1025
hotel,09-working,41,20,1.1025
hotel,09-working,42,20,1.08938
hotel,09-working,43,21,1.06313
hotel,09-working,44,21,1.02375
hotel,09-working,45,22,0.97125
hotel,09-working,46,22,0.9135
hotel,09-working,47,23,0.8505
hotel,09-working,48,23,0.78488
hotel,09-nonworking,1,0,0.75246
hotel,09-nonworking,2,0,0.71111
hotel,09-nonworking,3,1,0.70009
hotel,09-nonworking,4,1,0.69182
hotel,09-nonworking,5,2,0.68631
hotel,09-nonworking,6,2,0.68355
hotel,09-nonworking,7,3,0.68355
hotel,09-nonworking,8,3,0.68631
hotel,09-nonworking,9,4,0.69182
hotel,09-nonworking,10,4,0.71387
hotel,09-nonworking,11,5,0.75246
hotel,09-nonworking,12,5,0.81309
hotel,09-nonworking,13,6,0.89578
hotel,09-nonworking,14,6,0.97847
hotel,09-nonworking,15,7,1.06116
hotel,09-nonworking,16,7,1.1025
hotel,09-nonworking,17,8,1.1025
hotel,09-nonworking,18,8,1.08872
hotel,09-nonworking,19,9,1.06116
hotel,09-nonworking,20,9,1.01981
hotel,09-nonworking,21,10,0.96469
hotel,09-nonworking,22,10,0.92334
hotel,09-nonworking,23,11,0.89578
hotel,09-nonworking,24,11,0.882
hotel,09-nonworking,25,12,0.882
hotel,09-nonworking,26,12,0.87649
hotel,09-nonworking,27,13,0.86546
hotel,09-nonworking,28,13,0.85995
hotel,09-nonworking,29,14,0.85995
hotel,09-nonworking,30,14,0.86546
hotel,09-nonworking,31,15,0.87649
hotel,09-nonworking,32,15,0.90405
hotel,09-nonworking,33,16,0.94815
hotel,09-nonworking,34,16,0.98949
hotel,09-nonworking,35,17,1.02808
hotel,09-nonworking,36,17,1.07494
hotel,09-nonworking,37,18,1.13006
hotel,09-nonworking,38,18,1.15763
hotel,09-nonworking,39,19,1.15763
hotel,09-nonworking,40,19,1.15763
hotel,09-nonworking,41,20,1.15763
hotel,09-nonworking,42,20,1.14384
hotel,09-nonworking,43,21,1.11628
hotel,09-nonworking,44,21,1.07494
hotel,09-nonworking,45,22,1.01981
hotel,09-nonworking,46,22,0.95917
hotel,09-nonworking,47,23,0.89303
hotel,09-nonworking,48,23,0.82412
hotel,09-shutdown,1,0,0.75246
hotel,09-shutdown,2,0,0.71111
hotel,09-shutdown,3,1,0.70009
hotel,09-shutdown,4,1,0.69182
hotel,09-shutdown,5,2,0.68631
hotel,09-shutdown,6,2,0.68355
hotel,09-shutdown,7,3,0.68355
hotel,09-shutdown,8,3,0.68631
hotel,09-shutdown,9,4,0.69182
hotel,09-shutdown,10,4,0.71387
hotel,09-shutdown,11,5,0.75246
hotel,09-shutdown,12,5,0.81309
hotel,09-shutdown,13,6,0.89578
hotel,09-shutdown,14,6,0.97847
hotel,09-shutdown,15,7,1.06116
hotel,09-shutdown,16,7,1.1025
hotel,09-shutdown,17,8,1.1025
hotel,09-shutdown,18,8,1.08872
hotel,09-shutdown,19,9,1.06116
hotel,09-shutdown,20,9,1.01981
hotel,09-shutdown,21,10,0.96469
hotel,09-shutdown,22,10,0.92334
hotel,09-shutdown,23,11,0.89578
hotel,09-shutdown,24,11,0.882
hotel,09-shutdown,25,12,0.882
hotel,09-shutdown,26,12,0.87649
hotel,09-shutdown,27,13,0.86546
hotel,09-shutdown,28,13,0.85995
hotel,09-shutdown,29,14,0.85995
hotel,09-shutdown,30,14,0.86546
hotel,09-shutdown,31,15,0.87649
hotel,09-shutdown,32,15,0.90405
hotel,09-shutdown,33,16,0.94815
hotel,09-shutdown,34,16,0.98949
hotel,09-shutdown,35,17,1.02808
hotel,09-shutdown,36,17,1.07494
hotel,09-shutdown,37,18,1.13006
hotel,09-shutdown,38,18,1.15763
hotel,09-shutdown,39,19,1.15763
hotel,09-shutdown,40,19,1.15763
hotel,09-shutdown,41,20,1.15763
hotel,09-shutdown,42,20,1.14384
hotel,09-shutdown,43,21,1.11628
hotel,09-shutdown,44,21,1.07494
hotel,09-shutdown,45,22,1.01981
hotel,09-shutdown,46,22,0.95917
hotel,09-shutdown,47,23,0.89303
hotel,09-shutdown,48,23,0.82412
hotel,10-working,1,0,0.66885
hotel,10-working,2,0,0.6321
hotel,10-working,3,1,0.6223
hotel,10-working,4,1,0.61495
hotel,10-working,5,2,0.61005
hotel,10-working,6,2,0.6076
hotel,10-working,7,3,0.6076
hotel,10-working,8,3,0.61005
hotel,10-working,9,4,0.61495
hotel,10-working,10,4,0.63455
hotel,10-working,11,5,0.66885
hotel,10-working,12,5,0.72275
hotel,10-working,13,6,0.79625
hotel,10-working,14,6,0.86975
hotel,10-working,15,7,0.94325
hotel,10-working,16,7,0.98
hotel,10-working,17,8,0.98
hotel,10-working,18,8,0.96775
hotel,10-working,19,9,0.94325
hotel,10-working,20,9,0.9065
hotel,10-working,21,10,0.8575
hotel,10-working,22,10,0.82075
hotel,10-working,23,11,0.79625
hotel,10-working,24,11,0.784
hotel,10-working,25,12,0.784
hotel,10-working,26,12,0.7791
hotel,10-working,27,13,0.7693
hotel,10-working,28,13,0.7644
hotel,10-working,29,14,0.7644
hotel,10-working,30,14,0.7693
hotel,10-working,31,15,0.7791
hotel,10-working,32,15,0.8036
hotel,10-working,33,16,0.8428
hotel,10-working,34,16,0.87955
hotel,10-working,35,17,0.91385
hotel,10-working,36,17,0.9555
hotel,10-working,37,18,1.0045
hotel,10-working,38,18,1.029
hotel,10-working,39,19,1.029
hotel,10-working,40,19,1.029
hotel,10-working,41,20,1.029
hotel,10-working,42,20,1.01675
hotel,10-working,43,21,0.99225
hotel,10-working,44,21,0.9555
hotel,10-working,45,22,0.9065
hotel,10-working,46,22,0.8526
hotel,10-working,47,23,0.7938
hotel,10-working,48,23,0.73255
hotel,10-nonworking,1,0,0.70229
hotel,10-nonworking,2,0,0.6637
hotel,10-nonworking,3,1,0.65342
hotel,10-nonworking,4,1,0.6457
hotel,10-nonworking,5,2,0.64055
hotel,10-nonworking,6,2,0.63798
hotel,10-nonworking,7,3,0.63798
hotel,10-nonworking,8,3,0.64055
hotel,10-nonworking,9,4,0.6457
hotel,10-nonworking,10,4,0.66628
hotel,10-nonworking,11,5,0.70229
hotel,10-nonworking,12,5,0.75889
hotel,10-nonworking,13,6,0.83606
hotel,10-nonworking,14,6,0.91324
hotel,10-nonworking,15,7,0.99041
hotel,10-nonworking,16,7,1.029
hotel,10-nonworking,17,8,1.029
hotel,10-nonworking,18,8,1.01614
hotel,10-nonworking,19,9,0.99041
hotel,10-nonworking,20,9,0.95182
hotel,10-nonworking,21,10,0.90038
hotel,10-nonworking,22,10,0.86179
hotel,10-nonworking,23,11,0.83606
hotel,10-nonworking,24,11,0.8232
hotel,10-nonworking,25,12,0.8232
hotel,10-nonworking,26,12,0.81806
hotel,10-nonworking,27,13,0.80777
hotel,10-nonworking,28,13,0.80262
hotel,10-nonworking,29,14,0.80262
hotel,10-nonworking,30,14,0.80777
hotel,10-nonworking,31,15,0.81806
hotel,10-nonworking,32,15,0.84378
hotel,10-nonworking,33,16,0.88494
hotel,10-nonworking,34,16,0.92353
hotel,10-nonworking,35,17,0.95954
hotel,10-nonworking,36,17,1.00327
hotel,10-nonworking,37,18,1.05472
hotel,10-nonworking,38,18,1.08045
hotel,10-nonworking,39,19,1.08045
hotel,10-nonworking,40,19,1.08045
hotel,10-nonworking,41,20,1.08045
hotel,10-nonworking,42,20,1.06759
hotel,10-nonworking,43,21,1.04186
hotel,10-nonworking,44,21,1.00327
hotel,10-nonworking,45,22,0.95183
hotel,10-nonworking,46,22,0.89523
hotel,10-nonworking,47,23,0.83349
hotel,10-nonworking,48,23,0.76918
hotel,10-shutdown,1,0,0.70229
hotel,10-shutdown,2,0,0.6637
hotel,10-shutdown,3,1,0.65342
hotel,10-shutdown,4,1,0.6457
hotel,10-shutdown,5,2,0.64055
hotel,10-shutdown,6,2,0.63798
hotel,10-shutdown,7,3,0.63798
hotel,10-shutdown,8,3,0.64055
hotel,10-shutdown,9,4,0.6457
hotel,10-shutdown,10,4,0.66628
hotel,10-shutdown,11,5,0.70229
hotel,10-shutdown,12,5,0.75889
hotel,10-shutdown,13,6,0.83606
hotel,10-shutdown,14,6,0.91324
hotel,10-shutdown,15,7,0.99041
hotel,10-shutdown,16,7,1.029
hotel,10-shutdown,17,8,1.029
hotel,10-shutdown,18,8,1.01614
hotel,10-shutdown,19,9,0.99041
hotel,10-shutdown,20,9,0.95182
hotel,10-shutdown,21,10,0.90038
hotel,10-shutdown,22,10,0.86179
hotel,10-shutdown,23,11,0.83606
hotel,10-shutdown,24,11,0.8232
hotel,10-shutdown,25,12,0.8232
hotel,10-shutdown,26,12,0.81806
hotel,10-shutdown,27,13,0.80777
hotel,10-shutdown,28,13,0.80262
hotel,10-shutdown,29,14,0.80262
hotel,10-shutdown,30,14,0.80777
hotel,10-shutdown,31,15,0.81806
hotel,10-shutdown,32,15,0.84378
hotel,10-shutdown,33,16,0.88494
hotel,10-shutdown,34,16,0.92353
hotel,10-shutdown,35,17,0.95954
hotel,10-shutdown,36,17,1.00327
hotel,10-shutdown,37,18,1.05472
hotel,10-shutdown,38,18,1.08045
hotel,10-shutdown,39,19,1.08045
hotel,10-shutdown,40,19,1.08045
hotel,10-shutdown,41,20,1.08045
hotel,10-shutdown,42,20,1.06759
hotel,10-shutdown,43,21,1.04186
hotel,10-shutdown,44,21,1.00327
hotel,10-shutdown,45,22,0.95183
hotel,10-shutdown,46,22,0.89523
hotel,10-shutdown,47,23,0.83349
hotel,10-shutdown,48,23,0.76918
hotel,11-working,1,0,0.66885
hotel,11-working,2,0,0.6321
hotel,11-working,3,1,0.6223
hotel,11-working,4,1,0.61495
hotel,11-working,5,2,0.61005
hotel,11-working,6,2,0.6076
hotel,11-working,7,3,0.6076
hotel,11-working,8,3,0.61005
hotel,11-working,9,4,0.61495
hotel,11-working,10,4,0.63455
hotel,11-working,11,5,0.66885
hotel,11-working,12,5,0.72275
hotel,11-working,13,6,0.79625
hotel,11-working,14,6,0.86975
hotel,11-working,15,7,0.94325
hotel,11-working,16,7,0.98
hotel,11-working,17,8,0.98
hotel,11-working,18,8,0.96775
hotel,11-working,19,9,0.94325
hotel,11-working,20,9,0.9065
hotel,11-working,21,10,0.8575
hotel,11-working,22,10,0.82075
hotel,11-working,23,11,0.79625
hotel,11-working,24,11,0.784
hotel,11-working,25,12,0.784
hotel,11-working,26,12,0.7791
hotel,11-working,27,13,0.7693
hotel,11-working,28,13,0.7644
hotel,11-working,29,14,0.7644
hotel,11-working,30,14,0.7693
hotel,11-working,31,15,0.7791
hotel,11-working,32,15,0.8036
hotel,11-working,33,16,0.8428
hotel,11-working,34,16,0.87955
hotel,11-working,35,17,0.91385
hotel,11-working,36,17,0.9555
hotel,11-working,37,18,1.0045
hotel,11-working,38,18,1.029
hotel,11-working,39,19,1.029
hotel,11-working,40,19,1.029
hotel,11-working,41,20,1.029
hotel,11-working,42,20,1.01675
hotel,11-working,43,21,0.99225
hotel,11-working,44,21,0.9555
hotel,11-working,45,22,0.9065
hotel,11-working,46,22,0.8526
hotel,11-working,47,23,0.7938
hotel,11-working,48,23,0.73255
hotel,11-nonworking,1,0,0.70229
hotel,11-nonworking,2,0,0.6637
hotel,11-nonworking,3,1,0.65342
hotel,11-nonworking,4,1,0.6457
hotel,11-nonworking,5,2,0.64055
hotel,11-nonworking,6,2,0.63798
hotel,11-nonworking,7,3,0.63798
hotel,11-nonworking,8,3,0.64055
hotel,11-nonworking,9,4,0.6457
hotel,11-nonworking,10,4,0.66628
hotel,11-nonworking,11,5,0.70229
hotel,11-nonworking,12,5,0.75889
hotel,11-nonworking,13,6,0.83606
hotel,11-nonworking,14,6,0.91324
hotel,11-nonworking,15,7,0.99041
hotel,11-nonworking,16,7,1.029
hotel,11-nonworking,17,8,1.029
hotel,11-nonworking,18,8,1.01614
hotel,11-nonworking,19,9,0.99041
hotel,11-nonworking,20,9,0.95182
hotel,11-nonworking,21,10,0.90038
hotel,11-nonworking,22,10,0.86179
hotel,11-nonworking,23,11,0.83606
hotel,11-nonworking,24,11,0.8232
hotel,11-nonworking,25,12,0.8232
hotel,11-nonworking,26,12,0.81806
hotel,11-nonworking,27,13,0.80777
hotel,11-nonworking,28,13,0.80262
hotel,11-nonworking,29,14,0.80262
hotel,11-nonworking,30,14,0.80777
hotel,11-nonworking,31,15,0.81806
hotel,11-nonworking,32,15,0.84378
hotel,11-nonworking,33,16,0.88494
hotel,11-nonworking,34,16,0.92353
hotel,11-nonworking,35,17,0.95954
hotel,11-nonworking,36,17,1.00327
hotel,11-nonworking,37,18,1.05472
hotel,11-nonworking,38,18,1.08045
hotel,11-nonworking,39,19,1.08045
hotel,11-nonworking,40,19,1.08045
hotel,11-nonworking,41,20,1.08045
hotel,11-nonworking,42,20,1.06759
hotel,11-nonworking,43,21,1.04186
hotel,11-nonworking,44,21,1.00327
hotel,11-nonworking,45,22,0.95183
hotel,11-nonworking,46,22,0.89523
hotel,11-nonworking,47,23,0.83349
hotel,11-nonworking,48,23,0.76918
hotel,11-shutdown,1,0,0.70229
hotel,11-shutdown,2,0,0.6637
hotel,11-shutdown,3,1,0.65342
hotel,11-shutdown,4,1,0.6457
hotel,11-shutdown,5,2,0.64055
hotel,11-shutdown,6,2,0.63798
hotel,11-shutdown,7,3,0.63798
hotel,11-shutdown,8,3,0.64055
hotel,11-shutdown,9,4,0.6457
hotel,11-shutdown,10,4,0.66628
hotel,11-shutdown,11,5,0.70229
hotel,11-shutdown,12,5,0.75889
hotel,11-shutdown,13,6,0.83606
hotel,11-shutdown,14,6,0.91324
hotel,11-shutdown,15,7,0.99041
hotel,11-shutdown,16,7,1.029
hotel,11-shutdown,17,8,1.029
hotel,11-shutdown,18,8,1.01614
hotel,11-shutdown,19,9,0.99041
hotel,11-shutdown,20,9,0.95182
hotel,11-shutdown,21,10,0.90038
hotel,11-shutdown,22,10,0.86179
hotel,11-shutdown,23,11,0.83606
hotel,11-shutdown,24,11,0.8232
hotel,11-shutdown,25,12,0.8232
hotel,11-shutdown,26,12,0.81806
hotel,11-shutdown,27,13,0.80777
hotel,11-shutdown,28,13,0.80262
hotel,11-shutdown,29,14,0.80262
hotel,11-shutdown,30,14,0.80777
hotel,11-shutdown,31,15,0.81806
hotel,11-shutdown,32,15,0.84378
hotel,11-shutdown,33,16,0.88494
hotel,11-shutdown,34,16,0.92353
hotel,11-shutdown,35,17,0.95954
hotel,11-shutdown,36,17,1.00327
hotel,11-shutdown,37,18,1.05472
hotel,11-shutdown,38,18,1.08045
hotel,11-shutdown,39,19,1.08045
hotel,11-shutdown,40,19,1.08045
hotel,11-shutdown,41,20,1.08045
hotel,11-shutdown,42,20,1.06759
hotel,11-shutdown,43,21,1.04186
hotel,11-shutdown,44,21,1.00327
hotel,11-shutdown,45,22,0.95183
hotel,11-shutdown,46,22,0.89523
hotel,11-shutdown,47,23,0.83349
hotel,11-shutdown,48,23,0.76918
hotel,12-working,1,0,0.7098
hotel,12-working,2,0,0.6708
hotel,12-working,3,1,0.6604
hotel,12-working,4,1,0.6526
hotel,12-working,5,2,0.6474
hotel,12-working,6,2,0.6448
hotel,12-working,7,3,0.6448
hotel,12-working,8,3,0.6474
hotel,12-working,9,4,0.6526
hotel,12-working,10,4,0.6734
hotel,12-working,11,5,0.7098
hotel,12-working,12,5,0.767
hotel,12-working,13,6,0.845
hotel,12-working,14,6,0.923
hotel,12-working,15,7,1.001
hotel,12-working,16,7,1.04
hotel,12-working,17,8,1.04
hotel,12-working,18,8,1.027
hotel,12-working,19,9,1.001
hotel,12-working,20,9,0.962
hotel,12-working,21,10,0.91
hotel,12-working,22,10,0.871
hotel,12-working,23,11,0.845
hotel,12-working,24,11,0.832
hotel,12-working,25,12,0.832
hotel,12-working,26,12,0.8268
hotel,12-working,27,13,0.8164
hotel,12-working,28,13,0.8112
hotel,12-working,29,14,0.8112
hotel,12-working,30,14,0.8164
hotel,12-working,31,15,0.8268
hotel,12-working,32,15,0.8528
hotel,12-working,33,16,0.8944
hotel,12-working,34,16,0.9334
hotel,12-working,35,17,0.9698
hotel,12-working,36,17,1.014
hotel,12-working,37,18,1.066
hotel,12-working,38,18,1.092
hotel,12-working,39,19,1.092
hotel,12-working,40,19,1.092
hotel,12-working,41,20,1.092
hotel,12-working,42,20,1.079
hotel,12-working,43,21,1.053
hotel,12-working,44,21,1.014
hotel,12-working,45,22,0.962
hotel,12-working,46,22,0.9048
hotel,12-working,47,23,0.8424
hotel,12-working,48,23,0.7774
hotel,12-nonworking,1,0,0.74529
hotel,12-nonworking,2,0,0.70434
hotel,12-nonworking,3,1,0.69342
hotel,12-nonworking,4,1,0.68523
hotel,12-nonworking,5,2,0.67977
hotel,12-nonworking,6,2,0.67704
hotel,12-nonworking,7,3,0.67704
hotel,12-nonworking,8,3,0.67977
hotel,12-nonworking,9,4,0.68523
hotel,12-nonworking,10,4,0.70707
hotel,12-nonworking,11,5,0.74529
hotel,12-nonworking,12,5,0.80535
hotel,12-nonworking,13,6,0.88725
hotel,12-nonworking,14,6,0.96915
hotel,12-nonworking,15,7,1.05105
hotel,12-nonworking,16,7,1.092
hotel,12-nonworking,17,8,1.092
hotel,12-nonworking,18,8,1.07835
hotel,12-nonworking,19,9,1.05105
hotel,12-nonworking,20,9,1.0101
hotel,12-nonworking,21,10,0.9555
hotel,12-nonworking,22,10,0.91455
hotel,12-nonworking,23,11,0.88725
hotel,12-nonworking,24,11,0.8736
hotel,12-nonworking,25,12,0.8736
hotel,12-nonworking,26,12,0.86814
hotel,12-nonworking,27,13,0.85722
hotel,12-nonworking,28,13,0.85176
hotel,12-nonworking,29,14,0.85176
hotel,12-nonworking,30,14,0.85722
hotel,12-nonworking,31,15,0.86814
hotel,12-nonworking,32,15,0.89544
hotel,12-nonworking,33,16,0.93912
hotel,12-nonworking,34,16,0.98007
hotel,12-nonworking,35,17,1.01829
hotel,12-nonworking,36,17,1.0647
hotel,12-nonworking,37,18,1.1193
hotel,12-nonworking,38,18,1.1466
hotel,12-nonworking,39,19,1.1466
hotel,12-nonworking,40,19,1.1466
hotel,12-nonworking,41,20,1.1466
hotel,12-nonworking,42,20,1.13295
hotel,12-nonworking,43,21,1.10565
hotel,12-nonworking,44,21,1.0647
hotel,12-nonworking,45,22,1.0101
hotel,12-nonworking,46,22,0.95004
hotel,12-nonworking,47,23,0.88452
hotel,12-nonworking,48,23,0.81627
hotel,12-shutdown,1,0,0.74529
hotel,12-shutdown,2,0,0.70434
hotel,12-shutdown,3,1,0.69342
hotel,12-shutdown,4,1,0.68523
hotel,12-shutdown,5,2,0.67977
hotel,12-shutdown,6,2,0.67704
hotel,12-shutdown,7,3,0.67704
hotel,12-shutdown,8,3,0.67977
hotel,12-shutdown,9,4,0.68523
hotel,12-shutdown,10,4,0.70707
hotel,12-shutdown,11,5,0.74529
hotel,12-shutdown,12,5,0.80535
hotel,12-shutdown,13,6,0.88725
hotel,12-shutdown,14,6,0.96915
hotel,12-shutdown,15,7,1.05105
hotel,12-shutdown,16,7,1.092
hotel,12-shutdown,17,8,1.092
hotel,12-shutdown,18,8,1.07835
hotel,12-shutdown,19,9,1.05105
hotel,12-shutdown,20,9,1.0101
hotel,12-shutdown,21,10,0.9555
hotel,12-shutdown,22,10,0.91455
hotel,12-shutdown,23,11,0.88725
hotel,12-shutdown,24,11,0.8736
hotel,12-shutdown,25,12,0.8736
hotel,12-shutdown,26,12,0.86814
hotel,12-shutdown,27,13,0.85722
hotel,12-shutdown,28,13,0.85176
hotel,12-shutdown,29,14,0.85176
hotel,12-shutdown,30,14,0.85722
hotel,12-shutdown,31,15,0.86814
hotel,12-shutdown,32,15,0.89544
hotel,12-shutdown,33,16,0.93912
hotel,12-shutdown,34,16,0.98007
hotel,12-shutdown,35,17,1.01829
hotel,12-shutdown,36,17,1.0647
hotel,12-shutdown,37,18,1.1193
hotel,12-shutdown,38,18,1.1466
hotel,12-shutdown,39,19,1.1466
hotel,12-shutdown,40,19,1.1466
hotel,12-shutdown,41,20,1.1466
hotel,12-shutdown,42,20,1.13295
hotel,12-shutdown,43,21,1.10565
hotel,12-shutdown,44,21,1.0647
hotel,12-shutdown,45,22,1.0101
hotel,12-shutdown,46,22,0.95004
hotel,12-shutdown,47,23,0.88452
hotel,12-shutdown,48,23,0.81627
hotel,heat-working,1,0,0.78487
hotel,heat-working,2,0,0.74175
hotel,heat-working,3,1,0.73025
hotel,heat-working,4,1,0.72162
hotel,heat-working,5,2,0.71588
hotel,heat-working,6,2,0.713
hotel,heat-working,7,3,0.713
hotel,heat-working,8,3,0.71588
hotel,heat-working,9,4,0.72162
hotel,heat-working,10,4,0.74462
hotel,heat-working,11,5,0.78487
hotel,heat-working,12,5,0.84812
hotel,heat-working,13,6,0.93437
hotel,heat-working,14,6,1.02062
hotel,heat-working,15,7,1.10687
hotel,heat-working,16,7,1.15
hotel,heat-working,17,8,1.15
hotel,heat-working,18,8,1.13562
hotel,heat-working,19,9,1.10687
hotel,heat-working,20,9,1.06375
hotel,heat-working,21,10,1.00625
hotel,heat-working,22,10,0.96312
hotel,heat-working,23,11,0.93437
hotel,heat-working,24,11,0.92
hotel,heat-working,25,12,0.92
hotel,heat-working,26,12,0.91425
hotel,heat-working,27,13,0.90275
hotel,heat-working,28,13,0.897
hotel,heat-working,29,14,0.897
hotel,heat-working,30,14,0.90275
hotel,heat-working,31,15,0.91425
hotel,heat-working,32,15,0.943
hotel,heat-working,33,16,0.989
hotel,heat-working,34,16,1.03212
hotel,heat-working,35,17,1.07237
hotel,heat-working,36,17,1.12125
hotel,heat-working,37,18,1.17875
hotel,heat-working,38,18,1.2075
hotel,heat-working,39,19,1.2075
hotel,heat-working,40,19,1.2075
hotel,heat-working,41,20,1.2075
hotel,heat-working,42,20,1.19312
hotel,heat-working,43,21,1.16437
hotel,heat-working,44,21,1.12125
hotel,heat-working,45,22,1.06375
hotel,heat-working,46,22,1.0005
hotel,heat-working,47,23,0.9315
hotel,heat-working,48,23,0.85962
hotel,cold-working,1,0,0.7098
hotel,cold-working,2,0,0.6708
hotel,cold-working,3,1,0.6604
hotel,cold-working,4,1,0.6526
hotel,cold-working,5,2,0.6474
hotel,cold-working,6,2,0.6448
hotel,cold-working,7,3,0.6448
hotel,cold-working,8,3,0.6474
hotel,cold-working,9,4,0.6526
hotel,cold-working,10,4,0.6734
hotel,cold-working,11,5,0.7098
hotel,cold-working,12,5,0.767
hotel,cold-working,13,6,0.845
hotel,cold-working,14,6,0.923
hotel,cold-working,15,7,1.001
hotel,cold-working,16,7,1.04
hotel,cold-working,17,8,1.04
hotel,cold-working,18,8,1.027
hotel,cold-working,19,9,1.001
hotel,cold-working,20,9,0.962
hotel,cold-working,21,10,0.91
hotel,cold-working,22,10,0.871
hotel,cold-working,23,11,0.845
hotel,cold-working,24,11,0.832
hotel,cold-working,25,12,0.832
hotel,cold-working,26,12,0.8268
hotel,cold-working,27,13,0.8164
hotel,cold-working,28,13,0.8112
hotel,cold-working,29,14,0.8112
hotel,cold-working,30,14,0.8164
hotel,cold-working,31,15,0.8268
hotel,cold-working,32,15,0.8528
hotel,cold-working,33,16,0.8944
hotel,cold-working,34,16,0.9334
hotel,cold-working,35,17,0.9698
hotel,cold-working,36,17,1.014
hotel,cold-working,37,18,1.066
hotel,cold-working,38,18,1.092
hotel,cold-working,39,19,1.092
hotel,cold-working,40,19,1.092
hotel,cold-working,41,20,1.092
hotel,cold-working,42,20,1.079
hotel,cold-working,43,21,1.053
hotel,cold-working,44,21,1.014
hotel,cold-working,45,22,0.962
hotel,cold-working,46,22,0.9048
hotel,cold-working,47,23,0.8424
hotel,cold-working,48,23,0.7774
