ts,date,hour,slot,soc_pct,power_kw,mode,cell_temp_c,available_discharge_kw,available_charge_kw,policy
2026-08-05T00:00,2026-08-05,0,1,79.443,0.0,idle,27.138,4000.0,2699.715,rule_based_v1
2026-08-05T00:05,2026-08-05,0,1,79.443,0.0,idle,27.13,4000.0,2699.715,rule_based_v1
2026-08-05T00:10,2026-08-05,0,1,79.443,0.0,idle,27.122,4000.0,2699.715,rule_based_v1
2026-08-05T00:15,2026-08-05,0,1,79.443,0.0,idle,27.114,4000.0,2699.715,rule_based_v1
2026-08-05T00:20,2026-08-05,0,1,79.443,0.0,idle,27.106,4000.0,2699.715,rule_based_v1
2026-08-05T00:25,2026-08-05,0,1,79.443,0.0,idle,27.099,4000.0,2699.715,rule_based_v1
2026-08-05T00:30,2026-08-05,0,2,79.443,0.0,idle,27.091,4000.0,2699.715,rule_based_v1
2026-08-05T00:35,2026-08-05,0,2,79.443,0.0,idle,27.083,4000.0,2699.715,rule_based_v1
2026-08-05T00:40,2026-08-05,0,2,79.443,0.0,idle,27.076,4000.0,2699.715,rule_based_v1
2026-08-05T00:45,2026-08-05,0,2,79.443,0.0,idle,27.068,4000.0,2699.715,rule_based_v1
2026-08-05T00:50,2026-08-05,0,2,79.443,0.0,idle,27.061,4000.0,2699.715,rule_based_v1
2026-08-05T00:55,2026-08-05,0,2,79.443,0.0,idle,27.054,4000.0,2699.715,rule_based_v1
2026-08-05T01:00,2026-08-05,1,3,79.443,-900.0,charge,28.127,4000.0,2699.715,rule_based_v1
2026-08-05T01:05,2026-08-05,1,3,80.307,-900.0,charge,28.12,4000.0,2549.715,rule_based_v1
2026-08-05T01:10,2026-08-05,1,3,81.172,-900.0,charge,28.113,4000.0,2399.715,rule_based_v1
2026-08-05T01:15,2026-08-05,1,3,82.036,-900.0,charge,28.106,4000.0,2249.715,rule_based_v1
2026-08-05T01:20,2026-08-05,1,3,82.9,-900.0,charge,28.1,4000.0,2099.715,rule_based_v1
2026-08-05T01:25,2026-08-05,1,3,83.765,-900.0,charge,28.093,4000.0,1949.715,rule_based_v1
2026-08-05T01:30,2026-08-05,1,4,84.629,-900.0,charge,28.087,4000.0,1799.715,rule_based_v1
2026-08-05T01:35,2026-08-05,1,4,85.494,-900.0,charge,28.081,4000.0,1649.715,rule_based_v1
2026-08-05T01:40,2026-08-05,1,4,86.358,-900.0,charge,28.075,4000.0,1499.715,rule_based_v1
2026-08-05T01:45,2026-08-05,1,4,87.222,-900.0,charge,28.069,4000.0,1349.715,rule_based_v1
2026-08-05T01:50,2026-08-05,1,4,88.087,-900.0,charge,28.063,4000.0,1199.715,rule_based_v1
2026-08-05T01:55,2026-08-05,1,4,88.951,-900.0,charge,28.057,4000.0,1049.715,rule_based_v1
2026-08-05T02:00,2026-08-05,2,5,89.815,-899.715,charge,28.051,4000.0,899.715,rule_based_v1
2026-08-05T02:05,2026-08-05,2,5,90.679,-899.715,charge,28.046,4000.0,749.762,rule_based_v1
2026-08-05T02:10,2026-08-05,2,5,91.544,-899.715,charge,28.04,4000.0,599.81,rule_based_v1
2026-08-05T02:15,2026-08-05,2,5,92.408,-899.715,charge,28.035,4000.0,449.857,rule_based_v1
2026-08-05T02:20,2026-08-05,2,5,93.272,-899.715,charge,28.03,4000.0,299.905,rule_based_v1
2026-08-05T02:25,2026-08-05,2,5,94.136,-899.715,charge,28.025,4000.0,149.952,rule_based_v1
2026-08-05T02:30,2026-08-05,2,6,95.0,0.0,idle,26.941,4000.0,0.0,rule_based_v1
2026-08-05T02:35,2026-08-05,2,6,95.0,0.0,idle,26.936,4000.0,0.0,rule_based_v1
2026-08-05T02:40,2026-08-05,2,6,95.0,0.0,idle,26.932,4000.0,0.0,rule_based_v1
2026-08-05T02:45,2026-08-05,2,6,95.0,0.0,idle,26.927,4000.0,0.0,rule_based_v1
2026-08-05T02:50,2026-08-05,2,6,95.0,0.0,idle,26.923,4000.0,0.0,rule_based_v1
2026-08-05T02:55,2026-08-05,2,6,95.0,0.0,idle,26.919,4000.0,0.0,rule_based_v1
2026-08-05T03:00,2026-08-05,3,7,95.0,0.0,idle,26.915,4000.0,0.0,rule_based_v1
2026-08-05T03:05,2026-08-05,3,7,95.0,0.0,idle,26.911,4000.0,0.0,rule_based_v1
2026-08-05T03:10,2026-08-05,3,7,95.0,0.0,idle,26.908,4000.0,0.0,rule_based_v1
2026-08-05T03:15,2026-08-05,3,7,95.0,0.0,idle,26.904,4000.0,0.0,rule_based_v1
2026-08-05T03:20,2026-08-05,3,7,95.0,0.0,idle,26.901,4000.0,0.0,rule_based_v1
2026-08-05T03:25,2026-08-05,3,7,95.0,0.0,idle,26.898,4000.0,0.0,rule_based_v1
2026-08-05T03:30,2026-08-05,3,8,95.0,0.0,idle,26.895,4000.0,0.0,rule_based_v1
2026-08-05T03:35,2026-08-05,3,8,95.0,0.0,idle,26.892,4000.0,0.0,rule_based_v1
2026-08-05T03:40,2026-08-05,3,8,95.0,0.0,idle,26.889,4000.0,0.0,rule_based_v1
2026-08-05T03:45,2026-08-05,3,8,95.0,0.0,idle,26.887,4000.0,0.0,rule_based_v1
2026-08-05T03:50,2026-08-05,3,8,95.0,0.0,idle,26.884,4000.0,0.0,rule_based_v1
2026-08-05T03:55,2026-08-05,3,8,95.0,0.0,idle,26.882,4000.0,0.0,rule_based_v1
2026-08-05T04:00,2026-08-05,4,9,95.0,0.0,idle,26.88,4000.0,0.0,rule_based_v1
2026-08-05T04:05,2026-08-05,4,9,95.0,0.0,idle,26.878,4000.0,0.0,rule_based_v1
2026-08-05T04:10,2026-08-05,4,9,95.0,0.0,idle,26.876,4000.0,0.0,rule_based_v1
2026-08-05T04:15,2026-08-05,4,9,95.0,0.0,idle,26.875,4000.0,0.0,rule_based_v1
2026-08-05T04:20,2026-08-05,4,9,95.0,0.0,idle,26.874,4000.0,0.0,rule_based_v1
2026-08-05T04:25,2026-08-05,4,9,95.0,0.0,idle,26.872,4000.0,0.0,rule_based_v1
2026-08-05T04:30,2026-08-05,4,10,95.0,0.0,idle,26.871,4000.0,0.0,rule_based_v1
2026-08-05T04:35,2026-08-05,4,10,95.0,0.0,idle,26.87,4000.0,0.0,rule_based_v1
2026-08-05T04:40,2026-08-05,4,10,95.0,0.0,idle,26.87,4000.0,0.0,rule_based_v1
2026-08-05T04:45,2026-08-05,4,10,95.0,0.0,idle,26.869,4000.0,0.0,rule_based_v1
2026-08-05T04:50,2026-08-05,4,10,95.0,0.0,idle,26.869,4000.0,0.0,rule_based_v1
2026-08-05T04:55,2026-08-05,4,10,95.0,0.0,idle,26.868,4000.0,0.0,rule_based_v1
2026-08-05T05:00,2026-08-05,5,11,95.0,0.0,idle,26.769,4000.0,0.0,rule_based_v1
2026-08-05T05:05,2026-08-05,5,11,95.0,0.0,idle,26.769,4000.0,0.0,rule_based_v1
2026-08-05T05:10,2026-08-05,5,11,95.0,0.0,idle,26.77,4000.0,0.0,rule_based_v1
2026-08-05T05:15,2026-08-05,5,11,95.0,0.0,idle,26.771,4000.0,0.0,rule_based_v1
2026-08-05T05:20,2026-08-05,5,11,95.0,0.0,idle,26.773,4000.0,0.0,rule_based_v1
2026-08-05T05:25,2026-08-05,5,11,95.0,0.0,idle,26.775,4000.0,0.0,rule_based_v1
2026-08-05T05:30,2026-08-05,5,12,95.0,0.0,idle,26.777,4000.0,0.0,rule_based_v1
2026-08-05T05:35,2026-08-05,5,12,95.0,0.0,idle,26.78,4000.0,0.0,rule_based_v1
2026-08-05T05:40,2026-08-05,5,12,95.0,0.0,idle,26.783,4000.0,0.0,rule_based_v1
2026-08-05T05:45,2026-08-05,5,12,95.0,0.0,idle,26.787,4000.0,0.0,rule_based_v1
2026-08-05T05:50,2026-08-05,5,12,95.0,0.0,idle,26.792,4000.0,0.0,rule_based_v1
2026-08-05T05:55,2026-08-05,5,12,95.0,0.0,idle,26.796,4000.0,0.0,rule_based_v1
2026-08-05T06:00,2026-08-05,6,13,95.0,0.0,idle,26.801,4000.0,0.0,rule_based_v1
2026-08-05T06:05,2026-08-05,6,13,95.0,0.0,idle,26.807,4000.0,0.0,rule_based_v1
2026-08-05T06:10,2026-08-05,6,13,95.0,0.0,idle,26.813,4000.0,0.0,rule_based_v1
2026-08-05T06:15,2026-08-05,6,13,95.0,0.0,idle,26.819,4000.0,0.0,rule_based_v1
2026-08-05T06:20,2026-08-05,6,13,95.0,0.0,idle,26.826,4000.0,0.0,rule_based_v1
2026-08-05T06:25,2026-08-05,6,13,95.0,0.0,idle,26.834,4000.0,0.0,rule_based_v1
2026-08-05T06:30,2026-08-05,6,14,95.0,0.0,idle,26.841,4000.0,0.0,rule_based_v1
2026-08-05T06:35,2026-08-05,6,14,95.0,0.0,idle,26.849,4000.0,0.0,rule_based_v1
2026-08-05T06:40,2026-08-05,6,14,95.0,0.0,idle,26.858,4000.0,0.0,rule_based_v1
2026-08-05T06:45,2026-08-05,6,14,95.0,0.0,idle,26.867,4000.0,0.0,rule_based_v1
2026-08-05T06:50,2026-08-05,6,14,95.0,0.0,idle,26.876,4000.0,0.0,rule_based_v1
2026-08-05T06:55,2026-08-05,6,14,95.0,0.0,idle,26.885,4000.0,0.0,rule_based_v1
2026-08-05T07:00,2026-08-05,7,15,95.0,0.0,idle,26.895,4000.0,0.0,rule_based_v1
2026-08-05T07:05,2026-08-05,7,15,95.0,0.0,idle,26.906,4000.0,0.0,rule_based_v1
2026-08-05T07:10,2026-08-05,7,15,95.0,0.0,idle,26.916,4000.0,0.0,rule_based_v1
2026-08-05T07:15,2026-08-05,7,15,95.0,0.0,idle,26.927,4000.0,0.0,rule_based_v1
2026-08-05T07:20,2026-08-05,7,15,95.0,0.0,idle,26.938,4000.0,0.0,rule_based_v1
2026-08-05T07:25,2026-08-05,7,15,95.0,0.0,idle,26.95,4000.0,0.0,rule_based_v1
2026-08-05T07:30,2026-08-05,7,16,95.0,0.0,idle,26.962,4000.0,0.0,rule_based_v1
2026-08-05T07:35,2026-08-05,7,16,95.0,0.0,idle,26.974,4000.0,0.0,rule_based_v1
2026-08-05T07:40,2026-08-05,7,16,95.0,0.0,idle,26.986,4000.0,0.0,rule_based_v1
2026-08-05T07:45,2026-08-05,7,16,95.0,0.0,idle,26.999,4000.0,0.0,rule_based_v1
2026-08-05T07:50,2026-08-05,7,16,95.0,0.0,idle,27.012,4000.0,0.0,rule_based_v1
2026-08-05T07:55,2026-08-05,7,16,95.0,0.0,idle,27.025,4000.0,0.0,rule_based_v1
2026-08-05T08:00,2026-08-05,8,17,95.0,0.0,idle,27.039,4000.0,0.0,rule_based_v1
2026-08-05T08:05,2026-08-05,8,17,95.0,0.0,idle,27.053,4000.0,0.0,rule_based_v1
2026-08-05T08:10,2026-08-05,8,17,95.0,0.0,idle,27.067,4000.0,0.0,rule_based_v1
2026-08-05T08:15,2026-08-05,8,17,95.0,0.0,idle,27.081,4000.0,0.0,rule_based_v1
2026-08-05T08:20,2026-08-05,8,17,95.0,0.0,idle,27.095,4000.0,0.0,rule_based_v1
2026-08-05T08:25,2026-08-05,8,17,95.0,0.0,idle,27.11,4000.0,0.0,rule_based_v1
2026-08-05T08:30,2026-08-05,8,18,95.0,0.0,idle,27.124,4000.0,0.0,rule_based_v1
2026-08-05T08:35,2026-08-05,8,18,95.0,0.0,idle,27.139,4000.0,0.0,rule_based_v1
2026-08-05T08:40,2026-08-05,8,18,95.0,0.0,idle,27.154,4000.0,0.0,rule_based_v1
2026-08-05T08:45,2026-08-05,8,18,95.0,0.0,idle,27.169,4000.0,0.0,rule_based_v1
2026-08-05T08:50,2026-08-05,8,18,95.0,0.0,idle,27.184,4000.0,0.0,rule_based_v1
2026-08-05T08:55,2026-08-05,8,18,95.0,0.0,idle,27.2,4000.0,0.0,rule_based_v1
2026-08-05T09:00,2026-08-05,9,19,95.0,0.0,idle,27.215,4000.0,0.0,rule_based_v1
2026-08-05T09:05,2026-08-05,9,19,95.0,0.0,idle,27.231,4000.0,0.0,rule_based_v1
2026-08-05T09:10,2026-08-05,9,19,95.0,0.0,idle,27.246,4000.0,0.0,rule_based_v1
2026-08-05T09:15,2026-08-05,9,19,95.0,0.0,idle,27.262,4000.0,0.0,rule_based_v1
2026-08-05T09:20,2026-08-05,9,19,95.0,0.0,idle,27.278,4000.0,0.0,rule_based_v1
2026-08-05T09:25,2026-08-05,9,19,95.0,0.0,idle,27.293,4000.0,0.0,rule_based_v1
2026-08-05T09:30,2026-08-05,9,20,95.0,0.0,idle,27.309,4000.0,0.0,rule_based_v1
2026-08-05T09:35,2026-08-05,9,20,95.0,0.0,idle,27.325,4000.0,0.0,rule_based_v1
2026-08-05T09:40,2026-08-05,9,20,95.0,0.0,idle,27.34,4000.0,0.0,rule_based_v1
2026-08-05T09:45,2026-08-05,9,20,95.0,0.0,idle,27.356,4000.0,0.0,rule_based_v1
2026-08-05T09:50,2026-08-05,9,20,95.0,0.0,idle,27.372,4000.0,0.0,rule_based_v1
2026-08-05T09:55,2026-08-05,9,20,95.0,0.0,idle,27.387,4000.0,0.0,rule_based_v1
2026-08-05T10:00,2026-08-05,10,21,95.0,0.0,idle,27.403,4000.0,0.0,rule_based_v1
2026-08-05T10:05,2026-08-05,10,21,95.0,0.0,idle,27.418,4000.0,0.0,rule_based_v1
2026-08-05T10:10,2026-08-05,10,21,95.0,0.0,idle,27.433,4000.0,0.0,rule_based_v1
2026-08-05T10:15,2026-08-05,10,21,95.0,0.0,idle,27.449,4000.0,0.0,rule_based_v1
2026-08-05T10:20,2026-08-05,10,21,95.0,0.0,idle,27.464,4000.0,0.0,rule_based_v1
2026-08-05T10:25,2026-08-05,10,21,95.0,0.0,idle,27.479,4000.0,0.0,rule_based_v1
2026-08-05T10:30,2026-08-05,10,22,95.0,0.0,idle,27.494,4000.0,0.0,rule_based_v1
2026-08-05T10:35,2026-08-05,10,22,95.0,0.0,idle,27.508,4000.0,0.0,rule_based_v1
2026-08-05T10:40,2026-08-05,10,22,95.0,0.0,idle,27.523,4000.0,0.0,rule_based_v1
2026-08-05T10:45,2026-08-05,10,22,95.0,0.0,idle,27.537,4000.0,0.0,rule_based_v1
2026-08-05T10:50,2026-08-05,10,22,95.0,0.0,idle,27.551,4000.0,0.0,rule_based_v1
2026-08-05T10:55,2026-08-05,10,22,95.0,0.0,idle,27.565,4000.0,0.0,rule_based_v1
2026-08-05T11:00,2026-08-05,11,23,95.0,0.0,idle,27.579,4000.0,0.0,rule_based_v1
2026-08-05T11:05,2026-08-05,11,23,95.0,0.0,idle,27.592,4000.0,0.0,rule_based_v1
2026-08-05T11:10,2026-08-05,11,23,95.0,0.0,idle,27.606,4000.0,0.0,rule_based_v1
2026-08-05T11:15,2026-08-05,11,23,95.0,0.0,idle,27.619,4000.0,0.0,rule_based_v1
2026-08-05T11:20,2026-08-05,11,23,95.0,0.0,idle,27.631,4000.0,0.0,rule_based_v1
2026-08-05T11:25,2026-08-05,11,23,95.0,0.0,idle,27.644,4000.0,0.0,rule_based_v1
2026-08-05T11:30,2026-08-05,11,24,95.0,0.0,idle,27.656,4000.0,0.0,rule_based_v1
2026-08-05T11:35,2026-08-05,11,24,95.0,0.0,idle,27.668,4000.0,0.0,rule_based_v1
2026-08-05T11:40,2026-08-05,11,24,95.0,0.0,idle,27.679,4000.0,0.0,rule_based_v1
2026-08-05T11:45,2026-08-05,11,24,95.0,0.0,idle,27.691,4000.0,0.0,rule_based_v1
2026-08-05T11:50,2026-08-05,11,24,95.0,0.0,idle,27.702,4000.0,0.0,rule_based_v1
2026-08-05T11:55,2026-08-05,11,24,95.0,0.0,idle,27.712,4000.0,0.0,rule_based_v1
2026-08-05T12:00,2026-08-05,12,25,95.0,0.0,idle,27.723,4000.0,0.0,rule_based_v1
2026-08-05T12:05,2026-08-05,12,25,95.0,0.0,idle,27.732,4000.0,0.0,rule_based_v1
2026-08-05T12:10,2026-08-05,12,25,95.0,0.0,idle,27.742,4000.0,0.0,rule_based_v1
2026-08-05T12:15,2026-08-05,12,25,95.0,0.0,idle,27.751,4000.0,0.0,rule_based_v1
2026-08-05T12:20,2026-08-05,12,25,95.0,0.0,idle,27.76,4000.0,0.0,rule_based_v1
2026-08-05T12:25,2026-08-05,12,25,95.0,0.0,idle,27.769,4000.0,0.0,rule_based_v1
2026-08-05T12:30,2026-08-05,12,26,95.0,0.0,idle,27.777,4000.0,0.0,rule_based_v1
2026-08-05T12:35,2026-08-05,12,26,95.0,0.0,idle,27.784,4000.0,0.0,rule_based_v1
2026-08-05T12:40,2026-08-05,12,26,95.0,0.0,idle,27.791,4000.0,0.0,rule_based_v1
2026-08-05T12:45,2026-08-05,12,26,95.0,0.0,idle,27.798,4000.0,0.0,rule_based_v1
2026-08-05T12:50,2026-08-05,12,26,95.0,0.0,idle,27.805,4000.0,0.0,rule_based_v1
2026-08-05T12:55,2026-08-05,12,26,95.0,0.0,idle,27.811,4000.0,0.0,rule_based_v1
2026-08-05T13:00,2026-08-05,13,27,95.0,0.0,idle,27.816,4000.0,0.0,rule_based_v1
2026-08-05T13:05,2026-08-05,13,27,95.0,0.0,idle,27.821,4000.0,0.0,rule_based_v1
2026-08-05T13:10,2026-08-05,13,27,95.0,0.0,idle,27.826,4000.0,0.0,rule_based_v1
2026-08-05T13:15,2026-08-05,13,27,95.0,0.0,idle,27.83,4000.0,0.0,rule_based_v1
2026-08-05T13:20,2026-08-05,13,27,95.0,0.0,idle,27.834,4000.0,0.0,rule_based_v1
2026-08-05T13:25,2026-08-05,13,27,95.0,0.0,idle,27.838,4000.0,0.0,rule_based_v1
2026-08-05T13:30,2026-08-05,13,28,95.0,0.0,idle,27.841,4000.0,0.0,rule_based_v1
2026-08-05T13:35,2026-08-05,13,28,95.0,0.0,idle,27.843,4000.0,0.0,rule_based_v1
2026-08-05T13:40,2026-08-05,13,28,95.0,0.0,idle,27.845,4000.0,0.0,rule_based_v1
2026-08-05T13:45,2026-08-05,13,28,95.0,0.0,idle,27.847,4000.0,0.0,rule_based_v1
2026-08-05T13:50,2026-08-05,13,28,95.0,0.0,idle,27.848,4000.0,0.0,rule_based_v1
2026-08-05T13:55,2026-08-05,13,28,95.0,0.0,idle,27.849,4000.0,0.0,rule_based_v1
2026-08-05T14:00,2026-08-05,14,29,95.0,0.0,idle,27.849,4000.0,0.0,rule_based_v1
2026-08-05T14:05,2026-08-05,14,29,95.0,0.0,idle,27.849,4000.0,0.0,rule_based_v1
2026-08-05T14:10,2026-08-05,14,29,95.0,0.0,idle,27.849,4000.0,0.0,rule_based_v1
2026-08-05T14:15,2026-08-05,14,29,95.0,0.0,idle,27.848,4000.0,0.0,rule_based_v1
2026-08-05T14:20,2026-08-05,14,29,95.0,0.0,idle,27.848,4000.0,0.0,rule_based_v1
2026-08-05T14:25,2026-08-05,14,29,95.0,0.0,idle,27.847,4000.0,0.0,rule_based_v1
2026-08-05T14:30,2026-08-05,14,30,95.0,0.0,idle,27.846,4000.0,0.0,rule_based_v1
2026-08-05T14:35,2026-08-05,14,30,95.0,0.0,idle,27.845,4000.0,0.0,rule_based_v1
2026-08-05T14:40,2026-08-05,14,30,95.0,0.0,idle,27.844,4000.0,0.0,rule_based_v1
2026-08-05T14:45,2026-08-05,14,30,95.0,0.0,idle,27.842,4000.0,0.0,rule_based_v1
2026-08-05T14:50,2026-08-05,14,30,95.0,0.0,idle,27.841,4000.0,0.0,rule_based_v1
2026-08-05T14:55,2026-08-05,14,30,95.0,0.0,idle,27.839,4000.0,0.0,rule_based_v1
2026-08-05T15:00,2026-08-05,15,31,95.0,0.0,idle,27.837,4000.0,0.0,rule_based_v1
2026-08-05T15:05,2026-08-05,15,31,95.0,0.0,idle,27.835,4000.0,0.0,rule_based_v1
2026-08-05T15:10,2026-08-05,15,31,95.0,0.0,idle,27.833,4000.0,0.0,rule_based_v1
2026-08-05T15:15,2026-08-05,15,31,95.0,0.0,idle,27.83,4000.0,0.0,rule_based_v1
2026-08-05T15:20,2026-08-05,15,31,95.0,0.0,idle,27.828,4000.0,0.0,rule_based_v1
2026-08-05T15:25,2026-08-05,15,31,95.0,0.0,idle,27.825,4000.0,0.0,rule_based_v1
2026-08-05T15:30,2026-08-05,15,32,95.0,111.094,discharge,27.956,4000.0,0.0,rule_based_v1
2026-08-05T15:35,2026-08-05,15,32,94.874,111.094,discharge,27.953,4000.0,21.781,rule_based_v1
2026-08-05T15:40,2026-08-05,15,32,94.749,111.094,discharge,27.95,4000.0,43.562,rule_based_v1
2026-08-05T15:45,2026-08-05,15,32,94.623,111.094,discharge,27.946,4000.0,65.343,rule_based_v1
2026-08-05T15:50,2026-08-05,15,32,94.498,111.094,discharge,27.943,4000.0,87.124,rule_based_v1
2026-08-05T15:55,2026-08-05,15,32,94.372,111.094,discharge,27.939,4000.0,108.905,rule_based_v1
2026-08-05T16:00,2026-08-05,16,33,94.247,429.403,discharge,28.317,4000.0,130.686,rule_based_v1
2026-08-05T16:05,2026-08-05,16,33,93.762,429.403,discharge,28.314,4000.0,214.874,rule_based_v1
2026-08-05T16:10,2026-08-05,16,33,93.277,429.403,discharge,28.31,4000.0,299.062,rule_based_v1
2026-08-05T16:15,2026-08-05,16,33,92.792,429.403,discharge,28.305,4000.0,383.251,rule_based_v1
2026-08-05T16:20,2026-08-05,16,33,92.306,429.403,discharge,28.301,4000.0,467.439,rule_based_v1
2026-08-05T16:25,2026-08-05,16,33,91.821,429.403,discharge,28.296,4000.0,551.628,rule_based_v1
2026-08-05T16:30,2026-08-05,16,34,91.336,632.086,discharge,28.535,4000.0,635.816,rule_based_v1
2026-08-05T16:35,2026-08-05,16,34,90.622,632.086,discharge,28.53,4000.0,759.742,rule_based_v1
2026-08-05T16:40,2026-08-05,16,34,89.908,632.086,discharge,28.525,4000.0,883.668,rule_based_v1
2026-08-05T16:45,2026-08-05,16,34,89.194,632.086,discharge,28.52,4000.0,1007.595,rule_based_v1
2026-08-05T16:50,2026-08-05,16,34,88.48,632.086,discharge,28.515,4000.0,1131.521,rule_based_v1
2026-08-05T16:55,2026-08-05,16,34,87.765,632.086,discharge,28.51,4000.0,1255.447,rule_based_v1
2026-08-05T17:00,2026-08-05,17,35,87.051,803.57,discharge,28.71,4000.0,1379.373,rule_based_v1
2026-08-05T17:05,2026-08-05,17,35,86.143,803.57,discharge,28.704,4000.0,1536.92,rule_based_v1
2026-08-05T17:10,2026-08-05,17,35,85.236,803.57,discharge,28.699,4000.0,1694.468,rule_based_v1
2026-08-05T17:15,2026-08-05,17,35,84.328,803.57,discharge,28.693,4000.0,1852.015,rule_based_v1
2026-08-05T17:20,2026-08-05,17,35,83.42,803.57,discharge,28.687,4000.0,2009.562,rule_based_v1
2026-08-05T17:25,2026-08-05,17,35,82.512,803.57,discharge,28.681,4000.0,2167.109,rule_based_v1
2026-08-05T17:30,2026-08-05,17,36,81.604,538.677,discharge,28.357,4000.0,2324.656,rule_based_v1
2026-08-05T17:35,2026-08-05,17,36,80.996,538.677,discharge,28.35,4000.0,2430.269,rule_based_v1
2026-08-05T17:40,2026-08-05,17,36,80.387,538.677,discharge,28.344,4000.0,2535.881,rule_based_v1
2026-08-05T17:45,2026-08-05,17,36,79.778,538.677,discharge,28.337,4000.0,2641.494,rule_based_v1
2026-08-05T17:50,2026-08-05,17,36,79.17,538.677,discharge,28.33,4000.0,2747.107,rule_based_v1
2026-08-05T17:55,2026-08-05,17,36,78.561,538.677,discharge,28.324,4000.0,2852.719,rule_based_v1
2026-08-05T18:00,2026-08-05,18,37,77.953,0.0,idle,27.67,4000.0,2958.332,rule_based_v1
2026-08-05T18:05,2026-08-05,18,37,77.953,0.0,idle,27.663,4000.0,2958.332,rule_based_v1
2026-08-05T18:10,2026-08-05,18,37,77.953,0.0,idle,27.656,4000.0,2958.332,rule_based_v1
2026-08-05T18:15,2026-08-05,18,37,77.953,0.0,idle,27.649,4000.0,2958.332,rule_based_v1
2026-08-05T18:20,2026-08-05,18,37,77.953,0.0,idle,27.641,4000.0,2958.332,rule_based_v1
2026-08-05T18:25,2026-08-05,18,37,77.953,0.0,idle,27.634,4000.0,2958.332,rule_based_v1
2026-08-05T18:30,2026-08-05,18,38,77.953,0.0,idle,27.626,4000.0,2958.332,rule_based_v1
2026-08-05T18:35,2026-08-05,18,38,77.953,0.0,idle,27.619,4000.0,2958.332,rule_based_v1
2026-08-05T18:40,2026-08-05,18,38,77.953,0.0,idle,27.611,4000.0,2958.332,rule_based_v1
2026-08-05T18:45,2026-08-05,18,38,77.953,0.0,idle,27.603,4000.0,2958.332,rule_based_v1
2026-08-05T18:50,2026-08-05,18,38,77.953,0.0,idle,27.595,4000.0,2958.332,rule_based_v1
2026-08-05T18:55,2026-08-05,18,38,77.953,0.0,idle,27.587,4000.0,2958.332,rule_based_v1
2026-08-05T19:00,2026-08-05,19,39,77.953,873.381,discharge,28.627,4000.0,2958.332,rule_based_v1
2026-08-05T19:05,2026-08-05,19,39,76.966,873.381,discharge,28.619,4000.0,3129.566,rule_based_v1
2026-08-05T19:10,2026-08-05,19,39,75.979,873.381,discharge,28.61,4000.0,3300.8,rule_based_v1
2026-08-05T19:15,2026-08-05,19,39,74.992,873.381,discharge,28.602,4000.0,3472.034,rule_based_v1
2026-08-05T19:20,2026-08-05,19,39,74.006,873.381,discharge,28.594,4000.0,3643.268,rule_based_v1
2026-08-05T19:25,2026-08-05,19,39,73.019,873.381,discharge,28.585,4000.0,3814.503,rule_based_v1
2026-08-05T19:30,2026-08-05,19,40,72.032,209.274,discharge,27.78,4000.0,3985.737,rule_based_v1
2026-08-05T19:35,2026-08-05,19,40,71.796,209.274,discharge,27.771,4000.0,4000.0,rule_based_v1
2026-08-05T19:40,2026-08-05,19,40,71.559,209.274,discharge,27.762,4000.0,4000.0,rule_based_v1
2026-08-05T19:45,2026-08-05,19,40,71.323,209.274,discharge,27.754,4000.0,4000.0,rule_based_v1
2026-08-05T19:50,2026-08-05,19,40,71.086,209.274,discharge,27.745,4000.0,4000.0,rule_based_v1
2026-08-05T19:55,2026-08-05,19,40,70.85,209.274,discharge,27.736,4000.0,4000.0,rule_based_v1
2026-08-05T20:00,2026-08-05,20,41,70.614,0.0,idle,27.476,4000.0,4000.0,rule_based_v1
2026-08-05T20:05,2026-08-05,20,41,70.614,0.0,idle,27.467,4000.0,4000.0,rule_based_v1
2026-08-05T20:10,2026-08-05,20,41,70.614,0.0,idle,27.458,4000.0,4000.0,rule_based_v1
2026-08-05T20:15,2026-08-05,20,41,70.614,0.0,idle,27.449,4000.0,4000.0,rule_based_v1
2026-08-05T20:20,2026-08-05,20,41,70.614,0.0,idle,27.44,4000.0,4000.0,rule_based_v1
2026-08-05T20:25,2026-08-05,20,41,70.614,0.0,idle,27.43,4000.0,4000.0,rule_based_v1
2026-08-05T20:30,2026-08-05,20,42,70.614,0.0,idle,27.421,4000.0,4000.0,rule_based_v1
2026-08-05T20:35,2026-08-05,20,42,70.614,0.0,idle,27.412,4000.0,4000.0,rule_based_v1
2026-08-05T20:40,2026-08-05,20,42,70.614,0.0,idle,27.403,4000.0,4000.0,rule_based_v1
2026-08-05T20:45,2026-08-05,20,42,70.614,0.0,idle,27.393,4000.0,4000.0,rule_based_v1
2026-08-05T20:50,2026-08-05,20,42,70.614,0.0,idle,27.384,4000.0,4000.0,rule_based_v1
2026-08-05T20:55,2026-08-05,20,42,70.614,0.0,idle,27.375,4000.0,4000.0,rule_based_v1
2026-08-05T21:00,2026-08-05,21,43,70.614,0.0,idle,27.365,4000.0,4000.0,rule_based_v1
2026-08-05T21:05,2026-08-05,21,43,70.614,0.0,idle,27.356,4000.0,4000.0,rule_based_v1
2026-08-05T21:10,2026-08-05,21,43,70.614,0.0,idle,27.347,4000.0,4000.0,rule_based_v1
2026-08-05T21:15,2026-08-05,21,43,70.614,0.0,idle,27.337,4000.0,4000.0,rule_based_v1
2026-08-05T21:20,2026-08-05,21,43,70.614,0.0,idle,27.328,4000.0,4000.0,rule_based_v1
2026-08-05T21:25,2026-08-05,21,43,70.614,0.0,idle,27.318,4000.0,4000.0,rule_based_v1
2026-08-05T21:30,2026-08-05,21,44,70.614,0.0,idle,27.309,4000.0,4000.0,rule_based_v1
2026-08-05T21:35,2026-08-05,21,44,70.614,0.0,idle,27.299,4000.0,4000.0,rule_based_v1
2026-08-05T21:40,2026-08-05,21,44,70.614,0.0,idle,27.29,4000.0,4000.0,rule_based_v1
2026-08-05T21:45,2026-08-05,21,44,70.614,0.0,idle,27.281,4000.0,4000.0,rule_based_v1
2026-08-05T21:50,2026-08-05,21,44,70.614,0.0,idle,27.271,4000.0,4000.0,rule_based_v1
2026-08-05T21:55,2026-08-05,21,44,70.614,0.0,idle,27.262,4000.0,4000.0,rule_based_v1
2026-08-05T22:00,2026-08-05,22,45,70.614,0.0,idle,27.252,4000.0,4000.0,rule_based_v1
2026-08-05T22:05,2026-08-05,22,45,70.614,0.0,idle,27.243,4000.0,4000.0,rule_based_v1
2026-08-05T22:10,2026-08-05,22,45,70.614,0.0,idle,27.234,4000.0,4000.0,rule_based_v1
2026-08-05T22:15,2026-08-05,22,45,70.614,0.0,idle,27.224,4000.0,4000.0,rule_based_v1
2026-08-05T22:20,2026-08-05,22,45,70.614,0.0,idle,27.215,4000.0,4000.0,rule_based_v1
2026-08-05T22:25,2026-08-05,22,45,70.614,0.0,idle,27.206,4000.0,4000.0,rule_based_v1
2026-08-05T22:30,2026-08-05,22,46,70.614,0.0,idle,27.197,4000.0,4000.0,rule_based_v1
2026-08-05T22:35,2026-08-05,22,46,70.614,0.0,idle,27.187,4000.0,4000.0,rule_based_v1
2026-08-05T22:40,2026-08-05,22,46,70.614,0.0,idle,27.178,4000.0,4000.0,rule_based_v1
2026-08-05T22:45,2026-08-05,22,46,70.614,0.0,idle,27.169,4000.0,4000.0,rule_based_v1
2026-08-05T22:50,2026-08-05,22,46,70.614,0.0,idle,27.16,4000.0,4000.0,rule_based_v1
2026-08-05T22:55,2026-08-05,22,46,70.614,0.0,idle,27.151,4000.0,4000.0,rule_based_v1
2026-08-05T23:00,2026-08-05,23,47,70.614,0.0,idle,27.142,4000.0,4000.0,rule_based_v1
2026-08-05T23:05,2026-08-05,23,47,70.614,0.0,idle,27.133,4000.0,4000.0,rule_based_v1
2026-08-05T23:10,2026-08-05,23,47,70.614,0.0,idle,27.124,4000.0,4000.0,rule_based_v1
2026-08-05T23:15,2026-08-05,23,47,70.614,0.0,idle,27.115,4000.0,4000.0,rule_based_v1
2026-08-05T23:20,2026-08-05,23,47,70.614,0.0,idle,27.107,4000.0,4000.0,rule_based_v1
2026-08-05T23:25,2026-08-05,23,47,70.614,0.0,idle,27.098,4000.0,4000.0,rule_based_v1
2026-08-05T23:30,2026-08-05,23,48,70.614,0.0,idle,27.089,4000.0,4000.0,rule_based_v1
2026-08-05T23:35,2026-08-05,23,48,70.614,0.0,idle,27.081,4000.0,4000.0,rule_based_v1
2026-08-05T23:40,2026-08-05,23,48,70.614,0.0,idle,27.072,4000.0,4000.0,rule_based_v1
2026-08-05T23:45,2026-08-05,23,48,70.614,0.0,idle,27.064,4000.0,4000.0,rule_based_v1
2026-08-05T23:50,2026-08-05,23,48,70.614,0.0,idle,27.055,4000.0,4000.0,rule_based_v1
2026-08-05T23:55,2026-08-05,23,48,70.614,0.0,idle,27.047,4000.0,4000.0,rule_based_v1
2026-08-06T00:00,2026-08-06,0,1,70.614,0.0,idle,27.039,4000.0,4000.0,rule_based_v1
2026-08-06T00:05,2026-08-06,0,1,70.614,0.0,idle,27.031,4000.0,4000.0,rule_based_v1
2026-08-06T00:10,2026-08-06,0,1,70.614,0.0,idle,27.023,4000.0,4000.0,rule_based_v1
2026-08-06T00:15,2026-08-06,0,1,70.614,0.0,idle,27.015,4000.0,4000.0,rule_based_v1
2026-08-06T00:20,2026-08-06,0,1,70.614,0.0,idle,27.007,4000.0,4000.0,rule_based_v1
2026-08-06T00:25,2026-08-06,0,1,70.614,0.0,idle,26.999,4000.0,4000.0,rule_based_v1
2026-08-06T00:30,2026-08-06,0,2,70.614,0.0,idle,26.991,4000.0,4000.0,rule_based_v1
2026-08-06T00:35,2026-08-06,0,2,70.614,0.0,idle,26.984,4000.0,4000.0,rule_based_v1
2026-08-06T00:40,2026-08-06,0,2,70.614,0.0,idle,26.976,4000.0,4000.0,rule_based_v1
2026-08-06T00:45,2026-08-06,0,2,70.614,0.0,idle,26.969,4000.0,4000.0,rule_based_v1
2026-08-06T00:50,2026-08-06,0,2,70.614,0.0,idle,26.962,4000.0,4000.0,rule_based_v1
2026-08-06T00:55,2026-08-06,0,2,70.614,0.0,idle,26.955,4000.0,4000.0,rule_based_v1
2026-08-06T01:00,2026-08-06,1,3,70.614,-900.0,charge,28.028,4000.0,4000.0,rule_based_v1
2026-08-06T01:05,2026-08-06,1,3,71.478,-900.0,charge,28.021,4000.0,4000.0,rule_based_v1
2026-08-06T01:10,2026-08-06,1,3,72.342,-900.0,charge,28.014,4000.0,3931.918,rule_based_v1
2026-08-06T01:15,2026-08-06,1,3,73.207,-900.0,charge,28.007,4000.0,3781.918,rule_based_v1
2026-08-06T01:20,2026-08-06,1,3,74.071,-900.0,charge,28.0,4000.0,3631.918,rule_based_v1
2026-08-06T01:25,2026-08-06,1,3,74.935,-900.0,charge,27.994,4000.0,3481.918,rule_based_v1
2026-08-06T01:30,2026-08-06,1,4,75.8,-900.0,charge,27.988,4000.0,3331.918,rule_based_v1
2026-08-06T01:35,2026-08-06,1,4,76.664,-900.0,charge,27.981,4000.0,3181.918,rule_based_v1
2026-08-06T01:40,2026-08-06,1,4,77.529,-900.0,charge,27.975,4000.0,3031.918,rule_based_v1
2026-08-06T01:45,2026-08-06,1,4,78.393,-900.0,charge,27.969,4000.0,2881.918,rule_based_v1
2026-08-06T01:50,2026-08-06,1,4,79.257,-900.0,charge,27.963,4000.0,2731.918,rule_based_v1
2026-08-06T01:55,2026-08-06,1,4,80.122,-900.0,charge,27.958,4000.0,2581.918,rule_based_v1
2026-08-06T02:00,2026-08-06,2,5,80.986,-900.0,charge,27.952,4000.0,2431.918,rule_based_v1
2026-08-06T02:05,2026-08-06,2,5,81.85,-900.0,charge,27.947,4000.0,2281.918,rule_based_v1
2026-08-06T02:10,2026-08-06,2,5,82.715,-900.0,charge,27.941,4000.0,2131.918,rule_based_v1
2026-08-06T02:15,2026-08-06,2,5,83.579,-900.0,charge,27.936,4000.0,1981.918,rule_based_v1
2026-08-06T02:20,2026-08-06,2,5,84.444,-900.0,charge,27.931,4000.0,1831.918,rule_based_v1
2026-08-06T02:25,2026-08-06,2,5,85.308,-900.0,charge,27.926,4000.0,1681.918,rule_based_v1
2026-08-06T02:30,2026-08-06,2,6,86.172,-900.0,charge,27.921,4000.0,1531.918,rule_based_v1
2026-08-06T02:35,2026-08-06,2,6,87.037,-900.0,charge,27.917,4000.0,1381.918,rule_based_v1
2026-08-06T02:40,2026-08-06,2,6,87.901,-900.0,charge,27.912,4000.0,1231.918,rule_based_v1
2026-08-06T02:45,2026-08-06,2,6,88.765,-900.0,charge,27.908,4000.0,1081.918,rule_based_v1
2026-08-06T02:50,2026-08-06,2,6,89.63,-900.0,charge,27.904,4000.0,931.918,rule_based_v1
2026-08-06T02:55,2026-08-06,2,6,90.494,-900.0,charge,27.899,4000.0,781.918,rule_based_v1
2026-08-06T03:00,2026-08-06,3,7,91.359,0.0,idle,26.816,4000.0,631.918,rule_based_v1
2026-08-06T03:05,2026-08-06,3,7,91.359,0.0,idle,26.812,4000.0,631.918,rule_based_v1
2026-08-06T03:10,2026-08-06,3,7,91.359,0.0,idle,26.808,4000.0,631.918,rule_based_v1
2026-08-06T03:15,2026-08-06,3,7,91.359,0.0,idle,26.805,4000.0,631.918,rule_based_v1
2026-08-06T03:20,2026-08-06,3,7,91.359,0.0,idle,26.801,4000.0,631.918,rule_based_v1
2026-08-06T03:25,2026-08-06,3,7,91.359,0.0,idle,26.798,4000.0,631.918,rule_based_v1
2026-08-06T03:30,2026-08-06,3,8,91.359,0.0,idle,26.795,4000.0,631.918,rule_based_v1
2026-08-06T03:35,2026-08-06,3,8,91.359,0.0,idle,26.792,4000.0,631.918,rule_based_v1
2026-08-06T03:40,2026-08-06,3,8,91.359,0.0,idle,26.79,4000.0,631.918,rule_based_v1
2026-08-06T03:45,2026-08-06,3,8,91.359,0.0,idle,26.787,4000.0,631.918,rule_based_v1
2026-08-06T03:50,2026-08-06,3,8,91.359,0.0,idle,26.785,4000.0,631.918,rule_based_v1
2026-08-06T03:55,2026-08-06,3,8,91.359,0.0,idle,26.783,4000.0,631.918,rule_based_v1
2026-08-06T04:00,2026-08-06,4,9,91.359,0.0,idle,26.781,4000.0,631.918,rule_based_v1
2026-08-06T04:05,2026-08-06,4,9,91.359,0.0,idle,26.779,4000.0,631.918,rule_based_v1
2026-08-06T04:10,2026-08-06,4,9,91.359,0.0,idle,26.777,4000.0,631.918,rule_based_v1
2026-08-06T04:15,2026-08-06,4,9,91.359,0.0,idle,26.776,4000.0,631.918,rule_based_v1
2026-08-06T04:20,2026-08-06,4,9,91.359,0.0,idle,26.774,4000.0,631.918,rule_based_v1
2026-08-06T04:25,2026-08-06,4,9,91.359,0.0,idle,26.773,4000.0,631.918,rule_based_v1
2026-08-06T04:30,2026-08-06,4,10,91.359,0.0,idle,26.772,4000.0,631.918,rule_based_v1
2026-08-06T04:35,2026-08-06,4,10,91.359,0.0,idle,26.771,4000.0,631.918,rule_based_v1
2026-08-06T04:40,2026-08-06,4,10,91.359,0.0,idle,26.77,4000.0,631.918,rule_based_v1
2026-08-06T04:45,2026-08-06,4,10,91.359,0.0,idle,26.77,4000.0,631.918,rule_based_v1
2026-08-06T04:50,2026-08-06,4,10,91.359,0.0,idle,26.769,4000.0,631.918,rule_based_v1
2026-08-06T04:55,2026-08-06,4,10,91.359,0.0,idle,26.769,4000.0,631.918,rule_based_v1
2026-08-06T05:00,2026-08-06,5,11,91.359,0.0,idle,27.072,4000.0,631.918,rule_based_v1
2026-08-06T05:05,2026-08-06,5,11,91.359,0.0,idle,27.072,4000.0,631.918,rule_based_v1
2026-08-06T05:10,2026-08-06,5,11,91.359,0.0,idle,27.073,4000.0,631.918,rule_based_v1
2026-08-06T05:15,2026-08-06,5,11,91.359,0.0,idle,27.074,4000.0,631.918,rule_based_v1
2026-08-06T05:20,2026-08-06,5,11,91.359,0.0,idle,27.076,4000.0,631.918,rule_based_v1
2026-08-06T05:25,2026-08-06,5,11,91.359,0.0,idle,27.078,4000.0,631.918,rule_based_v1
2026-08-06T05:30,2026-08-06,5,12,91.359,0.0,idle,27.08,4000.0,631.918,rule_based_v1
2026-08-06T05:35,2026-08-06,5,12,91.359,0.0,idle,27.083,4000.0,631.918,rule_based_v1
2026-08-06T05:40,2026-08-06,5,12,91.359,0.0,idle,27.087,4000.0,631.918,rule_based_v1
2026-08-06T05:45,2026-08-06,5,12,91.359,0.0,idle,27.09,4000.0,631.918,rule_based_v1
2026-08-06T05:50,2026-08-06,5,12,91.359,0.0,idle,27.095,4000.0,631.918,rule_based_v1
2026-08-06T05:55,2026-08-06,5,12,91.359,0.0,idle,27.099,4000.0,631.918,rule_based_v1
2026-08-06T06:00,2026-08-06,6,13,91.359,0.0,idle,27.105,4000.0,631.918,rule_based_v1
2026-08-06T06:05,2026-08-06,6,13,91.359,0.0,idle,27.11,4000.0,631.918,rule_based_v1
2026-08-06T06:10,2026-08-06,6,13,91.359,0.0,idle,27.116,4000.0,631.918,rule_based_v1
2026-08-06T06:15,2026-08-06,6,13,91.359,0.0,idle,27.123,4000.0,631.918,rule_based_v1
2026-08-06T06:20,2026-08-06,6,13,91.359,0.0,idle,27.129,4000.0,631.918,rule_based_v1
2026-08-06T06:25,2026-08-06,6,13,91.359,0.0,idle,27.137,4000.0,631.918,rule_based_v1
2026-08-06T06:30,2026-08-06,6,14,91.359,0.0,idle,27.144,4000.0,631.918,rule_based_v1
2026-08-06T06:35,2026-08-06,6,14,91.359,0.0,idle,27.152,4000.0,631.918,rule_based_v1
2026-08-06T06:40,2026-08-06,6,14,91.359,0.0,idle,27.161,4000.0,631.918,rule_based_v1
2026-08-06T06:45,2026-08-06,6,14,91.359,0.0,idle,27.17,4000.0,631.918,rule_based_v1
2026-08-06T06:50,2026-08-06,6,14,91.359,0.0,idle,27.179,4000.0,631.918,rule_based_v1
2026-08-06T06:55,2026-08-06,6,14,91.359,0.0,idle,27.188,4000.0,631.918,rule_based_v1
2026-08-06T07:00,2026-08-06,7,15,91.359,0.0,idle,27.198,4000.0,631.918,rule_based_v1
2026-08-06T07:05,2026-08-06,7,15,91.359,0.0,idle,27.209,4000.0,631.918,rule_based_v1
2026-08-06T07:10,2026-08-06,7,15,91.359,0.0,idle,27.219,4000.0,631.918,rule_based_v1
2026-08-06T07:15,2026-08-06,7,15,91.359,0.0,idle,27.23,4000.0,631.918,rule_based_v1
2026-08-06T07:20,2026-08-06,7,15,91.359,0.0,idle,27.241,4000.0,631.918,rule_based_v1
2026-08-06T07:25,2026-08-06,7,15,91.359,0.0,idle,27.253,4000.0,631.918,rule_based_v1
2026-08-06T07:30,2026-08-06,7,16,91.359,0.0,idle,27.265,4000.0,631.918,rule_based_v1
2026-08-06T07:35,2026-08-06,7,16,91.359,0.0,idle,27.277,4000.0,631.918,rule_based_v1
2026-08-06T07:40,2026-08-06,7,16,91.359,0.0,idle,27.29,4000.0,631.918,rule_based_v1
2026-08-06T07:45,2026-08-06,7,16,91.359,0.0,idle,27.302,4000.0,631.918,rule_based_v1
2026-08-06T07:50,2026-08-06,7,16,91.359,0.0,idle,27.315,4000.0,631.918,rule_based_v1
2026-08-06T07:55,2026-08-06,7,16,91.359,0.0,idle,27.329,4000.0,631.918,rule_based_v1
2026-08-06T08:00,2026-08-06,8,17,91.359,0.0,idle,27.342,4000.0,631.918,rule_based_v1
2026-08-06T08:05,2026-08-06,8,17,91.359,0.0,idle,27.356,4000.0,631.918,rule_based_v1
2026-08-06T08:10,2026-08-06,8,17,91.359,0.0,idle,27.37,4000.0,631.918,rule_based_v1
2026-08-06T08:15,2026-08-06,8,17,91.359,0.0,idle,27.384,4000.0,631.918,rule_based_v1
2026-08-06T08:20,2026-08-06,8,17,91.359,0.0,idle,27.398,4000.0,631.918,rule_based_v1
2026-08-06T08:25,2026-08-06,8,17,91.359,0.0,idle,27.413,4000.0,631.918,rule_based_v1
2026-08-06T08:30,2026-08-06,8,18,91.359,0.0,idle,27.427,4000.0,631.918,rule_based_v1
2026-08-06T08:35,2026-08-06,8,18,91.359,0.0,idle,27.442,4000.0,631.918,rule_based_v1
2026-08-06T08:40,2026-08-06,8,18,91.359,0.0,idle,27.457,4000.0,631.918,rule_based_v1
2026-08-06T08:45,2026-08-06,8,18,91.359,0.0,idle,27.472,4000.0,631.918,rule_based_v1
2026-08-06T08:50,2026-08-06,8,18,91.359,0.0,idle,27.487,4000.0,631.918,rule_based_v1
2026-08-06T08:55,2026-08-06,8,18,91.359,0.0,idle,27.503,4000.0,631.918,rule_based_v1
2026-08-06T09:00,2026-08-06,9,19,91.359,0.0,idle,27.518,4000.0,631.918,rule_based_v1
2026-08-06T09:05,2026-08-06,9,19,91.359,0.0,idle,27.534,4000.0,631.918,rule_based_v1
2026-08-06T09:10,2026-08-06,9,19,91.359,0.0,idle,27.549,4000.0,631.918,rule_based_v1
2026-08-06T09:15,2026-08-06,9,19,91.359,0.0,idle,27.565,4000.0,631.918,rule_based_v1
2026-08-06T09:20,2026-08-06,9,19,91.359,0.0,idle,27.581,4000.0,631.918,rule_based_v1
2026-08-06T09:25,2026-08-06,9,19,91.359,0.0,idle,27.596,4000.0,631.918,rule_based_v1
2026-08-06T09:30,2026-08-06,9,20,91.359,0.0,idle,27.612,4000.0,631.918,rule_based_v1
2026-08-06T09:35,2026-08-06,9,20,91.359,0.0,idle,27.628,4000.0,631.918,rule_based_v1
2026-08-06T09:40,2026-08-06,9,20,91.359,0.0,idle,27.643,4000.0,631.918,rule_based_v1
2026-08-06T09:45,2026-08-06,9,20,91.359,0.0,idle,27.659,4000.0,631.918,rule_based_v1
2026-08-06T09:50,2026-08-06,9,20,91.359,0.0,idle,27.675,4000.0,631.918,rule_based_v1
2026-08-06T09:55,2026-08-06,9,20,91.359,0.0,idle,27.69,4000.0,631.918,rule_based_v1
2026-08-06T10:00,2026-08-06,10,21,91.359,0.0,idle,27.706,4000.0,631.918,rule_based_v1
2026-08-06T10:05,2026-08-06,10,21,91.359,0.0,idle,27.721,4000.0,631.918,rule_based_v1
2026-08-06T10:10,2026-08-06,10,21,91.359,0.0,idle,27.737,4000.0,631.918,rule_based_v1
2026-08-06T10:15,2026-08-06,10,21,91.359,0.0,idle,27.752,4000.0,631.918,rule_based_v1
2026-08-06T10:20,2026-08-06,10,21,91.359,0.0,idle,27.767,4000.0,631.918,rule_based_v1
2026-08-06T10:25,2026-08-06,10,21,91.359,0.0,idle,27.782,4000.0,631.918,rule_based_v1
2026-08-06T10:30,2026-08-06,10,22,91.359,0.0,idle,27.797,4000.0,631.918,rule_based_v1
2026-08-06T10:35,2026-08-06,10,22,91.359,0.0,idle,27.811,4000.0,631.918,rule_based_v1
2026-08-06T10:40,2026-08-06,10,22,91.359,0.0,idle,27.826,4000.0,631.918,rule_based_v1
2026-08-06T10:45,2026-08-06,10,22,91.359,0.0,idle,27.84,4000.0,631.918,rule_based_v1
2026-08-06T10:50,2026-08-06,10,22,91.359,0.0,idle,27.854,4000.0,631.918,rule_based_v1
2026-08-06T10:55,2026-08-06,10,22,91.359,0.0,idle,27.868,4000.0,631.918,rule_based_v1
2026-08-06T11:00,2026-08-06,11,23,91.359,0.0,idle,27.882,4000.0,631.918,rule_based_v1
2026-08-06T11:05,2026-08-06,11,23,91.359,0.0,idle,27.895,4000.0,631.918,rule_based_v1
2026-08-06T11:10,2026-08-06,11,23,91.359,0.0,idle,27.909,4000.0,631.918,rule_based_v1
2026-08-06T11:15,2026-08-06,11,23,91.359,0.0,idle,27.922,4000.0,631.918,rule_based_v1
2026-08-06T11:20,2026-08-06,11,23,91.359,0.0,idle,27.934,4000.0,631.918,rule_based_v1
2026-08-06T11:25,2026-08-06,11,23,91.359,0.0,idle,27.947,4000.0,631.918,rule_based_v1
2026-08-06T11:30,2026-08-06,11,24,91.359,0.0,idle,27.959,4000.0,631.918,rule_based_v1
2026-08-06T11:35,2026-08-06,11,24,91.359,0.0,idle,27.971,4000.0,631.918,rule_based_v1
2026-08-06T11:40,2026-08-06,11,24,91.359,0.0,idle,27.983,4000.0,631.918,rule_based_v1
2026-08-06T11:45,2026-08-06,11,24,91.359,0.0,idle,27.994,4000.0,631.918,rule_based_v1
2026-08-06T11:50,2026-08-06,11,24,91.359,0.0,idle,28.005,4000.0,631.918,rule_based_v1
2026-08-06T11:55,2026-08-06,11,24,91.359,0.0,idle,28.015,4000.0,631.918,rule_based_v1
2026-08-06T12:00,2026-08-06,12,25,91.359,0.0,idle,28.026,4000.0,631.918,rule_based_v1
2026-08-06T12:05,2026-08-06,12,25,91.359,0.0,idle,28.036,4000.0,631.918,rule_based_v1
2026-08-06T12:10,2026-08-06,12,25,91.359,0.0,idle,28.045,4000.0,631.918,rule_based_v1
2026-08-06T12:15,2026-08-06,12,25,91.359,0.0,idle,28.054,4000.0,631.918,rule_based_v1
2026-08-06T12:20,2026-08-06,12,25,91.359,0.0,idle,28.063,4000.0,631.918,rule_based_v1
2026-08-06T12:25,2026-08-06,12,25,91.359,0.0,idle,28.072,4000.0,631.918,rule_based_v1
2026-08-06T12:30,2026-08-06,12,26,91.359,0.0,idle,28.08,4000.0,631.918,rule_based_v1
2026-08-06T12:35,2026-08-06,12,26,91.359,0.0,idle,28.087,4000.0,631.918,rule_based_v1
2026-08-06T12:40,2026-08-06,12,26,91.359,0.0,idle,28.095,4000.0,631.918,rule_based_v1
2026-08-06T12:45,2026-08-06,12,26,91.359,0.0,idle,28.101,4000.0,631.918,rule_based_v1
2026-08-06T12:50,2026-08-06,12,26,91.359,0.0,idle,28.108,4000.0,631.918,rule_based_v1
2026-08-06T12:55,2026-08-06,12,26,91.359,0.0,idle,28.114,4000.0,631.918,rule_based_v1
2026-08-06T13:00,2026-08-06,13,27,91.359,0.0,idle,28.119,4000.0,631.918,rule_based_v1
2026-08-06T13:05,2026-08-06,13,27,91.359,0.0,idle,28.125,4000.0,631.918,rule_based_v1
2026-08-06T13:10,2026-08-06,13,27,91.359,0.0,idle,28.129,4000.0,631.918,rule_based_v1
2026-08-06T13:15,2026-08-06,13,27,91.359,0.0,idle,28.134,4000.0,631.918,rule_based_v1
2026-08-06T13:20,2026-08-06,13,27,91.359,0.0,idle,28.137,4000.0,631.918,rule_based_v1
2026-08-06T13:25,2026-08-06,13,27,91.359,0.0,idle,28.141,4000.0,631.918,rule_based_v1
2026-08-06T13:30,2026-08-06,13,28,91.359,0.0,idle,28.144,4000.0,631.918,rule_based_v1
2026-08-06T13:35,2026-08-06,13,28,91.359,0.0,idle,28.146,4000.0,631.918,rule_based_v1
2026-08-06T13:40,2026-08-06,13,28,91.359,0.0,idle,28.148,4000.0,631.918,rule_based_v1
2026-08-06T13:45,2026-08-06,13,28,91.359,0.0,idle,28.15,4000.0,631.918,rule_based_v1
2026-08-06T13:50,2026-08-06,13,28,91.359,0.0,idle,28.151,4000.0,631.918,rule_based_v1
2026-08-06T13:55,2026-08-06,13,28,91.359,0.0,idle,28.152,4000.0,631.918,rule_based_v1
2026-08-06T14:00,2026-08-06,14,29,91.359,0.0,idle,28.152,4000.0,631.918,rule_based_v1
2026-08-06T14:05,2026-08-06,14,29,91.359,0.0,idle,28.152,4000.0,631.918,rule_based_v1
2026-08-06T14:10,2026-08-06,14,29,91.359,0.0,idle,28.152,4000.0,631.918,rule_based_v1
2026-08-06T14:15,2026-08-06,14,29,91.359,0.0,idle,28.151,4000.0,631.918,rule_based_v1
2026-08-06T14:20,2026-08-06,14,29,91.359,0.0,idle,28.151,4000.0,631.918,rule_based_v1
2026-08-06T14:25,2026-08-06,14,29,91.359,0.0,idle,28.15,4000.0,631.918,rule_based_v1
2026-08-06T14:30,2026-08-06,14,30,91.359,0.0,idle,28.149,4000.0,631.918,rule_based_v1
2026-08-06T14:35,2026-08-06,14,30,91.359,0.0,idle,28.148,4000.0,631.918,rule_based_v1
2026-08-06T14:40,2026-08-06,14,30,91.359,0.0,idle,28.147,4000.0,631.918,rule_based_v1
2026-08-06T14:45,2026-08-06,14,30,91.359,0.0,idle,28.145,4000.0,631.918,rule_based_v1
2026-08-06T14:50,2026-08-06,14,30,91.359,0.0,idle,28.144,4000.0,631.918,rule_based_v1
2026-08-06T14:55,2026-08-06,14,30,91.359,0.0,idle,28.142,4000.0,631.918,rule_based_v1
2026-08-06T15:00,2026-08-06,15,31,91.359,0.0,idle,28.14,4000.0,631.918,rule_based_v1
2026-08-06T15:05,2026-08-06,15,31,91.359,0.0,idle,28.138,4000.0,631.918,rule_based_v1
2026-08-06T15:10,2026-08-06,15,31,91.359,0.0,idle,28.136,4000.0,631.918,rule_based_v1
2026-08-06T15:15,2026-08-06,15,31,91.359,0.0,idle,28.134,4000.0,631.918,rule_based_v1
2026-08-06T15:20,2026-08-06,15,31,91.359,0.0,idle,28.131,4000.0,631.918,rule_based_v1
2026-08-06T15:25,2026-08-06,15,31,91.359,0.0,idle,28.128,4000.0,631.918,rule_based_v1
2026-08-06T15:30,2026-08-06,15,32,91.359,0.0,idle,28.126,4000.0,631.918,rule_based_v1
2026-08-06T15:35,2026-08-06,15,32,91.359,0.0,idle,28.123,4000.0,631.918,rule_based_v1
2026-08-06T15:40,2026-08-06,15,32,91.359,0.0,idle,28.119,4000.0,631.918,rule_based_v1
2026-08-06T15:45,2026-08-06,15,32,91.359,0.0,idle,28.116,4000.0,631.918,rule_based_v1
2026-08-06T15:50,2026-08-06,15,32,91.359,0.0,idle,28.113,4000.0,631.918,rule_based_v1
2026-08-06T15:55,2026-08-06,15,32,91.359,0.0,idle,28.109,4000.0,631.918,rule_based_v1
2026-08-06T16:00,2026-08-06,16,33,91.359,0.0,idle,28.105,4000.0,631.918,rule_based_v1
2026-08-06T16:05,2026-08-06,16,33,91.359,0.0,idle,28.101,4000.0,631.918,rule_based_v1
2026-08-06T16:10,2026-08-06,16,33,91.359,0.0,idle,28.097,4000.0,631.918,rule_based_v1
2026-08-06T16:15,2026-08-06,16,33,91.359,0.0,idle,28.093,4000.0,631.918,rule_based_v1
2026-08-06T16:20,2026-08-06,16,33,91.359,0.0,idle,28.089,4000.0,631.918,rule_based_v1
2026-08-06T16:25,2026-08-06,16,33,91.359,0.0,idle,28.084,4000.0,631.918,rule_based_v1
2026-08-06T16:30,2026-08-06,16,34,91.359,0.0,idle,28.08,4000.0,631.918,rule_based_v1
2026-08-06T16:35,2026-08-06,16,34,91.359,0.0,idle,28.075,4000.0,631.918,rule_based_v1
2026-08-06T16:40,2026-08-06,16,34,91.359,0.0,idle,28.07,4000.0,631.918,rule_based_v1
2026-08-06T16:45,2026-08-06,16,34,91.359,0.0,idle,28.065,4000.0,631.918,rule_based_v1
2026-08-06T16:50,2026-08-06,16,34,91.359,0.0,idle,28.06,4000.0,631.918,rule_based_v1
2026-08-06T16:55,2026-08-06,16,34,91.359,0.0,idle,28.054,4000.0,631.918,rule_based_v1
2026-08-06T17:00,2026-08-06,17,35,91.359,2000.0,discharge,30.449,4000.0,631.918,rule_based_v1
2026-08-06T17:05,2026-08-06,17,35,89.099,2000.0,discharge,30.443,4000.0,1024.036,rule_based_v1
2026-08-06T17:10,2026-08-06,17,35,86.839,2000.0,discharge,30.438,4000.0,1416.154,rule_based_v1
2026-08-06T17:15,2026-08-06,17,35,84.58,2000.0,discharge,30.432,4000.0,1808.272,rule_based_v1
2026-08-06T17:20,2026-08-06,17,35,82.32,2000.0,discharge,30.426,4000.0,2200.39,rule_based_v1
2026-08-06T17:25,2026-08-06,17,35,80.061,2000.0,discharge,30.42,4000.0,2592.508,rule_based_v1
2026-08-06T17:30,2026-08-06,17,36,77.801,2000.0,discharge,30.413,4000.0,2984.626,rule_based_v1
2026-08-06T17:35,2026-08-06,17,36,75.542,2000.0,discharge,30.407,4000.0,3376.744,rule_based_v1
2026-08-06T17:40,2026-08-06,17,36,73.282,2000.0,discharge,30.4,4000.0,3768.862,rule_based_v1
2026-08-06T17:45,2026-08-06,17,36,71.022,2000.0,discharge,30.394,4000.0,4000.0,rule_based_v1
2026-08-06T17:50,2026-08-06,17,36,68.763,2000.0,discharge,30.387,4000.0,4000.0,rule_based_v1
2026-08-06T17:55,2026-08-06,17,36,66.503,2000.0,discharge,30.38,4000.0,4000.0,rule_based_v1
2026-08-06T18:00,2026-08-06,18,37,64.244,2000.0,discharge,30.373,4000.0,4000.0,rule_based_v1
2026-08-06T18:05,2026-08-06,18,37,61.984,2000.0,discharge,30.366,4000.0,4000.0,rule_based_v1
2026-08-06T18:10,2026-08-06,18,37,59.724,2000.0,discharge,30.359,4000.0,4000.0,rule_based_v1
2026-08-06T18:15,2026-08-06,18,37,57.465,2000.0,discharge,30.352,4000.0,4000.0,rule_based_v1
2026-08-06T18:20,2026-08-06,18,37,55.205,2000.0,discharge,30.344,4000.0,4000.0,rule_based_v1
2026-08-06T18:25,2026-08-06,18,37,52.946,2000.0,discharge,30.337,4000.0,4000.0,rule_based_v1
2026-08-06T18:30,2026-08-06,18,38,50.686,2000.0,discharge,30.329,4000.0,4000.0,rule_based_v1
2026-08-06T18:35,2026-08-06,18,38,48.427,2000.0,discharge,30.322,4000.0,4000.0,rule_based_v1
2026-08-06T18:40,2026-08-06,18,38,46.167,2000.0,discharge,30.314,4000.0,4000.0,rule_based_v1
2026-08-06T18:45,2026-08-06,18,38,43.907,2000.0,discharge,30.306,4000.0,4000.0,rule_based_v1
2026-08-06T18:50,2026-08-06,18,38,41.648,2000.0,discharge,30.298,4000.0,4000.0,rule_based_v1
2026-08-06T18:55,2026-08-06,18,38,39.388,2000.0,discharge,30.29,4000.0,4000.0,rule_based_v1
2026-08-06T19:00,2026-08-06,19,39,37.129,259.964,discharge,28.194,4000.0,4000.0,rule_based_v1
2026-08-06T19:05,2026-08-06,19,39,36.835,259.964,discharge,28.186,3958.69,4000.0,rule_based_v1
2026-08-06T19:10,2026-08-06,19,39,36.541,259.964,discharge,28.177,3915.362,4000.0,rule_based_v1
2026-08-06T19:15,2026-08-06,19,39,36.248,259.964,discharge,28.169,3872.035,4000.0,rule_based_v1
2026-08-06T19:20,2026-08-06,19,39,35.954,259.964,discharge,28.161,3828.708,4000.0,rule_based_v1
2026-08-06T19:25,2026-08-06,19,39,35.66,259.964,discharge,28.152,3785.38,4000.0,rule_based_v1
2026-08-06T19:30,2026-08-06,19,40,35.366,1523.465,discharge,29.66,3742.053,4000.0,rule_based_v1
2026-08-06T19:35,2026-08-06,19,40,33.645,1523.465,discharge,29.651,3488.142,4000.0,rule_based_v1
2026-08-06T19:40,2026-08-06,19,40,31.924,1523.465,discharge,29.642,3234.231,4000.0,rule_based_v1
2026-08-06T19:45,2026-08-06,19,40,30.203,1523.465,discharge,29.634,2980.32,4000.0,rule_based_v1
2026-08-06T19:50,2026-08-06,19,40,28.482,1523.465,discharge,29.625,2726.409,4000.0,rule_based_v1
2026-08-06T19:55,2026-08-06,19,40,26.76,1523.465,discharge,29.616,2472.498,4000.0,rule_based_v1
2026-08-06T20:00,2026-08-06,20,41,25.039,743.177,discharge,28.671,2218.588,4000.0,rule_based_v1
2026-08-06T20:05,2026-08-06,20,41,24.2,743.177,discharge,28.662,2094.725,4000.0,rule_based_v1
2026-08-06T20:10,2026-08-06,20,41,23.36,743.177,discharge,28.653,1970.862,4000.0,rule_based_v1
2026-08-06T20:15,2026-08-06,20,41,22.52,743.177,discharge,28.644,1846.999,4000.0,rule_based_v1
2026-08-06T20:20,2026-08-06,20,41,21.681,743.177,discharge,28.634,1723.136,4000.0,rule_based_v1
2026-08-06T20:25,2026-08-06,20,41,20.841,743.177,discharge,28.625,1599.274,4000.0,rule_based_v1
2026-08-06T20:30,2026-08-06,20,42,20.001,449.689,discharge,28.264,1475.411,4000.0,rule_based_v1
2026-08-06T20:35,2026-08-06,20,42,19.493,449.689,discharge,28.255,1400.463,4000.0,rule_based_v1
2026-08-06T20:40,2026-08-06,20,42,18.985,449.689,discharge,28.245,1325.514,4000.0,rule_based_v1
2026-08-06T20:45,2026-08-06,20,42,18.477,449.689,discharge,28.236,1250.566,4000.0,rule_based_v1
2026-08-06T20:50,2026-08-06,20,42,17.969,449.689,discharge,28.227,1175.618,4000.0,rule_based_v1
2026-08-06T20:55,2026-08-06,20,42,17.461,449.689,discharge,28.217,1100.67,4000.0,rule_based_v1
2026-08-06T21:00,2026-08-06,21,43,16.953,0.0,idle,27.668,1025.722,4000.0,rule_based_v1
2026-08-06T21:05,2026-08-06,21,43,16.953,0.0,idle,27.659,1025.722,4000.0,rule_based_v1
2026-08-06T21:10,2026-08-06,21,43,16.953,0.0,idle,27.65,1025.722,4000.0,rule_based_v1
2026-08-06T21:15,2026-08-06,21,43,16.953,0.0,idle,27.64,1025.722,4000.0,rule_based_v1
2026-08-06T21:20,2026-08-06,21,43,16.953,0.0,idle,27.631,1025.722,4000.0,rule_based_v1
2026-08-06T21:25,2026-08-06,21,43,16.953,0.0,idle,27.621,1025.722,4000.0,rule_based_v1
2026-08-06T21:30,2026-08-06,21,44,16.953,0.0,idle,27.612,1025.722,4000.0,rule_based_v1
2026-08-06T21:35,2026-08-06,21,44,16.953,0.0,idle,27.603,1025.722,4000.0,rule_based_v1
2026-08-06T21:40,2026-08-06,21,44,16.953,0.0,idle,27.593,1025.722,4000.0,rule_based_v1
2026-08-06T21:45,2026-08-06,21,44,16.953,0.0,idle,27.584,1025.722,4000.0,rule_based_v1
2026-08-06T21:50,2026-08-06,21,44,16.953,0.0,idle,27.574,1025.722,4000.0,rule_based_v1
2026-08-06T21:55,2026-08-06,21,44,16.953,0.0,idle,27.565,1025.722,4000.0,rule_based_v1
2026-08-06T22:00,2026-08-06,22,45,16.953,0.0,idle,27.556,1025.722,4000.0,rule_based_v1
2026-08-06T22:05,2026-08-06,22,45,16.953,0.0,idle,27.546,1025.722,4000.0,rule_based_v1
2026-08-06T22:10,2026-08-06,22,45,16.953,0.0,idle,27.537,1025.722,4000.0,rule_based_v1
2026-08-06T22:15,2026-08-06,22,45,16.953,0.0,idle,27.528,1025.722,4000.0,rule_based_v1
2026-08-06T22:20,2026-08-06,22,45,16.953,0.0,idle,27.518,1025.722,4000.0,rule_based_v1
2026-08-06T22:25,2026-08-06,22,45,16.953,0.0,idle,27.509,1025.722,4000.0,rule_based_v1
2026-08-06T22:30,2026-08-06,22,46,16.953,0.0,idle,27.5,1025.722,4000.0,rule_based_v1
2026-08-06T22:35,2026-08-06,22,46,16.953,0.0,idle,27.491,1025.722,4000.0,rule_based_v1
2026-08-06T22:40,2026-08-06,22,46,16.953,0.0,idle,27.481,1025.722,4000.0,rule_based_v1
2026-08-06T22:45,2026-08-06,22,46,16.953,0.0,idle,27.472,1025.722,4000.0,rule_based_v1
2026-08-06T22:50,2026-08-06,22,46,16.953,0.0,idle,27.463,1025.722,4000.0,rule_based_v1
2026-08-06T22:55,2026-08-06,22,46,16.953,0.0,idle,27.454,1025.722,4000.0,rule_based_v1
2026-08-06T23:00,2026-08-06,23,47,16.953,0.0,idle,27.445,1025.722,4000.0,rule_based_v1
2026-08-06T23:05,2026-08-06,23,47,16.953,0.0,idle,27.436,1025.722,4000.0,rule_based_v1
2026-08-06T23:10,2026-08-06,23,47,16.953,0.0,idle,27.427,1025.722,4000.0,rule_based_v1
2026-08-06T23:15,2026-08-06,23,47,16.953,0.0,idle,27.418,1025.722,4000.0,rule_based_v1
2026-08-06T23:20,2026-08-06,23,47,16.953,0.0,idle,27.41,1025.722,4000.0,rule_based_v1
2026-08-06T23:25,2026-08-06,23,47,16.953,0.0,idle,27.401,1025.722,4000.0,rule_based_v1
2026-08-06T23:30,2026-08-06,23,48,16.953,0.0,idle,27.392,1025.722,4000.0,rule_based_v1
2026-08-06T23:35,2026-08-06,23,48,16.953,0.0,idle,27.384,1025.722,4000.0,rule_based_v1
2026-08-06T23:40,2026-08-06,23,48,16.953,0.0,idle,27.375,1025.722,4000.0,rule_based_v1
2026-08-06T23:45,2026-08-06,23,48,16.953,0.0,idle,27.367,1025.722,4000.0,rule_based_v1
2026-08-06T23:50,2026-08-06,23,48,16.953,0.0,idle,27.358,1025.722,4000.0,rule_based_v1
2026-08-06T23:55,2026-08-06,23,48,16.953,0.0,idle,27.35,1025.722,4000.0,rule_based_v1
2026-08-07T00:00,2026-08-07,0,1,16.953,0.0,idle,27.342,1025.722,4000.0,rule_based_v1
2026-08-07T00:05,2026-08-07,0,1,16.953,0.0,idle,27.334,1025.722,4000.0,rule_based_v1
2026-08-07T00:10,2026-08-07,0,1,16.953,0.0,idle,27.326,1025.722,4000.0,rule_based_v1
2026-08-07T00:15,2026-08-07,0,1,16.953,0.0,idle,27.318,1025.722,4000.0,rule_based_v1
2026-08-07T00:20,2026-08-07,0,1,16.953,0.0,idle,27.31,1025.722,4000.0,rule_based_v1
2026-08-07T00:25,2026-08-07,0,1,16.953,0.0,idle,27.302,1025.722,4000.0,rule_based_v1
2026-08-07T00:30,2026-08-07,0,2,16.953,0.0,idle,27.295,1025.722,4000.0,rule_based_v1
2026-08-07T00:35,2026-08-07,0,2,16.953,0.0,idle,27.287,1025.722,4000.0,rule_based_v1
2026-08-07T00:40,2026-08-07,0,2,16.953,0.0,idle,27.28,1025.722,4000.0,rule_based_v1
2026-08-07T00:45,2026-08-07,0,2,16.953,0.0,idle,27.272,1025.722,4000.0,rule_based_v1
2026-08-07T00:50,2026-08-07,0,2,16.953,0.0,idle,27.265,1025.722,4000.0,rule_based_v1
2026-08-07T00:55,2026-08-07,0,2,16.953,0.0,idle,27.258,1025.722,4000.0,rule_based_v1
2026-08-07T01:00,2026-08-07,1,3,16.953,-900.0,charge,28.331,1025.722,4000.0,rule_based_v1
2026-08-07T01:05,2026-08-07,1,3,17.817,-900.0,charge,28.324,1153.234,4000.0,rule_based_v1
2026-08-07T01:10,2026-08-07,1,3,18.682,-900.0,charge,28.317,1280.747,4000.0,rule_based_v1
2026-08-07T01:15,2026-08-07,1,3,19.546,-900.0,charge,28.31,1408.26,4000.0,rule_based_v1
2026-08-07T01:20,2026-08-07,1,3,20.411,-900.0,charge,28.304,1535.772,4000.0,rule_based_v1
2026-08-07T01:25,2026-08-07,1,3,21.275,-900.0,charge,28.297,1663.285,4000.0,rule_based_v1
2026-08-07T01:30,2026-08-07,1,4,22.139,-900.0,charge,28.291,1790.797,4000.0,rule_based_v1
2026-08-07T01:35,2026-08-07,1,4,23.004,-900.0,charge,28.284,1918.31,4000.0,rule_based_v1
2026-08-07T01:40,2026-08-07,1,4,23.868,-900.0,charge,28.278,2045.823,4000.0,rule_based_v1
2026-08-07T01:45,2026-08-07,1,4,24.732,-900.0,charge,28.272,2173.335,4000.0,rule_based_v1
2026-08-07T01:50,2026-08-07,1,4,25.597,-900.0,charge,28.266,2300.848,4000.0,rule_based_v1
2026-08-07T01:55,2026-08-07,1,4,26.461,-900.0,charge,28.261,2428.36,4000.0,rule_based_v1
2026-08-07T02:00,2026-08-07,2,5,27.326,-900.0,charge,28.255,2555.873,4000.0,rule_based_v1
2026-08-07T02:05,2026-08-07,2,5,28.19,-900.0,charge,28.25,2683.386,4000.0,rule_based_v1
2026-08-07T02:10,2026-08-07,2,5,29.054,-900.0,charge,28.244,2810.898,4000.0,rule_based_v1
2026-08-07T02:15,2026-08-07,2,5,29.919,-900.0,charge,28.239,2938.411,4000.0,rule_based_v1
2026-08-07T02:20,2026-08-07,2,5,30.783,-900.0,charge,28.234,3065.923,4000.0,rule_based_v1
2026-08-07T02:25,2026-08-07,2,5,31.647,-900.0,charge,28.229,3193.436,4000.0,rule_based_v1
2026-08-07T02:30,2026-08-07,2,6,32.512,-900.0,charge,28.224,3320.949,4000.0,rule_based_v1
2026-08-07T02:35,2026-08-07,2,6,33.376,-900.0,charge,28.22,3448.461,4000.0,rule_based_v1
2026-08-07T02:40,2026-08-07,2,6,34.241,-900.0,charge,28.215,3575.974,4000.0,rule_based_v1
2026-08-07T02:45,2026-08-07,2,6,35.105,-900.0,charge,28.211,3703.486,4000.0,rule_based_v1
2026-08-07T02:50,2026-08-07,2,6,35.969,-900.0,charge,28.207,3830.999,4000.0,rule_based_v1
2026-08-07T02:55,2026-08-07,2,6,36.834,-900.0,charge,28.203,3958.512,4000.0,rule_based_v1
2026-08-07T03:00,2026-08-07,3,7,37.698,-900.0,charge,28.199,4000.0,4000.0,rule_based_v1
2026-08-07T03:05,2026-08-07,3,7,38.562,-900.0,charge,28.195,4000.0,4000.0,rule_based_v1
2026-08-07T03:10,2026-08-07,3,7,39.427,-900.0,charge,28.191,4000.0,4000.0,rule_based_v1
2026-08-07T03:15,2026-08-07,3,7,40.291,-900.0,charge,28.188,4000.0,4000.0,rule_based_v1
2026-08-07T03:20,2026-08-07,3,7,41.156,-900.0,charge,28.185,4000.0,4000.0,rule_based_v1
2026-08-07T03:25,2026-08-07,3,7,42.02,-900.0,charge,28.181,4000.0,4000.0,rule_based_v1
2026-08-07T03:30,2026-08-07,3,8,42.884,-900.0,charge,28.178,4000.0,4000.0,rule_based_v1
2026-08-07T03:35,2026-08-07,3,8,43.749,-900.0,charge,28.176,4000.0,4000.0,rule_based_v1
2026-08-07T03:40,2026-08-07,3,8,44.613,-900.0,charge,28.173,4000.0,4000.0,rule_based_v1
2026-08-07T03:45,2026-08-07,3,8,45.477,-900.0,charge,28.17,4000.0,4000.0,rule_based_v1
2026-08-07T03:50,2026-08-07,3,8,46.342,-900.0,charge,28.168,4000.0,4000.0,rule_based_v1
2026-08-07T03:55,2026-08-07,3,8,47.206,-900.0,charge,28.166,4000.0,4000.0,rule_based_v1
2026-08-07T04:00,2026-08-07,4,9,48.071,-900.0,charge,28.164,4000.0,4000.0,rule_based_v1
2026-08-07T04:05,2026-08-07,4,9,48.935,-900.0,charge,28.162,4000.0,4000.0,rule_based_v1
2026-08-07T04:10,2026-08-07,4,9,49.799,-900.0,charge,28.16,4000.0,4000.0,rule_based_v1
2026-08-07T04:15,2026-08-07,4,9,50.664,-900.0,charge,28.159,4000.0,4000.0,rule_based_v1
2026-08-07T04:20,2026-08-07,4,9,51.528,-900.0,charge,28.157,4000.0,4000.0,rule_based_v1
2026-08-07T04:25,2026-08-07,4,9,52.392,-900.0,charge,28.156,4000.0,4000.0,rule_based_v1
2026-08-07T04:30,2026-08-07,4,10,53.257,-900.0,charge,28.155,4000.0,4000.0,rule_based_v1
2026-08-07T04:35,2026-08-07,4,10,54.121,-900.0,charge,28.154,4000.0,4000.0,rule_based_v1
2026-08-07T04:40,2026-08-07,4,10,54.986,-900.0,charge,28.153,4000.0,4000.0,rule_based_v1
2026-08-07T04:45,2026-08-07,4,10,55.85,-900.0,charge,28.153,4000.0,4000.0,rule_based_v1
2026-08-07T04:50,2026-08-07,4,10,56.714,-900.0,charge,28.152,4000.0,4000.0,rule_based_v1
2026-08-07T04:55,2026-08-07,4,10,57.579,-900.0,charge,28.152,4000.0,4000.0,rule_based_v1
2026-08-07T05:00,2026-08-07,5,11,58.443,0.0,idle,26.964,4000.0,4000.0,rule_based_v1
2026-08-07T05:05,2026-08-07,5,11,58.443,0.0,idle,26.964,4000.0,4000.0,rule_based_v1
2026-08-07T05:10,2026-08-07,5,11,58.443,0.0,idle,26.965,4000.0,4000.0,rule_based_v1
2026-08-07T05:15,2026-08-07,5,11,58.443,0.0,idle,26.966,4000.0,4000.0,rule_based_v1
2026-08-07T05:20,2026-08-07,5,11,58.443,0.0,idle,26.967,4000.0,4000.0,rule_based_v1
2026-08-07T05:25,2026-08-07,5,11,58.443,0.0,idle,26.969,4000.0,4000.0,rule_based_v1
2026-08-07T05:30,2026-08-07,5,12,58.443,0.0,idle,26.972,4000.0,4000.0,rule_based_v1
2026-08-07T05:35,2026-08-07,5,12,58.443,0.0,idle,26.975,4000.0,4000.0,rule_based_v1
2026-08-07T05:40,2026-08-07,5,12,58.443,0.0,idle,26.978,4000.0,4000.0,rule_based_v1
2026-08-07T05:45,2026-08-07,5,12,58.443,0.0,idle,26.982,4000.0,4000.0,rule_based_v1
2026-08-07T05:50,2026-08-07,5,12,58.443,0.0,idle,26.986,4000.0,4000.0,rule_based_v1
2026-08-07T05:55,2026-08-07,5,12,58.443,0.0,idle,26.991,4000.0,4000.0,rule_based_v1
2026-08-07T06:00,2026-08-07,6,13,58.443,0.0,idle,26.996,4000.0,4000.0,rule_based_v1
2026-08-07T06:05,2026-08-07,6,13,58.443,0.0,idle,27.002,4000.0,4000.0,rule_based_v1
2026-08-07T06:10,2026-08-07,6,13,58.443,0.0,idle,27.008,4000.0,4000.0,rule_based_v1
2026-08-07T06:15,2026-08-07,6,13,58.443,0.0,idle,27.014,4000.0,4000.0,rule_based_v1
2026-08-07T06:20,2026-08-07,6,13,58.443,0.0,idle,27.021,4000.0,4000.0,rule_based_v1
2026-08-07T06:25,2026-08-07,6,13,58.443,0.0,idle,27.028,4000.0,4000.0,rule_based_v1
2026-08-07T06:30,2026-08-07,6,14,58.443,0.0,idle,27.036,4000.0,4000.0,rule_based_v1
2026-08-07T06:35,2026-08-07,6,14,58.443,0.0,idle,27.044,4000.0,4000.0,rule_based_v1
2026-08-07T06:40,2026-08-07,6,14,58.443,0.0,idle,27.053,4000.0,4000.0,rule_based_v1
2026-08-07T06:45,2026-08-07,6,14,58.443,0.0,idle,27.061,4000.0,4000.0,rule_based_v1
2026-08-07T06:50,2026-08-07,6,14,58.443,0.0,idle,27.071,4000.0,4000.0,rule_based_v1
2026-08-07T06:55,2026-08-07,6,14,58.443,0.0,idle,27.08,4000.0,4000.0,rule_based_v1
2026-08-07T07:00,2026-08-07,7,15,58.443,0.0,idle,27.09,4000.0,4000.0,rule_based_v1
2026-08-07T07:05,2026-08-07,7,15,58.443,0.0,idle,27.1,4000.0,4000.0,rule_based_v1
2026-08-07T07:10,2026-08-07,7,15,58.443,0.0,idle,27.111,4000.0,4000.0,rule_based_v1
2026-08-07T07:15,2026-08-07,7,15,58.443,0.0,idle,27.122,4000.0,4000.0,rule_based_v1
2026-08-07T07:20,2026-08-07,7,15,58.443,0.0,idle,27.133,4000.0,4000.0,rule_based_v1
2026-08-07T07:25,2026-08-07,7,15,58.443,0.0,idle,27.145,4000.0,4000.0,rule_based_v1
2026-08-07T07:30,2026-08-07,7,16,58.443,0.0,idle,27.157,4000.0,4000.0,rule_based_v1
2026-08-07T07:35,2026-08-07,7,16,58.443,0.0,idle,27.169,4000.0,4000.0,rule_based_v1
2026-08-07T07:40,2026-08-07,7,16,58.443,0.0,idle,27.181,4000.0,4000.0,rule_based_v1
2026-08-07T07:45,2026-08-07,7,16,58.443,0.0,idle,27.194,4000.0,4000.0,rule_based_v1
2026-08-07T07:50,2026-08-07,7,16,58.443,0.0,idle,27.207,4000.0,4000.0,rule_based_v1
2026-08-07T07:55,2026-08-07,7,16,58.443,0.0,idle,27.22,4000.0,4000.0,rule_based_v1
2026-08-07T08:00,2026-08-07,8,17,58.443,0.0,idle,27.234,4000.0,4000.0,rule_based_v1
2026-08-07T08:05,2026-08-07,8,17,58.443,0.0,idle,27.247,4000.0,4000.0,rule_based_v1
2026-08-07T08:10,2026-08-07,8,17,58.443,0.0,idle,27.261,4000.0,4000.0,rule_based_v1
2026-08-07T08:15,2026-08-07,8,17,58.443,0.0,idle,27.275,4000.0,4000.0,rule_based_v1
2026-08-07T08:20,2026-08-07,8,17,58.443,0.0,idle,27.29,4000.0,4000.0,rule_based_v1
2026-08-07T08:25,2026-08-07,8,17,58.443,0.0,idle,27.304,4000.0,4000.0,rule_based_v1
2026-08-07T08:30,2026-08-07,8,18,58.443,0.0,idle,27.319,4000.0,4000.0,rule_based_v1
2026-08-07T08:35,2026-08-07,8,18,58.443,0.0,idle,27.334,4000.0,4000.0,rule_based_v1
2026-08-07T08:40,2026-08-07,8,18,58.443,0.0,idle,27.349,4000.0,4000.0,rule_based_v1
2026-08-07T08:45,2026-08-07,8,18,58.443,0.0,idle,27.364,4000.0,4000.0,rule_based_v1
2026-08-07T08:50,2026-08-07,8,18,58.443,0.0,idle,27.379,4000.0,4000.0,rule_based_v1
2026-08-07T08:55,2026-08-07,8,18,58.443,0.0,idle,27.394,4000.0,4000.0,rule_based_v1
2026-08-07T09:00,2026-08-07,9,19,58.443,0.0,idle,27.41,4000.0,4000.0,rule_based_v1
2026-08-07T09:05,2026-08-07,9,19,58.443,0.0,idle,27.425,4000.0,4000.0,rule_based_v1
2026-08-07T09:10,2026-08-07,9,19,58.443,0.0,idle,27.441,4000.0,4000.0,rule_based_v1
2026-08-07T09:15,2026-08-07,9,19,58.443,0.0,idle,27.457,4000.0,4000.0,rule_based_v1
2026-08-07T09:20,2026-08-07,9,19,58.443,0.0,idle,27.472,4000.0,4000.0,rule_based_v1
2026-08-07T09:25,2026-08-07,9,19,58.443,0.0,idle,27.488,4000.0,4000.0,rule_based_v1
2026-08-07T09:30,2026-08-07,9,20,58.443,0.0,idle,27.504,4000.0,4000.0,rule_based_v1
2026-08-07T09:35,2026-08-07,9,20,58.443,0.0,idle,27.519,4000.0,4000.0,rule_based_v1
2026-08-07T09:40,2026-08-07,9,20,58.443,0.0,idle,27.535,4000.0,4000.0,rule_based_v1
2026-08-07T09:45,2026-08-07,9,20,58.443,0.0,idle,27.551,4000.0,4000.0,rule_based_v1
2026-08-07T09:50,2026-08-07,9,20,58.443,0.0,idle,27.566,4000.0,4000.0,rule_based_v1
2026-08-07T09:55,2026-08-07,9,20,58.443,0.0,idle,27.582,4000.0,4000.0,rule_based_v1
2026-08-07T10:00,2026-08-07,10,21,58.443,0.0,idle,27.597,4000.0,4000.0,rule_based_v1
2026-08-07T10:05,2026-08-07,10,21,58.443,0.0,idle,27.613,4000.0,4000.0,rule_based_v1
2026-08-07T10:10,2026-08-07,10,21,58.443,0.0,idle,27.628,4000.0,4000.0,rule_based_v1
2026-08-07T10:15,2026-08-07,10,21,58.443,0.0,idle,27.643,4000.0,4000.0,rule_based_v1
2026-08-07T10:20,2026-08-07,10,21,58.443,0.0,idle,27.659,4000.0,4000.0,rule_based_v1
2026-08-07T10:25,2026-08-07,10,21,58.443,0.0,idle,27.674,4000.0,4000.0,rule_based_v1
2026-08-07T10:30,2026-08-07,10,22,58.443,0.0,idle,27.688,4000.0,4000.0,rule_based_v1
2026-08-07T10:35,2026-08-07,10,22,58.443,0.0,idle,27.703,4000.0,4000.0,rule_based_v1
2026-08-07T10:40,2026-08-07,10,22,58.443,0.0,idle,27.718,4000.0,4000.0,rule_based_v1
2026-08-07T10:45,2026-08-07,10,22,58.443,0.0,idle,27.732,4000.0,4000.0,rule_based_v1
2026-08-07T10:50,2026-08-07,10,22,58.443,0.0,idle,27.746,4000.0,4000.0,rule_based_v1
2026-08-07T10:55,2026-08-07,10,22,58.443,0.0,idle,27.76,4000.0,4000.0,rule_based_v1
2026-08-07T11:00,2026-08-07,11,23,58.443,0.0,idle,27.774,4000.0,4000.0,rule_based_v1
2026-08-07T11:05,2026-08-07,11,23,58.443,0.0,idle,27.787,4000.0,4000.0,rule_based_v1
2026-08-07T11:10,2026-08-07,11,23,58.443,0.0,idle,27.8,4000.0,4000.0,rule_based_v1
2026-08-07T11:15,2026-08-07,11,23,58.443,0.0,idle,27.813,4000.0,4000.0,rule_based_v1
2026-08-07T11:20,2026-08-07,11,23,58.443,0.0,idle,27.826,4000.0,4000.0,rule_based_v1
2026-08-07T11:25,2026-08-07,11,23,58.443,0.0,idle,27.839,4000.0,4000.0,rule_based_v1
2026-08-07T11:30,2026-08-07,11,24,58.443,0.0,idle,27.851,4000.0,4000.0,rule_based_v1
2026-08-07T11:35,2026-08-07,11,24,58.443,0.0,idle,27.863,4000.0,4000.0,rule_based_v1
2026-08-07T11:40,2026-08-07,11,24,58.443,0.0,idle,27.874,4000.0,4000.0,rule_based_v1
2026-08-07T11:45,2026-08-07,11,24,58.443,0.0,idle,27.886,4000.0,4000.0,rule_based_v1
2026-08-07T11:50,2026-08-07,11,24,58.443,0.0,idle,27.896,4000.0,4000.0,rule_based_v1
2026-08-07T11:55,2026-08-07,11,24,58.443,0.0,idle,27.907,4000.0,4000.0,rule_based_v1
2026-08-07T12:00,2026-08-07,12,25,58.443,-600.0,charge,28.637,4000.0,4000.0,rule_based_v1
2026-08-07T12:05,2026-08-07,12,25,59.019,-600.0,charge,28.647,4000.0,4000.0,rule_based_v1
2026-08-07T12:10,2026-08-07,12,25,59.596,-600.0,charge,28.657,4000.0,4000.0,rule_based_v1
2026-08-07T12:15,2026-08-07,12,25,60.172,-600.0,charge,28.666,4000.0,4000.0,rule_based_v1
2026-08-07T12:20,2026-08-07,12,25,60.748,-600.0,charge,28.675,4000.0,4000.0,rule_based_v1
2026-08-07T12:25,2026-08-07,12,25,61.324,-600.0,charge,28.683,4000.0,4000.0,rule_based_v1
2026-08-07T12:30,2026-08-07,12,26,61.901,-600.0,charge,28.691,4000.0,4000.0,rule_based_v1
2026-08-07T12:35,2026-08-07,12,26,62.477,-600.0,charge,28.699,4000.0,4000.0,rule_based_v1
2026-08-07T12:40,2026-08-07,12,26,63.053,-600.0,charge,28.706,4000.0,4000.0,rule_based_v1
2026-08-07T12:45,2026-08-07,12,26,63.629,-600.0,charge,28.713,4000.0,4000.0,rule_based_v1
2026-08-07T12:50,2026-08-07,12,26,64.206,-600.0,charge,28.72,4000.0,4000.0,rule_based_v1
2026-08-07T12:55,2026-08-07,12,26,64.782,-600.0,charge,28.726,4000.0,4000.0,rule_based_v1
2026-08-07T13:00,2026-08-07,13,27,65.358,-600.0,charge,28.731,4000.0,4000.0,rule_based_v1
2026-08-07T13:05,2026-08-07,13,27,65.934,-600.0,charge,28.736,4000.0,4000.0,rule_based_v1
2026-08-07T13:10,2026-08-07,13,27,66.511,-600.0,charge,28.741,4000.0,4000.0,rule_based_v1
2026-08-07T13:15,2026-08-07,13,27,67.087,-600.0,charge,28.745,4000.0,4000.0,rule_based_v1
2026-08-07T13:20,2026-08-07,13,27,67.663,-600.0,charge,28.749,4000.0,4000.0,rule_based_v1
2026-08-07T13:25,2026-08-07,13,27,68.239,-600.0,charge,28.753,4000.0,4000.0,rule_based_v1
2026-08-07T13:30,2026-08-07,13,28,68.816,-600.0,charge,28.755,4000.0,4000.0,rule_based_v1
2026-08-07T13:35,2026-08-07,13,28,69.392,-600.0,charge,28.758,4000.0,4000.0,rule_based_v1
2026-08-07T13:40,2026-08-07,13,28,69.968,-600.0,charge,28.76,4000.0,4000.0,rule_based_v1
2026-08-07T13:45,2026-08-07,13,28,70.544,-600.0,charge,28.762,4000.0,4000.0,rule_based_v1
2026-08-07T13:50,2026-08-07,13,28,71.121,-600.0,charge,28.763,4000.0,4000.0,rule_based_v1
2026-08-07T13:55,2026-08-07,13,28,71.697,-600.0,charge,28.763,4000.0,4000.0,rule_based_v1
2026-08-07T14:00,2026-08-07,14,29,72.273,-600.0,charge,28.764,4000.0,3943.93,rule_based_v1
2026-08-07T14:05,2026-08-07,14,29,72.849,-600.0,charge,28.764,4000.0,3843.93,rule_based_v1
2026-08-07T14:10,2026-08-07,14,29,73.426,-600.0,charge,28.763,4000.0,3743.93,rule_based_v1
2026-08-07T14:15,2026-08-07,14,29,74.002,-600.0,charge,28.763,4000.0,3643.93,rule_based_v1
2026-08-07T14:20,2026-08-07,14,29,74.578,-600.0,charge,28.762,4000.0,3543.93,rule_based_v1
2026-08-07T14:25,2026-08-07,14,29,75.154,-600.0,charge,28.762,4000.0,3443.93,rule_based_v1
2026-08-07T14:30,2026-08-07,14,30,75.731,-600.0,charge,28.761,4000.0,3343.93,rule_based_v1
2026-08-07T14:35,2026-08-07,14,30,76.307,-600.0,charge,28.76,4000.0,3243.93,rule_based_v1
2026-08-07T14:40,2026-08-07,14,30,76.883,-600.0,charge,28.758,4000.0,3143.93,rule_based_v1
2026-08-07T14:45,2026-08-07,14,30,77.459,-600.0,charge,28.757,4000.0,3043.93,rule_based_v1
2026-08-07T14:50,2026-08-07,14,30,78.036,-600.0,charge,28.755,4000.0,2943.93,rule_based_v1
2026-08-07T14:55,2026-08-07,14,30,78.612,-600.0,charge,28.754,4000.0,2843.93,rule_based_v1
2026-08-07T15:00,2026-08-07,15,31,79.188,0.0,idle,28.032,4000.0,2743.93,rule_based_v1
2026-08-07T15:05,2026-08-07,15,31,79.188,0.0,idle,28.03,4000.0,2743.93,rule_based_v1
2026-08-07T15:10,2026-08-07,15,31,79.188,0.0,idle,28.028,4000.0,2743.93,rule_based_v1
2026-08-07T15:15,2026-08-07,15,31,79.188,0.0,idle,28.025,4000.0,2743.93,rule_based_v1
2026-08-07T15:20,2026-08-07,15,31,79.188,0.0,idle,28.023,4000.0,2743.93,rule_based_v1
2026-08-07T15:25,2026-08-07,15,31,79.188,0.0,idle,28.02,4000.0,2743.93,rule_based_v1
2026-08-07T15:30,2026-08-07,15,32,79.188,0.0,idle,28.017,4000.0,2743.93,rule_based_v1
2026-08-07T15:35,2026-08-07,15,32,79.188,0.0,idle,28.014,4000.0,2743.93,rule_based_v1
2026-08-07T15:40,2026-08-07,15,32,79.188,0.0,idle,28.011,4000.0,2743.93,rule_based_v1
2026-08-07T15:45,2026-08-07,15,32,79.188,0.0,idle,28.008,4000.0,2743.93,rule_based_v1
2026-08-07T15:50,2026-08-07,15,32,79.188,0.0,idle,28.004,4000.0,2743.93,rule_based_v1
2026-08-07T15:55,2026-08-07,15,32,79.188,0.0,idle,28.001,4000.0,2743.93,rule_based_v1
2026-08-07T16:00,2026-08-07,16,33,79.188,0.0,idle,27.997,4000.0,2743.93,rule_based_v1
2026-08-07T16:05,2026-08-07,16,33,79.188,0.0,idle,27.993,4000.0,2743.93,rule_based_v1
2026-08-07T16:10,2026-08-07,16,33,79.188,0.0,idle,27.989,4000.0,2743.93,rule_based_v1
2026-08-07T16:15,2026-08-07,16,33,79.188,0.0,idle,27.985,4000.0,2743.93,rule_based_v1
2026-08-07T16:20,2026-08-07,16,33,79.188,0.0,idle,27.98,4000.0,2743.93,rule_based_v1
2026-08-07T16:25,2026-08-07,16,33,79.188,0.0,idle,27.976,4000.0,2743.93,rule_based_v1
2026-08-07T16:30,2026-08-07,16,34,79.188,1220.021,discharge,29.435,4000.0,2743.93,rule_based_v1
2026-08-07T16:35,2026-08-07,16,34,77.81,1220.021,discharge,29.431,4000.0,2983.126,rule_based_v1
2026-08-07T16:40,2026-08-07,16,34,76.431,1220.021,discharge,29.426,4000.0,3222.322,rule_based_v1
2026-08-07T16:45,2026-08-07,16,34,75.053,1220.021,discharge,29.421,4000.0,3461.518,rule_based_v1
2026-08-07T16:50,2026-08-07,16,34,73.675,1220.021,discharge,29.415,4000.0,3700.715,rule_based_v1
2026-08-07T16:55,2026-08-07,16,34,72.296,1220.021,discharge,29.41,4000.0,3939.911,rule_based_v1
2026-08-07T17:00,2026-08-07,17,35,70.918,822.148,discharge,28.927,4000.0,4000.0,rule_based_v1
2026-08-07T17:05,2026-08-07,17,35,69.989,822.148,discharge,28.922,4000.0,4000.0,rule_based_v1
2026-08-07T17:10,2026-08-07,17,35,69.06,822.148,discharge,28.916,4000.0,4000.0,rule_based_v1
2026-08-07T17:15,2026-08-07,17,35,68.131,822.148,discharge,28.91,4000.0,4000.0,rule_based_v1
2026-08-07T17:20,2026-08-07,17,35,67.202,822.148,discharge,28.904,4000.0,4000.0,rule_based_v1
2026-08-07T17:25,2026-08-07,17,35,66.274,822.148,discharge,28.898,4000.0,4000.0,rule_based_v1
2026-08-07T17:30,2026-08-07,17,36,65.345,596.022,discharge,28.62,4000.0,4000.0,rule_based_v1
2026-08-07T17:35,2026-08-07,17,36,64.671,596.022,discharge,28.614,4000.0,4000.0,rule_based_v1
2026-08-07T17:40,2026-08-07,17,36,63.998,596.022,discharge,28.607,4000.0,4000.0,rule_based_v1
2026-08-07T17:45,2026-08-07,17,36,63.325,596.022,discharge,28.601,4000.0,4000.0,rule_based_v1
2026-08-07T17:50,2026-08-07,17,36,62.651,596.022,discharge,28.594,4000.0,4000.0,rule_based_v1
2026-08-07T17:55,2026-08-07,17,36,61.978,596.022,discharge,28.587,4000.0,4000.0,rule_based_v1
2026-08-07T18:00,2026-08-07,18,37,61.304,672.122,discharge,28.672,4000.0,4000.0,rule_based_v1
2026-08-07T18:05,2026-08-07,18,37,60.545,672.122,discharge,28.664,4000.0,4000.0,rule_based_v1
2026-08-07T18:10,2026-08-07,18,37,59.786,672.122,discharge,28.657,4000.0,4000.0,rule_based_v1
2026-08-07T18:15,2026-08-07,18,37,59.026,672.122,discharge,28.65,4000.0,4000.0,rule_based_v1
2026-08-07T18:20,2026-08-07,18,37,58.267,672.122,discharge,28.643,4000.0,4000.0,rule_based_v1
2026-08-07T18:25,2026-08-07,18,37,57.508,672.122,discharge,28.635,4000.0,4000.0,rule_based_v1
2026-08-07T18:30,2026-08-07,18,38,56.748,642.814,discharge,28.592,4000.0,4000.0,rule_based_v1
2026-08-07T18:35,2026-08-07,18,38,56.022,642.814,discharge,28.585,4000.0,4000.0,rule_based_v1
2026-08-07T18:40,2026-08-07,18,38,55.296,642.814,discharge,28.577,4000.0,4000.0,rule_based_v1
2026-08-07T18:45,2026-08-07,18,38,54.57,642.814,discharge,28.569,4000.0,4000.0,rule_based_v1
2026-08-07T18:50,2026-08-07,18,38,53.843,642.814,discharge,28.561,4000.0,4000.0,rule_based_v1
2026-08-07T18:55,2026-08-07,18,38,53.117,642.814,discharge,28.553,4000.0,4000.0,rule_based_v1
2026-08-07T19:00,2026-08-07,19,39,52.391,0.0,idle,27.774,4000.0,4000.0,rule_based_v1
2026-08-07T19:05,2026-08-07,19,39,52.391,0.0,idle,27.765,4000.0,4000.0,rule_based_v1
2026-08-07T19:10,2026-08-07,19,39,52.391,0.0,idle,27.757,4000.0,4000.0,rule_based_v1
2026-08-07T19:15,2026-08-07,19,39,52.391,0.0,idle,27.749,4000.0,4000.0,rule_based_v1
2026-08-07T19:20,2026-08-07,19,39,52.391,0.0,idle,27.74,4000.0,4000.0,rule_based_v1
2026-08-07T19:25,2026-08-07,19,39,52.391,0.0,idle,27.732,4000.0,4000.0,rule_based_v1
2026-08-07T19:30,2026-08-07,19,40,52.391,0.0,idle,27.723,4000.0,4000.0,rule_based_v1
2026-08-07T19:35,2026-08-07,19,40,52.391,0.0,idle,27.715,4000.0,4000.0,rule_based_v1
2026-08-07T19:40,2026-08-07,19,40,52.391,0.0,idle,27.706,4000.0,4000.0,rule_based_v1
2026-08-07T19:45,2026-08-07,19,40,52.391,0.0,idle,27.697,4000.0,4000.0,rule_based_v1
2026-08-07T19:50,2026-08-07,19,40,52.391,0.0,idle,27.688,4000.0,4000.0,rule_based_v1
2026-08-07T19:55,2026-08-07,19,40,52.391,0.0,idle,27.679,4000.0,4000.0,rule_based_v1
2026-08-07T20:00,2026-08-07,20,41,52.391,375.635,discharge,28.121,4000.0,4000.0,rule_based_v1
2026-08-07T20:05,2026-08-07,20,41,51.966,375.635,discharge,28.112,4000.0,4000.0,rule_based_v1
2026-08-07T20:10,2026-08-07,20,41,51.542,375.635,discharge,28.103,4000.0,4000.0,rule_based_v1
2026-08-07T20:15,2026-08-07,20,41,51.118,375.635,discharge,28.094,4000.0,4000.0,rule_based_v1
2026-08-07T20:20,2026-08-07,20,41,50.693,375.635,discharge,28.085,4000.0,4000.0,rule_based_v1
2026-08-07T20:25,2026-08-07,20,41,50.269,375.635,discharge,28.076,4000.0,4000.0,rule_based_v1
2026-08-07T20:30,2026-08-07,20,42,49.845,0.0,idle,27.616,4000.0,4000.0,rule_based_v1
2026-08-07T20:35,2026-08-07,20,42,49.845,0.0,idle,27.607,4000.0,4000.0,rule_based_v1
2026-08-07T20:40,2026-08-07,20,42,49.845,0.0,idle,27.597,4000.0,4000.0,rule_based_v1
2026-08-07T20:45,2026-08-07,20,42,49.845,0.0,idle,27.588,4000.0,4000.0,rule_based_v1
2026-08-07T20:50,2026-08-07,20,42,49.845,0.0,idle,27.579,4000.0,4000.0,rule_based_v1
2026-08-07T20:55,2026-08-07,20,42,49.845,0.0,idle,27.569,4000.0,4000.0,rule_based_v1
2026-08-07T21:00,2026-08-07,21,43,49.845,0.0,idle,27.56,4000.0,4000.0,rule_based_v1
2026-08-07T21:05,2026-08-07,21,43,49.845,0.0,idle,27.551,4000.0,4000.0,rule_based_v1
2026-08-07T21:10,2026-08-07,21,43,49.845,0.0,idle,27.541,4000.0,4000.0,rule_based_v1
2026-08-07T21:15,2026-08-07,21,43,49.845,0.0,idle,27.532,4000.0,4000.0,rule_based_v1
2026-08-07T21:20,2026-08-07,21,43,49.845,0.0,idle,27.523,4000.0,4000.0,rule_based_v1
2026-08-07T21:25,2026-08-07,21,43,49.845,0.0,idle,27.513,4000.0,4000.0,rule_based_v1
2026-08-07T21:30,2026-08-07,21,44,49.845,0.0,idle,27.504,4000.0,4000.0,rule_based_v1
2026-08-07T21:35,2026-08-07,21,44,49.845,0.0,idle,27.494,4000.0,4000.0,rule_based_v1
2026-08-07T21:40,2026-08-07,21,44,49.845,0.0,idle,27.485,4000.0,4000.0,rule_based_v1
2026-08-07T21:45,2026-08-07,21,44,49.845,0.0,idle,27.475,4000.0,4000.0,rule_based_v1
2026-08-07T21:50,2026-08-07,21,44,49.845,0.0,idle,27.466,4000.0,4000.0,rule_based_v1
2026-08-07T21:55,2026-08-07,21,44,49.845,0.0,idle,27.457,4000.0,4000.0,rule_based_v1
2026-08-07T22:00,2026-08-07,22,45,49.845,0.0,idle,27.447,4000.0,4000.0,rule_based_v1
2026-08-07T22:05,2026-08-07,22,45,49.845,0.0,idle,27.438,4000.0,4000.0,rule_based_v1
2026-08-07T22:10,2026-08-07,22,45,49.845,0.0,idle,27.429,4000.0,4000.0,rule_based_v1
2026-08-07T22:15,2026-08-07,22,45,49.845,0.0,idle,27.419,4000.0,4000.0,rule_based_v1
2026-08-07T22:20,2026-08-07,22,45,49.845,0.0,idle,27.41,4000.0,4000.0,rule_based_v1
2026-08-07T22:25,2026-08-07,22,45,49.845,0.0,idle,27.401,4000.0,4000.0,rule_based_v1
2026-08-07T22:30,2026-08-07,22,46,49.845,0.0,idle,27.391,4000.0,4000.0,rule_based_v1
2026-08-07T22:35,2026-08-07,22,46,49.845,0.0,idle,27.382,4000.0,4000.0,rule_based_v1
2026-08-07T22:40,2026-08-07,22,46,49.845,0.0,idle,27.373,4000.0,4000.0,rule_based_v1
2026-08-07T22:45,2026-08-07,22,46,49.845,0.0,idle,27.364,4000.0,4000.0,rule_based_v1
2026-08-07T22:50,2026-08-07,22,46,49.845,0.0,idle,27.355,4000.0,4000.0,rule_based_v1
2026-08-07T22:55,2026-08-07,22,46,49.845,0.0,idle,27.346,4000.0,4000.0,rule_based_v1
2026-08-07T23:00,2026-08-07,23,47,49.845,0.0,idle,27.337,4000.0,4000.0,rule_based_v1
2026-08-07T23:05,2026-08-07,23,47,49.845,0.0,idle,27.328,4000.0,4000.0,rule_based_v1
2026-08-07T23:10,2026-08-07,23,47,49.845,0.0,idle,27.319,4000.0,4000.0,rule_based_v1
2026-08-07T23:15,2026-08-07,23,47,49.845,0.0,idle,27.31,4000.0,4000.0,rule_based_v1
2026-08-07T23:20,2026-08-07,23,47,49.845,0.0,idle,27.301,4000.0,4000.0,rule_based_v1
2026-08-07T23:25,2026-08-07,23,47,49.845,0.0,idle,27.293,4000.0,4000.0,rule_based_v1
2026-08-07T23:30,2026-08-07,23,48,49.845,0.0,idle,27.284,4000.0,4000.0,rule_based_v1
2026-08-07T23:35,2026-08-07,23,48,49.845,0.0,idle,27.275,4000.0,4000.0,rule_based_v1
2026-08-07T23:40,2026-08-07,23,48,49.845,0.0,idle,27.267,4000.0,4000.0,rule_based_v1
2026-08-07T23:45,2026-08-07,23,48,49.845,0.0,idle,27.259,4000.0,4000.0,rule_based_v1
2026-08-07T23:50,2026-08-07,23,48,49.845,0.0,idle,27.25,4000.0,4000.0,rule_based_v1
2026-08-07T23:55,2026-08-07,23,48,49.845,0.0,idle,27.242,4000.0,4000.0,rule_based_v1
2026-08-08T00:00,2026-08-08,0,1,49.845,0.0,idle,27.234,4000.0,4000.0,rule_based_v1
2026-08-08T00:05,2026-08-08,0,1,49.845,0.0,idle,27.226,4000.0,4000.0,rule_based_v1
2026-08-08T00:10,2026-08-08,0,1,49.845,0.0,idle,27.218,4000.0,4000.0,rule_based_v1
2026-08-08T00:15,2026-08-08,0,1,49.845,0.0,idle,27.21,4000.0,4000.0,rule_based_v1
2026-08-08T00:20,2026-08-08,0,1,49.845,0.0,idle,27.202,4000.0,4000.0,rule_based_v1
2026-08-08T00:25,2026-08-08,0,1,49.845,0.0,idle,27.194,4000.0,4000.0,rule_based_v1
2026-08-08T00:30,2026-08-08,0,2,49.845,0.0,idle,27.186,4000.0,4000.0,rule_based_v1
2026-08-08T00:35,2026-08-08,0,2,49.845,0.0,idle,27.179,4000.0,4000.0,rule_based_v1
2026-08-08T00:40,2026-08-08,0,2,49.845,0.0,idle,27.171,4000.0,4000.0,rule_based_v1
2026-08-08T00:45,2026-08-08,0,2,49.845,0.0,idle,27.164,4000.0,4000.0,rule_based_v1
2026-08-08T00:50,2026-08-08,0,2,49.845,0.0,idle,27.157,4000.0,4000.0,rule_based_v1
2026-08-08T00:55,2026-08-08,0,2,49.845,0.0,idle,27.149,4000.0,4000.0,rule_based_v1
2026-08-08T01:00,2026-08-08,1,3,49.845,-900.0,charge,28.222,4000.0,4000.0,rule_based_v1
2026-08-08T01:05,2026-08-08,1,3,50.709,-900.0,charge,28.215,4000.0,4000.0,rule_based_v1
2026-08-08T01:10,2026-08-08,1,3,51.573,-900.0,charge,28.209,4000.0,4000.0,rule_based_v1
2026-08-08T01:15,2026-08-08,1,3,52.438,-900.0,charge,28.202,4000.0,4000.0,rule_based_v1
2026-08-08T01:20,2026-08-08,1,3,53.302,-900.0,charge,28.195,4000.0,4000.0,rule_based_v1
2026-08-08T01:25,2026-08-08,1,3,54.166,-900.0,charge,28.189,4000.0,4000.0,rule_based_v1
2026-08-08T01:30,2026-08-08,1,4,55.031,-900.0,charge,28.182,4000.0,4000.0,rule_based_v1
2026-08-08T01:35,2026-08-08,1,4,55.895,-900.0,charge,28.176,4000.0,4000.0,rule_based_v1
2026-08-08T01:40,2026-08-08,1,4,56.76,-900.0,charge,28.17,4000.0,4000.0,rule_based_v1
2026-08-08T01:45,2026-08-08,1,4,57.624,-900.0,charge,28.164,4000.0,4000.0,rule_based_v1
2026-08-08T01:50,2026-08-08,1,4,58.488,-900.0,charge,28.158,4000.0,4000.0,rule_based_v1
2026-08-08T01:55,2026-08-08,1,4,59.353,-900.0,charge,28.152,4000.0,4000.0,rule_based_v1
2026-08-08T02:00,2026-08-08,2,5,60.217,-900.0,charge,28.147,4000.0,4000.0,rule_based_v1
2026-08-08T02:05,2026-08-08,2,5,61.081,-900.0,charge,28.141,4000.0,4000.0,rule_based_v1
2026-08-08T02:10,2026-08-08,2,5,61.946,-900.0,charge,28.136,4000.0,4000.0,rule_based_v1
2026-08-08T02:15,2026-08-08,2,5,62.81,-900.0,charge,28.131,4000.0,4000.0,rule_based_v1
2026-08-08T02:20,2026-08-08,2,5,63.675,-900.0,charge,28.126,4000.0,4000.0,rule_based_v1
2026-08-08T02:25,2026-08-08,2,5,64.539,-900.0,charge,28.121,4000.0,4000.0,rule_based_v1
2026-08-08T02:30,2026-08-08,2,6,65.403,-900.0,charge,28.116,4000.0,4000.0,rule_based_v1
2026-08-08T02:35,2026-08-08,2,6,66.268,-900.0,charge,28.111,4000.0,4000.0,rule_based_v1
2026-08-08T02:40,2026-08-08,2,6,67.132,-900.0,charge,28.107,4000.0,4000.0,rule_based_v1
2026-08-08T02:45,2026-08-08,2,6,67.996,-900.0,charge,28.103,4000.0,4000.0,rule_based_v1
2026-08-08T02:50,2026-08-08,2,6,68.861,-900.0,charge,28.098,4000.0,4000.0,rule_based_v1
2026-08-08T02:55,2026-08-08,2,6,69.725,-900.0,charge,28.094,4000.0,4000.0,rule_based_v1
2026-08-08T03:00,2026-08-08,3,7,70.59,-900.0,charge,28.09,4000.0,4000.0,rule_based_v1
2026-08-08T03:05,2026-08-08,3,7,71.454,-900.0,charge,28.087,4000.0,4000.0,rule_based_v1
2026-08-08T03:10,2026-08-08,3,7,72.318,-900.0,charge,28.083,4000.0,3936.088,rule_based_v1
2026-08-08T03:15,2026-08-08,3,7,73.183,-900.0,charge,28.08,4000.0,3786.088,rule_based_v1
2026-08-08T03:20,2026-08-08,3,7,74.047,-900.0,charge,28.076,4000.0,3636.088,rule_based_v1
2026-08-08T03:25,2026-08-08,3,7,74.911,-900.0,charge,28.073,4000.0,3486.088,rule_based_v1
2026-08-08T03:30,2026-08-08,3,8,75.776,-900.0,charge,28.07,4000.0,3336.088,rule_based_v1
2026-08-08T03:35,2026-08-08,3,8,76.64,-900.0,charge,28.067,4000.0,3186.088,rule_based_v1
2026-08-08T03:40,2026-08-08,3,8,77.505,-900.0,charge,28.065,4000.0,3036.088,rule_based_v1
2026-08-08T03:45,2026-08-08,3,8,78.369,-900.0,charge,28.062,4000.0,2886.088,rule_based_v1
2026-08-08T03:50,2026-08-08,3,8,79.233,-900.0,charge,28.06,4000.0,2736.088,rule_based_v1
2026-08-08T03:55,2026-08-08,3,8,80.098,-900.0,charge,28.058,4000.0,2586.088,rule_based_v1
2026-08-08T04:00,2026-08-08,4,9,80.962,-900.0,charge,28.055,4000.0,2436.088,rule_based_v1
2026-08-08T04:05,2026-08-08,4,9,81.826,-900.0,charge,28.054,4000.0,2286.088,rule_based_v1
2026-08-08T04:10,2026-08-08,4,9,82.691,-900.0,charge,28.052,4000.0,2136.088,rule_based_v1
2026-08-08T04:15,2026-08-08,4,9,83.555,-900.0,charge,28.05,4000.0,1986.088,rule_based_v1
2026-08-08T04:20,2026-08-08,4,9,84.42,-900.0,charge,28.049,4000.0,1836.088,rule_based_v1
2026-08-08T04:25,2026-08-08,4,9,85.284,-900.0,charge,28.048,4000.0,1686.088,rule_based_v1
2026-08-08T04:30,2026-08-08,4,10,86.148,-900.0,charge,28.047,4000.0,1536.088,rule_based_v1
2026-08-08T04:35,2026-08-08,4,10,87.013,-900.0,charge,28.046,4000.0,1386.088,rule_based_v1
2026-08-08T04:40,2026-08-08,4,10,87.877,-900.0,charge,28.045,4000.0,1236.088,rule_based_v1
2026-08-08T04:45,2026-08-08,4,10,88.741,-900.0,charge,28.044,4000.0,1086.088,rule_based_v1
2026-08-08T04:50,2026-08-08,4,10,89.606,-900.0,charge,28.044,4000.0,936.088,rule_based_v1
2026-08-08T04:55,2026-08-08,4,10,90.47,-900.0,charge,28.044,4000.0,786.088,rule_based_v1
2026-08-08T05:00,2026-08-08,5,11,91.335,0.0,idle,26.84,4000.0,636.088,rule_based_v1
2026-08-08T05:05,2026-08-08,5,11,91.335,0.0,idle,26.841,4000.0,636.088,rule_based_v1
2026-08-08T05:10,2026-08-08,5,11,91.335,0.0,idle,26.841,4000.0,636.088,rule_based_v1
2026-08-08T05:15,2026-08-08,5,11,91.335,0.0,idle,26.842,4000.0,636.088,rule_based_v1
2026-08-08T05:20,2026-08-08,5,11,91.335,0.0,idle,26.844,4000.0,636.088,rule_based_v1
2026-08-08T05:25,2026-08-08,5,11,91.335,0.0,idle,26.846,4000.0,636.088,rule_based_v1
2026-08-08T05:30,2026-08-08,5,12,91.335,0.0,idle,26.849,4000.0,636.088,rule_based_v1
2026-08-08T05:35,2026-08-08,5,12,91.335,0.0,idle,26.852,4000.0,636.088,rule_based_v1
2026-08-08T05:40,2026-08-08,5,12,91.335,0.0,idle,26.855,4000.0,636.088,rule_based_v1
2026-08-08T05:45,2026-08-08,5,12,91.335,0.0,idle,26.859,4000.0,636.088,rule_based_v1
2026-08-08T05:50,2026-08-08,5,12,91.335,0.0,idle,26.863,4000.0,636.088,rule_based_v1
2026-08-08T05:55,2026-08-08,5,12,91.335,0.0,idle,26.868,4000.0,636.088,rule_based_v1
2026-08-08T06:00,2026-08-08,6,13,91.335,0.0,idle,26.873,4000.0,636.088,rule_based_v1
2026-08-08T06:05,2026-08-08,6,13,91.335,0.0,idle,26.879,4000.0,636.088,rule_based_v1
2026-08-08T06:10,2026-08-08,6,13,91.335,0.0,idle,26.885,4000.0,636.088,rule_based_v1
2026-08-08T06:15,2026-08-08,6,13,91.335,0.0,idle,26.891,4000.0,636.088,rule_based_v1
2026-08-08T06:20,2026-08-08,6,13,91.335,0.0,idle,26.898,4000.0,636.088,rule_based_v1
2026-08-08T06:25,2026-08-08,6,13,91.335,0.0,idle,26.905,4000.0,636.088,rule_based_v1
2026-08-08T06:30,2026-08-08,6,14,91.335,0.0,idle,26.913,4000.0,636.088,rule_based_v1
2026-08-08T06:35,2026-08-08,6,14,91.335,0.0,idle,26.921,4000.0,636.088,rule_based_v1
2026-08-08T06:40,2026-08-08,6,14,91.335,0.0,idle,26.929,4000.0,636.088,rule_based_v1
2026-08-08T06:45,2026-08-08,6,14,91.335,0.0,idle,26.938,4000.0,636.088,rule_based_v1
2026-08-08T06:50,2026-08-08,6,14,91.335,0.0,idle,26.947,4000.0,636.088,rule_based_v1
2026-08-08T06:55,2026-08-08,6,14,91.335,0.0,idle,26.957,4000.0,636.088,rule_based_v1
2026-08-08T07:00,2026-08-08,7,15,91.335,0.0,idle,26.967,4000.0,636.088,rule_based_v1
2026-08-08T07:05,2026-08-08,7,15,91.335,0.0,idle,26.977,4000.0,636.088,rule_based_v1
2026-08-08T07:10,2026-08-08,7,15,91.335,0.0,idle,26.988,4000.0,636.088,rule_based_v1
2026-08-08T07:15,2026-08-08,7,15,91.335,0.0,idle,26.999,4000.0,636.088,rule_based_v1
2026-08-08T07:20,2026-08-08,7,15,91.335,0.0,idle,27.01,4000.0,636.088,rule_based_v1
2026-08-08T07:25,2026-08-08,7,15,91.335,0.0,idle,27.021,4000.0,636.088,rule_based_v1
2026-08-08T07:30,2026-08-08,7,16,91.335,0.0,idle,27.033,4000.0,636.088,rule_based_v1
2026-08-08T07:35,2026-08-08,7,16,91.335,0.0,idle,27.045,4000.0,636.088,rule_based_v1
2026-08-08T07:40,2026-08-08,7,16,91.335,0.0,idle,27.058,4000.0,636.088,rule_based_v1
2026-08-08T07:45,2026-08-08,7,16,91.335,0.0,idle,27.071,4000.0,636.088,rule_based_v1
2026-08-08T07:50,2026-08-08,7,16,91.335,0.0,idle,27.084,4000.0,636.088,rule_based_v1
2026-08-08T07:55,2026-08-08,7,16,91.335,0.0,idle,27.097,4000.0,636.088,rule_based_v1
2026-08-08T08:00,2026-08-08,8,17,91.335,0.0,idle,27.11,4000.0,636.088,rule_based_v1
2026-08-08T08:05,2026-08-08,8,17,91.335,0.0,idle,27.124,4000.0,636.088,rule_based_v1
2026-08-08T08:10,2026-08-08,8,17,91.335,0.0,idle,27.138,4000.0,636.088,rule_based_v1
2026-08-08T08:15,2026-08-08,8,17,91.335,0.0,idle,27.152,4000.0,636.088,rule_based_v1
2026-08-08T08:20,2026-08-08,8,17,91.335,0.0,idle,27.166,4000.0,636.088,rule_based_v1
2026-08-08T08:25,2026-08-08,8,17,91.335,0.0,idle,27.181,4000.0,636.088,rule_based_v1
2026-08-08T08:30,2026-08-08,8,18,91.335,0.0,idle,27.196,4000.0,636.088,rule_based_v1
2026-08-08T08:35,2026-08-08,8,18,91.335,0.0,idle,27.21,4000.0,636.088,rule_based_v1
2026-08-08T08:40,2026-08-08,8,18,91.335,0.0,idle,27.225,4000.0,636.088,rule_based_v1
2026-08-08T08:45,2026-08-08,8,18,91.335,0.0,idle,27.241,4000.0,636.088,rule_based_v1
2026-08-08T08:50,2026-08-08,8,18,91.335,0.0,idle,27.256,4000.0,636.088,rule_based_v1
2026-08-08T08:55,2026-08-08,8,18,91.335,0.0,idle,27.271,4000.0,636.088,rule_based_v1
2026-08-08T09:00,2026-08-08,9,19,91.335,0.0,idle,27.287,4000.0,636.088,rule_based_v1
2026-08-08T09:05,2026-08-08,9,19,91.335,0.0,idle,27.302,4000.0,636.088,rule_based_v1
2026-08-08T09:10,2026-08-08,9,19,91.335,0.0,idle,27.318,4000.0,636.088,rule_based_v1
2026-08-08T09:15,2026-08-08,9,19,91.335,0.0,idle,27.333,4000.0,636.088,rule_based_v1
2026-08-08T09:20,2026-08-08,9,19,91.335,0.0,idle,27.349,4000.0,636.088,rule_based_v1
2026-08-08T09:25,2026-08-08,9,19,91.335,0.0,idle,27.365,4000.0,636.088,rule_based_v1
2026-08-08T09:30,2026-08-08,9,20,91.335,0.0,idle,27.38,4000.0,636.088,rule_based_v1
2026-08-08T09:35,2026-08-08,9,20,91.335,0.0,idle,27.396,4000.0,636.088,rule_based_v1
2026-08-08T09:40,2026-08-08,9,20,91.335,0.0,idle,27.412,4000.0,636.088,rule_based_v1
2026-08-08T09:45,2026-08-08,9,20,91.335,0.0,idle,27.427,4000.0,636.088,rule_based_v1
2026-08-08T09:50,2026-08-08,9,20,91.335,0.0,idle,27.443,4000.0,636.088,rule_based_v1
2026-08-08T09:55,2026-08-08,9,20,91.335,0.0,idle,27.459,4000.0,636.088,rule_based_v1
2026-08-08T10:00,2026-08-08,10,21,91.335,0.0,idle,27.474,4000.0,636.088,rule_based_v1
2026-08-08T10:05,2026-08-08,10,21,91.335,0.0,idle,27.49,4000.0,636.088,rule_based_v1
2026-08-08T10:10,2026-08-08,10,21,91.335,0.0,idle,27.505,4000.0,636.088,rule_based_v1
2026-08-08T10:15,2026-08-08,10,21,91.335,0.0,idle,27.52,4000.0,636.088,rule_based_v1
2026-08-08T10:20,2026-08-08,10,21,91.335,0.0,idle,27.535,4000.0,636.088,rule_based_v1
2026-08-08T10:25,2026-08-08,10,21,91.335,0.0,idle,27.55,4000.0,636.088,rule_based_v1
2026-08-08T10:30,2026-08-08,10,22,91.335,0.0,idle,27.565,4000.0,636.088,rule_based_v1
2026-08-08T10:35,2026-08-08,10,22,91.335,0.0,idle,27.58,4000.0,636.088,rule_based_v1
2026-08-08T10:40,2026-08-08,10,22,91.335,0.0,idle,27.594,4000.0,636.088,rule_based_v1
2026-08-08T10:45,2026-08-08,10,22,91.335,0.0,idle,27.609,4000.0,636.088,rule_based_v1
2026-08-08T10:50,2026-08-08,10,22,91.335,0.0,idle,27.623,4000.0,636.088,rule_based_v1
2026-08-08T10:55,2026-08-08,10,22,91.335,0.0,idle,27.637,4000.0,636.088,rule_based_v1
2026-08-08T11:00,2026-08-08,11,23,91.335,0.0,idle,27.65,4000.0,636.088,rule_based_v1
2026-08-08T11:05,2026-08-08,11,23,91.335,0.0,idle,27.664,4000.0,636.088,rule_based_v1
2026-08-08T11:10,2026-08-08,11,23,91.335,0.0,idle,27.677,4000.0,636.088,rule_based_v1
2026-08-08T11:15,2026-08-08,11,23,91.335,0.0,idle,27.69,4000.0,636.088,rule_based_v1
2026-08-08T11:20,2026-08-08,11,23,91.335,0.0,idle,27.703,4000.0,636.088,rule_based_v1
2026-08-08T11:25,2026-08-08,11,23,91.335,0.0,idle,27.715,4000.0,636.088,rule_based_v1
2026-08-08T11:30,2026-08-08,11,24,91.335,0.0,idle,27.727,4000.0,636.088,rule_based_v1
2026-08-08T11:35,2026-08-08,11,24,91.335,0.0,idle,27.739,4000.0,636.088,rule_based_v1
2026-08-08T11:40,2026-08-08,11,24,91.335,0.0,idle,27.751,4000.0,636.088,rule_based_v1
2026-08-08T11:45,2026-08-08,11,24,91.335,0.0,idle,27.762,4000.0,636.088,rule_based_v1
2026-08-08T11:50,2026-08-08,11,24,91.335,0.0,idle,27.773,4000.0,636.088,rule_based_v1
2026-08-08T11:55,2026-08-08,11,24,91.335,0.0,idle,27.784,4000.0,636.088,rule_based_v1
2026-08-08T12:00,2026-08-08,12,25,91.335,0.0,idle,27.794,4000.0,636.088,rule_based_v1
2026-08-08T12:05,2026-08-08,12,25,91.335,0.0,idle,27.804,4000.0,636.088,rule_based_v1
2026-08-08T12:10,2026-08-08,12,25,91.335,0.0,idle,27.814,4000.0,636.088,rule_based_v1
2026-08-08T12:15,2026-08-08,12,25,91.335,0.0,idle,27.823,4000.0,636.088,rule_based_v1
2026-08-08T12:20,2026-08-08,12,25,91.335,0.0,idle,27.832,4000.0,636.088,rule_based_v1
2026-08-08T12:25,2026-08-08,12,25,91.335,0.0,idle,27.84,4000.0,636.088,rule_based_v1
2026-08-08T12:30,2026-08-08,12,26,91.335,0.0,idle,27.848,4000.0,636.088,rule_based_v1
2026-08-08T12:35,2026-08-08,12,26,91.335,0.0,idle,27.856,4000.0,636.088,rule_based_v1
2026-08-08T12:40,2026-08-08,12,26,91.335,0.0,idle,27.863,4000.0,636.088,rule_based_v1
2026-08-08T12:45,2026-08-08,12,26,91.335,0.0,idle,27.87,4000.0,636.088,rule_based_v1
2026-08-08T12:50,2026-08-08,12,26,91.335,0.0,idle,27.876,4000.0,636.088,rule_based_v1
2026-08-08T12:55,2026-08-08,12,26,91.335,0.0,idle,27.882,4000.0,636.088,rule_based_v1
2026-08-08T13:00,2026-08-08,13,27,91.335,0.0,idle,27.888,4000.0,636.088,rule_based_v1
2026-08-08T13:05,2026-08-08,13,27,91.335,0.0,idle,27.893,4000.0,636.088,rule_based_v1
2026-08-08T13:10,2026-08-08,13,27,91.335,0.0,idle,27.898,4000.0,636.088,rule_based_v1
2026-08-08T13:15,2026-08-08,13,27,91.335,0.0,idle,27.902,4000.0,636.088,rule_based_v1
2026-08-08T13:20,2026-08-08,13,27,91.335,0.0,idle,27.906,4000.0,636.088,rule_based_v1
2026-08-08T13:25,2026-08-08,13,27,91.335,0.0,idle,27.909,4000.0,636.088,rule_based_v1
2026-08-08T13:30,2026-08-08,13,28,91.335,0.0,idle,27.912,4000.0,636.088,rule_based_v1
2026-08-08T13:35,2026-08-08,13,28,91.335,0.0,idle,27.915,4000.0,636.088,rule_based_v1
2026-08-08T13:40,2026-08-08,13,28,91.335,0.0,idle,27.917,4000.0,636.088,rule_based_v1
2026-08-08T13:45,2026-08-08,13,28,91.335,0.0,idle,27.918,4000.0,636.088,rule_based_v1
2026-08-08T13:50,2026-08-08,13,28,91.335,0.0,idle,27.919,4000.0,636.088,rule_based_v1
2026-08-08T13:55,2026-08-08,13,28,91.335,0.0,idle,27.92,4000.0,636.088,rule_based_v1
2026-08-08T14:00,2026-08-08,14,29,91.335,0.0,idle,27.92,4000.0,636.088,rule_based_v1
2026-08-08T14:05,2026-08-08,14,29,91.335,0.0,idle,27.92,4000.0,636.088,rule_based_v1
2026-08-08T14:10,2026-08-08,14,29,91.335,0.0,idle,27.92,4000.0,636.088,rule_based_v1
2026-08-08T14:15,2026-08-08,14,29,91.335,0.0,idle,27.92,4000.0,636.088,rule_based_v1
2026-08-08T14:20,2026-08-08,14,29,91.335,0.0,idle,27.919,4000.0,636.088,rule_based_v1
2026-08-08T14:25,2026-08-08,14,29,91.335,0.0,idle,27.918,4000.0,636.088,rule_based_v1
2026-08-08T14:30,2026-08-08,14,30,91.335,0.0,idle,27.917,4000.0,636.088,rule_based_v1
2026-08-08T14:35,2026-08-08,14,30,91.335,0.0,idle,27.916,4000.0,636.088,rule_based_v1
2026-08-08T14:40,2026-08-08,14,30,91.335,0.0,idle,27.915,4000.0,636.088,rule_based_v1
2026-08-08T14:45,2026-08-08,14,30,91.335,0.0,idle,27.914,4000.0,636.088,rule_based_v1
2026-08-08T14:50,2026-08-08,14,30,91.335,0.0,idle,27.912,4000.0,636.088,rule_based_v1
2026-08-08T14:55,2026-08-08,14,30,91.335,0.0,idle,27.91,4000.0,636.088,rule_based_v1
2026-08-08T15:00,2026-08-08,15,31,91.335,0.0,idle,27.909,4000.0,636.088,rule_based_v1
2026-08-08T15:05,2026-08-08,15,31,91.335,0.0,idle,27.907,4000.0,636.088,rule_based_v1
2026-08-08T15:10,2026-08-08,15,31,91.335,0.0,idle,27.904,4000.0,636.088,rule_based_v1
2026-08-08T15:15,2026-08-08,15,31,91.335,0.0,idle,27.902,4000.0,636.088,rule_based_v1
2026-08-08T15:20,2026-08-08,15,31,91.335,0.0,idle,27.899,4000.0,636.088,rule_based_v1
2026-08-08T15:25,2026-08-08,15,31,91.335,0.0,idle,27.897,4000.0,636.088,rule_based_v1
2026-08-08T15:30,2026-08-08,15,32,91.335,0.0,idle,27.894,4000.0,636.088,rule_based_v1
2026-08-08T15:35,2026-08-08,15,32,91.335,0.0,idle,27.891,4000.0,636.088,rule_based_v1
2026-08-08T15:40,2026-08-08,15,32,91.335,0.0,idle,27.888,4000.0,636.088,rule_based_v1
2026-08-08T15:45,2026-08-08,15,32,91.335,0.0,idle,27.884,4000.0,636.088,rule_based_v1
2026-08-08T15:50,2026-08-08,15,32,91.335,0.0,idle,27.881,4000.0,636.088,rule_based_v1
2026-08-08T15:55,2026-08-08,15,32,91.335,0.0,idle,27.877,4000.0,636.088,rule_based_v1
2026-08-08T16:00,2026-08-08,16,33,91.335,0.0,idle,27.874,4000.0,636.088,rule_based_v1
2026-08-08T16:05,2026-08-08,16,33,91.335,0.0,idle,27.87,4000.0,636.088,rule_based_v1
2026-08-08T16:10,2026-08-08,16,33,91.335,0.0,idle,27.866,4000.0,636.088,rule_based_v1
2026-08-08T16:15,2026-08-08,16,33,91.335,0.0,idle,27.861,4000.0,636.088,rule_based_v1
2026-08-08T16:20,2026-08-08,16,33,91.335,0.0,idle,27.857,4000.0,636.088,rule_based_v1
2026-08-08T16:25,2026-08-08,16,33,91.335,0.0,idle,27.853,4000.0,636.088,rule_based_v1
2026-08-08T16:30,2026-08-08,16,34,91.335,0.0,idle,27.848,4000.0,636.088,rule_based_v1
2026-08-08T16:35,2026-08-08,16,34,91.335,0.0,idle,27.843,4000.0,636.088,rule_based_v1
2026-08-08T16:40,2026-08-08,16,34,91.335,0.0,idle,27.838,4000.0,636.088,rule_based_v1
2026-08-08T16:45,2026-08-08,16,34,91.335,0.0,idle,27.833,4000.0,636.088,rule_based_v1
2026-08-08T16:50,2026-08-08,16,34,91.335,0.0,idle,27.828,4000.0,636.088,rule_based_v1
2026-08-08T16:55,2026-08-08,16,34,91.335,0.0,idle,27.823,4000.0,636.088,rule_based_v1
2026-08-08T17:00,2026-08-08,17,35,91.335,0.0,idle,27.817,4000.0,636.088,rule_based_v1
2026-08-08T17:05,2026-08-08,17,35,91.335,0.0,idle,27.812,4000.0,636.088,rule_based_v1
2026-08-08T17:10,2026-08-08,17,35,91.335,0.0,idle,27.806,4000.0,636.088,rule_based_v1
2026-08-08T17:15,2026-08-08,17,35,91.335,0.0,idle,27.8,4000.0,636.088,rule_based_v1
2026-08-08T17:20,2026-08-08,17,35,91.335,0.0,idle,27.794,4000.0,636.088,rule_based_v1
2026-08-08T17:25,2026-08-08,17,35,91.335,0.0,idle,27.788,4000.0,636.088,rule_based_v1
2026-08-08T17:30,2026-08-08,17,36,91.335,0.0,idle,27.782,4000.0,636.088,rule_based_v1
2026-08-08T17:35,2026-08-08,17,36,91.335,0.0,idle,27.775,4000.0,636.088,rule_based_v1
2026-08-08T17:40,2026-08-08,17,36,91.335,0.0,idle,27.769,4000.0,636.088,rule_based_v1
2026-08-08T17:45,2026-08-08,17,36,91.335,0.0,idle,27.762,4000.0,636.088,rule_based_v1
2026-08-08T17:50,2026-08-08,17,36,91.335,0.0,idle,27.755,4000.0,636.088,rule_based_v1
2026-08-08T17:55,2026-08-08,17,36,91.335,0.0,idle,27.749,4000.0,636.088,rule_based_v1
2026-08-08T18:00,2026-08-08,18,37,91.335,0.0,idle,27.742,4000.0,636.088,rule_based_v1
2026-08-08T18:05,2026-08-08,18,37,91.335,0.0,idle,27.735,4000.0,636.088,rule_based_v1
2026-08-08T18:10,2026-08-08,18,37,91.335,0.0,idle,27.727,4000.0,636.088,rule_based_v1
2026-08-08T18:15,2026-08-08,18,37,91.335,0.0,idle,27.72,4000.0,636.088,rule_based_v1
2026-08-08T18:20,2026-08-08,18,37,91.335,0.0,idle,27.713,4000.0,636.088,rule_based_v1
2026-08-08T18:25,2026-08-08,18,37,91.335,0.0,idle,27.705,4000.0,636.088,rule_based_v1
2026-08-08T18:30,2026-08-08,18,38,91.335,0.0,idle,27.698,4000.0,636.088,rule_based_v1
2026-08-08T18:35,2026-08-08,18,38,91.335,0.0,idle,27.69,4000.0,636.088,rule_based_v1
2026-08-08T18:40,2026-08-08,18,38,91.335,0.0,idle,27.682,4000.0,636.088,rule_based_v1
2026-08-08T18:45,2026-08-08,18,38,91.335,0.0,idle,27.674,4000.0,636.088,rule_based_v1
2026-08-08T18:50,2026-08-08,18,38,91.335,0.0,idle,27.667,4000.0,636.088,rule_based_v1
2026-08-08T18:55,2026-08-08,18,38,91.335,0.0,idle,27.658,4000.0,636.088,rule_based_v1
2026-08-08T19:00,2026-08-08,19,39,91.335,0.0,idle,27.65,4000.0,636.088,rule_based_v1
2026-08-08T19:05,2026-08-08,19,39,91.335,0.0,idle,27.642,4000.0,636.088,rule_based_v1
2026-08-08T19:10,2026-08-08,19,39,91.335,0.0,idle,27.634,4000.0,636.088,rule_based_v1
2026-08-08T19:15,2026-08-08,19,39,91.335,0.0,idle,27.626,4000.0,636.088,rule_based_v1
2026-08-08T19:20,2026-08-08,19,39,91.335,0.0,idle,27.617,4000.0,636.088,rule_based_v1
2026-08-08T19:25,2026-08-08,19,39,91.335,0.0,idle,27.609,4000.0,636.088,rule_based_v1
2026-08-08T19:30,2026-08-08,19,40,91.335,0.0,idle,27.6,4000.0,636.088,rule_based_v1
2026-08-08T19:35,2026-08-08,19,40,91.335,0.0,idle,27.591,4000.0,636.088,rule_based_v1
2026-08-08T19:40,2026-08-08,19,40,91.335,0.0,idle,27.583,4000.0,636.088,rule_based_v1
2026-08-08T19:45,2026-08-08,19,40,91.335,0.0,idle,27.574,4000.0,636.088,rule_based_v1
2026-08-08T19:50,2026-08-08,19,40,91.335,0.0,idle,27.565,4000.0,636.088,rule_based_v1
2026-08-08T19:55,2026-08-08,19,40,91.335,0.0,idle,27.556,4000.0,636.088,rule_based_v1
2026-08-08T20:00,2026-08-08,20,41,91.335,0.0,idle,27.547,4000.0,636.088,rule_based_v1
2026-08-08T20:05,2026-08-08,20,41,91.335,0.0,idle,27.538,4000.0,636.088,rule_based_v1
2026-08-08T20:10,2026-08-08,20,41,91.335,0.0,idle,27.529,4000.0,636.088,rule_based_v1
2026-08-08T20:15,2026-08-08,20,41,91.335,0.0,idle,27.52,4000.0,636.088,rule_based_v1
2026-08-08T20:20,2026-08-08,20,41,91.335,0.0,idle,27.511,4000.0,636.088,rule_based_v1
2026-08-08T20:25,2026-08-08,20,41,91.335,0.0,idle,27.502,4000.0,636.088,rule_based_v1
2026-08-08T20:30,2026-08-08,20,42,91.335,0.0,idle,27.493,4000.0,636.088,rule_based_v1
2026-08-08T20:35,2026-08-08,20,42,91.335,0.0,idle,27.483,4000.0,636.088,rule_based_v1
2026-08-08T20:40,2026-08-08,20,42,91.335,0.0,idle,27.474,4000.0,636.088,rule_based_v1
2026-08-08T20:45,2026-08-08,20,42,91.335,0.0,idle,27.465,4000.0,636.088,rule_based_v1
2026-08-08T20:50,2026-08-08,20,42,91.335,0.0,idle,27.456,4000.0,636.088,rule_based_v1
2026-08-08T20:55,2026-08-08,20,42,91.335,0.0,idle,27.446,4000.0,636.088,rule_based_v1
2026-08-08T21:00,2026-08-08,21,43,91.335,0.0,idle,27.437,4000.0,636.088,rule_based_v1
2026-08-08T21:05,2026-08-08,21,43,91.335,0.0,idle,27.427,4000.0,636.088,rule_based_v1
2026-08-08T21:10,2026-08-08,21,43,91.335,0.0,idle,27.418,4000.0,636.088,rule_based_v1
2026-08-08T21:15,2026-08-08,21,43,91.335,0.0,idle,27.409,4000.0,636.088,rule_based_v1
2026-08-08T21:20,2026-08-08,21,43,91.335,0.0,idle,27.399,4000.0,636.088,rule_based_v1
2026-08-08T21:25,2026-08-08,21,43,91.335,0.0,idle,27.39,4000.0,636.088,rule_based_v1
2026-08-08T21:30,2026-08-08,21,44,91.335,0.0,idle,27.38,4000.0,636.088,rule_based_v1
2026-08-08T21:35,2026-08-08,21,44,91.335,0.0,idle,27.371,4000.0,636.088,rule_based_v1
2026-08-08T21:40,2026-08-08,21,44,91.335,0.0,idle,27.362,4000.0,636.088,rule_based_v1
2026-08-08T21:45,2026-08-08,21,44,91.335,0.0,idle,27.352,4000.0,636.088,rule_based_v1
2026-08-08T21:50,2026-08-08,21,44,91.335,0.0,idle,27.343,4000.0,636.088,rule_based_v1
2026-08-08T21:55,2026-08-08,21,44,91.335,0.0,idle,27.333,4000.0,636.088,rule_based_v1
2026-08-08T22:00,2026-08-08,22,45,91.335,0.0,idle,27.324,4000.0,636.088,rule_based_v1
2026-08-08T22:05,2026-08-08,22,45,91.335,0.0,idle,27.315,4000.0,636.088,rule_based_v1
2026-08-08T22:10,2026-08-08,22,45,91.335,0.0,idle,27.305,4000.0,636.088,rule_based_v1
2026-08-08T22:15,2026-08-08,22,45,91.335,0.0,idle,27.296,4000.0,636.088,rule_based_v1
2026-08-08T22:20,2026-08-08,22,45,91.335,0.0,idle,27.287,4000.0,636.088,rule_based_v1
2026-08-08T22:25,2026-08-08,22,45,91.335,0.0,idle,27.277,4000.0,636.088,rule_based_v1
2026-08-08T22:30,2026-08-08,22,46,91.335,0.0,idle,27.268,4000.0,636.088,rule_based_v1
2026-08-08T22:35,2026-08-08,22,46,91.335,0.0,idle,27.259,4000.0,636.088,rule_based_v1
2026-08-08T22:40,2026-08-08,22,46,91.335,0.0,idle,27.25,4000.0,636.088,rule_based_v1
2026-08-08T22:45,2026-08-08,22,46,91.335,0.0,idle,27.241,4000.0,636.088,rule_based_v1
2026-08-08T22:50,2026-08-08,22,46,91.335,0.0,idle,27.232,4000.0,636.088,rule_based_v1
2026-08-08T22:55,2026-08-08,22,46,91.335,0.0,idle,27.222,4000.0,636.088,rule_based_v1
2026-08-08T23:00,2026-08-08,23,47,91.335,0.0,idle,27.213,4000.0,636.088,rule_based_v1
2026-08-08T23:05,2026-08-08,23,47,91.335,0.0,idle,27.205,4000.0,636.088,rule_based_v1
2026-08-08T23:10,2026-08-08,23,47,91.335,0.0,idle,27.196,4000.0,636.088,rule_based_v1
2026-08-08T23:15,2026-08-08,23,47,91.335,0.0,idle,27.187,4000.0,636.088,rule_based_v1
2026-08-08T23:20,2026-08-08,23,47,91.335,0.0,idle,27.178,4000.0,636.088,rule_based_v1
2026-08-08T23:25,2026-08-08,23,47,91.335,0.0,idle,27.169,4000.0,636.088,rule_based_v1
2026-08-08T23:30,2026-08-08,23,48,91.335,0.0,idle,27.161,4000.0,636.088,rule_based_v1
2026-08-08T23:35,2026-08-08,23,48,91.335,0.0,idle,27.152,4000.0,636.088,rule_based_v1
2026-08-08T23:40,2026-08-08,23,48,91.335,0.0,idle,27.144,4000.0,636.088,rule_based_v1
2026-08-08T23:45,2026-08-08,23,48,91.335,0.0,idle,27.135,4000.0,636.088,rule_based_v1
2026-08-08T23:50,2026-08-08,23,48,91.335,0.0,idle,27.127,4000.0,636.088,rule_based_v1
2026-08-08T23:55,2026-08-08,23,48,91.335,0.0,idle,27.119,4000.0,636.088,rule_based_v1
2026-08-09T00:00,2026-08-09,0,1,91.335,0.0,idle,27.11,4000.0,636.088,rule_based_v1
2026-08-09T00:05,2026-08-09,0,1,91.335,0.0,idle,27.102,4000.0,636.088,rule_based_v1
2026-08-09T00:10,2026-08-09,0,1,91.335,0.0,idle,27.094,4000.0,636.088,rule_based_v1
2026-08-09T00:15,2026-08-09,0,1,91.335,0.0,idle,27.086,4000.0,636.088,rule_based_v1
2026-08-09T00:20,2026-08-09,0,1,91.335,0.0,idle,27.078,4000.0,636.088,rule_based_v1
2026-08-09T00:25,2026-08-09,0,1,91.335,0.0,idle,27.071,4000.0,636.088,rule_based_v1
2026-08-09T00:30,2026-08-09,0,2,91.335,0.0,idle,27.063,4000.0,636.088,rule_based_v1
2026-08-09T00:35,2026-08-09,0,2,91.335,0.0,idle,27.055,4000.0,636.088,rule_based_v1
2026-08-09T00:40,2026-08-09,0,2,91.335,0.0,idle,27.048,4000.0,636.088,rule_based_v1
2026-08-09T00:45,2026-08-09,0,2,91.335,0.0,idle,27.041,4000.0,636.088,rule_based_v1
2026-08-09T00:50,2026-08-09,0,2,91.335,0.0,idle,27.033,4000.0,636.088,rule_based_v1
2026-08-09T00:55,2026-08-09,0,2,91.335,0.0,idle,27.026,4000.0,636.088,rule_based_v1
2026-08-09T01:00,2026-08-09,1,3,91.335,0.0,idle,27.019,4000.0,636.088,rule_based_v1
2026-08-09T01:05,2026-08-09,1,3,91.335,0.0,idle,27.012,4000.0,636.088,rule_based_v1
2026-08-09T01:10,2026-08-09,1,3,91.335,0.0,idle,27.005,4000.0,636.088,rule_based_v1
2026-08-09T01:15,2026-08-09,1,3,91.335,0.0,idle,26.999,4000.0,636.088,rule_based_v1
2026-08-09T01:20,2026-08-09,1,3,91.335,0.0,idle,26.992,4000.0,636.088,rule_based_v1
2026-08-09T01:25,2026-08-09,1,3,91.335,0.0,idle,26.985,4000.0,636.088,rule_based_v1
2026-08-09T01:30,2026-08-09,1,4,91.335,0.0,idle,26.979,4000.0,636.088,rule_based_v1
2026-08-09T01:35,2026-08-09,1,4,91.335,0.0,idle,26.973,4000.0,636.088,rule_based_v1
2026-08-09T01:40,2026-08-09,1,4,91.335,0.0,idle,26.967,4000.0,636.088,rule_based_v1
2026-08-09T01:45,2026-08-09,1,4,91.335,0.0,idle,26.961,4000.0,636.088,rule_based_v1
2026-08-09T01:50,2026-08-09,1,4,91.335,0.0,idle,26.955,4000.0,636.088,rule_based_v1
2026-08-09T01:55,2026-08-09,1,4,91.335,0.0,idle,26.949,4000.0,636.088,rule_based_v1
2026-08-09T02:00,2026-08-09,2,5,91.335,0.0,idle,26.943,4000.0,636.088,rule_based_v1
2026-08-09T02:05,2026-08-09,2,5,91.335,0.0,idle,26.938,4000.0,636.088,rule_based_v1
2026-08-09T02:10,2026-08-09,2,5,91.335,0.0,idle,26.933,4000.0,636.088,rule_based_v1
2026-08-09T02:15,2026-08-09,2,5,91.335,0.0,idle,26.927,4000.0,636.088,rule_based_v1
2026-08-09T02:20,2026-08-09,2,5,91.335,0.0,idle,26.922,4000.0,636.088,rule_based_v1
2026-08-09T02:25,2026-08-09,2,5,91.335,0.0,idle,26.917,4000.0,636.088,rule_based_v1
2026-08-09T02:30,2026-08-09,2,6,91.335,0.0,idle,26.913,4000.0,636.088,rule_based_v1
2026-08-09T02:35,2026-08-09,2,6,91.335,0.0,idle,26.908,4000.0,636.088,rule_based_v1
2026-08-09T02:40,2026-08-09,2,6,91.335,0.0,idle,26.904,4000.0,636.088,rule_based_v1
2026-08-09T02:45,2026-08-09,2,6,91.335,0.0,idle,26.899,4000.0,636.088,rule_based_v1
2026-08-09T02:50,2026-08-09,2,6,91.335,0.0,idle,26.895,4000.0,636.088,rule_based_v1
2026-08-09T02:55,2026-08-09,2,6,91.335,0.0,idle,26.891,4000.0,636.088,rule_based_v1
2026-08-09T03:00,2026-08-09,3,7,91.335,0.0,idle,26.887,4000.0,636.088,rule_based_v1
2026-08-09T03:05,2026-08-09,3,7,91.335,0.0,idle,26.883,4000.0,636.088,rule_based_v1
2026-08-09T03:10,2026-08-09,3,7,91.335,0.0,idle,26.88,4000.0,636.088,rule_based_v1
2026-08-09T03:15,2026-08-09,3,7,91.335,0.0,idle,26.876,4000.0,636.088,rule_based_v1
2026-08-09T03:20,2026-08-09,3,7,91.335,0.0,idle,26.873,4000.0,636.088,rule_based_v1
2026-08-09T03:25,2026-08-09,3,7,91.335,0.0,idle,26.87,4000.0,636.088,rule_based_v1
2026-08-09T03:30,2026-08-09,3,8,91.335,0.0,idle,26.867,4000.0,636.088,rule_based_v1
2026-08-09T03:35,2026-08-09,3,8,91.335,0.0,idle,26.864,4000.0,636.088,rule_based_v1
2026-08-09T03:40,2026-08-09,3,8,91.335,0.0,idle,26.861,4000.0,636.088,rule_based_v1
2026-08-09T03:45,2026-08-09,3,8,91.335,0.0,idle,26.859,4000.0,636.088,rule_based_v1
2026-08-09T03:50,2026-08-09,3,8,91.335,0.0,idle,26.856,4000.0,636.088,rule_based_v1
2026-08-09T03:55,2026-08-09,3,8,91.335,0.0,idle,26.854,4000.0,636.088,rule_based_v1
2026-08-09T04:00,2026-08-09,4,9,91.335,0.0,idle,26.852,4000.0,636.088,rule_based_v1
2026-08-09T04:05,2026-08-09,4,9,91.335,0.0,idle,26.85,4000.0,636.088,rule_based_v1
2026-08-09T04:10,2026-08-09,4,9,91.335,0.0,idle,26.849,4000.0,636.088,rule_based_v1
2026-08-09T04:15,2026-08-09,4,9,91.335,0.0,idle,26.847,4000.0,636.088,rule_based_v1
2026-08-09T04:20,2026-08-09,4,9,91.335,0.0,idle,26.846,4000.0,636.088,rule_based_v1
2026-08-09T04:25,2026-08-09,4,9,91.335,0.0,idle,26.844,4000.0,636.088,rule_based_v1
2026-08-09T04:30,2026-08-09,4,10,91.335,0.0,idle,26.843,4000.0,636.088,rule_based_v1
2026-08-09T04:35,2026-08-09,4,10,91.335,0.0,idle,26.842,4000.0,636.088,rule_based_v1
2026-08-09T04:40,2026-08-09,4,10,91.335,0.0,idle,26.842,4000.0,636.088,rule_based_v1
2026-08-09T04:45,2026-08-09,4,10,91.335,0.0,idle,26.841,4000.0,636.088,rule_based_v1
2026-08-09T04:50,2026-08-09,4,10,91.335,0.0,idle,26.841,4000.0,636.088,rule_based_v1
2026-08-09T04:55,2026-08-09,4,10,91.335,0.0,idle,26.84,4000.0,636.088,rule_based_v1
2026-08-09T05:00,2026-08-09,5,11,91.335,0.0,idle,26.944,4000.0,636.088,rule_based_v1
2026-08-09T05:05,2026-08-09,5,11,91.335,0.0,idle,26.944,4000.0,636.088,rule_based_v1
2026-08-09T05:10,2026-08-09,5,11,91.335,0.0,idle,26.945,4000.0,636.088,rule_based_v1
2026-08-09T05:15,2026-08-09,5,11,91.335,0.0,idle,26.946,4000.0,636.088,rule_based_v1
2026-08-09T05:20,2026-08-09,5,11,91.335,0.0,idle,26.947,4000.0,636.088,rule_based_v1
2026-08-09T05:25,2026-08-09,5,11,91.335,0.0,idle,26.949,4000.0,636.088,rule_based_v1
2026-08-09T05:30,2026-08-09,5,12,91.335,0.0,idle,26.952,4000.0,636.088,rule_based_v1
2026-08-09T05:35,2026-08-09,5,12,91.335,0.0,idle,26.955,4000.0,636.088,rule_based_v1
2026-08-09T05:40,2026-08-09,5,12,91.335,0.0,idle,26.958,4000.0,636.088,rule_based_v1
2026-08-09T05:45,2026-08-09,5,12,91.335,0.0,idle,26.962,4000.0,636.088,rule_based_v1
2026-08-09T05:50,2026-08-09,5,12,91.335,0.0,idle,26.966,4000.0,636.088,rule_based_v1
2026-08-09T05:55,2026-08-09,5,12,91.335,0.0,idle,26.971,4000.0,636.088,rule_based_v1
2026-08-09T06:00,2026-08-09,6,13,91.335,0.0,idle,26.976,4000.0,636.088,rule_based_v1
2026-08-09T06:05,2026-08-09,6,13,91.335,0.0,idle,26.982,4000.0,636.088,rule_based_v1
2026-08-09T06:10,2026-08-09,6,13,91.335,0.0,idle,26.988,4000.0,636.088,rule_based_v1
2026-08-09T06:15,2026-08-09,6,13,91.335,0.0,idle,26.994,4000.0,636.088,rule_based_v1
2026-08-09T06:20,2026-08-09,6,13,91.335,0.0,idle,27.001,4000.0,636.088,rule_based_v1
2026-08-09T06:25,2026-08-09,6,13,91.335,0.0,idle,27.008,4000.0,636.088,rule_based_v1
2026-08-09T06:30,2026-08-09,6,14,91.335,0.0,idle,27.016,4000.0,636.088,rule_based_v1
2026-08-09T06:35,2026-08-09,6,14,91.335,0.0,idle,27.024,4000.0,636.088,rule_based_v1
2026-08-09T06:40,2026-08-09,6,14,91.335,0.0,idle,27.033,4000.0,636.088,rule_based_v1
2026-08-09T06:45,2026-08-09,6,14,91.335,0.0,idle,27.041,4000.0,636.088,rule_based_v1
2026-08-09T06:50,2026-08-09,6,14,91.335,0.0,idle,27.051,4000.0,636.088,rule_based_v1
2026-08-09T06:55,2026-08-09,6,14,91.335,0.0,idle,27.06,4000.0,636.088,rule_based_v1
2026-08-09T07:00,2026-08-09,7,15,91.335,0.0,idle,27.07,4000.0,636.088,rule_based_v1
2026-08-09T07:05,2026-08-09,7,15,91.335,0.0,idle,27.08,4000.0,636.088,rule_based_v1
2026-08-09T07:10,2026-08-09,7,15,91.335,0.0,idle,27.091,4000.0,636.088,rule_based_v1
2026-08-09T07:15,2026-08-09,7,15,91.335,0.0,idle,27.102,4000.0,636.088,rule_based_v1
2026-08-09T07:20,2026-08-09,7,15,91.335,0.0,idle,27.113,4000.0,636.088,rule_based_v1
2026-08-09T07:25,2026-08-09,7,15,91.335,0.0,idle,27.125,4000.0,636.088,rule_based_v1
2026-08-09T07:30,2026-08-09,7,16,91.335,0.0,idle,27.137,4000.0,636.088,rule_based_v1
2026-08-09T07:35,2026-08-09,7,16,91.335,0.0,idle,27.149,4000.0,636.088,rule_based_v1
2026-08-09T07:40,2026-08-09,7,16,91.335,0.0,idle,27.161,4000.0,636.088,rule_based_v1
2026-08-09T07:45,2026-08-09,7,16,91.335,0.0,idle,27.174,4000.0,636.088,rule_based_v1
2026-08-09T07:50,2026-08-09,7,16,91.335,0.0,idle,27.187,4000.0,636.088,rule_based_v1
2026-08-09T07:55,2026-08-09,7,16,91.335,0.0,idle,27.2,4000.0,636.088,rule_based_v1
2026-08-09T08:00,2026-08-09,8,17,91.335,0.0,idle,27.214,4000.0,636.088,rule_based_v1
2026-08-09T08:05,2026-08-09,8,17,91.335,0.0,idle,27.227,4000.0,636.088,rule_based_v1
2026-08-09T08:10,2026-08-09,8,17,91.335,0.0,idle,27.241,4000.0,636.088,rule_based_v1
2026-08-09T08:15,2026-08-09,8,17,91.335,0.0,idle,27.255,4000.0,636.088,rule_based_v1
2026-08-09T08:20,2026-08-09,8,17,91.335,0.0,idle,27.27,4000.0,636.088,rule_based_v1
2026-08-09T08:25,2026-08-09,8,17,91.335,0.0,idle,27.284,4000.0,636.088,rule_based_v1
2026-08-09T08:30,2026-08-09,8,18,91.335,0.0,idle,27.299,4000.0,636.088,rule_based_v1
2026-08-09T08:35,2026-08-09,8,18,91.335,0.0,idle,27.314,4000.0,636.088,rule_based_v1
2026-08-09T08:40,2026-08-09,8,18,91.335,0.0,idle,27.329,4000.0,636.088,rule_based_v1
2026-08-09T08:45,2026-08-09,8,18,91.335,0.0,idle,27.344,4000.0,636.088,rule_based_v1
2026-08-09T08:50,2026-08-09,8,18,91.335,0.0,idle,27.359,4000.0,636.088,rule_based_v1
2026-08-09T08:55,2026-08-09,8,18,91.335,0.0,idle,27.374,4000.0,636.088,rule_based_v1
2026-08-09T09:00,2026-08-09,9,19,91.335,0.0,idle,27.39,4000.0,636.088,rule_based_v1
2026-08-09T09:05,2026-08-09,9,19,91.335,0.0,idle,27.405,4000.0,636.088,rule_based_v1
2026-08-09T09:10,2026-08-09,9,19,91.335,0.0,idle,27.421,4000.0,636.088,rule_based_v1
2026-08-09T09:15,2026-08-09,9,19,91.335,0.0,idle,27.437,4000.0,636.088,rule_based_v1
2026-08-09T09:20,2026-08-09,9,19,91.335,0.0,idle,27.452,4000.0,636.088,rule_based_v1
2026-08-09T09:25,2026-08-09,9,19,91.335,0.0,idle,27.468,4000.0,636.088,rule_based_v1
2026-08-09T09:30,2026-08-09,9,20,91.335,0.0,idle,27.484,4000.0,636.088,rule_based_v1
2026-08-09T09:35,2026-08-09,9,20,91.335,0.0,idle,27.499,4000.0,636.088,rule_based_v1
2026-08-09T09:40,2026-08-09,9,20,91.335,0.0,idle,27.515,4000.0,636.088,rule_based_v1
2026-08-09T09:45,2026-08-09,9,20,91.335,0.0,idle,27.531,4000.0,636.088,rule_based_v1
2026-08-09T09:50,2026-08-09,9,20,91.335,0.0,idle,27.546,4000.0,636.088,rule_based_v1
2026-08-09T09:55,2026-08-09,9,20,91.335,0.0,idle,27.562,4000.0,636.088,rule_based_v1
2026-08-09T10:00,2026-08-09,10,21,91.335,0.0,idle,27.577,4000.0,636.088,rule_based_v1
2026-08-09T10:05,2026-08-09,10,21,91.335,0.0,idle,27.593,4000.0,636.088,rule_based_v1
2026-08-09T10:10,2026-08-09,10,21,91.335,0.0,idle,27.608,4000.0,636.088,rule_based_v1
2026-08-09T10:15,2026-08-09,10,21,91.335,0.0,idle,27.623,4000.0,636.088,rule_based_v1
2026-08-09T10:20,2026-08-09,10,21,91.335,0.0,idle,27.639,4000.0,636.088,rule_based_v1
2026-08-09T10:25,2026-08-09,10,21,91.335,0.0,idle,27.654,4000.0,636.088,rule_based_v1
2026-08-09T10:30,2026-08-09,10,22,91.335,0.0,idle,27.668,4000.0,636.088,rule_based_v1
2026-08-09T10:35,2026-08-09,10,22,91.335,0.0,idle,27.683,4000.0,636.088,rule_based_v1
2026-08-09T10:40,2026-08-09,10,22,91.335,0.0,idle,27.698,4000.0,636.088,rule_based_v1
2026-08-09T10:45,2026-08-09,10,22,91.335,0.0,idle,27.712,4000.0,636.088,rule_based_v1
2026-08-09T10:50,2026-08-09,10,22,91.335,0.0,idle,27.726,4000.0,636.088,rule_based_v1
2026-08-09T10:55,2026-08-09,10,22,91.335,0.0,idle,27.74,4000.0,636.088,rule_based_v1
2026-08-09T11:00,2026-08-09,11,23,91.335,0.0,idle,27.754,4000.0,636.088,rule_based_v1
2026-08-09T11:05,2026-08-09,11,23,91.335,0.0,idle,27.767,4000.0,636.088,rule_based_v1
2026-08-09T11:10,2026-08-09,11,23,91.335,0.0,idle,27.78,4000.0,636.088,rule_based_v1
2026-08-09T11:15,2026-08-09,11,23,91.335,0.0,idle,27.793,4000.0,636.088,rule_based_v1
2026-08-09T11:20,2026-08-09,11,23,91.335,0.0,idle,27.806,4000.0,636.088,rule_based_v1
2026-08-09T11:25,2026-08-09,11,23,91.335,0.0,idle,27.819,4000.0,636.088,rule_based_v1
2026-08-09T11:30,2026-08-09,11,24,91.335,0.0,idle,27.831,4000.0,636.088,rule_based_v1
2026-08-09T11:35,2026-08-09,11,24,91.335,0.0,idle,27.843,4000.0,636.088,rule_based_v1
2026-08-09T11:40,2026-08-09,11,24,91.335,0.0,idle,27.854,4000.0,636.088,rule_based_v1
2026-08-09T11:45,2026-08-09,11,24,91.335,0.0,idle,27.866,4000.0,636.088,rule_based_v1
2026-08-09T11:50,2026-08-09,11,24,91.335,0.0,idle,27.876,4000.0,636.088,rule_based_v1
2026-08-09T11:55,2026-08-09,11,24,91.335,0.0,idle,27.887,4000.0,636.088,rule_based_v1
2026-08-09T12:00,2026-08-09,12,25,91.335,0.0,idle,27.897,4000.0,636.088,rule_based_v1
2026-08-09T12:05,2026-08-09,12,25,91.335,0.0,idle,27.907,4000.0,636.088,rule_based_v1
2026-08-09T12:10,2026-08-09,12,25,91.335,0.0,idle,27.917,4000.0,636.088,rule_based_v1
2026-08-09T12:15,2026-08-09,12,25,91.335,0.0,idle,27.926,4000.0,636.088,rule_based_v1
2026-08-09T12:20,2026-08-09,12,25,91.335,0.0,idle,27.935,4000.0,636.088,rule_based_v1
2026-08-09T12:25,2026-08-09,12,25,91.335,0.0,idle,27.943,4000.0,636.088,rule_based_v1
2026-08-09T12:30,2026-08-09,12,26,91.335,0.0,idle,27.951,4000.0,636.088,rule_based_v1
2026-08-09T12:35,2026-08-09,12,26,91.335,0.0,idle,27.959,4000.0,636.088,rule_based_v1
2026-08-09T12:40,2026-08-09,12,26,91.335,0.0,idle,27.966,4000.0,636.088,rule_based_v1
2026-08-09T12:45,2026-08-09,12,26,91.335,0.0,idle,27.973,4000.0,636.088,rule_based_v1
2026-08-09T12:50,2026-08-09,12,26,91.335,0.0,idle,27.98,4000.0,636.088,rule_based_v1
2026-08-09T12:55,2026-08-09,12,26,91.335,0.0,idle,27.986,4000.0,636.088,rule_based_v1
2026-08-09T13:00,2026-08-09,13,27,91.335,0.0,idle,27.991,4000.0,636.088,rule_based_v1
2026-08-09T13:05,2026-08-09,13,27,91.335,0.0,idle,27.996,4000.0,636.088,rule_based_v1
2026-08-09T13:10,2026-08-09,13,27,91.335,0.0,idle,28.001,4000.0,636.088,rule_based_v1
2026-08-09T13:15,2026-08-09,13,27,91.335,0.0,idle,28.005,4000.0,636.088,rule_based_v1
2026-08-09T13:20,2026-08-09,13,27,91.335,0.0,idle,28.009,4000.0,636.088,rule_based_v1
2026-08-09T13:25,2026-08-09,13,27,91.335,0.0,idle,28.013,4000.0,636.088,rule_based_v1
2026-08-09T13:30,2026-08-09,13,28,91.335,0.0,idle,28.015,4000.0,636.088,rule_based_v1
2026-08-09T13:35,2026-08-09,13,28,91.335,0.0,idle,28.018,4000.0,636.088,rule_based_v1
2026-08-09T13:40,2026-08-09,13,28,91.335,0.0,idle,28.02,4000.0,636.088,rule_based_v1
2026-08-09T13:45,2026-08-09,13,28,91.335,0.0,idle,28.022,4000.0,636.088,rule_based_v1
2026-08-09T13:50,2026-08-09,13,28,91.335,0.0,idle,28.023,4000.0,636.088,rule_based_v1
2026-08-09T13:55,2026-08-09,13,28,91.335,0.0,idle,28.023,4000.0,636.088,rule_based_v1
2026-08-09T14:00,2026-08-09,14,29,91.335,0.0,idle,28.024,4000.0,636.088,rule_based_v1
2026-08-09T14:05,2026-08-09,14,29,91.335,0.0,idle,28.024,4000.0,636.088,rule_based_v1
2026-08-09T14:10,2026-08-09,14,29,91.335,0.0,idle,28.023,4000.0,636.088,rule_based_v1
2026-08-09T14:15,2026-08-09,14,29,91.335,0.0,idle,28.023,4000.0,636.088,rule_based_v1
2026-08-09T14:20,2026-08-09,14,29,91.335,0.0,idle,28.022,4000.0,636.088,rule_based_v1
2026-08-09T14:25,2026-08-09,14,29,91.335,0.0,idle,28.022,4000.0,636.088,rule_based_v1
2026-08-09T14:30,2026-08-09,14,30,91.335,0.0,idle,28.021,4000.0,636.088,rule_based_v1
2026-08-09T14:35,2026-08-09,14,30,91.335,0.0,idle,28.02,4000.0,636.088,rule_based_v1
2026-08-09T14:40,2026-08-09,14,30,91.335,0.0,idle,28.018,4000.0,636.088,rule_based_v1
2026-08-09T14:45,2026-08-09,14,30,91.335,0.0,idle,28.017,4000.0,636.088,rule_based_v1
2026-08-09T14:50,2026-08-09,14,30,91.335,0.0,idle,28.015,4000.0,636.088,rule_based_v1
2026-08-09T14:55,2026-08-09,14,30,91.335,0.0,idle,28.014,4000.0,636.088,rule_based_v1
2026-08-09T15:00,2026-08-09,15,31,91.335,0.0,idle,28.012,4000.0,636.088,rule_based_v1
2026-08-09T15:05,2026-08-09,15,31,91.335,0.0,idle,28.01,4000.0,636.088,rule_based_v1
2026-08-09T15:10,2026-08-09,15,31,91.335,0.0,idle,28.008,4000.0,636.088,rule_based_v1
2026-08-09T15:15,2026-08-09,15,31,91.335,0.0,idle,28.005,4000.0,636.088,rule_based_v1
2026-08-09T15:20,2026-08-09,15,31,91.335,0.0,idle,28.003,4000.0,636.088,rule_based_v1
2026-08-09T15:25,2026-08-09,15,31,91.335,0.0,idle,28.0,4000.0,636.088,rule_based_v1
2026-08-09T15:30,2026-08-09,15,32,91.335,0.0,idle,27.997,4000.0,636.088,rule_based_v1
2026-08-09T15:35,2026-08-09,15,32,91.335,0.0,idle,27.994,4000.0,636.088,rule_based_v1
2026-08-09T15:40,2026-08-09,15,32,91.335,0.0,idle,27.991,4000.0,636.088,rule_based_v1
2026-08-09T15:45,2026-08-09,15,32,91.335,0.0,idle,27.988,4000.0,636.088,rule_based_v1
2026-08-09T15:50,2026-08-09,15,32,91.335,0.0,idle,27.984,4000.0,636.088,rule_based_v1
2026-08-09T15:55,2026-08-09,15,32,91.335,0.0,idle,27.981,4000.0,636.088,rule_based_v1
2026-08-09T16:00,2026-08-09,16,33,91.335,0.0,idle,27.977,4000.0,636.088,rule_based_v1
2026-08-09T16:05,2026-08-09,16,33,91.335,0.0,idle,27.973,4000.0,636.088,rule_based_v1
2026-08-09T16:10,2026-08-09,16,33,91.335,0.0,idle,27.969,4000.0,636.088,rule_based_v1
2026-08-09T16:15,2026-08-09,16,33,91.335,0.0,idle,27.965,4000.0,636.088,rule_based_v1
2026-08-09T16:20,2026-08-09,16,33,91.335,0.0,idle,27.96,4000.0,636.088,rule_based_v1
2026-08-09T16:25,2026-08-09,16,33,91.335,0.0,idle,27.956,4000.0,636.088,rule_based_v1
2026-08-09T16:30,2026-08-09,16,34,91.335,0.0,idle,27.951,4000.0,636.088,rule_based_v1
2026-08-09T16:35,2026-08-09,16,34,91.335,0.0,idle,27.947,4000.0,636.088,rule_based_v1
2026-08-09T16:40,2026-08-09,16,34,91.335,0.0,idle,27.942,4000.0,636.088,rule_based_v1
2026-08-09T16:45,2026-08-09,16,34,91.335,0.0,idle,27.937,4000.0,636.088,rule_based_v1
2026-08-09T16:50,2026-08-09,16,34,91.335,0.0,idle,27.931,4000.0,636.088,rule_based_v1
2026-08-09T16:55,2026-08-09,16,34,91.335,0.0,idle,27.926,4000.0,636.088,rule_based_v1
2026-08-09T17:00,2026-08-09,17,35,91.335,0.0,idle,27.921,4000.0,636.088,rule_based_v1
2026-08-09T17:05,2026-08-09,17,35,91.335,0.0,idle,27.915,4000.0,636.088,rule_based_v1
2026-08-09T17:10,2026-08-09,17,35,91.335,0.0,idle,27.909,4000.0,636.088,rule_based_v1
2026-08-09T17:15,2026-08-09,17,35,91.335,0.0,idle,27.903,4000.0,636.088,rule_based_v1
2026-08-09T17:20,2026-08-09,17,35,91.335,0.0,idle,27.897,4000.0,636.088,rule_based_v1
2026-08-09T17:25,2026-08-09,17,35,91.335,0.0,idle,27.891,4000.0,636.088,rule_based_v1
2026-08-09T17:30,2026-08-09,17,36,91.335,0.0,idle,27.885,4000.0,636.088,rule_based_v1
2026-08-09T17:35,2026-08-09,17,36,91.335,0.0,idle,27.879,4000.0,636.088,rule_based_v1
2026-08-09T17:40,2026-08-09,17,36,91.335,0.0,idle,27.872,4000.0,636.088,rule_based_v1
2026-08-09T17:45,2026-08-09,17,36,91.335,0.0,idle,27.866,4000.0,636.088,rule_based_v1
2026-08-09T17:50,2026-08-09,17,36,91.335,0.0,idle,27.859,4000.0,636.088,rule_based_v1
2026-08-09T17:55,2026-08-09,17,36,91.335,0.0,idle,27.852,4000.0,636.088,rule_based_v1
2026-08-09T18:00,2026-08-09,18,37,91.335,0.0,idle,27.845,4000.0,636.088,rule_based_v1
2026-08-09T18:05,2026-08-09,18,37,91.335,0.0,idle,27.838,4000.0,636.088,rule_based_v1
2026-08-09T18:10,2026-08-09,18,37,91.335,0.0,idle,27.831,4000.0,636.088,rule_based_v1
2026-08-09T18:15,2026-08-09,18,37,91.335,0.0,idle,27.824,4000.0,636.088,rule_based_v1
2026-08-09T18:20,2026-08-09,18,37,91.335,0.0,idle,27.816,4000.0,636.088,rule_based_v1
2026-08-09T18:25,2026-08-09,18,37,91.335,0.0,idle,27.809,4000.0,636.088,rule_based_v1
2026-08-09T18:30,2026-08-09,18,38,91.335,0.0,idle,27.801,4000.0,636.088,rule_based_v1
2026-08-09T18:35,2026-08-09,18,38,91.335,0.0,idle,27.793,4000.0,636.088,rule_based_v1
2026-08-09T18:40,2026-08-09,18,38,91.335,0.0,idle,27.786,4000.0,636.088,rule_based_v1
2026-08-09T18:45,2026-08-09,18,38,91.335,0.0,idle,27.778,4000.0,636.088,rule_based_v1
2026-08-09T18:50,2026-08-09,18,38,91.335,0.0,idle,27.77,4000.0,636.088,rule_based_v1
2026-08-09T18:55,2026-08-09,18,38,91.335,0.0,idle,27.762,4000.0,636.088,rule_based_v1
2026-08-09T19:00,2026-08-09,19,39,91.335,0.0,idle,27.754,4000.0,636.088,rule_based_v1
2026-08-09T19:05,2026-08-09,19,39,91.335,0.0,idle,27.745,4000.0,636.088,rule_based_v1
2026-08-09T19:10,2026-08-09,19,39,91.335,0.0,idle,27.737,4000.0,636.088,rule_based_v1
2026-08-09T19:15,2026-08-09,19,39,91.335,0.0,idle,27.729,4000.0,636.088,rule_based_v1
2026-08-09T19:20,2026-08-09,19,39,91.335,0.0,idle,27.72,4000.0,636.088,rule_based_v1
2026-08-09T19:25,2026-08-09,19,39,91.335,0.0,idle,27.712,4000.0,636.088,rule_based_v1
2026-08-09T19:30,2026-08-09,19,40,91.335,0.0,idle,27.703,4000.0,636.088,rule_based_v1
2026-08-09T19:35,2026-08-09,19,40,91.335,0.0,idle,27.695,4000.0,636.088,rule_based_v1
2026-08-09T19:40,2026-08-09,19,40,91.335,0.0,idle,27.686,4000.0,636.088,rule_based_v1
2026-08-09T19:45,2026-08-09,19,40,91.335,0.0,idle,27.677,4000.0,636.088,rule_based_v1
2026-08-09T19:50,2026-08-09,19,40,91.335,0.0,idle,27.668,4000.0,636.088,rule_based_v1
2026-08-09T19:55,2026-08-09,19,40,91.335,0.0,idle,27.659,4000.0,636.088,rule_based_v1
2026-08-09T20:00,2026-08-09,20,41,91.335,0.0,idle,27.651,4000.0,636.088,rule_based_v1
2026-08-09T20:05,2026-08-09,20,41,91.335,0.0,idle,27.642,4000.0,636.088,rule_based_v1
2026-08-09T20:10,2026-08-09,20,41,91.335,0.0,idle,27.633,4000.0,636.088,rule_based_v1
2026-08-09T20:15,2026-08-09,20,41,91.335,0.0,idle,27.623,4000.0,636.088,rule_based_v1
2026-08-09T20:20,2026-08-09,20,41,91.335,0.0,idle,27.614,4000.0,636.088,rule_based_v1
2026-08-09T20:25,2026-08-09,20,41,91.335,0.0,idle,27.605,4000.0,636.088,rule_based_v1
2026-08-09T20:30,2026-08-09,20,42,91.335,0.0,idle,27.596,4000.0,636.088,rule_based_v1
2026-08-09T20:35,2026-08-09,20,42,91.335,0.0,idle,27.587,4000.0,636.088,rule_based_v1
2026-08-09T20:40,2026-08-09,20,42,91.335,0.0,idle,27.577,4000.0,636.088,rule_based_v1
2026-08-09T20:45,2026-08-09,20,42,91.335,0.0,idle,27.568,4000.0,636.088,rule_based_v1
2026-08-09T20:50,2026-08-09,20,42,91.335,0.0,idle,27.559,4000.0,636.088,rule_based_v1
2026-08-09T20:55,2026-08-09,20,42,91.335,0.0,idle,27.549,4000.0,636.088,rule_based_v1
2026-08-09T21:00,2026-08-09,21,43,91.335,0.0,idle,27.54,4000.0,636.088,rule_based_v1
2026-08-09T21:05,2026-08-09,21,43,91.335,0.0,idle,27.531,4000.0,636.088,rule_based_v1
2026-08-09T21:10,2026-08-09,21,43,91.335,0.0,idle,27.521,4000.0,636.088,rule_based_v1
2026-08-09T21:15,2026-08-09,21,43,91.335,0.0,idle,27.512,4000.0,636.088,rule_based_v1
2026-08-09T21:20,2026-08-09,21,43,91.335,0.0,idle,27.503,4000.0,636.088,rule_based_v1
2026-08-09T21:25,2026-08-09,21,43,91.335,0.0,idle,27.493,4000.0,636.088,rule_based_v1
2026-08-09T21:30,2026-08-09,21,44,91.335,0.0,idle,27.484,4000.0,636.088,rule_based_v1
2026-08-09T21:35,2026-08-09,21,44,91.335,0.0,idle,27.474,4000.0,636.088,rule_based_v1
2026-08-09T21:40,2026-08-09,21,44,91.335,0.0,idle,27.465,4000.0,636.088,rule_based_v1
2026-08-09T21:45,2026-08-09,21,44,91.335,0.0,idle,27.455,4000.0,636.088,rule_based_v1
2026-08-09T21:50,2026-08-09,21,44,91.335,0.0,idle,27.446,4000.0,636.088,rule_based_v1
2026-08-09T21:55,2026-08-09,21,44,91.335,0.0,idle,27.437,4000.0,636.088,rule_based_v1
2026-08-09T22:00,2026-08-09,22,45,91.335,0.0,idle,27.427,4000.0,636.088,rule_based_v1
2026-08-09T22:05,2026-08-09,22,45,91.335,0.0,idle,27.418,4000.0,636.088,rule_based_v1
2026-08-09T22:10,2026-08-09,22,45,91.335,0.0,idle,27.409,4000.0,636.088,rule_based_v1
2026-08-09T22:15,2026-08-09,22,45,91.335,0.0,idle,27.399,4000.0,636.088,rule_based_v1
2026-08-09T22:20,2026-08-09,22,45,91.335,0.0,idle,27.39,4000.0,636.088,rule_based_v1
2026-08-09T22:25,2026-08-09,22,45,91.335,0.0,idle,27.381,4000.0,636.088,rule_based_v1
2026-08-09T22:30,2026-08-09,22,46,91.335,0.0,idle,27.371,4000.0,636.088,rule_based_v1
2026-08-09T22:35,2026-08-09,22,46,91.335,0.0,idle,27.362,4000.0,636.088,rule_based_v1
2026-08-09T22:40,2026-08-09,22,46,91.335,0.0,idle,27.353,4000.0,636.088,rule_based_v1
2026-08-09T22:45,2026-08-09,22,46,91.335,0.0,idle,27.344,4000.0,636.088,rule_based_v1
2026-08-09T22:50,2026-08-09,22,46,91.335,0.0,idle,27.335,4000.0,636.088,rule_based_v1
2026-08-09T22:55,2026-08-09,22,46,91.335,0.0,idle,27.326,4000.0,636.088,rule_based_v1
2026-08-09T23:00,2026-08-09,23,47,91.335,0.0,idle,27.317,4000.0,636.088,rule_based_v1
2026-08-09T23:05,2026-08-09,23,47,91.335,0.0,idle,27.308,4000.0,636.088,rule_based_v1
2026-08-09T23:10,2026-08-09,23,47,91.335,0.0,idle,27.299,4000.0,636.088,rule_based_v1
2026-08-09T23:15,2026-08-09,23,47,91.335,0.0,idle,27.29,4000.0,636.088,rule_based_v1
2026-08-09T23:20,2026-08-09,23,47,91.335,0.0,idle,27.281,4000.0,636.088,rule_based_v1
2026-08-09T23:25,2026-08-09,23,47,91.335,0.0,idle,27.273,4000.0,636.088,rule_based_v1
2026-08-09T23:30,2026-08-09,23,48,91.335,0.0,idle,27.264,4000.0,636.088,rule_based_v1
2026-08-09T23:35,2026-08-09,23,48,91.335,0.0,idle,27.255,4000.0,636.088,rule_based_v1
2026-08-09T23:40,2026-08-09,23,48,91.335,0.0,idle,27.247,4000.0,636.088,rule_based_v1
2026-08-09T23:45,2026-08-09,23,48,91.335,0.0,idle,27.239,4000.0,636.088,rule_based_v1
2026-08-09T23:50,2026-08-09,23,48,91.335,0.0,idle,27.23,4000.0,636.088,rule_based_v1
2026-08-09T23:55,2026-08-09,23,48,91.335,0.0,idle,27.222,4000.0,636.088,rule_based_v1
2026-08-10T00:00,2026-08-10,0,1,91.335,0.0,idle,27.214,4000.0,636.088,rule_based_v1
2026-08-10T00:05,2026-08-10,0,1,91.335,0.0,idle,27.206,4000.0,636.088,rule_based_v1
2026-08-10T00:10,2026-08-10,0,1,91.335,0.0,idle,27.198,4000.0,636.088,rule_based_v1
2026-08-10T00:15,2026-08-10,0,1,91.335,0.0,idle,27.19,4000.0,636.088,rule_based_v1
2026-08-10T00:20,2026-08-10,0,1,91.335,0.0,idle,27.182,4000.0,636.088,rule_based_v1
2026-08-10T00:25,2026-08-10,0,1,91.335,0.0,idle,27.174,4000.0,636.088,rule_based_v1
2026-08-10T00:30,2026-08-10,0,2,91.335,0.0,idle,27.166,4000.0,636.088,rule_based_v1
2026-08-10T00:35,2026-08-10,0,2,91.335,0.0,idle,27.159,4000.0,636.088,rule_based_v1
2026-08-10T00:40,2026-08-10,0,2,91.335,0.0,idle,27.151,4000.0,636.088,rule_based_v1
2026-08-10T00:45,2026-08-10,0,2,91.335,0.0,idle,27.144,4000.0,636.088,rule_based_v1
2026-08-10T00:50,2026-08-10,0,2,91.335,0.0,idle,27.137,4000.0,636.088,rule_based_v1
2026-08-10T00:55,2026-08-10,0,2,91.335,0.0,idle,27.129,4000.0,636.088,rule_based_v1
2026-08-10T01:00,2026-08-10,1,3,91.335,0.0,idle,27.122,4000.0,636.088,rule_based_v1
2026-08-10T01:05,2026-08-10,1,3,91.335,0.0,idle,27.115,4000.0,636.088,rule_based_v1
2026-08-10T01:10,2026-08-10,1,3,91.335,0.0,idle,27.109,4000.0,636.088,rule_based_v1
2026-08-10T01:15,2026-08-10,1,3,91.335,0.0,idle,27.102,4000.0,636.088,rule_based_v1
2026-08-10T01:20,2026-08-10,1,3,91.335,0.0,idle,27.095,4000.0,636.088,rule_based_v1
2026-08-10T01:25,2026-08-10,1,3,91.335,0.0,idle,27.089,4000.0,636.088,rule_based_v1
2026-08-10T01:30,2026-08-10,1,4,91.335,0.0,idle,27.082,4000.0,636.088,rule_based_v1
2026-08-10T01:35,2026-08-10,1,4,91.335,0.0,idle,27.076,4000.0,636.088,rule_based_v1
2026-08-10T01:40,2026-08-10,1,4,91.335,0.0,idle,27.07,4000.0,636.088,rule_based_v1
2026-08-10T01:45,2026-08-10,1,4,91.335,0.0,idle,27.064,4000.0,636.088,rule_based_v1
2026-08-10T01:50,2026-08-10,1,4,91.335,0.0,idle,27.058,4000.0,636.088,rule_based_v1
2026-08-10T01:55,2026-08-10,1,4,91.335,0.0,idle,27.052,4000.0,636.088,rule_based_v1
2026-08-10T02:00,2026-08-10,2,5,91.335,0.0,idle,27.047,4000.0,636.088,rule_based_v1
2026-08-10T02:05,2026-08-10,2,5,91.335,0.0,idle,27.041,4000.0,636.088,rule_based_v1
2026-08-10T02:10,2026-08-10,2,5,91.335,0.0,idle,27.036,4000.0,636.088,rule_based_v1
2026-08-10T02:15,2026-08-10,2,5,91.335,0.0,idle,27.031,4000.0,636.088,rule_based_v1
2026-08-10T02:20,2026-08-10,2,5,91.335,0.0,idle,27.026,4000.0,636.088,rule_based_v1
2026-08-10T02:25,2026-08-10,2,5,91.335,0.0,idle,27.021,4000.0,636.088,rule_based_v1
2026-08-10T02:30,2026-08-10,2,6,91.335,0.0,idle,27.016,4000.0,636.088,rule_based_v1
2026-08-10T02:35,2026-08-10,2,6,91.335,0.0,idle,27.011,4000.0,636.088,rule_based_v1
2026-08-10T02:40,2026-08-10,2,6,91.335,0.0,idle,27.007,4000.0,636.088,rule_based_v1
2026-08-10T02:45,2026-08-10,2,6,91.335,0.0,idle,27.003,4000.0,636.088,rule_based_v1
2026-08-10T02:50,2026-08-10,2,6,91.335,0.0,idle,26.998,4000.0,636.088,rule_based_v1
2026-08-10T02:55,2026-08-10,2,6,91.335,0.0,idle,26.994,4000.0,636.088,rule_based_v1
2026-08-10T03:00,2026-08-10,3,7,91.335,0.0,idle,26.99,4000.0,636.088,rule_based_v1
2026-08-10T03:05,2026-08-10,3,7,91.335,0.0,idle,26.987,4000.0,636.088,rule_based_v1
2026-08-10T03:10,2026-08-10,3,7,91.335,0.0,idle,26.983,4000.0,636.088,rule_based_v1
2026-08-10T03:15,2026-08-10,3,7,91.335,0.0,idle,26.98,4000.0,636.088,rule_based_v1
2026-08-10T03:20,2026-08-10,3,7,91.335,0.0,idle,26.976,4000.0,636.088,rule_based_v1
2026-08-10T03:25,2026-08-10,3,7,91.335,0.0,idle,26.973,4000.0,636.088,rule_based_v1
2026-08-10T03:30,2026-08-10,3,8,91.335,0.0,idle,26.97,4000.0,636.088,rule_based_v1
2026-08-10T03:35,2026-08-10,3,8,91.335,0.0,idle,26.967,4000.0,636.088,rule_based_v1
2026-08-10T03:40,2026-08-10,3,8,91.335,0.0,idle,26.965,4000.0,636.088,rule_based_v1
2026-08-10T03:45,2026-08-10,3,8,91.335,0.0,idle,26.962,4000.0,636.088,rule_based_v1
2026-08-10T03:50,2026-08-10,3,8,91.335,0.0,idle,26.96,4000.0,636.088,rule_based_v1
2026-08-10T03:55,2026-08-10,3,8,91.335,0.0,idle,26.958,4000.0,636.088,rule_based_v1
2026-08-10T04:00,2026-08-10,4,9,91.335,0.0,idle,26.955,4000.0,636.088,rule_based_v1
2026-08-10T04:05,2026-08-10,4,9,91.335,0.0,idle,26.954,4000.0,636.088,rule_based_v1
2026-08-10T04:10,2026-08-10,4,9,91.335,0.0,idle,26.952,4000.0,636.088,rule_based_v1
2026-08-10T04:15,2026-08-10,4,9,91.335,0.0,idle,26.95,4000.0,636.088,rule_based_v1
2026-08-10T04:20,2026-08-10,4,9,91.335,0.0,idle,26.949,4000.0,636.088,rule_based_v1
2026-08-10T04:25,2026-08-10,4,9,91.335,0.0,idle,26.948,4000.0,636.088,rule_based_v1
2026-08-10T04:30,2026-08-10,4,10,91.335,0.0,idle,26.947,4000.0,636.088,rule_based_v1
2026-08-10T04:35,2026-08-10,4,10,91.335,0.0,idle,26.946,4000.0,636.088,rule_based_v1
2026-08-10T04:40,2026-08-10,4,10,91.335,0.0,idle,26.945,4000.0,636.088,rule_based_v1
2026-08-10T04:45,2026-08-10,4,10,91.335,0.0,idle,26.944,4000.0,636.088,rule_based_v1
2026-08-10T04:50,2026-08-10,4,10,91.335,0.0,idle,26.944,4000.0,636.088,rule_based_v1
2026-08-10T04:55,2026-08-10,4,10,91.335,0.0,idle,26.944,4000.0,636.088,rule_based_v1
2026-08-10T05:00,2026-08-10,5,11,91.335,0.0,idle,26.877,4000.0,636.088,rule_based_v1
2026-08-10T05:05,2026-08-10,5,11,91.335,0.0,idle,26.877,4000.0,636.088,rule_based_v1
2026-08-10T05:10,2026-08-10,5,11,91.335,0.0,idle,26.878,4000.0,636.088,rule_based_v1
2026-08-10T05:15,2026-08-10,5,11,91.335,0.0,idle,26.879,4000.0,636.088,rule_based_v1
2026-08-10T05:20,2026-08-10,5,11,91.335,0.0,idle,26.881,4000.0,636.088,rule_based_v1
2026-08-10T05:25,2026-08-10,5,11,91.335,0.0,idle,26.883,4000.0,636.088,rule_based_v1
2026-08-10T05:30,2026-08-10,5,12,91.335,0.0,idle,26.885,4000.0,636.088,rule_based_v1
2026-08-10T05:35,2026-08-10,5,12,91.335,0.0,idle,26.888,4000.0,636.088,rule_based_v1
2026-08-10T05:40,2026-08-10,5,12,91.335,0.0,idle,26.892,4000.0,636.088,rule_based_v1
2026-08-10T05:45,2026-08-10,5,12,91.335,0.0,idle,26.895,4000.0,636.088,rule_based_v1
2026-08-10T05:50,2026-08-10,5,12,91.335,0.0,idle,26.9,4000.0,636.088,rule_based_v1
2026-08-10T05:55,2026-08-10,5,12,91.335,0.0,idle,26.904,4000.0,636.088,rule_based_v1
2026-08-10T06:00,2026-08-10,6,13,91.335,0.0,idle,26.91,4000.0,636.088,rule_based_v1
2026-08-10T06:05,2026-08-10,6,13,91.335,0.0,idle,26.915,4000.0,636.088,rule_based_v1
2026-08-10T06:10,2026-08-10,6,13,91.335,0.0,idle,26.921,4000.0,636.088,rule_based_v1
2026-08-10T06:15,2026-08-10,6,13,91.335,0.0,idle,26.928,4000.0,636.088,rule_based_v1
2026-08-10T06:20,2026-08-10,6,13,91.335,0.0,idle,26.934,4000.0,636.088,rule_based_v1
2026-08-10T06:25,2026-08-10,6,13,91.335,0.0,idle,26.942,4000.0,636.088,rule_based_v1
2026-08-10T06:30,2026-08-10,6,14,91.335,0.0,idle,26.949,4000.0,636.088,rule_based_v1
2026-08-10T06:35,2026-08-10,6,14,91.335,0.0,idle,26.957,4000.0,636.088,rule_based_v1
2026-08-10T06:40,2026-08-10,6,14,91.335,0.0,idle,26.966,4000.0,636.088,rule_based_v1
2026-08-10T06:45,2026-08-10,6,14,91.335,0.0,idle,26.975,4000.0,636.088,rule_based_v1
2026-08-10T06:50,2026-08-10,6,14,91.335,0.0,idle,26.984,4000.0,636.088,rule_based_v1
2026-08-10T06:55,2026-08-10,6,14,91.335,0.0,idle,26.993,4000.0,636.088,rule_based_v1
2026-08-10T07:00,2026-08-10,7,15,91.335,0.0,idle,27.003,4000.0,636.088,rule_based_v1
2026-08-10T07:05,2026-08-10,7,15,91.335,0.0,idle,27.014,4000.0,636.088,rule_based_v1
2026-08-10T07:10,2026-08-10,7,15,91.335,0.0,idle,27.024,4000.0,636.088,rule_based_v1
2026-08-10T07:15,2026-08-10,7,15,91.335,0.0,idle,27.035,4000.0,636.088,rule_based_v1
2026-08-10T07:20,2026-08-10,7,15,91.335,0.0,idle,27.046,4000.0,636.088,rule_based_v1
2026-08-10T07:25,2026-08-10,7,15,91.335,0.0,idle,27.058,4000.0,636.088,rule_based_v1
2026-08-10T07:30,2026-08-10,7,16,91.335,0.0,idle,27.07,4000.0,636.088,rule_based_v1
2026-08-10T07:35,2026-08-10,7,16,91.335,0.0,idle,27.082,4000.0,636.088,rule_based_v1
2026-08-10T07:40,2026-08-10,7,16,91.335,0.0,idle,27.095,4000.0,636.088,rule_based_v1
2026-08-10T07:45,2026-08-10,7,16,91.335,0.0,idle,27.107,4000.0,636.088,rule_based_v1
2026-08-10T07:50,2026-08-10,7,16,91.335,0.0,idle,27.12,4000.0,636.088,rule_based_v1
2026-08-10T07:55,2026-08-10,7,16,91.335,0.0,idle,27.134,4000.0,636.088,rule_based_v1
2026-08-10T08:00,2026-08-10,8,17,91.335,0.0,idle,27.147,4000.0,636.088,rule_based_v1
2026-08-10T08:05,2026-08-10,8,17,91.335,0.0,idle,27.161,4000.0,636.088,rule_based_v1
2026-08-10T08:10,2026-08-10,8,17,91.335,0.0,idle,27.175,4000.0,636.088,rule_based_v1
2026-08-10T08:15,2026-08-10,8,17,91.335,0.0,idle,27.189,4000.0,636.088,rule_based_v1
2026-08-10T08:20,2026-08-10,8,17,91.335,0.0,idle,27.203,4000.0,636.088,rule_based_v1
2026-08-10T08:25,2026-08-10,8,17,91.335,0.0,idle,27.218,4000.0,636.088,rule_based_v1
2026-08-10T08:30,2026-08-10,8,18,91.335,0.0,idle,27.232,4000.0,636.088,rule_based_v1
2026-08-10T08:35,2026-08-10,8,18,91.335,0.0,idle,27.247,4000.0,636.088,rule_based_v1
2026-08-10T08:40,2026-08-10,8,18,91.335,0.0,idle,27.262,4000.0,636.088,rule_based_v1
2026-08-10T08:45,2026-08-10,8,18,91.335,0.0,idle,27.277,4000.0,636.088,rule_based_v1
2026-08-10T08:50,2026-08-10,8,18,91.335,0.0,idle,27.292,4000.0,636.088,rule_based_v1
2026-08-10T08:55,2026-08-10,8,18,91.335,0.0,idle,27.308,4000.0,636.088,rule_based_v1
2026-08-10T09:00,2026-08-10,9,19,91.335,0.0,idle,27.323,4000.0,636.088,rule_based_v1
2026-08-10T09:05,2026-08-10,9,19,91.335,0.0,idle,27.339,4000.0,636.088,rule_based_v1
2026-08-10T09:10,2026-08-10,9,19,91.335,0.0,idle,27.354,4000.0,636.088,rule_based_v1
2026-08-10T09:15,2026-08-10,9,19,91.335,0.0,idle,27.37,4000.0,636.088,rule_based_v1
2026-08-10T09:20,2026-08-10,9,19,91.335,0.0,idle,27.386,4000.0,636.088,rule_based_v1
2026-08-10T09:25,2026-08-10,9,19,91.335,0.0,idle,27.401,4000.0,636.088,rule_based_v1
2026-08-10T09:30,2026-08-10,9,20,91.335,0.0,idle,27.417,4000.0,636.088,rule_based_v1
2026-08-10T09:35,2026-08-10,9,20,91.335,0.0,idle,27.433,4000.0,636.088,rule_based_v1
2026-08-10T09:40,2026-08-10,9,20,91.335,0.0,idle,27.448,4000.0,636.088,rule_based_v1
2026-08-10T09:45,2026-08-10,9,20,91.335,0.0,idle,27.464,4000.0,636.088,rule_based_v1
2026-08-10T09:50,2026-08-10,9,20,91.335,0.0,idle,27.48,4000.0,636.088,rule_based_v1
2026-08-10T09:55,2026-08-10,9,20,91.335,0.0,idle,27.495,4000.0,636.088,rule_based_v1
2026-08-10T10:00,2026-08-10,10,21,91.335,0.0,idle,27.511,4000.0,636.088,rule_based_v1
2026-08-10T10:05,2026-08-10,10,21,91.335,0.0,idle,27.526,4000.0,636.088,rule_based_v1
2026-08-10T10:10,2026-08-10,10,21,91.335,0.0,idle,27.542,4000.0,636.088,rule_based_v1
2026-08-10T10:15,2026-08-10,10,21,91.335,0.0,idle,27.557,4000.0,636.088,rule_based_v1
2026-08-10T10:20,2026-08-10,10,21,91.335,0.0,idle,27.572,4000.0,636.088,rule_based_v1
2026-08-10T10:25,2026-08-10,10,21,91.335,0.0,idle,27.587,4000.0,636.088,rule_based_v1
2026-08-10T10:30,2026-08-10,10,22,91.335,0.0,idle,27.602,4000.0,636.088,rule_based_v1
2026-08-10T10:35,2026-08-10,10,22,91.335,0.0,idle,27.616,4000.0,636.088,rule_based_v1
2026-08-10T10:40,2026-08-10,10,22,91.335,0.0,idle,27.631,4000.0,636.088,rule_based_v1
2026-08-10T10:45,2026-08-10,10,22,91.335,0.0,idle,27.645,4000.0,636.088,rule_based_v1
2026-08-10T10:50,2026-08-10,10,22,91.335,0.0,idle,27.659,4000.0,636.088,rule_based_v1
2026-08-10T10:55,2026-08-10,10,22,91.335,0.0,idle,27.673,4000.0,636.088,rule_based_v1
2026-08-10T11:00,2026-08-10,11,23,91.335,0.0,idle,27.687,4000.0,636.088,rule_based_v1
2026-08-10T11:05,2026-08-10,11,23,91.335,0.0,idle,27.7,4000.0,636.088,rule_based_v1
2026-08-10T11:10,2026-08-10,11,23,91.335,0.0,idle,27.714,4000.0,636.088,rule_based_v1
2026-08-10T11:15,2026-08-10,11,23,91.335,0.0,idle,27.727,4000.0,636.088,rule_based_v1
2026-08-10T11:20,2026-08-10,11,23,91.335,0.0,idle,27.739,4000.0,636.088,rule_based_v1
2026-08-10T11:25,2026-08-10,11,23,91.335,0.0,idle,27.752,4000.0,636.088,rule_based_v1
2026-08-10T11:30,2026-08-10,11,24,91.335,0.0,idle,27.764,4000.0,636.088,rule_based_v1
2026-08-10T11:35,2026-08-10,11,24,91.335,0.0,idle,27.776,4000.0,636.088,rule_based_v1
2026-08-10T11:40,2026-08-10,11,24,91.335,0.0,idle,27.788,4000.0,636.088,rule_based_v1
2026-08-10T11:45,2026-08-10,11,24,91.335,0.0,idle,27.799,4000.0,636.088,rule_based_v1
2026-08-10T11:50,2026-08-10,11,24,91.335,0.0,idle,27.81,4000.0,636.088,rule_based_v1
2026-08-10T11:55,2026-08-10,11,24,91.335,0.0,idle,27.82,4000.0,636.088,rule_based_v1
2026-08-10T12:00,2026-08-10,12,25,91.335,0.0,idle,27.831,4000.0,636.088,rule_based_v1
2026-08-10T12:05,2026-08-10,12,25,91.335,0.0,idle,27.841,4000.0,636.088,rule_based_v1
2026-08-10T12:10,2026-08-10,12,25,91.335,0.0,idle,27.85,4000.0,636.088,rule_based_v1
2026-08-10T12:15,2026-08-10,12,25,91.335,0.0,idle,27.859,4000.0,636.088,rule_based_v1
2026-08-10T12:20,2026-08-10,12,25,91.335,0.0,idle,27.868,4000.0,636.088,rule_based_v1
2026-08-10T12:25,2026-08-10,12,25,91.335,0.0,idle,27.877,4000.0,636.088,rule_based_v1
2026-08-10T12:30,2026-08-10,12,26,91.335,0.0,idle,27.885,4000.0,636.088,rule_based_v1
2026-08-10T12:35,2026-08-10,12,26,91.335,0.0,idle,27.892,4000.0,636.088,rule_based_v1
2026-08-10T12:40,2026-08-10,12,26,91.335,0.0,idle,27.9,4000.0,636.088,rule_based_v1
2026-08-10T12:45,2026-08-10,12,26,91.335,0.0,idle,27.906,4000.0,636.088,rule_based_v1
2026-08-10T12:50,2026-08-10,12,26,91.335,0.0,idle,27.913,4000.0,636.088,rule_based_v1
2026-08-10T12:55,2026-08-10,12,26,91.335,0.0,idle,27.919,4000.0,636.088,rule_based_v1
2026-08-10T13:00,2026-08-10,13,27,91.335,0.0,idle,27.924,4000.0,636.088,rule_based_v1
2026-08-10T13:05,2026-08-10,13,27,91.335,0.0,idle,27.93,4000.0,636.088,rule_based_v1
2026-08-10T13:10,2026-08-10,13,27,91.335,0.0,idle,27.934,4000.0,636.088,rule_based_v1
2026-08-10T13:15,2026-08-10,13,27,91.335,0.0,idle,27.939,4000.0,636.088,rule_based_v1
2026-08-10T13:20,2026-08-10,13,27,91.335,0.0,idle,27.942,4000.0,636.088,rule_based_v1
2026-08-10T13:25,2026-08-10,13,27,91.335,0.0,idle,27.946,4000.0,636.088,rule_based_v1
2026-08-10T13:30,2026-08-10,13,28,91.335,0.0,idle,27.949,4000.0,636.088,rule_based_v1
2026-08-10T13:35,2026-08-10,13,28,91.335,0.0,idle,27.951,4000.0,636.088,rule_based_v1
2026-08-10T13:40,2026-08-10,13,28,91.335,0.0,idle,27.953,4000.0,636.088,rule_based_v1
2026-08-10T13:45,2026-08-10,13,28,91.335,0.0,idle,27.955,4000.0,636.088,rule_based_v1
2026-08-10T13:50,2026-08-10,13,28,91.335,0.0,idle,27.956,4000.0,636.088,rule_based_v1
2026-08-10T13:55,2026-08-10,13,28,91.335,0.0,idle,27.957,4000.0,636.088,rule_based_v1
2026-08-10T14:00,2026-08-10,14,29,91.335,0.0,idle,27.957,4000.0,636.088,rule_based_v1
2026-08-10T14:05,2026-08-10,14,29,91.335,0.0,idle,27.957,4000.0,636.088,rule_based_v1
2026-08-10T14:10,2026-08-10,14,29,91.335,0.0,idle,27.957,4000.0,636.088,rule_based_v1
2026-08-10T14:15,2026-08-10,14,29,91.335,0.0,idle,27.956,4000.0,636.088,rule_based_v1
2026-08-10T14:20,2026-08-10,14,29,91.335,0.0,idle,27.956,4000.0,636.088,rule_based_v1
2026-08-10T14:25,2026-08-10,14,29,91.335,0.0,idle,27.955,4000.0,636.088,rule_based_v1
2026-08-10T14:30,2026-08-10,14,30,91.335,0.0,idle,27.954,4000.0,636.088,rule_based_v1
2026-08-10T14:35,2026-08-10,14,30,91.335,0.0,idle,27.953,4000.0,636.088,rule_based_v1
2026-08-10T14:40,2026-08-10,14,30,91.335,0.0,idle,27.952,4000.0,636.088,rule_based_v1
2026-08-10T14:45,2026-08-10,14,30,91.335,0.0,idle,27.95,4000.0,636.088,rule_based_v1
2026-08-10T14:50,2026-08-10,14,30,91.335,0.0,idle,27.949,4000.0,636.088,rule_based_v1
2026-08-10T14:55,2026-08-10,14,30,91.335,0.0,idle,27.947,4000.0,636.088,rule_based_v1
2026-08-10T15:00,2026-08-10,15,31,91.335,0.0,idle,27.945,4000.0,636.088,rule_based_v1
2026-08-10T15:05,2026-08-10,15,31,91.335,0.0,idle,27.943,4000.0,636.088,rule_based_v1
2026-08-10T15:10,2026-08-10,15,31,91.335,0.0,idle,27.941,4000.0,636.088,rule_based_v1
2026-08-10T15:15,2026-08-10,15,31,91.335,0.0,idle,27.939,4000.0,636.088,rule_based_v1
2026-08-10T15:20,2026-08-10,15,31,91.335,0.0,idle,27.936,4000.0,636.088,rule_based_v1
2026-08-10T15:25,2026-08-10,15,31,91.335,0.0,idle,27.933,4000.0,636.088,rule_based_v1
2026-08-10T15:30,2026-08-10,15,32,91.335,0.0,idle,27.931,4000.0,636.088,rule_based_v1
2026-08-10T15:35,2026-08-10,15,32,91.335,0.0,idle,27.928,4000.0,636.088,rule_based_v1
2026-08-10T15:40,2026-08-10,15,32,91.335,0.0,idle,27.924,4000.0,636.088,rule_based_v1
2026-08-10T15:45,2026-08-10,15,32,91.335,0.0,idle,27.921,4000.0,636.088,rule_based_v1
2026-08-10T15:50,2026-08-10,15,32,91.335,0.0,idle,27.918,4000.0,636.088,rule_based_v1
2026-08-10T15:55,2026-08-10,15,32,91.335,0.0,idle,27.914,4000.0,636.088,rule_based_v1
2026-08-10T16:00,2026-08-10,16,33,91.335,253.398,discharge,28.214,4000.0,636.088,rule_based_v1
2026-08-10T16:05,2026-08-10,16,33,91.048,253.398,discharge,28.21,4000.0,685.769,rule_based_v1
2026-08-10T16:10,2026-08-10,16,33,90.762,253.398,discharge,28.206,4000.0,735.45,rule_based_v1
2026-08-10T16:15,2026-08-10,16,33,90.476,253.398,discharge,28.202,4000.0,785.131,rule_based_v1
2026-08-10T16:20,2026-08-10,16,33,90.189,253.398,discharge,28.198,4000.0,834.812,rule_based_v1
2026-08-10T16:25,2026-08-10,16,33,89.903,253.398,discharge,28.193,4000.0,884.493,rule_based_v1
2026-08-10T16:30,2026-08-10,16,34,89.617,428.903,discharge,28.399,4000.0,934.174,rule_based_v1
2026-08-10T16:35,2026-08-10,16,34,89.132,428.903,discharge,28.395,4000.0,1018.264,rule_based_v1
2026-08-10T16:40,2026-08-10,16,34,88.648,428.903,discharge,28.39,4000.0,1102.354,rule_based_v1
2026-08-10T16:45,2026-08-10,16,34,88.163,428.903,discharge,28.385,4000.0,1186.445,rule_based_v1
2026-08-10T16:50,2026-08-10,16,34,87.679,428.903,discharge,28.379,4000.0,1270.535,rule_based_v1
2026-08-10T16:55,2026-08-10,16,34,87.194,428.903,discharge,28.374,4000.0,1354.625,rule_based_v1
2026-08-10T17:00,2026-08-10,17,35,86.709,255.691,discharge,28.161,4000.0,1438.716,rule_based_v1
2026-08-10T17:05,2026-08-10,17,35,86.421,255.691,discharge,28.155,4000.0,1488.846,rule_based_v1
2026-08-10T17:10,2026-08-10,17,35,86.132,255.691,discharge,28.149,4000.0,1538.977,rule_based_v1
2026-08-10T17:15,2026-08-10,17,35,85.843,255.691,discharge,28.144,4000.0,1589.107,rule_based_v1
2026-08-10T17:20,2026-08-10,17,35,85.554,255.691,discharge,28.138,4000.0,1639.238,rule_based_v1
2026-08-10T17:25,2026-08-10,17,35,85.265,255.691,discharge,28.131,4000.0,1689.368,rule_based_v1
2026-08-10T17:30,2026-08-10,17,36,84.976,0.0,idle,27.818,4000.0,1739.499,rule_based_v1
2026-08-10T17:35,2026-08-10,17,36,84.976,0.0,idle,27.812,4000.0,1739.499,rule_based_v1
2026-08-10T17:40,2026-08-10,17,36,84.976,0.0,idle,27.805,4000.0,1739.499,rule_based_v1
2026-08-10T17:45,2026-08-10,17,36,84.976,0.0,idle,27.799,4000.0,1739.499,rule_based_v1
2026-08-10T17:50,2026-08-10,17,36,84.976,0.0,idle,27.792,4000.0,1739.499,rule_based_v1
2026-08-10T17:55,2026-08-10,17,36,84.976,0.0,idle,27.785,4000.0,1739.499,rule_based_v1
2026-08-10T18:00,2026-08-10,18,37,84.976,0.0,idle,27.778,4000.0,1739.499,rule_based_v1
2026-08-10T18:05,2026-08-10,18,37,84.976,0.0,idle,27.771,4000.0,1739.499,rule_based_v1
2026-08-10T18:10,2026-08-10,18,37,84.976,0.0,idle,27.764,4000.0,1739.499,rule_based_v1
2026-08-10T18:15,2026-08-10,18,37,84.976,0.0,idle,27.757,4000.0,1739.499,rule_based_v1
2026-08-10T18:20,2026-08-10,18,37,84.976,0.0,idle,27.749,4000.0,1739.499,rule_based_v1
2026-08-10T18:25,2026-08-10,18,37,84.976,0.0,idle,27.742,4000.0,1739.499,rule_based_v1
2026-08-10T18:30,2026-08-10,18,38,84.976,491.947,discharge,28.325,4000.0,1739.499,rule_based_v1
2026-08-10T18:35,2026-08-10,18,38,84.42,491.947,discharge,28.317,4000.0,1835.95,rule_based_v1
2026-08-10T18:40,2026-08-10,18,38,83.865,491.947,discharge,28.309,4000.0,1932.4,rule_based_v1
2026-08-10T18:45,2026-08-10,18,38,83.309,491.947,discharge,28.301,4000.0,2028.851,rule_based_v1
2026-08-10T18:50,2026-08-10,18,38,82.753,491.947,discharge,28.294,4000.0,2125.302,rule_based_v1
2026-08-10T18:55,2026-08-10,18,38,82.197,491.947,discharge,28.285,4000.0,2221.753,rule_based_v1
2026-08-10T19:00,2026-08-10,19,39,81.641,0.0,idle,27.687,4000.0,2318.203,rule_based_v1
2026-08-10T19:05,2026-08-10,19,39,81.641,0.0,idle,27.679,4000.0,2318.203,rule_based_v1
2026-08-10T19:10,2026-08-10,19,39,81.641,0.0,idle,27.671,4000.0,2318.203,rule_based_v1
2026-08-10T19:15,2026-08-10,19,39,81.641,0.0,idle,27.662,4000.0,2318.203,rule_based_v1
2026-08-10T19:20,2026-08-10,19,39,81.641,0.0,idle,27.654,4000.0,2318.203,rule_based_v1
2026-08-10T19:25,2026-08-10,19,39,81.641,0.0,idle,27.645,4000.0,2318.203,rule_based_v1
2026-08-10T19:30,2026-08-10,19,40,81.641,692.379,discharge,28.468,4000.0,2318.203,rule_based_v1
2026-08-10T19:35,2026-08-10,19,40,80.859,692.379,discharge,28.459,4000.0,2453.95,rule_based_v1
2026-08-10T19:40,2026-08-10,19,40,80.077,692.379,discharge,28.45,4000.0,2589.698,rule_based_v1
2026-08-10T19:45,2026-08-10,19,40,79.295,692.379,discharge,28.441,4000.0,2725.445,rule_based_v1
2026-08-10T19:50,2026-08-10,19,40,78.512,692.379,discharge,28.433,4000.0,2861.192,rule_based_v1
2026-08-10T19:55,2026-08-10,19,40,77.73,692.379,discharge,28.424,4000.0,2996.939,rule_based_v1
2026-08-10T20:00,2026-08-10,20,41,76.948,0.0,idle,27.584,4000.0,3132.686,rule_based_v1
2026-08-10T20:05,2026-08-10,20,41,76.948,0.0,idle,27.575,4000.0,3132.686,rule_based_v1
2026-08-10T20:10,2026-08-10,20,41,76.948,0.0,idle,27.566,4000.0,3132.686,rule_based_v1
2026-08-10T20:15,2026-08-10,20,41,76.948,0.0,idle,27.557,4000.0,3132.686,rule_based_v1
2026-08-10T20:20,2026-08-10,20,41,76.948,0.0,idle,27.548,4000.0,3132.686,rule_based_v1
2026-08-10T20:25,2026-08-10,20,41,76.948,0.0,idle,27.538,4000.0,3132.686,rule_based_v1
2026-08-10T20:30,2026-08-10,20,42,76.948,0.0,idle,27.529,4000.0,3132.686,rule_based_v1
2026-08-10T20:35,2026-08-10,20,42,76.948,0.0,idle,27.52,4000.0,3132.686,rule_based_v1
2026-08-10T20:40,2026-08-10,20,42,76.948,0.0,idle,27.511,4000.0,3132.686,rule_based_v1
2026-08-10T20:45,2026-08-10,20,42,76.948,0.0,idle,27.501,4000.0,3132.686,rule_based_v1
2026-08-10T20:50,2026-08-10,20,42,76.948,0.0,idle,27.492,4000.0,3132.686,rule_based_v1
2026-08-10T20:55,2026-08-10,20,42,76.948,0.0,idle,27.483,4000.0,3132.686,rule_based_v1
2026-08-10T21:00,2026-08-10,21,43,76.948,0.0,idle,27.473,4000.0,3132.686,rule_based_v1
2026-08-10T21:05,2026-08-10,21,43,76.948,0.0,idle,27.464,4000.0,3132.686,rule_based_v1
2026-08-10T21:10,2026-08-10,21,43,76.948,0.0,idle,27.455,4000.0,3132.686,rule_based_v1
2026-08-10T21:15,2026-08-10,21,43,76.948,0.0,idle,27.445,4000.0,3132.686,rule_based_v1
2026-08-10T21:20,2026-08-10,21,43,76.948,0.0,idle,27.436,4000.0,3132.686,rule_based_v1
2026-08-10T21:25,2026-08-10,21,43,76.948,0.0,idle,27.426,4000.0,3132.686,rule_based_v1
2026-08-10T21:30,2026-08-10,21,44,76.948,0.0,idle,27.417,4000.0,3132.686,rule_based_v1
2026-08-10T21:35,2026-08-10,21,44,76.948,0.0,idle,27.408,4000.0,3132.686,rule_based_v1
2026-08-10T21:40,2026-08-10,21,44,76.948,0.0,idle,27.398,4000.0,3132.686,rule_based_v1
2026-08-10T21:45,2026-08-10,21,44,76.948,0.0,idle,27.389,4000.0,3132.686,rule_based_v1
2026-08-10T21:50,2026-08-10,21,44,76.948,0.0,idle,27.379,4000.0,3132.686,rule_based_v1
2026-08-10T21:55,2026-08-10,21,44,76.948,0.0,idle,27.37,4000.0,3132.686,rule_based_v1
2026-08-10T22:00,2026-08-10,22,45,76.948,0.0,idle,27.361,4000.0,3132.686,rule_based_v1
2026-08-10T22:05,2026-08-10,22,45,76.948,0.0,idle,27.351,4000.0,3132.686,rule_based_v1
2026-08-10T22:10,2026-08-10,22,45,76.948,0.0,idle,27.342,4000.0,3132.686,rule_based_v1
2026-08-10T22:15,2026-08-10,22,45,76.948,0.0,idle,27.333,4000.0,3132.686,rule_based_v1
2026-08-10T22:20,2026-08-10,22,45,76.948,0.0,idle,27.323,4000.0,3132.686,rule_based_v1
2026-08-10T22:25,2026-08-10,22,45,76.948,0.0,idle,27.314,4000.0,3132.686,rule_based_v1
2026-08-10T22:30,2026-08-10,22,46,76.948,0.0,idle,27.305,4000.0,3132.686,rule_based_v1
2026-08-10T22:35,2026-08-10,22,46,76.948,0.0,idle,27.296,4000.0,3132.686,rule_based_v1
2026-08-10T22:40,2026-08-10,22,46,76.948,0.0,idle,27.286,4000.0,3132.686,rule_based_v1
2026-08-10T22:45,2026-08-10,22,46,76.948,0.0,idle,27.277,4000.0,3132.686,rule_based_v1
2026-08-10T22:50,2026-08-10,22,46,76.948,0.0,idle,27.268,4000.0,3132.686,rule_based_v1
2026-08-10T22:55,2026-08-10,22,46,76.948,0.0,idle,27.259,4000.0,3132.686,rule_based_v1
2026-08-10T23:00,2026-08-10,23,47,76.948,0.0,idle,27.25,4000.0,3132.686,rule_based_v1
2026-08-10T23:05,2026-08-10,23,47,76.948,0.0,idle,27.241,4000.0,3132.686,rule_based_v1
2026-08-10T23:10,2026-08-10,23,47,76.948,0.0,idle,27.232,4000.0,3132.686,rule_based_v1
2026-08-10T23:15,2026-08-10,23,47,76.948,0.0,idle,27.223,4000.0,3132.686,rule_based_v1
2026-08-10T23:20,2026-08-10,23,47,76.948,0.0,idle,27.215,4000.0,3132.686,rule_based_v1
2026-08-10T23:25,2026-08-10,23,47,76.948,0.0,idle,27.206,4000.0,3132.686,rule_based_v1
2026-08-10T23:30,2026-08-10,23,48,76.948,0.0,idle,27.197,4000.0,3132.686,rule_based_v1
2026-08-10T23:35,2026-08-10,23,48,76.948,0.0,idle,27.189,4000.0,3132.686,rule_based_v1
2026-08-10T23:40,2026-08-10,23,48,76.948,0.0,idle,27.18,4000.0,3132.686,rule_based_v1
2026-08-10T23:45,2026-08-10,23,48,76.948,0.0,idle,27.172,4000.0,3132.686,rule_based_v1
2026-08-10T23:50,2026-08-10,23,48,76.948,0.0,idle,27.163,4000.0,3132.686,rule_based_v1
2026-08-10T23:55,2026-08-10,23,48,76.948,0.0,idle,27.155,4000.0,3132.686,rule_based_v1
2026-08-11T00:00,2026-08-11,0,1,76.948,0.0,idle,27.147,4000.0,3132.686,rule_based_v1
2026-08-11T00:05,2026-08-11,0,1,76.948,0.0,idle,27.139,4000.0,3132.686,rule_based_v1
2026-08-11T00:10,2026-08-11,0,1,76.948,0.0,idle,27.131,4000.0,3132.686,rule_based_v1
2026-08-11T00:15,2026-08-11,0,1,76.948,0.0,idle,27.123,4000.0,3132.686,rule_based_v1
2026-08-11T00:20,2026-08-11,0,1,76.948,0.0,idle,27.115,4000.0,3132.686,rule_based_v1
2026-08-11T00:25,2026-08-11,0,1,76.948,0.0,idle,27.107,4000.0,3132.686,rule_based_v1
2026-08-11T00:30,2026-08-11,0,2,76.948,0.0,idle,27.1,4000.0,3132.686,rule_based_v1
2026-08-11T00:35,2026-08-11,0,2,76.948,0.0,idle,27.092,4000.0,3132.686,rule_based_v1
2026-08-11T00:40,2026-08-11,0,2,76.948,0.0,idle,27.085,4000.0,3132.686,rule_based_v1
2026-08-11T00:45,2026-08-11,0,2,76.948,0.0,idle,27.077,4000.0,3132.686,rule_based_v1
2026-08-11T00:50,2026-08-11,0,2,76.948,0.0,idle,27.07,4000.0,3132.686,rule_based_v1
2026-08-11T00:55,2026-08-11,0,2,76.948,0.0,idle,27.063,4000.0,3132.686,rule_based_v1
2026-08-11T01:00,2026-08-11,1,3,76.948,-900.0,charge,28.136,4000.0,3132.686,rule_based_v1
2026-08-11T01:05,2026-08-11,1,3,77.812,-900.0,charge,28.129,4000.0,2982.686,rule_based_v1
2026-08-11T01:10,2026-08-11,1,3,78.677,-900.0,charge,28.122,4000.0,2832.686,rule_based_v1
2026-08-11T01:15,2026-08-11,1,3,79.541,-900.0,charge,28.115,4000.0,2682.686,rule_based_v1
2026-08-11T01:20,2026-08-11,1,3,80.405,-900.0,charge,28.109,4000.0,2532.686,rule_based_v1
2026-08-11T01:25,2026-08-11,1,3,81.27,-900.0,charge,28.102,4000.0,2382.686,rule_based_v1
2026-08-11T01:30,2026-08-11,1,4,82.134,-900.0,charge,28.096,4000.0,2232.686,rule_based_v1
2026-08-11T01:35,2026-08-11,1,4,82.999,-900.0,charge,28.089,4000.0,2082.686,rule_based_v1
2026-08-11T01:40,2026-08-11,1,4,83.863,-900.0,charge,28.083,4000.0,1932.686,rule_based_v1
2026-08-11T01:45,2026-08-11,1,4,84.727,-900.0,charge,28.077,4000.0,1782.686,rule_based_v1
2026-08-11T01:50,2026-08-11,1,4,85.592,-900.0,charge,28.071,4000.0,1632.686,rule_based_v1
2026-08-11T01:55,2026-08-11,1,4,86.456,-900.0,charge,28.066,4000.0,1482.686,rule_based_v1
2026-08-11T02:00,2026-08-11,2,5,87.32,-900.0,charge,28.06,4000.0,1332.686,rule_based_v1
2026-08-11T02:05,2026-08-11,2,5,88.185,-900.0,charge,28.055,4000.0,1182.686,rule_based_v1
2026-08-11T02:10,2026-08-11,2,5,89.049,-900.0,charge,28.049,4000.0,1032.686,rule_based_v1
2026-08-11T02:15,2026-08-11,2,5,89.914,-900.0,charge,28.044,4000.0,882.686,rule_based_v1
2026-08-11T02:20,2026-08-11,2,5,90.778,-900.0,charge,28.039,4000.0,732.686,rule_based_v1
2026-08-11T02:25,2026-08-11,2,5,91.642,-900.0,charge,28.034,4000.0,582.686,rule_based_v1
2026-08-11T02:30,2026-08-11,2,6,92.507,0.0,idle,26.949,4000.0,432.686,rule_based_v1
2026-08-11T02:35,2026-08-11,2,6,92.507,0.0,idle,26.945,4000.0,432.686,rule_based_v1
2026-08-11T02:40,2026-08-11,2,6,92.507,0.0,idle,26.94,4000.0,432.686,rule_based_v1
2026-08-11T02:45,2026-08-11,2,6,92.507,0.0,idle,26.936,4000.0,432.686,rule_based_v1
2026-08-11T02:50,2026-08-11,2,6,92.507,0.0,idle,26.932,4000.0,432.686,rule_based_v1
2026-08-11T02:55,2026-08-11,2,6,92.507,0.0,idle,26.928,4000.0,432.686,rule_based_v1
2026-08-11T03:00,2026-08-11,3,7,92.507,0.0,idle,26.924,4000.0,432.686,rule_based_v1
2026-08-11T03:05,2026-08-11,3,7,92.507,0.0,idle,26.92,4000.0,432.686,rule_based_v1
2026-08-11T03:10,2026-08-11,3,7,92.507,0.0,idle,26.916,4000.0,432.686,rule_based_v1
2026-08-11T03:15,2026-08-11,3,7,92.507,0.0,idle,26.913,4000.0,432.686,rule_based_v1
2026-08-11T03:20,2026-08-11,3,7,92.507,0.0,idle,26.91,4000.0,432.686,rule_based_v1
2026-08-11T03:25,2026-08-11,3,7,92.507,0.0,idle,26.906,4000.0,432.686,rule_based_v1
2026-08-11T03:30,2026-08-11,3,8,92.507,0.0,idle,26.903,4000.0,432.686,rule_based_v1
2026-08-11T03:35,2026-08-11,3,8,92.507,0.0,idle,26.901,4000.0,432.686,rule_based_v1
2026-08-11T03:40,2026-08-11,3,8,92.507,0.0,idle,26.898,4000.0,432.686,rule_based_v1
2026-08-11T03:45,2026-08-11,3,8,92.507,0.0,idle,26.895,4000.0,432.686,rule_based_v1
2026-08-11T03:50,2026-08-11,3,8,92.507,0.0,idle,26.893,4000.0,432.686,rule_based_v1
2026-08-11T03:55,2026-08-11,3,8,92.507,0.0,idle,26.891,4000.0,432.686,rule_based_v1
2026-08-11T04:00,2026-08-11,4,9,92.507,0.0,idle,26.889,4000.0,432.686,rule_based_v1
2026-08-11T04:05,2026-08-11,4,9,92.507,0.0,idle,26.887,4000.0,432.686,rule_based_v1
2026-08-11T04:10,2026-08-11,4,9,92.507,0.0,idle,26.885,4000.0,432.686,rule_based_v1
2026-08-11T04:15,2026-08-11,4,9,92.507,0.0,idle,26.884,4000.0,432.686,rule_based_v1
2026-08-11T04:20,2026-08-11,4,9,92.507,0.0,idle,26.882,4000.0,432.686,rule_based_v1
2026-08-11T04:25,2026-08-11,4,9,92.507,0.0,idle,26.881,4000.0,432.686,rule_based_v1
2026-08-11T04:30,2026-08-11,4,10,92.507,0.0,idle,26.88,4000.0,432.686,rule_based_v1
2026-08-11T04:35,2026-08-11,4,10,92.507,0.0,idle,26.879,4000.0,432.686,rule_based_v1
2026-08-11T04:40,2026-08-11,4,10,92.507,0.0,idle,26.878,4000.0,432.686,rule_based_v1
2026-08-11T04:45,2026-08-11,4,10,92.507,0.0,idle,26.878,4000.0,432.686,rule_based_v1
2026-08-11T04:50,2026-08-11,4,10,92.507,0.0,idle,26.877,4000.0,432.686,rule_based_v1
2026-08-11T04:55,2026-08-11,4,10,92.507,0.0,idle,26.877,4000.0,432.686,rule_based_v1
2026-08-11T05:00,2026-08-11,5,11,92.507,0.0,idle,26.946,4000.0,432.686,rule_based_v1
2026-08-11T05:05,2026-08-11,5,11,92.507,0.0,idle,26.946,4000.0,432.686,rule_based_v1
2026-08-11T05:10,2026-08-11,5,11,92.507,0.0,idle,26.947,4000.0,432.686,rule_based_v1
2026-08-11T05:15,2026-08-11,5,11,92.507,0.0,idle,26.948,4000.0,432.686,rule_based_v1
2026-08-11T05:20,2026-08-11,5,11,92.507,0.0,idle,26.949,4000.0,432.686,rule_based_v1
2026-08-11T05:25,2026-08-11,5,11,92.507,0.0,idle,26.952,4000.0,432.686,rule_based_v1
2026-08-11T05:30,2026-08-11,5,12,92.507,0.0,idle,26.954,4000.0,432.686,rule_based_v1
2026-08-11T05:35,2026-08-11,5,12,92.507,0.0,idle,26.957,4000.0,432.686,rule_based_v1
2026-08-11T05:40,2026-08-11,5,12,92.507,0.0,idle,26.96,4000.0,432.686,rule_based_v1
2026-08-11T05:45,2026-08-11,5,12,92.507,0.0,idle,26.964,4000.0,432.686,rule_based_v1
2026-08-11T05:50,2026-08-11,5,12,92.507,0.0,idle,26.969,4000.0,432.686,rule_based_v1
2026-08-11T05:55,2026-08-11,5,12,92.507,0.0,idle,26.973,4000.0,432.686,rule_based_v1
2026-08-11T06:00,2026-08-11,6,13,92.507,0.0,idle,26.978,4000.0,432.686,rule_based_v1
2026-08-11T06:05,2026-08-11,6,13,92.507,0.0,idle,26.984,4000.0,432.686,rule_based_v1
2026-08-11T06:10,2026-08-11,6,13,92.507,0.0,idle,26.99,4000.0,432.686,rule_based_v1
2026-08-11T06:15,2026-08-11,6,13,92.507,0.0,idle,26.996,4000.0,432.686,rule_based_v1
2026-08-11T06:20,2026-08-11,6,13,92.507,0.0,idle,27.003,4000.0,432.686,rule_based_v1
2026-08-11T06:25,2026-08-11,6,13,92.507,0.0,idle,27.011,4000.0,432.686,rule_based_v1
2026-08-11T06:30,2026-08-11,6,14,92.507,0.0,idle,27.018,4000.0,432.686,rule_based_v1
2026-08-11T06:35,2026-08-11,6,14,92.507,0.0,idle,27.026,4000.0,432.686,rule_based_v1
2026-08-11T06:40,2026-08-11,6,14,92.507,0.0,idle,27.035,4000.0,432.686,rule_based_v1
2026-08-11T06:45,2026-08-11,6,14,92.507,0.0,idle,27.043,4000.0,432.686,rule_based_v1
2026-08-11T06:50,2026-08-11,6,14,92.507,0.0,idle,27.053,4000.0,432.686,rule_based_v1
2026-08-11T06:55,2026-08-11,6,14,92.507,0.0,idle,27.062,4000.0,432.686,rule_based_v1
2026-08-11T07:00,2026-08-11,7,15,92.507,0.0,idle,27.072,4000.0,432.686,rule_based_v1
2026-08-11T07:05,2026-08-11,7,15,92.507,0.0,idle,27.082,4000.0,432.686,rule_based_v1
2026-08-11T07:10,2026-08-11,7,15,92.507,0.0,idle,27.093,4000.0,432.686,rule_based_v1
2026-08-11T07:15,2026-08-11,7,15,92.507,0.0,idle,27.104,4000.0,432.686,rule_based_v1
2026-08-11T07:20,2026-08-11,7,15,92.507,0.0,idle,27.115,4000.0,432.686,rule_based_v1
2026-08-11T07:25,2026-08-11,7,15,92.507,0.0,idle,27.127,4000.0,432.686,rule_based_v1
2026-08-11T07:30,2026-08-11,7,16,92.507,0.0,idle,27.139,4000.0,432.686,rule_based_v1
2026-08-11T07:35,2026-08-11,7,16,92.507,0.0,idle,27.151,4000.0,432.686,rule_based_v1
2026-08-11T07:40,2026-08-11,7,16,92.507,0.0,idle,27.163,4000.0,432.686,rule_based_v1
2026-08-11T07:45,2026-08-11,7,16,92.507,0.0,idle,27.176,4000.0,432.686,rule_based_v1
2026-08-11T07:50,2026-08-11,7,16,92.507,0.0,idle,27.189,4000.0,432.686,rule_based_v1
2026-08-11T07:55,2026-08-11,7,16,92.507,0.0,idle,27.202,4000.0,432.686,rule_based_v1
2026-08-11T08:00,2026-08-11,8,17,92.507,0.0,idle,27.216,4000.0,432.686,rule_based_v1
2026-08-11T08:05,2026-08-11,8,17,92.507,0.0,idle,27.23,4000.0,432.686,rule_based_v1
2026-08-11T08:10,2026-08-11,8,17,92.507,0.0,idle,27.243,4000.0,432.686,rule_based_v1
2026-08-11T08:15,2026-08-11,8,17,92.507,0.0,idle,27.258,4000.0,432.686,rule_based_v1
2026-08-11T08:20,2026-08-11,8,17,92.507,0.0,idle,27.272,4000.0,432.686,rule_based_v1
2026-08-11T08:25,2026-08-11,8,17,92.507,0.0,idle,27.286,4000.0,432.686,rule_based_v1
2026-08-11T08:30,2026-08-11,8,18,92.507,0.0,idle,27.301,4000.0,432.686,rule_based_v1
2026-08-11T08:35,2026-08-11,8,18,92.507,0.0,idle,27.316,4000.0,432.686,rule_based_v1
2026-08-11T08:40,2026-08-11,8,18,92.507,0.0,idle,27.331,4000.0,432.686,rule_based_v1
2026-08-11T08:45,2026-08-11,8,18,92.507,0.0,idle,27.346,4000.0,432.686,rule_based_v1
2026-08-11T08:50,2026-08-11,8,18,92.507,0.0,idle,27.361,4000.0,432.686,rule_based_v1
2026-08-11T08:55,2026-08-11,8,18,92.507,0.0,idle,27.377,4000.0,432.686,rule_based_v1
2026-08-11T09:00,2026-08-11,9,19,92.507,0.0,idle,27.392,4000.0,432.686,rule_based_v1
2026-08-11T09:05,2026-08-11,9,19,92.507,0.0,idle,27.408,4000.0,432.686,rule_based_v1
2026-08-11T09:10,2026-08-11,9,19,92.507,0.0,idle,27.423,4000.0,432.686,rule_based_v1
2026-08-11T09:15,2026-08-11,9,19,92.507,0.0,idle,27.439,4000.0,432.686,rule_based_v1
2026-08-11T09:20,2026-08-11,9,19,92.507,0.0,idle,27.454,4000.0,432.686,rule_based_v1
2026-08-11T09:25,2026-08-11,9,19,92.507,0.0,idle,27.47,4000.0,432.686,rule_based_v1
2026-08-11T09:30,2026-08-11,9,20,92.507,0.0,idle,27.486,4000.0,432.686,rule_based_v1
2026-08-11T09:35,2026-08-11,9,20,92.507,0.0,idle,27.502,4000.0,432.686,rule_based_v1
2026-08-11T09:40,2026-08-11,9,20,92.507,0.0,idle,27.517,4000.0,432.686,rule_based_v1
2026-08-11T09:45,2026-08-11,9,20,92.507,0.0,idle,27.533,4000.0,432.686,rule_based_v1
2026-08-11T09:50,2026-08-11,9,20,92.507,0.0,idle,27.549,4000.0,432.686,rule_based_v1
2026-08-11T09:55,2026-08-11,9,20,92.507,0.0,idle,27.564,4000.0,432.686,rule_based_v1
2026-08-11T10:00,2026-08-11,10,21,92.507,0.0,idle,27.58,4000.0,432.686,rule_based_v1
2026-08-11T10:05,2026-08-11,10,21,92.507,0.0,idle,27.595,4000.0,432.686,rule_based_v1
2026-08-11T10:10,2026-08-11,10,21,92.507,0.0,idle,27.61,4000.0,432.686,rule_based_v1
2026-08-11T10:15,2026-08-11,10,21,92.507,0.0,idle,27.626,4000.0,432.686,rule_based_v1
2026-08-11T10:20,2026-08-11,10,21,92.507,0.0,idle,27.641,4000.0,432.686,rule_based_v1
2026-08-11T10:25,2026-08-11,10,21,92.507,0.0,idle,27.656,4000.0,432.686,rule_based_v1
2026-08-11T10:30,2026-08-11,10,22,92.507,0.0,idle,27.671,4000.0,432.686,rule_based_v1
2026-08-11T10:35,2026-08-11,10,22,92.507,0.0,idle,27.685,4000.0,432.686,rule_based_v1
2026-08-11T10:40,2026-08-11,10,22,92.507,0.0,idle,27.7,4000.0,432.686,rule_based_v1
2026-08-11T10:45,2026-08-11,10,22,92.507,0.0,idle,27.714,4000.0,432.686,rule_based_v1
2026-08-11T10:50,2026-08-11,10,22,92.507,0.0,idle,27.728,4000.0,432.686,rule_based_v1
2026-08-11T10:55,2026-08-11,10,22,92.507,0.0,idle,27.742,4000.0,432.686,rule_based_v1
2026-08-11T11:00,2026-08-11,11,23,92.507,0.0,idle,27.756,4000.0,432.686,rule_based_v1
2026-08-11T11:05,2026-08-11,11,23,92.507,0.0,idle,27.769,4000.0,432.686,rule_based_v1
2026-08-11T11:10,2026-08-11,11,23,92.507,0.0,idle,27.783,4000.0,432.686,rule_based_v1
2026-08-11T11:15,2026-08-11,11,23,92.507,0.0,idle,27.796,4000.0,432.686,rule_based_v1
2026-08-11T11:20,2026-08-11,11,23,92.507,0.0,idle,27.808,4000.0,432.686,rule_based_v1
2026-08-11T11:25,2026-08-11,11,23,92.507,0.0,idle,27.821,4000.0,432.686,rule_based_v1
2026-08-11T11:30,2026-08-11,11,24,92.507,0.0,idle,27.833,4000.0,432.686,rule_based_v1
2026-08-11T11:35,2026-08-11,11,24,92.507,0.0,idle,27.845,4000.0,432.686,rule_based_v1
2026-08-11T11:40,2026-08-11,11,24,92.507,0.0,idle,27.856,4000.0,432.686,rule_based_v1
2026-08-11T11:45,2026-08-11,11,24,92.507,0.0,idle,27.868,4000.0,432.686,rule_based_v1
2026-08-11T11:50,2026-08-11,11,24,92.507,0.0,idle,27.879,4000.0,432.686,rule_based_v1
2026-08-11T11:55,2026-08-11,11,24,92.507,0.0,idle,27.889,4000.0,432.686,rule_based_v1
2026-08-11T12:00,2026-08-11,12,25,92.507,0.0,idle,27.899,4000.0,432.686,rule_based_v1
2026-08-11T12:05,2026-08-11,12,25,92.507,0.0,idle,27.909,4000.0,432.686,rule_based_v1
2026-08-11T12:10,2026-08-11,12,25,92.507,0.0,idle,27.919,4000.0,432.686,rule_based_v1
2026-08-11T12:15,2026-08-11,12,25,92.507,0.0,idle,27.928,4000.0,432.686,rule_based_v1
2026-08-11T12:20,2026-08-11,12,25,92.507,0.0,idle,27.937,4000.0,432.686,rule_based_v1
2026-08-11T12:25,2026-08-11,12,25,92.507,0.0,idle,27.945,4000.0,432.686,rule_based_v1
2026-08-11T12:30,2026-08-11,12,26,92.507,0.0,idle,27.953,4000.0,432.686,rule_based_v1
2026-08-11T12:35,2026-08-11,12,26,92.507,0.0,idle,27.961,4000.0,432.686,rule_based_v1
2026-08-11T12:40,2026-08-11,12,26,92.507,0.0,idle,27.968,4000.0,432.686,rule_based_v1
2026-08-11T12:45,2026-08-11,12,26,92.507,0.0,idle,27.975,4000.0,432.686,rule_based_v1
2026-08-11T12:50,2026-08-11,12,26,92.507,0.0,idle,27.982,4000.0,432.686,rule_based_v1
2026-08-11T12:55,2026-08-11,12,26,92.507,0.0,idle,27.988,4000.0,432.686,rule_based_v1
2026-08-11T13:00,2026-08-11,13,27,92.507,0.0,idle,27.993,4000.0,432.686,rule_based_v1
2026-08-11T13:05,2026-08-11,13,27,92.507,0.0,idle,27.998,4000.0,432.686,rule_based_v1
2026-08-11T13:10,2026-08-11,13,27,92.507,0.0,idle,28.003,4000.0,432.686,rule_based_v1
2026-08-11T13:15,2026-08-11,13,27,92.507,0.0,idle,28.007,4000.0,432.686,rule_based_v1
2026-08-11T13:20,2026-08-11,13,27,92.507,0.0,idle,28.011,4000.0,432.686,rule_based_v1
2026-08-11T13:25,2026-08-11,13,27,92.507,0.0,idle,28.015,4000.0,432.686,rule_based_v1
2026-08-11T13:30,2026-08-11,13,28,92.507,0.0,idle,28.018,4000.0,432.686,rule_based_v1
2026-08-11T13:35,2026-08-11,13,28,92.507,0.0,idle,28.02,4000.0,432.686,rule_based_v1
2026-08-11T13:40,2026-08-11,13,28,92.507,0.0,idle,28.022,4000.0,432.686,rule_based_v1
2026-08-11T13:45,2026-08-11,13,28,92.507,0.0,idle,28.024,4000.0,432.686,rule_based_v1
2026-08-11T13:50,2026-08-11,13,28,92.507,0.0,idle,28.025,4000.0,432.686,rule_based_v1
2026-08-11T13:55,2026-08-11,13,28,92.507,0.0,idle,28.026,4000.0,432.686,rule_based_v1
2026-08-11T14:00,2026-08-11,14,29,92.507,0.0,idle,28.026,4000.0,432.686,rule_based_v1
2026-08-11T14:05,2026-08-11,14,29,92.507,0.0,idle,28.026,4000.0,432.686,rule_based_v1
2026-08-11T14:10,2026-08-11,14,29,92.507,0.0,idle,28.026,4000.0,432.686,rule_based_v1
2026-08-11T14:15,2026-08-11,14,29,92.507,0.0,idle,28.025,4000.0,432.686,rule_based_v1
2026-08-11T14:20,2026-08-11,14,29,92.507,0.0,idle,28.025,4000.0,432.686,rule_based_v1
2026-08-11T14:25,2026-08-11,14,29,92.507,0.0,idle,28.024,4000.0,432.686,rule_based_v1
2026-08-11T14:30,2026-08-11,14,30,92.507,0.0,idle,28.023,4000.0,432.686,rule_based_v1
2026-08-11T14:35,2026-08-11,14,30,92.507,0.0,idle,28.022,4000.0,432.686,rule_based_v1
2026-08-11T14:40,2026-08-11,14,30,92.507,0.0,idle,28.021,4000.0,432.686,rule_based_v1
2026-08-11T14:45,2026-08-11,14,30,92.507,0.0,idle,28.019,4000.0,432.686,rule_based_v1
2026-08-11T14:50,2026-08-11,14,30,92.507,0.0,idle,28.018,4000.0,432.686,rule_based_v1
2026-08-11T14:55,2026-08-11,14,30,92.507,0.0,idle,28.016,4000.0,432.686,rule_based_v1
2026-08-11T15:00,2026-08-11,15,31,92.507,0.0,idle,28.014,4000.0,432.686,rule_based_v1
2026-08-11T15:05,2026-08-11,15,31,92.507,0.0,idle,28.012,4000.0,432.686,rule_based_v1
2026-08-11T15:10,2026-08-11,15,31,92.507,0.0,idle,28.01,4000.0,432.686,rule_based_v1
2026-08-11T15:15,2026-08-11,15,31,92.507,0.0,idle,28.007,4000.0,432.686,rule_based_v1
2026-08-11T15:20,2026-08-11,15,31,92.507,0.0,idle,28.005,4000.0,432.686,rule_based_v1
2026-08-11T15:25,2026-08-11,15,31,92.507,0.0,idle,28.002,4000.0,432.686,rule_based_v1
2026-08-11T15:30,2026-08-11,15,32,92.507,0.0,idle,27.999,4000.0,432.686,rule_based_v1
2026-08-11T15:35,2026-08-11,15,32,92.507,0.0,idle,27.996,4000.0,432.686,rule_based_v1
2026-08-11T15:40,2026-08-11,15,32,92.507,0.0,idle,27.993,4000.0,432.686,rule_based_v1
2026-08-11T15:45,2026-08-11,15,32,92.507,0.0,idle,27.99,4000.0,432.686,rule_based_v1
2026-08-11T15:50,2026-08-11,15,32,92.507,0.0,idle,27.987,4000.0,432.686,rule_based_v1
2026-08-11T15:55,2026-08-11,15,32,92.507,0.0,idle,27.983,4000.0,432.686,rule_based_v1
2026-08-11T16:00,2026-08-11,16,33,92.507,0.0,idle,27.979,4000.0,432.686,rule_based_v1
2026-08-11T16:05,2026-08-11,16,33,92.507,0.0,idle,27.975,4000.0,432.686,rule_based_v1
2026-08-11T16:10,2026-08-11,16,33,92.507,0.0,idle,27.971,4000.0,432.686,rule_based_v1
2026-08-11T16:15,2026-08-11,16,33,92.507,0.0,idle,27.967,4000.0,432.686,rule_based_v1
2026-08-11T16:20,2026-08-11,16,33,92.507,0.0,idle,27.963,4000.0,432.686,rule_based_v1
2026-08-11T16:25,2026-08-11,16,33,92.507,0.0,idle,27.958,4000.0,432.686,rule_based_v1
2026-08-11T16:30,2026-08-11,16,34,92.507,0.0,idle,27.953,4000.0,432.686,rule_based_v1
2026-08-11T16:35,2026-08-11,16,34,92.507,0.0,idle,27.949,4000.0,432.686,rule_based_v1
2026-08-11T16:40,2026-08-11,16,34,92.507,0.0,idle,27.944,4000.0,432.686,rule_based_v1
2026-08-11T16:45,2026-08-11,16,34,92.507,0.0,idle,27.939,4000.0,432.686,rule_based_v1
2026-08-11T16:50,2026-08-11,16,34,92.507,0.0,idle,27.934,4000.0,432.686,rule_based_v1
2026-08-11T16:55,2026-08-11,16,34,92.507,0.0,idle,27.928,4000.0,432.686,rule_based_v1
2026-08-11T17:00,2026-08-11,17,35,92.507,0.0,idle,27.923,4000.0,432.686,rule_based_v1
2026-08-11T17:05,2026-08-11,17,35,92.507,0.0,idle,27.917,4000.0,432.686,rule_based_v1
2026-08-11T17:10,2026-08-11,17,35,92.507,0.0,idle,27.911,4000.0,432.686,rule_based_v1
2026-08-11T17:15,2026-08-11,17,35,92.507,0.0,idle,27.905,4000.0,432.686,rule_based_v1
2026-08-11T17:20,2026-08-11,17,35,92.507,0.0,idle,27.899,4000.0,432.686,rule_based_v1
2026-08-11T17:25,2026-08-11,17,35,92.507,0.0,idle,27.893,4000.0,432.686,rule_based_v1
2026-08-11T17:30,2026-08-11,17,36,92.507,0.0,idle,27.887,4000.0,432.686,rule_based_v1
2026-08-11T17:35,2026-08-11,17,36,92.507,0.0,idle,27.881,4000.0,432.686,rule_based_v1
2026-08-11T17:40,2026-08-11,17,36,92.507,0.0,idle,27.874,4000.0,432.686,rule_based_v1
2026-08-11T17:45,2026-08-11,17,36,92.507,0.0,idle,27.868,4000.0,432.686,rule_based_v1
2026-08-11T17:50,2026-08-11,17,36,92.507,0.0,idle,27.861,4000.0,432.686,rule_based_v1
2026-08-11T17:55,2026-08-11,17,36,92.507,0.0,idle,27.854,4000.0,432.686,rule_based_v1
2026-08-11T18:00,2026-08-11,18,37,92.507,0.0,idle,27.847,4000.0,432.686,rule_based_v1
2026-08-11T18:05,2026-08-11,18,37,92.507,0.0,idle,27.84,4000.0,432.686,rule_based_v1
2026-08-11T18:10,2026-08-11,18,37,92.507,0.0,idle,27.833,4000.0,432.686,rule_based_v1
2026-08-11T18:15,2026-08-11,18,37,92.507,0.0,idle,27.826,4000.0,432.686,rule_based_v1
2026-08-11T18:20,2026-08-11,18,37,92.507,0.0,idle,27.818,4000.0,432.686,rule_based_v1
2026-08-11T18:25,2026-08-11,18,37,92.507,0.0,idle,27.811,4000.0,432.686,rule_based_v1
2026-08-11T18:30,2026-08-11,18,38,92.507,0.0,idle,27.803,4000.0,432.686,rule_based_v1
2026-08-11T18:35,2026-08-11,18,38,92.507,0.0,idle,27.796,4000.0,432.686,rule_based_v1
2026-08-11T18:40,2026-08-11,18,38,92.507,0.0,idle,27.788,4000.0,432.686,rule_based_v1
2026-08-11T18:45,2026-08-11,18,38,92.507,0.0,idle,27.78,4000.0,432.686,rule_based_v1
2026-08-11T18:50,2026-08-11,18,38,92.507,0.0,idle,27.772,4000.0,432.686,rule_based_v1
2026-08-11T18:55,2026-08-11,18,38,92.507,0.0,idle,27.764,4000.0,432.686,rule_based_v1
2026-08-11T19:00,2026-08-11,19,39,92.507,0.0,idle,27.756,4000.0,432.686,rule_based_v1
2026-08-11T19:05,2026-08-11,19,39,92.507,0.0,idle,27.748,4000.0,432.686,rule_based_v1
2026-08-11T19:10,2026-08-11,19,39,92.507,0.0,idle,27.739,4000.0,432.686,rule_based_v1
2026-08-11T19:15,2026-08-11,19,39,92.507,0.0,idle,27.731,4000.0,432.686,rule_based_v1
2026-08-11T19:20,2026-08-11,19,39,92.507,0.0,idle,27.723,4000.0,432.686,rule_based_v1
2026-08-11T19:25,2026-08-11,19,39,92.507,0.0,idle,27.714,4000.0,432.686,rule_based_v1
2026-08-11T19:30,2026-08-11,19,40,92.507,0.0,idle,27.705,4000.0,432.686,rule_based_v1
2026-08-11T19:35,2026-08-11,19,40,92.507,0.0,idle,27.697,4000.0,432.686,rule_based_v1
2026-08-11T19:40,2026-08-11,19,40,92.507,0.0,idle,27.688,4000.0,432.686,rule_based_v1
2026-08-11T19:45,2026-08-11,19,40,92.507,0.0,idle,27.679,4000.0,432.686,rule_based_v1
2026-08-11T19:50,2026-08-11,19,40,92.507,0.0,idle,27.671,4000.0,432.686,rule_based_v1
2026-08-11T19:55,2026-08-11,19,40,92.507,0.0,idle,27.662,4000.0,432.686,rule_based_v1
2026-08-11T20:00,2026-08-11,20,41,92.507,0.0,idle,27.653,4000.0,432.686,rule_based_v1
2026-08-11T20:05,2026-08-11,20,41,92.507,0.0,idle,27.644,4000.0,432.686,rule_based_v1
2026-08-11T20:10,2026-08-11,20,41,92.507,0.0,idle,27.635,4000.0,432.686,rule_based_v1
2026-08-11T20:15,2026-08-11,20,41,92.507,0.0,idle,27.626,4000.0,432.686,rule_based_v1
2026-08-11T20:20,2026-08-11,20,41,92.507,0.0,idle,27.616,4000.0,432.686,rule_based_v1
2026-08-11T20:25,2026-08-11,20,41,92.507,0.0,idle,27.607,4000.0,432.686,rule_based_v1
2026-08-11T20:30,2026-08-11,20,42,92.507,0.0,idle,27.598,4000.0,432.686,rule_based_v1
2026-08-11T20:35,2026-08-11,20,42,92.507,0.0,idle,27.589,4000.0,432.686,rule_based_v1
2026-08-11T20:40,2026-08-11,20,42,92.507,0.0,idle,27.58,4000.0,432.686,rule_based_v1
2026-08-11T20:45,2026-08-11,20,42,92.507,0.0,idle,27.57,4000.0,432.686,rule_based_v1
2026-08-11T20:50,2026-08-11,20,42,92.507,0.0,idle,27.561,4000.0,432.686,rule_based_v1
2026-08-11T20:55,2026-08-11,20,42,92.507,0.0,idle,27.552,4000.0,432.686,rule_based_v1
2026-08-11T21:00,2026-08-11,21,43,92.507,0.0,idle,27.542,4000.0,432.686,rule_based_v1
2026-08-11T21:05,2026-08-11,21,43,92.507,0.0,idle,27.533,4000.0,432.686,rule_based_v1
2026-08-11T21:10,2026-08-11,21,43,92.507,0.0,idle,27.523,4000.0,432.686,rule_based_v1
2026-08-11T21:15,2026-08-11,21,43,92.507,0.0,idle,27.514,4000.0,432.686,rule_based_v1
2026-08-11T21:20,2026-08-11,21,43,92.507,0.0,idle,27.505,4000.0,432.686,rule_based_v1
2026-08-11T21:25,2026-08-11,21,43,92.507,0.0,idle,27.495,4000.0,432.686,rule_based_v1
2026-08-11T21:30,2026-08-11,21,44,92.507,0.0,idle,27.486,4000.0,432.686,rule_based_v1
2026-08-11T21:35,2026-08-11,21,44,92.507,0.0,idle,27.476,4000.0,432.686,rule_based_v1
2026-08-11T21:40,2026-08-11,21,44,92.507,0.0,idle,27.467,4000.0,432.686,rule_based_v1
2026-08-11T21:45,2026-08-11,21,44,92.507,0.0,idle,27.458,4000.0,432.686,rule_based_v1
2026-08-11T21:50,2026-08-11,21,44,92.507,0.0,idle,27.448,4000.0,432.686,rule_based_v1
2026-08-11T21:55,2026-08-11,21,44,92.507,0.0,idle,27.439,4000.0,432.686,rule_based_v1
2026-08-11T22:00,2026-08-11,22,45,92.507,0.0,idle,27.429,4000.0,432.686,rule_based_v1
2026-08-11T22:05,2026-08-11,22,45,92.507,0.0,idle,27.42,4000.0,432.686,rule_based_v1
2026-08-11T22:10,2026-08-11,22,45,92.507,0.0,idle,27.411,4000.0,432.686,rule_based_v1
2026-08-11T22:15,2026-08-11,22,45,92.507,0.0,idle,27.401,4000.0,432.686,rule_based_v1
2026-08-11T22:20,2026-08-11,22,45,92.507,0.0,idle,27.392,4000.0,432.686,rule_based_v1
2026-08-11T22:25,2026-08-11,22,45,92.507,0.0,idle,27.383,4000.0,432.686,rule_based_v1
2026-08-11T22:30,2026-08-11,22,46,92.507,0.0,idle,27.374,4000.0,432.686,rule_based_v1
2026-08-11T22:35,2026-08-11,22,46,92.507,0.0,idle,27.364,4000.0,432.686,rule_based_v1
2026-08-11T22:40,2026-08-11,22,46,92.507,0.0,idle,27.355,4000.0,432.686,rule_based_v1
2026-08-11T22:45,2026-08-11,22,46,92.507,0.0,idle,27.346,4000.0,432.686,rule_based_v1
2026-08-11T22:50,2026-08-11,22,46,92.507,0.0,idle,27.337,4000.0,432.686,rule_based_v1
2026-08-11T22:55,2026-08-11,22,46,92.507,0.0,idle,27.328,4000.0,432.686,rule_based_v1
2026-08-11T23:00,2026-08-11,23,47,92.507,0.0,idle,27.319,4000.0,432.686,rule_based_v1
2026-08-11T23:05,2026-08-11,23,47,92.507,0.0,idle,27.31,4000.0,432.686,rule_based_v1
2026-08-11T23:10,2026-08-11,23,47,92.507,0.0,idle,27.301,4000.0,432.686,rule_based_v1
2026-08-11T23:15,2026-08-11,23,47,92.507,0.0,idle,27.292,4000.0,432.686,rule_based_v1
2026-08-11T23:20,2026-08-11,23,47,92.507,0.0,idle,27.284,4000.0,432.686,rule_based_v1
2026-08-11T23:25,2026-08-11,23,47,92.507,0.0,idle,27.275,4000.0,432.686,rule_based_v1
2026-08-11T23:30,2026-08-11,23,48,92.507,0.0,idle,27.266,4000.0,432.686,rule_based_v1
2026-08-11T23:35,2026-08-11,23,48,92.507,0.0,idle,27.258,4000.0,432.686,rule_based_v1
2026-08-11T23:40,2026-08-11,23,48,92.507,0.0,idle,27.249,4000.0,432.686,rule_based_v1
2026-08-11T23:45,2026-08-11,23,48,92.507,0.0,idle,27.241,4000.0,432.686,rule_based_v1
2026-08-11T23:50,2026-08-11,23,48,92.507,0.0,idle,27.232,4000.0,432.686,rule_based_v1
2026-08-11T23:55,2026-08-11,23,48,92.507,0.0,idle,27.224,4000.0,432.686,rule_based_v1
2026-08-12T00:00,2026-08-12,0,1,92.507,0.0,idle,27.216,4000.0,432.686,rule_based_v1
2026-08-12T00:05,2026-08-12,0,1,92.507,0.0,idle,27.208,4000.0,432.686,rule_based_v1
2026-08-12T00:10,2026-08-12,0,1,92.507,0.0,idle,27.2,4000.0,432.686,rule_based_v1
2026-08-12T00:15,2026-08-12,0,1,92.507,0.0,idle,27.192,4000.0,432.686,rule_based_v1
2026-08-12T00:20,2026-08-12,0,1,92.507,0.0,idle,27.184,4000.0,432.686,rule_based_v1
2026-08-12T00:25,2026-08-12,0,1,92.507,0.0,idle,27.176,4000.0,432.686,rule_based_v1
2026-08-12T00:30,2026-08-12,0,2,92.507,0.0,idle,27.168,4000.0,432.686,rule_based_v1
2026-08-12T00:35,2026-08-12,0,2,92.507,0.0,idle,27.161,4000.0,432.686,rule_based_v1
2026-08-12T00:40,2026-08-12,0,2,92.507,0.0,idle,27.153,4000.0,432.686,rule_based_v1
2026-08-12T00:45,2026-08-12,0,2,92.507,0.0,idle,27.146,4000.0,432.686,rule_based_v1
2026-08-12T00:50,2026-08-12,0,2,92.507,0.0,idle,27.139,4000.0,432.686,rule_based_v1
2026-08-12T00:55,2026-08-12,0,2,92.507,0.0,idle,27.132,4000.0,432.686,rule_based_v1
2026-08-12T01:00,2026-08-12,1,3,92.507,0.0,idle,27.125,4000.0,432.686,rule_based_v1
2026-08-12T01:05,2026-08-12,1,3,92.507,0.0,idle,27.118,4000.0,432.686,rule_based_v1
2026-08-12T01:10,2026-08-12,1,3,92.507,0.0,idle,27.111,4000.0,432.686,rule_based_v1
2026-08-12T01:15,2026-08-12,1,3,92.507,0.0,idle,27.104,4000.0,432.686,rule_based_v1
2026-08-12T01:20,2026-08-12,1,3,92.507,0.0,idle,27.097,4000.0,432.686,rule_based_v1
2026-08-12T01:25,2026-08-12,1,3,92.507,0.0,idle,27.091,4000.0,432.686,rule_based_v1
2026-08-12T01:30,2026-08-12,1,4,92.507,0.0,idle,27.085,4000.0,432.686,rule_based_v1
2026-08-12T01:35,2026-08-12,1,4,92.507,0.0,idle,27.078,4000.0,432.686,rule_based_v1
2026-08-12T01:40,2026-08-12,1,4,92.507,0.0,idle,27.072,4000.0,432.686,rule_based_v1
2026-08-12T01:45,2026-08-12,1,4,92.507,0.0,idle,27.066,4000.0,432.686,rule_based_v1
2026-08-12T01:50,2026-08-12,1,4,92.507,0.0,idle,27.06,4000.0,432.686,rule_based_v1
2026-08-12T01:55,2026-08-12,1,4,92.507,0.0,idle,27.055,4000.0,432.686,rule_based_v1
2026-08-12T02:00,2026-08-12,2,5,92.507,0.0,idle,27.049,4000.0,432.686,rule_based_v1
2026-08-12T02:05,2026-08-12,2,5,92.507,0.0,idle,27.043,4000.0,432.686,rule_based_v1
2026-08-12T02:10,2026-08-12,2,5,92.507,0.0,idle,27.038,4000.0,432.686,rule_based_v1
2026-08-12T02:15,2026-08-12,2,5,92.507,0.0,idle,27.033,4000.0,432.686,rule_based_v1
2026-08-12T02:20,2026-08-12,2,5,92.507,0.0,idle,27.028,4000.0,432.686,rule_based_v1
2026-08-12T02:25,2026-08-12,2,5,92.507,0.0,idle,27.023,4000.0,432.686,rule_based_v1
2026-08-12T02:30,2026-08-12,2,6,92.507,0.0,idle,27.018,4000.0,432.686,rule_based_v1
2026-08-12T02:35,2026-08-12,2,6,92.507,0.0,idle,27.014,4000.0,432.686,rule_based_v1
2026-08-12T02:40,2026-08-12,2,6,92.507,0.0,idle,27.009,4000.0,432.686,rule_based_v1
2026-08-12T02:45,2026-08-12,2,6,92.507,0.0,idle,27.005,4000.0,432.686,rule_based_v1
2026-08-12T02:50,2026-08-12,2,6,92.507,0.0,idle,27.0,4000.0,432.686,rule_based_v1
2026-08-12T02:55,2026-08-12,2,6,92.507,0.0,idle,26.996,4000.0,432.686,rule_based_v1
2026-08-12T03:00,2026-08-12,3,7,92.507,0.0,idle,26.993,4000.0,432.686,rule_based_v1
2026-08-12T03:05,2026-08-12,3,7,92.507,0.0,idle,26.989,4000.0,432.686,rule_based_v1
2026-08-12T03:10,2026-08-12,3,7,92.507,0.0,idle,26.985,4000.0,432.686,rule_based_v1
2026-08-12T03:15,2026-08-12,3,7,92.507,0.0,idle,26.982,4000.0,432.686,rule_based_v1
2026-08-12T03:20,2026-08-12,3,7,92.507,0.0,idle,26.978,4000.0,432.686,rule_based_v1
2026-08-12T03:25,2026-08-12,3,7,92.507,0.0,idle,26.975,4000.0,432.686,rule_based_v1
2026-08-12T03:30,2026-08-12,3,8,92.507,0.0,idle,26.972,4000.0,432.686,rule_based_v1
2026-08-12T03:35,2026-08-12,3,8,92.507,0.0,idle,26.969,4000.0,432.686,rule_based_v1
2026-08-12T03:40,2026-08-12,3,8,92.507,0.0,idle,26.967,4000.0,432.686,rule_based_v1
2026-08-12T03:45,2026-08-12,3,8,92.507,0.0,idle,26.964,4000.0,432.686,rule_based_v1
2026-08-12T03:50,2026-08-12,3,8,92.507,0.0,idle,26.962,4000.0,432.686,rule_based_v1
2026-08-12T03:55,2026-08-12,3,8,92.507,0.0,idle,26.96,4000.0,432.686,rule_based_v1
2026-08-12T04:00,2026-08-12,4,9,92.507,0.0,idle,26.958,4000.0,432.686,rule_based_v1
2026-08-12T04:05,2026-08-12,4,9,92.507,0.0,idle,26.956,4000.0,432.686,rule_based_v1
2026-08-12T04:10,2026-08-12,4,9,92.507,0.0,idle,26.954,4000.0,432.686,rule_based_v1
2026-08-12T04:15,2026-08-12,4,9,92.507,0.0,idle,26.952,4000.0,432.686,rule_based_v1
2026-08-12T04:20,2026-08-12,4,9,92.507,0.0,idle,26.951,4000.0,432.686,rule_based_v1
2026-08-12T04:25,2026-08-12,4,9,92.507,0.0,idle,26.95,4000.0,432.686,rule_based_v1
2026-08-12T04:30,2026-08-12,4,10,92.507,0.0,idle,26.949,4000.0,432.686,rule_based_v1
2026-08-12T04:35,2026-08-12,4,10,92.507,0.0,idle,26.948,4000.0,432.686,rule_based_v1
2026-08-12T04:40,2026-08-12,4,10,92.507,0.0,idle,26.947,4000.0,432.686,rule_based_v1
2026-08-12T04:45,2026-08-12,4,10,92.507,0.0,idle,26.947,4000.0,432.686,rule_based_v1
2026-08-12T04:50,2026-08-12,4,10,92.507,0.0,idle,26.946,4000.0,432.686,rule_based_v1
2026-08-12T04:55,2026-08-12,4,10,92.507,0.0,idle,26.946,4000.0,432.686,rule_based_v1
2026-08-12T05:00,2026-08-12,5,11,92.507,0.0,idle,26.85,4000.0,432.686,rule_based_v1
2026-08-12T05:05,2026-08-12,5,11,92.507,0.0,idle,26.85,4000.0,432.686,rule_based_v1
2026-08-12T05:10,2026-08-12,5,11,92.507,0.0,idle,26.851,4000.0,432.686,rule_based_v1
2026-08-12T05:15,2026-08-12,5,11,92.507,0.0,idle,26.852,4000.0,432.686,rule_based_v1
2026-08-12T05:20,2026-08-12,5,11,92.507,0.0,idle,26.854,4000.0,432.686,rule_based_v1
2026-08-12T05:25,2026-08-12,5,11,92.507,0.0,idle,26.856,4000.0,432.686,rule_based_v1
2026-08-12T05:30,2026-08-12,5,12,92.507,0.0,idle,26.858,4000.0,432.686,rule_based_v1
2026-08-12T05:35,2026-08-12,5,12,92.507,0.0,idle,26.861,4000.0,432.686,rule_based_v1
2026-08-12T05:40,2026-08-12,5,12,92.507,0.0,idle,26.865,4000.0,432.686,rule_based_v1
2026-08-12T05:45,2026-08-12,5,12,92.507,0.0,idle,26.869,4000.0,432.686,rule_based_v1
2026-08-12T05:50,2026-08-12,5,12,92.507,0.0,idle,26.873,4000.0,432.686,rule_based_v1
2026-08-12T05:55,2026-08-12,5,12,92.507,0.0,idle,26.878,4000.0,432.686,rule_based_v1
2026-08-12T06:00,2026-08-12,6,13,92.507,0.0,idle,26.883,4000.0,432.686,rule_based_v1
2026-08-12T06:05,2026-08-12,6,13,92.507,0.0,idle,26.888,4000.0,432.686,rule_based_v1
2026-08-12T06:10,2026-08-12,6,13,92.507,0.0,idle,26.894,4000.0,432.686,rule_based_v1
2026-08-12T06:15,2026-08-12,6,13,92.507,0.0,idle,26.901,4000.0,432.686,rule_based_v1
2026-08-12T06:20,2026-08-12,6,13,92.507,0.0,idle,26.908,4000.0,432.686,rule_based_v1
2026-08-12T06:25,2026-08-12,6,13,92.507,0.0,idle,26.915,4000.0,432.686,rule_based_v1
2026-08-12T06:30,2026-08-12,6,14,92.507,0.0,idle,26.923,4000.0,432.686,rule_based_v1
2026-08-12T06:35,2026-08-12,6,14,92.507,0.0,idle,26.931,4000.0,432.686,rule_based_v1
2026-08-12T06:40,2026-08-12,6,14,92.507,0.0,idle,26.939,4000.0,432.686,rule_based_v1
2026-08-12T06:45,2026-08-12,6,14,92.507,0.0,idle,26.948,4000.0,432.686,rule_based_v1
2026-08-12T06:50,2026-08-12,6,14,92.507,0.0,idle,26.957,4000.0,432.686,rule_based_v1
2026-08-12T06:55,2026-08-12,6,14,92.507,0.0,idle,26.967,4000.0,432.686,rule_based_v1
2026-08-12T07:00,2026-08-12,7,15,92.507,0.0,idle,26.977,4000.0,432.686,rule_based_v1
2026-08-12T07:05,2026-08-12,7,15,92.507,0.0,idle,26.987,4000.0,432.686,rule_based_v1
2026-08-12T07:10,2026-08-12,7,15,92.507,0.0,idle,26.997,4000.0,432.686,rule_based_v1
2026-08-12T07:15,2026-08-12,7,15,92.507,0.0,idle,27.008,4000.0,432.686,rule_based_v1
2026-08-12T07:20,2026-08-12,7,15,92.507,0.0,idle,27.02,4000.0,432.686,rule_based_v1
2026-08-12T07:25,2026-08-12,7,15,92.507,0.0,idle,27.031,4000.0,432.686,rule_based_v1
2026-08-12T07:30,2026-08-12,7,16,92.507,0.0,idle,27.043,4000.0,432.686,rule_based_v1
2026-08-12T07:35,2026-08-12,7,16,92.507,0.0,idle,27.055,4000.0,432.686,rule_based_v1
2026-08-12T07:40,2026-08-12,7,16,92.507,0.0,idle,27.068,4000.0,432.686,rule_based_v1
2026-08-12T07:45,2026-08-12,7,16,92.507,0.0,idle,27.08,4000.0,432.686,rule_based_v1
2026-08-12T07:50,2026-08-12,7,16,92.507,0.0,idle,27.093,4000.0,432.686,rule_based_v1
2026-08-12T07:55,2026-08-12,7,16,92.507,0.0,idle,27.107,4000.0,432.686,rule_based_v1
2026-08-12T08:00,2026-08-12,8,17,92.507,0.0,idle,27.12,4000.0,432.686,rule_based_v1
2026-08-12T08:05,2026-08-12,8,17,92.507,0.0,idle,27.134,4000.0,432.686,rule_based_v1
2026-08-12T08:10,2026-08-12,8,17,92.507,0.0,idle,27.148,4000.0,432.686,rule_based_v1
2026-08-12T08:15,2026-08-12,8,17,92.507,0.0,idle,27.162,4000.0,432.686,rule_based_v1
2026-08-12T08:20,2026-08-12,8,17,92.507,0.0,idle,27.176,4000.0,432.686,rule_based_v1
2026-08-12T08:25,2026-08-12,8,17,92.507,0.0,idle,27.191,4000.0,432.686,rule_based_v1
2026-08-12T08:30,2026-08-12,8,18,92.507,0.0,idle,27.206,4000.0,432.686,rule_based_v1
2026-08-12T08:35,2026-08-12,8,18,92.507,0.0,idle,27.22,4000.0,432.686,rule_based_v1
2026-08-12T08:40,2026-08-12,8,18,92.507,0.0,idle,27.235,4000.0,432.686,rule_based_v1
2026-08-12T08:45,2026-08-12,8,18,92.507,0.0,idle,27.25,4000.0,432.686,rule_based_v1
2026-08-12T08:50,2026-08-12,8,18,92.507,0.0,idle,27.266,4000.0,432.686,rule_based_v1
2026-08-12T08:55,2026-08-12,8,18,92.507,0.0,idle,27.281,4000.0,432.686,rule_based_v1
2026-08-12T09:00,2026-08-12,9,19,92.507,0.0,idle,27.296,4000.0,432.686,rule_based_v1
2026-08-12T09:05,2026-08-12,9,19,92.507,0.0,idle,27.312,4000.0,432.686,rule_based_v1
2026-08-12T09:10,2026-08-12,9,19,92.507,0.0,idle,27.328,4000.0,432.686,rule_based_v1
2026-08-12T09:15,2026-08-12,9,19,92.507,0.0,idle,27.343,4000.0,432.686,rule_based_v1
2026-08-12T09:20,2026-08-12,9,19,92.507,0.0,idle,27.359,4000.0,432.686,rule_based_v1
2026-08-12T09:25,2026-08-12,9,19,92.507,0.0,idle,27.374,4000.0,432.686,rule_based_v1
2026-08-12T09:30,2026-08-12,9,20,92.507,0.0,idle,27.39,4000.0,432.686,rule_based_v1
2026-08-12T09:35,2026-08-12,9,20,92.507,0.0,idle,27.406,4000.0,432.686,rule_based_v1
2026-08-12T09:40,2026-08-12,9,20,92.507,0.0,idle,27.422,4000.0,432.686,rule_based_v1
2026-08-12T09:45,2026-08-12,9,20,92.507,0.0,idle,27.437,4000.0,432.686,rule_based_v1
2026-08-12T09:50,2026-08-12,9,20,92.507,0.0,idle,27.453,4000.0,432.686,rule_based_v1
2026-08-12T09:55,2026-08-12,9,20,92.507,0.0,idle,27.468,4000.0,432.686,rule_based_v1
2026-08-12T10:00,2026-08-12,10,21,92.507,0.0,idle,27.484,4000.0,432.686,rule_based_v1
2026-08-12T10:05,2026-08-12,10,21,92.507,0.0,idle,27.499,4000.0,432.686,rule_based_v1
2026-08-12T10:10,2026-08-12,10,21,92.507,0.0,idle,27.515,4000.0,432.686,rule_based_v1
2026-08-12T10:15,2026-08-12,10,21,92.507,0.0,idle,27.53,4000.0,432.686,rule_based_v1
2026-08-12T10:20,2026-08-12,10,21,92.507,0.0,idle,27.545,4000.0,432.686,rule_based_v1
2026-08-12T10:25,2026-08-12,10,21,92.507,0.0,idle,27.56,4000.0,432.686,rule_based_v1
2026-08-12T10:30,2026-08-12,10,22,92.507,0.0,idle,27.575,4000.0,432.686,rule_based_v1
2026-08-12T10:35,2026-08-12,10,22,92.507,0.0,idle,27.59,4000.0,432.686,rule_based_v1
2026-08-12T10:40,2026-08-12,10,22,92.507,0.0,idle,27.604,4000.0,432.686,rule_based_v1
2026-08-12T10:45,2026-08-12,10,22,92.507,0.0,idle,27.618,4000.0,432.686,rule_based_v1
2026-08-12T10:50,2026-08-12,10,22,92.507,0.0,idle,27.633,4000.0,432.686,rule_based_v1
2026-08-12T10:55,2026-08-12,10,22,92.507,0.0,idle,27.646,4000.0,432.686,rule_based_v1
2026-08-12T11:00,2026-08-12,11,23,92.507,0.0,idle,27.66,4000.0,432.686,rule_based_v1
2026-08-12T11:05,2026-08-12,11,23,92.507,0.0,idle,27.674,4000.0,432.686,rule_based_v1
2026-08-12T11:10,2026-08-12,11,23,92.507,0.0,idle,27.687,4000.0,432.686,rule_based_v1
2026-08-12T11:15,2026-08-12,11,23,92.507,0.0,idle,27.7,4000.0,432.686,rule_based_v1
2026-08-12T11:20,2026-08-12,11,23,92.507,0.0,idle,27.713,4000.0,432.686,rule_based_v1
2026-08-12T11:25,2026-08-12,11,23,92.507,0.0,idle,27.725,4000.0,432.686,rule_based_v1
2026-08-12T11:30,2026-08-12,11,24,92.507,0.0,idle,27.737,4000.0,432.686,rule_based_v1
2026-08-12T11:35,2026-08-12,11,24,92.507,0.0,idle,27.749,4000.0,432.686,rule_based_v1
2026-08-12T11:40,2026-08-12,11,24,92.507,0.0,idle,27.761,4000.0,432.686,rule_based_v1
2026-08-12T11:45,2026-08-12,11,24,92.507,0.0,idle,27.772,4000.0,432.686,rule_based_v1
2026-08-12T11:50,2026-08-12,11,24,92.507,0.0,idle,27.783,4000.0,432.686,rule_based_v1
2026-08-12T11:55,2026-08-12,11,24,92.507,0.0,idle,27.794,4000.0,432.686,rule_based_v1
2026-08-12T12:00,2026-08-12,12,25,92.507,0.0,idle,27.804,4000.0,432.686,rule_based_v1
2026-08-12T12:05,2026-08-12,12,25,92.507,0.0,idle,27.814,4000.0,432.686,rule_based_v1
2026-08-12T12:10,2026-08-12,12,25,92.507,0.0,idle,27.823,4000.0,432.686,rule_based_v1
2026-08-12T12:15,2026-08-12,12,25,92.507,0.0,idle,27.833,4000.0,432.686,rule_based_v1
2026-08-12T12:20,2026-08-12,12,25,92.507,0.0,idle,27.841,4000.0,432.686,rule_based_v1
2026-08-12T12:25,2026-08-12,12,25,92.507,0.0,idle,27.85,4000.0,432.686,rule_based_v1
2026-08-12T12:30,2026-08-12,12,26,92.507,0.0,idle,27.858,4000.0,432.686,rule_based_v1
2026-08-12T12:35,2026-08-12,12,26,92.507,0.0,idle,27.866,4000.0,432.686,rule_based_v1
2026-08-12T12:40,2026-08-12,12,26,92.507,0.0,idle,27.873,4000.0,432.686,rule_based_v1
2026-08-12T12:45,2026-08-12,12,26,92.507,0.0,idle,27.88,4000.0,432.686,rule_based_v1
2026-08-12T12:50,2026-08-12,12,26,92.507,0.0,idle,27.886,4000.0,432.686,rule_based_v1
2026-08-12T12:55,2026-08-12,12,26,92.507,0.0,idle,27.892,4000.0,432.686,rule_based_v1
2026-08-12T13:00,2026-08-12,13,27,92.507,0.0,idle,27.898,4000.0,432.686,rule_based_v1
2026-08-12T13:05,2026-08-12,13,27,92.507,0.0,idle,27.903,4000.0,432.686,rule_based_v1
2026-08-12T13:10,2026-08-12,13,27,92.507,0.0,idle,27.908,4000.0,432.686,rule_based_v1
2026-08-12T13:15,2026-08-12,13,27,92.507,0.0,idle,27.912,4000.0,432.686,rule_based_v1
2026-08-12T13:20,2026-08-12,13,27,92.507,0.0,idle,27.916,4000.0,432.686,rule_based_v1
2026-08-12T13:25,2026-08-12,13,27,92.507,0.0,idle,27.919,4000.0,432.686,rule_based_v1
2026-08-12T13:30,2026-08-12,13,28,92.507,0.0,idle,27.922,4000.0,432.686,rule_based_v1
2026-08-12T13:35,2026-08-12,13,28,92.507,0.0,idle,27.925,4000.0,432.686,rule_based_v1
2026-08-12T13:40,2026-08-12,13,28,92.507,0.0,idle,27.927,4000.0,432.686,rule_based_v1
2026-08-12T13:45,2026-08-12,13,28,92.507,0.0,idle,27.928,4000.0,432.686,rule_based_v1
2026-08-12T13:50,2026-08-12,13,28,92.507,0.0,idle,27.929,4000.0,432.686,rule_based_v1
2026-08-12T13:55,2026-08-12,13,28,92.507,0.0,idle,27.93,4000.0,432.686,rule_based_v1
2026-08-12T14:00,2026-08-12,14,29,92.507,0.0,idle,27.93,4000.0,432.686,rule_based_v1
2026-08-12T14:05,2026-08-12,14,29,92.507,0.0,idle,27.93,4000.0,432.686,rule_based_v1
2026-08-12T14:10,2026-08-12,14,29,92.507,0.0,idle,27.93,4000.0,432.686,rule_based_v1
2026-08-12T14:15,2026-08-12,14,29,92.507,0.0,idle,27.929,4000.0,432.686,rule_based_v1
2026-08-12T14:20,2026-08-12,14,29,92.507,0.0,idle,27.929,4000.0,432.686,rule_based_v1
2026-08-12T14:25,2026-08-12,14,29,92.507,0.0,idle,27.928,4000.0,432.686,rule_based_v1
2026-08-12T14:30,2026-08-12,14,30,92.507,0.0,idle,27.927,4000.0,432.686,rule_based_v1
2026-08-12T14:35,2026-08-12,14,30,92.507,0.0,idle,27.926,4000.0,432.686,rule_based_v1
2026-08-12T14:40,2026-08-12,14,30,92.507,0.0,idle,27.925,4000.0,432.686,rule_based_v1
2026-08-12T14:45,2026-08-12,14,30,92.507,0.0,idle,27.924,4000.0,432.686,rule_based_v1
2026-08-12T14:50,2026-08-12,14,30,92.507,0.0,idle,27.922,4000.0,432.686,rule_based_v1
2026-08-12T14:55,2026-08-12,14,30,92.507,0.0,idle,27.92,4000.0,432.686,rule_based_v1
2026-08-12T15:00,2026-08-12,15,31,92.507,91.516,discharge,28.028,4000.0,432.686,rule_based_v1
2026-08-12T15:05,2026-08-12,15,31,92.403,91.516,discharge,28.026,4000.0,450.629,rule_based_v1
2026-08-12T15:10,2026-08-12,15,31,92.3,91.516,discharge,28.024,4000.0,468.571,rule_based_v1
2026-08-12T15:15,2026-08-12,15,31,92.196,91.516,discharge,28.022,4000.0,486.514,rule_based_v1
2026-08-12T15:20,2026-08-12,15,31,92.093,91.516,discharge,28.019,4000.0,504.456,rule_based_v1
2026-08-12T15:25,2026-08-12,15,31,91.99,91.516,discharge,28.016,4000.0,522.399,rule_based_v1
2026-08-12T15:30,2026-08-12,15,32,91.886,260.321,discharge,28.216,4000.0,540.341,rule_based_v1
2026-08-12T15:35,2026-08-12,15,32,91.592,260.321,discharge,28.213,4000.0,591.379,rule_based_v1
2026-08-12T15:40,2026-08-12,15,32,91.298,260.321,discharge,28.21,4000.0,642.418,rule_based_v1
2026-08-12T15:45,2026-08-12,15,32,91.004,260.321,discharge,28.207,4000.0,693.456,rule_based_v1
2026-08-12T15:50,2026-08-12,15,32,90.71,260.321,discharge,28.203,4000.0,744.494,rule_based_v1
2026-08-12T15:55,2026-08-12,15,32,90.416,260.321,discharge,28.2,4000.0,795.532,rule_based_v1
2026-08-12T16:00,2026-08-12,16,33,90.122,190.144,discharge,28.112,4000.0,846.571,rule_based_v1
2026-08-12T16:05,2026-08-12,16,33,89.907,190.144,discharge,28.108,4000.0,883.85,rule_based_v1
2026-08-12T16:10,2026-08-12,16,33,89.692,190.144,discharge,28.104,4000.0,921.129,rule_based_v1
2026-08-12T16:15,2026-08-12,16,33,89.477,190.144,discharge,28.1,4000.0,958.409,rule_based_v1
2026-08-12T16:20,2026-08-12,16,33,89.262,190.144,discharge,28.095,4000.0,995.688,rule_based_v1
2026-08-12T16:25,2026-08-12,16,33,89.048,190.144,discharge,28.091,4000.0,1032.968,rule_based_v1
2026-08-12T16:30,2026-08-12,16,34,88.833,316.543,discharge,28.238,4000.0,1070.247,rule_based_v1
2026-08-12T16:35,2026-08-12,16,34,88.475,316.543,discharge,28.233,4000.0,1132.308,rule_based_v1
2026-08-12T16:40,2026-08-12,16,34,88.117,316.543,discharge,28.228,4000.0,1194.369,rule_based_v1
2026-08-12T16:45,2026-08-12,16,34,87.76,316.543,discharge,28.223,4000.0,1256.431,rule_based_v1
2026-08-12T16:50,2026-08-12,16,34,87.402,316.543,discharge,28.218,4000.0,1318.492,rule_based_v1
2026-08-12T16:55,2026-08-12,16,34,87.045,316.543,discharge,28.212,4000.0,1380.553,rule_based_v1
2026-08-12T17:00,2026-08-12,17,35,86.687,0.0,idle,27.827,4000.0,1442.614,rule_based_v1
2026-08-12T17:05,2026-08-12,17,35,86.687,0.0,idle,27.821,4000.0,1442.614,rule_based_v1
2026-08-12T17:10,2026-08-12,17,35,86.687,0.0,idle,27.816,4000.0,1442.614,rule_based_v1
2026-08-12T17:15,2026-08-12,17,35,86.687,0.0,idle,27.81,4000.0,1442.614,rule_based_v1
2026-08-12T17:20,2026-08-12,17,35,86.687,0.0,idle,27.804,4000.0,1442.614,rule_based_v1
2026-08-12T17:25,2026-08-12,17,35,86.687,0.0,idle,27.798,4000.0,1442.614,rule_based_v1
2026-08-12T17:30,2026-08-12,17,36,86.687,0.0,idle,27.792,4000.0,1442.614,rule_based_v1
2026-08-12T17:35,2026-08-12,17,36,86.687,0.0,idle,27.785,4000.0,1442.614,rule_based_v1
2026-08-12T17:40,2026-08-12,17,36,86.687,0.0,idle,27.779,4000.0,1442.614,rule_based_v1
2026-08-12T17:45,2026-08-12,17,36,86.687,0.0,idle,27.772,4000.0,1442.614,rule_based_v1
2026-08-12T17:50,2026-08-12,17,36,86.687,0.0,idle,27.765,4000.0,1442.614,rule_based_v1
2026-08-12T17:55,2026-08-12,17,36,86.687,0.0,idle,27.758,4000.0,1442.614,rule_based_v1
2026-08-12T18:00,2026-08-12,18,37,86.687,0.0,idle,27.752,4000.0,1442.614,rule_based_v1
2026-08-12T18:05,2026-08-12,18,37,86.687,0.0,idle,27.744,4000.0,1442.614,rule_based_v1
2026-08-12T18:10,2026-08-12,18,37,86.687,0.0,idle,27.737,4000.0,1442.614,rule_based_v1
2026-08-12T18:15,2026-08-12,18,37,86.687,0.0,idle,27.73,4000.0,1442.614,rule_based_v1
2026-08-12T18:20,2026-08-12,18,37,86.687,0.0,idle,27.723,4000.0,1442.614,rule_based_v1
2026-08-12T18:25,2026-08-12,18,37,86.687,0.0,idle,27.715,4000.0,1442.614,rule_based_v1
2026-08-12T18:30,2026-08-12,18,38,86.687,298.198,discharge,28.065,4000.0,1442.614,rule_based_v1
2026-08-12T18:35,2026-08-12,18,38,86.35,298.198,discharge,28.058,4000.0,1501.079,rule_based_v1
2026-08-12T18:40,2026-08-12,18,38,86.013,298.198,discharge,28.05,4000.0,1559.543,rule_based_v1
2026-08-12T18:45,2026-08-12,18,38,85.676,298.198,discharge,28.042,4000.0,1618.007,rule_based_v1
2026-08-12T18:50,2026-08-12,18,38,85.339,298.198,discharge,28.034,4000.0,1676.472,rule_based_v1
2026-08-12T18:55,2026-08-12,18,38,85.002,298.198,discharge,28.026,4000.0,1734.936,rule_based_v1
2026-08-12T19:00,2026-08-12,19,39,84.666,732.933,discharge,28.54,4000.0,1793.4,rule_based_v1
2026-08-12T19:05,2026-08-12,19,39,83.837,732.933,discharge,28.532,4000.0,1937.098,rule_based_v1
2026-08-12T19:10,2026-08-12,19,39,83.009,732.933,discharge,28.523,4000.0,2080.797,rule_based_v1
2026-08-12T19:15,2026-08-12,19,39,82.181,732.933,discharge,28.515,4000.0,2224.495,rule_based_v1
2026-08-12T19:20,2026-08-12,19,39,81.353,732.933,discharge,28.506,4000.0,2368.193,rule_based_v1
2026-08-12T19:25,2026-08-12,19,39,80.525,732.933,discharge,28.498,4000.0,2511.891,rule_based_v1
2026-08-12T19:30,2026-08-12,19,40,79.697,632.247,discharge,28.369,4000.0,2655.589,rule_based_v1
2026-08-12T19:35,2026-08-12,19,40,78.983,632.247,discharge,28.36,4000.0,2779.547,rule_based_v1
2026-08-12T19:40,2026-08-12,19,40,78.269,632.247,discharge,28.351,4000.0,2903.505,rule_based_v1
2026-08-12T19:45,2026-08-12,19,40,77.554,632.247,discharge,28.342,4000.0,3027.462,rule_based_v1
2026-08-12T19:50,2026-08-12,19,40,76.84,632.247,discharge,28.334,4000.0,3151.42,rule_based_v1
2026-08-12T19:55,2026-08-12,19,40,76.126,632.247,discharge,28.325,4000.0,3275.378,rule_based_v1
2026-08-12T20:00,2026-08-12,20,41,75.411,0.0,idle,27.557,4000.0,3399.335,rule_based_v1
2026-08-12T20:05,2026-08-12,20,41,75.411,0.0,idle,27.548,4000.0,3399.335,rule_based_v1
2026-08-12T20:10,2026-08-12,20,41,75.411,0.0,idle,27.539,4000.0,3399.335,rule_based_v1
2026-08-12T20:15,2026-08-12,20,41,75.411,0.0,idle,27.53,4000.0,3399.335,rule_based_v1
2026-08-12T20:20,2026-08-12,20,41,75.411,0.0,idle,27.521,4000.0,3399.335,rule_based_v1
2026-08-12T20:25,2026-08-12,20,41,75.411,0.0,idle,27.512,4000.0,3399.335,rule_based_v1
2026-08-12T20:30,2026-08-12,20,42,75.411,0.0,idle,27.502,4000.0,3399.335,rule_based_v1
2026-08-12T20:35,2026-08-12,20,42,75.411,0.0,idle,27.493,4000.0,3399.335,rule_based_v1
2026-08-12T20:40,2026-08-12,20,42,75.411,0.0,idle,27.484,4000.0,3399.335,rule_based_v1
2026-08-12T20:45,2026-08-12,20,42,75.411,0.0,idle,27.475,4000.0,3399.335,rule_based_v1
2026-08-12T20:50,2026-08-12,20,42,75.411,0.0,idle,27.465,4000.0,3399.335,rule_based_v1
2026-08-12T20:55,2026-08-12,20,42,75.411,0.0,idle,27.456,4000.0,3399.335,rule_based_v1
2026-08-12T21:00,2026-08-12,21,43,75.411,0.0,idle,27.447,4000.0,3399.335,rule_based_v1
2026-08-12T21:05,2026-08-12,21,43,75.411,0.0,idle,27.437,4000.0,3399.335,rule_based_v1
2026-08-12T21:10,2026-08-12,21,43,75.411,0.0,idle,27.428,4000.0,3399.335,rule_based_v1
2026-08-12T21:15,2026-08-12,21,43,75.411,0.0,idle,27.418,4000.0,3399.335,rule_based_v1
2026-08-12T21:20,2026-08-12,21,43,75.411,0.0,idle,27.409,4000.0,3399.335,rule_based_v1
2026-08-12T21:25,2026-08-12,21,43,75.411,0.0,idle,27.4,4000.0,3399.335,rule_based_v1
2026-08-12T21:30,2026-08-12,21,44,75.411,0.0,idle,27.39,4000.0,3399.335,rule_based_v1
2026-08-12T21:35,2026-08-12,21,44,75.411,0.0,idle,27.381,4000.0,3399.335,rule_based_v1
2026-08-12T21:40,2026-08-12,21,44,75.411,0.0,idle,27.371,4000.0,3399.335,rule_based_v1
2026-08-12T21:45,2026-08-12,21,44,75.411,0.0,idle,27.362,4000.0,3399.335,rule_based_v1
2026-08-12T21:50,2026-08-12,21,44,75.411,0.0,idle,27.353,4000.0,3399.335,rule_based_v1
2026-08-12T21:55,2026-08-12,21,44,75.411,0.0,idle,27.343,4000.0,3399.335,rule_based_v1
2026-08-12T22:00,2026-08-12,22,45,75.411,0.0,idle,27.334,4000.0,3399.335,rule_based_v1
2026-08-12T22:05,2026-08-12,22,45,75.411,0.0,idle,27.324,4000.0,3399.335,rule_based_v1
2026-08-12T22:10,2026-08-12,22,45,75.411,0.0,idle,27.315,4000.0,3399.335,rule_based_v1
2026-08-12T22:15,2026-08-12,22,45,75.411,0.0,idle,27.306,4000.0,3399.335,rule_based_v1
2026-08-12T22:20,2026-08-12,22,45,75.411,0.0,idle,27.296,4000.0,3399.335,rule_based_v1
2026-08-12T22:25,2026-08-12,22,45,75.411,0.0,idle,27.287,4000.0,3399.335,rule_based_v1
2026-08-12T22:30,2026-08-12,22,46,75.411,0.0,idle,27.278,4000.0,3399.335,rule_based_v1
2026-08-12T22:35,2026-08-12,22,46,75.411,0.0,idle,27.269,4000.0,3399.335,rule_based_v1
2026-08-12T22:40,2026-08-12,22,46,75.411,0.0,idle,27.26,4000.0,3399.335,rule_based_v1
2026-08-12T22:45,2026-08-12,22,46,75.411,0.0,idle,27.25,4000.0,3399.335,rule_based_v1
2026-08-12T22:50,2026-08-12,22,46,75.411,0.0,idle,27.241,4000.0,3399.335,rule_based_v1
2026-08-12T22:55,2026-08-12,22,46,75.411,0.0,idle,27.232,4000.0,3399.335,rule_based_v1
2026-08-12T23:00,2026-08-12,23,47,75.411,0.0,idle,27.223,4000.0,3399.335,rule_based_v1
2026-08-12T23:05,2026-08-12,23,47,75.411,0.0,idle,27.214,4000.0,3399.335,rule_based_v1
2026-08-12T23:10,2026-08-12,23,47,75.411,0.0,idle,27.206,4000.0,3399.335,rule_based_v1
2026-08-12T23:15,2026-08-12,23,47,75.411,0.0,idle,27.197,4000.0,3399.335,rule_based_v1
2026-08-12T23:20,2026-08-12,23,47,75.411,0.0,idle,27.188,4000.0,3399.335,rule_based_v1
2026-08-12T23:25,2026-08-12,23,47,75.411,0.0,idle,27.179,4000.0,3399.335,rule_based_v1
2026-08-12T23:30,2026-08-12,23,48,75.411,0.0,idle,27.171,4000.0,3399.335,rule_based_v1
2026-08-12T23:35,2026-08-12,23,48,75.411,0.0,idle,27.162,4000.0,3399.335,rule_based_v1
2026-08-12T23:40,2026-08-12,23,48,75.411,0.0,idle,27.153,4000.0,3399.335,rule_based_v1
2026-08-12T23:45,2026-08-12,23,48,75.411,0.0,idle,27.145,4000.0,3399.335,rule_based_v1
2026-08-12T23:50,2026-08-12,23,48,75.411,0.0,idle,27.137,4000.0,3399.335,rule_based_v1
2026-08-12T23:55,2026-08-12,23,48,75.411,0.0,idle,27.128,4000.0,3399.335,rule_based_v1
2026-08-13T00:00,2026-08-13,0,1,75.411,0.0,idle,27.12,4000.0,3399.335,rule_based_v1
2026-08-13T00:05,2026-08-13,0,1,75.411,0.0,idle,27.112,4000.0,3399.335,rule_based_v1
2026-08-13T00:10,2026-08-13,0,1,75.411,0.0,idle,27.104,4000.0,3399.335,rule_based_v1
2026-08-13T00:15,2026-08-13,0,1,75.411,0.0,idle,27.096,4000.0,3399.335,rule_based_v1
2026-08-13T00:20,2026-08-13,0,1,75.411,0.0,idle,27.088,4000.0,3399.335,rule_based_v1
2026-08-13T00:25,2026-08-13,0,1,75.411,0.0,idle,27.08,4000.0,3399.335,rule_based_v1
2026-08-13T00:30,2026-08-13,0,2,75.411,0.0,idle,27.073,4000.0,3399.335,rule_based_v1
2026-08-13T00:35,2026-08-13,0,2,75.411,0.0,idle,27.065,4000.0,3399.335,rule_based_v1
2026-08-13T00:40,2026-08-13,0,2,75.411,0.0,idle,27.058,4000.0,3399.335,rule_based_v1
2026-08-13T00:45,2026-08-13,0,2,75.411,0.0,idle,27.05,4000.0,3399.335,rule_based_v1
2026-08-13T00:50,2026-08-13,0,2,75.411,0.0,idle,27.043,4000.0,3399.335,rule_based_v1
2026-08-13T00:55,2026-08-13,0,2,75.411,0.0,idle,27.036,4000.0,3399.335,rule_based_v1
2026-08-13T01:00,2026-08-13,1,3,75.411,-900.0,charge,28.109,4000.0,3399.335,rule_based_v1
2026-08-13T01:05,2026-08-13,1,3,76.276,-900.0,charge,28.102,4000.0,3249.335,rule_based_v1
2026-08-13T01:10,2026-08-13,1,3,77.14,-900.0,charge,28.095,4000.0,3099.335,rule_based_v1
2026-08-13T01:15,2026-08-13,1,3,78.004,-900.0,charge,28.088,4000.0,2949.335,rule_based_v1
2026-08-13T01:20,2026-08-13,1,3,78.869,-900.0,charge,28.082,4000.0,2799.335,rule_based_v1
2026-08-13T01:25,2026-08-13,1,3,79.733,-900.0,charge,28.075,4000.0,2649.335,rule_based_v1
2026-08-13T01:30,2026-08-13,1,4,80.598,-900.0,charge,28.069,4000.0,2499.335,rule_based_v1
2026-08-13T01:35,2026-08-13,1,4,81.462,-900.0,charge,28.063,4000.0,2349.335,rule_based_v1
2026-08-13T01:40,2026-08-13,1,4,82.326,-900.0,charge,28.057,4000.0,2199.335,rule_based_v1
2026-08-13T01:45,2026-08-13,1,4,83.191,-900.0,charge,28.051,4000.0,2049.335,rule_based_v1
2026-08-13T01:50,2026-08-13,1,4,84.055,-900.0,charge,28.045,4000.0,1899.335,rule_based_v1
2026-08-13T01:55,2026-08-13,1,4,84.919,-900.0,charge,28.039,4000.0,1749.335,rule_based_v1
2026-08-13T02:00,2026-08-13,2,5,85.784,-900.0,charge,28.033,4000.0,1599.335,rule_based_v1
2026-08-13T02:05,2026-08-13,2,5,86.648,-900.0,charge,28.028,4000.0,1449.335,rule_based_v1
2026-08-13T02:10,2026-08-13,2,5,87.513,-900.0,charge,28.023,4000.0,1299.335,rule_based_v1
2026-08-13T02:15,2026-08-13,2,5,88.377,-900.0,charge,28.017,4000.0,1149.335,rule_based_v1
2026-08-13T02:20,2026-08-13,2,5,89.241,-900.0,charge,28.012,4000.0,999.335,rule_based_v1
2026-08-13T02:25,2026-08-13,2,5,90.106,-900.0,charge,28.007,4000.0,849.335,rule_based_v1
2026-08-13T02:30,2026-08-13,2,6,90.97,0.0,idle,26.923,4000.0,699.335,rule_based_v1
2026-08-13T02:35,2026-08-13,2,6,90.97,0.0,idle,26.918,4000.0,699.335,rule_based_v1
2026-08-13T02:40,2026-08-13,2,6,90.97,0.0,idle,26.913,4000.0,699.335,rule_based_v1
2026-08-13T02:45,2026-08-13,2,6,90.97,0.0,idle,26.909,4000.0,699.335,rule_based_v1
2026-08-13T02:50,2026-08-13,2,6,90.97,0.0,idle,26.905,4000.0,699.335,rule_based_v1
2026-08-13T02:55,2026-08-13,2,6,90.97,0.0,idle,26.901,4000.0,699.335,rule_based_v1
2026-08-13T03:00,2026-08-13,3,7,90.97,0.0,idle,26.897,4000.0,699.335,rule_based_v1
2026-08-13T03:05,2026-08-13,3,7,90.97,0.0,idle,26.893,4000.0,699.335,rule_based_v1
2026-08-13T03:10,2026-08-13,3,7,90.97,0.0,idle,26.89,4000.0,699.335,rule_based_v1
2026-08-13T03:15,2026-08-13,3,7,90.97,0.0,idle,26.886,4000.0,699.335,rule_based_v1
2026-08-13T03:20,2026-08-13,3,7,90.97,0.0,idle,26.883,4000.0,699.335,rule_based_v1
2026-08-13T03:25,2026-08-13,3,7,90.97,0.0,idle,26.88,4000.0,699.335,rule_based_v1
2026-08-13T03:30,2026-08-13,3,8,90.97,0.0,idle,26.877,4000.0,699.335,rule_based_v1
2026-08-13T03:35,2026-08-13,3,8,90.97,0.0,idle,26.874,4000.0,699.335,rule_based_v1
2026-08-13T03:40,2026-08-13,3,8,90.97,0.0,idle,26.871,4000.0,699.335,rule_based_v1
2026-08-13T03:45,2026-08-13,3,8,90.97,0.0,idle,26.869,4000.0,699.335,rule_based_v1
2026-08-13T03:50,2026-08-13,3,8,90.97,0.0,idle,26.866,4000.0,699.335,rule_based_v1
2026-08-13T03:55,2026-08-13,3,8,90.97,0.0,idle,26.864,4000.0,699.335,rule_based_v1
2026-08-13T04:00,2026-08-13,4,9,90.97,0.0,idle,26.862,4000.0,699.335,rule_based_v1
2026-08-13T04:05,2026-08-13,4,9,90.97,0.0,idle,26.86,4000.0,699.335,rule_based_v1
2026-08-13T04:10,2026-08-13,4,9,90.97,0.0,idle,26.858,4000.0,699.335,rule_based_v1
2026-08-13T04:15,2026-08-13,4,9,90.97,0.0,idle,26.857,4000.0,699.335,rule_based_v1
2026-08-13T04:20,2026-08-13,4,9,90.97,0.0,idle,26.855,4000.0,699.335,rule_based_v1
2026-08-13T04:25,2026-08-13,4,9,90.97,0.0,idle,26.854,4000.0,699.335,rule_based_v1
2026-08-13T04:30,2026-08-13,4,10,90.97,0.0,idle,26.853,4000.0,699.335,rule_based_v1
2026-08-13T04:35,2026-08-13,4,10,90.97,0.0,idle,26.852,4000.0,699.335,rule_based_v1
2026-08-13T04:40,2026-08-13,4,10,90.97,0.0,idle,26.852,4000.0,699.335,rule_based_v1
2026-08-13T04:45,2026-08-13,4,10,90.97,0.0,idle,26.851,4000.0,699.335,rule_based_v1
2026-08-13T04:50,2026-08-13,4,10,90.97,0.0,idle,26.851,4000.0,699.335,rule_based_v1
2026-08-13T04:55,2026-08-13,4,10,90.97,0.0,idle,26.85,4000.0,699.335,rule_based_v1
2026-08-13T05:00,2026-08-13,5,11,90.97,0.0,idle,26.856,4000.0,699.335,rule_based_v1
2026-08-13T05:05,2026-08-13,5,11,90.97,0.0,idle,26.857,4000.0,699.335,rule_based_v1
2026-08-13T05:10,2026-08-13,5,11,90.97,0.0,idle,26.857,4000.0,699.335,rule_based_v1
2026-08-13T05:15,2026-08-13,5,11,90.97,0.0,idle,26.859,4000.0,699.335,rule_based_v1
2026-08-13T05:20,2026-08-13,5,11,90.97,0.0,idle,26.86,4000.0,699.335,rule_based_v1
2026-08-13T05:25,2026-08-13,5,11,90.97,0.0,idle,26.862,4000.0,699.335,rule_based_v1
2026-08-13T05:30,2026-08-13,5,12,90.97,0.0,idle,26.865,4000.0,699.335,rule_based_v1
2026-08-13T05:35,2026-08-13,5,12,90.97,0.0,idle,26.868,4000.0,699.335,rule_based_v1
2026-08-13T05:40,2026-08-13,5,12,90.97,0.0,idle,26.871,4000.0,699.335,rule_based_v1
2026-08-13T05:45,2026-08-13,5,12,90.97,0.0,idle,26.875,4000.0,699.335,rule_based_v1
2026-08-13T05:50,2026-08-13,5,12,90.97,0.0,idle,26.879,4000.0,699.335,rule_based_v1
2026-08-13T05:55,2026-08-13,5,12,90.97,0.0,idle,26.884,4000.0,699.335,rule_based_v1
2026-08-13T06:00,2026-08-13,6,13,90.97,0.0,idle,26.889,4000.0,699.335,rule_based_v1
2026-08-13T06:05,2026-08-13,6,13,90.97,0.0,idle,26.895,4000.0,699.335,rule_based_v1
2026-08-13T06:10,2026-08-13,6,13,90.97,0.0,idle,26.901,4000.0,699.335,rule_based_v1
2026-08-13T06:15,2026-08-13,6,13,90.97,0.0,idle,26.907,4000.0,699.335,rule_based_v1
2026-08-13T06:20,2026-08-13,6,13,90.97,0.0,idle,26.914,4000.0,699.335,rule_based_v1
2026-08-13T06:25,2026-08-13,6,13,90.97,0.0,idle,26.921,4000.0,699.335,rule_based_v1
2026-08-13T06:30,2026-08-13,6,14,90.97,0.0,idle,26.929,4000.0,699.335,rule_based_v1
2026-08-13T06:35,2026-08-13,6,14,90.97,0.0,idle,26.937,4000.0,699.335,rule_based_v1
2026-08-13T06:40,2026-08-13,6,14,90.97,0.0,idle,26.945,4000.0,699.335,rule_based_v1
2026-08-13T06:45,2026-08-13,6,14,90.97,0.0,idle,26.954,4000.0,699.335,rule_based_v1
2026-08-13T06:50,2026-08-13,6,14,90.97,0.0,idle,26.963,4000.0,699.335,rule_based_v1
2026-08-13T06:55,2026-08-13,6,14,90.97,0.0,idle,26.973,4000.0,699.335,rule_based_v1
2026-08-13T07:00,2026-08-13,7,15,90.97,0.0,idle,26.983,4000.0,699.335,rule_based_v1
2026-08-13T07:05,2026-08-13,7,15,90.97,0.0,idle,26.993,4000.0,699.335,rule_based_v1
2026-08-13T07:10,2026-08-13,7,15,90.97,0.0,idle,27.004,4000.0,699.335,rule_based_v1
2026-08-13T07:15,2026-08-13,7,15,90.97,0.0,idle,27.015,4000.0,699.335,rule_based_v1
2026-08-13T07:20,2026-08-13,7,15,90.97,0.0,idle,27.026,4000.0,699.335,rule_based_v1
2026-08-13T07:25,2026-08-13,7,15,90.97,0.0,idle,27.037,4000.0,699.335,rule_based_v1
2026-08-13T07:30,2026-08-13,7,16,90.97,0.0,idle,27.049,4000.0,699.335,rule_based_v1
2026-08-13T07:35,2026-08-13,7,16,90.97,0.0,idle,27.062,4000.0,699.335,rule_based_v1
2026-08-13T07:40,2026-08-13,7,16,90.97,0.0,idle,27.074,4000.0,699.335,rule_based_v1
2026-08-13T07:45,2026-08-13,7,16,90.97,0.0,idle,27.087,4000.0,699.335,rule_based_v1
2026-08-13T07:50,2026-08-13,7,16,90.97,0.0,idle,27.1,4000.0,699.335,rule_based_v1
2026-08-13T07:55,2026-08-13,7,16,90.97,0.0,idle,27.113,4000.0,699.335,rule_based_v1
2026-08-13T08:00,2026-08-13,8,17,90.97,0.0,idle,27.126,4000.0,699.335,rule_based_v1
2026-08-13T08:05,2026-08-13,8,17,90.97,0.0,idle,27.14,4000.0,699.335,rule_based_v1
2026-08-13T08:10,2026-08-13,8,17,90.97,0.0,idle,27.154,4000.0,699.335,rule_based_v1
2026-08-13T08:15,2026-08-13,8,17,90.97,0.0,idle,27.168,4000.0,699.335,rule_based_v1
2026-08-13T08:20,2026-08-13,8,17,90.97,0.0,idle,27.183,4000.0,699.335,rule_based_v1
2026-08-13T08:25,2026-08-13,8,17,90.97,0.0,idle,27.197,4000.0,699.335,rule_based_v1
2026-08-13T08:30,2026-08-13,8,18,90.97,0.0,idle,27.212,4000.0,699.335,rule_based_v1
2026-08-13T08:35,2026-08-13,8,18,90.97,0.0,idle,27.227,4000.0,699.335,rule_based_v1
2026-08-13T08:40,2026-08-13,8,18,90.97,0.0,idle,27.242,4000.0,699.335,rule_based_v1
2026-08-13T08:45,2026-08-13,8,18,90.97,0.0,idle,27.257,4000.0,699.335,rule_based_v1
2026-08-13T08:50,2026-08-13,8,18,90.97,0.0,idle,27.272,4000.0,699.335,rule_based_v1
2026-08-13T08:55,2026-08-13,8,18,90.97,0.0,idle,27.287,4000.0,699.335,rule_based_v1
2026-08-13T09:00,2026-08-13,9,19,90.97,0.0,idle,27.303,4000.0,699.335,rule_based_v1
2026-08-13T09:05,2026-08-13,9,19,90.97,0.0,idle,27.318,4000.0,699.335,rule_based_v1
2026-08-13T09:10,2026-08-13,9,19,90.97,0.0,idle,27.334,4000.0,699.335,rule_based_v1
2026-08-13T09:15,2026-08-13,9,19,90.97,0.0,idle,27.349,4000.0,699.335,rule_based_v1
2026-08-13T09:20,2026-08-13,9,19,90.97,0.0,idle,27.365,4000.0,699.335,rule_based_v1
2026-08-13T09:25,2026-08-13,9,19,90.97,0.0,idle,27.381,4000.0,699.335,rule_based_v1
2026-08-13T09:30,2026-08-13,9,20,90.97,0.0,idle,27.396,4000.0,699.335,rule_based_v1
2026-08-13T09:35,2026-08-13,9,20,90.97,0.0,idle,27.412,4000.0,699.335,rule_based_v1
2026-08-13T09:40,2026-08-13,9,20,90.97,0.0,idle,27.428,4000.0,699.335,rule_based_v1
2026-08-13T09:45,2026-08-13,9,20,90.97,0.0,idle,27.444,4000.0,699.335,rule_based_v1
2026-08-13T09:50,2026-08-13,9,20,90.97,0.0,idle,27.459,4000.0,699.335,rule_based_v1
2026-08-13T09:55,2026-08-13,9,20,90.97,0.0,idle,27.475,4000.0,699.335,rule_based_v1
2026-08-13T10:00,2026-08-13,10,21,90.97,0.0,idle,27.49,4000.0,699.335,rule_based_v1
2026-08-13T10:05,2026-08-13,10,21,90.97,0.0,idle,27.506,4000.0,699.335,rule_based_v1
2026-08-13T10:10,2026-08-13,10,21,90.97,0.0,idle,27.521,4000.0,699.335,rule_based_v1
2026-08-13T10:15,2026-08-13,10,21,90.97,0.0,idle,27.536,4000.0,699.335,rule_based_v1
2026-08-13T10:20,2026-08-13,10,21,90.97,0.0,idle,27.551,4000.0,699.335,rule_based_v1
2026-08-13T10:25,2026-08-13,10,21,90.97,0.0,idle,27.566,4000.0,699.335,rule_based_v1
2026-08-13T10:30,2026-08-13,10,22,90.97,0.0,idle,27.581,4000.0,699.335,rule_based_v1
2026-08-13T10:35,2026-08-13,10,22,90.97,0.0,idle,27.596,4000.0,699.335,rule_based_v1
2026-08-13T10:40,2026-08-13,10,22,90.97,0.0,idle,27.61,4000.0,699.335,rule_based_v1
2026-08-13T10:45,2026-08-13,10,22,90.97,0.0,idle,27.625,4000.0,699.335,rule_based_v1
2026-08-13T10:50,2026-08-13,10,22,90.97,0.0,idle,27.639,4000.0,699.335,rule_based_v1
2026-08-13T10:55,2026-08-13,10,22,90.97,0.0,idle,27.653,4000.0,699.335,rule_based_v1
2026-08-13T11:00,2026-08-13,11,23,90.97,0.0,idle,27.666,4000.0,699.335,rule_based_v1
2026-08-13T11:05,2026-08-13,11,23,90.97,0.0,idle,27.68,4000.0,699.335,rule_based_v1
2026-08-13T11:10,2026-08-13,11,23,90.97,0.0,idle,27.693,4000.0,699.335,rule_based_v1
2026-08-13T11:15,2026-08-13,11,23,90.97,0.0,idle,27.706,4000.0,699.335,rule_based_v1
2026-08-13T11:20,2026-08-13,11,23,90.97,0.0,idle,27.719,4000.0,699.335,rule_based_v1
2026-08-13T11:25,2026-08-13,11,23,90.97,0.0,idle,27.731,4000.0,699.335,rule_based_v1
2026-08-13T11:30,2026-08-13,11,24,90.97,0.0,idle,27.744,4000.0,699.335,rule_based_v1
2026-08-13T11:35,2026-08-13,11,24,90.97,0.0,idle,27.755,4000.0,699.335,rule_based_v1
2026-08-13T11:40,2026-08-13,11,24,90.97,0.0,idle,27.767,4000.0,699.335,rule_based_v1
2026-08-13T11:45,2026-08-13,11,24,90.97,0.0,idle,27.778,4000.0,699.335,rule_based_v1
2026-08-13T11:50,2026-08-13,11,24,90.97,0.0,idle,27.789,4000.0,699.335,rule_based_v1
2026-08-13T11:55,2026-08-13,11,24,90.97,0.0,idle,27.8,4000.0,699.335,rule_based_v1
2026-08-13T12:00,2026-08-13,12,25,90.97,0.0,idle,27.81,4000.0,699.335,rule_based_v1
2026-08-13T12:05,2026-08-13,12,25,90.97,0.0,idle,27.82,4000.0,699.335,rule_based_v1
2026-08-13T12:10,2026-08-13,12,25,90.97,0.0,idle,27.83,4000.0,699.335,rule_based_v1
2026-08-13T12:15,2026-08-13,12,25,90.97,0.0,idle,27.839,4000.0,699.335,rule_based_v1
2026-08-13T12:20,2026-08-13,12,25,90.97,0.0,idle,27.848,4000.0,699.335,rule_based_v1
2026-08-13T12:25,2026-08-13,12,25,90.97,0.0,idle,27.856,4000.0,699.335,rule_based_v1
2026-08-13T12:30,2026-08-13,12,26,90.97,0.0,idle,27.864,4000.0,699.335,rule_based_v1
2026-08-13T12:35,2026-08-13,12,26,90.97,0.0,idle,27.872,4000.0,699.335,rule_based_v1
2026-08-13T12:40,2026-08-13,12,26,90.97,0.0,idle,27.879,4000.0,699.335,rule_based_v1
2026-08-13T12:45,2026-08-13,12,26,90.97,0.0,idle,27.886,4000.0,699.335,rule_based_v1
2026-08-13T12:50,2026-08-13,12,26,90.97,0.0,idle,27.892,4000.0,699.335,rule_based_v1
2026-08-13T12:55,2026-08-13,12,26,90.97,0.0,idle,27.898,4000.0,699.335,rule_based_v1
2026-08-13T13:00,2026-08-13,13,27,90.97,0.0,idle,27.904,4000.0,699.335,rule_based_v1
2026-08-13T13:05,2026-08-13,13,27,90.97,0.0,idle,27.909,4000.0,699.335,rule_based_v1
2026-08-13T13:10,2026-08-13,13,27,90.97,0.0,idle,27.914,4000.0,699.335,rule_based_v1
2026-08-13T13:15,2026-08-13,13,27,90.97,0.0,idle,27.918,4000.0,699.335,rule_based_v1
2026-08-13T13:20,2026-08-13,13,27,90.97,0.0,idle,27.922,4000.0,699.335,rule_based_v1
2026-08-13T13:25,2026-08-13,13,27,90.97,0.0,idle,27.925,4000.0,699.335,rule_based_v1
2026-08-13T13:30,2026-08-13,13,28,90.97,0.0,idle,27.928,4000.0,699.335,rule_based_v1
2026-08-13T13:35,2026-08-13,13,28,90.97,0.0,idle,27.931,4000.0,699.335,rule_based_v1
2026-08-13T13:40,2026-08-13,13,28,90.97,0.0,idle,27.933,4000.0,699.335,rule_based_v1
2026-08-13T13:45,2026-08-13,13,28,90.97,0.0,idle,27.934,4000.0,699.335,rule_based_v1
2026-08-13T13:50,2026-08-13,13,28,90.97,0.0,idle,27.936,4000.0,699.335,rule_based_v1
2026-08-13T13:55,2026-08-13,13,28,90.97,0.0,idle,27.936,4000.0,699.335,rule_based_v1
2026-08-13T14:00,2026-08-13,14,29,90.97,0.0,idle,27.936,4000.0,699.335,rule_based_v1
2026-08-13T14:05,2026-08-13,14,29,90.97,0.0,idle,27.936,4000.0,699.335,rule_based_v1
2026-08-13T14:10,2026-08-13,14,29,90.97,0.0,idle,27.936,4000.0,699.335,rule_based_v1
2026-08-13T14:15,2026-08-13,14,29,90.97,0.0,idle,27.936,4000.0,699.335,rule_based_v1
2026-08-13T14:20,2026-08-13,14,29,90.97,0.0,idle,27.935,4000.0,699.335,rule_based_v1
2026-08-13T14:25,2026-08-13,14,29,90.97,0.0,idle,27.934,4000.0,699.335,rule_based_v1
2026-08-13T14:30,2026-08-13,14,30,90.97,0.0,idle,27.933,4000.0,699.335,rule_based_v1
2026-08-13T14:35,2026-08-13,14,30,90.97,0.0,idle,27.932,4000.0,699.335,rule_based_v1
2026-08-13T14:40,2026-08-13,14,30,90.97,0.0,idle,27.931,4000.0,699.335,rule_based_v1
2026-08-13T14:45,2026-08-13,14,30,90.97,0.0,idle,27.93,4000.0,699.335,rule_based_v1
2026-08-13T14:50,2026-08-13,14,30,90.97,0.0,idle,27.928,4000.0,699.335,rule_based_v1
2026-08-13T14:55,2026-08-13,14,30,90.97,0.0,idle,27.927,4000.0,699.335,rule_based_v1
2026-08-13T15:00,2026-08-13,15,31,90.97,0.0,idle,27.925,4000.0,699.335,rule_based_v1
2026-08-13T15:05,2026-08-13,15,31,90.97,0.0,idle,27.923,4000.0,699.335,rule_based_v1
2026-08-13T15:10,2026-08-13,15,31,90.97,0.0,idle,27.92,4000.0,699.335,rule_based_v1
2026-08-13T15:15,2026-08-13,15,31,90.97,0.0,idle,27.918,4000.0,699.335,rule_based_v1
2026-08-13T15:20,2026-08-13,15,31,90.97,0.0,idle,27.916,4000.0,699.335,rule_based_v1
2026-08-13T15:25,2026-08-13,15,31,90.97,0.0,idle,27.913,4000.0,699.335,rule_based_v1
2026-08-13T15:30,2026-08-13,15,32,90.97,0.0,idle,27.91,4000.0,699.335,rule_based_v1
2026-08-13T15:35,2026-08-13,15,32,90.97,0.0,idle,27.907,4000.0,699.335,rule_based_v1
2026-08-13T15:40,2026-08-13,15,32,90.97,0.0,idle,27.904,4000.0,699.335,rule_based_v1
2026-08-13T15:45,2026-08-13,15,32,90.97,0.0,idle,27.901,4000.0,699.335,rule_based_v1
2026-08-13T15:50,2026-08-13,15,32,90.97,0.0,idle,27.897,4000.0,699.335,rule_based_v1
2026-08-13T15:55,2026-08-13,15,32,90.97,0.0,idle,27.894,4000.0,699.335,rule_based_v1
2026-08-13T16:00,2026-08-13,16,33,90.97,0.0,idle,27.89,4000.0,699.335,rule_based_v1
2026-08-13T16:05,2026-08-13,16,33,90.97,0.0,idle,27.886,4000.0,699.335,rule_based_v1
2026-08-13T16:10,2026-08-13,16,33,90.97,0.0,idle,27.882,4000.0,699.335,rule_based_v1
2026-08-13T16:15,2026-08-13,16,33,90.97,0.0,idle,27.878,4000.0,699.335,rule_based_v1
2026-08-13T16:20,2026-08-13,16,33,90.97,0.0,idle,27.873,4000.0,699.335,rule_based_v1
2026-08-13T16:25,2026-08-13,16,33,90.97,0.0,idle,27.869,4000.0,699.335,rule_based_v1
2026-08-13T16:30,2026-08-13,16,34,90.97,0.0,idle,27.864,4000.0,699.335,rule_based_v1
2026-08-13T16:35,2026-08-13,16,34,90.97,0.0,idle,27.859,4000.0,699.335,rule_based_v1
2026-08-13T16:40,2026-08-13,16,34,90.97,0.0,idle,27.854,4000.0,699.335,rule_based_v1
2026-08-13T16:45,2026-08-13,16,34,90.97,0.0,idle,27.849,4000.0,699.335,rule_based_v1
2026-08-13T16:50,2026-08-13,16,34,90.97,0.0,idle,27.844,4000.0,699.335,rule_based_v1
2026-08-13T16:55,2026-08-13,16,34,90.97,0.0,idle,27.839,4000.0,699.335,rule_based_v1
2026-08-13T17:00,2026-08-13,17,35,90.97,0.0,idle,27.833,4000.0,699.335,rule_based_v1
2026-08-13T17:05,2026-08-13,17,35,90.97,0.0,idle,27.828,4000.0,699.335,rule_based_v1
2026-08-13T17:10,2026-08-13,17,35,90.97,0.0,idle,27.822,4000.0,699.335,rule_based_v1
2026-08-13T17:15,2026-08-13,17,35,90.97,0.0,idle,27.816,4000.0,699.335,rule_based_v1
2026-08-13T17:20,2026-08-13,17,35,90.97,0.0,idle,27.81,4000.0,699.335,rule_based_v1
2026-08-13T17:25,2026-08-13,17,35,90.97,0.0,idle,27.804,4000.0,699.335,rule_based_v1
2026-08-13T17:30,2026-08-13,17,36,90.97,0.0,idle,27.798,4000.0,699.335,rule_based_v1
2026-08-13T17:35,2026-08-13,17,36,90.97,0.0,idle,27.791,4000.0,699.335,rule_based_v1
2026-08-13T17:40,2026-08-13,17,36,90.97,0.0,idle,27.785,4000.0,699.335,rule_based_v1
2026-08-13T17:45,2026-08-13,17,36,90.97,0.0,idle,27.778,4000.0,699.335,rule_based_v1
2026-08-13T17:50,2026-08-13,17,36,90.97,0.0,idle,27.772,4000.0,699.335,rule_based_v1
2026-08-13T17:55,2026-08-13,17,36,90.97,0.0,idle,27.765,4000.0,699.335,rule_based_v1
2026-08-13T18:00,2026-08-13,18,37,90.97,0.0,idle,27.758,4000.0,699.335,rule_based_v1
2026-08-13T18:05,2026-08-13,18,37,90.97,0.0,idle,27.751,4000.0,699.335,rule_based_v1
2026-08-13T18:10,2026-08-13,18,37,90.97,0.0,idle,27.744,4000.0,699.335,rule_based_v1
2026-08-13T18:15,2026-08-13,18,37,90.97,0.0,idle,27.736,4000.0,699.335,rule_based_v1
2026-08-13T18:20,2026-08-13,18,37,90.97,0.0,idle,27.729,4000.0,699.335,rule_based_v1
2026-08-13T18:25,2026-08-13,18,37,90.97,0.0,idle,27.721,4000.0,699.335,rule_based_v1
2026-08-13T18:30,2026-08-13,18,38,90.97,0.0,idle,27.714,4000.0,699.335,rule_based_v1
2026-08-13T18:35,2026-08-13,18,38,90.97,0.0,idle,27.706,4000.0,699.335,rule_based_v1
2026-08-13T18:40,2026-08-13,18,38,90.97,0.0,idle,27.698,4000.0,699.335,rule_based_v1
2026-08-13T18:45,2026-08-13,18,38,90.97,0.0,idle,27.691,4000.0,699.335,rule_based_v1
2026-08-13T18:50,2026-08-13,18,38,90.97,0.0,idle,27.683,4000.0,699.335,rule_based_v1
2026-08-13T18:55,2026-08-13,18,38,90.97,0.0,idle,27.675,4000.0,699.335,rule_based_v1
2026-08-13T19:00,2026-08-13,19,39,90.97,0.0,idle,27.666,4000.0,699.335,rule_based_v1
2026-08-13T19:05,2026-08-13,19,39,90.97,0.0,idle,27.658,4000.0,699.335,rule_based_v1
2026-08-13T19:10,2026-08-13,19,39,90.97,0.0,idle,27.65,4000.0,699.335,rule_based_v1
2026-08-13T19:15,2026-08-13,19,39,90.97,0.0,idle,27.642,4000.0,699.335,rule_based_v1
2026-08-13T19:20,2026-08-13,19,39,90.97,0.0,idle,27.633,4000.0,699.335,rule_based_v1
2026-08-13T19:25,2026-08-13,19,39,90.97,0.0,idle,27.625,4000.0,699.335,rule_based_v1
2026-08-13T19:30,2026-08-13,19,40,90.97,0.0,idle,27.616,4000.0,699.335,rule_based_v1
2026-08-13T19:35,2026-08-13,19,40,90.97,0.0,idle,27.607,4000.0,699.335,rule_based_v1
2026-08-13T19:40,2026-08-13,19,40,90.97,0.0,idle,27.599,4000.0,699.335,rule_based_v1
2026-08-13T19:45,2026-08-13,19,40,90.97,0.0,idle,27.59,4000.0,699.335,rule_based_v1
2026-08-13T19:50,2026-08-13,19,40,90.97,0.0,idle,27.581,4000.0,699.335,rule_based_v1
2026-08-13T19:55,2026-08-13,19,40,90.97,0.0,idle,27.572,4000.0,699.335,rule_based_v1
2026-08-13T20:00,2026-08-13,20,41,90.97,0.0,idle,27.563,4000.0,699.335,rule_based_v1
2026-08-13T20:05,2026-08-13,20,41,90.97,0.0,idle,27.554,4000.0,699.335,rule_based_v1
2026-08-13T20:10,2026-08-13,20,41,90.97,0.0,idle,27.545,4000.0,699.335,rule_based_v1
2026-08-13T20:15,2026-08-13,20,41,90.97,0.0,idle,27.536,4000.0,699.335,rule_based_v1
2026-08-13T20:20,2026-08-13,20,41,90.97,0.0,idle,27.527,4000.0,699.335,rule_based_v1
2026-08-13T20:25,2026-08-13,20,41,90.97,0.0,idle,27.518,4000.0,699.335,rule_based_v1
2026-08-13T20:30,2026-08-13,20,42,90.97,0.0,idle,27.509,4000.0,699.335,rule_based_v1
2026-08-13T20:35,2026-08-13,20,42,90.97,0.0,idle,27.499,4000.0,699.335,rule_based_v1
2026-08-13T20:40,2026-08-13,20,42,90.97,0.0,idle,27.49,4000.0,699.335,rule_based_v1
2026-08-13T20:45,2026-08-13,20,42,90.97,0.0,idle,27.481,4000.0,699.335,rule_based_v1
2026-08-13T20:50,2026-08-13,20,42,90.97,0.0,idle,27.472,4000.0,699.335,rule_based_v1
2026-08-13T20:55,2026-08-13,20,42,90.97,0.0,idle,27.462,4000.0,699.335,rule_based_v1
2026-08-13T21:00,2026-08-13,21,43,90.97,0.0,idle,27.453,4000.0,699.335,rule_based_v1
2026-08-13T21:05,2026-08-13,21,43,90.97,0.0,idle,27.444,4000.0,699.335,rule_based_v1
2026-08-13T21:10,2026-08-13,21,43,90.97,0.0,idle,27.434,4000.0,699.335,rule_based_v1
2026-08-13T21:15,2026-08-13,21,43,90.97,0.0,idle,27.425,4000.0,699.335,rule_based_v1
2026-08-13T21:20,2026-08-13,21,43,90.97,0.0,idle,27.415,4000.0,699.335,rule_based_v1
2026-08-13T21:25,2026-08-13,21,43,90.97,0.0,idle,27.406,4000.0,699.335,rule_based_v1
2026-08-13T21:30,2026-08-13,21,44,90.97,0.0,idle,27.396,4000.0,699.335,rule_based_v1
2026-08-13T21:35,2026-08-13,21,44,90.97,0.0,idle,27.387,4000.0,699.335,rule_based_v1
2026-08-13T21:40,2026-08-13,21,44,90.97,0.0,idle,27.378,4000.0,699.335,rule_based_v1
2026-08-13T21:45,2026-08-13,21,44,90.97,0.0,idle,27.368,4000.0,699.335,rule_based_v1
2026-08-13T21:50,2026-08-13,21,44,90.97,0.0,idle,27.359,4000.0,699.335,rule_based_v1
2026-08-13T21:55,2026-08-13,21,44,90.97,0.0,idle,27.349,4000.0,699.335,rule_based_v1
2026-08-13T22:00,2026-08-13,22,45,90.97,0.0,idle,27.34,4000.0,699.335,rule_based_v1
2026-08-13T22:05,2026-08-13,22,45,90.97,0.0,idle,27.331,4000.0,699.335,rule_based_v1
2026-08-13T22:10,2026-08-13,22,45,90.97,0.0,idle,27.321,4000.0,699.335,rule_based_v1
2026-08-13T22:15,2026-08-13,22,45,90.97,0.0,idle,27.312,4000.0,699.335,rule_based_v1
2026-08-13T22:20,2026-08-13,22,45,90.97,0.0,idle,27.303,4000.0,699.335,rule_based_v1
2026-08-13T22:25,2026-08-13,22,45,90.97,0.0,idle,27.293,4000.0,699.335,rule_based_v1
2026-08-13T22:30,2026-08-13,22,46,90.97,0.0,idle,27.284,4000.0,699.335,rule_based_v1
2026-08-13T22:35,2026-08-13,22,46,90.97,0.0,idle,27.275,4000.0,699.335,rule_based_v1
2026-08-13T22:40,2026-08-13,22,46,90.97,0.0,idle,27.266,4000.0,699.335,rule_based_v1
2026-08-13T22:45,2026-08-13,22,46,90.97,0.0,idle,27.257,4000.0,699.335,rule_based_v1
2026-08-13T22:50,2026-08-13,22,46,90.97,0.0,idle,27.248,4000.0,699.335,rule_based_v1
2026-08-13T22:55,2026-08-13,22,46,90.97,0.0,idle,27.239,4000.0,699.335,rule_based_v1
2026-08-13T23:00,2026-08-13,23,47,90.97,0.0,idle,27.23,4000.0,699.335,rule_based_v1
2026-08-13T23:05,2026-08-13,23,47,90.97,0.0,idle,27.221,4000.0,699.335,rule_based_v1
2026-08-13T23:10,2026-08-13,23,47,90.97,0.0,idle,27.212,4000.0,699.335,rule_based_v1
2026-08-13T23:15,2026-08-13,23,47,90.97,0.0,idle,27.203,4000.0,699.335,rule_based_v1
2026-08-13T23:20,2026-08-13,23,47,90.97,0.0,idle,27.194,4000.0,699.335,rule_based_v1
2026-08-13T23:25,2026-08-13,23,47,90.97,0.0,idle,27.185,4000.0,699.335,rule_based_v1
2026-08-13T23:30,2026-08-13,23,48,90.97,0.0,idle,27.177,4000.0,699.335,rule_based_v1
2026-08-13T23:35,2026-08-13,23,48,90.97,0.0,idle,27.168,4000.0,699.335,rule_based_v1
2026-08-13T23:40,2026-08-13,23,48,90.97,0.0,idle,27.16,4000.0,699.335,rule_based_v1
2026-08-13T23:45,2026-08-13,23,48,90.97,0.0,idle,27.151,4000.0,699.335,rule_based_v1
2026-08-13T23:50,2026-08-13,23,48,90.97,0.0,idle,27.143,4000.0,699.335,rule_based_v1
2026-08-13T23:55,2026-08-13,23,48,90.97,0.0,idle,27.135,4000.0,699.335,rule_based_v1
2026-08-14T00:00,2026-08-14,0,1,90.97,0.0,idle,27.126,4000.0,699.335,rule_based_v1
2026-08-14T00:05,2026-08-14,0,1,90.97,0.0,idle,27.118,4000.0,699.335,rule_based_v1
2026-08-14T00:10,2026-08-14,0,1,90.97,0.0,idle,27.11,4000.0,699.335,rule_based_v1
2026-08-14T00:15,2026-08-14,0,1,90.97,0.0,idle,27.102,4000.0,699.335,rule_based_v1
2026-08-14T00:20,2026-08-14,0,1,90.97,0.0,idle,27.094,4000.0,699.335,rule_based_v1
2026-08-14T00:25,2026-08-14,0,1,90.97,0.0,idle,27.087,4000.0,699.335,rule_based_v1
2026-08-14T00:30,2026-08-14,0,2,90.97,0.0,idle,27.079,4000.0,699.335,rule_based_v1
2026-08-14T00:35,2026-08-14,0,2,90.97,0.0,idle,27.071,4000.0,699.335,rule_based_v1
2026-08-14T00:40,2026-08-14,0,2,90.97,0.0,idle,27.064,4000.0,699.335,rule_based_v1
2026-08-14T00:45,2026-08-14,0,2,90.97,0.0,idle,27.057,4000.0,699.335,rule_based_v1
2026-08-14T00:50,2026-08-14,0,2,90.97,0.0,idle,27.049,4000.0,699.335,rule_based_v1
2026-08-14T00:55,2026-08-14,0,2,90.97,0.0,idle,27.042,4000.0,699.335,rule_based_v1
2026-08-14T01:00,2026-08-14,1,3,90.97,0.0,idle,27.035,4000.0,699.335,rule_based_v1
2026-08-14T01:05,2026-08-14,1,3,90.97,0.0,idle,27.028,4000.0,699.335,rule_based_v1
2026-08-14T01:10,2026-08-14,1,3,90.97,0.0,idle,27.021,4000.0,699.335,rule_based_v1
2026-08-14T01:15,2026-08-14,1,3,90.97,0.0,idle,27.015,4000.0,699.335,rule_based_v1
2026-08-14T01:20,2026-08-14,1,3,90.97,0.0,idle,27.008,4000.0,699.335,rule_based_v1
2026-08-14T01:25,2026-08-14,1,3,90.97,0.0,idle,27.002,4000.0,699.335,rule_based_v1
2026-08-14T01:30,2026-08-14,1,4,90.97,0.0,idle,26.995,4000.0,699.335,rule_based_v1
2026-08-14T01:35,2026-08-14,1,4,90.97,0.0,idle,26.989,4000.0,699.335,rule_based_v1
2026-08-14T01:40,2026-08-14,1,4,90.97,0.0,idle,26.983,4000.0,699.335,rule_based_v1
2026-08-14T01:45,2026-08-14,1,4,90.97,0.0,idle,26.977,4000.0,699.335,rule_based_v1
2026-08-14T01:50,2026-08-14,1,4,90.97,0.0,idle,26.971,4000.0,699.335,rule_based_v1
2026-08-14T01:55,2026-08-14,1,4,90.97,0.0,idle,26.965,4000.0,699.335,rule_based_v1
2026-08-14T02:00,2026-08-14,2,5,90.97,0.0,idle,26.96,4000.0,699.335,rule_based_v1
2026-08-14T02:05,2026-08-14,2,5,90.97,0.0,idle,26.954,4000.0,699.335,rule_based_v1
2026-08-14T02:10,2026-08-14,2,5,90.97,0.0,idle,26.949,4000.0,699.335,rule_based_v1
2026-08-14T02:15,2026-08-14,2,5,90.97,0.0,idle,26.944,4000.0,699.335,rule_based_v1
2026-08-14T02:20,2026-08-14,2,5,90.97,0.0,idle,26.939,4000.0,699.335,rule_based_v1
2026-08-14T02:25,2026-08-14,2,5,90.97,0.0,idle,26.934,4000.0,699.335,rule_based_v1
2026-08-14T02:30,2026-08-14,2,6,90.97,0.0,idle,26.929,4000.0,699.335,rule_based_v1
2026-08-14T02:35,2026-08-14,2,6,90.97,0.0,idle,26.924,4000.0,699.335,rule_based_v1
2026-08-14T02:40,2026-08-14,2,6,90.97,0.0,idle,26.92,4000.0,699.335,rule_based_v1
2026-08-14T02:45,2026-08-14,2,6,90.97,0.0,idle,26.915,4000.0,699.335,rule_based_v1
2026-08-14T02:50,2026-08-14,2,6,90.97,0.0,idle,26.911,4000.0,699.335,rule_based_v1
2026-08-14T02:55,2026-08-14,2,6,90.97,0.0,idle,26.907,4000.0,699.335,rule_based_v1
2026-08-14T03:00,2026-08-14,3,7,90.97,0.0,idle,26.903,4000.0,699.335,rule_based_v1
2026-08-14T03:05,2026-08-14,3,7,90.97,0.0,idle,26.899,4000.0,699.335,rule_based_v1
2026-08-14T03:10,2026-08-14,3,7,90.97,0.0,idle,26.896,4000.0,699.335,rule_based_v1
2026-08-14T03:15,2026-08-14,3,7,90.97,0.0,idle,26.892,4000.0,699.335,rule_based_v1
2026-08-14T03:20,2026-08-14,3,7,90.97,0.0,idle,26.889,4000.0,699.335,rule_based_v1
2026-08-14T03:25,2026-08-14,3,7,90.97,0.0,idle,26.886,4000.0,699.335,rule_based_v1
2026-08-14T03:30,2026-08-14,3,8,90.97,0.0,idle,26.883,4000.0,699.335,rule_based_v1
2026-08-14T03:35,2026-08-14,3,8,90.97,0.0,idle,26.88,4000.0,699.335,rule_based_v1
2026-08-14T03:40,2026-08-14,3,8,90.97,0.0,idle,26.877,4000.0,699.335,rule_based_v1
2026-08-14T03:45,2026-08-14,3,8,90.97,0.0,idle,26.875,4000.0,699.335,rule_based_v1
2026-08-14T03:50,2026-08-14,3,8,90.97,0.0,idle,26.872,4000.0,699.335,rule_based_v1
2026-08-14T03:55,2026-08-14,3,8,90.97,0.0,idle,26.87,4000.0,699.335,rule_based_v1
2026-08-14T04:00,2026-08-14,4,9,90.97,0.0,idle,26.868,4000.0,699.335,rule_based_v1
2026-08-14T04:05,2026-08-14,4,9,90.97,0.0,idle,26.866,4000.0,699.335,rule_based_v1
2026-08-14T04:10,2026-08-14,4,9,90.97,0.0,idle,26.865,4000.0,699.335,rule_based_v1
2026-08-14T04:15,2026-08-14,4,9,90.97,0.0,idle,26.863,4000.0,699.335,rule_based_v1
2026-08-14T04:20,2026-08-14,4,9,90.97,0.0,idle,26.862,4000.0,699.335,rule_based_v1
2026-08-14T04:25,2026-08-14,4,9,90.97,0.0,idle,26.86,4000.0,699.335,rule_based_v1
2026-08-14T04:30,2026-08-14,4,10,90.97,0.0,idle,26.859,4000.0,699.335,rule_based_v1
2026-08-14T04:35,2026-08-14,4,10,90.97,0.0,idle,26.859,4000.0,699.335,rule_based_v1
2026-08-14T04:40,2026-08-14,4,10,90.97,0.0,idle,26.858,4000.0,699.335,rule_based_v1
2026-08-14T04:45,2026-08-14,4,10,90.97,0.0,idle,26.857,4000.0,699.335,rule_based_v1
2026-08-14T04:50,2026-08-14,4,10,90.97,0.0,idle,26.857,4000.0,699.335,rule_based_v1
2026-08-14T04:55,2026-08-14,4,10,90.97,0.0,idle,26.857,4000.0,699.335,rule_based_v1
2026-08-14T05:00,2026-08-14,5,11,90.97,0.0,idle,27.033,4000.0,699.335,rule_based_v1
2026-08-14T05:05,2026-08-14,5,11,90.97,0.0,idle,27.034,4000.0,699.335,rule_based_v1
2026-08-14T05:10,2026-08-14,5,11,90.97,0.0,idle,27.034,4000.0,699.335,rule_based_v1
2026-08-14T05:15,2026-08-14,5,11,90.97,0.0,idle,27.035,4000.0,699.335,rule_based_v1
2026-08-14T05:20,2026-08-14,5,11,90.97,0.0,idle,27.037,4000.0,699.335,rule_based_v1
2026-08-14T05:25,2026-08-14,5,11,90.97,0.0,idle,27.039,4000.0,699.335,rule_based_v1
2026-08-14T05:30,2026-08-14,5,12,90.97,0.0,idle,27.042,4000.0,699.335,rule_based_v1
2026-08-14T05:35,2026-08-14,5,12,90.97,0.0,idle,27.044,4000.0,699.335,rule_based_v1
2026-08-14T05:40,2026-08-14,5,12,90.97,0.0,idle,27.048,4000.0,699.335,rule_based_v1
2026-08-14T05:45,2026-08-14,5,12,90.97,0.0,idle,27.052,4000.0,699.335,rule_based_v1
2026-08-14T05:50,2026-08-14,5,12,90.97,0.0,idle,27.056,4000.0,699.335,rule_based_v1
2026-08-14T05:55,2026-08-14,5,12,90.97,0.0,idle,27.061,4000.0,699.335,rule_based_v1
2026-08-14T06:00,2026-08-14,6,13,90.97,0.0,idle,27.066,4000.0,699.335,rule_based_v1
2026-08-14T06:05,2026-08-14,6,13,90.97,0.0,idle,27.071,4000.0,699.335,rule_based_v1
2026-08-14T06:10,2026-08-14,6,13,90.97,0.0,idle,27.077,4000.0,699.335,rule_based_v1
2026-08-14T06:15,2026-08-14,6,13,90.97,0.0,idle,27.084,4000.0,699.335,rule_based_v1
2026-08-14T06:20,2026-08-14,6,13,90.97,0.0,idle,27.091,4000.0,699.335,rule_based_v1
2026-08-14T06:25,2026-08-14,6,13,90.97,0.0,idle,27.098,4000.0,699.335,rule_based_v1
2026-08-14T06:30,2026-08-14,6,14,90.97,0.0,idle,27.106,4000.0,699.335,rule_based_v1
2026-08-14T06:35,2026-08-14,6,14,90.97,0.0,idle,27.114,4000.0,699.335,rule_based_v1
2026-08-14T06:40,2026-08-14,6,14,90.97,0.0,idle,27.122,4000.0,699.335,rule_based_v1
2026-08-14T06:45,2026-08-14,6,14,90.97,0.0,idle,27.131,4000.0,699.335,rule_based_v1
2026-08-14T06:50,2026-08-14,6,14,90.97,0.0,idle,27.14,4000.0,699.335,rule_based_v1
2026-08-14T06:55,2026-08-14,6,14,90.97,0.0,idle,27.15,4000.0,699.335,rule_based_v1
2026-08-14T07:00,2026-08-14,7,15,90.97,0.0,idle,27.16,4000.0,699.335,rule_based_v1
2026-08-14T07:05,2026-08-14,7,15,90.97,0.0,idle,27.17,4000.0,699.335,rule_based_v1
2026-08-14T07:10,2026-08-14,7,15,90.97,0.0,idle,27.181,4000.0,699.335,rule_based_v1
2026-08-14T07:15,2026-08-14,7,15,90.97,0.0,idle,27.191,4000.0,699.335,rule_based_v1
2026-08-14T07:20,2026-08-14,7,15,90.97,0.0,idle,27.203,4000.0,699.335,rule_based_v1
2026-08-14T07:25,2026-08-14,7,15,90.97,0.0,idle,27.214,4000.0,699.335,rule_based_v1
2026-08-14T07:30,2026-08-14,7,16,90.97,0.0,idle,27.226,4000.0,699.335,rule_based_v1
2026-08-14T07:35,2026-08-14,7,16,90.97,0.0,idle,27.238,4000.0,699.335,rule_based_v1
2026-08-14T07:40,2026-08-14,7,16,90.97,0.0,idle,27.251,4000.0,699.335,rule_based_v1
2026-08-14T07:45,2026-08-14,7,16,90.97,0.0,idle,27.264,4000.0,699.335,rule_based_v1
2026-08-14T07:50,2026-08-14,7,16,90.97,0.0,idle,27.277,4000.0,699.335,rule_based_v1
2026-08-14T07:55,2026-08-14,7,16,90.97,0.0,idle,27.29,4000.0,699.335,rule_based_v1
2026-08-14T08:00,2026-08-14,8,17,90.97,0.0,idle,27.303,4000.0,699.335,rule_based_v1
2026-08-14T08:05,2026-08-14,8,17,90.97,0.0,idle,27.317,4000.0,699.335,rule_based_v1
2026-08-14T08:10,2026-08-14,8,17,90.97,0.0,idle,27.331,4000.0,699.335,rule_based_v1
2026-08-14T08:15,2026-08-14,8,17,90.97,0.0,idle,27.345,4000.0,699.335,rule_based_v1
2026-08-14T08:20,2026-08-14,8,17,90.97,0.0,idle,27.359,4000.0,699.335,rule_based_v1
2026-08-14T08:25,2026-08-14,8,17,90.97,0.0,idle,27.374,4000.0,699.335,rule_based_v1
2026-08-14T08:30,2026-08-14,8,18,90.97,0.0,idle,27.389,4000.0,699.335,rule_based_v1
2026-08-14T08:35,2026-08-14,8,18,90.97,0.0,idle,27.403,4000.0,699.335,rule_based_v1
2026-08-14T08:40,2026-08-14,8,18,90.97,0.0,idle,27.418,4000.0,699.335,rule_based_v1
2026-08-14T08:45,2026-08-14,8,18,90.97,0.0,idle,27.434,4000.0,699.335,rule_based_v1
2026-08-14T08:50,2026-08-14,8,18,90.97,0.0,idle,27.449,4000.0,699.335,rule_based_v1
2026-08-14T08:55,2026-08-14,8,18,90.97,0.0,idle,27.464,4000.0,699.335,rule_based_v1
2026-08-14T09:00,2026-08-14,9,19,90.97,0.0,idle,27.48,4000.0,699.335,rule_based_v1
2026-08-14T09:05,2026-08-14,9,19,90.97,0.0,idle,27.495,4000.0,699.335,rule_based_v1
2026-08-14T09:10,2026-08-14,9,19,90.97,0.0,idle,27.511,4000.0,699.335,rule_based_v1
2026-08-14T09:15,2026-08-14,9,19,90.97,0.0,idle,27.526,4000.0,699.335,rule_based_v1
2026-08-14T09:20,2026-08-14,9,19,90.97,0.0,idle,27.542,4000.0,699.335,rule_based_v1
2026-08-14T09:25,2026-08-14,9,19,90.97,0.0,idle,27.558,4000.0,699.335,rule_based_v1
2026-08-14T09:30,2026-08-14,9,20,90.97,0.0,idle,27.573,4000.0,699.335,rule_based_v1
2026-08-14T09:35,2026-08-14,9,20,90.97,0.0,idle,27.589,4000.0,699.335,rule_based_v1
2026-08-14T09:40,2026-08-14,9,20,90.97,0.0,idle,27.605,4000.0,699.335,rule_based_v1
2026-08-14T09:45,2026-08-14,9,20,90.97,0.0,idle,27.62,4000.0,699.335,rule_based_v1
2026-08-14T09:50,2026-08-14,9,20,90.97,0.0,idle,27.636,4000.0,699.335,rule_based_v1
2026-08-14T09:55,2026-08-14,9,20,90.97,0.0,idle,27.652,4000.0,699.335,rule_based_v1
2026-08-14T10:00,2026-08-14,10,21,90.97,0.0,idle,27.667,4000.0,699.335,rule_based_v1
2026-08-14T10:05,2026-08-14,10,21,90.97,0.0,idle,27.683,4000.0,699.335,rule_based_v1
2026-08-14T10:10,2026-08-14,10,21,90.97,0.0,idle,27.698,4000.0,699.335,rule_based_v1
2026-08-14T10:15,2026-08-14,10,21,90.97,0.0,idle,27.713,4000.0,699.335,rule_based_v1
2026-08-14T10:20,2026-08-14,10,21,90.97,0.0,idle,27.728,4000.0,699.335,rule_based_v1
2026-08-14T10:25,2026-08-14,10,21,90.97,0.0,idle,27.743,4000.0,699.335,rule_based_v1
2026-08-14T10:30,2026-08-14,10,22,90.97,0.0,idle,27.758,4000.0,699.335,rule_based_v1
2026-08-14T10:35,2026-08-14,10,22,90.97,0.0,idle,27.773,4000.0,699.335,rule_based_v1
2026-08-14T10:40,2026-08-14,10,22,90.97,0.0,idle,27.787,4000.0,699.335,rule_based_v1
2026-08-14T10:45,2026-08-14,10,22,90.97,0.0,idle,27.802,4000.0,699.335,rule_based_v1
2026-08-14T10:50,2026-08-14,10,22,90.97,0.0,idle,27.816,4000.0,699.335,rule_based_v1
2026-08-14T10:55,2026-08-14,10,22,90.97,0.0,idle,27.83,4000.0,699.335,rule_based_v1
2026-08-14T11:00,2026-08-14,11,23,90.97,0.0,idle,27.843,4000.0,699.335,rule_based_v1
2026-08-14T11:05,2026-08-14,11,23,90.97,0.0,idle,27.857,4000.0,699.335,rule_based_v1
2026-08-14T11:10,2026-08-14,11,23,90.97,0.0,idle,27.87,4000.0,699.335,rule_based_v1
2026-08-14T11:15,2026-08-14,11,23,90.97,0.0,idle,27.883,4000.0,699.335,rule_based_v1
2026-08-14T11:20,2026-08-14,11,23,90.97,0.0,idle,27.896,4000.0,699.335,rule_based_v1
2026-08-14T11:25,2026-08-14,11,23,90.97,0.0,idle,27.908,4000.0,699.335,rule_based_v1
2026-08-14T11:30,2026-08-14,11,24,90.97,0.0,idle,27.92,4000.0,699.335,rule_based_v1
2026-08-14T11:35,2026-08-14,11,24,90.97,0.0,idle,27.932,4000.0,699.335,rule_based_v1
2026-08-14T11:40,2026-08-14,11,24,90.97,0.0,idle,27.944,4000.0,699.335,rule_based_v1
2026-08-14T11:45,2026-08-14,11,24,90.97,0.0,idle,27.955,4000.0,699.335,rule_based_v1
2026-08-14T11:50,2026-08-14,11,24,90.97,0.0,idle,27.966,4000.0,699.335,rule_based_v1
2026-08-14T11:55,2026-08-14,11,24,90.97,0.0,idle,27.977,4000.0,699.335,rule_based_v1
2026-08-14T12:00,2026-08-14,12,25,90.97,0.0,idle,27.987,4000.0,699.335,rule_based_v1
2026-08-14T12:05,2026-08-14,12,25,90.97,0.0,idle,27.997,4000.0,699.335,rule_based_v1
2026-08-14T12:10,2026-08-14,12,25,90.97,0.0,idle,28.006,4000.0,699.335,rule_based_v1
2026-08-14T12:15,2026-08-14,12,25,90.97,0.0,idle,28.016,4000.0,699.335,rule_based_v1
2026-08-14T12:20,2026-08-14,12,25,90.97,0.0,idle,28.024,4000.0,699.335,rule_based_v1
2026-08-14T12:25,2026-08-14,12,25,90.97,0.0,idle,28.033,4000.0,699.335,rule_based_v1
2026-08-14T12:30,2026-08-14,12,26,90.97,0.0,idle,28.041,4000.0,699.335,rule_based_v1
2026-08-14T12:35,2026-08-14,12,26,90.97,0.0,idle,28.049,4000.0,699.335,rule_based_v1
2026-08-14T12:40,2026-08-14,12,26,90.97,0.0,idle,28.056,4000.0,699.335,rule_based_v1
2026-08-14T12:45,2026-08-14,12,26,90.97,0.0,idle,28.063,4000.0,699.335,rule_based_v1
2026-08-14T12:50,2026-08-14,12,26,90.97,0.0,idle,28.069,4000.0,699.335,rule_based_v1
2026-08-14T12:55,2026-08-14,12,26,90.97,0.0,idle,28.075,4000.0,699.335,rule_based_v1
2026-08-14T13:00,2026-08-14,13,27,90.97,0.0,idle,28.081,4000.0,699.335,rule_based_v1
2026-08-14T13:05,2026-08-14,13,27,90.97,0.0,idle,28.086,4000.0,699.335,rule_based_v1
2026-08-14T13:10,2026-08-14,13,27,90.97,0.0,idle,28.091,4000.0,699.335,rule_based_v1
2026-08-14T13:15,2026-08-14,13,27,90.97,0.0,idle,28.095,4000.0,699.335,rule_based_v1
2026-08-14T13:20,2026-08-14,13,27,90.97,0.0,idle,28.099,4000.0,699.335,rule_based_v1
2026-08-14T13:25,2026-08-14,13,27,90.97,0.0,idle,28.102,4000.0,699.335,rule_based_v1
2026-08-14T13:30,2026-08-14,13,28,90.97,0.0,idle,28.105,4000.0,699.335,rule_based_v1
2026-08-14T13:35,2026-08-14,13,28,90.97,0.0,idle,28.108,4000.0,699.335,rule_based_v1
2026-08-14T13:40,2026-08-14,13,28,90.97,0.0,idle,28.11,4000.0,699.335,rule_based_v1
2026-08-14T13:45,2026-08-14,13,28,90.97,0.0,idle,28.111,4000.0,699.335,rule_based_v1
2026-08-14T13:50,2026-08-14,13,28,90.97,0.0,idle,28.112,4000.0,699.335,rule_based_v1
2026-08-14T13:55,2026-08-14,13,28,90.97,0.0,idle,28.113,4000.0,699.335,rule_based_v1
2026-08-14T14:00,2026-08-14,14,29,90.97,0.0,idle,28.113,4000.0,699.335,rule_based_v1
2026-08-14T14:05,2026-08-14,14,29,90.97,0.0,idle,28.113,4000.0,699.335,rule_based_v1
2026-08-14T14:10,2026-08-14,14,29,90.97,0.0,idle,28.113,4000.0,699.335,rule_based_v1
2026-08-14T14:15,2026-08-14,14,29,90.97,0.0,idle,28.113,4000.0,699.335,rule_based_v1
2026-08-14T14:20,2026-08-14,14,29,90.97,0.0,idle,28.112,4000.0,699.335,rule_based_v1
2026-08-14T14:25,2026-08-14,14,29,90.97,0.0,idle,28.111,4000.0,699.335,rule_based_v1
2026-08-14T14:30,2026-08-14,14,30,90.97,0.0,idle,28.11,4000.0,699.335,rule_based_v1
2026-08-14T14:35,2026-08-14,14,30,90.97,0.0,idle,28.109,4000.0,699.335,rule_based_v1
2026-08-14T14:40,2026-08-14,14,30,90.97,0.0,idle,28.108,4000.0,699.335,rule_based_v1
2026-08-14T14:45,2026-08-14,14,30,90.97,0.0,idle,28.107,4000.0,699.335,rule_based_v1
2026-08-14T14:50,2026-08-14,14,30,90.97,0.0,idle,28.105,4000.0,699.335,rule_based_v1
2026-08-14T14:55,2026-08-14,14,30,90.97,0.0,idle,28.103,4000.0,699.335,rule_based_v1
2026-08-14T15:00,2026-08-14,15,31,90.97,0.0,idle,28.102,4000.0,699.335,rule_based_v1
2026-08-14T15:05,2026-08-14,15,31,90.97,0.0,idle,28.099,4000.0,699.335,rule_based_v1
2026-08-14T15:10,2026-08-14,15,31,90.97,0.0,idle,28.097,4000.0,699.335,rule_based_v1
2026-08-14T15:15,2026-08-14,15,31,90.97,0.0,idle,28.095,4000.0,699.335,rule_based_v1
2026-08-14T15:20,2026-08-14,15,31,90.97,0.0,idle,28.092,4000.0,699.335,rule_based_v1
2026-08-14T15:25,2026-08-14,15,31,90.97,0.0,idle,28.09,4000.0,699.335,rule_based_v1
2026-08-14T15:30,2026-08-14,15,32,90.97,0.0,idle,28.087,4000.0,699.335,rule_based_v1
2026-08-14T15:35,2026-08-14,15,32,90.97,0.0,idle,28.084,4000.0,699.335,rule_based_v1
2026-08-14T15:40,2026-08-14,15,32,90.97,0.0,idle,28.081,4000.0,699.335,rule_based_v1
2026-08-14T15:45,2026-08-14,15,32,90.97,0.0,idle,28.077,4000.0,699.335,rule_based_v1
2026-08-14T15:50,2026-08-14,15,32,90.97,0.0,idle,28.074,4000.0,699.335,rule_based_v1
2026-08-14T15:55,2026-08-14,15,32,90.97,0.0,idle,28.07,4000.0,699.335,rule_based_v1
2026-08-14T16:00,2026-08-14,16,33,90.97,0.0,idle,28.067,4000.0,699.335,rule_based_v1
2026-08-14T16:05,2026-08-14,16,33,90.97,0.0,idle,28.063,4000.0,699.335,rule_based_v1
2026-08-14T16:10,2026-08-14,16,33,90.97,0.0,idle,28.059,4000.0,699.335,rule_based_v1
2026-08-14T16:15,2026-08-14,16,33,90.97,0.0,idle,28.054,4000.0,699.335,rule_based_v1
2026-08-14T16:20,2026-08-14,16,33,90.97,0.0,idle,28.05,4000.0,699.335,rule_based_v1
2026-08-14T16:25,2026-08-14,16,33,90.97,0.0,idle,28.046,4000.0,699.335,rule_based_v1
2026-08-14T16:30,2026-08-14,16,34,90.97,0.0,idle,28.041,4000.0,699.335,rule_based_v1
2026-08-14T16:35,2026-08-14,16,34,90.97,0.0,idle,28.036,4000.0,699.335,rule_based_v1
2026-08-14T16:40,2026-08-14,16,34,90.97,0.0,idle,28.031,4000.0,699.335,rule_based_v1
2026-08-14T16:45,2026-08-14,16,34,90.97,0.0,idle,28.026,4000.0,699.335,rule_based_v1
2026-08-14T16:50,2026-08-14,16,34,90.97,0.0,idle,28.021,4000.0,699.335,rule_based_v1
2026-08-14T16:55,2026-08-14,16,34,90.97,0.0,idle,28.016,4000.0,699.335,rule_based_v1
2026-08-14T17:00,2026-08-14,17,35,90.97,0.0,idle,28.01,4000.0,699.335,rule_based_v1
2026-08-14T17:05,2026-08-14,17,35,90.97,0.0,idle,28.005,4000.0,699.335,rule_based_v1
2026-08-14T17:10,2026-08-14,17,35,90.97,0.0,idle,27.999,4000.0,699.335,rule_based_v1
2026-08-14T17:15,2026-08-14,17,35,90.97,0.0,idle,27.993,4000.0,699.335,rule_based_v1
2026-08-14T17:20,2026-08-14,17,35,90.97,0.0,idle,27.987,4000.0,699.335,rule_based_v1
2026-08-14T17:25,2026-08-14,17,35,90.97,0.0,idle,27.981,4000.0,699.335,rule_based_v1
2026-08-14T17:30,2026-08-14,17,36,90.97,0.0,idle,27.975,4000.0,699.335,rule_based_v1
2026-08-14T17:35,2026-08-14,17,36,90.97,0.0,idle,27.968,4000.0,699.335,rule_based_v1
2026-08-14T17:40,2026-08-14,17,36,90.97,0.0,idle,27.962,4000.0,699.335,rule_based_v1
2026-08-14T17:45,2026-08-14,17,36,90.97,0.0,idle,27.955,4000.0,699.335,rule_based_v1
2026-08-14T17:50,2026-08-14,17,36,90.97,0.0,idle,27.948,4000.0,699.335,rule_based_v1
2026-08-14T17:55,2026-08-14,17,36,90.97,0.0,idle,27.942,4000.0,699.335,rule_based_v1
2026-08-14T18:00,2026-08-14,18,37,90.97,0.0,idle,27.935,4000.0,699.335,rule_based_v1
2026-08-14T18:05,2026-08-14,18,37,90.97,0.0,idle,27.928,4000.0,699.335,rule_based_v1
2026-08-14T18:10,2026-08-14,18,37,90.97,0.0,idle,27.92,4000.0,699.335,rule_based_v1
2026-08-14T18:15,2026-08-14,18,37,90.97,0.0,idle,27.913,4000.0,699.335,rule_based_v1
2026-08-14T18:20,2026-08-14,18,37,90.97,0.0,idle,27.906,4000.0,699.335,rule_based_v1
2026-08-14T18:25,2026-08-14,18,37,90.97,0.0,idle,27.898,4000.0,699.335,rule_based_v1
2026-08-14T18:30,2026-08-14,18,38,90.97,0.0,idle,27.891,4000.0,699.335,rule_based_v1
2026-08-14T18:35,2026-08-14,18,38,90.97,0.0,idle,27.883,4000.0,699.335,rule_based_v1
2026-08-14T18:40,2026-08-14,18,38,90.97,0.0,idle,27.875,4000.0,699.335,rule_based_v1
2026-08-14T18:45,2026-08-14,18,38,90.97,0.0,idle,27.867,4000.0,699.335,rule_based_v1
2026-08-14T18:50,2026-08-14,18,38,90.97,0.0,idle,27.859,4000.0,699.335,rule_based_v1
2026-08-14T18:55,2026-08-14,18,38,90.97,0.0,idle,27.851,4000.0,699.335,rule_based_v1
2026-08-14T19:00,2026-08-14,19,39,90.97,0.0,idle,27.843,4000.0,699.335,rule_based_v1
2026-08-14T19:05,2026-08-14,19,39,90.97,0.0,idle,27.835,4000.0,699.335,rule_based_v1
2026-08-14T19:10,2026-08-14,19,39,90.97,0.0,idle,27.827,4000.0,699.335,rule_based_v1
2026-08-14T19:15,2026-08-14,19,39,90.97,0.0,idle,27.818,4000.0,699.335,rule_based_v1
2026-08-14T19:20,2026-08-14,19,39,90.97,0.0,idle,27.81,4000.0,699.335,rule_based_v1
2026-08-14T19:25,2026-08-14,19,39,90.97,0.0,idle,27.802,4000.0,699.335,rule_based_v1
2026-08-14T19:30,2026-08-14,19,40,90.97,0.0,idle,27.793,4000.0,699.335,rule_based_v1
2026-08-14T19:35,2026-08-14,19,40,90.97,0.0,idle,27.784,4000.0,699.335,rule_based_v1
2026-08-14T19:40,2026-08-14,19,40,90.97,0.0,idle,27.776,4000.0,699.335,rule_based_v1
2026-08-14T19:45,2026-08-14,19,40,90.97,0.0,idle,27.767,4000.0,699.335,rule_based_v1
2026-08-14T19:50,2026-08-14,19,40,90.97,0.0,idle,27.758,4000.0,699.335,rule_based_v1
2026-08-14T19:55,2026-08-14,19,40,90.97,0.0,idle,27.749,4000.0,699.335,rule_based_v1
2026-08-14T20:00,2026-08-14,20,41,90.97,0.0,idle,27.74,4000.0,699.335,rule_based_v1
2026-08-14T20:05,2026-08-14,20,41,90.97,0.0,idle,27.731,4000.0,699.335,rule_based_v1
2026-08-14T20:10,2026-08-14,20,41,90.97,0.0,idle,27.722,4000.0,699.335,rule_based_v1
2026-08-14T20:15,2026-08-14,20,41,90.97,0.0,idle,27.713,4000.0,699.335,rule_based_v1
2026-08-14T20:20,2026-08-14,20,41,90.97,0.0,idle,27.704,4000.0,699.335,rule_based_v1
2026-08-14T20:25,2026-08-14,20,41,90.97,0.0,idle,27.695,4000.0,699.335,rule_based_v1
2026-08-14T20:30,2026-08-14,20,42,90.97,0.0,idle,27.686,4000.0,699.335,rule_based_v1
2026-08-14T20:35,2026-08-14,20,42,90.97,0.0,idle,27.676,4000.0,699.335,rule_based_v1
2026-08-14T20:40,2026-08-14,20,42,90.97,0.0,idle,27.667,4000.0,699.335,rule_based_v1
2026-08-14T20:45,2026-08-14,20,42,90.97,0.0,idle,27.658,4000.0,699.335,rule_based_v1
2026-08-14T20:50,2026-08-14,20,42,90.97,0.0,idle,27.648,4000.0,699.335,rule_based_v1
2026-08-14T20:55,2026-08-14,20,42,90.97,0.0,idle,27.639,4000.0,699.335,rule_based_v1
2026-08-14T21:00,2026-08-14,21,43,90.97,0.0,idle,27.63,4000.0,699.335,rule_based_v1
2026-08-14T21:05,2026-08-14,21,43,90.97,0.0,idle,27.62,4000.0,699.335,rule_based_v1
2026-08-14T21:10,2026-08-14,21,43,90.97,0.0,idle,27.611,4000.0,699.335,rule_based_v1
2026-08-14T21:15,2026-08-14,21,43,90.97,0.0,idle,27.602,4000.0,699.335,rule_based_v1
2026-08-14T21:20,2026-08-14,21,43,90.97,0.0,idle,27.592,4000.0,699.335,rule_based_v1
2026-08-14T21:25,2026-08-14,21,43,90.97,0.0,idle,27.583,4000.0,699.335,rule_based_v1
2026-08-14T21:30,2026-08-14,21,44,90.97,0.0,idle,27.573,4000.0,699.335,rule_based_v1
2026-08-14T21:35,2026-08-14,21,44,90.97,0.0,idle,27.564,4000.0,699.335,rule_based_v1
2026-08-14T21:40,2026-08-14,21,44,90.97,0.0,idle,27.554,4000.0,699.335,rule_based_v1
2026-08-14T21:45,2026-08-14,21,44,90.97,0.0,idle,27.545,4000.0,699.335,rule_based_v1
2026-08-14T21:50,2026-08-14,21,44,90.97,0.0,idle,27.536,4000.0,699.335,rule_based_v1
2026-08-14T21:55,2026-08-14,21,44,90.97,0.0,idle,27.526,4000.0,699.335,rule_based_v1
2026-08-14T22:00,2026-08-14,22,45,90.97,0.0,idle,27.517,4000.0,699.335,rule_based_v1
2026-08-14T22:05,2026-08-14,22,45,90.97,0.0,idle,27.507,4000.0,699.335,rule_based_v1
2026-08-14T22:10,2026-08-14,22,45,90.97,0.0,idle,27.498,4000.0,699.335,rule_based_v1
2026-08-14T22:15,2026-08-14,22,45,90.97,0.0,idle,27.489,4000.0,699.335,rule_based_v1
2026-08-14T22:20,2026-08-14,22,45,90.97,0.0,idle,27.48,4000.0,699.335,rule_based_v1
2026-08-14T22:25,2026-08-14,22,45,90.97,0.0,idle,27.47,4000.0,699.335,rule_based_v1
2026-08-14T22:30,2026-08-14,22,46,90.97,0.0,idle,27.461,4000.0,699.335,rule_based_v1
2026-08-14T22:35,2026-08-14,22,46,90.97,0.0,idle,27.452,4000.0,699.335,rule_based_v1
2026-08-14T22:40,2026-08-14,22,46,90.97,0.0,idle,27.443,4000.0,699.335,rule_based_v1
2026-08-14T22:45,2026-08-14,22,46,90.97,0.0,idle,27.434,4000.0,699.335,rule_based_v1
2026-08-14T22:50,2026-08-14,22,46,90.97,0.0,idle,27.424,4000.0,699.335,rule_based_v1
2026-08-14T22:55,2026-08-14,22,46,90.97,0.0,idle,27.415,4000.0,699.335,rule_based_v1
2026-08-14T23:00,2026-08-14,23,47,90.97,0.0,idle,27.406,4000.0,699.335,rule_based_v1
2026-08-14T23:05,2026-08-14,23,47,90.97,0.0,idle,27.397,4000.0,699.335,rule_based_v1
2026-08-14T23:10,2026-08-14,23,47,90.97,0.0,idle,27.389,4000.0,699.335,rule_based_v1
2026-08-14T23:15,2026-08-14,23,47,90.97,0.0,idle,27.38,4000.0,699.335,rule_based_v1
2026-08-14T23:20,2026-08-14,23,47,90.97,0.0,idle,27.371,4000.0,699.335,rule_based_v1
2026-08-14T23:25,2026-08-14,23,47,90.97,0.0,idle,27.362,4000.0,699.335,rule_based_v1
2026-08-14T23:30,2026-08-14,23,48,90.97,0.0,idle,27.354,4000.0,699.335,rule_based_v1
2026-08-14T23:35,2026-08-14,23,48,90.97,0.0,idle,27.345,4000.0,699.335,rule_based_v1
2026-08-14T23:40,2026-08-14,23,48,90.97,0.0,idle,27.337,4000.0,699.335,rule_based_v1
2026-08-14T23:45,2026-08-14,23,48,90.97,0.0,idle,27.328,4000.0,699.335,rule_based_v1
2026-08-14T23:50,2026-08-14,23,48,90.97,0.0,idle,27.32,4000.0,699.335,rule_based_v1
2026-08-14T23:55,2026-08-14,23,48,90.97,0.0,idle,27.312,4000.0,699.335,rule_based_v1
2026-08-15T00:00,2026-08-15,0,1,90.97,0.0,idle,27.303,4000.0,699.335,rule_based_v1
2026-08-15T00:05,2026-08-15,0,1,90.97,0.0,idle,27.295,4000.0,699.335,rule_based_v1
2026-08-15T00:10,2026-08-15,0,1,90.97,0.0,idle,27.287,4000.0,699.335,rule_based_v1
2026-08-15T00:15,2026-08-15,0,1,90.97,0.0,idle,27.279,4000.0,699.335,rule_based_v1
2026-08-15T00:20,2026-08-15,0,1,90.97,0.0,idle,27.271,4000.0,699.335,rule_based_v1
2026-08-15T00:25,2026-08-15,0,1,90.97,0.0,idle,27.264,4000.0,699.335,rule_based_v1
2026-08-15T00:30,2026-08-15,0,2,90.97,0.0,idle,27.256,4000.0,699.335,rule_based_v1
2026-08-15T00:35,2026-08-15,0,2,90.97,0.0,idle,27.248,4000.0,699.335,rule_based_v1
2026-08-15T00:40,2026-08-15,0,2,90.97,0.0,idle,27.241,4000.0,699.335,rule_based_v1
2026-08-15T00:45,2026-08-15,0,2,90.97,0.0,idle,27.233,4000.0,699.335,rule_based_v1
2026-08-15T00:50,2026-08-15,0,2,90.97,0.0,idle,27.226,4000.0,699.335,rule_based_v1
2026-08-15T00:55,2026-08-15,0,2,90.97,0.0,idle,27.219,4000.0,699.335,rule_based_v1
2026-08-15T01:00,2026-08-15,1,3,90.97,0.0,idle,27.212,4000.0,699.335,rule_based_v1
2026-08-15T01:05,2026-08-15,1,3,90.97,0.0,idle,27.205,4000.0,699.335,rule_based_v1
2026-08-15T01:10,2026-08-15,1,3,90.97,0.0,idle,27.198,4000.0,699.335,rule_based_v1
2026-08-15T01:15,2026-08-15,1,3,90.97,0.0,idle,27.191,4000.0,699.335,rule_based_v1
2026-08-15T01:20,2026-08-15,1,3,90.97,0.0,idle,27.185,4000.0,699.335,rule_based_v1
2026-08-15T01:25,2026-08-15,1,3,90.97,0.0,idle,27.178,4000.0,699.335,rule_based_v1
2026-08-15T01:30,2026-08-15,1,4,90.97,0.0,idle,27.172,4000.0,699.335,rule_based_v1
2026-08-15T01:35,2026-08-15,1,4,90.97,0.0,idle,27.166,4000.0,699.335,rule_based_v1
2026-08-15T01:40,2026-08-15,1,4,90.97,0.0,idle,27.16,4000.0,699.335,rule_based_v1
2026-08-15T01:45,2026-08-15,1,4,90.97,0.0,idle,27.154,4000.0,699.335,rule_based_v1
2026-08-15T01:50,2026-08-15,1,4,90.97,0.0,idle,27.148,4000.0,699.335,rule_based_v1
2026-08-15T01:55,2026-08-15,1,4,90.97,0.0,idle,27.142,4000.0,699.335,rule_based_v1
2026-08-15T02:00,2026-08-15,2,5,90.97,0.0,idle,27.136,4000.0,699.335,rule_based_v1
2026-08-15T02:05,2026-08-15,2,5,90.97,0.0,idle,27.131,4000.0,699.335,rule_based_v1
2026-08-15T02:10,2026-08-15,2,5,90.97,0.0,idle,27.126,4000.0,699.335,rule_based_v1
2026-08-15T02:15,2026-08-15,2,5,90.97,0.0,idle,27.12,4000.0,699.335,rule_based_v1
2026-08-15T02:20,2026-08-15,2,5,90.97,0.0,idle,27.115,4000.0,699.335,rule_based_v1
2026-08-15T02:25,2026-08-15,2,5,90.97,0.0,idle,27.11,4000.0,699.335,rule_based_v1
2026-08-15T02:30,2026-08-15,2,6,90.97,0.0,idle,27.106,4000.0,699.335,rule_based_v1
2026-08-15T02:35,2026-08-15,2,6,90.97,0.0,idle,27.101,4000.0,699.335,rule_based_v1
2026-08-15T02:40,2026-08-15,2,6,90.97,0.0,idle,27.097,4000.0,699.335,rule_based_v1
2026-08-15T02:45,2026-08-15,2,6,90.97,0.0,idle,27.092,4000.0,699.335,rule_based_v1
2026-08-15T02:50,2026-08-15,2,6,90.97,0.0,idle,27.088,4000.0,699.335,rule_based_v1
2026-08-15T02:55,2026-08-15,2,6,90.97,0.0,idle,27.084,4000.0,699.335,rule_based_v1
2026-08-15T03:00,2026-08-15,3,7,90.97,0.0,idle,27.08,4000.0,699.335,rule_based_v1
2026-08-15T03:05,2026-08-15,3,7,90.97,0.0,idle,27.076,4000.0,699.335,rule_based_v1
2026-08-15T03:10,2026-08-15,3,7,90.97,0.0,idle,27.073,4000.0,699.335,rule_based_v1
2026-08-15T03:15,2026-08-15,3,7,90.97,0.0,idle,27.069,4000.0,699.335,rule_based_v1
2026-08-15T03:20,2026-08-15,3,7,90.97,0.0,idle,27.066,4000.0,699.335,rule_based_v1
2026-08-15T03:25,2026-08-15,3,7,90.97,0.0,idle,27.063,4000.0,699.335,rule_based_v1
2026-08-15T03:30,2026-08-15,3,8,90.97,0.0,idle,27.06,4000.0,699.335,rule_based_v1
2026-08-15T03:35,2026-08-15,3,8,90.97,0.0,idle,27.057,4000.0,699.335,rule_based_v1
2026-08-15T03:40,2026-08-15,3,8,90.97,0.0,idle,27.054,4000.0,699.335,rule_based_v1
2026-08-15T03:45,2026-08-15,3,8,90.97,0.0,idle,27.052,4000.0,699.335,rule_based_v1
2026-08-15T03:50,2026-08-15,3,8,90.97,0.0,idle,27.049,4000.0,699.335,rule_based_v1
2026-08-15T03:55,2026-08-15,3,8,90.97,0.0,idle,27.047,4000.0,699.335,rule_based_v1
2026-08-15T04:00,2026-08-15,4,9,90.97,0.0,idle,27.045,4000.0,699.335,rule_based_v1
2026-08-15T04:05,2026-08-15,4,9,90.97,0.0,idle,27.043,4000.0,699.335,rule_based_v1
2026-08-15T04:10,2026-08-15,4,9,90.97,0.0,idle,27.042,4000.0,699.335,rule_based_v1
2026-08-15T04:15,2026-08-15,4,9,90.97,0.0,idle,27.04,4000.0,699.335,rule_based_v1
2026-08-15T04:20,2026-08-15,4,9,90.97,0.0,idle,27.039,4000.0,699.335,rule_based_v1
2026-08-15T04:25,2026-08-15,4,9,90.97,0.0,idle,27.037,4000.0,699.335,rule_based_v1
2026-08-15T04:30,2026-08-15,4,10,90.97,0.0,idle,27.036,4000.0,699.335,rule_based_v1
2026-08-15T04:35,2026-08-15,4,10,90.97,0.0,idle,27.035,4000.0,699.335,rule_based_v1
2026-08-15T04:40,2026-08-15,4,10,90.97,0.0,idle,27.035,4000.0,699.335,rule_based_v1
2026-08-15T04:45,2026-08-15,4,10,90.97,0.0,idle,27.034,4000.0,699.335,rule_based_v1
2026-08-15T04:50,2026-08-15,4,10,90.97,0.0,idle,27.034,4000.0,699.335,rule_based_v1
2026-08-15T04:55,2026-08-15,4,10,90.97,0.0,idle,27.033,4000.0,699.335,rule_based_v1
2026-08-15T05:00,2026-08-15,5,11,90.97,0.0,idle,26.938,4000.0,699.335,rule_based_v1
2026-08-15T05:05,2026-08-15,5,11,90.97,0.0,idle,26.938,4000.0,699.335,rule_based_v1
2026-08-15T05:10,2026-08-15,5,11,90.97,0.0,idle,26.939,4000.0,699.335,rule_based_v1
2026-08-15T05:15,2026-08-15,5,11,90.97,0.0,idle,26.94,4000.0,699.335,rule_based_v1
2026-08-15T05:20,2026-08-15,5,11,90.97,0.0,idle,26.942,4000.0,699.335,rule_based_v1
2026-08-15T05:25,2026-08-15,5,11,90.97,0.0,idle,26.944,4000.0,699.335,rule_based_v1
2026-08-15T05:30,2026-08-15,5,12,90.97,0.0,idle,26.946,4000.0,699.335,rule_based_v1
2026-08-15T05:35,2026-08-15,5,12,90.97,0.0,idle,26.949,4000.0,699.335,rule_based_v1
2026-08-15T05:40,2026-08-15,5,12,90.97,0.0,idle,26.952,4000.0,699.335,rule_based_v1
2026-08-15T05:45,2026-08-15,5,12,90.97,0.0,idle,26.956,4000.0,699.335,rule_based_v1
2026-08-15T05:50,2026-08-15,5,12,90.97,0.0,idle,26.961,4000.0,699.335,rule_based_v1
2026-08-15T05:55,2026-08-15,5,12,90.97,0.0,idle,26.965,4000.0,699.335,rule_based_v1
2026-08-15T06:00,2026-08-15,6,13,90.97,0.0,idle,26.97,4000.0,699.335,rule_based_v1
2026-08-15T06:05,2026-08-15,6,13,90.97,0.0,idle,26.976,4000.0,699.335,rule_based_v1
2026-08-15T06:10,2026-08-15,6,13,90.97,0.0,idle,26.982,4000.0,699.335,rule_based_v1
2026-08-15T06:15,2026-08-15,6,13,90.97,0.0,idle,26.988,4000.0,699.335,rule_based_v1
2026-08-15T06:20,2026-08-15,6,13,90.97,0.0,idle,26.995,4000.0,699.335,rule_based_v1
2026-08-15T06:25,2026-08-15,6,13,90.97,0.0,idle,27.003,4000.0,699.335,rule_based_v1
2026-08-15T06:30,2026-08-15,6,14,90.97,0.0,idle,27.01,4000.0,699.335,rule_based_v1
2026-08-15T06:35,2026-08-15,6,14,90.97,0.0,idle,27.018,4000.0,699.335,rule_based_v1
2026-08-15T06:40,2026-08-15,6,14,90.97,0.0,idle,27.027,4000.0,699.335,rule_based_v1
2026-08-15T06:45,2026-08-15,6,14,90.97,0.0,idle,27.036,4000.0,699.335,rule_based_v1
2026-08-15T06:50,2026-08-15,6,14,90.97,0.0,idle,27.045,4000.0,699.335,rule_based_v1
2026-08-15T06:55,2026-08-15,6,14,90.97,0.0,idle,27.054,4000.0,699.335,rule_based_v1
2026-08-15T07:00,2026-08-15,7,15,90.97,0.0,idle,27.064,4000.0,699.335,rule_based_v1
2026-08-15T07:05,2026-08-15,7,15,90.97,0.0,idle,27.074,4000.0,699.335,rule_based_v1
2026-08-15T07:10,2026-08-15,7,15,90.97,0.0,idle,27.085,4000.0,699.335,rule_based_v1
2026-08-15T07:15,2026-08-15,7,15,90.97,0.0,idle,27.096,4000.0,699.335,rule_based_v1
2026-08-15T07:20,2026-08-15,7,15,90.97,0.0,idle,27.107,4000.0,699.335,rule_based_v1
2026-08-15T07:25,2026-08-15,7,15,90.97,0.0,idle,27.119,4000.0,699.335,rule_based_v1
2026-08-15T07:30,2026-08-15,7,16,90.97,0.0,idle,27.131,4000.0,699.335,rule_based_v1
2026-08-15T07:35,2026-08-15,7,16,90.97,0.0,idle,27.143,4000.0,699.335,rule_based_v1
2026-08-15T07:40,2026-08-15,7,16,90.97,0.0,idle,27.155,4000.0,699.335,rule_based_v1
2026-08-15T07:45,2026-08-15,7,16,90.97,0.0,idle,27.168,4000.0,699.335,rule_based_v1
2026-08-15T07:50,2026-08-15,7,16,90.97,0.0,idle,27.181,4000.0,699.335,rule_based_v1
2026-08-15T07:55,2026-08-15,7,16,90.97,0.0,idle,27.194,4000.0,699.335,rule_based_v1
2026-08-15T08:00,2026-08-15,8,17,90.97,0.0,idle,27.208,4000.0,699.335,rule_based_v1
2026-08-15T08:05,2026-08-15,8,17,90.97,0.0,idle,27.222,4000.0,699.335,rule_based_v1
2026-08-15T08:10,2026-08-15,8,17,90.97,0.0,idle,27.236,4000.0,699.335,rule_based_v1
2026-08-15T08:15,2026-08-15,8,17,90.97,0.0,idle,27.25,4000.0,699.335,rule_based_v1
2026-08-15T08:20,2026-08-15,8,17,90.97,0.0,idle,27.264,4000.0,699.335,rule_based_v1
2026-08-15T08:25,2026-08-15,8,17,90.97,0.0,idle,27.278,4000.0,699.335,rule_based_v1
2026-08-15T08:30,2026-08-15,8,18,90.97,0.0,idle,27.293,4000.0,699.335,rule_based_v1
2026-08-15T08:35,2026-08-15,8,18,90.97,0.0,idle,27.308,4000.0,699.335,rule_based_v1
2026-08-15T08:40,2026-08-15,8,18,90.97,0.0,idle,27.323,4000.0,699.335,rule_based_v1
2026-08-15T08:45,2026-08-15,8,18,90.97,0.0,idle,27.338,4000.0,699.335,rule_based_v1
2026-08-15T08:50,2026-08-15,8,18,90.97,0.0,idle,27.353,4000.0,699.335,rule_based_v1
2026-08-15T08:55,2026-08-15,8,18,90.97,0.0,idle,27.369,4000.0,699.335,rule_based_v1
2026-08-15T09:00,2026-08-15,9,19,90.97,0.0,idle,27.384,4000.0,699.335,rule_based_v1
2026-08-15T09:05,2026-08-15,9,19,90.97,0.0,idle,27.4,4000.0,699.335,rule_based_v1
2026-08-15T09:10,2026-08-15,9,19,90.97,0.0,idle,27.415,4000.0,699.335,rule_based_v1
2026-08-15T09:15,2026-08-15,9,19,90.97,0.0,idle,27.431,4000.0,699.335,rule_based_v1
2026-08-15T09:20,2026-08-15,9,19,90.97,0.0,idle,27.446,4000.0,699.335,rule_based_v1
2026-08-15T09:25,2026-08-15,9,19,90.97,0.0,idle,27.462,4000.0,699.335,rule_based_v1
2026-08-15T09:30,2026-08-15,9,20,90.97,0.0,idle,27.478,4000.0,699.335,rule_based_v1
2026-08-15T09:35,2026-08-15,9,20,90.97,0.0,idle,27.494,4000.0,699.335,rule_based_v1
2026-08-15T09:40,2026-08-15,9,20,90.97,0.0,idle,27.509,4000.0,699.335,rule_based_v1
2026-08-15T09:45,2026-08-15,9,20,90.97,0.0,idle,27.525,4000.0,699.335,rule_based_v1
2026-08-15T09:50,2026-08-15,9,20,90.97,0.0,idle,27.541,4000.0,699.335,rule_based_v1
2026-08-15T09:55,2026-08-15,9,20,90.97,0.0,idle,27.556,4000.0,699.335,rule_based_v1
2026-08-15T10:00,2026-08-15,10,21,90.97,0.0,idle,27.572,4000.0,699.335,rule_based_v1
2026-08-15T10:05,2026-08-15,10,21,90.97,0.0,idle,27.587,4000.0,699.335,rule_based_v1
2026-08-15T10:10,2026-08-15,10,21,90.97,0.0,idle,27.602,4000.0,699.335,rule_based_v1
2026-08-15T10:15,2026-08-15,10,21,90.97,0.0,idle,27.618,4000.0,699.335,rule_based_v1
2026-08-15T10:20,2026-08-15,10,21,90.97,0.0,idle,27.633,4000.0,699.335,rule_based_v1
2026-08-15T10:25,2026-08-15,10,21,90.97,0.0,idle,27.648,4000.0,699.335,rule_based_v1
2026-08-15T10:30,2026-08-15,10,22,90.97,0.0,idle,27.663,4000.0,699.335,rule_based_v1
2026-08-15T10:35,2026-08-15,10,22,90.97,0.0,idle,27.677,4000.0,699.335,rule_based_v1
2026-08-15T10:40,2026-08-15,10,22,90.97,0.0,idle,27.692,4000.0,699.335,rule_based_v1
2026-08-15T10:45,2026-08-15,10,22,90.97,0.0,idle,27.706,4000.0,699.335,rule_based_v1
2026-08-15T10:50,2026-08-15,10,22,90.97,0.0,idle,27.72,4000.0,699.335,rule_based_v1
2026-08-15T10:55,2026-08-15,10,22,90.97,0.0,idle,27.734,4000.0,699.335,rule_based_v1
2026-08-15T11:00,2026-08-15,11,23,90.97,0.0,idle,27.748,4000.0,699.335,rule_based_v1
2026-08-15T11:05,2026-08-15,11,23,90.97,0.0,idle,27.761,4000.0,699.335,rule_based_v1
2026-08-15T11:10,2026-08-15,11,23,90.97,0.0,idle,27.775,4000.0,699.335,rule_based_v1
2026-08-15T11:15,2026-08-15,11,23,90.97,0.0,idle,27.788,4000.0,699.335,rule_based_v1
2026-08-15T11:20,2026-08-15,11,23,90.97,0.0,idle,27.8,4000.0,699.335,rule_based_v1
2026-08-15T11:25,2026-08-15,11,23,90.97,0.0,idle,27.813,4000.0,699.335,rule_based_v1
2026-08-15T11:30,2026-08-15,11,24,90.97,0.0,idle,27.825,4000.0,699.335,rule_based_v1
2026-08-15T11:35,2026-08-15,11,24,90.97,0.0,idle,27.837,4000.0,699.335,rule_based_v1
2026-08-15T11:40,2026-08-15,11,24,90.97,0.0,idle,27.848,4000.0,699.335,rule_based_v1
2026-08-15T11:45,2026-08-15,11,24,90.97,0.0,idle,27.86,4000.0,699.335,rule_based_v1
2026-08-15T11:50,2026-08-15,11,24,90.97,0.0,idle,27.871,4000.0,699.335,rule_based_v1
2026-08-15T11:55,2026-08-15,11,24,90.97,0.0,idle,27.881,4000.0,699.335,rule_based_v1
2026-08-15T12:00,2026-08-15,12,25,90.97,0.0,idle,27.892,4000.0,699.335,rule_based_v1
2026-08-15T12:05,2026-08-15,12,25,90.97,0.0,idle,27.901,4000.0,699.335,rule_based_v1
2026-08-15T12:10,2026-08-15,12,25,90.97,0.0,idle,27.911,4000.0,699.335,rule_based_v1
2026-08-15T12:15,2026-08-15,12,25,90.97,0.0,idle,27.92,4000.0,699.335,rule_based_v1
2026-08-15T12:20,2026-08-15,12,25,90.97,0.0,idle,27.929,4000.0,699.335,rule_based_v1
2026-08-15T12:25,2026-08-15,12,25,90.97,0.0,idle,27.937,4000.0,699.335,rule_based_v1
2026-08-15T12:30,2026-08-15,12,26,90.97,0.0,idle,27.946,4000.0,699.335,rule_based_v1
2026-08-15T12:35,2026-08-15,12,26,90.97,0.0,idle,27.953,4000.0,699.335,rule_based_v1
2026-08-15T12:40,2026-08-15,12,26,90.97,0.0,idle,27.96,4000.0,699.335,rule_based_v1
2026-08-15T12:45,2026-08-15,12,26,90.97,0.0,idle,27.967,4000.0,699.335,rule_based_v1
2026-08-15T12:50,2026-08-15,12,26,90.97,0.0,idle,27.974,4000.0,699.335,rule_based_v1
2026-08-15T12:55,2026-08-15,12,26,90.97,0.0,idle,27.98,4000.0,699.335,rule_based_v1
2026-08-15T13:00,2026-08-15,13,27,90.97,0.0,idle,27.985,4000.0,699.335,rule_based_v1
2026-08-15T13:05,2026-08-15,13,27,90.97,0.0,idle,27.99,4000.0,699.335,rule_based_v1
2026-08-15T13:10,2026-08-15,13,27,90.97,0.0,idle,27.995,4000.0,699.335,rule_based_v1
2026-08-15T13:15,2026-08-15,13,27,90.97,0.0,idle,27.999,4000.0,699.335,rule_based_v1
2026-08-15T13:20,2026-08-15,13,27,90.97,0.0,idle,28.003,4000.0,699.335,rule_based_v1
2026-08-15T13:25,2026-08-15,13,27,90.97,0.0,idle,28.007,4000.0,699.335,rule_based_v1
2026-08-15T13:30,2026-08-15,13,28,90.97,0.0,idle,28.01,4000.0,699.335,rule_based_v1
2026-08-15T13:35,2026-08-15,13,28,90.97,0.0,idle,28.012,4000.0,699.335,rule_based_v1
2026-08-15T13:40,2026-08-15,13,28,90.97,0.0,idle,28.014,4000.0,699.335,rule_based_v1
2026-08-15T13:45,2026-08-15,13,28,90.97,0.0,idle,28.016,4000.0,699.335,rule_based_v1
2026-08-15T13:50,2026-08-15,13,28,90.97,0.0,idle,28.017,4000.0,699.335,rule_based_v1
2026-08-15T13:55,2026-08-15,13,28,90.97,0.0,idle,28.018,4000.0,699.335,rule_based_v1
2026-08-15T14:00,2026-08-15,14,29,90.97,0.0,idle,28.018,4000.0,699.335,rule_based_v1
2026-08-15T14:05,2026-08-15,14,29,90.97,0.0,idle,28.018,4000.0,699.335,rule_based_v1
2026-08-15T14:10,2026-08-15,14,29,90.97,0.0,idle,28.018,4000.0,699.335,rule_based_v1
2026-08-15T14:15,2026-08-15,14,29,90.97,0.0,idle,28.017,4000.0,699.335,rule_based_v1
2026-08-15T14:20,2026-08-15,14,29,90.97,0.0,idle,28.017,4000.0,699.335,rule_based_v1
2026-08-15T14:25,2026-08-15,14,29,90.97,0.0,idle,28.016,4000.0,699.335,rule_based_v1
2026-08-15T14:30,2026-08-15,14,30,90.97,0.0,idle,28.015,4000.0,699.335,rule_based_v1
2026-08-15T14:35,2026-08-15,14,30,90.97,0.0,idle,28.014,4000.0,699.335,rule_based_v1
2026-08-15T14:40,2026-08-15,14,30,90.97,0.0,idle,28.013,4000.0,699.335,rule_based_v1
2026-08-15T14:45,2026-08-15,14,30,90.97,0.0,idle,28.011,4000.0,699.335,rule_based_v1
2026-08-15T14:50,2026-08-15,14,30,90.97,0.0,idle,28.01,4000.0,699.335,rule_based_v1
2026-08-15T14:55,2026-08-15,14,30,90.97,0.0,idle,28.008,4000.0,699.335,rule_based_v1
2026-08-15T15:00,2026-08-15,15,31,90.97,0.0,idle,28.006,4000.0,699.335,rule_based_v1
2026-08-15T15:05,2026-08-15,15,31,90.97,0.0,idle,28.004,4000.0,699.335,rule_based_v1
2026-08-15T15:10,2026-08-15,15,31,90.97,0.0,idle,28.002,4000.0,699.335,rule_based_v1
2026-08-15T15:15,2026-08-15,15,31,90.97,0.0,idle,27.999,4000.0,699.335,rule_based_v1
2026-08-15T15:20,2026-08-15,15,31,90.97,0.0,idle,27.997,4000.0,699.335,rule_based_v1
2026-08-15T15:25,2026-08-15,15,31,90.97,0.0,idle,27.994,4000.0,699.335,rule_based_v1
2026-08-15T15:30,2026-08-15,15,32,90.97,0.0,idle,27.991,4000.0,699.335,rule_based_v1
2026-08-15T15:35,2026-08-15,15,32,90.97,0.0,idle,27.988,4000.0,699.335,rule_based_v1
2026-08-15T15:40,2026-08-15,15,32,90.97,0.0,idle,27.985,4000.0,699.335,rule_based_v1
2026-08-15T15:45,2026-08-15,15,32,90.97,0.0,idle,27.982,4000.0,699.335,rule_based_v1
2026-08-15T15:50,2026-08-15,15,32,90.97,0.0,idle,27.979,4000.0,699.335,rule_based_v1
2026-08-15T15:55,2026-08-15,15,32,90.97,0.0,idle,27.975,4000.0,699.335,rule_based_v1
2026-08-15T16:00,2026-08-15,16,33,90.97,0.0,idle,27.971,4000.0,699.335,rule_based_v1
2026-08-15T16:05,2026-08-15,16,33,90.97,0.0,idle,27.967,4000.0,699.335,rule_based_v1
2026-08-15T16:10,2026-08-15,16,33,90.97,0.0,idle,27.963,4000.0,699.335,rule_based_v1
2026-08-15T16:15,2026-08-15,16,33,90.97,0.0,idle,27.959,4000.0,699.335,rule_based_v1
2026-08-15T16:20,2026-08-15,16,33,90.97,0.0,idle,27.955,4000.0,699.335,rule_based_v1
2026-08-15T16:25,2026-08-15,16,33,90.97,0.0,idle,27.95,4000.0,699.335,rule_based_v1
2026-08-15T16:30,2026-08-15,16,34,90.97,0.0,idle,27.946,4000.0,699.335,rule_based_v1
2026-08-15T16:35,2026-08-15,16,34,90.97,0.0,idle,27.941,4000.0,699.335,rule_based_v1
2026-08-15T16:40,2026-08-15,16,34,90.97,0.0,idle,27.936,4000.0,699.335,rule_based_v1
2026-08-15T16:45,2026-08-15,16,34,90.97,0.0,idle,27.931,4000.0,699.335,rule_based_v1
2026-08-15T16:50,2026-08-15,16,34,90.97,0.0,idle,27.926,4000.0,699.335,rule_based_v1
2026-08-15T16:55,2026-08-15,16,34,90.97,0.0,idle,27.92,4000.0,699.335,rule_based_v1
2026-08-15T17:00,2026-08-15,17,35,90.97,0.0,idle,27.915,4000.0,699.335,rule_based_v1
2026-08-15T17:05,2026-08-15,17,35,90.97,0.0,idle,27.909,4000.0,699.335,rule_based_v1
2026-08-15T17:10,2026-08-15,17,35,90.97,0.0,idle,27.903,4000.0,699.335,rule_based_v1
2026-08-15T17:15,2026-08-15,17,35,90.97,0.0,idle,27.898,4000.0,699.335,rule_based_v1
2026-08-15T17:20,2026-08-15,17,35,90.97,0.0,idle,27.892,4000.0,699.335,rule_based_v1
2026-08-15T17:25,2026-08-15,17,35,90.97,0.0,idle,27.885,4000.0,699.335,rule_based_v1
2026-08-15T17:30,2026-08-15,17,36,90.97,0.0,idle,27.879,4000.0,699.335,rule_based_v1
2026-08-15T17:35,2026-08-15,17,36,90.97,0.0,idle,27.873,4000.0,699.335,rule_based_v1
2026-08-15T17:40,2026-08-15,17,36,90.97,0.0,idle,27.866,4000.0,699.335,rule_based_v1
2026-08-15T17:45,2026-08-15,17,36,90.97,0.0,idle,27.86,4000.0,699.335,rule_based_v1
2026-08-15T17:50,2026-08-15,17,36,90.97,0.0,idle,27.853,4000.0,699.335,rule_based_v1
2026-08-15T17:55,2026-08-15,17,36,90.97,0.0,idle,27.846,4000.0,699.335,rule_based_v1
2026-08-15T18:00,2026-08-15,18,37,90.97,0.0,idle,27.839,4000.0,699.335,rule_based_v1
2026-08-15T18:05,2026-08-15,18,37,90.97,0.0,idle,27.832,4000.0,699.335,rule_based_v1
2026-08-15T18:10,2026-08-15,18,37,90.97,0.0,idle,27.825,4000.0,699.335,rule_based_v1
2026-08-15T18:15,2026-08-15,18,37,90.97,0.0,idle,27.818,4000.0,699.335,rule_based_v1
2026-08-15T18:20,2026-08-15,18,37,90.97,0.0,idle,27.81,4000.0,699.335,rule_based_v1
2026-08-15T18:25,2026-08-15,18,37,90.97,0.0,idle,27.803,4000.0,699.335,rule_based_v1
2026-08-15T18:30,2026-08-15,18,38,90.97,0.0,idle,27.795,4000.0,699.335,rule_based_v1
2026-08-15T18:35,2026-08-15,18,38,90.97,0.0,idle,27.788,4000.0,699.335,rule_based_v1
2026-08-15T18:40,2026-08-15,18,38,90.97,0.0,idle,27.78,4000.0,699.335,rule_based_v1
2026-08-15T18:45,2026-08-15,18,38,90.97,0.0,idle,27.772,4000.0,699.335,rule_based_v1
2026-08-15T18:50,2026-08-15,18,38,90.97,0.0,idle,27.764,4000.0,699.335,rule_based_v1
2026-08-15T18:55,2026-08-15,18,38,90.97,0.0,idle,27.756,4000.0,699.335,rule_based_v1
2026-08-15T19:00,2026-08-15,19,39,90.97,0.0,idle,27.748,4000.0,699.335,rule_based_v1
2026-08-15T19:05,2026-08-15,19,39,90.97,0.0,idle,27.74,4000.0,699.335,rule_based_v1
2026-08-15T19:10,2026-08-15,19,39,90.97,0.0,idle,27.731,4000.0,699.335,rule_based_v1
2026-08-15T19:15,2026-08-15,19,39,90.97,0.0,idle,27.723,4000.0,699.335,rule_based_v1
2026-08-15T19:20,2026-08-15,19,39,90.97,0.0,idle,27.715,4000.0,699.335,rule_based_v1
2026-08-15T19:25,2026-08-15,19,39,90.97,0.0,idle,27.706,4000.0,699.335,rule_based_v1
2026-08-15T19:30,2026-08-15,19,40,90.97,0.0,idle,27.698,4000.0,699.335,rule_based_v1
2026-08-15T19:35,2026-08-15,19,40,90.97,0.0,idle,27.689,4000.0,699.335,rule_based_v1
2026-08-15T19:40,2026-08-15,19,40,90.97,0.0,idle,27.68,4000.0,699.335,rule_based_v1
2026-08-15T19:45,2026-08-15,19,40,90.97,0.0,idle,27.671,4000.0,699.335,rule_based_v1
2026-08-15T19:50,2026-08-15,19,40,90.97,0.0,idle,27.663,4000.0,699.335,rule_based_v1
2026-08-15T19:55,2026-08-15,19,40,90.97,0.0,idle,27.654,4000.0,699.335,rule_based_v1
2026-08-15T20:00,2026-08-15,20,41,90.97,0.0,idle,27.645,4000.0,699.335,rule_based_v1
2026-08-15T20:05,2026-08-15,20,41,90.97,0.0,idle,27.636,4000.0,699.335,rule_based_v1
2026-08-15T20:10,2026-08-15,20,41,90.97,0.0,idle,27.627,4000.0,699.335,rule_based_v1
2026-08-15T20:15,2026-08-15,20,41,90.97,0.0,idle,27.618,4000.0,699.335,rule_based_v1
2026-08-15T20:20,2026-08-15,20,41,90.97,0.0,idle,27.609,4000.0,699.335,rule_based_v1
2026-08-15T20:25,2026-08-15,20,41,90.97,0.0,idle,27.599,4000.0,699.335,rule_based_v1
2026-08-15T20:30,2026-08-15,20,42,90.97,0.0,idle,27.59,4000.0,699.335,rule_based_v1
2026-08-15T20:35,2026-08-15,20,42,90.97,0.0,idle,27.581,4000.0,699.335,rule_based_v1
2026-08-15T20:40,2026-08-15,20,42,90.97,0.0,idle,27.572,4000.0,699.335,rule_based_v1
2026-08-15T20:45,2026-08-15,20,42,90.97,0.0,idle,27.562,4000.0,699.335,rule_based_v1
2026-08-15T20:50,2026-08-15,20,42,90.97,0.0,idle,27.553,4000.0,699.335,rule_based_v1
2026-08-15T20:55,2026-08-15,20,42,90.97,0.0,idle,27.544,4000.0,699.335,rule_based_v1
2026-08-15T21:00,2026-08-15,21,43,90.97,0.0,idle,27.534,4000.0,699.335,rule_based_v1
2026-08-15T21:05,2026-08-15,21,43,90.97,0.0,idle,27.525,4000.0,699.335,rule_based_v1
2026-08-15T21:10,2026-08-15,21,43,90.97,0.0,idle,27.516,4000.0,699.335,rule_based_v1
2026-08-15T21:15,2026-08-15,21,43,90.97,0.0,idle,27.506,4000.0,699.335,rule_based_v1
2026-08-15T21:20,2026-08-15,21,43,90.97,0.0,idle,27.497,4000.0,699.335,rule_based_v1
2026-08-15T21:25,2026-08-15,21,43,90.97,0.0,idle,27.487,4000.0,699.335,rule_based_v1
2026-08-15T21:30,2026-08-15,21,44,90.97,0.0,idle,27.478,4000.0,699.335,rule_based_v1
2026-08-15T21:35,2026-08-15,21,44,90.97,0.0,idle,27.468,4000.0,699.335,rule_based_v1
2026-08-15T21:40,2026-08-15,21,44,90.97,0.0,idle,27.459,4000.0,699.335,rule_based_v1
2026-08-15T21:45,2026-08-15,21,44,90.97,0.0,idle,27.45,4000.0,699.335,rule_based_v1
2026-08-15T21:50,2026-08-15,21,44,90.97,0.0,idle,27.44,4000.0,699.335,rule_based_v1
2026-08-15T21:55,2026-08-15,21,44,90.97,0.0,idle,27.431,4000.0,699.335,rule_based_v1
2026-08-15T22:00,2026-08-15,22,45,90.97,0.0,idle,27.421,4000.0,699.335,rule_based_v1
2026-08-15T22:05,2026-08-15,22,45,90.97,0.0,idle,27.412,4000.0,699.335,rule_based_v1
2026-08-15T22:10,2026-08-15,22,45,90.97,0.0,idle,27.403,4000.0,699.335,rule_based_v1
2026-08-15T22:15,2026-08-15,22,45,90.97,0.0,idle,27.393,4000.0,699.335,rule_based_v1
2026-08-15T22:20,2026-08-15,22,45,90.97,0.0,idle,27.384,4000.0,699.335,rule_based_v1
2026-08-15T22:25,2026-08-15,22,45,90.97,0.0,idle,27.375,4000.0,699.335,rule_based_v1
2026-08-15T22:30,2026-08-15,22,46,90.97,0.0,idle,27.366,4000.0,699.335,rule_based_v1
2026-08-15T22:35,2026-08-15,22,46,90.97,0.0,idle,27.356,4000.0,699.335,rule_based_v1
2026-08-15T22:40,2026-08-15,22,46,90.97,0.0,idle,27.347,4000.0,699.335,rule_based_v1
2026-08-15T22:45,2026-08-15,22,46,90.97,0.0,idle,27.338,4000.0,699.335,rule_based_v1
2026-08-15T22:50,2026-08-15,22,46,90.97,0.0,idle,27.329,4000.0,699.335,rule_based_v1
2026-08-15T22:55,2026-08-15,22,46,90.97,0.0,idle,27.32,4000.0,699.335,rule_based_v1
2026-08-15T23:00,2026-08-15,23,47,90.97,0.0,idle,27.311,4000.0,699.335,rule_based_v1
2026-08-15T23:05,2026-08-15,23,47,90.97,0.0,idle,27.302,4000.0,699.335,rule_based_v1
2026-08-15T23:10,2026-08-15,23,47,90.97,0.0,idle,27.293,4000.0,699.335,rule_based_v1
2026-08-15T23:15,2026-08-15,23,47,90.97,0.0,idle,27.284,4000.0,699.335,rule_based_v1
2026-08-15T23:20,2026-08-15,23,47,90.97,0.0,idle,27.276,4000.0,699.335,rule_based_v1
2026-08-15T23:25,2026-08-15,23,47,90.97,0.0,idle,27.267,4000.0,699.335,rule_based_v1
2026-08-15T23:30,2026-08-15,23,48,90.97,0.0,idle,27.258,4000.0,699.335,rule_based_v1
2026-08-15T23:35,2026-08-15,23,48,90.97,0.0,idle,27.25,4000.0,699.335,rule_based_v1
2026-08-15T23:40,2026-08-15,23,48,90.97,0.0,idle,27.241,4000.0,699.335,rule_based_v1
2026-08-15T23:45,2026-08-15,23,48,90.97,0.0,idle,27.233,4000.0,699.335,rule_based_v1
2026-08-15T23:50,2026-08-15,23,48,90.97,0.0,idle,27.224,4000.0,699.335,rule_based_v1
2026-08-15T23:55,2026-08-15,23,48,90.97,0.0,idle,27.216,4000.0,699.335,rule_based_v1
2026-08-16T00:00,2026-08-16,0,1,90.97,0.0,idle,27.208,4000.0,699.335,rule_based_v1
2026-08-16T00:05,2026-08-16,0,1,90.97,0.0,idle,27.2,4000.0,699.335,rule_based_v1
2026-08-16T00:10,2026-08-16,0,1,90.97,0.0,idle,27.192,4000.0,699.335,rule_based_v1
2026-08-16T00:15,2026-08-16,0,1,90.97,0.0,idle,27.184,4000.0,699.335,rule_based_v1
2026-08-16T00:20,2026-08-16,0,1,90.97,0.0,idle,27.176,4000.0,699.335,rule_based_v1
2026-08-16T00:25,2026-08-16,0,1,90.97,0.0,idle,27.168,4000.0,699.335,rule_based_v1
2026-08-16T00:30,2026-08-16,0,2,90.97,0.0,idle,27.16,4000.0,699.335,rule_based_v1
2026-08-16T00:35,2026-08-16,0,2,90.97,0.0,idle,27.153,4000.0,699.335,rule_based_v1
2026-08-16T00:40,2026-08-16,0,2,90.97,0.0,idle,27.145,4000.0,699.335,rule_based_v1
2026-08-16T00:45,2026-08-16,0,2,90.97,0.0,idle,27.138,4000.0,699.335,rule_based_v1
2026-08-16T00:50,2026-08-16,0,2,90.97,0.0,idle,27.131,4000.0,699.335,rule_based_v1
2026-08-16T00:55,2026-08-16,0,2,90.97,0.0,idle,27.124,4000.0,699.335,rule_based_v1
2026-08-16T01:00,2026-08-16,1,3,90.97,0.0,idle,27.117,4000.0,699.335,rule_based_v1
2026-08-16T01:05,2026-08-16,1,3,90.97,0.0,idle,27.11,4000.0,699.335,rule_based_v1
2026-08-16T01:10,2026-08-16,1,3,90.97,0.0,idle,27.103,4000.0,699.335,rule_based_v1
2026-08-16T01:15,2026-08-16,1,3,90.97,0.0,idle,27.096,4000.0,699.335,rule_based_v1
2026-08-16T01:20,2026-08-16,1,3,90.97,0.0,idle,27.089,4000.0,699.335,rule_based_v1
2026-08-16T01:25,2026-08-16,1,3,90.97,0.0,idle,27.083,4000.0,699.335,rule_based_v1
2026-08-16T01:30,2026-08-16,1,4,90.97,0.0,idle,27.077,4000.0,699.335,rule_based_v1
2026-08-16T01:35,2026-08-16,1,4,90.97,0.0,idle,27.07,4000.0,699.335,rule_based_v1
2026-08-16T01:40,2026-08-16,1,4,90.97,0.0,idle,27.064,4000.0,699.335,rule_based_v1
2026-08-16T01:45,2026-08-16,1,4,90.97,0.0,idle,27.058,4000.0,699.335,rule_based_v1
2026-08-16T01:50,2026-08-16,1,4,90.97,0.0,idle,27.052,4000.0,699.335,rule_based_v1
2026-08-16T01:55,2026-08-16,1,4,90.97,0.0,idle,27.047,4000.0,699.335,rule_based_v1
2026-08-16T02:00,2026-08-16,2,5,90.97,0.0,idle,27.041,4000.0,699.335,rule_based_v1
2026-08-16T02:05,2026-08-16,2,5,90.97,0.0,idle,27.036,4000.0,699.335,rule_based_v1
2026-08-16T02:10,2026-08-16,2,5,90.97,0.0,idle,27.03,4000.0,699.335,rule_based_v1
2026-08-16T02:15,2026-08-16,2,5,90.97,0.0,idle,27.025,4000.0,699.335,rule_based_v1
2026-08-16T02:20,2026-08-16,2,5,90.97,0.0,idle,27.02,4000.0,699.335,rule_based_v1
2026-08-16T02:25,2026-08-16,2,5,90.97,0.0,idle,27.015,4000.0,699.335,rule_based_v1
2026-08-16T02:30,2026-08-16,2,6,90.97,0.0,idle,27.01,4000.0,699.335,rule_based_v1
2026-08-16T02:35,2026-08-16,2,6,90.97,0.0,idle,27.006,4000.0,699.335,rule_based_v1
2026-08-16T02:40,2026-08-16,2,6,90.97,0.0,idle,27.001,4000.0,699.335,rule_based_v1
2026-08-16T02:45,2026-08-16,2,6,90.97,0.0,idle,26.997,4000.0,699.335,rule_based_v1
2026-08-16T02:50,2026-08-16,2,6,90.97,0.0,idle,26.993,4000.0,699.335,rule_based_v1
2026-08-16T02:55,2026-08-16,2,6,90.97,0.0,idle,26.988,4000.0,699.335,rule_based_v1
2026-08-16T03:00,2026-08-16,3,7,90.97,0.0,idle,26.985,4000.0,699.335,rule_based_v1
2026-08-16T03:05,2026-08-16,3,7,90.97,0.0,idle,26.981,4000.0,699.335,rule_based_v1
2026-08-16T03:10,2026-08-16,3,7,90.97,0.0,idle,26.977,4000.0,699.335,rule_based_v1
2026-08-16T03:15,2026-08-16,3,7,90.97,0.0,idle,26.974,4000.0,699.335,rule_based_v1
2026-08-16T03:20,2026-08-16,3,7,90.97,0.0,idle,26.97,4000.0,699.335,rule_based_v1
2026-08-16T03:25,2026-08-16,3,7,90.97,0.0,idle,26.967,4000.0,699.335,rule_based_v1
2026-08-16T03:30,2026-08-16,3,8,90.97,0.0,idle,26.964,4000.0,699.335,rule_based_v1
2026-08-16T03:35,2026-08-16,3,8,90.97,0.0,idle,26.961,4000.0,699.335,rule_based_v1
2026-08-16T03:40,2026-08-16,3,8,90.97,0.0,idle,26.959,4000.0,699.335,rule_based_v1
2026-08-16T03:45,2026-08-16,3,8,90.97,0.0,idle,26.956,4000.0,699.335,rule_based_v1
2026-08-16T03:50,2026-08-16,3,8,90.97,0.0,idle,26.954,4000.0,699.335,rule_based_v1
2026-08-16T03:55,2026-08-16,3,8,90.97,0.0,idle,26.952,4000.0,699.335,rule_based_v1
2026-08-16T04:00,2026-08-16,4,9,90.97,0.0,idle,26.95,4000.0,699.335,rule_based_v1
2026-08-16T04:05,2026-08-16,4,9,90.97,0.0,idle,26.948,4000.0,699.335,rule_based_v1
2026-08-16T04:10,2026-08-16,4,9,90.97,0.0,idle,26.946,4000.0,699.335,rule_based_v1
2026-08-16T04:15,2026-08-16,4,9,90.97,0.0,idle,26.945,4000.0,699.335,rule_based_v1
2026-08-16T04:20,2026-08-16,4,9,90.97,0.0,idle,26.943,4000.0,699.335,rule_based_v1
2026-08-16T04:25,2026-08-16,4,9,90.97,0.0,idle,26.942,4000.0,699.335,rule_based_v1
2026-08-16T04:30,2026-08-16,4,10,90.97,0.0,idle,26.941,4000.0,699.335,rule_based_v1
2026-08-16T04:35,2026-08-16,4,10,90.97,0.0,idle,26.94,4000.0,699.335,rule_based_v1
2026-08-16T04:40,2026-08-16,4,10,90.97,0.0,idle,26.939,4000.0,699.335,rule_based_v1
2026-08-16T04:45,2026-08-16,4,10,90.97,0.0,idle,26.939,4000.0,699.335,rule_based_v1
2026-08-16T04:50,2026-08-16,4,10,90.97,0.0,idle,26.938,4000.0,699.335,rule_based_v1
2026-08-16T04:55,2026-08-16,4,10,90.97,0.0,idle,26.938,4000.0,699.335,rule_based_v1
2026-08-16T05:00,2026-08-16,5,11,90.97,0.0,idle,26.995,4000.0,699.335,rule_based_v1
2026-08-16T05:05,2026-08-16,5,11,90.97,0.0,idle,26.996,4000.0,699.335,rule_based_v1
2026-08-16T05:10,2026-08-16,5,11,90.97,0.0,idle,26.996,4000.0,699.335,rule_based_v1
2026-08-16T05:15,2026-08-16,5,11,90.97,0.0,idle,26.997,4000.0,699.335,rule_based_v1
2026-08-16T05:20,2026-08-16,5,11,90.97,0.0,idle,26.999,4000.0,699.335,rule_based_v1
2026-08-16T05:25,2026-08-16,5,11,90.97,0.0,idle,27.001,4000.0,699.335,rule_based_v1
2026-08-16T05:30,2026-08-16,5,12,90.97,0.0,idle,27.004,4000.0,699.335,rule_based_v1
2026-08-16T05:35,2026-08-16,5,12,90.97,0.0,idle,27.006,4000.0,699.335,rule_based_v1
2026-08-16T05:40,2026-08-16,5,12,90.97,0.0,idle,27.01,4000.0,699.335,rule_based_v1
2026-08-16T05:45,2026-08-16,5,12,90.97,0.0,idle,27.014,4000.0,699.335,rule_based_v1
2026-08-16T05:50,2026-08-16,5,12,90.97,0.0,idle,27.018,4000.0,699.335,rule_based_v1
2026-08-16T05:55,2026-08-16,5,12,90.97,0.0,idle,27.023,4000.0,699.335,rule_based_v1
2026-08-16T06:00,2026-08-16,6,13,90.97,0.0,idle,27.028,4000.0,699.335,rule_based_v1
2026-08-16T06:05,2026-08-16,6,13,90.97,0.0,idle,27.033,4000.0,699.335,rule_based_v1
2026-08-16T06:10,2026-08-16,6,13,90.97,0.0,idle,27.04,4000.0,699.335,rule_based_v1
2026-08-16T06:15,2026-08-16,6,13,90.97,0.0,idle,27.046,4000.0,699.335,rule_based_v1
2026-08-16T06:20,2026-08-16,6,13,90.97,0.0,idle,27.053,4000.0,699.335,rule_based_v1
2026-08-16T06:25,2026-08-16,6,13,90.97,0.0,idle,27.06,4000.0,699.335,rule_based_v1
2026-08-16T06:30,2026-08-16,6,14,90.97,0.0,idle,27.068,4000.0,699.335,rule_based_v1
2026-08-16T06:35,2026-08-16,6,14,90.97,0.0,idle,27.076,4000.0,699.335,rule_based_v1
2026-08-16T06:40,2026-08-16,6,14,90.97,0.0,idle,27.084,4000.0,699.335,rule_based_v1
2026-08-16T06:45,2026-08-16,6,14,90.97,0.0,idle,27.093,4000.0,699.335,rule_based_v1
2026-08-16T06:50,2026-08-16,6,14,90.97,0.0,idle,27.102,4000.0,699.335,rule_based_v1
2026-08-16T06:55,2026-08-16,6,14,90.97,0.0,idle,27.112,4000.0,699.335,rule_based_v1
2026-08-16T07:00,2026-08-16,7,15,90.97,0.0,idle,27.122,4000.0,699.335,rule_based_v1
2026-08-16T07:05,2026-08-16,7,15,90.97,0.0,idle,27.132,4000.0,699.335,rule_based_v1
2026-08-16T07:10,2026-08-16,7,15,90.97,0.0,idle,27.143,4000.0,699.335,rule_based_v1
2026-08-16T07:15,2026-08-16,7,15,90.97,0.0,idle,27.154,4000.0,699.335,rule_based_v1
2026-08-16T07:20,2026-08-16,7,15,90.97,0.0,idle,27.165,4000.0,699.335,rule_based_v1
2026-08-16T07:25,2026-08-16,7,15,90.97,0.0,idle,27.176,4000.0,699.335,rule_based_v1
2026-08-16T07:30,2026-08-16,7,16,90.97,0.0,idle,27.188,4000.0,699.335,rule_based_v1
2026-08-16T07:35,2026-08-16,7,16,90.97,0.0,idle,27.2,4000.0,699.335,rule_based_v1
2026-08-16T07:40,2026-08-16,7,16,90.97,0.0,idle,27.213,4000.0,699.335,rule_based_v1
2026-08-16T07:45,2026-08-16,7,16,90.97,0.0,idle,27.226,4000.0,699.335,rule_based_v1
2026-08-16T07:50,2026-08-16,7,16,90.97,0.0,idle,27.239,4000.0,699.335,rule_based_v1
2026-08-16T07:55,2026-08-16,7,16,90.97,0.0,idle,27.252,4000.0,699.335,rule_based_v1
2026-08-16T08:00,2026-08-16,8,17,90.97,0.0,idle,27.265,4000.0,699.335,rule_based_v1
2026-08-16T08:05,2026-08-16,8,17,90.97,0.0,idle,27.279,4000.0,699.335,rule_based_v1
2026-08-16T08:10,2026-08-16,8,17,90.97,0.0,idle,27.293,4000.0,699.335,rule_based_v1
2026-08-16T08:15,2026-08-16,8,17,90.97,0.0,idle,27.307,4000.0,699.335,rule_based_v1
2026-08-16T08:20,2026-08-16,8,17,90.97,0.0,idle,27.321,4000.0,699.335,rule_based_v1
2026-08-16T08:25,2026-08-16,8,17,90.97,0.0,idle,27.336,4000.0,699.335,rule_based_v1
2026-08-16T08:30,2026-08-16,8,18,90.97,0.0,idle,27.351,4000.0,699.335,rule_based_v1
2026-08-16T08:35,2026-08-16,8,18,90.97,0.0,idle,27.365,4000.0,699.335,rule_based_v1
2026-08-16T08:40,2026-08-16,8,18,90.97,0.0,idle,27.38,4000.0,699.335,rule_based_v1
2026-08-16T08:45,2026-08-16,8,18,90.97,0.0,idle,27.396,4000.0,699.335,rule_based_v1
2026-08-16T08:50,2026-08-16,8,18,90.97,0.0,idle,27.411,4000.0,699.335,rule_based_v1
2026-08-16T08:55,2026-08-16,8,18,90.97,0.0,idle,27.426,4000.0,699.335,rule_based_v1
2026-08-16T09:00,2026-08-16,9,19,90.97,0.0,idle,27.442,4000.0,699.335,rule_based_v1
2026-08-16T09:05,2026-08-16,9,19,90.97,0.0,idle,27.457,4000.0,699.335,rule_based_v1
2026-08-16T09:10,2026-08-16,9,19,90.97,0.0,idle,27.473,4000.0,699.335,rule_based_v1
2026-08-16T09:15,2026-08-16,9,19,90.97,0.0,idle,27.488,4000.0,699.335,rule_based_v1
2026-08-16T09:20,2026-08-16,9,19,90.97,0.0,idle,27.504,4000.0,699.335,rule_based_v1
2026-08-16T09:25,2026-08-16,9,19,90.97,0.0,idle,27.52,4000.0,699.335,rule_based_v1
2026-08-16T09:30,2026-08-16,9,20,90.97,0.0,idle,27.535,4000.0,699.335,rule_based_v1
2026-08-16T09:35,2026-08-16,9,20,90.97,0.0,idle,27.551,4000.0,699.335,rule_based_v1
2026-08-16T09:40,2026-08-16,9,20,90.97,0.0,idle,27.567,4000.0,699.335,rule_based_v1
2026-08-16T09:45,2026-08-16,9,20,90.97,0.0,idle,27.582,4000.0,699.335,rule_based_v1
2026-08-16T09:50,2026-08-16,9,20,90.97,0.0,idle,27.598,4000.0,699.335,rule_based_v1
2026-08-16T09:55,2026-08-16,9,20,90.97,0.0,idle,27.614,4000.0,699.335,rule_based_v1
2026-08-16T10:00,2026-08-16,10,21,90.97,0.0,idle,27.629,4000.0,699.335,rule_based_v1
2026-08-16T10:05,2026-08-16,10,21,90.97,0.0,idle,27.645,4000.0,699.335,rule_based_v1
2026-08-16T10:10,2026-08-16,10,21,90.97,0.0,idle,27.66,4000.0,699.335,rule_based_v1
2026-08-16T10:15,2026-08-16,10,21,90.97,0.0,idle,27.675,4000.0,699.335,rule_based_v1
2026-08-16T10:20,2026-08-16,10,21,90.97,0.0,idle,27.69,4000.0,699.335,rule_based_v1
2026-08-16T10:25,2026-08-16,10,21,90.97,0.0,idle,27.705,4000.0,699.335,rule_based_v1
2026-08-16T10:30,2026-08-16,10,22,90.97,0.0,idle,27.72,4000.0,699.335,rule_based_v1
2026-08-16T10:35,2026-08-16,10,22,90.97,0.0,idle,27.735,4000.0,699.335,rule_based_v1
2026-08-16T10:40,2026-08-16,10,22,90.97,0.0,idle,27.749,4000.0,699.335,rule_based_v1
2026-08-16T10:45,2026-08-16,10,22,90.97,0.0,idle,27.764,4000.0,699.335,rule_based_v1
2026-08-16T10:50,2026-08-16,10,22,90.97,0.0,idle,27.778,4000.0,699.335,rule_based_v1
2026-08-16T10:55,2026-08-16,10,22,90.97,0.0,idle,27.792,4000.0,699.335,rule_based_v1
2026-08-16T11:00,2026-08-16,11,23,90.97,0.0,idle,27.805,4000.0,699.335,rule_based_v1
2026-08-16T11:05,2026-08-16,11,23,90.97,0.0,idle,27.819,4000.0,699.335,rule_based_v1
2026-08-16T11:10,2026-08-16,11,23,90.97,0.0,idle,27.832,4000.0,699.335,rule_based_v1
2026-08-16T11:15,2026-08-16,11,23,90.97,0.0,idle,27.845,4000.0,699.335,rule_based_v1
2026-08-16T11:20,2026-08-16,11,23,90.97,0.0,idle,27.858,4000.0,699.335,rule_based_v1
2026-08-16T11:25,2026-08-16,11,23,90.97,0.0,idle,27.87,4000.0,699.335,rule_based_v1
2026-08-16T11:30,2026-08-16,11,24,90.97,0.0,idle,27.882,4000.0,699.335,rule_based_v1
2026-08-16T11:35,2026-08-16,11,24,90.97,0.0,idle,27.894,4000.0,699.335,rule_based_v1
2026-08-16T11:40,2026-08-16,11,24,90.97,0.0,idle,27.906,4000.0,699.335,rule_based_v1
2026-08-16T11:45,2026-08-16,11,24,90.97,0.0,idle,27.917,4000.0,699.335,rule_based_v1
2026-08-16T11:50,2026-08-16,11,24,90.97,0.0,idle,27.928,4000.0,699.335,rule_based_v1
2026-08-16T11:55,2026-08-16,11,24,90.97,0.0,idle,27.939,4000.0,699.335,rule_based_v1
2026-08-16T12:00,2026-08-16,12,25,90.97,0.0,idle,27.949,4000.0,699.335,rule_based_v1
2026-08-16T12:05,2026-08-16,12,25,90.97,0.0,idle,27.959,4000.0,699.335,rule_based_v1
2026-08-16T12:10,2026-08-16,12,25,90.97,0.0,idle,27.968,4000.0,699.335,rule_based_v1
2026-08-16T12:15,2026-08-16,12,25,90.97,0.0,idle,27.978,4000.0,699.335,rule_based_v1
2026-08-16T12:20,2026-08-16,12,25,90.97,0.0,idle,27.987,4000.0,699.335,rule_based_v1
2026-08-16T12:25,2026-08-16,12,25,90.97,0.0,idle,27.995,4000.0,699.335,rule_based_v1
2026-08-16T12:30,2026-08-16,12,26,90.97,0.0,idle,28.003,4000.0,699.335,rule_based_v1
2026-08-16T12:35,2026-08-16,12,26,90.97,0.0,idle,28.011,4000.0,699.335,rule_based_v1
2026-08-16T12:40,2026-08-16,12,26,90.97,0.0,idle,28.018,4000.0,699.335,rule_based_v1
2026-08-16T12:45,2026-08-16,12,26,90.97,0.0,idle,28.025,4000.0,699.335,rule_based_v1
2026-08-16T12:50,2026-08-16,12,26,90.97,0.0,idle,28.031,4000.0,699.335,rule_based_v1
2026-08-16T12:55,2026-08-16,12,26,90.97,0.0,idle,28.037,4000.0,699.335,rule_based_v1
2026-08-16T13:00,2026-08-16,13,27,90.97,0.0,idle,28.043,4000.0,699.335,rule_based_v1
2026-08-16T13:05,2026-08-16,13,27,90.97,0.0,idle,28.048,4000.0,699.335,rule_based_v1
2026-08-16T13:10,2026-08-16,13,27,90.97,0.0,idle,28.053,4000.0,699.335,rule_based_v1
2026-08-16T13:15,2026-08-16,13,27,90.97,0.0,idle,28.057,4000.0,699.335,rule_based_v1
2026-08-16T13:20,2026-08-16,13,27,90.97,0.0,idle,28.061,4000.0,699.335,rule_based_v1
2026-08-16T13:25,2026-08-16,13,27,90.97,0.0,idle,28.064,4000.0,699.335,rule_based_v1
2026-08-16T13:30,2026-08-16,13,28,90.97,0.0,idle,28.067,4000.0,699.335,rule_based_v1
2026-08-16T13:35,2026-08-16,13,28,90.97,0.0,idle,28.07,4000.0,699.335,rule_based_v1
2026-08-16T13:40,2026-08-16,13,28,90.97,0.0,idle,28.072,4000.0,699.335,rule_based_v1
2026-08-16T13:45,2026-08-16,13,28,90.97,0.0,idle,28.073,4000.0,699.335,rule_based_v1
2026-08-16T13:50,2026-08-16,13,28,90.97,0.0,idle,28.074,4000.0,699.335,rule_based_v1
2026-08-16T13:55,2026-08-16,13,28,90.97,0.0,idle,28.075,4000.0,699.335,rule_based_v1
2026-08-16T14:00,2026-08-16,14,29,90.97,0.0,idle,28.075,4000.0,699.335,rule_based_v1
2026-08-16T14:05,2026-08-16,14,29,90.97,0.0,idle,28.075,4000.0,699.335,rule_based_v1
2026-08-16T14:10,2026-08-16,14,29,90.97,0.0,idle,28.075,4000.0,699.335,rule_based_v1
2026-08-16T14:15,2026-08-16,14,29,90.97,0.0,idle,28.075,4000.0,699.335,rule_based_v1
2026-08-16T14:20,2026-08-16,14,29,90.97,0.0,idle,28.074,4000.0,699.335,rule_based_v1
2026-08-16T14:25,2026-08-16,14,29,90.97,0.0,idle,28.073,4000.0,699.335,rule_based_v1
2026-08-16T14:30,2026-08-16,14,30,90.97,0.0,idle,28.072,4000.0,699.335,rule_based_v1
2026-08-16T14:35,2026-08-16,14,30,90.97,0.0,idle,28.071,4000.0,699.335,rule_based_v1
2026-08-16T14:40,2026-08-16,14,30,90.97,0.0,idle,28.07,4000.0,699.335,rule_based_v1
2026-08-16T14:45,2026-08-16,14,30,90.97,0.0,idle,28.069,4000.0,699.335,rule_based_v1
2026-08-16T14:50,2026-08-16,14,30,90.97,0.0,idle,28.067,4000.0,699.335,rule_based_v1
2026-08-16T14:55,2026-08-16,14,30,90.97,0.0,idle,28.065,4000.0,699.335,rule_based_v1
2026-08-16T15:00,2026-08-16,15,31,90.97,0.0,idle,28.064,4000.0,699.335,rule_based_v1
2026-08-16T15:05,2026-08-16,15,31,90.97,0.0,idle,28.061,4000.0,699.335,rule_based_v1
2026-08-16T15:10,2026-08-16,15,31,90.97,0.0,idle,28.059,4000.0,699.335,rule_based_v1
2026-08-16T15:15,2026-08-16,15,31,90.97,0.0,idle,28.057,4000.0,699.335,rule_based_v1
2026-08-16T15:20,2026-08-16,15,31,90.97,0.0,idle,28.054,4000.0,699.335,rule_based_v1
2026-08-16T15:25,2026-08-16,15,31,90.97,0.0,idle,28.052,4000.0,699.335,rule_based_v1
2026-08-16T15:30,2026-08-16,15,32,90.97,0.0,idle,28.049,4000.0,699.335,rule_based_v1
2026-08-16T15:35,2026-08-16,15,32,90.97,0.0,idle,28.046,4000.0,699.335,rule_based_v1
2026-08-16T15:40,2026-08-16,15,32,90.97,0.0,idle,28.043,4000.0,699.335,rule_based_v1
2026-08-16T15:45,2026-08-16,15,32,90.97,0.0,idle,28.039,4000.0,699.335,rule_based_v1
2026-08-16T15:50,2026-08-16,15,32,90.97,0.0,idle,28.036,4000.0,699.335,rule_based_v1
2026-08-16T15:55,2026-08-16,15,32,90.97,0.0,idle,28.032,4000.0,699.335,rule_based_v1
2026-08-16T16:00,2026-08-16,16,33,90.97,0.0,idle,28.029,4000.0,699.335,rule_based_v1
2026-08-16T16:05,2026-08-16,16,33,90.97,0.0,idle,28.025,4000.0,699.335,rule_based_v1
2026-08-16T16:10,2026-08-16,16,33,90.97,0.0,idle,28.021,4000.0,699.335,rule_based_v1
2026-08-16T16:15,2026-08-16,16,33,90.97,0.0,idle,28.016,4000.0,699.335,rule_based_v1
2026-08-16T16:20,2026-08-16,16,33,90.97,0.0,idle,28.012,4000.0,699.335,rule_based_v1
2026-08-16T16:25,2026-08-16,16,33,90.97,0.0,idle,28.008,4000.0,699.335,rule_based_v1
2026-08-16T16:30,2026-08-16,16,34,90.97,0.0,idle,28.003,4000.0,699.335,rule_based_v1
2026-08-16T16:35,2026-08-16,16,34,90.97,0.0,idle,27.998,4000.0,699.335,rule_based_v1
2026-08-16T16:40,2026-08-16,16,34,90.97,0.0,idle,27.993,4000.0,699.335,rule_based_v1
2026-08-16T16:45,2026-08-16,16,34,90.97,0.0,idle,27.988,4000.0,699.335,rule_based_v1
2026-08-16T16:50,2026-08-16,16,34,90.97,0.0,idle,27.983,4000.0,699.335,rule_based_v1
2026-08-16T16:55,2026-08-16,16,34,90.97,0.0,idle,27.978,4000.0,699.335,rule_based_v1
2026-08-16T17:00,2026-08-16,17,35,90.97,0.0,idle,27.972,4000.0,699.335,rule_based_v1
2026-08-16T17:05,2026-08-16,17,35,90.97,0.0,idle,27.967,4000.0,699.335,rule_based_v1
2026-08-16T17:10,2026-08-16,17,35,90.97,0.0,idle,27.961,4000.0,699.335,rule_based_v1
2026-08-16T17:15,2026-08-16,17,35,90.97,0.0,idle,27.955,4000.0,699.335,rule_based_v1
2026-08-16T17:20,2026-08-16,17,35,90.97,0.0,idle,27.949,4000.0,699.335,rule_based_v1
2026-08-16T17:25,2026-08-16,17,35,90.97,0.0,idle,27.943,4000.0,699.335,rule_based_v1
2026-08-16T17:30,2026-08-16,17,36,90.97,0.0,idle,27.937,4000.0,699.335,rule_based_v1
2026-08-16T17:35,2026-08-16,17,36,90.97,0.0,idle,27.93,4000.0,699.335,rule_based_v1
2026-08-16T17:40,2026-08-16,17,36,90.97,0.0,idle,27.924,4000.0,699.335,rule_based_v1
2026-08-16T17:45,2026-08-16,17,36,90.97,0.0,idle,27.917,4000.0,699.335,rule_based_v1
2026-08-16T17:50,2026-08-16,17,36,90.97,0.0,idle,27.91,4000.0,699.335,rule_based_v1
2026-08-16T17:55,2026-08-16,17,36,90.97,0.0,idle,27.904,4000.0,699.335,rule_based_v1
2026-08-16T18:00,2026-08-16,18,37,90.97,0.0,idle,27.897,4000.0,699.335,rule_based_v1
2026-08-16T18:05,2026-08-16,18,37,90.97,0.0,idle,27.89,4000.0,699.335,rule_based_v1
2026-08-16T18:10,2026-08-16,18,37,90.97,0.0,idle,27.882,4000.0,699.335,rule_based_v1
2026-08-16T18:15,2026-08-16,18,37,90.97,0.0,idle,27.875,4000.0,699.335,rule_based_v1
2026-08-16T18:20,2026-08-16,18,37,90.97,0.0,idle,27.868,4000.0,699.335,rule_based_v1
2026-08-16T18:25,2026-08-16,18,37,90.97,0.0,idle,27.86,4000.0,699.335,rule_based_v1
2026-08-16T18:30,2026-08-16,18,38,90.97,0.0,idle,27.853,4000.0,699.335,rule_based_v1
2026-08-16T18:35,2026-08-16,18,38,90.97,0.0,idle,27.845,4000.0,699.335,rule_based_v1
2026-08-16T18:40,2026-08-16,18,38,90.97,0.0,idle,27.837,4000.0,699.335,rule_based_v1
2026-08-16T18:45,2026-08-16,18,38,90.97,0.0,idle,27.829,4000.0,699.335,rule_based_v1
2026-08-16T18:50,2026-08-16,18,38,90.97,0.0,idle,27.821,4000.0,699.335,rule_based_v1
2026-08-16T18:55,2026-08-16,18,38,90.97,0.0,idle,27.813,4000.0,699.335,rule_based_v1
2026-08-16T19:00,2026-08-16,19,39,90.97,0.0,idle,27.805,4000.0,699.335,rule_based_v1
2026-08-16T19:05,2026-08-16,19,39,90.97,0.0,idle,27.797,4000.0,699.335,rule_based_v1
2026-08-16T19:10,2026-08-16,19,39,90.97,0.0,idle,27.789,4000.0,699.335,rule_based_v1
2026-08-16T19:15,2026-08-16,19,39,90.97,0.0,idle,27.78,4000.0,699.335,rule_based_v1
2026-08-16T19:20,2026-08-16,19,39,90.97,0.0,idle,27.772,4000.0,699.335,rule_based_v1
2026-08-16T19:25,2026-08-16,19,39,90.97,0.0,idle,27.764,4000.0,699.335,rule_based_v1
2026-08-16T19:30,2026-08-16,19,40,90.97,0.0,idle,27.755,4000.0,699.335,rule_based_v1
2026-08-16T19:35,2026-08-16,19,40,90.97,0.0,idle,27.746,4000.0,699.335,rule_based_v1
2026-08-16T19:40,2026-08-16,19,40,90.97,0.0,idle,27.738,4000.0,699.335,rule_based_v1
2026-08-16T19:45,2026-08-16,19,40,90.97,0.0,idle,27.729,4000.0,699.335,rule_based_v1
2026-08-16T19:50,2026-08-16,19,40,90.97,0.0,idle,27.72,4000.0,699.335,rule_based_v1
2026-08-16T19:55,2026-08-16,19,40,90.97,0.0,idle,27.711,4000.0,699.335,rule_based_v1
2026-08-16T20:00,2026-08-16,20,41,90.97,0.0,idle,27.702,4000.0,699.335,rule_based_v1
2026-08-16T20:05,2026-08-16,20,41,90.97,0.0,idle,27.693,4000.0,699.335,rule_based_v1
2026-08-16T20:10,2026-08-16,20,41,90.97,0.0,idle,27.684,4000.0,699.335,rule_based_v1
2026-08-16T20:15,2026-08-16,20,41,90.97,0.0,idle,27.675,4000.0,699.335,rule_based_v1
2026-08-16T20:20,2026-08-16,20,41,90.97,0.0,idle,27.666,4000.0,699.335,rule_based_v1
2026-08-16T20:25,2026-08-16,20,41,90.97,0.0,idle,27.657,4000.0,699.335,rule_based_v1
2026-08-16T20:30,2026-08-16,20,42,90.97,0.0,idle,27.648,4000.0,699.335,rule_based_v1
2026-08-16T20:35,2026-08-16,20,42,90.97,0.0,idle,27.638,4000.0,699.335,rule_based_v1
2026-08-16T20:40,2026-08-16,20,42,90.97,0.0,idle,27.629,4000.0,699.335,rule_based_v1
2026-08-16T20:45,2026-08-16,20,42,90.97,0.0,idle,27.62,4000.0,699.335,rule_based_v1
2026-08-16T20:50,2026-08-16,20,42,90.97,0.0,idle,27.61,4000.0,699.335,rule_based_v1
2026-08-16T20:55,2026-08-16,20,42,90.97,0.0,idle,27.601,4000.0,699.335,rule_based_v1
2026-08-16T21:00,2026-08-16,21,43,90.97,0.0,idle,27.592,4000.0,699.335,rule_based_v1
2026-08-16T21:05,2026-08-16,21,43,90.97,0.0,idle,27.582,4000.0,699.335,rule_based_v1
2026-08-16T21:10,2026-08-16,21,43,90.97,0.0,idle,27.573,4000.0,699.335,rule_based_v1
2026-08-16T21:15,2026-08-16,21,43,90.97,0.0,idle,27.564,4000.0,699.335,rule_based_v1
2026-08-16T21:20,2026-08-16,21,43,90.97,0.0,idle,27.554,4000.0,699.335,rule_based_v1
2026-08-16T21:25,2026-08-16,21,43,90.97,0.0,idle,27.545,4000.0,699.335,rule_based_v1
2026-08-16T21:30,2026-08-16,21,44,90.97,0.0,idle,27.535,4000.0,699.335,rule_based_v1
2026-08-16T21:35,2026-08-16,21,44,90.97,0.0,idle,27.526,4000.0,699.335,rule_based_v1
2026-08-16T21:40,2026-08-16,21,44,90.97,0.0,idle,27.516,4000.0,699.335,rule_based_v1
2026-08-16T21:45,2026-08-16,21,44,90.97,0.0,idle,27.507,4000.0,699.335,rule_based_v1
2026-08-16T21:50,2026-08-16,21,44,90.97,0.0,idle,27.498,4000.0,699.335,rule_based_v1
2026-08-16T21:55,2026-08-16,21,44,90.97,0.0,idle,27.488,4000.0,699.335,rule_based_v1
2026-08-16T22:00,2026-08-16,22,45,90.97,0.0,idle,27.479,4000.0,699.335,rule_based_v1
2026-08-16T22:05,2026-08-16,22,45,90.97,0.0,idle,27.47,4000.0,699.335,rule_based_v1
2026-08-16T22:10,2026-08-16,22,45,90.97,0.0,idle,27.46,4000.0,699.335,rule_based_v1
2026-08-16T22:15,2026-08-16,22,45,90.97,0.0,idle,27.451,4000.0,699.335,rule_based_v1
2026-08-16T22:20,2026-08-16,22,45,90.97,0.0,idle,27.442,4000.0,699.335,rule_based_v1
2026-08-16T22:25,2026-08-16,22,45,90.97,0.0,idle,27.432,4000.0,699.335,rule_based_v1
2026-08-16T22:30,2026-08-16,22,46,90.97,0.0,idle,27.423,4000.0,699.335,rule_based_v1
2026-08-16T22:35,2026-08-16,22,46,90.97,0.0,idle,27.414,4000.0,699.335,rule_based_v1
2026-08-16T22:40,2026-08-16,22,46,90.97,0.0,idle,27.405,4000.0,699.335,rule_based_v1
2026-08-16T22:45,2026-08-16,22,46,90.97,0.0,idle,27.396,4000.0,699.335,rule_based_v1
2026-08-16T22:50,2026-08-16,22,46,90.97,0.0,idle,27.386,4000.0,699.335,rule_based_v1
2026-08-16T22:55,2026-08-16,22,46,90.97,0.0,idle,27.377,4000.0,699.335,rule_based_v1
2026-08-16T23:00,2026-08-16,23,47,90.97,0.0,idle,27.368,4000.0,699.335,rule_based_v1
2026-08-16T23:05,2026-08-16,23,47,90.97,0.0,idle,27.36,4000.0,699.335,rule_based_v1
2026-08-16T23:10,2026-08-16,23,47,90.97,0.0,idle,27.351,4000.0,699.335,rule_based_v1
2026-08-16T23:15,2026-08-16,23,47,90.97,0.0,idle,27.342,4000.0,699.335,rule_based_v1
2026-08-16T23:20,2026-08-16,23,47,90.97,0.0,idle,27.333,4000.0,699.335,rule_based_v1
2026-08-16T23:25,2026-08-16,23,47,90.97,0.0,idle,27.324,4000.0,699.335,rule_based_v1
2026-08-16T23:30,2026-08-16,23,48,90.97,0.0,idle,27.316,4000.0,699.335,rule_based_v1
2026-08-16T23:35,2026-08-16,23,48,90.97,0.0,idle,27.307,4000.0,699.335,rule_based_v1
2026-08-16T23:40,2026-08-16,23,48,90.97,0.0,idle,27.299,4000.0,699.335,rule_based_v1
2026-08-16T23:45,2026-08-16,23,48,90.97,0.0,idle,27.29,4000.0,699.335,rule_based_v1
2026-08-16T23:50,2026-08-16,23,48,90.97,0.0,idle,27.282,4000.0,699.335,rule_based_v1
2026-08-16T23:55,2026-08-16,23,48,90.97,0.0,idle,27.274,4000.0,699.335,rule_based_v1
2026-08-17T00:00,2026-08-17,0,1,90.97,0.0,idle,27.265,4000.0,699.335,rule_based_v1
2026-08-17T00:05,2026-08-17,0,1,90.97,0.0,idle,27.257,4000.0,699.335,rule_based_v1
2026-08-17T00:10,2026-08-17,0,1,90.97,0.0,idle,27.249,4000.0,699.335,rule_based_v1
2026-08-17T00:15,2026-08-17,0,1,90.97,0.0,idle,27.241,4000.0,699.335,rule_based_v1
2026-08-17T00:20,2026-08-17,0,1,90.97,0.0,idle,27.233,4000.0,699.335,rule_based_v1
2026-08-17T00:25,2026-08-17,0,1,90.97,0.0,idle,27.226,4000.0,699.335,rule_based_v1
2026-08-17T00:30,2026-08-17,0,2,90.97,0.0,idle,27.218,4000.0,699.335,rule_based_v1
2026-08-17T00:35,2026-08-17,0,2,90.97,0.0,idle,27.21,4000.0,699.335,rule_based_v1
2026-08-17T00:40,2026-08-17,0,2,90.97,0.0,idle,27.203,4000.0,699.335,rule_based_v1
2026-08-17T00:45,2026-08-17,0,2,90.97,0.0,idle,27.196,4000.0,699.335,rule_based_v1
2026-08-17T00:50,2026-08-17,0,2,90.97,0.0,idle,27.188,4000.0,699.335,rule_based_v1
2026-08-17T00:55,2026-08-17,0,2,90.97,0.0,idle,27.181,4000.0,699.335,rule_based_v1
2026-08-17T01:00,2026-08-17,1,3,90.97,0.0,idle,27.174,4000.0,699.335,rule_based_v1
2026-08-17T01:05,2026-08-17,1,3,90.97,0.0,idle,27.167,4000.0,699.335,rule_based_v1
2026-08-17T01:10,2026-08-17,1,3,90.97,0.0,idle,27.16,4000.0,699.335,rule_based_v1
2026-08-17T01:15,2026-08-17,1,3,90.97,0.0,idle,27.154,4000.0,699.335,rule_based_v1
2026-08-17T01:20,2026-08-17,1,3,90.97,0.0,idle,27.147,4000.0,699.335,rule_based_v1
2026-08-17T01:25,2026-08-17,1,3,90.97,0.0,idle,27.14,4000.0,699.335,rule_based_v1
2026-08-17T01:30,2026-08-17,1,4,90.97,0.0,idle,27.134,4000.0,699.335,rule_based_v1
2026-08-17T01:35,2026-08-17,1,4,90.97,0.0,idle,27.128,4000.0,699.335,rule_based_v1
2026-08-17T01:40,2026-08-17,1,4,90.97,0.0,idle,27.122,4000.0,699.335,rule_based_v1
2026-08-17T01:45,2026-08-17,1,4,90.97,0.0,idle,27.116,4000.0,699.335,rule_based_v1
2026-08-17T01:50,2026-08-17,1,4,90.97,0.0,idle,27.11,4000.0,699.335,rule_based_v1
2026-08-17T01:55,2026-08-17,1,4,90.97,0.0,idle,27.104,4000.0,699.335,rule_based_v1
2026-08-17T02:00,2026-08-17,2,5,90.97,0.0,idle,27.098,4000.0,699.335,rule_based_v1
2026-08-17T02:05,2026-08-17,2,5,90.97,0.0,idle,27.093,4000.0,699.335,rule_based_v1
2026-08-17T02:10,2026-08-17,2,5,90.97,0.0,idle,27.088,4000.0,699.335,rule_based_v1
2026-08-17T02:15,2026-08-17,2,5,90.97,0.0,idle,27.082,4000.0,699.335,rule_based_v1
2026-08-17T02:20,2026-08-17,2,5,90.97,0.0,idle,27.077,4000.0,699.335,rule_based_v1
2026-08-17T02:25,2026-08-17,2,5,90.97,0.0,idle,27.072,4000.0,699.335,rule_based_v1
2026-08-17T02:30,2026-08-17,2,6,90.97,0.0,idle,27.068,4000.0,699.335,rule_based_v1
2026-08-17T02:35,2026-08-17,2,6,90.97,0.0,idle,27.063,4000.0,699.335,rule_based_v1
2026-08-17T02:40,2026-08-17,2,6,90.97,0.0,idle,27.059,4000.0,699.335,rule_based_v1
2026-08-17T02:45,2026-08-17,2,6,90.97,0.0,idle,27.054,4000.0,699.335,rule_based_v1
2026-08-17T02:50,2026-08-17,2,6,90.97,0.0,idle,27.05,4000.0,699.335,rule_based_v1
2026-08-17T02:55,2026-08-17,2,6,90.97,0.0,idle,27.046,4000.0,699.335,rule_based_v1
2026-08-17T03:00,2026-08-17,3,7,90.97,0.0,idle,27.042,4000.0,699.335,rule_based_v1
2026-08-17T03:05,2026-08-17,3,7,90.97,0.0,idle,27.038,4000.0,699.335,rule_based_v1
2026-08-17T03:10,2026-08-17,3,7,90.97,0.0,idle,27.035,4000.0,699.335,rule_based_v1
2026-08-17T03:15,2026-08-17,3,7,90.97,0.0,idle,27.031,4000.0,699.335,rule_based_v1
2026-08-17T03:20,2026-08-17,3,7,90.97,0.0,idle,27.028,4000.0,699.335,rule_based_v1
2026-08-17T03:25,2026-08-17,3,7,90.97,0.0,idle,27.025,4000.0,699.335,rule_based_v1
2026-08-17T03:30,2026-08-17,3,8,90.97,0.0,idle,27.022,4000.0,699.335,rule_based_v1
2026-08-17T03:35,2026-08-17,3,8,90.97,0.0,idle,27.019,4000.0,699.335,rule_based_v1
2026-08-17T03:40,2026-08-17,3,8,90.97,0.0,idle,27.016,4000.0,699.335,rule_based_v1
2026-08-17T03:45,2026-08-17,3,8,90.97,0.0,idle,27.014,4000.0,699.335,rule_based_v1
2026-08-17T03:50,2026-08-17,3,8,90.97,0.0,idle,27.011,4000.0,699.335,rule_based_v1
2026-08-17T03:55,2026-08-17,3,8,90.97,0.0,idle,27.009,4000.0,699.335,rule_based_v1
2026-08-17T04:00,2026-08-17,4,9,90.97,0.0,idle,27.007,4000.0,699.335,rule_based_v1
2026-08-17T04:05,2026-08-17,4,9,90.97,0.0,idle,27.005,4000.0,699.335,rule_based_v1
2026-08-17T04:10,2026-08-17,4,9,90.97,0.0,idle,27.004,4000.0,699.335,rule_based_v1
2026-08-17T04:15,2026-08-17,4,9,90.97,0.0,idle,27.002,4000.0,699.335,rule_based_v1
2026-08-17T04:20,2026-08-17,4,9,90.97,0.0,idle,27.001,4000.0,699.335,rule_based_v1
2026-08-17T04:25,2026-08-17,4,9,90.97,0.0,idle,26.999,4000.0,699.335,rule_based_v1
2026-08-17T04:30,2026-08-17,4,10,90.97,0.0,idle,26.998,4000.0,699.335,rule_based_v1
2026-08-17T04:35,2026-08-17,4,10,90.97,0.0,idle,26.997,4000.0,699.335,rule_based_v1
2026-08-17T04:40,2026-08-17,4,10,90.97,0.0,idle,26.997,4000.0,699.335,rule_based_v1
2026-08-17T04:45,2026-08-17,4,10,90.97,0.0,idle,26.996,4000.0,699.335,rule_based_v1
2026-08-17T04:50,2026-08-17,4,10,90.97,0.0,idle,26.996,4000.0,699.335,rule_based_v1
2026-08-17T04:55,2026-08-17,4,10,90.97,0.0,idle,26.995,4000.0,699.335,rule_based_v1
2026-08-17T05:00,2026-08-17,5,11,90.97,0.0,idle,27.264,4000.0,699.335,rule_based_v1
2026-08-17T05:05,2026-08-17,5,11,90.97,0.0,idle,27.264,4000.0,699.335,rule_based_v1
2026-08-17T05:10,2026-08-17,5,11,90.97,0.0,idle,27.265,4000.0,699.335,rule_based_v1
2026-08-17T05:15,2026-08-17,5,11,90.97,0.0,idle,27.266,4000.0,699.335,rule_based_v1
2026-08-17T05:20,2026-08-17,5,11,90.97,0.0,idle,27.268,4000.0,699.335,rule_based_v1
2026-08-17T05:25,2026-08-17,5,11,90.97,0.0,idle,27.27,4000.0,699.335,rule_based_v1
2026-08-17T05:30,2026-08-17,5,12,90.97,0.0,idle,27.272,4000.0,699.335,rule_based_v1
2026-08-17T05:35,2026-08-17,5,12,90.97,0.0,idle,27.275,4000.0,699.335,rule_based_v1
2026-08-17T05:40,2026-08-17,5,12,90.97,0.0,idle,27.279,4000.0,699.335,rule_based_v1
2026-08-17T05:45,2026-08-17,5,12,90.97,0.0,idle,27.282,4000.0,699.335,rule_based_v1
2026-08-17T05:50,2026-08-17,5,12,90.97,0.0,idle,27.287,4000.0,699.335,rule_based_v1
2026-08-17T05:55,2026-08-17,5,12,90.97,0.0,idle,27.291,4000.0,699.335,rule_based_v1
2026-08-17T06:00,2026-08-17,6,13,90.97,0.0,idle,27.297,4000.0,699.335,rule_based_v1
2026-08-17T06:05,2026-08-17,6,13,90.97,0.0,idle,27.302,4000.0,699.335,rule_based_v1
2026-08-17T06:10,2026-08-17,6,13,90.97,0.0,idle,27.308,4000.0,699.335,rule_based_v1
2026-08-17T06:15,2026-08-17,6,13,90.97,0.0,idle,27.315,4000.0,699.335,rule_based_v1
2026-08-17T06:20,2026-08-17,6,13,90.97,0.0,idle,27.321,4000.0,699.335,rule_based_v1
2026-08-17T06:25,2026-08-17,6,13,90.97,0.0,idle,27.329,4000.0,699.335,rule_based_v1
2026-08-17T06:30,2026-08-17,6,14,90.97,0.0,idle,27.336,4000.0,699.335,rule_based_v1
2026-08-17T06:35,2026-08-17,6,14,90.97,0.0,idle,27.344,4000.0,699.335,rule_based_v1
2026-08-17T06:40,2026-08-17,6,14,90.97,0.0,idle,27.353,4000.0,699.335,rule_based_v1
2026-08-17T06:45,2026-08-17,6,14,90.97,0.0,idle,27.362,4000.0,699.335,rule_based_v1
2026-08-17T06:50,2026-08-17,6,14,90.97,0.0,idle,27.371,4000.0,699.335,rule_based_v1
2026-08-17T06:55,2026-08-17,6,14,90.97,0.0,idle,27.38,4000.0,699.335,rule_based_v1
2026-08-17T07:00,2026-08-17,7,15,90.97,0.0,idle,27.39,4000.0,699.335,rule_based_v1
2026-08-17T07:05,2026-08-17,7,15,90.97,0.0,idle,27.401,4000.0,699.335,rule_based_v1
2026-08-17T07:10,2026-08-17,7,15,90.97,0.0,idle,27.411,4000.0,699.335,rule_based_v1
2026-08-17T07:15,2026-08-17,7,15,90.97,0.0,idle,27.422,4000.0,699.335,rule_based_v1
2026-08-17T07:20,2026-08-17,7,15,90.97,0.0,idle,27.433,4000.0,699.335,rule_based_v1
2026-08-17T07:25,2026-08-17,7,15,90.97,0.0,idle,27.445,4000.0,699.335,rule_based_v1
2026-08-17T07:30,2026-08-17,7,16,90.97,0.0,idle,27.457,4000.0,699.335,rule_based_v1
2026-08-17T07:35,2026-08-17,7,16,90.97,0.0,idle,27.469,4000.0,699.335,rule_based_v1
2026-08-17T07:40,2026-08-17,7,16,90.97,0.0,idle,27.482,4000.0,699.335,rule_based_v1
2026-08-17T07:45,2026-08-17,7,16,90.97,0.0,idle,27.494,4000.0,699.335,rule_based_v1
2026-08-17T07:50,2026-08-17,7,16,90.97,0.0,idle,27.507,4000.0,699.335,rule_based_v1
2026-08-17T07:55,2026-08-17,7,16,90.97,0.0,idle,27.521,4000.0,699.335,rule_based_v1
2026-08-17T08:00,2026-08-17,8,17,90.97,0.0,idle,27.534,4000.0,699.335,rule_based_v1
2026-08-17T08:05,2026-08-17,8,17,90.97,0.0,idle,27.548,4000.0,699.335,rule_based_v1
2026-08-17T08:10,2026-08-17,8,17,90.97,0.0,idle,27.562,4000.0,699.335,rule_based_v1
2026-08-17T08:15,2026-08-17,8,17,90.97,0.0,idle,27.576,4000.0,699.335,rule_based_v1
2026-08-17T08:20,2026-08-17,8,17,90.97,0.0,idle,27.59,4000.0,699.335,rule_based_v1
2026-08-17T08:25,2026-08-17,8,17,90.97,0.0,idle,27.605,4000.0,699.335,rule_based_v1
2026-08-17T08:30,2026-08-17,8,18,90.97,0.0,idle,27.619,4000.0,699.335,rule_based_v1
2026-08-17T08:35,2026-08-17,8,18,90.97,0.0,idle,27.634,4000.0,699.335,rule_based_v1
2026-08-17T08:40,2026-08-17,8,18,90.97,0.0,idle,27.649,4000.0,699.335,rule_based_v1
2026-08-17T08:45,2026-08-17,8,18,90.97,0.0,idle,27.664,4000.0,699.335,rule_based_v1
2026-08-17T08:50,2026-08-17,8,18,90.97,0.0,idle,27.679,4000.0,699.335,rule_based_v1
2026-08-17T08:55,2026-08-17,8,18,90.97,0.0,idle,27.695,4000.0,699.335,rule_based_v1
2026-08-17T09:00,2026-08-17,9,19,90.97,0.0,idle,27.71,4000.0,699.335,rule_based_v1
2026-08-17T09:05,2026-08-17,9,19,90.97,0.0,idle,27.726,4000.0,699.335,rule_based_v1
2026-08-17T09:10,2026-08-17,9,19,90.97,0.0,idle,27.741,4000.0,699.335,rule_based_v1
2026-08-17T09:15,2026-08-17,9,19,90.97,0.0,idle,27.757,4000.0,699.335,rule_based_v1
2026-08-17T09:20,2026-08-17,9,19,90.97,0.0,idle,27.773,4000.0,699.335,rule_based_v1
2026-08-17T09:25,2026-08-17,9,19,90.97,0.0,idle,27.788,4000.0,699.335,rule_based_v1
2026-08-17T09:30,2026-08-17,9,20,90.97,0.0,idle,27.804,4000.0,699.335,rule_based_v1
2026-08-17T09:35,2026-08-17,9,20,90.97,0.0,idle,27.82,4000.0,699.335,rule_based_v1
2026-08-17T09:40,2026-08-17,9,20,90.97,0.0,idle,27.835,4000.0,699.335,rule_based_v1
2026-08-17T09:45,2026-08-17,9,20,90.97,0.0,idle,27.851,4000.0,699.335,rule_based_v1
2026-08-17T09:50,2026-08-17,9,20,90.97,0.0,idle,27.867,4000.0,699.335,rule_based_v1
2026-08-17T09:55,2026-08-17,9,20,90.97,0.0,idle,27.882,4000.0,699.335,rule_based_v1
2026-08-17T10:00,2026-08-17,10,21,90.97,0.0,idle,27.898,4000.0,699.335,rule_based_v1
2026-08-17T10:05,2026-08-17,10,21,90.97,0.0,idle,27.913,4000.0,699.335,rule_based_v1
2026-08-17T10:10,2026-08-17,10,21,90.97,0.0,idle,27.929,4000.0,699.335,rule_based_v1
2026-08-17T10:15,2026-08-17,10,21,90.97,0.0,idle,27.944,4000.0,699.335,rule_based_v1
2026-08-17T10:20,2026-08-17,10,21,90.97,0.0,idle,27.959,4000.0,699.335,rule_based_v1
2026-08-17T10:25,2026-08-17,10,21,90.97,0.0,idle,27.974,4000.0,699.335,rule_based_v1
2026-08-17T10:30,2026-08-17,10,22,90.97,0.0,idle,27.989,4000.0,699.335,rule_based_v1
2026-08-17T10:35,2026-08-17,10,22,90.97,0.0,idle,28.003,4000.0,699.335,rule_based_v1
2026-08-17T10:40,2026-08-17,10,22,90.97,0.0,idle,28.018,4000.0,699.335,rule_based_v1
2026-08-17T10:45,2026-08-17,10,22,90.97,0.0,idle,28.032,4000.0,699.335,rule_based_v1
2026-08-17T10:50,2026-08-17,10,22,90.97,0.0,idle,28.046,4000.0,699.335,rule_based_v1
2026-08-17T10:55,2026-08-17,10,22,90.97,0.0,idle,28.06,4000.0,699.335,rule_based_v1
2026-08-17T11:00,2026-08-17,11,23,90.97,0.0,idle,28.074,4000.0,699.335,rule_based_v1
2026-08-17T11:05,2026-08-17,11,23,90.97,0.0,idle,28.087,4000.0,699.335,rule_based_v1
2026-08-17T11:10,2026-08-17,11,23,90.97,0.0,idle,28.101,4000.0,699.335,rule_based_v1
2026-08-17T11:15,2026-08-17,11,23,90.97,0.0,idle,28.114,4000.0,699.335,rule_based_v1
2026-08-17T11:20,2026-08-17,11,23,90.97,0.0,idle,28.126,4000.0,699.335,rule_based_v1
2026-08-17T11:25,2026-08-17,11,23,90.97,0.0,idle,28.139,4000.0,699.335,rule_based_v1
2026-08-17T11:30,2026-08-17,11,24,90.97,0.0,idle,28.151,4000.0,699.335,rule_based_v1
2026-08-17T11:35,2026-08-17,11,24,90.97,0.0,idle,28.163,4000.0,699.335,rule_based_v1
2026-08-17T11:40,2026-08-17,11,24,90.97,0.0,idle,28.175,4000.0,699.335,rule_based_v1
2026-08-17T11:45,2026-08-17,11,24,90.97,0.0,idle,28.186,4000.0,699.335,rule_based_v1
2026-08-17T11:50,2026-08-17,11,24,90.97,0.0,idle,28.197,4000.0,699.335,rule_based_v1
2026-08-17T11:55,2026-08-17,11,24,90.97,0.0,idle,28.207,4000.0,699.335,rule_based_v1
2026-08-17T12:00,2026-08-17,12,25,90.97,64.33,discharge,28.295,4000.0,699.335,rule_based_v1
2026-08-17T12:05,2026-08-17,12,25,90.897,64.33,discharge,28.305,4000.0,711.948,rule_based_v1
2026-08-17T12:10,2026-08-17,12,25,90.825,64.33,discharge,28.314,4000.0,724.561,rule_based_v1
2026-08-17T12:15,2026-08-17,12,25,90.752,64.33,discharge,28.324,4000.0,737.173,rule_based_v1
2026-08-17T12:20,2026-08-17,12,25,90.679,64.33,discharge,28.332,4000.0,749.786,rule_based_v1
2026-08-17T12:25,2026-08-17,12,25,90.607,64.33,discharge,28.341,4000.0,762.398,rule_based_v1
2026-08-17T12:30,2026-08-17,12,26,90.534,0.0,idle,28.272,4000.0,775.011,rule_based_v1
2026-08-17T12:35,2026-08-17,12,26,90.534,0.0,idle,28.279,4000.0,775.011,rule_based_v1
2026-08-17T12:40,2026-08-17,12,26,90.534,0.0,idle,28.287,4000.0,775.011,rule_based_v1
2026-08-17T12:45,2026-08-17,12,26,90.534,0.0,idle,28.293,4000.0,775.011,rule_based_v1
2026-08-17T12:50,2026-08-17,12,26,90.534,0.0,idle,28.3,4000.0,775.011,rule_based_v1
2026-08-17T12:55,2026-08-17,12,26,90.534,0.0,idle,28.306,4000.0,775.011,rule_based_v1
2026-08-17T13:00,2026-08-17,13,27,90.534,0.0,idle,28.311,4000.0,775.011,rule_based_v1
2026-08-17T13:05,2026-08-17,13,27,90.534,0.0,idle,28.317,4000.0,775.011,rule_based_v1
2026-08-17T13:10,2026-08-17,13,27,90.534,0.0,idle,28.321,4000.0,775.011,rule_based_v1
2026-08-17T13:15,2026-08-17,13,27,90.534,0.0,idle,28.326,4000.0,775.011,rule_based_v1
2026-08-17T13:20,2026-08-17,13,27,90.534,0.0,idle,28.329,4000.0,775.011,rule_based_v1
2026-08-17T13:25,2026-08-17,13,27,90.534,0.0,idle,28.333,4000.0,775.011,rule_based_v1
2026-08-17T13:30,2026-08-17,13,28,90.534,0.0,idle,28.336,4000.0,775.011,rule_based_v1
2026-08-17T13:35,2026-08-17,13,28,90.534,0.0,idle,28.338,4000.0,775.011,rule_based_v1
2026-08-17T13:40,2026-08-17,13,28,90.534,0.0,idle,28.34,4000.0,775.011,rule_based_v1
2026-08-17T13:45,2026-08-17,13,28,90.534,0.0,idle,28.342,4000.0,775.011,rule_based_v1
2026-08-17T13:50,2026-08-17,13,28,90.534,0.0,idle,28.343,4000.0,775.011,rule_based_v1
2026-08-17T13:55,2026-08-17,13,28,90.534,0.0,idle,28.344,4000.0,775.011,rule_based_v1
2026-08-17T14:00,2026-08-17,14,29,90.534,0.0,idle,28.344,4000.0,775.011,rule_based_v1
2026-08-17T14:05,2026-08-17,14,29,90.534,0.0,idle,28.344,4000.0,775.011,rule_based_v1
2026-08-17T14:10,2026-08-17,14,29,90.534,0.0,idle,28.344,4000.0,775.011,rule_based_v1
2026-08-17T14:15,2026-08-17,14,29,90.534,0.0,idle,28.343,4000.0,775.011,rule_based_v1
2026-08-17T14:20,2026-08-17,14,29,90.534,0.0,idle,28.343,4000.0,775.011,rule_based_v1
2026-08-17T14:25,2026-08-17,14,29,90.534,0.0,idle,28.342,4000.0,775.011,rule_based_v1
2026-08-17T14:30,2026-08-17,14,30,90.534,0.0,idle,28.341,4000.0,775.011,rule_based_v1
2026-08-17T14:35,2026-08-17,14,30,90.534,0.0,idle,28.34,4000.0,775.011,rule_based_v1
2026-08-17T14:40,2026-08-17,14,30,90.534,0.0,idle,28.339,4000.0,775.011,rule_based_v1
2026-08-17T14:45,2026-08-17,14,30,90.534,0.0,idle,28.337,4000.0,775.011,rule_based_v1
2026-08-17T14:50,2026-08-17,14,30,90.534,0.0,idle,28.336,4000.0,775.011,rule_based_v1
2026-08-17T14:55,2026-08-17,14,30,90.534,0.0,idle,28.334,4000.0,775.011,rule_based_v1
2026-08-17T15:00,2026-08-17,15,31,90.534,0.0,idle,28.332,4000.0,775.011,rule_based_v1
2026-08-17T15:05,2026-08-17,15,31,90.534,0.0,idle,28.33,4000.0,775.011,rule_based_v1
2026-08-17T15:10,2026-08-17,15,31,90.534,0.0,idle,28.328,4000.0,775.011,rule_based_v1
2026-08-17T15:15,2026-08-17,15,31,90.534,0.0,idle,28.326,4000.0,775.011,rule_based_v1
2026-08-17T15:20,2026-08-17,15,31,90.534,0.0,idle,28.323,4000.0,775.011,rule_based_v1
2026-08-17T15:25,2026-08-17,15,31,90.534,0.0,idle,28.32,4000.0,775.011,rule_based_v1
2026-08-17T15:30,2026-08-17,15,32,90.534,733.593,discharge,29.198,4000.0,775.011,rule_based_v1
2026-08-17T15:35,2026-08-17,15,32,89.705,733.593,discharge,29.195,4000.0,918.838,rule_based_v1
2026-08-17T15:40,2026-08-17,15,32,88.876,733.593,discharge,29.192,4000.0,1062.666,rule_based_v1
2026-08-17T15:45,2026-08-17,15,32,88.048,733.593,discharge,29.188,4000.0,1206.494,rule_based_v1
2026-08-17T15:50,2026-08-17,15,32,87.219,733.593,discharge,29.185,4000.0,1350.321,rule_based_v1
2026-08-17T15:55,2026-08-17,15,32,86.39,733.593,discharge,29.181,4000.0,1494.149,rule_based_v1
2026-08-17T16:00,2026-08-17,16,33,85.561,95.805,discharge,28.412,4000.0,1637.976,rule_based_v1
2026-08-17T16:05,2026-08-17,16,33,85.453,95.805,discharge,28.408,4000.0,1656.76,rule_based_v1
2026-08-17T16:10,2026-08-17,16,33,85.345,95.805,discharge,28.404,4000.0,1675.543,rule_based_v1
2026-08-17T16:15,2026-08-17,16,33,85.236,95.805,discharge,28.4,4000.0,1694.327,rule_based_v1
2026-08-17T16:20,2026-08-17,16,33,85.128,95.805,discharge,28.396,4000.0,1713.11,rule_based_v1
2026-08-17T16:25,2026-08-17,16,33,85.02,95.805,discharge,28.391,4000.0,1731.893,rule_based_v1
2026-08-17T16:30,2026-08-17,16,34,84.912,212.138,discharge,28.526,4000.0,1750.677,rule_based_v1
2026-08-17T16:35,2026-08-17,16,34,84.672,212.138,discharge,28.521,4000.0,1792.268,rule_based_v1
2026-08-17T16:40,2026-08-17,16,34,84.432,212.138,discharge,28.517,4000.0,1833.86,rule_based_v1
2026-08-17T16:45,2026-08-17,16,34,84.193,212.138,discharge,28.511,4000.0,1875.452,rule_based_v1
2026-08-17T16:50,2026-08-17,16,34,83.953,212.138,discharge,28.506,4000.0,1917.043,rule_based_v1
2026-08-17T16:55,2026-08-17,16,34,83.713,212.138,discharge,28.501,4000.0,1958.635,rule_based_v1
2026-08-17T17:00,2026-08-17,17,35,83.474,398.05,discharge,28.719,4000.0,2000.227,rule_based_v1
2026-08-17T17:05,2026-08-17,17,35,83.024,398.05,discharge,28.713,4000.0,2078.268,rule_based_v1
2026-08-17T17:10,2026-08-17,17,35,82.574,398.05,discharge,28.707,4000.0,2156.309,rule_based_v1
2026-08-17T17:15,2026-08-17,17,35,82.125,398.05,discharge,28.701,4000.0,2234.351,rule_based_v1
2026-08-17T17:20,2026-08-17,17,35,81.675,398.05,discharge,28.695,4000.0,2312.392,rule_based_v1
2026-08-17T17:25,2026-08-17,17,35,81.225,398.05,discharge,28.689,4000.0,2390.433,rule_based_v1
2026-08-17T17:30,2026-08-17,17,36,80.775,873.059,discharge,29.253,4000.0,2468.475,rule_based_v1
2026-08-17T17:35,2026-08-17,17,36,79.789,873.059,discharge,29.247,4000.0,2639.646,rule_based_v1
2026-08-17T17:40,2026-08-17,17,36,78.803,873.059,discharge,29.24,4000.0,2810.817,rule_based_v1
2026-08-17T17:45,2026-08-17,17,36,77.816,873.059,discharge,29.234,4000.0,2981.988,rule_based_v1
2026-08-17T17:50,2026-08-17,17,36,76.83,873.059,discharge,29.227,4000.0,3153.159,rule_based_v1
2026-08-17T17:55,2026-08-17,17,36,75.844,873.059,discharge,29.22,4000.0,3324.33,rule_based_v1
2026-08-17T18:00,2026-08-17,18,37,74.857,446.71,discharge,28.701,4000.0,3495.502,rule_based_v1
2026-08-17T18:05,2026-08-17,18,37,74.352,446.71,discharge,28.694,4000.0,3583.083,rule_based_v1
2026-08-17T18:10,2026-08-17,18,37,73.848,446.71,discharge,28.687,4000.0,3670.665,rule_based_v1
2026-08-17T18:15,2026-08-17,18,37,73.343,446.71,discharge,28.68,4000.0,3758.246,rule_based_v1
2026-08-17T18:20,2026-08-17,18,37,72.838,446.71,discharge,28.673,4000.0,3845.828,rule_based_v1
2026-08-17T18:25,2026-08-17,18,37,72.334,446.71,discharge,28.665,4000.0,3933.409,rule_based_v1
2026-08-17T18:30,2026-08-17,18,38,71.829,62.469,discharge,28.196,4000.0,4000.0,rule_based_v1
2026-08-17T18:35,2026-08-17,18,38,71.758,62.469,discharge,28.189,4000.0,4000.0,rule_based_v1
2026-08-17T18:40,2026-08-17,18,38,71.688,62.469,discharge,28.181,4000.0,4000.0,rule_based_v1
2026-08-17T18:45,2026-08-17,18,38,71.617,62.469,discharge,28.173,4000.0,4000.0,rule_based_v1
2026-08-17T18:50,2026-08-17,18,38,71.547,62.469,discharge,28.165,4000.0,4000.0,rule_based_v1
2026-08-17T18:55,2026-08-17,18,38,71.476,62.469,discharge,28.157,4000.0,4000.0,rule_based_v1
2026-08-17T19:00,2026-08-17,19,39,71.406,890.413,discharge,29.142,4000.0,4000.0,rule_based_v1
2026-08-17T19:05,2026-08-17,19,39,70.4,890.413,discharge,29.134,4000.0,4000.0,rule_based_v1
2026-08-17T19:10,2026-08-17,19,39,69.394,890.413,discharge,29.126,4000.0,4000.0,rule_based_v1
2026-08-17T19:15,2026-08-17,19,39,68.388,890.413,discharge,29.118,4000.0,4000.0,rule_based_v1
2026-08-17T19:20,2026-08-17,19,39,67.382,890.413,discharge,29.109,4000.0,4000.0,rule_based_v1
2026-08-17T19:25,2026-08-17,19,39,66.376,890.413,discharge,29.101,4000.0,4000.0,rule_based_v1
2026-08-17T19:30,2026-08-17,19,40,65.37,1170.137,discharge,29.428,4000.0,4000.0,rule_based_v1
2026-08-17T19:35,2026-08-17,19,40,64.048,1170.137,discharge,29.419,4000.0,4000.0,rule_based_v1
2026-08-17T19:40,2026-08-17,19,40,62.726,1170.137,discharge,29.41,4000.0,4000.0,rule_based_v1
2026-08-17T19:45,2026-08-17,19,40,61.404,1170.137,discharge,29.402,4000.0,4000.0,rule_based_v1
2026-08-17T19:50,2026-08-17,19,40,60.082,1170.137,discharge,29.393,4000.0,4000.0,rule_based_v1
2026-08-17T19:55,2026-08-17,19,40,58.76,1170.137,discharge,29.384,4000.0,4000.0,rule_based_v1
2026-08-17T20:00,2026-08-17,20,41,57.438,0.0,idle,27.971,4000.0,4000.0,rule_based_v1
2026-08-17T20:05,2026-08-17,20,41,57.438,0.0,idle,27.962,4000.0,4000.0,rule_based_v1
2026-08-17T20:10,2026-08-17,20,41,57.438,0.0,idle,27.953,4000.0,4000.0,rule_based_v1
2026-08-17T20:15,2026-08-17,20,41,57.438,0.0,idle,27.944,4000.0,4000.0,rule_based_v1
2026-08-17T20:20,2026-08-17,20,41,57.438,0.0,idle,27.935,4000.0,4000.0,rule_based_v1
2026-08-17T20:25,2026-08-17,20,41,57.438,0.0,idle,27.925,4000.0,4000.0,rule_based_v1
2026-08-17T20:30,2026-08-17,20,42,57.438,0.0,idle,27.916,4000.0,4000.0,rule_based_v1
2026-08-17T20:35,2026-08-17,20,42,57.438,0.0,idle,27.907,4000.0,4000.0,rule_based_v1
2026-08-17T20:40,2026-08-17,20,42,57.438,0.0,idle,27.898,4000.0,4000.0,rule_based_v1
2026-08-17T20:45,2026-08-17,20,42,57.438,0.0,idle,27.888,4000.0,4000.0,rule_based_v1
2026-08-17T20:50,2026-08-17,20,42,57.438,0.0,idle,27.879,4000.0,4000.0,rule_based_v1
2026-08-17T20:55,2026-08-17,20,42,57.438,0.0,idle,27.87,4000.0,4000.0,rule_based_v1
2026-08-17T21:00,2026-08-17,21,43,57.438,0.0,idle,27.86,4000.0,4000.0,rule_based_v1
2026-08-17T21:05,2026-08-17,21,43,57.438,0.0,idle,27.851,4000.0,4000.0,rule_based_v1
2026-08-17T21:10,2026-08-17,21,43,57.438,0.0,idle,27.842,4000.0,4000.0,rule_based_v1
2026-08-17T21:15,2026-08-17,21,43,57.438,0.0,idle,27.832,4000.0,4000.0,rule_based_v1
2026-08-17T21:20,2026-08-17,21,43,57.438,0.0,idle,27.823,4000.0,4000.0,rule_based_v1
2026-08-17T21:25,2026-08-17,21,43,57.438,0.0,idle,27.813,4000.0,4000.0,rule_based_v1
2026-08-17T21:30,2026-08-17,21,44,57.438,0.0,idle,27.804,4000.0,4000.0,rule_based_v1
2026-08-17T21:35,2026-08-17,21,44,57.438,0.0,idle,27.795,4000.0,4000.0,rule_based_v1
2026-08-17T21:40,2026-08-17,21,44,57.438,0.0,idle,27.785,4000.0,4000.0,rule_based_v1
2026-08-17T21:45,2026-08-17,21,44,57.438,0.0,idle,27.776,4000.0,4000.0,rule_based_v1
2026-08-17T21:50,2026-08-17,21,44,57.438,0.0,idle,27.766,4000.0,4000.0,rule_based_v1
2026-08-17T21:55,2026-08-17,21,44,57.438,0.0,idle,27.757,4000.0,4000.0,rule_based_v1
2026-08-17T22:00,2026-08-17,22,45,57.438,0.0,idle,27.748,4000.0,4000.0,rule_based_v1
2026-08-17T22:05,2026-08-17,22,45,57.438,0.0,idle,27.738,4000.0,4000.0,rule_based_v1
2026-08-17T22:10,2026-08-17,22,45,57.438,0.0,idle,27.729,4000.0,4000.0,rule_based_v1
2026-08-17T22:15,2026-08-17,22,45,57.438,0.0,idle,27.72,4000.0,4000.0,rule_based_v1
2026-08-17T22:20,2026-08-17,22,45,57.438,0.0,idle,27.71,4000.0,4000.0,rule_based_v1
2026-08-17T22:25,2026-08-17,22,45,57.438,0.0,idle,27.701,4000.0,4000.0,rule_based_v1
2026-08-17T22:30,2026-08-17,22,46,57.438,0.0,idle,27.692,4000.0,4000.0,rule_based_v1
2026-08-17T22:35,2026-08-17,22,46,57.438,0.0,idle,27.683,4000.0,4000.0,rule_based_v1
2026-08-17T22:40,2026-08-17,22,46,57.438,0.0,idle,27.673,4000.0,4000.0,rule_based_v1
2026-08-17T22:45,2026-08-17,22,46,57.438,0.0,idle,27.664,4000.0,4000.0,rule_based_v1
2026-08-17T22:50,2026-08-17,22,46,57.438,0.0,idle,27.655,4000.0,4000.0,rule_based_v1
2026-08-17T22:55,2026-08-17,22,46,57.438,0.0,idle,27.646,4000.0,4000.0,rule_based_v1
2026-08-17T23:00,2026-08-17,23,47,57.438,0.0,idle,27.637,4000.0,4000.0,rule_based_v1
2026-08-17T23:05,2026-08-17,23,47,57.438,0.0,idle,27.628,4000.0,4000.0,rule_based_v1
2026-08-17T23:10,2026-08-17,23,47,57.438,0.0,idle,27.619,4000.0,4000.0,rule_based_v1
2026-08-17T23:15,2026-08-17,23,47,57.438,0.0,idle,27.61,4000.0,4000.0,rule_based_v1
2026-08-17T23:20,2026-08-17,23,47,57.438,0.0,idle,27.602,4000.0,4000.0,rule_based_v1
2026-08-17T23:25,2026-08-17,23,47,57.438,0.0,idle,27.593,4000.0,4000.0,rule_based_v1
2026-08-17T23:30,2026-08-17,23,48,57.438,0.0,idle,27.584,4000.0,4000.0,rule_based_v1
2026-08-17T23:35,2026-08-17,23,48,57.438,0.0,idle,27.576,4000.0,4000.0,rule_based_v1
2026-08-17T23:40,2026-08-17,23,48,57.438,0.0,idle,27.567,4000.0,4000.0,rule_based_v1
2026-08-17T23:45,2026-08-17,23,48,57.438,0.0,idle,27.559,4000.0,4000.0,rule_based_v1
2026-08-17T23:50,2026-08-17,23,48,57.438,0.0,idle,27.55,4000.0,4000.0,rule_based_v1
2026-08-17T23:55,2026-08-17,23,48,57.438,0.0,idle,27.542,4000.0,4000.0,rule_based_v1
2026-08-18T00:00,2026-08-18,0,1,57.438,0.0,idle,27.534,4000.0,4000.0,rule_based_v1
2026-08-18T00:05,2026-08-18,0,1,57.438,0.0,idle,27.526,4000.0,4000.0,rule_based_v1
2026-08-18T00:10,2026-08-18,0,1,57.438,0.0,idle,27.518,4000.0,4000.0,rule_based_v1
2026-08-18T00:15,2026-08-18,0,1,57.438,0.0,idle,27.51,4000.0,4000.0,rule_based_v1
2026-08-18T00:20,2026-08-18,0,1,57.438,0.0,idle,27.502,4000.0,4000.0,rule_based_v1
2026-08-18T00:25,2026-08-18,0,1,57.438,0.0,idle,27.494,4000.0,4000.0,rule_based_v1
2026-08-18T00:30,2026-08-18,0,2,57.438,0.0,idle,27.487,4000.0,4000.0,rule_based_v1
2026-08-18T00:35,2026-08-18,0,2,57.438,0.0,idle,27.479,4000.0,4000.0,rule_based_v1
2026-08-18T00:40,2026-08-18,0,2,57.438,0.0,idle,27.472,4000.0,4000.0,rule_based_v1
2026-08-18T00:45,2026-08-18,0,2,57.438,0.0,idle,27.464,4000.0,4000.0,rule_based_v1
2026-08-18T00:50,2026-08-18,0,2,57.438,0.0,idle,27.457,4000.0,4000.0,rule_based_v1
2026-08-18T00:55,2026-08-18,0,2,57.438,0.0,idle,27.45,4000.0,4000.0,rule_based_v1
2026-08-18T01:00,2026-08-18,1,3,57.438,-900.0,charge,28.523,4000.0,4000.0,rule_based_v1
2026-08-18T01:05,2026-08-18,1,3,58.302,-900.0,charge,28.516,4000.0,4000.0,rule_based_v1
2026-08-18T01:10,2026-08-18,1,3,59.166,-900.0,charge,28.509,4000.0,4000.0,rule_based_v1
2026-08-18T01:15,2026-08-18,1,3,60.031,-900.0,charge,28.502,4000.0,4000.0,rule_based_v1
2026-08-18T01:20,2026-08-18,1,3,60.895,-900.0,charge,28.496,4000.0,4000.0,rule_based_v1
2026-08-18T01:25,2026-08-18,1,3,61.76,-900.0,charge,28.489,4000.0,4000.0,rule_based_v1
2026-08-18T01:30,2026-08-18,1,4,62.624,-900.0,charge,28.483,4000.0,4000.0,rule_based_v1
2026-08-18T01:35,2026-08-18,1,4,63.488,-900.0,charge,28.476,4000.0,4000.0,rule_based_v1
2026-08-18T01:40,2026-08-18,1,4,64.353,-900.0,charge,28.47,4000.0,4000.0,rule_based_v1
2026-08-18T01:45,2026-08-18,1,4,65.217,-900.0,charge,28.464,4000.0,4000.0,rule_based_v1
2026-08-18T01:50,2026-08-18,1,4,66.081,-900.0,charge,28.458,4000.0,4000.0,rule_based_v1
2026-08-18T01:55,2026-08-18,1,4,66.946,-900.0,charge,28.453,4000.0,4000.0,rule_based_v1
2026-08-18T02:00,2026-08-18,2,5,67.81,-900.0,charge,28.447,4000.0,4000.0,rule_based_v1
2026-08-18T02:05,2026-08-18,2,5,68.675,-900.0,charge,28.442,4000.0,4000.0,rule_based_v1
2026-08-18T02:10,2026-08-18,2,5,69.539,-900.0,charge,28.436,4000.0,4000.0,rule_based_v1
2026-08-18T02:15,2026-08-18,2,5,70.403,-900.0,charge,28.431,4000.0,4000.0,rule_based_v1
2026-08-18T02:20,2026-08-18,2,5,71.268,-900.0,charge,28.426,4000.0,4000.0,rule_based_v1
2026-08-18T02:25,2026-08-18,2,5,72.132,-900.0,charge,28.421,4000.0,3968.413,rule_based_v1
2026-08-18T02:30,2026-08-18,2,6,72.996,-900.0,charge,28.416,4000.0,3818.413,rule_based_v1
2026-08-18T02:35,2026-08-18,2,6,73.861,-900.0,charge,28.412,4000.0,3668.413,rule_based_v1
2026-08-18T02:40,2026-08-18,2,6,74.725,-900.0,charge,28.407,4000.0,3518.413,rule_based_v1
2026-08-18T02:45,2026-08-18,2,6,75.59,-900.0,charge,28.403,4000.0,3368.413,rule_based_v1
2026-08-18T02:50,2026-08-18,2,6,76.454,-900.0,charge,28.399,4000.0,3218.413,rule_based_v1
2026-08-18T02:55,2026-08-18,2,6,77.318,-900.0,charge,28.395,4000.0,3068.413,rule_based_v1
2026-08-18T03:00,2026-08-18,3,7,78.183,-900.0,charge,28.391,4000.0,2918.413,rule_based_v1
2026-08-18T03:05,2026-08-18,3,7,79.047,-900.0,charge,28.387,4000.0,2768.413,rule_based_v1
2026-08-18T03:10,2026-08-18,3,7,79.911,-900.0,charge,28.383,4000.0,2618.413,rule_based_v1
2026-08-18T03:15,2026-08-18,3,7,80.776,-900.0,charge,28.38,4000.0,2468.413,rule_based_v1
2026-08-18T03:20,2026-08-18,3,7,81.64,-900.0,charge,28.377,4000.0,2318.413,rule_based_v1
2026-08-18T03:25,2026-08-18,3,7,82.505,-900.0,charge,28.373,4000.0,2168.413,rule_based_v1
2026-08-18T03:30,2026-08-18,3,8,83.369,-900.0,charge,28.37,4000.0,2018.413,rule_based_v1
2026-08-18T03:35,2026-08-18,3,8,84.233,-900.0,charge,28.368,4000.0,1868.413,rule_based_v1
2026-08-18T03:40,2026-08-18,3,8,85.098,-900.0,charge,28.365,4000.0,1718.413,rule_based_v1
2026-08-18T03:45,2026-08-18,3,8,85.962,-900.0,charge,28.362,4000.0,1568.413,rule_based_v1
2026-08-18T03:50,2026-08-18,3,8,86.826,-900.0,charge,28.36,4000.0,1418.413,rule_based_v1
2026-08-18T03:55,2026-08-18,3,8,87.691,-900.0,charge,28.358,4000.0,1268.413,rule_based_v1
2026-08-18T04:00,2026-08-18,4,9,88.555,-900.0,charge,28.356,4000.0,1118.413,rule_based_v1
2026-08-18T04:05,2026-08-18,4,9,89.42,-900.0,charge,28.354,4000.0,968.413,rule_based_v1
2026-08-18T04:10,2026-08-18,4,9,90.284,-900.0,charge,28.352,4000.0,818.413,rule_based_v1
2026-08-18T04:15,2026-08-18,4,9,91.148,-900.0,charge,28.351,4000.0,668.413,rule_based_v1
2026-08-18T04:20,2026-08-18,4,9,92.013,-900.0,charge,28.349,4000.0,518.413,rule_based_v1
2026-08-18T04:25,2026-08-18,4,9,92.877,-900.0,charge,28.348,4000.0,368.413,rule_based_v1
2026-08-18T04:30,2026-08-18,4,10,93.741,0.0,idle,27.267,4000.0,218.413,rule_based_v1
2026-08-18T04:35,2026-08-18,4,10,93.741,0.0,idle,27.266,4000.0,218.413,rule_based_v1
2026-08-18T04:40,2026-08-18,4,10,93.741,0.0,idle,27.265,4000.0,218.413,rule_based_v1
2026-08-18T04:45,2026-08-18,4,10,93.741,0.0,idle,27.265,4000.0,218.413,rule_based_v1
2026-08-18T04:50,2026-08-18,4,10,93.741,0.0,idle,27.264,4000.0,218.413,rule_based_v1
2026-08-18T04:55,2026-08-18,4,10,93.741,0.0,idle,27.264,4000.0,218.413,rule_based_v1
2026-08-18T05:00,2026-08-18,5,11,93.741,0.0,idle,27.336,4000.0,218.413,rule_based_v1
2026-08-18T05:05,2026-08-18,5,11,93.741,0.0,idle,27.336,4000.0,218.413,rule_based_v1
2026-08-18T05:10,2026-08-18,5,11,93.741,0.0,idle,27.337,4000.0,218.413,rule_based_v1
2026-08-18T05:15,2026-08-18,5,11,93.741,0.0,idle,27.338,4000.0,218.413,rule_based_v1
2026-08-18T05:20,2026-08-18,5,11,93.741,0.0,idle,27.34,4000.0,218.413,rule_based_v1
2026-08-18T05:25,2026-08-18,5,11,93.741,0.0,idle,27.342,4000.0,218.413,rule_based_v1
2026-08-18T05:30,2026-08-18,5,12,93.741,0.0,idle,27.344,4000.0,218.413,rule_based_v1
2026-08-18T05:35,2026-08-18,5,12,93.741,0.0,idle,27.347,4000.0,218.413,rule_based_v1
2026-08-18T05:40,2026-08-18,5,12,93.741,0.0,idle,27.351,4000.0,218.413,rule_based_v1
2026-08-18T05:45,2026-08-18,5,12,93.741,0.0,idle,27.354,4000.0,218.413,rule_based_v1
2026-08-18T05:50,2026-08-18,5,12,93.741,0.0,idle,27.359,4000.0,218.413,rule_based_v1
2026-08-18T05:55,2026-08-18,5,12,93.741,0.0,idle,27.363,4000.0,218.413,rule_based_v1
2026-08-18T06:00,2026-08-18,6,13,93.741,0.0,idle,27.369,4000.0,218.413,rule_based_v1
2026-08-18T06:05,2026-08-18,6,13,93.741,0.0,idle,27.374,4000.0,218.413,rule_based_v1
2026-08-18T06:10,2026-08-18,6,13,93.741,0.0,idle,27.38,4000.0,218.413,rule_based_v1
2026-08-18T06:15,2026-08-18,6,13,93.741,0.0,idle,27.387,4000.0,218.413,rule_based_v1
2026-08-18T06:20,2026-08-18,6,13,93.741,0.0,idle,27.393,4000.0,218.413,rule_based_v1
2026-08-18T06:25,2026-08-18,6,13,93.741,0.0,idle,27.401,4000.0,218.413,rule_based_v1
2026-08-18T06:30,2026-08-18,6,14,93.741,0.0,idle,27.408,4000.0,218.413,rule_based_v1
2026-08-18T06:35,2026-08-18,6,14,93.741,0.0,idle,27.416,4000.0,218.413,rule_based_v1
2026-08-18T06:40,2026-08-18,6,14,93.741,0.0,idle,27.425,4000.0,218.413,rule_based_v1
2026-08-18T06:45,2026-08-18,6,14,93.741,0.0,idle,27.434,4000.0,218.413,rule_based_v1
2026-08-18T06:50,2026-08-18,6,14,93.741,0.0,idle,27.443,4000.0,218.413,rule_based_v1
2026-08-18T06:55,2026-08-18,6,14,93.741,0.0,idle,27.452,4000.0,218.413,rule_based_v1
2026-08-18T07:00,2026-08-18,7,15,93.741,0.0,idle,27.462,4000.0,218.413,rule_based_v1
2026-08-18T07:05,2026-08-18,7,15,93.741,0.0,idle,27.473,4000.0,218.413,rule_based_v1
2026-08-18T07:10,2026-08-18,7,15,93.741,0.0,idle,27.483,4000.0,218.413,rule_based_v1
2026-08-18T07:15,2026-08-18,7,15,93.741,0.0,idle,27.494,4000.0,218.413,rule_based_v1
2026-08-18T07:20,2026-08-18,7,15,93.741,0.0,idle,27.505,4000.0,218.413,rule_based_v1
2026-08-18T07:25,2026-08-18,7,15,93.741,0.0,idle,27.517,4000.0,218.413,rule_based_v1
2026-08-18T07:30,2026-08-18,7,16,93.741,0.0,idle,27.529,4000.0,218.413,rule_based_v1
2026-08-18T07:35,2026-08-18,7,16,93.741,0.0,idle,27.541,4000.0,218.413,rule_based_v1
2026-08-18T07:40,2026-08-18,7,16,93.741,0.0,idle,27.554,4000.0,218.413,rule_based_v1
2026-08-18T07:45,2026-08-18,7,16,93.741,0.0,idle,27.566,4000.0,218.413,rule_based_v1
2026-08-18T07:50,2026-08-18,7,16,93.741,0.0,idle,27.579,4000.0,218.413,rule_based_v1
2026-08-18T07:55,2026-08-18,7,16,93.741,0.0,idle,27.593,4000.0,218.413,rule_based_v1
2026-08-18T08:00,2026-08-18,8,17,93.741,0.0,idle,27.606,4000.0,218.413,rule_based_v1
2026-08-18T08:05,2026-08-18,8,17,93.741,0.0,idle,27.62,4000.0,218.413,rule_based_v1
2026-08-18T08:10,2026-08-18,8,17,93.741,0.0,idle,27.634,4000.0,218.413,rule_based_v1
2026-08-18T08:15,2026-08-18,8,17,93.741,0.0,idle,27.648,4000.0,218.413,rule_based_v1
2026-08-18T08:20,2026-08-18,8,17,93.741,0.0,idle,27.662,4000.0,218.413,rule_based_v1
2026-08-18T08:25,2026-08-18,8,17,93.741,0.0,idle,27.677,4000.0,218.413,rule_based_v1
2026-08-18T08:30,2026-08-18,8,18,93.741,0.0,idle,27.691,4000.0,218.413,rule_based_v1
2026-08-18T08:35,2026-08-18,8,18,93.741,0.0,idle,27.706,4000.0,218.413,rule_based_v1
2026-08-18T08:40,2026-08-18,8,18,93.741,0.0,idle,27.721,4000.0,218.413,rule_based_v1
2026-08-18T08:45,2026-08-18,8,18,93.741,0.0,idle,27.736,4000.0,218.413,rule_based_v1
2026-08-18T08:50,2026-08-18,8,18,93.741,0.0,idle,27.751,4000.0,218.413,rule_based_v1
2026-08-18T08:55,2026-08-18,8,18,93.741,0.0,idle,27.767,4000.0,218.413,rule_based_v1
2026-08-18T09:00,2026-08-18,9,19,93.741,0.0,idle,27.782,4000.0,218.413,rule_based_v1
2026-08-18T09:05,2026-08-18,9,19,93.741,0.0,idle,27.798,4000.0,218.413,rule_based_v1
2026-08-18T09:10,2026-08-18,9,19,93.741,0.0,idle,27.813,4000.0,218.413,rule_based_v1
2026-08-18T09:15,2026-08-18,9,19,93.741,0.0,idle,27.829,4000.0,218.413,rule_based_v1
2026-08-18T09:20,2026-08-18,9,19,93.741,0.0,idle,27.845,4000.0,218.413,rule_based_v1
2026-08-18T09:25,2026-08-18,9,19,93.741,0.0,idle,27.86,4000.0,218.413,rule_based_v1
2026-08-18T09:30,2026-08-18,9,20,93.741,0.0,idle,27.876,4000.0,218.413,rule_based_v1
2026-08-18T09:35,2026-08-18,9,20,93.741,0.0,idle,27.892,4000.0,218.413,rule_based_v1
2026-08-18T09:40,2026-08-18,9,20,93.741,0.0,idle,27.907,4000.0,218.413,rule_based_v1
2026-08-18T09:45,2026-08-18,9,20,93.741,0.0,idle,27.923,4000.0,218.413,rule_based_v1
2026-08-18T09:50,2026-08-18,9,20,93.741,0.0,idle,27.939,4000.0,218.413,rule_based_v1
2026-08-18T09:55,2026-08-18,9,20,93.741,0.0,idle,27.954,4000.0,218.413,rule_based_v1
2026-08-18T10:00,2026-08-18,10,21,93.741,0.0,idle,27.97,4000.0,218.413,rule_based_v1
2026-08-18T10:05,2026-08-18,10,21,93.741,0.0,idle,27.985,4000.0,218.413,rule_based_v1
2026-08-18T10:10,2026-08-18,10,21,93.741,0.0,idle,28.001,4000.0,218.413,rule_based_v1
2026-08-18T10:15,2026-08-18,10,21,93.741,0.0,idle,28.016,4000.0,218.413,rule_based_v1
2026-08-18T10:20,2026-08-18,10,21,93.741,0.0,idle,28.031,4000.0,218.413,rule_based_v1
2026-08-18T10:25,2026-08-18,10,21,93.741,0.0,idle,28.046,4000.0,218.413,rule_based_v1
2026-08-18T10:30,2026-08-18,10,22,93.741,0.0,idle,28.061,4000.0,218.413,rule_based_v1
2026-08-18T10:35,2026-08-18,10,22,93.741,0.0,idle,28.075,4000.0,218.413,rule_based_v1
2026-08-18T10:40,2026-08-18,10,22,93.741,0.0,idle,28.09,4000.0,218.413,rule_based_v1
2026-08-18T10:45,2026-08-18,10,22,93.741,0.0,idle,28.104,4000.0,218.413,rule_based_v1
2026-08-18T10:50,2026-08-18,10,22,93.741,0.0,idle,28.118,4000.0,218.413,rule_based_v1
2026-08-18T10:55,2026-08-18,10,22,93.741,0.0,idle,28.132,4000.0,218.413,rule_based_v1
2026-08-18T11:00,2026-08-18,11,23,93.741,0.0,idle,28.146,4000.0,218.413,rule_based_v1
2026-08-18T11:05,2026-08-18,11,23,93.741,0.0,idle,28.159,4000.0,218.413,rule_based_v1
2026-08-18T11:10,2026-08-18,11,23,93.741,0.0,idle,28.173,4000.0,218.413,rule_based_v1
2026-08-18T11:15,2026-08-18,11,23,93.741,0.0,idle,28.186,4000.0,218.413,rule_based_v1
2026-08-18T11:20,2026-08-18,11,23,93.741,0.0,idle,28.198,4000.0,218.413,rule_based_v1
2026-08-18T11:25,2026-08-18,11,23,93.741,0.0,idle,28.211,4000.0,218.413,rule_based_v1
2026-08-18T11:30,2026-08-18,11,24,93.741,0.0,idle,28.223,4000.0,218.413,rule_based_v1
2026-08-18T11:35,2026-08-18,11,24,93.741,0.0,idle,28.235,4000.0,218.413,rule_based_v1
2026-08-18T11:40,2026-08-18,11,24,93.741,0.0,idle,28.247,4000.0,218.413,rule_based_v1
2026-08-18T11:45,2026-08-18,11,24,93.741,0.0,idle,28.258,4000.0,218.413,rule_based_v1
2026-08-18T11:50,2026-08-18,11,24,93.741,0.0,idle,28.269,4000.0,218.413,rule_based_v1
2026-08-18T11:55,2026-08-18,11,24,93.741,0.0,idle,28.279,4000.0,218.413,rule_based_v1
2026-08-18T12:00,2026-08-18,12,25,93.741,0.0,idle,28.29,4000.0,218.413,rule_based_v1
2026-08-18T12:05,2026-08-18,12,25,93.741,0.0,idle,28.3,4000.0,218.413,rule_based_v1
2026-08-18T12:10,2026-08-18,12,25,93.741,0.0,idle,28.309,4000.0,218.413,rule_based_v1
2026-08-18T12:15,2026-08-18,12,25,93.741,0.0,idle,28.318,4000.0,218.413,rule_based_v1
2026-08-18T12:20,2026-08-18,12,25,93.741,0.0,idle,28.327,4000.0,218.413,rule_based_v1
2026-08-18T12:25,2026-08-18,12,25,93.741,0.0,idle,28.336,4000.0,218.413,rule_based_v1
2026-08-18T12:30,2026-08-18,12,26,93.741,0.0,idle,28.344,4000.0,218.413,rule_based_v1
2026-08-18T12:35,2026-08-18,12,26,93.741,0.0,idle,28.351,4000.0,218.413,rule_based_v1
2026-08-18T12:40,2026-08-18,12,26,93.741,0.0,idle,28.359,4000.0,218.413,rule_based_v1
2026-08-18T12:45,2026-08-18,12,26,93.741,0.0,idle,28.365,4000.0,218.413,rule_based_v1
2026-08-18T12:50,2026-08-18,12,26,93.741,0.0,idle,28.372,4000.0,218.413,rule_based_v1
2026-08-18T12:55,2026-08-18,12,26,93.741,0.0,idle,28.378,4000.0,218.413,rule_based_v1
2026-08-18T13:00,2026-08-18,13,27,93.741,0.0,idle,28.383,4000.0,218.413,rule_based_v1
2026-08-18T13:05,2026-08-18,13,27,93.741,0.0,idle,28.389,4000.0,218.413,rule_based_v1
2026-08-18T13:10,2026-08-18,13,27,93.741,0.0,idle,28.393,4000.0,218.413,rule_based_v1
2026-08-18T13:15,2026-08-18,13,27,93.741,0.0,idle,28.398,4000.0,218.413,rule_based_v1
2026-08-18T13:20,2026-08-18,13,27,93.741,0.0,idle,28.401,4000.0,218.413,rule_based_v1
2026-08-18T13:25,2026-08-18,13,27,93.741,0.0,idle,28.405,4000.0,218.413,rule_based_v1
2026-08-18T13:30,2026-08-18,13,28,93.741,0.0,idle,28.408,4000.0,218.413,rule_based_v1
2026-08-18T13:35,2026-08-18,13,28,93.741,0.0,idle,28.41,4000.0,218.413,rule_based_v1
2026-08-18T13:40,2026-08-18,13,28,93.741,0.0,idle,28.412,4000.0,218.413,rule_based_v1
2026-08-18T13:45,2026-08-18,13,28,93.741,0.0,idle,28.414,4000.0,218.413,rule_based_v1
2026-08-18T13:50,2026-08-18,13,28,93.741,0.0,idle,28.415,4000.0,218.413,rule_based_v1
2026-08-18T13:55,2026-08-18,13,28,93.741,0.0,idle,28.416,4000.0,218.413,rule_based_v1
2026-08-18T14:00,2026-08-18,14,29,93.741,171.427,discharge,28.622,4000.0,218.413,rule_based_v1
2026-08-18T14:05,2026-08-18,14,29,93.548,171.427,discharge,28.622,4000.0,252.023,rule_based_v1
2026-08-18T14:10,2026-08-18,14,29,93.354,171.427,discharge,28.621,4000.0,285.633,rule_based_v1
2026-08-18T14:15,2026-08-18,14,29,93.16,171.427,discharge,28.621,4000.0,319.243,rule_based_v1
2026-08-18T14:20,2026-08-18,14,29,92.967,171.427,discharge,28.62,4000.0,352.853,rule_based_v1
2026-08-18T14:25,2026-08-18,14,29,92.773,171.427,discharge,28.62,4000.0,386.463,rule_based_v1
2026-08-18T14:30,2026-08-18,14,30,92.579,229.84,discharge,28.689,4000.0,420.072,rule_based_v1
2026-08-18T14:35,2026-08-18,14,30,92.32,229.84,discharge,28.688,4000.0,465.135,rule_based_v1
2026-08-18T14:40,2026-08-18,14,30,92.06,229.84,discharge,28.687,4000.0,510.197,rule_based_v1
2026-08-18T14:45,2026-08-18,14,30,91.8,229.84,discharge,28.685,4000.0,555.259,rule_based_v1
2026-08-18T14:50,2026-08-18,14,30,91.541,229.84,discharge,28.684,4000.0,600.321,rule_based_v1
2026-08-18T14:55,2026-08-18,14,30,91.281,229.84,discharge,28.682,4000.0,645.384,rule_based_v1
2026-08-18T15:00,2026-08-18,15,31,91.021,0.0,idle,28.404,4000.0,690.446,rule_based_v1
2026-08-18T15:05,2026-08-18,15,31,91.021,0.0,idle,28.402,4000.0,690.446,rule_based_v1
2026-08-18T15:10,2026-08-18,15,31,91.021,0.0,idle,28.4,4000.0,690.446,rule_based_v1
2026-08-18T15:15,2026-08-18,15,31,91.021,0.0,idle,28.398,4000.0,690.446,rule_based_v1
2026-08-18T15:20,2026-08-18,15,31,91.021,0.0,idle,28.395,4000.0,690.446,rule_based_v1
2026-08-18T15:25,2026-08-18,15,31,91.021,0.0,idle,28.392,4000.0,690.446,rule_based_v1
2026-08-18T15:30,2026-08-18,15,32,91.021,0.0,idle,28.39,4000.0,690.446,rule_based_v1
2026-08-18T15:35,2026-08-18,15,32,91.021,0.0,idle,28.387,4000.0,690.446,rule_based_v1
2026-08-18T15:40,2026-08-18,15,32,91.021,0.0,idle,28.383,4000.0,690.446,rule_based_v1
2026-08-18T15:45,2026-08-18,15,32,91.021,0.0,idle,28.38,4000.0,690.446,rule_based_v1
2026-08-18T15:50,2026-08-18,15,32,91.021,0.0,idle,28.377,4000.0,690.446,rule_based_v1
2026-08-18T15:55,2026-08-18,15,32,91.021,0.0,idle,28.373,4000.0,690.446,rule_based_v1
2026-08-18T16:00,2026-08-18,16,33,91.021,508.527,discharge,28.98,4000.0,690.446,rule_based_v1
2026-08-18T16:05,2026-08-18,16,33,90.447,508.527,discharge,28.976,4000.0,790.147,rule_based_v1
2026-08-18T16:10,2026-08-18,16,33,89.872,508.527,discharge,28.972,4000.0,889.849,rule_based_v1
2026-08-18T16:15,2026-08-18,16,33,89.298,508.527,discharge,28.967,4000.0,989.55,rule_based_v1
2026-08-18T16:20,2026-08-18,16,33,88.723,508.527,discharge,28.963,4000.0,1089.251,rule_based_v1
2026-08-18T16:25,2026-08-18,16,33,88.149,508.527,discharge,28.959,4000.0,1188.953,rule_based_v1
2026-08-18T16:30,2026-08-18,16,34,87.574,714.285,discharge,29.201,4000.0,1288.654,rule_based_v1
2026-08-18T16:35,2026-08-18,16,34,86.767,714.285,discharge,29.196,4000.0,1428.696,rule_based_v1
2026-08-18T16:40,2026-08-18,16,34,85.96,714.285,discharge,29.191,4000.0,1568.738,rule_based_v1
2026-08-18T16:45,2026-08-18,16,34,85.153,714.285,discharge,29.186,4000.0,1708.78,rule_based_v1
2026-08-18T16:50,2026-08-18,16,34,84.346,714.285,discharge,29.181,4000.0,1848.822,rule_based_v1
2026-08-18T16:55,2026-08-18,16,34,83.539,714.285,discharge,29.175,4000.0,1988.865,rule_based_v1
2026-08-18T17:00,2026-08-18,17,35,82.732,1304.301,discharge,29.878,4000.0,2128.907,rule_based_v1
2026-08-18T17:05,2026-08-18,17,35,81.259,1304.301,discharge,29.872,4000.0,2384.627,rule_based_v1
2026-08-18T17:10,2026-08-18,17,35,79.785,1304.301,discharge,29.867,4000.0,2640.347,rule_based_v1
2026-08-18T17:15,2026-08-18,17,35,78.311,1304.301,discharge,29.861,4000.0,2896.067,rule_based_v1
2026-08-18T17:20,2026-08-18,17,35,76.838,1304.301,discharge,29.855,4000.0,3151.787,rule_based_v1
2026-08-18T17:25,2026-08-18,17,35,75.364,1304.301,discharge,29.849,4000.0,3407.507,rule_based_v1
2026-08-18T17:30,2026-08-18,17,36,73.891,1304.301,discharge,29.842,4000.0,3663.227,rule_based_v1
2026-08-18T17:35,2026-08-18,17,36,72.417,1304.301,discharge,29.836,4000.0,3918.947,rule_based_v1
2026-08-18T17:40,2026-08-18,17,36,70.943,1304.301,discharge,29.83,4000.0,4000.0,rule_based_v1
2026-08-18T17:45,2026-08-18,17,36,69.47,1304.301,discharge,29.823,4000.0,4000.0,rule_based_v1
2026-08-18T17:50,2026-08-18,17,36,67.996,1304.301,discharge,29.816,4000.0,4000.0,rule_based_v1
2026-08-18T17:55,2026-08-18,17,36,66.523,1304.301,discharge,29.809,4000.0,4000.0,rule_based_v1
2026-08-18T18:00,2026-08-18,18,37,65.049,1304.301,discharge,29.802,4000.0,4000.0,rule_based_v1
2026-08-18T18:05,2026-08-18,18,37,63.576,1304.301,discharge,29.795,4000.0,4000.0,rule_based_v1
2026-08-18T18:10,2026-08-18,18,37,62.102,1304.301,discharge,29.788,4000.0,4000.0,rule_based_v1
2026-08-18T18:15,2026-08-18,18,37,60.628,1304.301,discharge,29.781,4000.0,4000.0,rule_based_v1
2026-08-18T18:20,2026-08-18,18,37,59.155,1304.301,discharge,29.774,4000.0,4000.0,rule_based_v1
2026-08-18T18:25,2026-08-18,18,37,57.681,1304.301,discharge,29.766,4000.0,4000.0,rule_based_v1
2026-08-18T18:30,2026-08-18,18,38,56.208,1304.301,discharge,29.759,4000.0,4000.0,rule_based_v1
2026-08-18T18:35,2026-08-18,18,38,54.734,1304.301,discharge,29.751,4000.0,4000.0,rule_based_v1
2026-08-18T18:40,2026-08-18,18,38,53.26,1304.301,discharge,29.743,4000.0,4000.0,rule_based_v1
2026-08-18T18:45,2026-08-18,18,38,51.787,1304.301,discharge,29.735,4000.0,4000.0,rule_based_v1
2026-08-18T18:50,2026-08-18,18,38,50.313,1304.301,discharge,29.727,4000.0,4000.0,rule_based_v1
2026-08-18T18:55,2026-08-18,18,38,48.84,1304.301,discharge,29.719,4000.0,4000.0,rule_based_v1
2026-08-18T19:00,2026-08-18,19,39,47.366,1304.301,discharge,29.711,4000.0,4000.0,rule_based_v1
2026-08-18T19:05,2026-08-18,19,39,45.893,1304.301,discharge,29.703,4000.0,4000.0,rule_based_v1
2026-08-18T19:10,2026-08-18,19,39,44.419,1304.301,discharge,29.695,4000.0,4000.0,rule_based_v1
2026-08-18T19:15,2026-08-18,19,39,42.945,1304.301,discharge,29.686,4000.0,4000.0,rule_based_v1
2026-08-18T19:20,2026-08-18,19,39,41.472,1304.301,discharge,29.678,4000.0,4000.0,rule_based_v1
2026-08-18T19:25,2026-08-18,19,39,39.998,1304.301,discharge,29.669,4000.0,4000.0,rule_based_v1
2026-08-18T19:30,2026-08-18,19,40,38.525,1304.301,discharge,29.661,4000.0,4000.0,rule_based_v1
2026-08-18T19:35,2026-08-18,19,40,37.051,1304.301,discharge,29.652,3990.56,4000.0,rule_based_v1
2026-08-18T19:40,2026-08-18,19,40,35.577,1304.301,discharge,29.643,3773.177,4000.0,rule_based_v1
2026-08-18T19:45,2026-08-18,19,40,34.104,1304.301,discharge,29.635,3555.793,4000.0,rule_based_v1
2026-08-18T19:50,2026-08-18,19,40,32.63,1304.301,discharge,29.626,3338.41,4000.0,rule_based_v1
2026-08-18T19:55,2026-08-18,19,40,31.157,1304.301,discharge,29.617,3121.026,4000.0,rule_based_v1
2026-08-18T20:00,2026-08-18,20,41,29.683,1304.301,discharge,29.608,2903.643,4000.0,rule_based_v1
2026-08-18T20:05,2026-08-18,20,41,28.209,1304.301,discharge,29.599,2686.259,4000.0,rule_based_v1
2026-08-18T20:10,2026-08-18,20,41,26.736,1304.301,discharge,29.59,2468.876,4000.0,rule_based_v1
2026-08-18T20:15,2026-08-18,20,41,25.262,1304.301,discharge,29.581,2251.492,4000.0,rule_based_v1
2026-08-18T20:20,2026-08-18,20,41,23.789,1304.301,discharge,29.572,2034.108,4000.0,rule_based_v1
2026-08-18T20:25,2026-08-18,20,41,22.315,1304.301,discharge,29.563,1816.725,4000.0,rule_based_v1
2026-08-18T20:30,2026-08-18,20,42,20.842,1304.301,discharge,29.553,1599.341,4000.0,rule_based_v1
2026-08-18T20:35,2026-08-18,20,42,19.368,1304.301,discharge,29.544,1381.958,4000.0,rule_based_v1
2026-08-18T20:40,2026-08-18,20,42,17.894,1304.301,discharge,29.535,1164.574,4000.0,rule_based_v1
2026-08-18T20:45,2026-08-18,20,42,16.421,1304.301,discharge,29.526,947.191,4000.0,rule_based_v1
2026-08-18T20:50,2026-08-18,20,42,14.947,1304.301,discharge,29.516,729.807,4000.0,rule_based_v1
2026-08-18T20:55,2026-08-18,20,42,13.474,1304.301,discharge,29.507,512.424,4000.0,rule_based_v1
2026-08-18T21:00,2026-08-18,21,43,12.0,0.0,idle,27.932,295.04,4000.0,rule_based_v1
2026-08-18T21:05,2026-08-18,21,43,12.0,0.0,idle,27.923,295.04,4000.0,rule_based_v1
2026-08-18T21:10,2026-08-18,21,43,12.0,0.0,idle,27.914,295.04,4000.0,rule_based_v1
2026-08-18T21:15,2026-08-18,21,43,12.0,0.0,idle,27.904,295.04,4000.0,rule_based_v1
2026-08-18T21:20,2026-08-18,21,43,12.0,0.0,idle,27.895,295.04,4000.0,rule_based_v1
2026-08-18T21:25,2026-08-18,21,43,12.0,0.0,idle,27.885,295.04,4000.0,rule_based_v1
2026-08-18T21:30,2026-08-18,21,44,12.0,0.0,idle,27.876,295.04,4000.0,rule_based_v1
2026-08-18T21:35,2026-08-18,21,44,12.0,0.0,idle,27.867,295.04,4000.0,rule_based_v1
2026-08-18T21:40,2026-08-18,21,44,12.0,0.0,idle,27.857,295.04,4000.0,rule_based_v1
2026-08-18T21:45,2026-08-18,21,44,12.0,0.0,idle,27.848,295.04,4000.0,rule_based_v1
2026-08-18T21:50,2026-08-18,21,44,12.0,0.0,idle,27.838,295.04,4000.0,rule_based_v1
2026-08-18T21:55,2026-08-18,21,44,12.0,0.0,idle,27.829,295.04,4000.0,rule_based_v1
2026-08-18T22:00,2026-08-18,22,45,12.0,0.0,idle,27.82,295.04,4000.0,rule_based_v1
2026-08-18T22:05,2026-08-18,22,45,12.0,0.0,idle,27.81,295.04,4000.0,rule_based_v1
2026-08-18T22:10,2026-08-18,22,45,12.0,0.0,idle,27.801,295.04,4000.0,rule_based_v1
2026-08-18T22:15,2026-08-18,22,45,12.0,0.0,idle,27.792,295.04,4000.0,rule_based_v1
2026-08-18T22:20,2026-08-18,22,45,12.0,0.0,idle,27.782,295.04,4000.0,rule_based_v1
2026-08-18T22:25,2026-08-18,22,45,12.0,0.0,idle,27.773,295.04,4000.0,rule_based_v1
2026-08-18T22:30,2026-08-18,22,46,12.0,0.0,idle,27.764,295.04,4000.0,rule_based_v1
2026-08-18T22:35,2026-08-18,22,46,12.0,0.0,idle,27.755,295.04,4000.0,rule_based_v1
2026-08-18T22:40,2026-08-18,22,46,12.0,0.0,idle,27.745,295.04,4000.0,rule_based_v1
2026-08-18T22:45,2026-08-18,22,46,12.0,0.0,idle,27.736,295.04,4000.0,rule_based_v1
2026-08-18T22:50,2026-08-18,22,46,12.0,0.0,idle,27.727,295.04,4000.0,rule_based_v1
2026-08-18T22:55,2026-08-18,22,46,12.0,0.0,idle,27.718,295.04,4000.0,rule_based_v1
2026-08-18T23:00,2026-08-18,23,47,12.0,0.0,idle,27.709,295.04,4000.0,rule_based_v1
2026-08-18T23:05,2026-08-18,23,47,12.0,0.0,idle,27.7,295.04,4000.0,rule_based_v1
2026-08-18T23:10,2026-08-18,23,47,12.0,0.0,idle,27.691,295.04,4000.0,rule_based_v1
2026-08-18T23:15,2026-08-18,23,47,12.0,0.0,idle,27.682,295.04,4000.0,rule_based_v1
2026-08-18T23:20,2026-08-18,23,47,12.0,0.0,idle,27.674,295.04,4000.0,rule_based_v1
2026-08-18T23:25,2026-08-18,23,47,12.0,0.0,idle,27.665,295.04,4000.0,rule_based_v1
2026-08-18T23:30,2026-08-18,23,48,12.0,0.0,idle,27.656,295.04,4000.0,rule_based_v1
2026-08-18T23:35,2026-08-18,23,48,12.0,0.0,idle,27.648,295.04,4000.0,rule_based_v1
2026-08-18T23:40,2026-08-18,23,48,12.0,0.0,idle,27.639,295.04,4000.0,rule_based_v1
2026-08-18T23:45,2026-08-18,23,48,12.0,0.0,idle,27.631,295.04,4000.0,rule_based_v1
2026-08-18T23:50,2026-08-18,23,48,12.0,0.0,idle,27.622,295.04,4000.0,rule_based_v1
2026-08-18T23:55,2026-08-18,23,48,12.0,0.0,idle,27.614,295.04,4000.0,rule_based_v1
2026-08-19T00:00,2026-08-19,0,1,12.0,0.0,idle,27.606,295.04,4000.0,rule_based_v1
2026-08-19T00:05,2026-08-19,0,1,12.0,0.0,idle,27.598,295.04,4000.0,rule_based_v1
2026-08-19T00:10,2026-08-19,0,1,12.0,0.0,idle,27.59,295.04,4000.0,rule_based_v1
2026-08-19T00:15,2026-08-19,0,1,12.0,0.0,idle,27.582,295.04,4000.0,rule_based_v1
2026-08-19T00:20,2026-08-19,0,1,12.0,0.0,idle,27.574,295.04,4000.0,rule_based_v1
2026-08-19T00:25,2026-08-19,0,1,12.0,0.0,idle,27.566,295.04,4000.0,rule_based_v1
2026-08-19T00:30,2026-08-19,0,2,12.0,0.0,idle,27.559,295.04,4000.0,rule_based_v1
2026-08-19T00:35,2026-08-19,0,2,12.0,0.0,idle,27.551,295.04,4000.0,rule_based_v1
2026-08-19T00:40,2026-08-19,0,2,12.0,0.0,idle,27.544,295.04,4000.0,rule_based_v1
2026-08-19T00:45,2026-08-19,0,2,12.0,0.0,idle,27.536,295.04,4000.0,rule_based_v1
2026-08-19T00:50,2026-08-19,0,2,12.0,0.0,idle,27.529,295.04,4000.0,rule_based_v1
2026-08-19T00:55,2026-08-19,0,2,12.0,0.0,idle,27.522,295.04,4000.0,rule_based_v1
2026-08-19T01:00,2026-08-19,1,3,12.0,-900.0,charge,28.595,295.04,4000.0,rule_based_v1
2026-08-19T01:05,2026-08-19,1,3,12.864,-900.0,charge,28.588,422.553,4000.0,rule_based_v1
2026-08-19T01:10,2026-08-19,1,3,13.729,-900.0,charge,28.581,550.065,4000.0,rule_based_v1
2026-08-19T01:15,2026-08-19,1,3,14.593,-900.0,charge,28.574,677.578,4000.0,rule_based_v1
2026-08-19T01:20,2026-08-19,1,3,15.458,-900.0,charge,28.568,805.09,4000.0,rule_based_v1
2026-08-19T01:25,2026-08-19,1,3,16.322,-900.0,charge,28.561,932.603,4000.0,rule_based_v1
2026-08-19T01:30,2026-08-19,1,4,17.186,-900.0,charge,28.555,1060.116,4000.0,rule_based_v1
2026-08-19T01:35,2026-08-19,1,4,18.051,-900.0,charge,28.548,1187.628,4000.0,rule_based_v1
2026-08-19T01:40,2026-08-19,1,4,18.915,-900.0,charge,28.542,1315.141,4000.0,rule_based_v1
2026-08-19T01:45,2026-08-19,1,4,19.779,-900.0,charge,28.536,1442.653,4000.0,rule_based_v1
2026-08-19T01:50,2026-08-19,1,4,20.644,-900.0,charge,28.53,1570.166,4000.0,rule_based_v1
2026-08-19T01:55,2026-08-19,1,4,21.508,-900.0,charge,28.525,1697.679,4000.0,rule_based_v1
2026-08-19T02:00,2026-08-19,2,5,22.373,-900.0,charge,28.519,1825.191,4000.0,rule_based_v1
2026-08-19T02:05,2026-08-19,2,5,23.237,-900.0,charge,28.514,1952.704,4000.0,rule_based_v1
2026-08-19T02:10,2026-08-19,2,5,24.101,-900.0,charge,28.508,2080.216,4000.0,rule_based_v1
2026-08-19T02:15,2026-08-19,2,5,24.966,-900.0,charge,28.503,2207.729,4000.0,rule_based_v1
2026-08-19T02:20,2026-08-19,2,5,25.83,-900.0,charge,28.498,2335.242,4000.0,rule_based_v1
2026-08-19T02:25,2026-08-19,2,5,26.694,-900.0,charge,28.493,2462.754,4000.0,rule_based_v1
2026-08-19T02:30,2026-08-19,2,6,27.559,-900.0,charge,28.488,2590.267,4000.0,rule_based_v1
2026-08-19T02:35,2026-08-19,2,6,28.423,-900.0,charge,28.484,2717.779,4000.0,rule_based_v1
2026-08-19T02:40,2026-08-19,2,6,29.288,-900.0,charge,28.479,2845.292,4000.0,rule_based_v1
2026-08-19T02:45,2026-08-19,2,6,30.152,-900.0,charge,28.475,2972.805,4000.0,rule_based_v1
2026-08-19T02:50,2026-08-19,2,6,31.016,-900.0,charge,28.471,3100.317,4000.0,rule_based_v1
2026-08-19T02:55,2026-08-19,2,6,31.881,-900.0,charge,28.467,3227.83,4000.0,rule_based_v1
2026-08-19T03:00,2026-08-19,3,7,32.745,-900.0,charge,28.463,3355.342,4000.0,rule_based_v1
2026-08-19T03:05,2026-08-19,3,7,33.609,-900.0,charge,28.459,3482.855,4000.0,rule_based_v1
2026-08-19T03:10,2026-08-19,3,7,34.474,-900.0,charge,28.455,3610.368,4000.0,rule_based_v1
2026-08-19T03:15,2026-08-19,3,7,35.338,-900.0,charge,28.452,3737.88,4000.0,rule_based_v1
2026-08-19T03:20,2026-08-19,3,7,36.203,-900.0,charge,28.449,3865.393,4000.0,rule_based_v1
2026-08-19T03:25,2026-08-19,3,7,37.067,-900.0,charge,28.445,3992.905,4000.0,rule_based_v1
2026-08-19T03:30,2026-08-19,3,8,37.931,-900.0,charge,28.442,4000.0,4000.0,rule_based_v1
2026-08-19T03:35,2026-08-19,3,8,38.796,-900.0,charge,28.44,4000.0,4000.0,rule_based_v1
2026-08-19T03:40,2026-08-19,3,8,39.66,-900.0,charge,28.437,4000.0,4000.0,rule_based_v1
2026-08-19T03:45,2026-08-19,3,8,40.524,-900.0,charge,28.434,4000.0,4000.0,rule_based_v1
2026-08-19T03:50,2026-08-19,3,8,41.389,-900.0,charge,28.432,4000.0,4000.0,rule_based_v1
2026-08-19T03:55,2026-08-19,3,8,42.253,-900.0,charge,28.43,4000.0,4000.0,rule_based_v1
2026-08-19T04:00,2026-08-19,4,9,43.118,-900.0,charge,28.428,4000.0,4000.0,rule_based_v1
2026-08-19T04:05,2026-08-19,4,9,43.982,-900.0,charge,28.426,4000.0,4000.0,rule_based_v1
2026-08-19T04:10,2026-08-19,4,9,44.846,-900.0,charge,28.424,4000.0,4000.0,rule_based_v1
2026-08-19T04:15,2026-08-19,4,9,45.711,-900.0,charge,28.423,4000.0,4000.0,rule_based_v1
2026-08-19T04:20,2026-08-19,4,9,46.575,-900.0,charge,28.421,4000.0,4000.0,rule_based_v1
2026-08-19T04:25,2026-08-19,4,9,47.439,-900.0,charge,28.42,4000.0,4000.0,rule_based_v1
2026-08-19T04:30,2026-08-19,4,10,48.304,-900.0,charge,28.419,4000.0,4000.0,rule_based_v1
2026-08-19T04:35,2026-08-19,4,10,49.168,-900.0,charge,28.418,4000.0,4000.0,rule_based_v1
2026-08-19T04:40,2026-08-19,4,10,50.033,-900.0,charge,28.417,4000.0,4000.0,rule_based_v1
2026-08-19T04:45,2026-08-19,4,10,50.897,-900.0,charge,28.417,4000.0,4000.0,rule_based_v1
2026-08-19T04:50,2026-08-19,4,10,51.761,-900.0,charge,28.416,4000.0,4000.0,rule_based_v1
2026-08-19T04:55,2026-08-19,4,10,52.626,-900.0,charge,28.416,4000.0,4000.0,rule_based_v1
2026-08-19T05:00,2026-08-19,5,11,53.49,0.0,idle,27.408,4000.0,4000.0,rule_based_v1
2026-08-19T05:05,2026-08-19,5,11,53.49,0.0,idle,27.408,4000.0,4000.0,rule_based_v1
2026-08-19T05:10,2026-08-19,5,11,53.49,0.0,idle,27.409,4000.0,4000.0,rule_based_v1
2026-08-19T05:15,2026-08-19,5,11,53.49,0.0,idle,27.41,4000.0,4000.0,rule_based_v1
2026-08-19T05:20,2026-08-19,5,11,53.49,0.0,idle,27.412,4000.0,4000.0,rule_based_v1
2026-08-19T05:25,2026-08-19,5,11,53.49,0.0,idle,27.414,4000.0,4000.0,rule_based_v1
2026-08-19T05:30,2026-08-19,5,12,53.49,0.0,idle,27.416,4000.0,4000.0,rule_based_v1
2026-08-19T05:35,2026-08-19,5,12,53.49,0.0,idle,27.419,4000.0,4000.0,rule_based_v1
2026-08-19T05:40,2026-08-19,5,12,53.49,0.0,idle,27.423,4000.0,4000.0,rule_based_v1
2026-08-19T05:45,2026-08-19,5,12,53.49,0.0,idle,27.426,4000.0,4000.0,rule_based_v1
2026-08-19T05:50,2026-08-19,5,12,53.49,0.0,idle,27.431,4000.0,4000.0,rule_based_v1
2026-08-19T05:55,2026-08-19,5,12,53.49,0.0,idle,27.435,4000.0,4000.0,rule_based_v1
2026-08-19T06:00,2026-08-19,6,13,53.49,0.0,idle,27.441,4000.0,4000.0,rule_based_v1
2026-08-19T06:05,2026-08-19,6,13,53.49,0.0,idle,27.446,4000.0,4000.0,rule_based_v1
2026-08-19T06:10,2026-08-19,6,13,53.49,0.0,idle,27.452,4000.0,4000.0,rule_based_v1
2026-08-19T06:15,2026-08-19,6,13,53.49,0.0,idle,27.459,4000.0,4000.0,rule_based_v1
2026-08-19T06:20,2026-08-19,6,13,53.49,0.0,idle,27.465,4000.0,4000.0,rule_based_v1
2026-08-19T06:25,2026-08-19,6,13,53.49,0.0,idle,27.473,4000.0,4000.0,rule_based_v1
2026-08-19T06:30,2026-08-19,6,14,53.49,0.0,idle,27.48,4000.0,4000.0,rule_based_v1
2026-08-19T06:35,2026-08-19,6,14,53.49,0.0,idle,27.488,4000.0,4000.0,rule_based_v1
2026-08-19T06:40,2026-08-19,6,14,53.49,0.0,idle,27.497,4000.0,4000.0,rule_based_v1
2026-08-19T06:45,2026-08-19,6,14,53.49,0.0,idle,27.506,4000.0,4000.0,rule_based_v1
2026-08-19T06:50,2026-08-19,6,14,53.49,0.0,idle,27.515,4000.0,4000.0,rule_based_v1
2026-08-19T06:55,2026-08-19,6,14,53.49,0.0,idle,27.524,4000.0,4000.0,rule_based_v1
2026-08-19T07:00,2026-08-19,7,15,53.49,0.0,idle,27.534,4000.0,4000.0,rule_based_v1
2026-08-19T07:05,2026-08-19,7,15,53.49,0.0,idle,27.545,4000.0,4000.0,rule_based_v1
2026-08-19T07:10,2026-08-19,7,15,53.49,0.0,idle,27.555,4000.0,4000.0,rule_based_v1
2026-08-19T07:15,2026-08-19,7,15,53.49,0.0,idle,27.566,4000.0,4000.0,rule_based_v1
2026-08-19T07:20,2026-08-19,7,15,53.49,0.0,idle,27.577,4000.0,4000.0,rule_based_v1
2026-08-19T07:25,2026-08-19,7,15,53.49,0.0,idle,27.589,4000.0,4000.0,rule_based_v1
2026-08-19T07:30,2026-08-19,7,16,53.49,0.0,idle,27.601,4000.0,4000.0,rule_based_v1
2026-08-19T07:35,2026-08-19,7,16,53.49,0.0,idle,27.613,4000.0,4000.0,rule_based_v1
2026-08-19T07:40,2026-08-19,7,16,53.49,0.0,idle,27.626,4000.0,4000.0,rule_based_v1
2026-08-19T07:45,2026-08-19,7,16,53.49,0.0,idle,27.638,4000.0,4000.0,rule_based_v1
2026-08-19T07:50,2026-08-19,7,16,53.49,0.0,idle,27.651,4000.0,4000.0,rule_based_v1
2026-08-19T07:55,2026-08-19,7,16,53.49,0.0,idle,27.665,4000.0,4000.0,rule_based_v1
2026-08-19T08:00,2026-08-19,8,17,53.49,0.0,idle,27.678,4000.0,4000.0,rule_based_v1
2026-08-19T08:05,2026-08-19,8,17,53.49,0.0,idle,27.692,4000.0,4000.0,rule_based_v1
2026-08-19T08:10,2026-08-19,8,17,53.49,0.0,idle,27.706,4000.0,4000.0,rule_based_v1
2026-08-19T08:15,2026-08-19,8,17,53.49,0.0,idle,27.72,4000.0,4000.0,rule_based_v1
2026-08-19T08:20,2026-08-19,8,17,53.49,0.0,idle,27.734,4000.0,4000.0,rule_based_v1
2026-08-19T08:25,2026-08-19,8,17,53.49,0.0,idle,27.749,4000.0,4000.0,rule_based_v1
2026-08-19T08:30,2026-08-19,8,18,53.49,0.0,idle,27.763,4000.0,4000.0,rule_based_v1
2026-08-19T08:35,2026-08-19,8,18,53.49,0.0,idle,27.778,4000.0,4000.0,rule_based_v1
2026-08-19T08:40,2026-08-19,8,18,53.49,0.0,idle,27.793,4000.0,4000.0,rule_based_v1
2026-08-19T08:45,2026-08-19,8,18,53.49,0.0,idle,27.808,4000.0,4000.0,rule_based_v1
2026-08-19T08:50,2026-08-19,8,18,53.49,0.0,idle,27.823,4000.0,4000.0,rule_based_v1
2026-08-19T08:55,2026-08-19,8,18,53.49,0.0,idle,27.839,4000.0,4000.0,rule_based_v1
2026-08-19T09:00,2026-08-19,9,19,53.49,0.0,idle,27.854,4000.0,4000.0,rule_based_v1
2026-08-19T09:05,2026-08-19,9,19,53.49,0.0,idle,27.87,4000.0,4000.0,rule_based_v1
2026-08-19T09:10,2026-08-19,9,19,53.49,0.0,idle,27.885,4000.0,4000.0,rule_based_v1
2026-08-19T09:15,2026-08-19,9,19,53.49,0.0,idle,27.901,4000.0,4000.0,rule_based_v1
2026-08-19T09:20,2026-08-19,9,19,53.49,0.0,idle,27.917,4000.0,4000.0,rule_based_v1
2026-08-19T09:25,2026-08-19,9,19,53.49,0.0,idle,27.932,4000.0,4000.0,rule_based_v1
2026-08-19T09:30,2026-08-19,9,20,53.49,0.0,idle,27.948,4000.0,4000.0,rule_based_v1
2026-08-19T09:35,2026-08-19,9,20,53.49,0.0,idle,27.964,4000.0,4000.0,rule_based_v1
2026-08-19T09:40,2026-08-19,9,20,53.49,0.0,idle,27.979,4000.0,4000.0,rule_based_v1
2026-08-19T09:45,2026-08-19,9,20,53.49,0.0,idle,27.995,4000.0,4000.0,rule_based_v1
2026-08-19T09:50,2026-08-19,9,20,53.49,0.0,idle,28.011,4000.0,4000.0,rule_based_v1
2026-08-19T09:55,2026-08-19,9,20,53.49,0.0,idle,28.026,4000.0,4000.0,rule_based_v1
2026-08-19T10:00,2026-08-19,10,21,53.49,0.0,idle,28.042,4000.0,4000.0,rule_based_v1
2026-08-19T10:05,2026-08-19,10,21,53.49,0.0,idle,28.057,4000.0,4000.0,rule_based_v1
2026-08-19T10:10,2026-08-19,10,21,53.49,0.0,idle,28.073,4000.0,4000.0,rule_based_v1
2026-08-19T10:15,2026-08-19,10,21,53.49,0.0,idle,28.088,4000.0,4000.0,rule_based_v1
2026-08-19T10:20,2026-08-19,10,21,53.49,0.0,idle,28.103,4000.0,4000.0,rule_based_v1
2026-08-19T10:25,2026-08-19,10,21,53.49,0.0,idle,28.118,4000.0,4000.0,rule_based_v1
2026-08-19T10:30,2026-08-19,10,22,53.49,0.0,idle,28.133,4000.0,4000.0,rule_based_v1
2026-08-19T10:35,2026-08-19,10,22,53.49,0.0,idle,28.147,4000.0,4000.0,rule_based_v1
2026-08-19T10:40,2026-08-19,10,22,53.49,0.0,idle,28.162,4000.0,4000.0,rule_based_v1
2026-08-19T10:45,2026-08-19,10,22,53.49,0.0,idle,28.176,4000.0,4000.0,rule_based_v1
2026-08-19T10:50,2026-08-19,10,22,53.49,0.0,idle,28.19,4000.0,4000.0,rule_based_v1
2026-08-19T10:55,2026-08-19,10,22,53.49,0.0,idle,28.204,4000.0,4000.0,rule_based_v1
2026-08-19T11:00,2026-08-19,11,23,53.49,0.0,idle,28.218,4000.0,4000.0,rule_based_v1
2026-08-19T11:05,2026-08-19,11,23,53.49,0.0,idle,28.231,4000.0,4000.0,rule_based_v1
2026-08-19T11:10,2026-08-19,11,23,53.49,0.0,idle,28.245,4000.0,4000.0,rule_based_v1
2026-08-19T11:15,2026-08-19,11,23,53.49,0.0,idle,28.258,4000.0,4000.0,rule_based_v1
2026-08-19T11:20,2026-08-19,11,23,53.49,0.0,idle,28.27,4000.0,4000.0,rule_based_v1
2026-08-19T11:25,2026-08-19,11,23,53.49,0.0,idle,28.283,4000.0,4000.0,rule_based_v1
2026-08-19T11:30,2026-08-19,11,24,53.49,0.0,idle,28.295,4000.0,4000.0,rule_based_v1
2026-08-19T11:35,2026-08-19,11,24,53.49,0.0,idle,28.307,4000.0,4000.0,rule_based_v1
2026-08-19T11:40,2026-08-19,11,24,53.49,0.0,idle,28.319,4000.0,4000.0,rule_based_v1
2026-08-19T11:45,2026-08-19,11,24,53.49,0.0,idle,28.33,4000.0,4000.0,rule_based_v1
2026-08-19T11:50,2026-08-19,11,24,53.49,0.0,idle,28.341,4000.0,4000.0,rule_based_v1
2026-08-19T11:55,2026-08-19,11,24,53.49,0.0,idle,28.351,4000.0,4000.0,rule_based_v1
2026-08-19T12:00,2026-08-19,12,25,53.49,-600.0,charge,29.082,4000.0,4000.0,rule_based_v1
2026-08-19T12:05,2026-08-19,12,25,54.066,-600.0,charge,29.092,4000.0,4000.0,rule_based_v1
2026-08-19T12:10,2026-08-19,12,25,54.643,-600.0,charge,29.101,4000.0,4000.0,rule_based_v1
2026-08-19T12:15,2026-08-19,12,25,55.219,-600.0,charge,29.11,4000.0,4000.0,rule_based_v1
2026-08-19T12:20,2026-08-19,12,25,55.795,-600.0,charge,29.119,4000.0,4000.0,rule_based_v1
2026-08-19T12:25,2026-08-19,12,25,56.371,-600.0,charge,29.128,4000.0,4000.0,rule_based_v1
2026-08-19T12:30,2026-08-19,12,26,56.948,-600.0,charge,29.136,4000.0,4000.0,rule_based_v1
2026-08-19T12:35,2026-08-19,12,26,57.524,-600.0,charge,29.143,4000.0,4000.0,rule_based_v1
2026-08-19T12:40,2026-08-19,12,26,58.1,-600.0,charge,29.151,4000.0,4000.0,rule_based_v1
2026-08-19T12:45,2026-08-19,12,26,58.676,-600.0,charge,29.157,4000.0,4000.0,rule_based_v1
2026-08-19T12:50,2026-08-19,12,26,59.253,-600.0,charge,29.164,4000.0,4000.0,rule_based_v1
2026-08-19T12:55,2026-08-19,12,26,59.829,-600.0,charge,29.17,4000.0,4000.0,rule_based_v1
2026-08-19T13:00,2026-08-19,13,27,60.405,-600.0,charge,29.175,4000.0,4000.0,rule_based_v1
2026-08-19T13:05,2026-08-19,13,27,60.981,-600.0,charge,29.181,4000.0,4000.0,rule_based_v1
2026-08-19T13:10,2026-08-19,13,27,61.558,-600.0,charge,29.185,4000.0,4000.0,rule_based_v1
2026-08-19T13:15,2026-08-19,13,27,62.134,-600.0,charge,29.19,4000.0,4000.0,rule_based_v1
2026-08-19T13:20,2026-08-19,13,27,62.71,-600.0,charge,29.193,4000.0,4000.0,rule_based_v1
2026-08-19T13:25,2026-08-19,13,27,63.286,-600.0,charge,29.197,4000.0,4000.0,rule_based_v1
2026-08-19T13:30,2026-08-19,13,28,63.863,-600.0,charge,29.197,4000.0,4000.0,rule_based_v1
