issued_at,date,slot,ts,asset_id,asset_class,forecast_kw
2026-08-19T13:00,2026-08-19,28,2026-08-19T13:30,CR-AHU-01,cleanroom_hvac,255.666
2026-08-19T13:00,2026-08-19,28,2026-08-19T13:30,CR-AHU-02,cleanroom_hvac,255.666
2026-08-19T13:00,2026-08-19,28,2026-08-19T13:30,CR-AHU-03,cleanroom_hvac,255.666
2026-08-19T13:00,2026-08-19,28,2026-08-19T13:30,CR-AHU-04,cleanroom_hvac,255.666
2026-08-19T13:00,2026-08-19,28,2026-08-19T13:30,CR-AHU-05,cleanroom_hvac,220.217
2026-08-19T13:00,2026-08-19,28,2026-08-19T13:30,CR-AHU-06,cleanroom_hvac,220.217
2026-08-19T13:00,2026-08-19,28,2026-08-19T13:30,CR-EXF-01,cleanroom_exhaust,46.0
2026-08-19T13:00,2026-08-19,28,2026-08-19T13:30,CR-EXF-02,cleanroom_exhaust,46.0
2026-08-19T13:00,2026-08-19,28,2026-08-19T13:30,CR-EXF-03,cleanroom_exhaust,46.0
2026-08-19T13:00,2026-08-19,28,2026-08-19T13:30,CR-EXF-04,cleanroom_exhaust,46.0
2026-08-19T13:00,2026-08-19,28,2026-08-19T13:30,OF-AHU-01,office_hvac,138.742
2026-08-19T13:00,2026-08-19,28,2026-08-19T13:30,OF-AHU-02,office_hvac,144.646
2026-08-19T13:00,2026-08-19,28,2026-08-19T13:30,OF-AHU-03,office_hvac,150.55
2026-08-19T13:00,2026-08-19,28,2026-08-19T13:30,OF-AHU-04,office_hvac,156.454
2026-08-19T13:00,2026-08-19,28,2026-08-19T13:30,CH-01,chiller,658.802
2026-08-19T13:00,2026-08-19,28,2026-08-19T13:30,CH-02,chiller,665.491
2026-08-19T13:00,2026-08-19,28,2026-08-19T13:30,CH-03,chiller,672.179
2026-08-19T13:00,2026-08-19,28,2026-08-19T13:30,CH-04,chiller,678.867
2026-08-19T13:00,2026-08-19,28,2026-08-19T13:30,CT-01,cooling_aux,24.039
2026-08-19T13:00,2026-08-19,28,2026-08-19T13:30,CHWP-01,cooling_aux,37.0
2026-08-19T13:00,2026-08-19,28,2026-08-19T13:30,CT-02,cooling_aux,24.039
2026-08-19T13:00,2026-08-19,28,2026-08-19T13:30,CHWP-02,cooling_aux,37.0
2026-08-19T13:00,2026-08-19,28,2026-08-19T13:30,CT-03,cooling_aux,24.039
2026-08-19T13:00,2026-08-19,28,2026-08-19T13:30,CHWP-03,cooling_aux,37.0
2026-08-19T13:00,2026-08-19,28,2026-08-19T13:30,CT-04,cooling_aux,24.039
2026-08-19T13:00,2026-08-19,28,2026-08-19T13:30,CHWP-04,cooling_aux,37.0
2026-08-19T13:00,2026-08-19,28,2026-08-19T13:30,AC-01,compressor,246.029
2026-08-19T13:00,2026-08-19,28,2026-08-19T13:30,AC-02,compressor,249.757
2026-08-19T13:00,2026-08-19,28,2026-08-19T13:30,AC-03,compressor,248.514
2026-08-19T13:00,2026-08-19,28,2026-08-19T13:30,AC-04,compressor,292.394
2026-08-19T13:00,2026-08-19,28,2026-08-19T13:30,AC-05,compressor,86.938
2026-08-19T13:00,2026-08-19,28,2026-08-19T13:30,AC-06,compressor,0.0
2026-08-19T13:00,2026-08-19,28,2026-08-19T13:30,FN-01,furnace,810.0
2026-08-19T13:00,2026-08-19,28,2026-08-19T13:30,FN-02,furnace,686.667
2026-08-19T13:00,2026-08-19,28,2026-08-19T13:30,FN-03,furnace,130.0
2026-08-19T13:00,2026-08-19,28,2026-08-19T13:30,LN-01,production_line,716.273
2026-08-19T13:00,2026-08-19,28,2026-08-19T13:30,LN-02,production_line,742.51
2026-08-19T13:00,2026-08-19,28,2026-08-19T13:30,LN-03,production_line,768.748
2026-08-19T13:00,2026-08-19,28,2026-08-19T13:30,LN-04,production_line,794.985
2026-08-19T13:00,2026-08-19,28,2026-08-19T13:30,LN-05,production_line,455.0
2026-08-19T13:00,2026-08-19,28,2026-08-19T13:30,LN-06,production_line,455.0
2026-08-19T13:00,2026-08-19,28,2026-08-19T13:30,BI-01,burn_in,4.0
2026-08-19T13:00,2026-08-19,28,2026-08-19T13:30,BI-02,burn_in,4.0
2026-08-19T13:00,2026-08-19,28,2026-08-19T13:30,BI-03,burn_in,112.0
2026-08-19T13:00,2026-08-19,28,2026-08-19T13:30,BI-04,burn_in,112.0
2026-08-19T13:00,2026-08-19,28,2026-08-19T13:30,BI-05,burn_in,112.0
2026-08-19T13:00,2026-08-19,28,2026-08-19T13:30,BI-06,burn_in,112.0
2026-08-19T13:00,2026-08-19,28,2026-08-19T13:30,BI-07,burn_in,4.0
2026-08-19T13:00,2026-08-19,28,2026-08-19T13:30,BI-08,burn_in,112.0
2026-08-19T13:00,2026-08-19,28,2026-08-19T13:30,EV-01,ev_charger,10.05
2026-08-19T13:00,2026-08-19,28,2026-08-19T13:30,EV-02,ev_charger,8.1
2026-08-19T13:00,2026-08-19,28,2026-08-19T13:30,EV-03,ev_charger,12.0
2026-08-19T13:00,2026-08-19,28,2026-08-19T13:30,EV-04,ev_charger,10.05
2026-08-19T13:00,2026-08-19,28,2026-08-19T13:30,EV-05,ev_charger,8.1
2026-08-19T13:00,2026-08-19,28,2026-08-19T13:30,EV-06,ev_charger,12.0
2026-08-19T13:00,2026-08-19,28,2026-08-19T13:30,EV-07,ev_charger,0.5
2026-08-19T13:00,2026-08-19,28,2026-08-19T13:30,EV-08,ev_charger,0.5
2026-08-19T13:00,2026-08-19,28,2026-08-19T13:30,EV-09,ev_charger,0.5
2026-08-19T13:00,2026-08-19,28,2026-08-19T13:30,EV-10,ev_charger,0.5
2026-08-19T13:00,2026-08-19,28,2026-08-19T13:30,LT-01,lighting,36.0
2026-08-19T13:00,2026-08-19,28,2026-08-19T13:30,LT-02,lighting,36.0
2026-08-19T13:00,2026-08-19,28,2026-08-19T13:30,LT-03,lighting,36.0
2026-08-19T13:00,2026-08-19,28,2026-08-19T13:30,LT-04,lighting,36.0
2026-08-19T13:00,2026-08-19,28,2026-08-19T13:30,LT-05,lighting,36.0
2026-08-19T13:00,2026-08-19,28,2026-08-19T13:30,LT-06,lighting,36.0
2026-08-19T13:00,2026-08-19,28,2026-08-19T13:30,WW-01,wastewater,22.75
2026-08-19T13:00,2026-08-19,28,2026-08-19T13:30,WW-02,wastewater,45.0
2026-08-19T13:00,2026-08-19,28,2026-08-19T13:30,WW-03,wastewater,22.75
2026-08-19T13:00,2026-08-19,28,2026-08-19T13:30,WW-04,wastewater,0.5
2026-08-19T13:00,2026-08-19,28,2026-08-19T13:30,UPW-01,critical_utility,385.0
2026-08-19T13:00,2026-08-19,28,2026-08-19T13:30,N2-01,critical_utility,305.0
2026-08-19T13:00,2026-08-19,28,2026-08-19T13:30,IT-01,critical_utility,132.0
2026-08-19T13:00,2026-08-19,28,2026-08-19T13:30,PCW-01,critical_utility,80.0
2026-08-19T13:00,2026-08-19,28,2026-08-19T13:30,VAC-01,critical_utility,96.0
2026-08-19T13:00,2026-08-19,28,2026-08-19T13:30,PCW-02,critical_utility,80.0
2026-08-19T13:00,2026-08-19,28,2026-08-19T13:30,VAC-02,critical_utility,96.0
2026-08-19T13:00,2026-08-19,28,2026-08-19T13:30,MISC-01,building_general,265.0
2026-08-19T13:00,2026-08-19,29,2026-08-19T14:00,CR-AHU-01,cleanroom_hvac,255.698
2026-08-19T13:00,2026-08-19,29,2026-08-19T14:00,CR-AHU-02,cleanroom_hvac,255.698
2026-08-19T13:00,2026-08-19,29,2026-08-19T14:00,CR-AHU-03,cleanroom_hvac,255.698
2026-08-19T13:00,2026-08-19,29,2026-08-19T14:00,CR-AHU-04,cleanroom_hvac,255.698
2026-08-19T13:00,2026-08-19,29,2026-08-19T14:00,CR-AHU-05,cleanroom_hvac,220.244
2026-08-19T13:00,2026-08-19,29,2026-08-19T14:00,CR-AHU-06,cleanroom_hvac,220.244
2026-08-19T13:00,2026-08-19,29,2026-08-19T14:00,CR-EXF-01,cleanroom_exhaust,46.0
2026-08-19T13:00,2026-08-19,29,2026-08-19T14:00,CR-EXF-02,cleanroom_exhaust,46.0
2026-08-19T13:00,2026-08-19,29,2026-08-19T14:00,CR-EXF-03,cleanroom_exhaust,46.0
2026-08-19T13:00,2026-08-19,29,2026-08-19T14:00,CR-EXF-04,cleanroom_exhaust,46.0
2026-08-19T13:00,2026-08-19,29,2026-08-19T14:00,OF-AHU-01,office_hvac,138.891
2026-08-19T13:00,2026-08-19,29,2026-08-19T14:00,OF-AHU-02,office_hvac,144.801
2026-08-19T13:00,2026-08-19,29,2026-08-19T14:00,OF-AHU-03,office_hvac,150.711
2026-08-19T13:00,2026-08-19,29,2026-08-19T14:00,OF-AHU-04,office_hvac,156.621
2026-08-19T13:00,2026-08-19,29,2026-08-19T14:00,CH-01,chiller,659.51
2026-08-19T13:00,2026-08-19,29,2026-08-19T14:00,CH-02,chiller,666.205
2026-08-19T13:00,2026-08-19,29,2026-08-19T14:00,CH-03,chiller,672.901
2026-08-19T13:00,2026-08-19,29,2026-08-19T14:00,CH-04,chiller,679.596
2026-08-19T13:00,2026-08-19,29,2026-08-19T14:00,CT-01,cooling_aux,24.052
2026-08-19T13:00,2026-08-19,29,2026-08-19T14:00,CHWP-01,cooling_aux,37.0
2026-08-19T13:00,2026-08-19,29,2026-08-19T14:00,CT-02,cooling_aux,24.052
2026-08-19T13:00,2026-08-19,29,2026-08-19T14:00,CHWP-02,cooling_aux,37.0
2026-08-19T13:00,2026-08-19,29,2026-08-19T14:00,CT-03,cooling_aux,24.052
2026-08-19T13:00,2026-08-19,29,2026-08-19T14:00,CHWP-03,cooling_aux,37.0
2026-08-19T13:00,2026-08-19,29,2026-08-19T14:00,CT-04,cooling_aux,24.052
2026-08-19T13:00,2026-08-19,29,2026-08-19T14:00,CHWP-04,cooling_aux,37.0
2026-08-19T13:00,2026-08-19,29,2026-08-19T14:00,AC-01,compressor,246.029
2026-08-19T13:00,2026-08-19,29,2026-08-19T14:00,AC-02,compressor,249.757
2026-08-19T13:00,2026-08-19,29,2026-08-19T14:00,AC-03,compressor,248.514
2026-08-19T13:00,2026-08-19,29,2026-08-19T14:00,AC-04,compressor,292.435
2026-08-19T13:00,2026-08-19,29,2026-08-19T14:00,AC-05,compressor,86.938
2026-08-19T13:00,2026-08-19,29,2026-08-19T14:00,AC-06,compressor,0.0
2026-08-19T13:00,2026-08-19,29,2026-08-19T14:00,FN-01,furnace,930.0
2026-08-19T13:00,2026-08-19,29,2026-08-19T14:00,FN-02,furnace,226.667
2026-08-19T13:00,2026-08-19,29,2026-08-19T14:00,FN-03,furnace,130.0
2026-08-19T13:00,2026-08-19,29,2026-08-19T14:00,LN-01,production_line,716.335
2026-08-19T13:00,2026-08-19,29,2026-08-19T14:00,LN-02,production_line,742.574
2026-08-19T13:00,2026-08-19,29,2026-08-19T14:00,LN-03,production_line,768.814
2026-08-19T13:00,2026-08-19,29,2026-08-19T14:00,LN-04,production_line,795.053
2026-08-19T13:00,2026-08-19,29,2026-08-19T14:00,LN-05,production_line,455.0
2026-08-19T13:00,2026-08-19,29,2026-08-19T14:00,LN-06,production_line,455.0
2026-08-19T13:00,2026-08-19,29,2026-08-19T14:00,BI-01,burn_in,112.0
2026-08-19T13:00,2026-08-19,29,2026-08-19T14:00,BI-02,burn_in,4.0
2026-08-19T13:00,2026-08-19,29,2026-08-19T14:00,BI-03,burn_in,112.0
2026-08-19T13:00,2026-08-19,29,2026-08-19T14:00,BI-04,burn_in,112.0
2026-08-19T13:00,2026-08-19,29,2026-08-19T14:00,BI-05,burn_in,112.0
2026-08-19T13:00,2026-08-19,29,2026-08-19T14:00,BI-06,burn_in,112.0
2026-08-19T13:00,2026-08-19,29,2026-08-19T14:00,BI-07,burn_in,4.0
2026-08-19T13:00,2026-08-19,29,2026-08-19T14:00,BI-08,burn_in,112.0
2026-08-19T13:00,2026-08-19,29,2026-08-19T14:00,EV-01,ev_charger,12.0
2026-08-19T13:00,2026-08-19,29,2026-08-19T14:00,EV-02,ev_charger,12.0
2026-08-19T13:00,2026-08-19,29,2026-08-19T14:00,EV-03,ev_charger,12.0
2026-08-19T13:00,2026-08-19,29,2026-08-19T14:00,EV-04,ev_charger,12.0
2026-08-19T13:00,2026-08-19,29,2026-08-19T14:00,EV-05,ev_charger,12.0
2026-08-19T13:00,2026-08-19,29,2026-08-19T14:00,EV-06,ev_charger,12.0
2026-08-19T13:00,2026-08-19,29,2026-08-19T14:00,EV-07,ev_charger,0.5
2026-08-19T13:00,2026-08-19,29,2026-08-19T14:00,EV-08,ev_charger,0.5
2026-08-19T13:00,2026-08-19,29,2026-08-19T14:00,EV-09,ev_charger,0.5
2026-08-19T13:00,2026-08-19,29,2026-08-19T14:00,EV-10,ev_charger,0.5
2026-08-19T13:00,2026-08-19,29,2026-08-19T14:00,LT-01,lighting,36.0
2026-08-19T13:00,2026-08-19,29,2026-08-19T14:00,LT-02,lighting,36.0
2026-08-19T13:00,2026-08-19,29,2026-08-19T14:00,LT-03,lighting,36.0
2026-08-19T13:00,2026-08-19,29,2026-08-19T14:00,LT-04,lighting,36.0
2026-08-19T13:00,2026-08-19,29,2026-08-19T14:00,LT-05,lighting,36.0
2026-08-19T13:00,2026-08-19,29,2026-08-19T14:00,LT-06,lighting,36.0
2026-08-19T13:00,2026-08-19,29,2026-08-19T14:00,WW-01,wastewater,22.75
2026-08-19T13:00,2026-08-19,29,2026-08-19T14:00,WW-02,wastewater,0.5
2026-08-19T13:00,2026-08-19,29,2026-08-19T14:00,WW-03,wastewater,22.75
2026-08-19T13:00,2026-08-19,29,2026-08-19T14:00,WW-04,wastewater,45.0
2026-08-19T13:00,2026-08-19,29,2026-08-19T14:00,UPW-01,critical_utility,385.0
2026-08-19T13:00,2026-08-19,29,2026-08-19T14:00,N2-01,critical_utility,305.0
2026-08-19T13:00,2026-08-19,29,2026-08-19T14:00,IT-01,critical_utility,132.0
2026-08-19T13:00,2026-08-19,29,2026-08-19T14:00,PCW-01,critical_utility,80.0
2026-08-19T13:00,2026-08-19,29,2026-08-19T14:00,VAC-01,critical_utility,96.0
2026-08-19T13:00,2026-08-19,29,2026-08-19T14:00,PCW-02,critical_utility,80.0
2026-08-19T13:00,2026-08-19,29,2026-08-19T14:00,VAC-02,critical_utility,96.0
2026-08-19T13:00,2026-08-19,29,2026-08-19T14:00,MISC-01,building_general,265.0
2026-08-19T13:00,2026-08-19,30,2026-08-19T14:30,CR-AHU-01,cleanroom_hvac,255.634
2026-08-19T13:00,2026-08-19,30,2026-08-19T14:30,CR-AHU-02,cleanroom_hvac,255.634
2026-08-19T13:00,2026-08-19,30,2026-08-19T14:30,CR-AHU-03,cleanroom_hvac,255.634
2026-08-19T13:00,2026-08-19,30,2026-08-19T14:30,CR-AHU-04,cleanroom_hvac,255.634
2026-08-19T13:00,2026-08-19,30,2026-08-19T14:30,CR-AHU-05,cleanroom_hvac,220.189
2026-08-19T13:00,2026-08-19,30,2026-08-19T14:30,CR-AHU-06,cleanroom_hvac,220.189
2026-08-19T13:00,2026-08-19,30,2026-08-19T14:30,CR-EXF-01,cleanroom_exhaust,46.0
2026-08-19T13:00,2026-08-19,30,2026-08-19T14:30,CR-EXF-02,cleanroom_exhaust,46.0
2026-08-19T13:00,2026-08-19,30,2026-08-19T14:30,CR-EXF-03,cleanroom_exhaust,46.0
2026-08-19T13:00,2026-08-19,30,2026-08-19T14:30,CR-EXF-04,cleanroom_exhaust,46.0
2026-08-19T13:00,2026-08-19,30,2026-08-19T14:30,OF-AHU-01,office_hvac,138.594
2026-08-19T13:00,2026-08-19,30,2026-08-19T14:30,OF-AHU-02,office_hvac,144.491
2026-08-19T13:00,2026-08-19,30,2026-08-19T14:30,OF-AHU-03,office_hvac,150.389
2026-08-19T13:00,2026-08-19,30,2026-08-19T14:30,OF-AHU-04,office_hvac,156.287
2026-08-19T13:00,2026-08-19,30,2026-08-19T14:30,CH-01,chiller,658.094
2026-08-19T13:00,2026-08-19,30,2026-08-19T14:30,CH-02,chiller,664.775
2026-08-19T13:00,2026-08-19,30,2026-08-19T14:30,CH-03,chiller,671.456
2026-08-19T13:00,2026-08-19,30,2026-08-19T14:30,CH-04,chiller,678.138
2026-08-19T13:00,2026-08-19,30,2026-08-19T14:30,CT-01,cooling_aux,24.026
2026-08-19T13:00,2026-08-19,30,2026-08-19T14:30,CHWP-01,cooling_aux,37.0
2026-08-19T13:00,2026-08-19,30,2026-08-19T14:30,CT-02,cooling_aux,24.026
2026-08-19T13:00,2026-08-19,30,2026-08-19T14:30,CHWP-02,cooling_aux,37.0
2026-08-19T13:00,2026-08-19,30,2026-08-19T14:30,CT-03,cooling_aux,24.026
2026-08-19T13:00,2026-08-19,30,2026-08-19T14:30,CHWP-03,cooling_aux,37.0
2026-08-19T13:00,2026-08-19,30,2026-08-19T14:30,CT-04,cooling_aux,24.026
2026-08-19T13:00,2026-08-19,30,2026-08-19T14:30,CHWP-04,cooling_aux,37.0
2026-08-19T13:00,2026-08-19,30,2026-08-19T14:30,AC-01,compressor,246.029
2026-08-19T13:00,2026-08-19,30,2026-08-19T14:30,AC-02,compressor,249.757
2026-08-19T13:00,2026-08-19,30,2026-08-19T14:30,AC-03,compressor,248.514
2026-08-19T13:00,2026-08-19,30,2026-08-19T14:30,AC-04,compressor,292.477
2026-08-19T13:00,2026-08-19,30,2026-08-19T14:30,AC-05,compressor,86.938
2026-08-19T13:00,2026-08-19,30,2026-08-19T14:30,AC-06,compressor,0.0
2026-08-19T13:00,2026-08-19,30,2026-08-19T14:30,FN-01,furnace,820.0
2026-08-19T13:00,2026-08-19,30,2026-08-19T14:30,FN-02,furnace,130.0
2026-08-19T13:00,2026-08-19,30,2026-08-19T14:30,FN-03,furnace,130.0
2026-08-19T13:00,2026-08-19,30,2026-08-19T14:30,LN-01,production_line,716.212
2026-08-19T13:00,2026-08-19,30,2026-08-19T14:30,LN-02,production_line,742.447
2026-08-19T13:00,2026-08-19,30,2026-08-19T14:30,LN-03,production_line,768.681
2026-08-19T13:00,2026-08-19,30,2026-08-19T14:30,LN-04,production_line,794.916
2026-08-19T13:00,2026-08-19,30,2026-08-19T14:30,LN-05,production_line,455.0
2026-08-19T13:00,2026-08-19,30,2026-08-19T14:30,LN-06,production_line,455.0
2026-08-19T13:00,2026-08-19,30,2026-08-19T14:30,BI-01,burn_in,112.0
2026-08-19T13:00,2026-08-19,30,2026-08-19T14:30,BI-02,burn_in,112.0
2026-08-19T13:00,2026-08-19,30,2026-08-19T14:30,BI-03,burn_in,4.0
2026-08-19T13:00,2026-08-19,30,2026-08-19T14:30,BI-04,burn_in,112.0
2026-08-19T13:00,2026-08-19,30,2026-08-19T14:30,BI-05,burn_in,112.0
2026-08-19T13:00,2026-08-19,30,2026-08-19T14:30,BI-06,burn_in,112.0
2026-08-19T13:00,2026-08-19,30,2026-08-19T14:30,BI-07,burn_in,4.0
2026-08-19T13:00,2026-08-19,30,2026-08-19T14:30,BI-08,burn_in,112.0
2026-08-19T13:00,2026-08-19,30,2026-08-19T14:30,EV-01,ev_charger,12.0
2026-08-19T13:00,2026-08-19,30,2026-08-19T14:30,EV-02,ev_charger,12.0
2026-08-19T13:00,2026-08-19,30,2026-08-19T14:30,EV-03,ev_charger,12.0
2026-08-19T13:00,2026-08-19,30,2026-08-19T14:30,EV-04,ev_charger,12.0
2026-08-19T13:00,2026-08-19,30,2026-08-19T14:30,EV-05,ev_charger,12.0
2026-08-19T13:00,2026-08-19,30,2026-08-19T14:30,EV-06,ev_charger,12.0
2026-08-19T13:00,2026-08-19,30,2026-08-19T14:30,EV-07,ev_charger,0.5
2026-08-19T13:00,2026-08-19,30,2026-08-19T14:30,EV-08,ev_charger,0.5
2026-08-19T13:00,2026-08-19,30,2026-08-19T14:30,EV-09,ev_charger,0.5
2026-08-19T13:00,2026-08-19,30,2026-08-19T14:30,EV-10,ev_charger,0.5
2026-08-19T13:00,2026-08-19,30,2026-08-19T14:30,LT-01,lighting,36.0
2026-08-19T13:00,2026-08-19,30,2026-08-19T14:30,LT-02,lighting,36.0
2026-08-19T13:00,2026-08-19,30,2026-08-19T14:30,LT-03,lighting,36.0
2026-08-19T13:00,2026-08-19,30,2026-08-19T14:30,LT-04,lighting,36.0
2026-08-19T13:00,2026-08-19,30,2026-08-19T14:30,LT-05,lighting,36.0
2026-08-19T13:00,2026-08-19,30,2026-08-19T14:30,LT-06,lighting,36.0
2026-08-19T13:00,2026-08-19,30,2026-08-19T14:30,WW-01,wastewater,22.75
2026-08-19T13:00,2026-08-19,30,2026-08-19T14:30,WW-02,wastewater,45.0
2026-08-19T13:00,2026-08-19,30,2026-08-19T14:30,WW-03,wastewater,22.75
2026-08-19T13:00,2026-08-19,30,2026-08-19T14:30,WW-04,wastewater,0.5
2026-08-19T13:00,2026-08-19,30,2026-08-19T14:30,UPW-01,critical_utility,385.0
2026-08-19T13:00,2026-08-19,30,2026-08-19T14:30,N2-01,critical_utility,305.0
2026-08-19T13:00,2026-08-19,30,2026-08-19T14:30,IT-01,critical_utility,132.0
2026-08-19T13:00,2026-08-19,30,2026-08-19T14:30,PCW-01,critical_utility,80.0
2026-08-19T13:00,2026-08-19,30,2026-08-19T14:30,VAC-01,critical_utility,96.0
2026-08-19T13:00,2026-08-19,30,2026-08-19T14:30,PCW-02,critical_utility,80.0
2026-08-19T13:00,2026-08-19,30,2026-08-19T14:30,VAC-02,critical_utility,96.0
2026-08-19T13:00,2026-08-19,30,2026-08-19T14:30,MISC-01,building_general,265.0
2026-08-19T13:00,2026-08-19,31,2026-08-19T15:00,CR-AHU-01,cleanroom_hvac,255.5
2026-08-19T13:00,2026-08-19,31,2026-08-19T15:00,CR-AHU-02,cleanroom_hvac,255.5
2026-08-19T13:00,2026-08-19,31,2026-08-19T15:00,CR-AHU-03,cleanroom_hvac,255.5
2026-08-19T13:00,2026-08-19,31,2026-08-19T15:00,CR-AHU-04,cleanroom_hvac,255.5
2026-08-19T13:00,2026-08-19,31,2026-08-19T15:00,CR-AHU-05,cleanroom_hvac,220.073
2026-08-19T13:00,2026-08-19,31,2026-08-19T15:00,CR-AHU-06,cleanroom_hvac,220.073
2026-08-19T13:00,2026-08-19,31,2026-08-19T15:00,CR-EXF-01,cleanroom_exhaust,46.0
2026-08-19T13:00,2026-08-19,31,2026-08-19T15:00,CR-EXF-02,cleanroom_exhaust,46.0
2026-08-19T13:00,2026-08-19,31,2026-08-19T15:00,CR-EXF-03,cleanroom_exhaust,46.0
2026-08-19T13:00,2026-08-19,31,2026-08-19T15:00,CR-EXF-04,cleanroom_exhaust,46.0
2026-08-19T13:00,2026-08-19,31,2026-08-19T15:00,OF-AHU-01,office_hvac,137.976
2026-08-19T13:00,2026-08-19,31,2026-08-19T15:00,OF-AHU-02,office_hvac,143.847
2026-08-19T13:00,2026-08-19,31,2026-08-19T15:00,OF-AHU-03,office_hvac,149.719
2026-08-19T13:00,2026-08-19,31,2026-08-19T15:00,OF-AHU-04,office_hvac,155.59
2026-08-19T13:00,2026-08-19,31,2026-08-19T15:00,CH-01,chiller,655.157
2026-08-19T13:00,2026-08-19,31,2026-08-19T15:00,CH-02,chiller,661.808
2026-08-19T13:00,2026-08-19,31,2026-08-19T15:00,CH-03,chiller,668.459
2026-08-19T13:00,2026-08-19,31,2026-08-19T15:00,CH-04,chiller,675.111
2026-08-19T13:00,2026-08-19,31,2026-08-19T15:00,CT-01,cooling_aux,23.972
2026-08-19T13:00,2026-08-19,31,2026-08-19T15:00,CHWP-01,cooling_aux,37.0
2026-08-19T13:00,2026-08-19,31,2026-08-19T15:00,CT-02,cooling_aux,23.972
2026-08-19T13:00,2026-08-19,31,2026-08-19T15:00,CHWP-02,cooling_aux,37.0
2026-08-19T13:00,2026-08-19,31,2026-08-19T15:00,CT-03,cooling_aux,23.972
2026-08-19T13:00,2026-08-19,31,2026-08-19T15:00,CHWP-03,cooling_aux,37.0
2026-08-19T13:00,2026-08-19,31,2026-08-19T15:00,CT-04,cooling_aux,23.972
2026-08-19T13:00,2026-08-19,31,2026-08-19T15:00,CHWP-04,cooling_aux,37.0
2026-08-19T13:00,2026-08-19,31,2026-08-19T15:00,AC-01,compressor,246.029
2026-08-19T13:00,2026-08-19,31,2026-08-19T15:00,AC-02,compressor,249.757
2026-08-19T13:00,2026-08-19,31,2026-08-19T15:00,AC-03,compressor,248.514
2026-08-19T13:00,2026-08-19,31,2026-08-19T15:00,AC-04,compressor,292.518
2026-08-19T13:00,2026-08-19,31,2026-08-19T15:00,AC-05,compressor,86.938
2026-08-19T13:00,2026-08-19,31,2026-08-19T15:00,AC-06,compressor,0.0
2026-08-19T13:00,2026-08-19,31,2026-08-19T15:00,FN-01,furnace,820.0
2026-08-19T13:00,2026-08-19,31,2026-08-19T15:00,FN-02,furnace,130.0
2026-08-19T13:00,2026-08-19,31,2026-08-19T15:00,FN-03,furnace,130.0
2026-08-19T13:00,2026-08-19,31,2026-08-19T15:00,LN-01,production_line,715.955
2026-08-19T13:00,2026-08-19,31,2026-08-19T15:00,LN-02,production_line,742.181
2026-08-19T13:00,2026-08-19,31,2026-08-19T15:00,LN-03,production_line,768.406
2026-08-19T13:00,2026-08-19,31,2026-08-19T15:00,LN-04,production_line,794.632
2026-08-19T13:00,2026-08-19,31,2026-08-19T15:00,LN-05,production_line,455.0
2026-08-19T13:00,2026-08-19,31,2026-08-19T15:00,LN-06,production_line,455.0
2026-08-19T13:00,2026-08-19,31,2026-08-19T15:00,BI-01,burn_in,112.0
2026-08-19T13:00,2026-08-19,31,2026-08-19T15:00,BI-02,burn_in,112.0
2026-08-19T13:00,2026-08-19,31,2026-08-19T15:00,BI-03,burn_in,4.0
2026-08-19T13:00,2026-08-19,31,2026-08-19T15:00,BI-04,burn_in,4.0
2026-08-19T13:00,2026-08-19,31,2026-08-19T15:00,BI-05,burn_in,112.0
2026-08-19T13:00,2026-08-19,31,2026-08-19T15:00,BI-06,burn_in,112.0
2026-08-19T13:00,2026-08-19,31,2026-08-19T15:00,BI-07,burn_in,4.0
2026-08-19T13:00,2026-08-19,31,2026-08-19T15:00,BI-08,burn_in,112.0
2026-08-19T13:00,2026-08-19,31,2026-08-19T15:00,EV-01,ev_charger,0.3
2026-08-19T13:00,2026-08-19,31,2026-08-19T15:00,EV-02,ev_charger,0.3
2026-08-19T13:00,2026-08-19,31,2026-08-19T15:00,EV-03,ev_charger,0.3
2026-08-19T13:00,2026-08-19,31,2026-08-19T15:00,EV-04,ev_charger,0.3
2026-08-19T13:00,2026-08-19,31,2026-08-19T15:00,EV-05,ev_charger,0.3
2026-08-19T13:00,2026-08-19,31,2026-08-19T15:00,EV-06,ev_charger,0.3
2026-08-19T13:00,2026-08-19,31,2026-08-19T15:00,EV-07,ev_charger,0.5
2026-08-19T13:00,2026-08-19,31,2026-08-19T15:00,EV-08,ev_charger,0.5
2026-08-19T13:00,2026-08-19,31,2026-08-19T15:00,EV-09,ev_charger,0.5
2026-08-19T13:00,2026-08-19,31,2026-08-19T15:00,EV-10,ev_charger,0.5
2026-08-19T13:00,2026-08-19,31,2026-08-19T15:00,LT-01,lighting,36.0
2026-08-19T13:00,2026-08-19,31,2026-08-19T15:00,LT-02,lighting,36.0
2026-08-19T13:00,2026-08-19,31,2026-08-19T15:00,LT-03,lighting,36.0
2026-08-19T13:00,2026-08-19,31,2026-08-19T15:00,LT-04,lighting,36.0
2026-08-19T13:00,2026-08-19,31,2026-08-19T15:00,LT-05,lighting,36.0
2026-08-19T13:00,2026-08-19,31,2026-08-19T15:00,LT-06,lighting,36.0
2026-08-19T13:00,2026-08-19,31,2026-08-19T15:00,WW-01,wastewater,22.75
2026-08-19T13:00,2026-08-19,31,2026-08-19T15:00,WW-02,wastewater,0.5
2026-08-19T13:00,2026-08-19,31,2026-08-19T15:00,WW-03,wastewater,22.75
2026-08-19T13:00,2026-08-19,31,2026-08-19T15:00,WW-04,wastewater,45.0
2026-08-19T13:00,2026-08-19,31,2026-08-19T15:00,UPW-01,critical_utility,385.0
2026-08-19T13:00,2026-08-19,31,2026-08-19T15:00,N2-01,critical_utility,305.0
2026-08-19T13:00,2026-08-19,31,2026-08-19T15:00,IT-01,critical_utility,132.0
2026-08-19T13:00,2026-08-19,31,2026-08-19T15:00,PCW-01,critical_utility,80.0
2026-08-19T13:00,2026-08-19,31,2026-08-19T15:00,VAC-01,critical_utility,96.0
2026-08-19T13:00,2026-08-19,31,2026-08-19T15:00,PCW-02,critical_utility,80.0
2026-08-19T13:00,2026-08-19,31,2026-08-19T15:00,VAC-02,critical_utility,96.0
2026-08-19T13:00,2026-08-19,31,2026-08-19T15:00,MISC-01,building_general,265.0
2026-08-19T13:00,2026-08-19,32,2026-08-19T15:30,CR-AHU-01,cleanroom_hvac,255.298
2026-08-19T13:00,2026-08-19,32,2026-08-19T15:30,CR-AHU-02,cleanroom_hvac,255.298
2026-08-19T13:00,2026-08-19,32,2026-08-19T15:30,CR-AHU-03,cleanroom_hvac,255.298
2026-08-19T13:00,2026-08-19,32,2026-08-19T15:30,CR-AHU-04,cleanroom_hvac,255.298
2026-08-19T13:00,2026-08-19,32,2026-08-19T15:30,CR-AHU-05,cleanroom_hvac,219.899
2026-08-19T13:00,2026-08-19,32,2026-08-19T15:30,CR-AHU-06,cleanroom_hvac,219.899
2026-08-19T13:00,2026-08-19,32,2026-08-19T15:30,CR-EXF-01,cleanroom_exhaust,46.0
2026-08-19T13:00,2026-08-19,32,2026-08-19T15:30,CR-EXF-02,cleanroom_exhaust,46.0
2026-08-19T13:00,2026-08-19,32,2026-08-19T15:30,CR-EXF-03,cleanroom_exhaust,46.0
2026-08-19T13:00,2026-08-19,32,2026-08-19T15:30,CR-EXF-04,cleanroom_exhaust,46.0
2026-08-19T13:00,2026-08-19,32,2026-08-19T15:30,OF-AHU-01,office_hvac,137.045
2026-08-19T13:00,2026-08-19,32,2026-08-19T15:30,OF-AHU-02,office_hvac,142.876
2026-08-19T13:00,2026-08-19,32,2026-08-19T15:30,OF-AHU-03,office_hvac,148.708
2026-08-19T13:00,2026-08-19,32,2026-08-19T15:30,OF-AHU-04,office_hvac,154.54
2026-08-19T13:00,2026-08-19,32,2026-08-19T15:30,CH-01,chiller,650.744
2026-08-19T13:00,2026-08-19,32,2026-08-19T15:30,CH-02,chiller,657.351
2026-08-19T13:00,2026-08-19,32,2026-08-19T15:30,CH-03,chiller,663.958
2026-08-19T13:00,2026-08-19,32,2026-08-19T15:30,CH-04,chiller,670.564
2026-08-19T13:00,2026-08-19,32,2026-08-19T15:30,CT-01,cooling_aux,23.892
2026-08-19T13:00,2026-08-19,32,2026-08-19T15:30,CHWP-01,cooling_aux,37.0
2026-08-19T13:00,2026-08-19,32,2026-08-19T15:30,CT-02,cooling_aux,23.892
2026-08-19T13:00,2026-08-19,32,2026-08-19T15:30,CHWP-02,cooling_aux,37.0
2026-08-19T13:00,2026-08-19,32,2026-08-19T15:30,CT-03,cooling_aux,23.892
2026-08-19T13:00,2026-08-19,32,2026-08-19T15:30,CHWP-03,cooling_aux,37.0
2026-08-19T13:00,2026-08-19,32,2026-08-19T15:30,CT-04,cooling_aux,23.892
2026-08-19T13:00,2026-08-19,32,2026-08-19T15:30,CHWP-04,cooling_aux,37.0
2026-08-19T13:00,2026-08-19,32,2026-08-19T15:30,AC-01,compressor,246.029
2026-08-19T13:00,2026-08-19,32,2026-08-19T15:30,AC-02,compressor,249.757
2026-08-19T13:00,2026-08-19,32,2026-08-19T15:30,AC-03,compressor,248.514
2026-08-19T13:00,2026-08-19,32,2026-08-19T15:30,AC-04,compressor,292.56
2026-08-19T13:00,2026-08-19,32,2026-08-19T15:30,AC-05,compressor,86.938
2026-08-19T13:00,2026-08-19,32,2026-08-19T15:30,AC-06,compressor,0.0
2026-08-19T13:00,2026-08-19,32,2026-08-19T15:30,FN-01,furnace,686.667
2026-08-19T13:00,2026-08-19,32,2026-08-19T15:30,FN-02,furnace,130.0
2026-08-19T13:00,2026-08-19,32,2026-08-19T15:30,FN-03,furnace,130.0
2026-08-19T13:00,2026-08-19,32,2026-08-19T15:30,LN-01,production_line,715.569
2026-08-19T13:00,2026-08-19,32,2026-08-19T15:30,LN-02,production_line,741.78
2026-08-19T13:00,2026-08-19,32,2026-08-19T15:30,LN-03,production_line,767.992
2026-08-19T13:00,2026-08-19,32,2026-08-19T15:30,LN-04,production_line,794.203
2026-08-19T13:00,2026-08-19,32,2026-08-19T15:30,LN-05,production_line,455.0
2026-08-19T13:00,2026-08-19,32,2026-08-19T15:30,LN-06,production_line,455.0
2026-08-19T13:00,2026-08-19,32,2026-08-19T15:30,BI-01,burn_in,112.0
2026-08-19T13:00,2026-08-19,32,2026-08-19T15:30,BI-02,burn_in,112.0
2026-08-19T13:00,2026-08-19,32,2026-08-19T15:30,BI-03,burn_in,4.0
2026-08-19T13:00,2026-08-19,32,2026-08-19T15:30,BI-04,burn_in,4.0
2026-08-19T13:00,2026-08-19,32,2026-08-19T15:30,BI-05,burn_in,4.0
2026-08-19T13:00,2026-08-19,32,2026-08-19T15:30,BI-06,burn_in,112.0
2026-08-19T13:00,2026-08-19,32,2026-08-19T15:30,BI-07,burn_in,4.0
2026-08-19T13:00,2026-08-19,32,2026-08-19T15:30,BI-08,burn_in,112.0
2026-08-19T13:00,2026-08-19,32,2026-08-19T15:30,EV-01,ev_charger,0.3
2026-08-19T13:00,2026-08-19,32,2026-08-19T15:30,EV-02,ev_charger,0.3
2026-08-19T13:00,2026-08-19,32,2026-08-19T15:30,EV-03,ev_charger,0.3
2026-08-19T13:00,2026-08-19,32,2026-08-19T15:30,EV-04,ev_charger,0.3
2026-08-19T13:00,2026-08-19,32,2026-08-19T15:30,EV-05,ev_charger,0.3
2026-08-19T13:00,2026-08-19,32,2026-08-19T15:30,EV-06,ev_charger,0.3
2026-08-19T13:00,2026-08-19,32,2026-08-19T15:30,EV-07,ev_charger,0.5
2026-08-19T13:00,2026-08-19,32,2026-08-19T15:30,EV-08,ev_charger,0.5
2026-08-19T13:00,2026-08-19,32,2026-08-19T15:30,EV-09,ev_charger,0.5
2026-08-19T13:00,2026-08-19,32,2026-08-19T15:30,EV-10,ev_charger,0.5
2026-08-19T13:00,2026-08-19,32,2026-08-19T15:30,LT-01,lighting,36.0
2026-08-19T13:00,2026-08-19,32,2026-08-19T15:30,LT-02,lighting,36.0
2026-08-19T13:00,2026-08-19,32,2026-08-19T15:30,LT-03,lighting,36.0
2026-08-19T13:00,2026-08-19,32,2026-08-19T15:30,LT-04,lighting,36.0
2026-08-19T13:00,2026-08-19,32,2026-08-19T15:30,LT-05,lighting,36.0
2026-08-19T13:00,2026-08-19,32,2026-08-19T15:30,LT-06,lighting,36.0
2026-08-19T13:00,2026-08-19,32,2026-08-19T15:30,WW-01,wastewater,22.75
2026-08-19T13:00,2026-08-19,32,2026-08-19T15:30,WW-02,wastewater,45.0
2026-08-19T13:00,2026-08-19,32,2026-08-19T15:30,WW-03,wastewater,22.75
2026-08-19T13:00,2026-08-19,32,2026-08-19T15:30,WW-04,wastewater,0.5
2026-08-19T13:00,2026-08-19,32,2026-08-19T15:30,UPW-01,critical_utility,385.0
2026-08-19T13:00,2026-08-19,32,2026-08-19T15:30,N2-01,critical_utility,305.0
2026-08-19T13:00,2026-08-19,32,2026-08-19T15:30,IT-01,critical_utility,132.0
2026-08-19T13:00,2026-08-19,32,2026-08-19T15:30,PCW-01,critical_utility,80.0
2026-08-19T13:00,2026-08-19,32,2026-08-19T15:30,VAC-01,critical_utility,96.0
2026-08-19T13:00,2026-08-19,32,2026-08-19T15:30,PCW-02,critical_utility,80.0
2026-08-19T13:00,2026-08-19,32,2026-08-19T15:30,VAC-02,critical_utility,96.0
2026-08-19T13:00,2026-08-19,32,2026-08-19T15:30,MISC-01,building_general,265.0
2026-08-19T13:00,2026-08-19,33,2026-08-19T16:00,CR-AHU-01,cleanroom_hvac,255.029
2026-08-19T13:00,2026-08-19,33,2026-08-19T16:00,CR-AHU-02,cleanroom_hvac,255.029
2026-08-19T13:00,2026-08-19,33,2026-08-19T16:00,CR-AHU-03,cleanroom_hvac,255.029
2026-08-19T13:00,2026-08-19,33,2026-08-19T16:00,CR-AHU-04,cleanroom_hvac,255.029
2026-08-19T13:00,2026-08-19,33,2026-08-19T16:00,CR-AHU-05,cleanroom_hvac,219.668
2026-08-19T13:00,2026-08-19,33,2026-08-19T16:00,CR-AHU-06,cleanroom_hvac,219.668
2026-08-19T13:00,2026-08-19,33,2026-08-19T16:00,CR-EXF-01,cleanroom_exhaust,46.0
2026-08-19T13:00,2026-08-19,33,2026-08-19T16:00,CR-EXF-02,cleanroom_exhaust,46.0
2026-08-19T13:00,2026-08-19,33,2026-08-19T16:00,CR-EXF-03,cleanroom_exhaust,46.0
2026-08-19T13:00,2026-08-19,33,2026-08-19T16:00,CR-EXF-04,cleanroom_exhaust,46.0
2026-08-19T13:00,2026-08-19,33,2026-08-19T16:00,OF-AHU-01,office_hvac,135.809
2026-08-19T13:00,2026-08-19,33,2026-08-19T16:00,OF-AHU-02,office_hvac,141.588
2026-08-19T13:00,2026-08-19,33,2026-08-19T16:00,OF-AHU-03,office_hvac,147.367
2026-08-19T13:00,2026-08-19,33,2026-08-19T16:00,OF-AHU-04,office_hvac,153.147
2026-08-19T13:00,2026-08-19,33,2026-08-19T16:00,CH-01,chiller,644.927
2026-08-19T13:00,2026-08-19,33,2026-08-19T16:00,CH-02,chiller,651.474
2026-08-19T13:00,2026-08-19,33,2026-08-19T16:00,CH-03,chiller,658.022
2026-08-19T13:00,2026-08-19,33,2026-08-19T16:00,CH-04,chiller,664.569
2026-08-19T13:00,2026-08-19,33,2026-08-19T16:00,CT-01,cooling_aux,23.785
2026-08-19T13:00,2026-08-19,33,2026-08-19T16:00,CHWP-01,cooling_aux,37.0
2026-08-19T13:00,2026-08-19,33,2026-08-19T16:00,CT-02,cooling_aux,23.785
2026-08-19T13:00,2026-08-19,33,2026-08-19T16:00,CHWP-02,cooling_aux,37.0
2026-08-19T13:00,2026-08-19,33,2026-08-19T16:00,CT-03,cooling_aux,23.785
2026-08-19T13:00,2026-08-19,33,2026-08-19T16:00,CHWP-03,cooling_aux,37.0
2026-08-19T13:00,2026-08-19,33,2026-08-19T16:00,CT-04,cooling_aux,23.785
2026-08-19T13:00,2026-08-19,33,2026-08-19T16:00,CHWP-04,cooling_aux,37.0
2026-08-19T13:00,2026-08-19,33,2026-08-19T16:00,AC-01,compressor,246.029
2026-08-19T13:00,2026-08-19,33,2026-08-19T16:00,AC-02,compressor,249.757
2026-08-19T13:00,2026-08-19,33,2026-08-19T16:00,AC-03,compressor,248.514
2026-08-19T13:00,2026-08-19,33,2026-08-19T16:00,AC-04,compressor,292.601
2026-08-19T13:00,2026-08-19,33,2026-08-19T16:00,AC-05,compressor,86.938
2026-08-19T13:00,2026-08-19,33,2026-08-19T16:00,AC-06,compressor,0.0
2026-08-19T13:00,2026-08-19,33,2026-08-19T16:00,FN-01,furnace,226.667
2026-08-19T13:00,2026-08-19,33,2026-08-19T16:00,FN-02,furnace,130.0
2026-08-19T13:00,2026-08-19,33,2026-08-19T16:00,FN-03,furnace,130.0
2026-08-19T13:00,2026-08-19,33,2026-08-19T16:00,LN-01,production_line,715.056
2026-08-19T13:00,2026-08-19,33,2026-08-19T16:00,LN-02,production_line,741.249
2026-08-19T13:00,2026-08-19,33,2026-08-19T16:00,LN-03,production_line,767.441
2026-08-19T13:00,2026-08-19,33,2026-08-19T16:00,LN-04,production_line,793.634
2026-08-19T13:00,2026-08-19,33,2026-08-19T16:00,LN-05,production_line,455.0
2026-08-19T13:00,2026-08-19,33,2026-08-19T16:00,LN-06,production_line,455.0
2026-08-19T13:00,2026-08-19,33,2026-08-19T16:00,BI-01,burn_in,112.0
2026-08-19T13:00,2026-08-19,33,2026-08-19T16:00,BI-02,burn_in,112.0
2026-08-19T13:00,2026-08-19,33,2026-08-19T16:00,BI-03,burn_in,112.0
2026-08-19T13:00,2026-08-19,33,2026-08-19T16:00,BI-04,burn_in,58.0
2026-08-19T13:00,2026-08-19,33,2026-08-19T16:00,BI-05,burn_in,4.0
2026-08-19T13:00,2026-08-19,33,2026-08-19T16:00,BI-06,burn_in,112.0
2026-08-19T13:00,2026-08-19,33,2026-08-19T16:00,BI-07,burn_in,4.0
2026-08-19T13:00,2026-08-19,33,2026-08-19T16:00,BI-08,burn_in,4.0
2026-08-19T13:00,2026-08-19,33,2026-08-19T16:00,EV-01,ev_charger,0.3
2026-08-19T13:00,2026-08-19,33,2026-08-19T16:00,EV-02,ev_charger,0.3
2026-08-19T13:00,2026-08-19,33,2026-08-19T16:00,EV-03,ev_charger,0.3
2026-08-19T13:00,2026-08-19,33,2026-08-19T16:00,EV-04,ev_charger,0.3
2026-08-19T13:00,2026-08-19,33,2026-08-19T16:00,EV-05,ev_charger,0.3
2026-08-19T13:00,2026-08-19,33,2026-08-19T16:00,EV-06,ev_charger,0.3
2026-08-19T13:00,2026-08-19,33,2026-08-19T16:00,EV-07,ev_charger,0.5
2026-08-19T13:00,2026-08-19,33,2026-08-19T16:00,EV-08,ev_charger,0.5
2026-08-19T13:00,2026-08-19,33,2026-08-19T16:00,EV-09,ev_charger,0.5
2026-08-19T13:00,2026-08-19,33,2026-08-19T16:00,EV-10,ev_charger,0.5
2026-08-19T13:00,2026-08-19,33,2026-08-19T16:00,LT-01,lighting,36.0
2026-08-19T13:00,2026-08-19,33,2026-08-19T16:00,LT-02,lighting,36.0
2026-08-19T13:00,2026-08-19,33,2026-08-19T16:00,LT-03,lighting,36.0
2026-08-19T13:00,2026-08-19,33,2026-08-19T16:00,LT-04,lighting,36.0
2026-08-19T13:00,2026-08-19,33,2026-08-19T16:00,LT-05,lighting,36.0
2026-08-19T13:00,2026-08-19,33,2026-08-19T16:00,LT-06,lighting,36.0
2026-08-19T13:00,2026-08-19,33,2026-08-19T16:00,WW-01,wastewater,22.75
2026-08-19T13:00,2026-08-19,33,2026-08-19T16:00,WW-02,wastewater,0.5
2026-08-19T13:00,2026-08-19,33,2026-08-19T16:00,WW-03,wastewater,22.75
2026-08-19T13:00,2026-08-19,33,2026-08-19T16:00,WW-04,wastewater,45.0
2026-08-19T13:00,2026-08-19,33,2026-08-19T16:00,UPW-01,critical_utility,385.0
2026-08-19T13:00,2026-08-19,33,2026-08-19T16:00,N2-01,critical_utility,305.0
2026-08-19T13:00,2026-08-19,33,2026-08-19T16:00,IT-01,critical_utility,132.0
2026-08-19T13:00,2026-08-19,33,2026-08-19T16:00,PCW-01,critical_utility,80.0
2026-08-19T13:00,2026-08-19,33,2026-08-19T16:00,VAC-01,critical_utility,96.0
2026-08-19T13:00,2026-08-19,33,2026-08-19T16:00,PCW-02,critical_utility,80.0
2026-08-19T13:00,2026-08-19,33,2026-08-19T16:00,VAC-02,critical_utility,96.0
2026-08-19T13:00,2026-08-19,33,2026-08-19T16:00,MISC-01,building_general,265.0
2026-08-19T13:00,2026-08-19,34,2026-08-19T16:30,CR-AHU-01,cleanroom_hvac,254.698
2026-08-19T13:00,2026-08-19,34,2026-08-19T16:30,CR-AHU-02,cleanroom_hvac,254.698
2026-08-19T13:00,2026-08-19,34,2026-08-19T16:30,CR-AHU-03,cleanroom_hvac,254.698
2026-08-19T13:00,2026-08-19,34,2026-08-19T16:30,CR-AHU-04,cleanroom_hvac,254.698
2026-08-19T13:00,2026-08-19,34,2026-08-19T16:30,CR-AHU-05,cleanroom_hvac,219.383
2026-08-19T13:00,2026-08-19,34,2026-08-19T16:30,CR-AHU-06,cleanroom_hvac,219.383
2026-08-19T13:00,2026-08-19,34,2026-08-19T16:30,CR-EXF-01,cleanroom_exhaust,46.0
2026-08-19T13:00,2026-08-19,34,2026-08-19T16:30,CR-EXF-02,cleanroom_exhaust,46.0
2026-08-19T13:00,2026-08-19,34,2026-08-19T16:30,CR-EXF-03,cleanroom_exhaust,46.0
2026-08-19T13:00,2026-08-19,34,2026-08-19T16:30,CR-EXF-04,cleanroom_exhaust,46.0
2026-08-19T13:00,2026-08-19,34,2026-08-19T16:30,OF-AHU-01,office_hvac,134.284
2026-08-19T13:00,2026-08-19,34,2026-08-19T16:30,OF-AHU-02,office_hvac,139.998
2026-08-19T13:00,2026-08-19,34,2026-08-19T16:30,OF-AHU-03,office_hvac,145.712
2026-08-19T13:00,2026-08-19,34,2026-08-19T16:30,OF-AHU-04,office_hvac,151.426
2026-08-19T13:00,2026-08-19,34,2026-08-19T16:30,CH-01,chiller,637.794
2026-08-19T13:00,2026-08-19,34,2026-08-19T16:30,CH-02,chiller,644.269
2026-08-19T13:00,2026-08-19,34,2026-08-19T16:30,CH-03,chiller,650.744
2026-08-19T13:00,2026-08-19,34,2026-08-19T16:30,CH-04,chiller,657.219
2026-08-19T13:00,2026-08-19,34,2026-08-19T16:30,CT-01,cooling_aux,23.655
2026-08-19T13:00,2026-08-19,34,2026-08-19T16:30,CHWP-01,cooling_aux,37.0
2026-08-19T13:00,2026-08-19,34,2026-08-19T16:30,CT-02,cooling_aux,23.655
2026-08-19T13:00,2026-08-19,34,2026-08-19T16:30,CHWP-02,cooling_aux,37.0
2026-08-19T13:00,2026-08-19,34,2026-08-19T16:30,CT-03,cooling_aux,23.655
2026-08-19T13:00,2026-08-19,34,2026-08-19T16:30,CHWP-03,cooling_aux,37.0
2026-08-19T13:00,2026-08-19,34,2026-08-19T16:30,CT-04,cooling_aux,23.655
2026-08-19T13:00,2026-08-19,34,2026-08-19T16:30,CHWP-04,cooling_aux,37.0
2026-08-19T13:00,2026-08-19,34,2026-08-19T16:30,AC-01,compressor,246.029
2026-08-19T13:00,2026-08-19,34,2026-08-19T16:30,AC-02,compressor,249.757
2026-08-19T13:00,2026-08-19,34,2026-08-19T16:30,AC-03,compressor,248.514
2026-08-19T13:00,2026-08-19,34,2026-08-19T16:30,AC-04,compressor,292.642
2026-08-19T13:00,2026-08-19,34,2026-08-19T16:30,AC-05,compressor,86.938
2026-08-19T13:00,2026-08-19,34,2026-08-19T16:30,AC-06,compressor,0.0
2026-08-19T13:00,2026-08-19,34,2026-08-19T16:30,FN-01,furnace,130.0
2026-08-19T13:00,2026-08-19,34,2026-08-19T16:30,FN-02,furnace,130.0
2026-08-19T13:00,2026-08-19,34,2026-08-19T16:30,FN-03,furnace,130.0
2026-08-19T13:00,2026-08-19,34,2026-08-19T16:30,LN-01,production_line,714.423
2026-08-19T13:00,2026-08-19,34,2026-08-19T16:30,LN-02,production_line,740.593
2026-08-19T13:00,2026-08-19,34,2026-08-19T16:30,LN-03,production_line,766.762
2026-08-19T13:00,2026-08-19,34,2026-08-19T16:30,LN-04,production_line,792.932
2026-08-19T13:00,2026-08-19,34,2026-08-19T16:30,LN-05,production_line,455.0
2026-08-19T13:00,2026-08-19,34,2026-08-19T16:30,LN-06,production_line,455.0
2026-08-19T13:00,2026-08-19,34,2026-08-19T16:30,BI-01,burn_in,112.0
2026-08-19T13:00,2026-08-19,34,2026-08-19T16:30,BI-02,burn_in,112.0
2026-08-19T13:00,2026-08-19,34,2026-08-19T16:30,BI-03,burn_in,112.0
2026-08-19T13:00,2026-08-19,34,2026-08-19T16:30,BI-04,burn_in,112.0
2026-08-19T13:00,2026-08-19,34,2026-08-19T16:30,BI-05,burn_in,112.0
2026-08-19T13:00,2026-08-19,34,2026-08-19T16:30,BI-06,burn_in,4.0
2026-08-19T13:00,2026-08-19,34,2026-08-19T16:30,BI-07,burn_in,4.0
2026-08-19T13:00,2026-08-19,34,2026-08-19T16:30,BI-08,burn_in,4.0
2026-08-19T13:00,2026-08-19,34,2026-08-19T16:30,EV-01,ev_charger,0.3
2026-08-19T13:00,2026-08-19,34,2026-08-19T16:30,EV-02,ev_charger,0.3
2026-08-19T13:00,2026-08-19,34,2026-08-19T16:30,EV-03,ev_charger,0.3
2026-08-19T13:00,2026-08-19,34,2026-08-19T16:30,EV-04,ev_charger,0.3
2026-08-19T13:00,2026-08-19,34,2026-08-19T16:30,EV-05,ev_charger,0.3
2026-08-19T13:00,2026-08-19,34,2026-08-19T16:30,EV-06,ev_charger,0.3
2026-08-19T13:00,2026-08-19,34,2026-08-19T16:30,EV-07,ev_charger,50.0
2026-08-19T13:00,2026-08-19,34,2026-08-19T16:30,EV-08,ev_charger,50.0
2026-08-19T13:00,2026-08-19,34,2026-08-19T16:30,EV-09,ev_charger,50.0
2026-08-19T13:00,2026-08-19,34,2026-08-19T16:30,EV-10,ev_charger,50.0
2026-08-19T13:00,2026-08-19,34,2026-08-19T16:30,LT-01,lighting,36.0
2026-08-19T13:00,2026-08-19,34,2026-08-19T16:30,LT-02,lighting,36.0
2026-08-19T13:00,2026-08-19,34,2026-08-19T16:30,LT-03,lighting,36.0
2026-08-19T13:00,2026-08-19,34,2026-08-19T16:30,LT-04,lighting,36.0
2026-08-19T13:00,2026-08-19,34,2026-08-19T16:30,LT-05,lighting,36.0
2026-08-19T13:00,2026-08-19,34,2026-08-19T16:30,LT-06,lighting,36.0
2026-08-19T13:00,2026-08-19,34,2026-08-19T16:30,WW-01,wastewater,22.75
2026-08-19T13:00,2026-08-19,34,2026-08-19T16:30,WW-02,wastewater,45.0
2026-08-19T13:00,2026-08-19,34,2026-08-19T16:30,WW-03,wastewater,22.75
2026-08-19T13:00,2026-08-19,34,2026-08-19T16:30,WW-04,wastewater,0.5
2026-08-19T13:00,2026-08-19,34,2026-08-19T16:30,UPW-01,critical_utility,385.0
2026-08-19T13:00,2026-08-19,34,2026-08-19T16:30,N2-01,critical_utility,305.0
2026-08-19T13:00,2026-08-19,34,2026-08-19T16:30,IT-01,critical_utility,132.0
2026-08-19T13:00,2026-08-19,34,2026-08-19T16:30,PCW-01,critical_utility,80.0
2026-08-19T13:00,2026-08-19,34,2026-08-19T16:30,VAC-01,critical_utility,96.0
2026-08-19T13:00,2026-08-19,34,2026-08-19T16:30,PCW-02,critical_utility,80.0
2026-08-19T13:00,2026-08-19,34,2026-08-19T16:30,VAC-02,critical_utility,96.0
2026-08-19T13:00,2026-08-19,34,2026-08-19T16:30,MISC-01,building_general,265.0
2026-08-19T13:00,2026-08-19,35,2026-08-19T17:00,CR-AHU-01,cleanroom_hvac,254.308
2026-08-19T13:00,2026-08-19,35,2026-08-19T17:00,CR-AHU-02,cleanroom_hvac,254.308
2026-08-19T13:00,2026-08-19,35,2026-08-19T17:00,CR-AHU-03,cleanroom_hvac,254.308
2026-08-19T13:00,2026-08-19,35,2026-08-19T17:00,CR-AHU-04,cleanroom_hvac,254.308
2026-08-19T13:00,2026-08-19,35,2026-08-19T17:00,CR-AHU-05,cleanroom_hvac,219.047
2026-08-19T13:00,2026-08-19,35,2026-08-19T17:00,CR-AHU-06,cleanroom_hvac,219.047
2026-08-19T13:00,2026-08-19,35,2026-08-19T17:00,CR-EXF-01,cleanroom_exhaust,46.0
2026-08-19T13:00,2026-08-19,35,2026-08-19T17:00,CR-EXF-02,cleanroom_exhaust,46.0
2026-08-19T13:00,2026-08-19,35,2026-08-19T17:00,CR-EXF-03,cleanroom_exhaust,46.0
2026-08-19T13:00,2026-08-19,35,2026-08-19T17:00,CR-EXF-04,cleanroom_exhaust,46.0
2026-08-19T13:00,2026-08-19,35,2026-08-19T17:00,OF-AHU-01,office_hvac,132.485
2026-08-19T13:00,2026-08-19,35,2026-08-19T17:00,OF-AHU-02,office_hvac,138.122
2026-08-19T13:00,2026-08-19,35,2026-08-19T17:00,OF-AHU-03,office_hvac,143.76
2026-08-19T13:00,2026-08-19,35,2026-08-19T17:00,OF-AHU-04,office_hvac,149.398
2026-08-19T13:00,2026-08-19,35,2026-08-19T17:00,CH-01,chiller,629.455
2026-08-19T13:00,2026-08-19,35,2026-08-19T17:00,CH-02,chiller,635.845
2026-08-19T13:00,2026-08-19,35,2026-08-19T17:00,CH-03,chiller,642.235
2026-08-19T13:00,2026-08-19,35,2026-08-19T17:00,CH-04,chiller,648.626
2026-08-19T13:00,2026-08-19,35,2026-08-19T17:00,CT-01,cooling_aux,23.503
2026-08-19T13:00,2026-08-19,35,2026-08-19T17:00,CHWP-01,cooling_aux,37.0
2026-08-19T13:00,2026-08-19,35,2026-08-19T17:00,CT-02,cooling_aux,23.503
2026-08-19T13:00,2026-08-19,35,2026-08-19T17:00,CHWP-02,cooling_aux,37.0
2026-08-19T13:00,2026-08-19,35,2026-08-19T17:00,CT-03,cooling_aux,23.503
2026-08-19T13:00,2026-08-19,35,2026-08-19T17:00,CHWP-03,cooling_aux,37.0
2026-08-19T13:00,2026-08-19,35,2026-08-19T17:00,CT-04,cooling_aux,23.503
2026-08-19T13:00,2026-08-19,35,2026-08-19T17:00,CHWP-04,cooling_aux,37.0
2026-08-19T13:00,2026-08-19,35,2026-08-19T17:00,AC-01,compressor,246.029
2026-08-19T13:00,2026-08-19,35,2026-08-19T17:00,AC-02,compressor,249.757
2026-08-19T13:00,2026-08-19,35,2026-08-19T17:00,AC-03,compressor,248.514
2026-08-19T13:00,2026-08-19,35,2026-08-19T17:00,AC-04,compressor,292.684
2026-08-19T13:00,2026-08-19,35,2026-08-19T17:00,AC-05,compressor,86.938
2026-08-19T13:00,2026-08-19,35,2026-08-19T17:00,AC-06,compressor,0.0
2026-08-19T13:00,2026-08-19,35,2026-08-19T17:00,FN-01,furnace,130.0
2026-08-19T13:00,2026-08-19,35,2026-08-19T17:00,FN-02,furnace,810.0
2026-08-19T13:00,2026-08-19,35,2026-08-19T17:00,FN-03,furnace,130.0
2026-08-19T13:00,2026-08-19,35,2026-08-19T17:00,LN-01,production_line,713.677
2026-08-19T13:00,2026-08-19,35,2026-08-19T17:00,LN-02,production_line,739.819
2026-08-19T13:00,2026-08-19,35,2026-08-19T17:00,LN-03,production_line,765.961
2026-08-19T13:00,2026-08-19,35,2026-08-19T17:00,LN-04,production_line,792.103
2026-08-19T13:00,2026-08-19,35,2026-08-19T17:00,LN-05,production_line,455.0
2026-08-19T13:00,2026-08-19,35,2026-08-19T17:00,LN-06,production_line,455.0
2026-08-19T13:00,2026-08-19,35,2026-08-19T17:00,BI-01,burn_in,112.0
2026-08-19T13:00,2026-08-19,35,2026-08-19T17:00,BI-02,burn_in,112.0
2026-08-19T13:00,2026-08-19,35,2026-08-19T17:00,BI-03,burn_in,112.0
2026-08-19T13:00,2026-08-19,35,2026-08-19T17:00,BI-04,burn_in,112.0
2026-08-19T13:00,2026-08-19,35,2026-08-19T17:00,BI-05,burn_in,112.0
2026-08-19T13:00,2026-08-19,35,2026-08-19T17:00,BI-06,burn_in,112.0
2026-08-19T13:00,2026-08-19,35,2026-08-19T17:00,BI-07,burn_in,4.0
2026-08-19T13:00,2026-08-19,35,2026-08-19T17:00,BI-08,burn_in,4.0
2026-08-19T13:00,2026-08-19,35,2026-08-19T17:00,EV-01,ev_charger,0.3
2026-08-19T13:00,2026-08-19,35,2026-08-19T17:00,EV-02,ev_charger,0.3
2026-08-19T13:00,2026-08-19,35,2026-08-19T17:00,EV-03,ev_charger,0.3
2026-08-19T13:00,2026-08-19,35,2026-08-19T17:00,EV-04,ev_charger,0.3
2026-08-19T13:00,2026-08-19,35,2026-08-19T17:00,EV-05,ev_charger,0.3
2026-08-19T13:00,2026-08-19,35,2026-08-19T17:00,EV-06,ev_charger,0.3
2026-08-19T13:00,2026-08-19,35,2026-08-19T17:00,EV-07,ev_charger,50.0
2026-08-19T13:00,2026-08-19,35,2026-08-19T17:00,EV-08,ev_charger,50.0
2026-08-19T13:00,2026-08-19,35,2026-08-19T17:00,EV-09,ev_charger,50.0
2026-08-19T13:00,2026-08-19,35,2026-08-19T17:00,EV-10,ev_charger,50.0
2026-08-19T13:00,2026-08-19,35,2026-08-19T17:00,LT-01,lighting,36.0
2026-08-19T13:00,2026-08-19,35,2026-08-19T17:00,LT-02,lighting,36.0
2026-08-19T13:00,2026-08-19,35,2026-08-19T17:00,LT-03,lighting,36.0
2026-08-19T13:00,2026-08-19,35,2026-08-19T17:00,LT-04,lighting,36.0
2026-08-19T13:00,2026-08-19,35,2026-08-19T17:00,LT-05,lighting,36.0
2026-08-19T13:00,2026-08-19,35,2026-08-19T17:00,LT-06,lighting,36.0
2026-08-19T13:00,2026-08-19,35,2026-08-19T17:00,WW-01,wastewater,22.75
2026-08-19T13:00,2026-08-19,35,2026-08-19T17:00,WW-02,wastewater,0.5
2026-08-19T13:00,2026-08-19,35,2026-08-19T17:00,WW-03,wastewater,22.75
2026-08-19T13:00,2026-08-19,35,2026-08-19T17:00,WW-04,wastewater,45.0
2026-08-19T13:00,2026-08-19,35,2026-08-19T17:00,UPW-01,critical_utility,385.0
2026-08-19T13:00,2026-08-19,35,2026-08-19T17:00,N2-01,critical_utility,305.0
2026-08-19T13:00,2026-08-19,35,2026-08-19T17:00,IT-01,critical_utility,132.0
2026-08-19T13:00,2026-08-19,35,2026-08-19T17:00,PCW-01,critical_utility,80.0
2026-08-19T13:00,2026-08-19,35,2026-08-19T17:00,VAC-01,critical_utility,96.0
2026-08-19T13:00,2026-08-19,35,2026-08-19T17:00,PCW-02,critical_utility,80.0
2026-08-19T13:00,2026-08-19,35,2026-08-19T17:00,VAC-02,critical_utility,96.0
2026-08-19T13:00,2026-08-19,35,2026-08-19T17:00,MISC-01,building_general,265.0
2026-08-19T13:00,2026-08-19,36,2026-08-19T17:30,CR-AHU-01,cleanroom_hvac,253.863
2026-08-19T13:00,2026-08-19,36,2026-08-19T17:30,CR-AHU-02,cleanroom_hvac,253.863
2026-08-19T13:00,2026-08-19,36,2026-08-19T17:30,CR-AHU-03,cleanroom_hvac,253.863
2026-08-19T13:00,2026-08-19,36,2026-08-19T17:30,CR-AHU-04,cleanroom_hvac,253.863
2026-08-19T13:00,2026-08-19,36,2026-08-19T17:30,CR-AHU-05,cleanroom_hvac,218.663
2026-08-19T13:00,2026-08-19,36,2026-08-19T17:30,CR-AHU-06,cleanroom_hvac,218.663
2026-08-19T13:00,2026-08-19,36,2026-08-19T17:30,CR-EXF-01,cleanroom_exhaust,46.0
2026-08-19T13:00,2026-08-19,36,2026-08-19T17:30,CR-EXF-02,cleanroom_exhaust,46.0
2026-08-19T13:00,2026-08-19,36,2026-08-19T17:30,CR-EXF-03,cleanroom_exhaust,46.0
2026-08-19T13:00,2026-08-19,36,2026-08-19T17:30,CR-EXF-04,cleanroom_exhaust,46.0
2026-08-19T13:00,2026-08-19,36,2026-08-19T17:30,OF-AHU-01,office_hvac,130.432
2026-08-19T13:00,2026-08-19,36,2026-08-19T17:30,OF-AHU-02,office_hvac,135.982
2026-08-19T13:00,2026-08-19,36,2026-08-19T17:30,OF-AHU-03,office_hvac,141.533
2026-08-19T13:00,2026-08-19,36,2026-08-19T17:30,OF-AHU-04,office_hvac,147.083
2026-08-19T13:00,2026-08-19,36,2026-08-19T17:30,CH-01,chiller,620.033
2026-08-19T13:00,2026-08-19,36,2026-08-19T17:30,CH-02,chiller,626.328
2026-08-19T13:00,2026-08-19,36,2026-08-19T17:30,CH-03,chiller,632.623
2026-08-19T13:00,2026-08-19,36,2026-08-19T17:30,CH-04,chiller,638.918
2026-08-19T13:00,2026-08-19,36,2026-08-19T17:30,CT-01,cooling_aux,23.331
2026-08-19T13:00,2026-08-19,36,2026-08-19T17:30,CHWP-01,cooling_aux,37.0
2026-08-19T13:00,2026-08-19,36,2026-08-19T17:30,CT-02,cooling_aux,23.331
2026-08-19T13:00,2026-08-19,36,2026-08-19T17:30,CHWP-02,cooling_aux,37.0
2026-08-19T13:00,2026-08-19,36,2026-08-19T17:30,CT-03,cooling_aux,23.331
2026-08-19T13:00,2026-08-19,36,2026-08-19T17:30,CHWP-03,cooling_aux,37.0
2026-08-19T13:00,2026-08-19,36,2026-08-19T17:30,CT-04,cooling_aux,23.331
2026-08-19T13:00,2026-08-19,36,2026-08-19T17:30,CHWP-04,cooling_aux,37.0
2026-08-19T13:00,2026-08-19,36,2026-08-19T17:30,AC-01,compressor,246.029
2026-08-19T13:00,2026-08-19,36,2026-08-19T17:30,AC-02,compressor,249.757
2026-08-19T13:00,2026-08-19,36,2026-08-19T17:30,AC-03,compressor,248.514
2026-08-19T13:00,2026-08-19,36,2026-08-19T17:30,AC-04,compressor,292.725
2026-08-19T13:00,2026-08-19,36,2026-08-19T17:30,AC-05,compressor,86.938
2026-08-19T13:00,2026-08-19,36,2026-08-19T17:30,AC-06,compressor,0.0
2026-08-19T13:00,2026-08-19,36,2026-08-19T17:30,FN-01,furnace,130.0
2026-08-19T13:00,2026-08-19,36,2026-08-19T17:30,FN-02,furnace,930.0
2026-08-19T13:00,2026-08-19,36,2026-08-19T17:30,FN-03,furnace,130.0
2026-08-19T13:00,2026-08-19,36,2026-08-19T17:30,LN-01,production_line,712.825
2026-08-19T13:00,2026-08-19,36,2026-08-19T17:30,LN-02,production_line,738.936
2026-08-19T13:00,2026-08-19,36,2026-08-19T17:30,LN-03,production_line,765.047
2026-08-19T13:00,2026-08-19,36,2026-08-19T17:30,LN-04,production_line,791.158
2026-08-19T13:00,2026-08-19,36,2026-08-19T17:30,LN-05,production_line,455.0
2026-08-19T13:00,2026-08-19,36,2026-08-19T17:30,LN-06,production_line,455.0
2026-08-19T13:00,2026-08-19,36,2026-08-19T17:30,BI-01,burn_in,112.0
2026-08-19T13:00,2026-08-19,36,2026-08-19T17:30,BI-02,burn_in,112.0
2026-08-19T13:00,2026-08-19,36,2026-08-19T17:30,BI-03,burn_in,112.0
2026-08-19T13:00,2026-08-19,36,2026-08-19T17:30,BI-04,burn_in,112.0
2026-08-19T13:00,2026-08-19,36,2026-08-19T17:30,BI-05,burn_in,112.0
2026-08-19T13:00,2026-08-19,36,2026-08-19T17:30,BI-06,burn_in,112.0
2026-08-19T13:00,2026-08-19,36,2026-08-19T17:30,BI-07,burn_in,4.0
2026-08-19T13:00,2026-08-19,36,2026-08-19T17:30,BI-08,burn_in,4.0
2026-08-19T13:00,2026-08-19,36,2026-08-19T17:30,EV-01,ev_charger,0.3
2026-08-19T13:00,2026-08-19,36,2026-08-19T17:30,EV-02,ev_charger,0.3
2026-08-19T13:00,2026-08-19,36,2026-08-19T17:30,EV-03,ev_charger,0.3
2026-08-19T13:00,2026-08-19,36,2026-08-19T17:30,EV-04,ev_charger,0.3
2026-08-19T13:00,2026-08-19,36,2026-08-19T17:30,EV-05,ev_charger,0.3
2026-08-19T13:00,2026-08-19,36,2026-08-19T17:30,EV-06,ev_charger,0.3
2026-08-19T13:00,2026-08-19,36,2026-08-19T17:30,EV-07,ev_charger,50.0
2026-08-19T13:00,2026-08-19,36,2026-08-19T17:30,EV-08,ev_charger,50.0
2026-08-19T13:00,2026-08-19,36,2026-08-19T17:30,EV-09,ev_charger,50.0
2026-08-19T13:00,2026-08-19,36,2026-08-19T17:30,EV-10,ev_charger,50.0
2026-08-19T13:00,2026-08-19,36,2026-08-19T17:30,LT-01,lighting,36.0
2026-08-19T13:00,2026-08-19,36,2026-08-19T17:30,LT-02,lighting,36.0
2026-08-19T13:00,2026-08-19,36,2026-08-19T17:30,LT-03,lighting,36.0
2026-08-19T13:00,2026-08-19,36,2026-08-19T17:30,LT-04,lighting,36.0
2026-08-19T13:00,2026-08-19,36,2026-08-19T17:30,LT-05,lighting,36.0
2026-08-19T13:00,2026-08-19,36,2026-08-19T17:30,LT-06,lighting,36.0
2026-08-19T13:00,2026-08-19,36,2026-08-19T17:30,WW-01,wastewater,22.75
2026-08-19T13:00,2026-08-19,36,2026-08-19T17:30,WW-02,wastewater,45.0
2026-08-19T13:00,2026-08-19,36,2026-08-19T17:30,WW-03,wastewater,22.75
2026-08-19T13:00,2026-08-19,36,2026-08-19T17:30,WW-04,wastewater,0.5
2026-08-19T13:00,2026-08-19,36,2026-08-19T17:30,UPW-01,critical_utility,385.0
2026-08-19T13:00,2026-08-19,36,2026-08-19T17:30,N2-01,critical_utility,305.0
2026-08-19T13:00,2026-08-19,36,2026-08-19T17:30,IT-01,critical_utility,132.0
2026-08-19T13:00,2026-08-19,36,2026-08-19T17:30,PCW-01,critical_utility,80.0
2026-08-19T13:00,2026-08-19,36,2026-08-19T17:30,VAC-01,critical_utility,96.0
2026-08-19T13:00,2026-08-19,36,2026-08-19T17:30,PCW-02,critical_utility,80.0
2026-08-19T13:00,2026-08-19,36,2026-08-19T17:30,VAC-02,critical_utility,96.0
2026-08-19T13:00,2026-08-19,36,2026-08-19T17:30,MISC-01,building_general,265.0
2026-08-19T13:00,2026-08-19,37,2026-08-19T18:00,CR-AHU-01,cleanroom_hvac,253.367
2026-08-19T13:00,2026-08-19,37,2026-08-19T18:00,CR-AHU-02,cleanroom_hvac,253.367
2026-08-19T13:00,2026-08-19,37,2026-08-19T18:00,CR-AHU-03,cleanroom_hvac,253.367
2026-08-19T13:00,2026-08-19,37,2026-08-19T18:00,CR-AHU-04,cleanroom_hvac,253.367
2026-08-19T13:00,2026-08-19,37,2026-08-19T18:00,CR-AHU-05,cleanroom_hvac,218.236
2026-08-19T13:00,2026-08-19,37,2026-08-19T18:00,CR-AHU-06,cleanroom_hvac,218.236
2026-08-19T13:00,2026-08-19,37,2026-08-19T18:00,CR-EXF-01,cleanroom_exhaust,46.0
2026-08-19T13:00,2026-08-19,37,2026-08-19T18:00,CR-EXF-02,cleanroom_exhaust,46.0
2026-08-19T13:00,2026-08-19,37,2026-08-19T18:00,CR-EXF-03,cleanroom_exhaust,46.0
2026-08-19T13:00,2026-08-19,37,2026-08-19T18:00,CR-EXF-04,cleanroom_exhaust,46.0
2026-08-19T13:00,2026-08-19,37,2026-08-19T18:00,OF-AHU-01,office_hvac,128.148
2026-08-19T13:00,2026-08-19,37,2026-08-19T18:00,OF-AHU-02,office_hvac,133.601
2026-08-19T13:00,2026-08-19,37,2026-08-19T18:00,OF-AHU-03,office_hvac,139.054
2026-08-19T13:00,2026-08-19,37,2026-08-19T18:00,OF-AHU-04,office_hvac,144.507
2026-08-19T13:00,2026-08-19,37,2026-08-19T18:00,CH-01,chiller,609.667
2026-08-19T13:00,2026-08-19,37,2026-08-19T18:00,CH-02,chiller,615.857
2026-08-19T13:00,2026-08-19,37,2026-08-19T18:00,CH-03,chiller,622.046
2026-08-19T13:00,2026-08-19,37,2026-08-19T18:00,CH-04,chiller,628.236
2026-08-19T13:00,2026-08-19,37,2026-08-19T18:00,CT-01,cooling_aux,23.141
2026-08-19T13:00,2026-08-19,37,2026-08-19T18:00,CHWP-01,cooling_aux,37.0
2026-08-19T13:00,2026-08-19,37,2026-08-19T18:00,CT-02,cooling_aux,23.141
2026-08-19T13:00,2026-08-19,37,2026-08-19T18:00,CHWP-02,cooling_aux,37.0
2026-08-19T13:00,2026-08-19,37,2026-08-19T18:00,CT-03,cooling_aux,23.141
2026-08-19T13:00,2026-08-19,37,2026-08-19T18:00,CHWP-03,cooling_aux,37.0
2026-08-19T13:00,2026-08-19,37,2026-08-19T18:00,CT-04,cooling_aux,23.141
2026-08-19T13:00,2026-08-19,37,2026-08-19T18:00,CHWP-04,cooling_aux,37.0
2026-08-19T13:00,2026-08-19,37,2026-08-19T18:00,AC-01,compressor,246.029
2026-08-19T13:00,2026-08-19,37,2026-08-19T18:00,AC-02,compressor,249.757
2026-08-19T13:00,2026-08-19,37,2026-08-19T18:00,AC-03,compressor,248.514
2026-08-19T13:00,2026-08-19,37,2026-08-19T18:00,AC-04,compressor,292.767
2026-08-19T13:00,2026-08-19,37,2026-08-19T18:00,AC-05,compressor,86.938
2026-08-19T13:00,2026-08-19,37,2026-08-19T18:00,AC-06,compressor,0.0
2026-08-19T13:00,2026-08-19,37,2026-08-19T18:00,FN-01,furnace,130.0
2026-08-19T13:00,2026-08-19,37,2026-08-19T18:00,FN-02,furnace,820.0
2026-08-19T13:00,2026-08-19,37,2026-08-19T18:00,FN-03,furnace,130.0
2026-08-19T13:00,2026-08-19,37,2026-08-19T18:00,LN-01,production_line,711.878
2026-08-19T13:00,2026-08-19,37,2026-08-19T18:00,LN-02,production_line,737.954
2026-08-19T13:00,2026-08-19,37,2026-08-19T18:00,LN-03,production_line,764.03
2026-08-19T13:00,2026-08-19,37,2026-08-19T18:00,LN-04,production_line,790.106
2026-08-19T13:00,2026-08-19,37,2026-08-19T18:00,LN-05,production_line,455.0
2026-08-19T13:00,2026-08-19,37,2026-08-19T18:00,LN-06,production_line,455.0
2026-08-19T13:00,2026-08-19,37,2026-08-19T18:00,BI-01,burn_in,4.0
2026-08-19T13:00,2026-08-19,37,2026-08-19T18:00,BI-02,burn_in,112.0
2026-08-19T13:00,2026-08-19,37,2026-08-19T18:00,BI-03,burn_in,112.0
2026-08-19T13:00,2026-08-19,37,2026-08-19T18:00,BI-04,burn_in,112.0
2026-08-19T13:00,2026-08-19,37,2026-08-19T18:00,BI-05,burn_in,112.0
2026-08-19T13:00,2026-08-19,37,2026-08-19T18:00,BI-06,burn_in,112.0
2026-08-19T13:00,2026-08-19,37,2026-08-19T18:00,BI-07,burn_in,4.0
2026-08-19T13:00,2026-08-19,37,2026-08-19T18:00,BI-08,burn_in,4.0
2026-08-19T13:00,2026-08-19,37,2026-08-19T18:00,EV-01,ev_charger,0.3
2026-08-19T13:00,2026-08-19,37,2026-08-19T18:00,EV-02,ev_charger,0.3
2026-08-19T13:00,2026-08-19,37,2026-08-19T18:00,EV-03,ev_charger,0.3
2026-08-19T13:00,2026-08-19,37,2026-08-19T18:00,EV-04,ev_charger,0.3
2026-08-19T13:00,2026-08-19,37,2026-08-19T18:00,EV-05,ev_charger,0.3
2026-08-19T13:00,2026-08-19,37,2026-08-19T18:00,EV-06,ev_charger,0.3
2026-08-19T13:00,2026-08-19,37,2026-08-19T18:00,EV-07,ev_charger,50.0
2026-08-19T13:00,2026-08-19,37,2026-08-19T18:00,EV-08,ev_charger,50.0
2026-08-19T13:00,2026-08-19,37,2026-08-19T18:00,EV-09,ev_charger,50.0
2026-08-19T13:00,2026-08-19,37,2026-08-19T18:00,EV-10,ev_charger,50.0
2026-08-19T13:00,2026-08-19,37,2026-08-19T18:00,LT-01,lighting,36.0
2026-08-19T13:00,2026-08-19,37,2026-08-19T18:00,LT-02,lighting,36.0
2026-08-19T13:00,2026-08-19,37,2026-08-19T18:00,LT-03,lighting,36.0
2026-08-19T13:00,2026-08-19,37,2026-08-19T18:00,LT-04,lighting,36.0
2026-08-19T13:00,2026-08-19,37,2026-08-19T18:00,LT-05,lighting,36.0
2026-08-19T13:00,2026-08-19,37,2026-08-19T18:00,LT-06,lighting,36.0
2026-08-19T13:00,2026-08-19,37,2026-08-19T18:00,WW-01,wastewater,22.75
2026-08-19T13:00,2026-08-19,37,2026-08-19T18:00,WW-02,wastewater,0.5
2026-08-19T13:00,2026-08-19,37,2026-08-19T18:00,WW-03,wastewater,22.75
2026-08-19T13:00,2026-08-19,37,2026-08-19T18:00,WW-04,wastewater,45.0
2026-08-19T13:00,2026-08-19,37,2026-08-19T18:00,UPW-01,critical_utility,385.0
2026-08-19T13:00,2026-08-19,37,2026-08-19T18:00,N2-01,critical_utility,305.0
2026-08-19T13:00,2026-08-19,37,2026-08-19T18:00,IT-01,critical_utility,132.0
2026-08-19T13:00,2026-08-19,37,2026-08-19T18:00,PCW-01,critical_utility,80.0
2026-08-19T13:00,2026-08-19,37,2026-08-19T18:00,VAC-01,critical_utility,96.0
2026-08-19T13:00,2026-08-19,37,2026-08-19T18:00,PCW-02,critical_utility,80.0
2026-08-19T13:00,2026-08-19,37,2026-08-19T18:00,VAC-02,critical_utility,96.0
2026-08-19T13:00,2026-08-19,37,2026-08-19T18:00,MISC-01,building_general,265.0
2026-08-19T13:00,2026-08-19,38,2026-08-19T18:30,CR-AHU-01,cleanroom_hvac,252.826
2026-08-19T13:00,2026-08-19,38,2026-08-19T18:30,CR-AHU-02,cleanroom_hvac,252.826
2026-08-19T13:00,2026-08-19,38,2026-08-19T18:30,CR-AHU-03,cleanroom_hvac,252.826
2026-08-19T13:00,2026-08-19,38,2026-08-19T18:30,CR-AHU-04,cleanroom_hvac,252.826
2026-08-19T13:00,2026-08-19,38,2026-08-19T18:30,CR-AHU-05,cleanroom_hvac,217.771
2026-08-19T13:00,2026-08-19,38,2026-08-19T18:30,CR-AHU-06,cleanroom_hvac,217.771
2026-08-19T13:00,2026-08-19,38,2026-08-19T18:30,CR-EXF-01,cleanroom_exhaust,46.0
2026-08-19T13:00,2026-08-19,38,2026-08-19T18:30,CR-EXF-02,cleanroom_exhaust,46.0
2026-08-19T13:00,2026-08-19,38,2026-08-19T18:30,CR-EXF-03,cleanroom_exhaust,46.0
2026-08-19T13:00,2026-08-19,38,2026-08-19T18:30,CR-EXF-04,cleanroom_exhaust,46.0
2026-08-19T13:00,2026-08-19,38,2026-08-19T18:30,OF-AHU-01,office_hvac,125.658
2026-08-19T13:00,2026-08-19,38,2026-08-19T18:30,OF-AHU-02,office_hvac,131.005
2026-08-19T13:00,2026-08-19,38,2026-08-19T18:30,OF-AHU-03,office_hvac,136.352
2026-08-19T13:00,2026-08-19,38,2026-08-19T18:30,OF-AHU-04,office_hvac,141.699
2026-08-19T13:00,2026-08-19,38,2026-08-19T18:30,CH-01,chiller,598.503
2026-08-19T13:00,2026-08-19,38,2026-08-19T18:30,CH-02,chiller,604.579
2026-08-19T13:00,2026-08-19,38,2026-08-19T18:30,CH-03,chiller,610.655
2026-08-19T13:00,2026-08-19,38,2026-08-19T18:30,CH-04,chiller,616.731
2026-08-19T13:00,2026-08-19,38,2026-08-19T18:30,CT-01,cooling_aux,22.937
2026-08-19T13:00,2026-08-19,38,2026-08-19T18:30,CHWP-01,cooling_aux,37.0
2026-08-19T13:00,2026-08-19,38,2026-08-19T18:30,CT-02,cooling_aux,22.937
2026-08-19T13:00,2026-08-19,38,2026-08-19T18:30,CHWP-02,cooling_aux,37.0
2026-08-19T13:00,2026-08-19,38,2026-08-19T18:30,CT-03,cooling_aux,22.937
2026-08-19T13:00,2026-08-19,38,2026-08-19T18:30,CHWP-03,cooling_aux,37.0
2026-08-19T13:00,2026-08-19,38,2026-08-19T18:30,CT-04,cooling_aux,22.937
2026-08-19T13:00,2026-08-19,38,2026-08-19T18:30,CHWP-04,cooling_aux,37.0
2026-08-19T13:00,2026-08-19,38,2026-08-19T18:30,AC-01,compressor,246.029
2026-08-19T13:00,2026-08-19,38,2026-08-19T18:30,AC-02,compressor,249.757
2026-08-19T13:00,2026-08-19,38,2026-08-19T18:30,AC-03,compressor,248.514
2026-08-19T13:00,2026-08-19,38,2026-08-19T18:30,AC-04,compressor,292.808
2026-08-19T13:00,2026-08-19,38,2026-08-19T18:30,AC-05,compressor,86.938
2026-08-19T13:00,2026-08-19,38,2026-08-19T18:30,AC-06,compressor,0.0
2026-08-19T13:00,2026-08-19,38,2026-08-19T18:30,FN-01,furnace,130.0
2026-08-19T13:00,2026-08-19,38,2026-08-19T18:30,FN-02,furnace,820.0
2026-08-19T13:00,2026-08-19,38,2026-08-19T18:30,FN-03,furnace,130.0
2026-08-19T13:00,2026-08-19,38,2026-08-19T18:30,LN-01,production_line,710.845
2026-08-19T13:00,2026-08-19,38,2026-08-19T18:30,LN-02,production_line,736.883
2026-08-19T13:00,2026-08-19,38,2026-08-19T18:30,LN-03,production_line,762.921
2026-08-19T13:00,2026-08-19,38,2026-08-19T18:30,LN-04,production_line,788.959
2026-08-19T13:00,2026-08-19,38,2026-08-19T18:30,LN-05,production_line,455.0
2026-08-19T13:00,2026-08-19,38,2026-08-19T18:30,LN-06,production_line,455.0
2026-08-19T13:00,2026-08-19,38,2026-08-19T18:30,BI-01,burn_in,4.0
2026-08-19T13:00,2026-08-19,38,2026-08-19T18:30,BI-02,burn_in,4.0
2026-08-19T13:00,2026-08-19,38,2026-08-19T18:30,BI-03,burn_in,112.0
2026-08-19T13:00,2026-08-19,38,2026-08-19T18:30,BI-04,burn_in,112.0
2026-08-19T13:00,2026-08-19,38,2026-08-19T18:30,BI-05,burn_in,112.0
2026-08-19T13:00,2026-08-19,38,2026-08-19T18:30,BI-06,burn_in,112.0
2026-08-19T13:00,2026-08-19,38,2026-08-19T18:30,BI-07,burn_in,4.0
2026-08-19T13:00,2026-08-19,38,2026-08-19T18:30,BI-08,burn_in,4.0
2026-08-19T13:00,2026-08-19,38,2026-08-19T18:30,EV-01,ev_charger,0.3
2026-08-19T13:00,2026-08-19,38,2026-08-19T18:30,EV-02,ev_charger,0.3
2026-08-19T13:00,2026-08-19,38,2026-08-19T18:30,EV-03,ev_charger,0.3
2026-08-19T13:00,2026-08-19,38,2026-08-19T18:30,EV-04,ev_charger,0.3
2026-08-19T13:00,2026-08-19,38,2026-08-19T18:30,EV-05,ev_charger,0.3
2026-08-19T13:00,2026-08-19,38,2026-08-19T18:30,EV-06,ev_charger,0.3
2026-08-19T13:00,2026-08-19,38,2026-08-19T18:30,EV-07,ev_charger,50.0
2026-08-19T13:00,2026-08-19,38,2026-08-19T18:30,EV-08,ev_charger,50.0
2026-08-19T13:00,2026-08-19,38,2026-08-19T18:30,EV-09,ev_charger,50.0
2026-08-19T13:00,2026-08-19,38,2026-08-19T18:30,EV-10,ev_charger,50.0
2026-08-19T13:00,2026-08-19,38,2026-08-19T18:30,LT-01,lighting,36.0
2026-08-19T13:00,2026-08-19,38,2026-08-19T18:30,LT-02,lighting,36.0
2026-08-19T13:00,2026-08-19,38,2026-08-19T18:30,LT-03,lighting,36.0
2026-08-19T13:00,2026-08-19,38,2026-08-19T18:30,LT-04,lighting,36.0
2026-08-19T13:00,2026-08-19,38,2026-08-19T18:30,LT-05,lighting,36.0
2026-08-19T13:00,2026-08-19,38,2026-08-19T18:30,LT-06,lighting,36.0
2026-08-19T13:00,2026-08-19,38,2026-08-19T18:30,WW-01,wastewater,22.75
2026-08-19T13:00,2026-08-19,38,2026-08-19T18:30,WW-02,wastewater,45.0
2026-08-19T13:00,2026-08-19,38,2026-08-19T18:30,WW-03,wastewater,22.75
2026-08-19T13:00,2026-08-19,38,2026-08-19T18:30,WW-04,wastewater,0.5
2026-08-19T13:00,2026-08-19,38,2026-08-19T18:30,UPW-01,critical_utility,385.0
2026-08-19T13:00,2026-08-19,38,2026-08-19T18:30,N2-01,critical_utility,305.0
2026-08-19T13:00,2026-08-19,38,2026-08-19T18:30,IT-01,critical_utility,132.0
2026-08-19T13:00,2026-08-19,38,2026-08-19T18:30,PCW-01,critical_utility,80.0
2026-08-19T13:00,2026-08-19,38,2026-08-19T18:30,VAC-01,critical_utility,96.0
2026-08-19T13:00,2026-08-19,38,2026-08-19T18:30,PCW-02,critical_utility,80.0
2026-08-19T13:00,2026-08-19,38,2026-08-19T18:30,VAC-02,critical_utility,96.0
2026-08-19T13:00,2026-08-19,38,2026-08-19T18:30,MISC-01,building_general,265.0
2026-08-19T13:00,2026-08-19,39,2026-08-19T19:00,CR-AHU-01,cleanroom_hvac,252.247
2026-08-19T13:00,2026-08-19,39,2026-08-19T19:00,CR-AHU-02,cleanroom_hvac,252.247
2026-08-19T13:00,2026-08-19,39,2026-08-19T19:00,CR-AHU-03,cleanroom_hvac,252.247
2026-08-19T13:00,2026-08-19,39,2026-08-19T19:00,CR-AHU-04,cleanroom_hvac,252.247
2026-08-19T13:00,2026-08-19,39,2026-08-19T19:00,CR-AHU-05,cleanroom_hvac,217.272
2026-08-19T13:00,2026-08-19,39,2026-08-19T19:00,CR-AHU-06,cleanroom_hvac,217.272
2026-08-19T13:00,2026-08-19,39,2026-08-19T19:00,CR-EXF-01,cleanroom_exhaust,46.0
2026-08-19T13:00,2026-08-19,39,2026-08-19T19:00,CR-EXF-02,cleanroom_exhaust,46.0
2026-08-19T13:00,2026-08-19,39,2026-08-19T19:00,CR-EXF-03,cleanroom_exhaust,46.0
2026-08-19T13:00,2026-08-19,39,2026-08-19T19:00,CR-EXF-04,cleanroom_exhaust,46.0
2026-08-19T13:00,2026-08-19,39,2026-08-19T19:00,OF-AHU-01,office_hvac,122.988
2026-08-19T13:00,2026-08-19,39,2026-08-19T19:00,OF-AHU-02,office_hvac,128.222
2026-08-19T13:00,2026-08-19,39,2026-08-19T19:00,OF-AHU-03,office_hvac,133.455
2026-08-19T13:00,2026-08-19,39,2026-08-19T19:00,OF-AHU-04,office_hvac,138.689
2026-08-19T13:00,2026-08-19,39,2026-08-19T19:00,CH-01,chiller,586.692
2026-08-19T13:00,2026-08-19,39,2026-08-19T19:00,CH-02,chiller,592.648
2026-08-19T13:00,2026-08-19,39,2026-08-19T19:00,CH-03,chiller,598.604
2026-08-19T13:00,2026-08-19,39,2026-08-19T19:00,CH-04,chiller,604.56
2026-08-19T13:00,2026-08-19,39,2026-08-19T19:00,CT-01,cooling_aux,22.721
2026-08-19T13:00,2026-08-19,39,2026-08-19T19:00,CHWP-01,cooling_aux,37.0
2026-08-19T13:00,2026-08-19,39,2026-08-19T19:00,CT-02,cooling_aux,22.721
2026-08-19T13:00,2026-08-19,39,2026-08-19T19:00,CHWP-02,cooling_aux,37.0
2026-08-19T13:00,2026-08-19,39,2026-08-19T19:00,CT-03,cooling_aux,22.721
2026-08-19T13:00,2026-08-19,39,2026-08-19T19:00,CHWP-03,cooling_aux,37.0
2026-08-19T13:00,2026-08-19,39,2026-08-19T19:00,CT-04,cooling_aux,22.721
2026-08-19T13:00,2026-08-19,39,2026-08-19T19:00,CHWP-04,cooling_aux,37.0
2026-08-19T13:00,2026-08-19,39,2026-08-19T19:00,AC-01,compressor,246.029
2026-08-19T13:00,2026-08-19,39,2026-08-19T19:00,AC-02,compressor,249.757
2026-08-19T13:00,2026-08-19,39,2026-08-19T19:00,AC-03,compressor,248.514
2026-08-19T13:00,2026-08-19,39,2026-08-19T19:00,AC-04,compressor,292.85
2026-08-19T13:00,2026-08-19,39,2026-08-19T19:00,AC-05,compressor,86.938
2026-08-19T13:00,2026-08-19,39,2026-08-19T19:00,AC-06,compressor,0.0
2026-08-19T13:00,2026-08-19,39,2026-08-19T19:00,FN-01,furnace,470.0
2026-08-19T13:00,2026-08-19,39,2026-08-19T19:00,FN-02,furnace,686.667
2026-08-19T13:00,2026-08-19,39,2026-08-19T19:00,FN-03,furnace,130.0
2026-08-19T13:00,2026-08-19,39,2026-08-19T19:00,LN-01,production_line,709.737
2026-08-19T13:00,2026-08-19,39,2026-08-19T19:00,LN-02,production_line,735.735
2026-08-19T13:00,2026-08-19,39,2026-08-19T19:00,LN-03,production_line,761.732
2026-08-19T13:00,2026-08-19,39,2026-08-19T19:00,LN-04,production_line,787.73
2026-08-19T13:00,2026-08-19,39,2026-08-19T19:00,LN-05,production_line,455.0
2026-08-19T13:00,2026-08-19,39,2026-08-19T19:00,LN-06,production_line,455.0
2026-08-19T13:00,2026-08-19,39,2026-08-19T19:00,BI-01,burn_in,4.0
2026-08-19T13:00,2026-08-19,39,2026-08-19T19:00,BI-02,burn_in,4.0
2026-08-19T13:00,2026-08-19,39,2026-08-19T19:00,BI-03,burn_in,112.0
2026-08-19T13:00,2026-08-19,39,2026-08-19T19:00,BI-04,burn_in,112.0
2026-08-19T13:00,2026-08-19,39,2026-08-19T19:00,BI-05,burn_in,112.0
2026-08-19T13:00,2026-08-19,39,2026-08-19T19:00,BI-06,burn_in,112.0
2026-08-19T13:00,2026-08-19,39,2026-08-19T19:00,BI-07,burn_in,4.0
2026-08-19T13:00,2026-08-19,39,2026-08-19T19:00,BI-08,burn_in,4.0
2026-08-19T13:00,2026-08-19,39,2026-08-19T19:00,EV-01,ev_charger,0.3
2026-08-19T13:00,2026-08-19,39,2026-08-19T19:00,EV-02,ev_charger,0.3
2026-08-19T13:00,2026-08-19,39,2026-08-19T19:00,EV-03,ev_charger,0.3
2026-08-19T13:00,2026-08-19,39,2026-08-19T19:00,EV-04,ev_charger,0.3
2026-08-19T13:00,2026-08-19,39,2026-08-19T19:00,EV-05,ev_charger,0.3
2026-08-19T13:00,2026-08-19,39,2026-08-19T19:00,EV-06,ev_charger,0.3
2026-08-19T13:00,2026-08-19,39,2026-08-19T19:00,EV-07,ev_charger,50.0
2026-08-19T13:00,2026-08-19,39,2026-08-19T19:00,EV-08,ev_charger,50.0
2026-08-19T13:00,2026-08-19,39,2026-08-19T19:00,EV-09,ev_charger,50.0
2026-08-19T13:00,2026-08-19,39,2026-08-19T19:00,EV-10,ev_charger,50.0
2026-08-19T13:00,2026-08-19,39,2026-08-19T19:00,LT-01,lighting,36.0
2026-08-19T13:00,2026-08-19,39,2026-08-19T19:00,LT-02,lighting,36.0
2026-08-19T13:00,2026-08-19,39,2026-08-19T19:00,LT-03,lighting,36.0
2026-08-19T13:00,2026-08-19,39,2026-08-19T19:00,LT-04,lighting,36.0
2026-08-19T13:00,2026-08-19,39,2026-08-19T19:00,LT-05,lighting,36.0
2026-08-19T13:00,2026-08-19,39,2026-08-19T19:00,LT-06,lighting,36.0
2026-08-19T13:00,2026-08-19,39,2026-08-19T19:00,WW-01,wastewater,22.75
2026-08-19T13:00,2026-08-19,39,2026-08-19T19:00,WW-02,wastewater,0.5
2026-08-19T13:00,2026-08-19,39,2026-08-19T19:00,WW-03,wastewater,22.75
2026-08-19T13:00,2026-08-19,39,2026-08-19T19:00,WW-04,wastewater,45.0
2026-08-19T13:00,2026-08-19,39,2026-08-19T19:00,UPW-01,critical_utility,385.0
2026-08-19T13:00,2026-08-19,39,2026-08-19T19:00,N2-01,critical_utility,305.0
2026-08-19T13:00,2026-08-19,39,2026-08-19T19:00,IT-01,critical_utility,132.0
2026-08-19T13:00,2026-08-19,39,2026-08-19T19:00,PCW-01,critical_utility,80.0
2026-08-19T13:00,2026-08-19,39,2026-08-19T19:00,VAC-01,critical_utility,96.0
2026-08-19T13:00,2026-08-19,39,2026-08-19T19:00,PCW-02,critical_utility,80.0
2026-08-19T13:00,2026-08-19,39,2026-08-19T19:00,VAC-02,critical_utility,96.0
2026-08-19T13:00,2026-08-19,39,2026-08-19T19:00,MISC-01,building_general,265.0
2026-08-19T13:00,2026-08-19,40,2026-08-19T19:30,CR-AHU-01,cleanroom_hvac,251.635
2026-08-19T13:00,2026-08-19,40,2026-08-19T19:30,CR-AHU-02,cleanroom_hvac,251.635
2026-08-19T13:00,2026-08-19,40,2026-08-19T19:30,CR-AHU-03,cleanroom_hvac,251.635
2026-08-19T13:00,2026-08-19,40,2026-08-19T19:30,CR-AHU-04,cleanroom_hvac,251.635
2026-08-19T13:00,2026-08-19,40,2026-08-19T19:30,CR-AHU-05,cleanroom_hvac,216.745
2026-08-19T13:00,2026-08-19,40,2026-08-19T19:30,CR-AHU-06,cleanroom_hvac,216.745
2026-08-19T13:00,2026-08-19,40,2026-08-19T19:30,CR-EXF-01,cleanroom_exhaust,46.0
2026-08-19T13:00,2026-08-19,40,2026-08-19T19:30,CR-EXF-02,cleanroom_exhaust,46.0
2026-08-19T13:00,2026-08-19,40,2026-08-19T19:30,CR-EXF-03,cleanroom_exhaust,46.0
2026-08-19T13:00,2026-08-19,40,2026-08-19T19:30,CR-EXF-04,cleanroom_exhaust,46.0
2026-08-19T13:00,2026-08-19,40,2026-08-19T19:30,OF-AHU-01,office_hvac,120.169
2026-08-19T13:00,2026-08-19,40,2026-08-19T19:30,OF-AHU-02,office_hvac,125.283
2026-08-19T13:00,2026-08-19,40,2026-08-19T19:30,OF-AHU-03,office_hvac,130.396
2026-08-19T13:00,2026-08-19,40,2026-08-19T19:30,OF-AHU-04,office_hvac,135.51
2026-08-19T13:00,2026-08-19,40,2026-08-19T19:30,CH-01,chiller,574.39
2026-08-19T13:00,2026-08-19,40,2026-08-19T19:30,CH-02,chiller,580.222
2026-08-19T13:00,2026-08-19,40,2026-08-19T19:30,CH-03,chiller,586.053
2026-08-19T13:00,2026-08-19,40,2026-08-19T19:30,CH-04,chiller,591.884
2026-08-19T13:00,2026-08-19,40,2026-08-19T19:30,CT-01,cooling_aux,22.496
2026-08-19T13:00,2026-08-19,40,2026-08-19T19:30,CHWP-01,cooling_aux,37.0
2026-08-19T13:00,2026-08-19,40,2026-08-19T19:30,CT-02,cooling_aux,22.496
2026-08-19T13:00,2026-08-19,40,2026-08-19T19:30,CHWP-02,cooling_aux,37.0
2026-08-19T13:00,2026-08-19,40,2026-08-19T19:30,CT-03,cooling_aux,22.496
2026-08-19T13:00,2026-08-19,40,2026-08-19T19:30,CHWP-03,cooling_aux,37.0
2026-08-19T13:00,2026-08-19,40,2026-08-19T19:30,CT-04,cooling_aux,22.496
2026-08-19T13:00,2026-08-19,40,2026-08-19T19:30,CHWP-04,cooling_aux,37.0
2026-08-19T13:00,2026-08-19,40,2026-08-19T19:30,AC-01,compressor,246.029
2026-08-19T13:00,2026-08-19,40,2026-08-19T19:30,AC-02,compressor,249.757
2026-08-19T13:00,2026-08-19,40,2026-08-19T19:30,AC-03,compressor,248.514
2026-08-19T13:00,2026-08-19,40,2026-08-19T19:30,AC-04,compressor,292.891
2026-08-19T13:00,2026-08-19,40,2026-08-19T19:30,AC-05,compressor,86.938
2026-08-19T13:00,2026-08-19,40,2026-08-19T19:30,AC-06,compressor,0.0
2026-08-19T13:00,2026-08-19,40,2026-08-19T19:30,FN-01,furnace,1040.0
2026-08-19T13:00,2026-08-19,40,2026-08-19T19:30,FN-02,furnace,226.667
2026-08-19T13:00,2026-08-19,40,2026-08-19T19:30,FN-03,furnace,130.0
2026-08-19T13:00,2026-08-19,40,2026-08-19T19:30,LN-01,production_line,708.567
2026-08-19T13:00,2026-08-19,40,2026-08-19T19:30,LN-02,production_line,734.522
2026-08-19T13:00,2026-08-19,40,2026-08-19T19:30,LN-03,production_line,760.477
2026-08-19T13:00,2026-08-19,40,2026-08-19T19:30,LN-04,production_line,786.432
2026-08-19T13:00,2026-08-19,40,2026-08-19T19:30,LN-05,production_line,455.0
2026-08-19T13:00,2026-08-19,40,2026-08-19T19:30,LN-06,production_line,455.0
2026-08-19T13:00,2026-08-19,40,2026-08-19T19:30,BI-01,burn_in,4.0
2026-08-19T13:00,2026-08-19,40,2026-08-19T19:30,BI-02,burn_in,4.0
2026-08-19T13:00,2026-08-19,40,2026-08-19T19:30,BI-03,burn_in,112.0
2026-08-19T13:00,2026-08-19,40,2026-08-19T19:30,BI-04,burn_in,112.0
2026-08-19T13:00,2026-08-19,40,2026-08-19T19:30,BI-05,burn_in,112.0
2026-08-19T13:00,2026-08-19,40,2026-08-19T19:30,BI-06,burn_in,112.0
2026-08-19T13:00,2026-08-19,40,2026-08-19T19:30,BI-07,burn_in,112.0
2026-08-19T13:00,2026-08-19,40,2026-08-19T19:30,BI-08,burn_in,4.0
2026-08-19T13:00,2026-08-19,40,2026-08-19T19:30,EV-01,ev_charger,0.3
2026-08-19T13:00,2026-08-19,40,2026-08-19T19:30,EV-02,ev_charger,0.3
2026-08-19T13:00,2026-08-19,40,2026-08-19T19:30,EV-03,ev_charger,0.3
2026-08-19T13:00,2026-08-19,40,2026-08-19T19:30,EV-04,ev_charger,0.3
2026-08-19T13:00,2026-08-19,40,2026-08-19T19:30,EV-05,ev_charger,0.3
2026-08-19T13:00,2026-08-19,40,2026-08-19T19:30,EV-06,ev_charger,0.3
2026-08-19T13:00,2026-08-19,40,2026-08-19T19:30,EV-07,ev_charger,0.5
2026-08-19T13:00,2026-08-19,40,2026-08-19T19:30,EV-08,ev_charger,0.5
2026-08-19T13:00,2026-08-19,40,2026-08-19T19:30,EV-09,ev_charger,0.5
2026-08-19T13:00,2026-08-19,40,2026-08-19T19:30,EV-10,ev_charger,0.5
2026-08-19T13:00,2026-08-19,40,2026-08-19T19:30,LT-01,lighting,36.0
2026-08-19T13:00,2026-08-19,40,2026-08-19T19:30,LT-02,lighting,36.0
2026-08-19T13:00,2026-08-19,40,2026-08-19T19:30,LT-03,lighting,36.0
2026-08-19T13:00,2026-08-19,40,2026-08-19T19:30,LT-04,lighting,36.0
2026-08-19T13:00,2026-08-19,40,2026-08-19T19:30,LT-05,lighting,36.0
2026-08-19T13:00,2026-08-19,40,2026-08-19T19:30,LT-06,lighting,36.0
2026-08-19T13:00,2026-08-19,40,2026-08-19T19:30,WW-01,wastewater,22.75
2026-08-19T13:00,2026-08-19,40,2026-08-19T19:30,WW-02,wastewater,45.0
2026-08-19T13:00,2026-08-19,40,2026-08-19T19:30,WW-03,wastewater,22.75
2026-08-19T13:00,2026-08-19,40,2026-08-19T19:30,WW-04,wastewater,0.5
2026-08-19T13:00,2026-08-19,40,2026-08-19T19:30,UPW-01,critical_utility,385.0
2026-08-19T13:00,2026-08-19,40,2026-08-19T19:30,N2-01,critical_utility,305.0
2026-08-19T13:00,2026-08-19,40,2026-08-19T19:30,IT-01,critical_utility,132.0
2026-08-19T13:00,2026-08-19,40,2026-08-19T19:30,PCW-01,critical_utility,80.0
2026-08-19T13:00,2026-08-19,40,2026-08-19T19:30,VAC-01,critical_utility,96.0
2026-08-19T13:00,2026-08-19,40,2026-08-19T19:30,PCW-02,critical_utility,80.0
2026-08-19T13:00,2026-08-19,40,2026-08-19T19:30,VAC-02,critical_utility,96.0
2026-08-19T13:00,2026-08-19,40,2026-08-19T19:30,MISC-01,building_general,265.0
2026-08-19T13:00,2026-08-19,41,2026-08-19T20:00,CR-AHU-01,cleanroom_hvac,250.998
2026-08-19T13:00,2026-08-19,41,2026-08-19T20:00,CR-AHU-02,cleanroom_hvac,250.998
2026-08-19T13:00,2026-08-19,41,2026-08-19T20:00,CR-AHU-03,cleanroom_hvac,250.998
2026-08-19T13:00,2026-08-19,41,2026-08-19T20:00,CR-AHU-04,cleanroom_hvac,250.998
2026-08-19T13:00,2026-08-19,41,2026-08-19T20:00,CR-AHU-05,cleanroom_hvac,216.196
2026-08-19T13:00,2026-08-19,41,2026-08-19T20:00,CR-AHU-06,cleanroom_hvac,216.196
2026-08-19T13:00,2026-08-19,41,2026-08-19T20:00,CR-EXF-01,cleanroom_exhaust,46.0
2026-08-19T13:00,2026-08-19,41,2026-08-19T20:00,CR-EXF-02,cleanroom_exhaust,46.0
2026-08-19T13:00,2026-08-19,41,2026-08-19T20:00,CR-EXF-03,cleanroom_exhaust,46.0
2026-08-19T13:00,2026-08-19,41,2026-08-19T20:00,CR-EXF-04,cleanroom_exhaust,46.0
2026-08-19T13:00,2026-08-19,41,2026-08-19T20:00,OF-AHU-01,office_hvac,11.28
2026-08-19T13:00,2026-08-19,41,2026-08-19T20:00,OF-AHU-02,office_hvac,11.76
2026-08-19T13:00,2026-08-19,41,2026-08-19T20:00,OF-AHU-03,office_hvac,12.24
2026-08-19T13:00,2026-08-19,41,2026-08-19T20:00,OF-AHU-04,office_hvac,12.72
2026-08-19T13:00,2026-08-19,41,2026-08-19T20:00,CH-01,chiller,640.255
2026-08-19T13:00,2026-08-19,41,2026-08-19T20:00,CH-02,chiller,646.755
2026-08-19T13:00,2026-08-19,41,2026-08-19T20:00,CH-03,chiller,653.255
2026-08-19T13:00,2026-08-19,41,2026-08-19T20:00,CH-04,chiller,0.0
2026-08-19T13:00,2026-08-19,41,2026-08-19T20:00,CT-01,cooling_aux,23.7
2026-08-19T13:00,2026-08-19,41,2026-08-19T20:00,CHWP-01,cooling_aux,37.0
2026-08-19T13:00,2026-08-19,41,2026-08-19T20:00,CT-02,cooling_aux,23.7
2026-08-19T13:00,2026-08-19,41,2026-08-19T20:00,CHWP-02,cooling_aux,37.0
2026-08-19T13:00,2026-08-19,41,2026-08-19T20:00,CT-03,cooling_aux,23.7
2026-08-19T13:00,2026-08-19,41,2026-08-19T20:00,CHWP-03,cooling_aux,37.0
2026-08-19T13:00,2026-08-19,41,2026-08-19T20:00,CT-04,cooling_aux,0.0
2026-08-19T13:00,2026-08-19,41,2026-08-19T20:00,CHWP-04,cooling_aux,0.0
2026-08-19T13:00,2026-08-19,41,2026-08-19T20:00,AC-01,compressor,246.029
2026-08-19T13:00,2026-08-19,41,2026-08-19T20:00,AC-02,compressor,249.757
2026-08-19T13:00,2026-08-19,41,2026-08-19T20:00,AC-03,compressor,248.514
2026-08-19T13:00,2026-08-19,41,2026-08-19T20:00,AC-04,compressor,292.932
2026-08-19T13:00,2026-08-19,41,2026-08-19T20:00,AC-05,compressor,86.938
2026-08-19T13:00,2026-08-19,41,2026-08-19T20:00,AC-06,compressor,0.0
2026-08-19T13:00,2026-08-19,41,2026-08-19T20:00,FN-01,furnace,820.0
2026-08-19T13:00,2026-08-19,41,2026-08-19T20:00,FN-02,furnace,470.0
2026-08-19T13:00,2026-08-19,41,2026-08-19T20:00,FN-03,furnace,130.0
2026-08-19T13:00,2026-08-19,41,2026-08-19T20:00,LN-01,production_line,707.349
2026-08-19T13:00,2026-08-19,41,2026-08-19T20:00,LN-02,production_line,733.259
2026-08-19T13:00,2026-08-19,41,2026-08-19T20:00,LN-03,production_line,759.169
2026-08-19T13:00,2026-08-19,41,2026-08-19T20:00,LN-04,production_line,785.079
2026-08-19T13:00,2026-08-19,41,2026-08-19T20:00,LN-05,production_line,455.0
2026-08-19T13:00,2026-08-19,41,2026-08-19T20:00,LN-06,production_line,455.0
2026-08-19T13:00,2026-08-19,41,2026-08-19T20:00,BI-01,burn_in,4.0
2026-08-19T13:00,2026-08-19,41,2026-08-19T20:00,BI-02,burn_in,4.0
2026-08-19T13:00,2026-08-19,41,2026-08-19T20:00,BI-03,burn_in,4.0
2026-08-19T13:00,2026-08-19,41,2026-08-19T20:00,BI-04,burn_in,58.0
2026-08-19T13:00,2026-08-19,41,2026-08-19T20:00,BI-05,burn_in,112.0
2026-08-19T13:00,2026-08-19,41,2026-08-19T20:00,BI-06,burn_in,112.0
2026-08-19T13:00,2026-08-19,41,2026-08-19T20:00,BI-07,burn_in,112.0
2026-08-19T13:00,2026-08-19,41,2026-08-19T20:00,BI-08,burn_in,4.0
2026-08-19T13:00,2026-08-19,41,2026-08-19T20:00,EV-01,ev_charger,0.3
2026-08-19T13:00,2026-08-19,41,2026-08-19T20:00,EV-02,ev_charger,0.3
2026-08-19T13:00,2026-08-19,41,2026-08-19T20:00,EV-03,ev_charger,0.3
2026-08-19T13:00,2026-08-19,41,2026-08-19T20:00,EV-04,ev_charger,0.3
2026-08-19T13:00,2026-08-19,41,2026-08-19T20:00,EV-05,ev_charger,0.3
2026-08-19T13:00,2026-08-19,41,2026-08-19T20:00,EV-06,ev_charger,0.3
2026-08-19T13:00,2026-08-19,41,2026-08-19T20:00,EV-07,ev_charger,0.5
2026-08-19T13:00,2026-08-19,41,2026-08-19T20:00,EV-08,ev_charger,0.5
2026-08-19T13:00,2026-08-19,41,2026-08-19T20:00,EV-09,ev_charger,0.5
2026-08-19T13:00,2026-08-19,41,2026-08-19T20:00,EV-10,ev_charger,0.5
2026-08-19T13:00,2026-08-19,41,2026-08-19T20:00,LT-01,lighting,36.0
2026-08-19T13:00,2026-08-19,41,2026-08-19T20:00,LT-02,lighting,36.0
2026-08-19T13:00,2026-08-19,41,2026-08-19T20:00,LT-03,lighting,36.0
2026-08-19T13:00,2026-08-19,41,2026-08-19T20:00,LT-04,lighting,36.0
2026-08-19T13:00,2026-08-19,41,2026-08-19T20:00,LT-05,lighting,36.0
2026-08-19T13:00,2026-08-19,41,2026-08-19T20:00,LT-06,lighting,36.0
2026-08-19T13:00,2026-08-19,41,2026-08-19T20:00,WW-01,wastewater,22.75
2026-08-19T13:00,2026-08-19,41,2026-08-19T20:00,WW-02,wastewater,0.5
2026-08-19T13:00,2026-08-19,41,2026-08-19T20:00,WW-03,wastewater,22.75
2026-08-19T13:00,2026-08-19,41,2026-08-19T20:00,WW-04,wastewater,45.0
2026-08-19T13:00,2026-08-19,41,2026-08-19T20:00,UPW-01,critical_utility,385.0
2026-08-19T13:00,2026-08-19,41,2026-08-19T20:00,N2-01,critical_utility,305.0
2026-08-19T13:00,2026-08-19,41,2026-08-19T20:00,IT-01,critical_utility,132.0
2026-08-19T13:00,2026-08-19,41,2026-08-19T20:00,PCW-01,critical_utility,80.0
2026-08-19T13:00,2026-08-19,41,2026-08-19T20:00,VAC-01,critical_utility,96.0
2026-08-19T13:00,2026-08-19,41,2026-08-19T20:00,PCW-02,critical_utility,80.0
2026-08-19T13:00,2026-08-19,41,2026-08-19T20:00,VAC-02,critical_utility,96.0
2026-08-19T13:00,2026-08-19,41,2026-08-19T20:00,MISC-01,building_general,145.0
2026-08-19T13:00,2026-08-19,42,2026-08-19T20:30,CR-AHU-01,cleanroom_hvac,250.341
2026-08-19T13:00,2026-08-19,42,2026-08-19T20:30,CR-AHU-02,cleanroom_hvac,250.341
2026-08-19T13:00,2026-08-19,42,2026-08-19T20:30,CR-AHU-03,cleanroom_hvac,250.341
2026-08-19T13:00,2026-08-19,42,2026-08-19T20:30,CR-AHU-04,cleanroom_hvac,250.341
2026-08-19T13:00,2026-08-19,42,2026-08-19T20:30,CR-AHU-05,cleanroom_hvac,215.63
2026-08-19T13:00,2026-08-19,42,2026-08-19T20:30,CR-AHU-06,cleanroom_hvac,215.63
2026-08-19T13:00,2026-08-19,42,2026-08-19T20:30,CR-EXF-01,cleanroom_exhaust,46.0
2026-08-19T13:00,2026-08-19,42,2026-08-19T20:30,CR-EXF-02,cleanroom_exhaust,46.0
2026-08-19T13:00,2026-08-19,42,2026-08-19T20:30,CR-EXF-03,cleanroom_exhaust,46.0
2026-08-19T13:00,2026-08-19,42,2026-08-19T20:30,CR-EXF-04,cleanroom_exhaust,46.0
2026-08-19T13:00,2026-08-19,42,2026-08-19T20:30,OF-AHU-01,office_hvac,11.28
2026-08-19T13:00,2026-08-19,42,2026-08-19T20:30,OF-AHU-02,office_hvac,11.76
2026-08-19T13:00,2026-08-19,42,2026-08-19T20:30,OF-AHU-03,office_hvac,12.24
2026-08-19T13:00,2026-08-19,42,2026-08-19T20:30,OF-AHU-04,office_hvac,12.72
2026-08-19T13:00,2026-08-19,42,2026-08-19T20:30,CH-01,chiller,628.08
2026-08-19T13:00,2026-08-19,42,2026-08-19T20:30,CH-02,chiller,634.456
2026-08-19T13:00,2026-08-19,42,2026-08-19T20:30,CH-03,chiller,640.833
2026-08-19T13:00,2026-08-19,42,2026-08-19T20:30,CH-04,chiller,0.0
2026-08-19T13:00,2026-08-19,42,2026-08-19T20:30,CT-01,cooling_aux,23.478
2026-08-19T13:00,2026-08-19,42,2026-08-19T20:30,CHWP-01,cooling_aux,37.0
2026-08-19T13:00,2026-08-19,42,2026-08-19T20:30,CT-02,cooling_aux,23.478
2026-08-19T13:00,2026-08-19,42,2026-08-19T20:30,CHWP-02,cooling_aux,37.0
2026-08-19T13:00,2026-08-19,42,2026-08-19T20:30,CT-03,cooling_aux,23.478
2026-08-19T13:00,2026-08-19,42,2026-08-19T20:30,CHWP-03,cooling_aux,37.0
2026-08-19T13:00,2026-08-19,42,2026-08-19T20:30,CT-04,cooling_aux,0.0
2026-08-19T13:00,2026-08-19,42,2026-08-19T20:30,CHWP-04,cooling_aux,0.0
2026-08-19T13:00,2026-08-19,42,2026-08-19T20:30,AC-01,compressor,246.029
2026-08-19T13:00,2026-08-19,42,2026-08-19T20:30,AC-02,compressor,249.757
2026-08-19T13:00,2026-08-19,42,2026-08-19T20:30,AC-03,compressor,248.514
2026-08-19T13:00,2026-08-19,42,2026-08-19T20:30,AC-04,compressor,292.974
2026-08-19T13:00,2026-08-19,42,2026-08-19T20:30,AC-05,compressor,86.938
2026-08-19T13:00,2026-08-19,42,2026-08-19T20:30,AC-06,compressor,0.0
2026-08-19T13:00,2026-08-19,42,2026-08-19T20:30,FN-01,furnace,820.0
2026-08-19T13:00,2026-08-19,42,2026-08-19T20:30,FN-02,furnace,1040.0
2026-08-19T13:00,2026-08-19,42,2026-08-19T20:30,FN-03,furnace,1150.0
2026-08-19T13:00,2026-08-19,42,2026-08-19T20:30,LN-01,production_line,706.094
2026-08-19T13:00,2026-08-19,42,2026-08-19T20:30,LN-02,production_line,731.958
2026-08-19T13:00,2026-08-19,42,2026-08-19T20:30,LN-03,production_line,757.822
2026-08-19T13:00,2026-08-19,42,2026-08-19T20:30,LN-04,production_line,783.686
2026-08-19T13:00,2026-08-19,42,2026-08-19T20:30,LN-05,production_line,455.0
2026-08-19T13:00,2026-08-19,42,2026-08-19T20:30,LN-06,production_line,455.0
2026-08-19T13:00,2026-08-19,42,2026-08-19T20:30,BI-01,burn_in,4.0
2026-08-19T13:00,2026-08-19,42,2026-08-19T20:30,BI-02,burn_in,4.0
2026-08-19T13:00,2026-08-19,42,2026-08-19T20:30,BI-03,burn_in,4.0
2026-08-19T13:00,2026-08-19,42,2026-08-19T20:30,BI-04,burn_in,4.0
2026-08-19T13:00,2026-08-19,42,2026-08-19T20:30,BI-05,burn_in,4.0
2026-08-19T13:00,2026-08-19,42,2026-08-19T20:30,BI-06,burn_in,112.0
2026-08-19T13:00,2026-08-19,42,2026-08-19T20:30,BI-07,burn_in,112.0
2026-08-19T13:00,2026-08-19,42,2026-08-19T20:30,BI-08,burn_in,4.0
2026-08-19T13:00,2026-08-19,42,2026-08-19T20:30,EV-01,ev_charger,0.3
2026-08-19T13:00,2026-08-19,42,2026-08-19T20:30,EV-02,ev_charger,0.3
2026-08-19T13:00,2026-08-19,42,2026-08-19T20:30,EV-03,ev_charger,0.3
2026-08-19T13:00,2026-08-19,42,2026-08-19T20:30,EV-04,ev_charger,0.3
2026-08-19T13:00,2026-08-19,42,2026-08-19T20:30,EV-05,ev_charger,0.3
2026-08-19T13:00,2026-08-19,42,2026-08-19T20:30,EV-06,ev_charger,0.3
2026-08-19T13:00,2026-08-19,42,2026-08-19T20:30,EV-07,ev_charger,0.5
2026-08-19T13:00,2026-08-19,42,2026-08-19T20:30,EV-08,ev_charger,0.5
2026-08-19T13:00,2026-08-19,42,2026-08-19T20:30,EV-09,ev_charger,0.5
2026-08-19T13:00,2026-08-19,42,2026-08-19T20:30,EV-10,ev_charger,0.5
2026-08-19T13:00,2026-08-19,42,2026-08-19T20:30,LT-01,lighting,36.0
2026-08-19T13:00,2026-08-19,42,2026-08-19T20:30,LT-02,lighting,36.0
2026-08-19T13:00,2026-08-19,42,2026-08-19T20:30,LT-03,lighting,36.0
2026-08-19T13:00,2026-08-19,42,2026-08-19T20:30,LT-04,lighting,36.0
2026-08-19T13:00,2026-08-19,42,2026-08-19T20:30,LT-05,lighting,36.0
2026-08-19T13:00,2026-08-19,42,2026-08-19T20:30,LT-06,lighting,36.0
2026-08-19T13:00,2026-08-19,42,2026-08-19T20:30,WW-01,wastewater,22.75
2026-08-19T13:00,2026-08-19,42,2026-08-19T20:30,WW-02,wastewater,45.0
2026-08-19T13:00,2026-08-19,42,2026-08-19T20:30,WW-03,wastewater,22.75
2026-08-19T13:00,2026-08-19,42,2026-08-19T20:30,WW-04,wastewater,0.5
2026-08-19T13:00,2026-08-19,42,2026-08-19T20:30,UPW-01,critical_utility,385.0
2026-08-19T13:00,2026-08-19,42,2026-08-19T20:30,N2-01,critical_utility,305.0
2026-08-19T13:00,2026-08-19,42,2026-08-19T20:30,IT-01,critical_utility,132.0
2026-08-19T13:00,2026-08-19,42,2026-08-19T20:30,PCW-01,critical_utility,80.0
2026-08-19T13:00,2026-08-19,42,2026-08-19T20:30,VAC-01,critical_utility,96.0
2026-08-19T13:00,2026-08-19,42,2026-08-19T20:30,PCW-02,critical_utility,80.0
2026-08-19T13:00,2026-08-19,42,2026-08-19T20:30,VAC-02,critical_utility,96.0
2026-08-19T13:00,2026-08-19,42,2026-08-19T20:30,MISC-01,building_general,145.0
2026-08-19T13:00,2026-08-19,43,2026-08-19T21:00,CR-AHU-01,cleanroom_hvac,249.673
2026-08-19T13:00,2026-08-19,43,2026-08-19T21:00,CR-AHU-02,cleanroom_hvac,249.673
2026-08-19T13:00,2026-08-19,43,2026-08-19T21:00,CR-AHU-03,cleanroom_hvac,249.673
2026-08-19T13:00,2026-08-19,43,2026-08-19T21:00,CR-AHU-04,cleanroom_hvac,249.673
2026-08-19T13:00,2026-08-19,43,2026-08-19T21:00,CR-AHU-05,cleanroom_hvac,215.055
2026-08-19T13:00,2026-08-19,43,2026-08-19T21:00,CR-AHU-06,cleanroom_hvac,215.055
2026-08-19T13:00,2026-08-19,43,2026-08-19T21:00,CR-EXF-01,cleanroom_exhaust,46.0
2026-08-19T13:00,2026-08-19,43,2026-08-19T21:00,CR-EXF-02,cleanroom_exhaust,46.0
2026-08-19T13:00,2026-08-19,43,2026-08-19T21:00,CR-EXF-03,cleanroom_exhaust,46.0
2026-08-19T13:00,2026-08-19,43,2026-08-19T21:00,CR-EXF-04,cleanroom_exhaust,46.0
2026-08-19T13:00,2026-08-19,43,2026-08-19T21:00,OF-AHU-01,office_hvac,11.28
2026-08-19T13:00,2026-08-19,43,2026-08-19T21:00,OF-AHU-02,office_hvac,11.76
2026-08-19T13:00,2026-08-19,43,2026-08-19T21:00,OF-AHU-03,office_hvac,12.24
2026-08-19T13:00,2026-08-19,43,2026-08-19T21:00,OF-AHU-04,office_hvac,12.72
2026-08-19T13:00,2026-08-19,43,2026-08-19T21:00,CH-01,chiller,615.875
2026-08-19T13:00,2026-08-19,43,2026-08-19T21:00,CH-02,chiller,622.127
2026-08-19T13:00,2026-08-19,43,2026-08-19T21:00,CH-03,chiller,628.38
2026-08-19T13:00,2026-08-19,43,2026-08-19T21:00,CH-04,chiller,0.0
2026-08-19T13:00,2026-08-19,43,2026-08-19T21:00,CT-01,cooling_aux,23.255
2026-08-19T13:00,2026-08-19,43,2026-08-19T21:00,CHWP-01,cooling_aux,37.0
2026-08-19T13:00,2026-08-19,43,2026-08-19T21:00,CT-02,cooling_aux,23.255
2026-08-19T13:00,2026-08-19,43,2026-08-19T21:00,CHWP-02,cooling_aux,37.0
2026-08-19T13:00,2026-08-19,43,2026-08-19T21:00,CT-03,cooling_aux,23.255
2026-08-19T13:00,2026-08-19,43,2026-08-19T21:00,CHWP-03,cooling_aux,37.0
2026-08-19T13:00,2026-08-19,43,2026-08-19T21:00,CT-04,cooling_aux,0.0
2026-08-19T13:00,2026-08-19,43,2026-08-19T21:00,CHWP-04,cooling_aux,0.0
2026-08-19T13:00,2026-08-19,43,2026-08-19T21:00,AC-01,compressor,246.029
2026-08-19T13:00,2026-08-19,43,2026-08-19T21:00,AC-02,compressor,249.757
2026-08-19T13:00,2026-08-19,43,2026-08-19T21:00,AC-03,compressor,248.514
2026-08-19T13:00,2026-08-19,43,2026-08-19T21:00,AC-04,compressor,293.015
2026-08-19T13:00,2026-08-19,43,2026-08-19T21:00,AC-05,compressor,86.938
2026-08-19T13:00,2026-08-19,43,2026-08-19T21:00,AC-06,compressor,0.0
2026-08-19T13:00,2026-08-19,43,2026-08-19T21:00,FN-01,furnace,820.0
2026-08-19T13:00,2026-08-19,43,2026-08-19T21:00,FN-02,furnace,820.0
2026-08-19T13:00,2026-08-19,43,2026-08-19T21:00,FN-03,furnace,820.0
2026-08-19T13:00,2026-08-19,43,2026-08-19T21:00,LN-01,production_line,704.817
2026-08-19T13:00,2026-08-19,43,2026-08-19T21:00,LN-02,production_line,730.634
2026-08-19T13:00,2026-08-19,43,2026-08-19T21:00,LN-03,production_line,756.452
2026-08-19T13:00,2026-08-19,43,2026-08-19T21:00,LN-04,production_line,782.269
2026-08-19T13:00,2026-08-19,43,2026-08-19T21:00,LN-05,production_line,455.0
2026-08-19T13:00,2026-08-19,43,2026-08-19T21:00,LN-06,production_line,455.0
2026-08-19T13:00,2026-08-19,43,2026-08-19T21:00,BI-01,burn_in,4.0
2026-08-19T13:00,2026-08-19,43,2026-08-19T21:00,BI-02,burn_in,4.0
2026-08-19T13:00,2026-08-19,43,2026-08-19T21:00,BI-03,burn_in,4.0
2026-08-19T13:00,2026-08-19,43,2026-08-19T21:00,BI-04,burn_in,4.0
2026-08-19T13:00,2026-08-19,43,2026-08-19T21:00,BI-05,burn_in,4.0
2026-08-19T13:00,2026-08-19,43,2026-08-19T21:00,BI-06,burn_in,4.0
2026-08-19T13:00,2026-08-19,43,2026-08-19T21:00,BI-07,burn_in,112.0
2026-08-19T13:00,2026-08-19,43,2026-08-19T21:00,BI-08,burn_in,4.0
2026-08-19T13:00,2026-08-19,43,2026-08-19T21:00,EV-01,ev_charger,0.3
2026-08-19T13:00,2026-08-19,43,2026-08-19T21:00,EV-02,ev_charger,0.3
2026-08-19T13:00,2026-08-19,43,2026-08-19T21:00,EV-03,ev_charger,0.3
2026-08-19T13:00,2026-08-19,43,2026-08-19T21:00,EV-04,ev_charger,0.3
2026-08-19T13:00,2026-08-19,43,2026-08-19T21:00,EV-05,ev_charger,0.3
2026-08-19T13:00,2026-08-19,43,2026-08-19T21:00,EV-06,ev_charger,0.3
2026-08-19T13:00,2026-08-19,43,2026-08-19T21:00,EV-07,ev_charger,0.5
2026-08-19T13:00,2026-08-19,43,2026-08-19T21:00,EV-08,ev_charger,0.5
2026-08-19T13:00,2026-08-19,43,2026-08-19T21:00,EV-09,ev_charger,0.5
2026-08-19T13:00,2026-08-19,43,2026-08-19T21:00,EV-10,ev_charger,0.5
2026-08-19T13:00,2026-08-19,43,2026-08-19T21:00,LT-01,lighting,6.0
2026-08-19T13:00,2026-08-19,43,2026-08-19T21:00,LT-02,lighting,6.0
2026-08-19T13:00,2026-08-19,43,2026-08-19T21:00,LT-03,lighting,6.0
2026-08-19T13:00,2026-08-19,43,2026-08-19T21:00,LT-04,lighting,6.0
2026-08-19T13:00,2026-08-19,43,2026-08-19T21:00,LT-05,lighting,6.0
2026-08-19T13:00,2026-08-19,43,2026-08-19T21:00,LT-06,lighting,6.0
2026-08-19T13:00,2026-08-19,43,2026-08-19T21:00,WW-01,wastewater,22.75
2026-08-19T13:00,2026-08-19,43,2026-08-19T21:00,WW-02,wastewater,0.5
2026-08-19T13:00,2026-08-19,43,2026-08-19T21:00,WW-03,wastewater,22.75
2026-08-19T13:00,2026-08-19,43,2026-08-19T21:00,WW-04,wastewater,45.0
2026-08-19T13:00,2026-08-19,43,2026-08-19T21:00,UPW-01,critical_utility,385.0
2026-08-19T13:00,2026-08-19,43,2026-08-19T21:00,N2-01,critical_utility,305.0
2026-08-19T13:00,2026-08-19,43,2026-08-19T21:00,IT-01,critical_utility,132.0
2026-08-19T13:00,2026-08-19,43,2026-08-19T21:00,PCW-01,critical_utility,80.0
2026-08-19T13:00,2026-08-19,43,2026-08-19T21:00,VAC-01,critical_utility,96.0
2026-08-19T13:00,2026-08-19,43,2026-08-19T21:00,PCW-02,critical_utility,80.0
2026-08-19T13:00,2026-08-19,43,2026-08-19T21:00,VAC-02,critical_utility,96.0
2026-08-19T13:00,2026-08-19,43,2026-08-19T21:00,MISC-01,building_general,145.0
2026-08-19T13:00,2026-08-19,44,2026-08-19T21:30,CR-AHU-01,cleanroom_hvac,249.001
2026-08-19T13:00,2026-08-19,44,2026-08-19T21:30,CR-AHU-02,cleanroom_hvac,249.001
2026-08-19T13:00,2026-08-19,44,2026-08-19T21:30,CR-AHU-03,cleanroom_hvac,249.001
2026-08-19T13:00,2026-08-19,44,2026-08-19T21:30,CR-AHU-04,cleanroom_hvac,249.001
2026-08-19T13:00,2026-08-19,44,2026-08-19T21:30,CR-AHU-05,cleanroom_hvac,214.476
2026-08-19T13:00,2026-08-19,44,2026-08-19T21:30,CR-AHU-06,cleanroom_hvac,214.476
2026-08-19T13:00,2026-08-19,44,2026-08-19T21:30,CR-EXF-01,cleanroom_exhaust,46.0
2026-08-19T13:00,2026-08-19,44,2026-08-19T21:30,CR-EXF-02,cleanroom_exhaust,46.0
2026-08-19T13:00,2026-08-19,44,2026-08-19T21:30,CR-EXF-03,cleanroom_exhaust,46.0
2026-08-19T13:00,2026-08-19,44,2026-08-19T21:30,CR-EXF-04,cleanroom_exhaust,46.0
2026-08-19T13:00,2026-08-19,44,2026-08-19T21:30,OF-AHU-01,office_hvac,11.28
2026-08-19T13:00,2026-08-19,44,2026-08-19T21:30,OF-AHU-02,office_hvac,11.76
2026-08-19T13:00,2026-08-19,44,2026-08-19T21:30,OF-AHU-03,office_hvac,12.24
2026-08-19T13:00,2026-08-19,44,2026-08-19T21:30,OF-AHU-04,office_hvac,12.72
2026-08-19T13:00,2026-08-19,44,2026-08-19T21:30,CH-01,chiller,603.776
2026-08-19T13:00,2026-08-19,44,2026-08-19T21:30,CH-02,chiller,609.906
2026-08-19T13:00,2026-08-19,44,2026-08-19T21:30,CH-03,chiller,616.036
2026-08-19T13:00,2026-08-19,44,2026-08-19T21:30,CH-04,chiller,0.0
2026-08-19T13:00,2026-08-19,44,2026-08-19T21:30,CT-01,cooling_aux,23.033
2026-08-19T13:00,2026-08-19,44,2026-08-19T21:30,CHWP-01,cooling_aux,37.0
2026-08-19T13:00,2026-08-19,44,2026-08-19T21:30,CT-02,cooling_aux,23.033
2026-08-19T13:00,2026-08-19,44,2026-08-19T21:30,CHWP-02,cooling_aux,37.0
2026-08-19T13:00,2026-08-19,44,2026-08-19T21:30,CT-03,cooling_aux,23.033
2026-08-19T13:00,2026-08-19,44,2026-08-19T21:30,CHWP-03,cooling_aux,37.0
2026-08-19T13:00,2026-08-19,44,2026-08-19T21:30,CT-04,cooling_aux,0.0
2026-08-19T13:00,2026-08-19,44,2026-08-19T21:30,CHWP-04,cooling_aux,0.0
2026-08-19T13:00,2026-08-19,44,2026-08-19T21:30,AC-01,compressor,246.029
2026-08-19T13:00,2026-08-19,44,2026-08-19T21:30,AC-02,compressor,249.757
2026-08-19T13:00,2026-08-19,44,2026-08-19T21:30,AC-03,compressor,248.514
2026-08-19T13:00,2026-08-19,44,2026-08-19T21:30,AC-04,compressor,293.057
2026-08-19T13:00,2026-08-19,44,2026-08-19T21:30,AC-05,compressor,86.938
2026-08-19T13:00,2026-08-19,44,2026-08-19T21:30,AC-06,compressor,0.0
2026-08-19T13:00,2026-08-19,44,2026-08-19T21:30,FN-01,furnace,323.333
2026-08-19T13:00,2026-08-19,44,2026-08-19T21:30,FN-02,furnace,820.0
2026-08-19T13:00,2026-08-19,44,2026-08-19T21:30,FN-03,furnace,820.0
2026-08-19T13:00,2026-08-19,44,2026-08-19T21:30,LN-01,production_line,703.531
2026-08-19T13:00,2026-08-19,44,2026-08-19T21:30,LN-02,production_line,729.302
2026-08-19T13:00,2026-08-19,44,2026-08-19T21:30,LN-03,production_line,755.072
2026-08-19T13:00,2026-08-19,44,2026-08-19T21:30,LN-04,production_line,780.843
2026-08-19T13:00,2026-08-19,44,2026-08-19T21:30,LN-05,production_line,455.0
2026-08-19T13:00,2026-08-19,44,2026-08-19T21:30,LN-06,production_line,455.0
2026-08-19T13:00,2026-08-19,44,2026-08-19T21:30,BI-01,burn_in,4.0
2026-08-19T13:00,2026-08-19,44,2026-08-19T21:30,BI-02,burn_in,4.0
2026-08-19T13:00,2026-08-19,44,2026-08-19T21:30,BI-03,burn_in,4.0
2026-08-19T13:00,2026-08-19,44,2026-08-19T21:30,BI-04,burn_in,4.0
2026-08-19T13:00,2026-08-19,44,2026-08-19T21:30,BI-05,burn_in,4.0
2026-08-19T13:00,2026-08-19,44,2026-08-19T21:30,BI-06,burn_in,4.0
2026-08-19T13:00,2026-08-19,44,2026-08-19T21:30,BI-07,burn_in,112.0
2026-08-19T13:00,2026-08-19,44,2026-08-19T21:30,BI-08,burn_in,4.0
2026-08-19T13:00,2026-08-19,44,2026-08-19T21:30,EV-01,ev_charger,10.05
2026-08-19T13:00,2026-08-19,44,2026-08-19T21:30,EV-02,ev_charger,8.1
2026-08-19T13:00,2026-08-19,44,2026-08-19T21:30,EV-03,ev_charger,12.0
2026-08-19T13:00,2026-08-19,44,2026-08-19T21:30,EV-04,ev_charger,10.05
2026-08-19T13:00,2026-08-19,44,2026-08-19T21:30,EV-05,ev_charger,8.1
2026-08-19T13:00,2026-08-19,44,2026-08-19T21:30,EV-06,ev_charger,12.0
2026-08-19T13:00,2026-08-19,44,2026-08-19T21:30,EV-07,ev_charger,0.5
2026-08-19T13:00,2026-08-19,44,2026-08-19T21:30,EV-08,ev_charger,0.5
2026-08-19T13:00,2026-08-19,44,2026-08-19T21:30,EV-09,ev_charger,0.5
2026-08-19T13:00,2026-08-19,44,2026-08-19T21:30,EV-10,ev_charger,0.5
2026-08-19T13:00,2026-08-19,44,2026-08-19T21:30,LT-01,lighting,6.0
2026-08-19T13:00,2026-08-19,44,2026-08-19T21:30,LT-02,lighting,6.0
2026-08-19T13:00,2026-08-19,44,2026-08-19T21:30,LT-03,lighting,6.0
2026-08-19T13:00,2026-08-19,44,2026-08-19T21:30,LT-04,lighting,6.0
2026-08-19T13:00,2026-08-19,44,2026-08-19T21:30,LT-05,lighting,6.0
2026-08-19T13:00,2026-08-19,44,2026-08-19T21:30,LT-06,lighting,6.0
2026-08-19T13:00,2026-08-19,44,2026-08-19T21:30,WW-01,wastewater,22.75
2026-08-19T13:00,2026-08-19,44,2026-08-19T21:30,WW-02,wastewater,45.0
2026-08-19T13:00,2026-08-19,44,2026-08-19T21:30,WW-03,wastewater,22.75
2026-08-19T13:00,2026-08-19,44,2026-08-19T21:30,WW-04,wastewater,0.5
2026-08-19T13:00,2026-08-19,44,2026-08-19T21:30,UPW-01,critical_utility,385.0
2026-08-19T13:00,2026-08-19,44,2026-08-19T21:30,N2-01,critical_utility,305.0
2026-08-19T13:00,2026-08-19,44,2026-08-19T21:30,IT-01,critical_utility,132.0
2026-08-19T13:00,2026-08-19,44,2026-08-19T21:30,PCW-01,critical_utility,80.0
2026-08-19T13:00,2026-08-19,44,2026-08-19T21:30,VAC-01,critical_utility,96.0
2026-08-19T13:00,2026-08-19,44,2026-08-19T21:30,PCW-02,critical_utility,80.0
2026-08-19T13:00,2026-08-19,44,2026-08-19T21:30,VAC-02,critical_utility,96.0
2026-08-19T13:00,2026-08-19,44,2026-08-19T21:30,MISC-01,building_general,145.0
2026-08-19T13:00,2026-08-19,45,2026-08-19T22:00,CR-AHU-01,cleanroom_hvac,247.984
2026-08-19T13:00,2026-08-19,45,2026-08-19T22:00,CR-AHU-02,cleanroom_hvac,247.984
2026-08-19T13:00,2026-08-19,45,2026-08-19T22:00,CR-AHU-03,cleanroom_hvac,247.984
2026-08-19T13:00,2026-08-19,45,2026-08-19T22:00,CR-AHU-04,cleanroom_hvac,247.984
2026-08-19T13:00,2026-08-19,45,2026-08-19T22:00,CR-AHU-05,cleanroom_hvac,213.6
2026-08-19T13:00,2026-08-19,45,2026-08-19T22:00,CR-AHU-06,cleanroom_hvac,213.6
2026-08-19T13:00,2026-08-19,45,2026-08-19T22:00,CR-EXF-01,cleanroom_exhaust,46.0
2026-08-19T13:00,2026-08-19,45,2026-08-19T22:00,CR-EXF-02,cleanroom_exhaust,46.0
2026-08-19T13:00,2026-08-19,45,2026-08-19T22:00,CR-EXF-03,cleanroom_exhaust,46.0
2026-08-19T13:00,2026-08-19,45,2026-08-19T22:00,CR-EXF-04,cleanroom_exhaust,46.0
2026-08-19T13:00,2026-08-19,45,2026-08-19T22:00,OF-AHU-01,office_hvac,11.28
2026-08-19T13:00,2026-08-19,45,2026-08-19T22:00,OF-AHU-02,office_hvac,11.76
2026-08-19T13:00,2026-08-19,45,2026-08-19T22:00,OF-AHU-03,office_hvac,12.24
2026-08-19T13:00,2026-08-19,45,2026-08-19T22:00,OF-AHU-04,office_hvac,12.72
2026-08-19T13:00,2026-08-19,45,2026-08-19T22:00,CH-01,chiller,568.314
2026-08-19T13:00,2026-08-19,45,2026-08-19T22:00,CH-02,chiller,574.084
2026-08-19T13:00,2026-08-19,45,2026-08-19T22:00,CH-03,chiller,579.854
2026-08-19T13:00,2026-08-19,45,2026-08-19T22:00,CH-04,chiller,0.0
2026-08-19T13:00,2026-08-19,45,2026-08-19T22:00,CT-01,cooling_aux,22.385
2026-08-19T13:00,2026-08-19,45,2026-08-19T22:00,CHWP-01,cooling_aux,37.0
2026-08-19T13:00,2026-08-19,45,2026-08-19T22:00,CT-02,cooling_aux,22.385
2026-08-19T13:00,2026-08-19,45,2026-08-19T22:00,CHWP-02,cooling_aux,37.0
2026-08-19T13:00,2026-08-19,45,2026-08-19T22:00,CT-03,cooling_aux,22.385
2026-08-19T13:00,2026-08-19,45,2026-08-19T22:00,CHWP-03,cooling_aux,37.0
2026-08-19T13:00,2026-08-19,45,2026-08-19T22:00,CT-04,cooling_aux,0.0
2026-08-19T13:00,2026-08-19,45,2026-08-19T22:00,CHWP-04,cooling_aux,0.0
2026-08-19T13:00,2026-08-19,45,2026-08-19T22:00,AC-01,compressor,246.029
2026-08-19T13:00,2026-08-19,45,2026-08-19T22:00,AC-02,compressor,249.757
2026-08-19T13:00,2026-08-19,45,2026-08-19T22:00,AC-03,compressor,248.514
2026-08-19T13:00,2026-08-19,45,2026-08-19T22:00,AC-04,compressor,293.098
2026-08-19T13:00,2026-08-19,45,2026-08-19T22:00,AC-05,compressor,28.268
2026-08-19T13:00,2026-08-19,45,2026-08-19T22:00,AC-06,compressor,0.0
2026-08-19T13:00,2026-08-19,45,2026-08-19T22:00,FN-01,furnace,470.0
2026-08-19T13:00,2026-08-19,45,2026-08-19T22:00,FN-02,furnace,820.0
2026-08-19T13:00,2026-08-19,45,2026-08-19T22:00,FN-03,furnace,820.0
2026-08-19T13:00,2026-08-19,45,2026-08-19T22:00,LN-01,production_line,653.094
2026-08-19T13:00,2026-08-19,45,2026-08-19T22:00,LN-02,production_line,677.017
2026-08-19T13:00,2026-08-19,45,2026-08-19T22:00,LN-03,production_line,700.94
2026-08-19T13:00,2026-08-19,45,2026-08-19T22:00,LN-04,production_line,724.863
2026-08-19T13:00,2026-08-19,45,2026-08-19T22:00,LN-05,production_line,455.0
2026-08-19T13:00,2026-08-19,45,2026-08-19T22:00,LN-06,production_line,455.0
2026-08-19T13:00,2026-08-19,45,2026-08-19T22:00,BI-01,burn_in,4.0
2026-08-19T13:00,2026-08-19,45,2026-08-19T22:00,BI-02,burn_in,4.0
2026-08-19T13:00,2026-08-19,45,2026-08-19T22:00,BI-03,burn_in,4.0
2026-08-19T13:00,2026-08-19,45,2026-08-19T22:00,BI-04,burn_in,4.0
2026-08-19T13:00,2026-08-19,45,2026-08-19T22:00,BI-05,burn_in,4.0
2026-08-19T13:00,2026-08-19,45,2026-08-19T22:00,BI-06,burn_in,4.0
2026-08-19T13:00,2026-08-19,45,2026-08-19T22:00,BI-07,burn_in,112.0
2026-08-19T13:00,2026-08-19,45,2026-08-19T22:00,BI-08,burn_in,4.0
2026-08-19T13:00,2026-08-19,45,2026-08-19T22:00,EV-01,ev_charger,12.0
2026-08-19T13:00,2026-08-19,45,2026-08-19T22:00,EV-02,ev_charger,12.0
2026-08-19T13:00,2026-08-19,45,2026-08-19T22:00,EV-03,ev_charger,12.0
2026-08-19T13:00,2026-08-19,45,2026-08-19T22:00,EV-04,ev_charger,12.0
2026-08-19T13:00,2026-08-19,45,2026-08-19T22:00,EV-05,ev_charger,12.0
2026-08-19T13:00,2026-08-19,45,2026-08-19T22:00,EV-06,ev_charger,12.0
2026-08-19T13:00,2026-08-19,45,2026-08-19T22:00,EV-07,ev_charger,0.5
2026-08-19T13:00,2026-08-19,45,2026-08-19T22:00,EV-08,ev_charger,0.5
2026-08-19T13:00,2026-08-19,45,2026-08-19T22:00,EV-09,ev_charger,0.5
2026-08-19T13:00,2026-08-19,45,2026-08-19T22:00,EV-10,ev_charger,0.5
2026-08-19T13:00,2026-08-19,45,2026-08-19T22:00,LT-01,lighting,6.0
2026-08-19T13:00,2026-08-19,45,2026-08-19T22:00,LT-02,lighting,6.0
2026-08-19T13:00,2026-08-19,45,2026-08-19T22:00,LT-03,lighting,6.0
2026-08-19T13:00,2026-08-19,45,2026-08-19T22:00,LT-04,lighting,6.0
2026-08-19T13:00,2026-08-19,45,2026-08-19T22:00,LT-05,lighting,6.0
2026-08-19T13:00,2026-08-19,45,2026-08-19T22:00,LT-06,lighting,6.0
2026-08-19T13:00,2026-08-19,45,2026-08-19T22:00,WW-01,wastewater,22.75
2026-08-19T13:00,2026-08-19,45,2026-08-19T22:00,WW-02,wastewater,0.5
2026-08-19T13:00,2026-08-19,45,2026-08-19T22:00,WW-03,wastewater,22.75
2026-08-19T13:00,2026-08-19,45,2026-08-19T22:00,WW-04,wastewater,45.0
2026-08-19T13:00,2026-08-19,45,2026-08-19T22:00,UPW-01,critical_utility,384.191
2026-08-19T13:00,2026-08-19,45,2026-08-19T22:00,N2-01,critical_utility,294.131
2026-08-19T13:00,2026-08-19,45,2026-08-19T22:00,IT-01,critical_utility,132.0
2026-08-19T13:00,2026-08-19,45,2026-08-19T22:00,PCW-01,critical_utility,79.44
2026-08-19T13:00,2026-08-19,45,2026-08-19T22:00,VAC-01,critical_utility,95.328
2026-08-19T13:00,2026-08-19,45,2026-08-19T22:00,PCW-02,critical_utility,79.44
2026-08-19T13:00,2026-08-19,45,2026-08-19T22:00,VAC-02,critical_utility,95.328
2026-08-19T13:00,2026-08-19,45,2026-08-19T22:00,MISC-01,building_general,145.0
2026-08-19T13:00,2026-08-19,46,2026-08-19T22:30,CR-AHU-01,cleanroom_hvac,247.326
2026-08-19T13:00,2026-08-19,46,2026-08-19T22:30,CR-AHU-02,cleanroom_hvac,247.326
2026-08-19T13:00,2026-08-19,46,2026-08-19T22:30,CR-AHU-03,cleanroom_hvac,247.326
2026-08-19T13:00,2026-08-19,46,2026-08-19T22:30,CR-AHU-04,cleanroom_hvac,247.326
2026-08-19T13:00,2026-08-19,46,2026-08-19T22:30,CR-AHU-05,cleanroom_hvac,213.033
2026-08-19T13:00,2026-08-19,46,2026-08-19T22:30,CR-AHU-06,cleanroom_hvac,213.033
2026-08-19T13:00,2026-08-19,46,2026-08-19T22:30,CR-EXF-01,cleanroom_exhaust,46.0
2026-08-19T13:00,2026-08-19,46,2026-08-19T22:30,CR-EXF-02,cleanroom_exhaust,46.0
2026-08-19T13:00,2026-08-19,46,2026-08-19T22:30,CR-EXF-03,cleanroom_exhaust,46.0
2026-08-19T13:00,2026-08-19,46,2026-08-19T22:30,CR-EXF-04,cleanroom_exhaust,46.0
2026-08-19T13:00,2026-08-19,46,2026-08-19T22:30,OF-AHU-01,office_hvac,11.28
2026-08-19T13:00,2026-08-19,46,2026-08-19T22:30,OF-AHU-02,office_hvac,11.76
2026-08-19T13:00,2026-08-19,46,2026-08-19T22:30,OF-AHU-03,office_hvac,12.24
2026-08-19T13:00,2026-08-19,46,2026-08-19T22:30,OF-AHU-04,office_hvac,12.72
2026-08-19T13:00,2026-08-19,46,2026-08-19T22:30,CH-01,chiller,556.98
2026-08-19T13:00,2026-08-19,46,2026-08-19T22:30,CH-02,chiller,562.634
2026-08-19T13:00,2026-08-19,46,2026-08-19T22:30,CH-03,chiller,568.289
2026-08-19T13:00,2026-08-19,46,2026-08-19T22:30,CH-04,chiller,0.0
2026-08-19T13:00,2026-08-19,46,2026-08-19T22:30,CT-01,cooling_aux,22.178
2026-08-19T13:00,2026-08-19,46,2026-08-19T22:30,CHWP-01,cooling_aux,37.0
2026-08-19T13:00,2026-08-19,46,2026-08-19T22:30,CT-02,cooling_aux,22.178
2026-08-19T13:00,2026-08-19,46,2026-08-19T22:30,CHWP-02,cooling_aux,37.0
2026-08-19T13:00,2026-08-19,46,2026-08-19T22:30,CT-03,cooling_aux,22.178
2026-08-19T13:00,2026-08-19,46,2026-08-19T22:30,CHWP-03,cooling_aux,37.0
2026-08-19T13:00,2026-08-19,46,2026-08-19T22:30,CT-04,cooling_aux,0.0
2026-08-19T13:00,2026-08-19,46,2026-08-19T22:30,CHWP-04,cooling_aux,0.0
2026-08-19T13:00,2026-08-19,46,2026-08-19T22:30,AC-01,compressor,246.029
2026-08-19T13:00,2026-08-19,46,2026-08-19T22:30,AC-02,compressor,249.757
2026-08-19T13:00,2026-08-19,46,2026-08-19T22:30,AC-03,compressor,248.514
2026-08-19T13:00,2026-08-19,46,2026-08-19T22:30,AC-04,compressor,293.14
2026-08-19T13:00,2026-08-19,46,2026-08-19T22:30,AC-05,compressor,28.268
2026-08-19T13:00,2026-08-19,46,2026-08-19T22:30,AC-06,compressor,0.0
2026-08-19T13:00,2026-08-19,46,2026-08-19T22:30,FN-01,furnace,1040.0
2026-08-19T13:00,2026-08-19,46,2026-08-19T22:30,FN-02,furnace,323.333
2026-08-19T13:00,2026-08-19,46,2026-08-19T22:30,FN-03,furnace,553.333
2026-08-19T13:00,2026-08-19,46,2026-08-19T22:30,LN-01,production_line,651.923
2026-08-19T13:00,2026-08-19,46,2026-08-19T22:30,LN-02,production_line,675.803
2026-08-19T13:00,2026-08-19,46,2026-08-19T22:30,LN-03,production_line,699.683
2026-08-19T13:00,2026-08-19,46,2026-08-19T22:30,LN-04,production_line,723.563
2026-08-19T13:00,2026-08-19,46,2026-08-19T22:30,LN-05,production_line,60.0
2026-08-19T13:00,2026-08-19,46,2026-08-19T22:30,LN-06,production_line,60.0
2026-08-19T13:00,2026-08-19,46,2026-08-19T22:30,BI-01,burn_in,4.0
2026-08-19T13:00,2026-08-19,46,2026-08-19T22:30,BI-02,burn_in,4.0
2026-08-19T13:00,2026-08-19,46,2026-08-19T22:30,BI-03,burn_in,4.0
2026-08-19T13:00,2026-08-19,46,2026-08-19T22:30,BI-04,burn_in,4.0
2026-08-19T13:00,2026-08-19,46,2026-08-19T22:30,BI-05,burn_in,4.0
2026-08-19T13:00,2026-08-19,46,2026-08-19T22:30,BI-06,burn_in,4.0
2026-08-19T13:00,2026-08-19,46,2026-08-19T22:30,BI-07,burn_in,112.0
2026-08-19T13:00,2026-08-19,46,2026-08-19T22:30,BI-08,burn_in,4.0
2026-08-19T13:00,2026-08-19,46,2026-08-19T22:30,EV-01,ev_charger,12.0
2026-08-19T13:00,2026-08-19,46,2026-08-19T22:30,EV-02,ev_charger,12.0
2026-08-19T13:00,2026-08-19,46,2026-08-19T22:30,EV-03,ev_charger,12.0
2026-08-19T13:00,2026-08-19,46,2026-08-19T22:30,EV-04,ev_charger,12.0
2026-08-19T13:00,2026-08-19,46,2026-08-19T22:30,EV-05,ev_charger,12.0
2026-08-19T13:00,2026-08-19,46,2026-08-19T22:30,EV-06,ev_charger,12.0
2026-08-19T13:00,2026-08-19,46,2026-08-19T22:30,EV-07,ev_charger,0.5
2026-08-19T13:00,2026-08-19,46,2026-08-19T22:30,EV-08,ev_charger,0.5
2026-08-19T13:00,2026-08-19,46,2026-08-19T22:30,EV-09,ev_charger,0.5
2026-08-19T13:00,2026-08-19,46,2026-08-19T22:30,EV-10,ev_charger,0.5
2026-08-19T13:00,2026-08-19,46,2026-08-19T22:30,LT-01,lighting,6.0
2026-08-19T13:00,2026-08-19,46,2026-08-19T22:30,LT-02,lighting,6.0
2026-08-19T13:00,2026-08-19,46,2026-08-19T22:30,LT-03,lighting,6.0
2026-08-19T13:00,2026-08-19,46,2026-08-19T22:30,LT-04,lighting,6.0
2026-08-19T13:00,2026-08-19,46,2026-08-19T22:30,LT-05,lighting,6.0
2026-08-19T13:00,2026-08-19,46,2026-08-19T22:30,LT-06,lighting,6.0
2026-08-19T13:00,2026-08-19,46,2026-08-19T22:30,WW-01,wastewater,22.75
2026-08-19T13:00,2026-08-19,46,2026-08-19T22:30,WW-02,wastewater,45.0
2026-08-19T13:00,2026-08-19,46,2026-08-19T22:30,WW-03,wastewater,22.75
2026-08-19T13:00,2026-08-19,46,2026-08-19T22:30,WW-04,wastewater,0.5
2026-08-19T13:00,2026-08-19,46,2026-08-19T22:30,UPW-01,critical_utility,384.191
2026-08-19T13:00,2026-08-19,46,2026-08-19T22:30,N2-01,critical_utility,294.131
2026-08-19T13:00,2026-08-19,46,2026-08-19T22:30,IT-01,critical_utility,132.0
2026-08-19T13:00,2026-08-19,46,2026-08-19T22:30,PCW-01,critical_utility,79.44
2026-08-19T13:00,2026-08-19,46,2026-08-19T22:30,VAC-01,critical_utility,95.328
2026-08-19T13:00,2026-08-19,46,2026-08-19T22:30,PCW-02,critical_utility,79.44
2026-08-19T13:00,2026-08-19,46,2026-08-19T22:30,VAC-02,critical_utility,95.328
2026-08-19T13:00,2026-08-19,46,2026-08-19T22:30,MISC-01,building_general,145.0
2026-08-19T13:00,2026-08-19,47,2026-08-19T23:00,CR-AHU-01,cleanroom_hvac,246.686
2026-08-19T13:00,2026-08-19,47,2026-08-19T23:00,CR-AHU-02,cleanroom_hvac,246.686
2026-08-19T13:00,2026-08-19,47,2026-08-19T23:00,CR-AHU-03,cleanroom_hvac,246.686
2026-08-19T13:00,2026-08-19,47,2026-08-19T23:00,CR-AHU-04,cleanroom_hvac,246.686
2026-08-19T13:00,2026-08-19,47,2026-08-19T23:00,CR-AHU-05,cleanroom_hvac,212.482
2026-08-19T13:00,2026-08-19,47,2026-08-19T23:00,CR-AHU-06,cleanroom_hvac,212.482
2026-08-19T13:00,2026-08-19,47,2026-08-19T23:00,CR-EXF-01,cleanroom_exhaust,46.0
2026-08-19T13:00,2026-08-19,47,2026-08-19T23:00,CR-EXF-02,cleanroom_exhaust,46.0
2026-08-19T13:00,2026-08-19,47,2026-08-19T23:00,CR-EXF-03,cleanroom_exhaust,46.0
2026-08-19T13:00,2026-08-19,47,2026-08-19T23:00,CR-EXF-04,cleanroom_exhaust,46.0
2026-08-19T13:00,2026-08-19,47,2026-08-19T23:00,OF-AHU-01,office_hvac,11.28
2026-08-19T13:00,2026-08-19,47,2026-08-19T23:00,OF-AHU-02,office_hvac,11.76
2026-08-19T13:00,2026-08-19,47,2026-08-19T23:00,OF-AHU-03,office_hvac,12.24
2026-08-19T13:00,2026-08-19,47,2026-08-19T23:00,OF-AHU-04,office_hvac,12.72
2026-08-19T13:00,2026-08-19,47,2026-08-19T23:00,CH-01,chiller,546.105
2026-08-19T13:00,2026-08-19,47,2026-08-19T23:00,CH-02,chiller,551.65
2026-08-19T13:00,2026-08-19,47,2026-08-19T23:00,CH-03,chiller,557.194
2026-08-19T13:00,2026-08-19,47,2026-08-19T23:00,CH-04,chiller,0.0
2026-08-19T13:00,2026-08-19,47,2026-08-19T23:00,CT-01,cooling_aux,21.98
2026-08-19T13:00,2026-08-19,47,2026-08-19T23:00,CHWP-01,cooling_aux,37.0
2026-08-19T13:00,2026-08-19,47,2026-08-19T23:00,CT-02,cooling_aux,21.98
2026-08-19T13:00,2026-08-19,47,2026-08-19T23:00,CHWP-02,cooling_aux,37.0
2026-08-19T13:00,2026-08-19,47,2026-08-19T23:00,CT-03,cooling_aux,21.98
2026-08-19T13:00,2026-08-19,47,2026-08-19T23:00,CHWP-03,cooling_aux,37.0
2026-08-19T13:00,2026-08-19,47,2026-08-19T23:00,CT-04,cooling_aux,0.0
2026-08-19T13:00,2026-08-19,47,2026-08-19T23:00,CHWP-04,cooling_aux,0.0
2026-08-19T13:00,2026-08-19,47,2026-08-19T23:00,AC-01,compressor,246.029
2026-08-19T13:00,2026-08-19,47,2026-08-19T23:00,AC-02,compressor,249.757
2026-08-19T13:00,2026-08-19,47,2026-08-19T23:00,AC-03,compressor,248.514
2026-08-19T13:00,2026-08-19,47,2026-08-19T23:00,AC-04,compressor,293.181
2026-08-19T13:00,2026-08-19,47,2026-08-19T23:00,AC-05,compressor,28.268
2026-08-19T13:00,2026-08-19,47,2026-08-19T23:00,AC-06,compressor,0.0
2026-08-19T13:00,2026-08-19,47,2026-08-19T23:00,FN-01,furnace,820.0
2026-08-19T13:00,2026-08-19,47,2026-08-19T23:00,FN-02,furnace,130.0
2026-08-19T13:00,2026-08-19,47,2026-08-19T23:00,FN-03,furnace,130.0
2026-08-19T13:00,2026-08-19,47,2026-08-19T23:00,LN-01,production_line,650.783
2026-08-19T13:00,2026-08-19,47,2026-08-19T23:00,LN-02,production_line,674.621
2026-08-19T13:00,2026-08-19,47,2026-08-19T23:00,LN-03,production_line,698.459
2026-08-19T13:00,2026-08-19,47,2026-08-19T23:00,LN-04,production_line,722.298
2026-08-19T13:00,2026-08-19,47,2026-08-19T23:00,LN-05,production_line,60.0
2026-08-19T13:00,2026-08-19,47,2026-08-19T23:00,LN-06,production_line,60.0
2026-08-19T13:00,2026-08-19,47,2026-08-19T23:00,BI-01,burn_in,4.0
2026-08-19T13:00,2026-08-19,47,2026-08-19T23:00,BI-02,burn_in,4.0
2026-08-19T13:00,2026-08-19,47,2026-08-19T23:00,BI-03,burn_in,4.0
2026-08-19T13:00,2026-08-19,47,2026-08-19T23:00,BI-04,burn_in,4.0
2026-08-19T13:00,2026-08-19,47,2026-08-19T23:00,BI-05,burn_in,4.0
2026-08-19T13:00,2026-08-19,47,2026-08-19T23:00,BI-06,burn_in,4.0
2026-08-19T13:00,2026-08-19,47,2026-08-19T23:00,BI-07,burn_in,112.0
2026-08-19T13:00,2026-08-19,47,2026-08-19T23:00,BI-08,burn_in,4.0
2026-08-19T13:00,2026-08-19,47,2026-08-19T23:00,EV-01,ev_charger,0.3
2026-08-19T13:00,2026-08-19,47,2026-08-19T23:00,EV-02,ev_charger,0.3
2026-08-19T13:00,2026-08-19,47,2026-08-19T23:00,EV-03,ev_charger,0.3
2026-08-19T13:00,2026-08-19,47,2026-08-19T23:00,EV-04,ev_charger,0.3
2026-08-19T13:00,2026-08-19,47,2026-08-19T23:00,EV-05,ev_charger,0.3
2026-08-19T13:00,2026-08-19,47,2026-08-19T23:00,EV-06,ev_charger,0.3
2026-08-19T13:00,2026-08-19,47,2026-08-19T23:00,EV-07,ev_charger,0.5
2026-08-19T13:00,2026-08-19,47,2026-08-19T23:00,EV-08,ev_charger,0.5
2026-08-19T13:00,2026-08-19,47,2026-08-19T23:00,EV-09,ev_charger,0.5
2026-08-19T13:00,2026-08-19,47,2026-08-19T23:00,EV-10,ev_charger,0.5
2026-08-19T13:00,2026-08-19,47,2026-08-19T23:00,LT-01,lighting,6.0
2026-08-19T13:00,2026-08-19,47,2026-08-19T23:00,LT-02,lighting,6.0
2026-08-19T13:00,2026-08-19,47,2026-08-19T23:00,LT-03,lighting,6.0
2026-08-19T13:00,2026-08-19,47,2026-08-19T23:00,LT-04,lighting,6.0
2026-08-19T13:00,2026-08-19,47,2026-08-19T23:00,LT-05,lighting,6.0
2026-08-19T13:00,2026-08-19,47,2026-08-19T23:00,LT-06,lighting,6.0
2026-08-19T13:00,2026-08-19,47,2026-08-19T23:00,WW-01,wastewater,22.75
2026-08-19T13:00,2026-08-19,47,2026-08-19T23:00,WW-02,wastewater,0.5
2026-08-19T13:00,2026-08-19,47,2026-08-19T23:00,WW-03,wastewater,22.75
2026-08-19T13:00,2026-08-19,47,2026-08-19T23:00,WW-04,wastewater,45.0
2026-08-19T13:00,2026-08-19,47,2026-08-19T23:00,UPW-01,critical_utility,384.191
2026-08-19T13:00,2026-08-19,47,2026-08-19T23:00,N2-01,critical_utility,294.131
2026-08-19T13:00,2026-08-19,47,2026-08-19T23:00,IT-01,critical_utility,132.0
2026-08-19T13:00,2026-08-19,47,2026-08-19T23:00,PCW-01,critical_utility,79.44
2026-08-19T13:00,2026-08-19,47,2026-08-19T23:00,VAC-01,critical_utility,95.328
2026-08-19T13:00,2026-08-19,47,2026-08-19T23:00,PCW-02,critical_utility,79.44
2026-08-19T13:00,2026-08-19,47,2026-08-19T23:00,VAC-02,critical_utility,95.328
2026-08-19T13:00,2026-08-19,47,2026-08-19T23:00,MISC-01,building_general,145.0
2026-08-19T13:00,2026-08-19,48,2026-08-19T23:30,CR-AHU-01,cleanroom_hvac,246.07
2026-08-19T13:00,2026-08-19,48,2026-08-19T23:30,CR-AHU-02,cleanroom_hvac,246.07
2026-08-19T13:00,2026-08-19,48,2026-08-19T23:30,CR-AHU-03,cleanroom_hvac,246.07
2026-08-19T13:00,2026-08-19,48,2026-08-19T23:30,CR-AHU-04,cleanroom_hvac,246.07
2026-08-19T13:00,2026-08-19,48,2026-08-19T23:30,CR-AHU-05,cleanroom_hvac,211.951
2026-08-19T13:00,2026-08-19,48,2026-08-19T23:30,CR-AHU-06,cleanroom_hvac,211.951
2026-08-19T13:00,2026-08-19,48,2026-08-19T23:30,CR-EXF-01,cleanroom_exhaust,46.0
2026-08-19T13:00,2026-08-19,48,2026-08-19T23:30,CR-EXF-02,cleanroom_exhaust,46.0
2026-08-19T13:00,2026-08-19,48,2026-08-19T23:30,CR-EXF-03,cleanroom_exhaust,46.0
2026-08-19T13:00,2026-08-19,48,2026-08-19T23:30,CR-EXF-04,cleanroom_exhaust,46.0
2026-08-19T13:00,2026-08-19,48,2026-08-19T23:30,OF-AHU-01,office_hvac,11.28
2026-08-19T13:00,2026-08-19,48,2026-08-19T23:30,OF-AHU-02,office_hvac,11.76
2026-08-19T13:00,2026-08-19,48,2026-08-19T23:30,OF-AHU-03,office_hvac,12.24
2026-08-19T13:00,2026-08-19,48,2026-08-19T23:30,OF-AHU-04,office_hvac,12.72
2026-08-19T13:00,2026-08-19,48,2026-08-19T23:30,CH-01,chiller,535.793
2026-08-19T13:00,2026-08-19,48,2026-08-19T23:30,CH-02,chiller,541.232
2026-08-19T13:00,2026-08-19,48,2026-08-19T23:30,CH-03,chiller,546.672
2026-08-19T13:00,2026-08-19,48,2026-08-19T23:30,CH-04,chiller,0.0
2026-08-19T13:00,2026-08-19,48,2026-08-19T23:30,CT-01,cooling_aux,21.791
2026-08-19T13:00,2026-08-19,48,2026-08-19T23:30,CHWP-01,cooling_aux,37.0
2026-08-19T13:00,2026-08-19,48,2026-08-19T23:30,CT-02,cooling_aux,21.791
2026-08-19T13:00,2026-08-19,48,2026-08-19T23:30,CHWP-02,cooling_aux,37.0
2026-08-19T13:00,2026-08-19,48,2026-08-19T23:30,CT-03,cooling_aux,21.791
2026-08-19T13:00,2026-08-19,48,2026-08-19T23:30,CHWP-03,cooling_aux,37.0
2026-08-19T13:00,2026-08-19,48,2026-08-19T23:30,CT-04,cooling_aux,0.0
2026-08-19T13:00,2026-08-19,48,2026-08-19T23:30,CHWP-04,cooling_aux,0.0
2026-08-19T13:00,2026-08-19,48,2026-08-19T23:30,AC-01,compressor,246.029
2026-08-19T13:00,2026-08-19,48,2026-08-19T23:30,AC-02,compressor,249.757
2026-08-19T13:00,2026-08-19,48,2026-08-19T23:30,AC-03,compressor,248.514
2026-08-19T13:00,2026-08-19,48,2026-08-19T23:30,AC-04,compressor,293.222
2026-08-19T13:00,2026-08-19,48,2026-08-19T23:30,AC-05,compressor,28.268
2026-08-19T13:00,2026-08-19,48,2026-08-19T23:30,AC-06,compressor,0.0
2026-08-19T13:00,2026-08-19,48,2026-08-19T23:30,FN-01,furnace,820.0
2026-08-19T13:00,2026-08-19,48,2026-08-19T23:30,FN-02,furnace,130.0
2026-08-19T13:00,2026-08-19,48,2026-08-19T23:30,FN-03,furnace,130.0
2026-08-19T13:00,2026-08-19,48,2026-08-19T23:30,LN-01,production_line,649.687
2026-08-19T13:00,2026-08-19,48,2026-08-19T23:30,LN-02,production_line,673.485
2026-08-19T13:00,2026-08-19,48,2026-08-19T23:30,LN-03,production_line,697.283
2026-08-19T13:00,2026-08-19,48,2026-08-19T23:30,LN-04,production_line,721.081
2026-08-19T13:00,2026-08-19,48,2026-08-19T23:30,LN-05,production_line,60.0
2026-08-19T13:00,2026-08-19,48,2026-08-19T23:30,LN-06,production_line,60.0
2026-08-19T13:00,2026-08-19,48,2026-08-19T23:30,BI-01,burn_in,4.0
2026-08-19T13:00,2026-08-19,48,2026-08-19T23:30,BI-02,burn_in,4.0
2026-08-19T13:00,2026-08-19,48,2026-08-19T23:30,BI-03,burn_in,4.0
2026-08-19T13:00,2026-08-19,48,2026-08-19T23:30,BI-04,burn_in,4.0
2026-08-19T13:00,2026-08-19,48,2026-08-19T23:30,BI-05,burn_in,4.0
2026-08-19T13:00,2026-08-19,48,2026-08-19T23:30,BI-06,burn_in,4.0
2026-08-19T13:00,2026-08-19,48,2026-08-19T23:30,BI-07,burn_in,4.0
2026-08-19T13:00,2026-08-19,48,2026-08-19T23:30,BI-08,burn_in,4.0
2026-08-19T13:00,2026-08-19,48,2026-08-19T23:30,EV-01,ev_charger,0.3
2026-08-19T13:00,2026-08-19,48,2026-08-19T23:30,EV-02,ev_charger,0.3
2026-08-19T13:00,2026-08-19,48,2026-08-19T23:30,EV-03,ev_charger,0.3
2026-08-19T13:00,2026-08-19,48,2026-08-19T23:30,EV-04,ev_charger,0.3
2026-08-19T13:00,2026-08-19,48,2026-08-19T23:30,EV-05,ev_charger,0.3
2026-08-19T13:00,2026-08-19,48,2026-08-19T23:30,EV-06,ev_charger,0.3
2026-08-19T13:00,2026-08-19,48,2026-08-19T23:30,EV-07,ev_charger,0.5
2026-08-19T13:00,2026-08-19,48,2026-08-19T23:30,EV-08,ev_charger,0.5
2026-08-19T13:00,2026-08-19,48,2026-08-19T23:30,EV-09,ev_charger,0.5
2026-08-19T13:00,2026-08-19,48,2026-08-19T23:30,EV-10,ev_charger,0.5
2026-08-19T13:00,2026-08-19,48,2026-08-19T23:30,LT-01,lighting,6.0
2026-08-19T13:00,2026-08-19,48,2026-08-19T23:30,LT-02,lighting,6.0
2026-08-19T13:00,2026-08-19,48,2026-08-19T23:30,LT-03,lighting,6.0
2026-08-19T13:00,2026-08-19,48,2026-08-19T23:30,LT-04,lighting,6.0
2026-08-19T13:00,2026-08-19,48,2026-08-19T23:30,LT-05,lighting,6.0
2026-08-19T13:00,2026-08-19,48,2026-08-19T23:30,LT-06,lighting,6.0
2026-08-19T13:00,2026-08-19,48,2026-08-19T23:30,WW-01,wastewater,22.75
2026-08-19T13:00,2026-08-19,48,2026-08-19T23:30,WW-02,wastewater,45.0
2026-08-19T13:00,2026-08-19,48,2026-08-19T23:30,WW-03,wastewater,22.75
2026-08-19T13:00,2026-08-19,48,2026-08-19T23:30,WW-04,wastewater,0.5
2026-08-19T13:00,2026-08-19,48,2026-08-19T23:30,UPW-01,critical_utility,384.191
2026-08-19T13:00,2026-08-19,48,2026-08-19T23:30,N2-01,critical_utility,294.131
2026-08-19T13:00,2026-08-19,48,2026-08-19T23:30,IT-01,critical_utility,132.0
2026-08-19T13:00,2026-08-19,48,2026-08-19T23:30,PCW-01,critical_utility,79.44
2026-08-19T13:00,2026-08-19,48,2026-08-19T23:30,VAC-01,critical_utility,95.328
2026-08-19T13:00,2026-08-19,48,2026-08-19T23:30,PCW-02,critical_utility,79.44
2026-08-19T13:00,2026-08-19,48,2026-08-19T23:30,VAC-02,critical_utility,95.328
2026-08-19T13:00,2026-08-19,48,2026-08-19T23:30,MISC-01,building_general,145.0
