ts,date,hour,slot,pv_kw,irradiance_wm2,module_temp_c
2026-08-05T00:00,2026-08-05,0,1,0.0,0.0,26.152
2026-08-05T00:05,2026-08-05,0,1,0.0,0.0,26.085
2026-08-05T00:10,2026-08-05,0,1,0.0,0.0,26.018
2026-08-05T00:15,2026-08-05,0,1,0.0,0.0,25.952
2026-08-05T00:20,2026-08-05,0,1,0.0,0.0,25.886
2026-08-05T00:25,2026-08-05,0,1,0.0,0.0,25.821
2026-08-05T00:30,2026-08-05,0,2,0.0,0.0,25.757
2026-08-05T00:35,2026-08-05,0,2,0.0,0.0,25.694
2026-08-05T00:40,2026-08-05,0,2,0.0,0.0,25.632
2026-08-05T00:45,2026-08-05,0,2,0.0,0.0,25.571
2026-08-05T00:50,2026-08-05,0,2,0.0,0.0,25.51
2026-08-05T00:55,2026-08-05,0,2,0.0,0.0,25.45
2026-08-05T01:00,2026-08-05,1,3,0.0,0.0,25.391
2026-08-05T01:05,2026-08-05,1,3,0.0,0.0,25.333
2026-08-05T01:10,2026-08-05,1,3,0.0,0.0,25.277
2026-08-05T01:15,2026-08-05,1,3,0.0,0.0,25.22
2026-08-05T01:20,2026-08-05,1,3,0.0,0.0,25.165
2026-08-05T01:25,2026-08-05,1,3,0.0,0.0,25.111
2026-08-05T01:30,2026-08-05,1,4,0.0,0.0,25.058
2026-08-05T01:35,2026-08-05,1,4,0.0,0.0,25.006
2026-08-05T01:40,2026-08-05,1,4,0.0,0.0,24.955
2026-08-05T01:45,2026-08-05,1,4,0.0,0.0,24.905
2026-08-05T01:50,2026-08-05,1,4,0.0,0.0,24.856
2026-08-05T01:55,2026-08-05,1,4,0.0,0.0,24.809
2026-08-05T02:00,2026-08-05,2,5,0.0,0.0,24.762
2026-08-05T02:05,2026-08-05,2,5,0.0,0.0,24.716
2026-08-05T02:10,2026-08-05,2,5,0.0,0.0,24.672
2026-08-05T02:15,2026-08-05,2,5,0.0,0.0,24.628
2026-08-05T02:20,2026-08-05,2,5,0.0,0.0,24.586
2026-08-05T02:25,2026-08-05,2,5,0.0,0.0,24.545
2026-08-05T02:30,2026-08-05,2,6,0.0,0.0,24.505
2026-08-05T02:35,2026-08-05,2,6,0.0,0.0,24.467
2026-08-05T02:40,2026-08-05,2,6,0.0,0.0,24.429
2026-08-05T02:45,2026-08-05,2,6,0.0,0.0,24.393
2026-08-05T02:50,2026-08-05,2,6,0.0,0.0,24.358
2026-08-05T02:55,2026-08-05,2,6,0.0,0.0,24.324
2026-08-05T03:00,2026-08-05,3,7,0.0,0.0,24.292
2026-08-05T03:05,2026-08-05,3,7,0.0,0.0,24.26
2026-08-05T03:10,2026-08-05,3,7,0.0,0.0,24.23
2026-08-05T03:15,2026-08-05,3,7,0.0,0.0,24.201
2026-08-05T03:20,2026-08-05,3,7,0.0,0.0,24.174
2026-08-05T03:25,2026-08-05,3,7,0.0,0.0,24.148
2026-08-05T03:30,2026-08-05,3,8,0.0,0.0,24.123
2026-08-05T03:35,2026-08-05,3,8,0.0,0.0,24.099
2026-08-05T03:40,2026-08-05,3,8,0.0,0.0,24.077
2026-08-05T03:45,2026-08-05,3,8,0.0,0.0,24.056
2026-08-05T03:50,2026-08-05,3,8,0.0,0.0,24.036
2026-08-05T03:55,2026-08-05,3,8,0.0,0.0,24.018
2026-08-05T04:00,2026-08-05,4,9,0.0,0.0,24.001
2026-08-05T04:05,2026-08-05,4,9,0.0,0.0,23.985
2026-08-05T04:10,2026-08-05,4,9,0.0,0.0,23.971
2026-08-05T04:15,2026-08-05,4,9,0.0,0.0,23.958
2026-08-05T04:20,2026-08-05,4,9,0.0,0.0,23.946
2026-08-05T04:25,2026-08-05,4,9,0.0,0.0,23.936
2026-08-05T04:30,2026-08-05,4,10,0.0,0.0,23.927
2026-08-05T04:35,2026-08-05,4,10,0.0,0.0,23.92
2026-08-05T04:40,2026-08-05,4,10,0.0,0.0,23.913
2026-08-05T04:45,2026-08-05,4,10,0.0,0.0,23.909
2026-08-05T04:50,2026-08-05,4,10,0.0,0.0,23.905
2026-08-05T04:55,2026-08-05,4,10,0.0,0.0,23.903
2026-08-05T05:00,2026-08-05,5,11,0.0,0.0,23.074
2026-08-05T05:05,2026-08-05,5,11,0.0,0.0,23.076
2026-08-05T05:10,2026-08-05,5,11,13.949,5.785,23.266
2026-08-05T05:15,2026-08-05,5,11,32.871,13.8,23.528
2026-08-05T05:20,2026-08-05,5,11,55.017,23.093,23.83
2026-08-05T05:25,2026-08-05,5,11,79.51,33.196,24.16
2026-08-05T05:30,2026-08-05,5,12,99.87,41.577,24.514
2026-08-05T05:35,2026-08-05,5,12,135.196,56.914,24.888
2026-08-05T05:40,2026-08-05,5,12,161.16,68.233,25.279
2026-08-05T05:45,2026-08-05,5,12,195.49,82.327,25.687
2026-08-05T05:50,2026-08-05,5,12,232.821,99.193,26.109
2026-08-05T05:55,2026-08-05,5,12,241.186,101.865,26.544
2026-08-05T06:00,2026-08-05,6,13,268.637,115.478,26.991
2026-08-05T06:05,2026-08-05,6,13,316.503,133.62,27.449
2026-08-05T06:10,2026-08-05,6,13,321.706,136.885,27.917
2026-08-05T06:15,2026-08-05,6,13,349.552,149.161,28.394
2026-08-05T06:20,2026-08-05,6,13,391.245,165.759,28.88
2026-08-05T06:25,2026-08-05,6,13,383.301,162.788,29.373
2026-08-05T06:30,2026-08-05,6,14,443.574,188.953,29.874
2026-08-05T06:35,2026-08-05,6,14,461.327,197.872,30.381
2026-08-05T06:40,2026-08-05,6,14,457.54,196.265,30.894
2026-08-05T06:45,2026-08-05,6,14,472.661,206.078,31.413
2026-08-05T06:50,2026-08-05,6,14,561.811,241.558,31.936
2026-08-05T06:55,2026-08-05,6,14,569.369,244.398,32.463
2026-08-05T07:00,2026-08-05,7,15,643.421,279.437,32.995
2026-08-05T07:05,2026-08-05,7,15,622.654,269.474,33.529
2026-08-05T07:10,2026-08-05,7,15,651.411,284.367,34.066
2026-08-05T07:15,2026-08-05,7,15,632.839,276.111,34.605
2026-08-05T07:20,2026-08-05,7,15,718.906,313.258,35.146
2026-08-05T07:25,2026-08-05,7,15,767.925,338.163,35.688
2026-08-05T07:30,2026-08-05,7,16,680.296,300.514,36.231
2026-08-05T07:35,2026-08-05,7,16,756.96,335.891,36.774
2026-08-05T07:40,2026-08-05,7,16,769.329,334.989,37.317
2026-08-05T07:45,2026-08-05,7,16,849.94,374.868,37.86
2026-08-05T07:50,2026-08-05,7,16,927.967,408.545,38.401
2026-08-05T07:55,2026-08-05,7,16,949.898,422.242,38.941
2026-08-05T08:00,2026-08-05,8,17,901.85,397.57,39.478
2026-08-05T08:05,2026-08-05,8,17,1047.696,470.344,40.014
2026-08-05T08:10,2026-08-05,8,17,960.965,430.788,40.546
2026-08-05T08:15,2026-08-05,8,17,1127.743,502.492,41.076
2026-08-05T08:20,2026-08-05,8,17,1059.67,474.969,41.602
2026-08-05T08:25,2026-08-05,8,17,1170.078,524.217,42.123
2026-08-05T08:30,2026-08-05,8,18,1180.179,538.777,42.64
2026-08-05T08:35,2026-08-05,8,18,1188.95,532.649,43.153
2026-08-05T08:40,2026-08-05,8,18,1113.533,502.229,43.66
2026-08-05T08:45,2026-08-05,8,18,1074.678,486.865,44.161
2026-08-05T08:50,2026-08-05,8,18,1118.578,508.871,44.657
2026-08-05T08:55,2026-08-05,8,18,1190.853,543.032,45.146
2026-08-05T09:00,2026-08-05,9,19,1208.108,552.188,45.628
2026-08-05T09:05,2026-08-05,9,19,1245.707,562.868,46.104
2026-08-05T09:10,2026-08-05,9,19,1272.872,587.066,46.571
2026-08-05T09:15,2026-08-05,9,19,1097.18,504.309,47.031
2026-08-05T09:20,2026-08-05,9,19,1259.754,585.707,47.483
2026-08-05T09:25,2026-08-05,9,19,1207.525,557.327,47.926
2026-08-05T09:30,2026-08-05,9,20,1307.559,598.238,48.361
2026-08-05T09:35,2026-08-05,9,20,1328.603,617.353,48.786
2026-08-05T09:40,2026-08-05,9,20,1229.709,566.539,49.202
2026-08-05T09:45,2026-08-05,9,20,1260.236,579.806,49.608
2026-08-05T09:50,2026-08-05,9,20,1274.49,589.394,50.004
2026-08-05T09:55,2026-08-05,9,20,1458.068,677.926,50.39
2026-08-05T10:00,2026-08-05,10,21,1436.058,671.401,50.764
2026-08-05T10:05,2026-08-05,10,21,1468.27,683.913,51.128
2026-08-05T10:10,2026-08-05,10,21,1487.908,695.794,51.481
2026-08-05T10:15,2026-08-05,10,21,1371.131,642.728,51.822
2026-08-05T10:20,2026-08-05,10,21,1496.683,700.132,52.152
2026-08-05T10:25,2026-08-05,10,21,1492.512,697.63,52.47
2026-08-05T10:30,2026-08-05,10,22,1406.588,659.796,52.775
2026-08-05T10:35,2026-08-05,10,22,1526.394,714.45,53.068
2026-08-05T10:40,2026-08-05,10,22,1522.079,719.219,53.348
2026-08-05T10:45,2026-08-05,10,22,1449.932,679.455,53.616
2026-08-05T10:50,2026-08-05,10,22,1579.359,745.327,53.87
2026-08-05T10:55,2026-08-05,10,22,1495.974,698.111,54.111
2026-08-05T11:00,2026-08-05,11,23,1519.882,718.965,54.338
2026-08-05T11:05,2026-08-05,11,23,1521.68,721.696,54.552
2026-08-05T11:10,2026-08-05,11,23,1547.279,733.238,54.753
2026-08-05T11:15,2026-08-05,11,23,1478.148,701.204,54.939
2026-08-05T11:20,2026-08-05,11,23,1487.842,715.31,55.111
2026-08-05T11:25,2026-08-05,11,23,1592.248,762.287,55.269
2026-08-05T11:30,2026-08-05,11,24,1544.399,741.092,55.413
2026-08-05T11:35,2026-08-05,11,24,1514.054,722.142,55.542
2026-08-05T11:40,2026-08-05,11,24,1449.298,697.408,55.656
2026-08-05T11:45,2026-08-05,11,24,1478.98,704.939,55.756
2026-08-05T11:50,2026-08-05,11,24,1512.461,728.302,55.841
2026-08-05T11:55,2026-08-05,11,24,1836.201,867.959,55.912
2026-08-05T12:00,2026-08-05,12,25,1724.877,823.699,55.967
2026-08-05T12:05,2026-08-05,12,25,1824.796,864.458,56.008
2026-08-05T12:10,2026-08-05,12,25,1707.195,812.267,56.033
2026-08-05T12:15,2026-08-05,12,25,1812.396,863.018,56.044
2026-08-05T12:20,2026-08-05,12,25,1859.687,888.777,56.04
2026-08-05T12:25,2026-08-05,12,25,1787.238,857.815,56.02
2026-08-05T12:30,2026-08-05,12,26,1728.021,831.14,55.986
2026-08-05T12:35,2026-08-05,12,26,1697.726,816.405,55.936
2026-08-05T12:40,2026-08-05,12,26,1673.893,803.381,55.872
2026-08-05T12:45,2026-08-05,12,26,1697.096,793.465,55.792
2026-08-05T12:50,2026-08-05,12,26,1530.013,729.512,55.698
2026-08-05T12:55,2026-08-05,12,26,1623.119,766.676,55.589
2026-08-05T13:00,2026-08-05,13,27,1571.034,743.053,55.464
2026-08-05T13:05,2026-08-05,13,27,1638.443,781.415,55.326
2026-08-05T13:10,2026-08-05,13,27,1656.571,781.739,55.172
2026-08-05T13:15,2026-08-05,13,27,1513.247,709.595,55.004
2026-08-05T13:20,2026-08-05,13,27,1518.464,726.558,54.822
2026-08-05T13:25,2026-08-05,13,27,1518.539,709.261,54.626
2026-08-05T13:30,2026-08-05,13,28,1390.015,657.762,54.415
2026-08-05T13:35,2026-08-05,13,28,1391.022,660.818,54.19
2026-08-05T13:40,2026-08-05,13,28,1387.743,657.054,53.951
2026-08-05T13:45,2026-08-05,13,28,1469.147,684.817,53.699
2026-08-05T13:50,2026-08-05,13,28,1302.16,616.761,53.433
2026-08-05T13:55,2026-08-05,13,28,1268.724,603.118,53.153
2026-08-05T14:00,2026-08-05,14,29,1348.539,634.733,52.861
2026-08-05T14:05,2026-08-05,14,29,1282.432,601.955,52.557
2026-08-05T14:10,2026-08-05,14,29,1410.222,659.549,52.242
2026-08-05T14:15,2026-08-05,14,29,1310.29,612.347,51.917
2026-08-05T14:20,2026-08-05,14,29,1413.745,655.65,51.583
2026-08-05T14:25,2026-08-05,14,29,1322.919,619.704,51.239
2026-08-05T14:30,2026-08-05,14,30,1222.697,573.86,50.885
2026-08-05T14:35,2026-08-05,14,30,1324.794,608.248,50.523
2026-08-05T14:40,2026-08-05,14,30,1242.827,570.868,50.151
2026-08-05T14:45,2026-08-05,14,30,1192.761,552.129,49.771
2026-08-05T14:50,2026-08-05,14,30,1069.47,495.384,49.382
2026-08-05T14:55,2026-08-05,14,30,1042.644,484.859,48.986
2026-08-05T15:00,2026-08-05,15,31,975.472,448.743,48.581
2026-08-05T15:05,2026-08-05,15,31,1010.168,465.375,48.169
2026-08-05T15:10,2026-08-05,15,31,934.217,424.91,47.75
2026-08-05T15:15,2026-08-05,15,31,930.585,428.031,47.324
2026-08-05T15:20,2026-08-05,15,31,900.099,414.767,46.892
2026-08-05T15:25,2026-08-05,15,31,910.281,414.134,46.453
2026-08-05T15:30,2026-08-05,15,32,848.187,386.146,46.008
2026-08-05T15:35,2026-08-05,15,32,870.483,398.214,45.558
2026-08-05T15:40,2026-08-05,15,32,872.182,396.232,45.102
2026-08-05T15:45,2026-08-05,15,32,808.863,367.429,44.642
2026-08-05T15:50,2026-08-05,15,32,805.412,363.455,44.177
2026-08-05T15:55,2026-08-05,15,32,811.181,369.119,43.708
2026-08-05T16:00,2026-08-05,16,33,743.091,333.943,43.235
2026-08-05T16:05,2026-08-05,16,33,700.349,316.258,42.758
2026-08-05T16:10,2026-08-05,16,33,672.676,301.544,42.279
2026-08-05T16:15,2026-08-05,16,33,641.057,288.236,41.797
2026-08-05T16:20,2026-08-05,16,33,584.079,261.297,41.312
2026-08-05T16:25,2026-08-05,16,33,571.56,254.766,40.826
2026-08-05T16:30,2026-08-05,16,34,494.196,220.185,40.339
2026-08-05T16:35,2026-08-05,16,34,509.999,226.788,39.851
2026-08-05T16:40,2026-08-05,16,34,476.883,212.857,39.362
2026-08-05T16:45,2026-08-05,16,34,442.309,194.912,38.873
2026-08-05T16:50,2026-08-05,16,34,396.668,175.78,38.385
2026-08-05T16:55,2026-08-05,16,34,394.131,174.746,37.897
2026-08-05T17:00,2026-08-05,17,35,374.854,164.12,37.412
2026-08-05T17:05,2026-08-05,17,35,314.557,138.324,36.928
2026-08-05T17:10,2026-08-05,17,35,301.221,131.902,36.447
2026-08-05T17:15,2026-08-05,17,35,291.418,128.072,35.969
2026-08-05T17:20,2026-08-05,17,35,255.778,111.789,35.496
2026-08-05T17:25,2026-08-05,17,35,215.402,93.478,35.027
2026-08-05T17:30,2026-08-05,17,36,230.349,100.587,34.564
2026-08-05T17:35,2026-08-05,17,36,201.691,88.788,34.107
2026-08-05T17:40,2026-08-05,17,36,188.17,81.619,33.657
2026-08-05T17:45,2026-08-05,17,36,156.69,67.453,33.216
2026-08-05T17:50,2026-08-05,17,36,125.185,54.327,32.784
2026-08-05T17:55,2026-08-05,17,36,108.753,46.928,32.364
2026-08-05T18:00,2026-08-05,18,37,88.066,38.183,31.956
2026-08-05T18:05,2026-08-05,18,37,65.115,27.847,31.565
2026-08-05T18:10,2026-08-05,18,37,47.548,20.49,31.192
2026-08-05T18:15,2026-08-05,18,37,28.531,12.146,30.843
2026-08-05T18:20,2026-08-05,18,37,12.241,5.304,30.528
2026-08-05T18:25,2026-08-05,18,37,0.0,0.0,30.282
2026-08-05T18:30,2026-08-05,18,38,0.0,0.0,30.219
2026-08-05T18:35,2026-08-05,18,38,0.0,0.0,30.155
2026-08-05T18:40,2026-08-05,18,38,0.0,0.0,30.091
2026-08-05T18:45,2026-08-05,18,38,0.0,0.0,30.025
2026-08-05T18:50,2026-08-05,18,38,0.0,0.0,29.959
2026-08-05T18:55,2026-08-05,18,38,0.0,0.0,29.892
2026-08-05T19:00,2026-08-05,19,39,0.0,0.0,29.824
2026-08-05T19:05,2026-08-05,19,39,0.0,0.0,29.756
2026-08-05T19:10,2026-08-05,19,39,0.0,0.0,29.687
2026-08-05T19:15,2026-08-05,19,39,0.0,0.0,29.617
2026-08-05T19:20,2026-08-05,19,39,0.0,0.0,29.547
2026-08-05T19:25,2026-08-05,19,39,0.0,0.0,29.476
2026-08-05T19:30,2026-08-05,19,40,0.0,0.0,29.404
2026-08-05T19:35,2026-08-05,19,40,0.0,0.0,29.332
2026-08-05T19:40,2026-08-05,19,40,0.0,0.0,29.26
2026-08-05T19:45,2026-08-05,19,40,0.0,0.0,29.187
2026-08-05T19:50,2026-08-05,19,40,0.0,0.0,29.113
2026-08-05T19:55,2026-08-05,19,40,0.0,0.0,29.039
2026-08-05T20:00,2026-08-05,20,41,0.0,0.0,28.965
2026-08-05T20:05,2026-08-05,20,41,0.0,0.0,28.89
2026-08-05T20:10,2026-08-05,20,41,0.0,0.0,28.815
2026-08-05T20:15,2026-08-05,20,41,0.0,0.0,28.739
2026-08-05T20:20,2026-08-05,20,41,0.0,0.0,28.663
2026-08-05T20:25,2026-08-05,20,41,0.0,0.0,28.586
2026-08-05T20:30,2026-08-05,20,42,0.0,0.0,28.51
2026-08-05T20:35,2026-08-05,20,42,0.0,0.0,28.433
2026-08-05T20:40,2026-08-05,20,42,0.0,0.0,28.356
2026-08-05T20:45,2026-08-05,20,42,0.0,0.0,28.278
2026-08-05T20:50,2026-08-05,20,42,0.0,0.0,28.2
2026-08-05T20:55,2026-08-05,20,42,0.0,0.0,28.123
2026-08-05T21:00,2026-08-05,21,43,0.0,0.0,28.045
2026-08-05T21:05,2026-08-05,21,43,0.0,0.0,27.966
2026-08-05T21:10,2026-08-05,21,43,0.0,0.0,27.888
2026-08-05T21:15,2026-08-05,21,43,0.0,0.0,27.81
2026-08-05T21:20,2026-08-05,21,43,0.0,0.0,27.731
2026-08-05T21:25,2026-08-05,21,43,0.0,0.0,27.653
2026-08-05T21:30,2026-08-05,21,44,0.0,0.0,27.574
2026-08-05T21:35,2026-08-05,21,44,0.0,0.0,27.496
2026-08-05T21:40,2026-08-05,21,44,0.0,0.0,27.417
2026-08-05T21:45,2026-08-05,21,44,0.0,0.0,27.339
2026-08-05T21:50,2026-08-05,21,44,0.0,0.0,27.26
2026-08-05T21:55,2026-08-05,21,44,0.0,0.0,27.182
2026-08-05T22:00,2026-08-05,22,45,0.0,0.0,27.104
2026-08-05T22:05,2026-08-05,22,45,0.0,0.0,27.026
2026-08-05T22:10,2026-08-05,22,45,0.0,0.0,26.948
2026-08-05T22:15,2026-08-05,22,45,0.0,0.0,26.87
2026-08-05T22:20,2026-08-05,22,45,0.0,0.0,26.793
2026-08-05T22:25,2026-08-05,22,45,0.0,0.0,26.716
2026-08-05T22:30,2026-08-05,22,46,0.0,0.0,26.639
2026-08-05T22:35,2026-08-05,22,46,0.0,0.0,26.562
2026-08-05T22:40,2026-08-05,22,46,0.0,0.0,26.486
2026-08-05T22:45,2026-08-05,22,46,0.0,0.0,26.409
2026-08-05T22:50,2026-08-05,22,46,0.0,0.0,26.334
2026-08-05T22:55,2026-08-05,22,46,0.0,0.0,26.258
2026-08-05T23:00,2026-08-05,23,47,0.0,0.0,26.184
2026-08-05T23:05,2026-08-05,23,47,0.0,0.0,26.109
2026-08-05T23:10,2026-08-05,23,47,0.0,0.0,26.035
2026-08-05T23:15,2026-08-05,23,47,0.0,0.0,25.962
2026-08-05T23:20,2026-08-05,23,47,0.0,0.0,25.888
2026-08-05T23:25,2026-08-05,23,47,0.0,0.0,25.816
2026-08-05T23:30,2026-08-05,23,48,0.0,0.0,25.744
2026-08-05T23:35,2026-08-05,23,48,0.0,0.0,25.672
2026-08-05T23:40,2026-08-05,23,48,0.0,0.0,25.601
2026-08-05T23:45,2026-08-05,23,48,0.0,0.0,25.531
2026-08-05T23:50,2026-08-05,23,48,0.0,0.0,25.462
2026-08-05T23:55,2026-08-05,23,48,0.0,0.0,25.393
2026-08-06T00:00,2026-08-06,0,1,0.0,0.0,25.324
2026-08-06T00:05,2026-08-06,0,1,0.0,0.0,25.256
2026-08-06T00:10,2026-08-06,0,1,0.0,0.0,25.19
2026-08-06T00:15,2026-08-06,0,1,0.0,0.0,25.123
2026-08-06T00:20,2026-08-06,0,1,0.0,0.0,25.058
2026-08-06T00:25,2026-08-06,0,1,0.0,0.0,24.993
2026-08-06T00:30,2026-08-06,0,2,0.0,0.0,24.929
2026-08-06T00:35,2026-08-06,0,2,0.0,0.0,24.866
2026-08-06T00:40,2026-08-06,0,2,0.0,0.0,24.804
2026-08-06T00:45,2026-08-06,0,2,0.0,0.0,24.742
2026-08-06T00:50,2026-08-06,0,2,0.0,0.0,24.682
2026-08-06T00:55,2026-08-06,0,2,0.0,0.0,24.622
2026-08-06T01:00,2026-08-06,1,3,0.0,0.0,24.563
2026-08-06T01:05,2026-08-06,1,3,0.0,0.0,24.505
2026-08-06T01:10,2026-08-06,1,3,0.0,0.0,24.448
2026-08-06T01:15,2026-08-06,1,3,0.0,0.0,24.392
2026-08-06T01:20,2026-08-06,1,3,0.0,0.0,24.337
2026-08-06T01:25,2026-08-06,1,3,0.0,0.0,24.283
2026-08-06T01:30,2026-08-06,1,4,0.0,0.0,24.23
2026-08-06T01:35,2026-08-06,1,4,0.0,0.0,24.178
2026-08-06T01:40,2026-08-06,1,4,0.0,0.0,24.127
2026-08-06T01:45,2026-08-06,1,4,0.0,0.0,24.077
2026-08-06T01:50,2026-08-06,1,4,0.0,0.0,24.028
2026-08-06T01:55,2026-08-06,1,4,0.0,0.0,23.98
2026-08-06T02:00,2026-08-06,2,5,0.0,0.0,23.934
2026-08-06T02:05,2026-08-06,2,5,0.0,0.0,23.888
2026-08-06T02:10,2026-08-06,2,5,0.0,0.0,23.843
2026-08-06T02:15,2026-08-06,2,5,0.0,0.0,23.8
2026-08-06T02:20,2026-08-06,2,5,0.0,0.0,23.758
2026-08-06T02:25,2026-08-06,2,5,0.0,0.0,23.717
2026-08-06T02:30,2026-08-06,2,6,0.0,0.0,23.677
2026-08-06T02:35,2026-08-06,2,6,0.0,0.0,23.638
2026-08-06T02:40,2026-08-06,2,6,0.0,0.0,23.601
2026-08-06T02:45,2026-08-06,2,6,0.0,0.0,23.565
2026-08-06T02:50,2026-08-06,2,6,0.0,0.0,23.53
2026-08-06T02:55,2026-08-06,2,6,0.0,0.0,23.496
2026-08-06T03:00,2026-08-06,3,7,0.0,0.0,23.463
2026-08-06T03:05,2026-08-06,3,7,0.0,0.0,23.432
2026-08-06T03:10,2026-08-06,3,7,0.0,0.0,23.402
2026-08-06T03:15,2026-08-06,3,7,0.0,0.0,23.373
2026-08-06T03:20,2026-08-06,3,7,0.0,0.0,23.346
2026-08-06T03:25,2026-08-06,3,7,0.0,0.0,23.319
2026-08-06T03:30,2026-08-06,3,8,0.0,0.0,23.294
2026-08-06T03:35,2026-08-06,3,8,0.0,0.0,23.271
2026-08-06T03:40,2026-08-06,3,8,0.0,0.0,23.248
2026-08-06T03:45,2026-08-06,3,8,0.0,0.0,23.227
2026-08-06T03:50,2026-08-06,3,8,0.0,0.0,23.208
2026-08-06T03:55,2026-08-06,3,8,0.0,0.0,23.189
2026-08-06T04:00,2026-08-06,4,9,0.0,0.0,23.173
2026-08-06T04:05,2026-08-06,4,9,0.0,0.0,23.157
2026-08-06T04:10,2026-08-06,4,9,0.0,0.0,23.143
2026-08-06T04:15,2026-08-06,4,9,0.0,0.0,23.13
2026-08-06T04:20,2026-08-06,4,9,0.0,0.0,23.118
2026-08-06T04:25,2026-08-06,4,9,0.0,0.0,23.108
2026-08-06T04:30,2026-08-06,4,10,0.0,0.0,23.099
2026-08-06T04:35,2026-08-06,4,10,0.0,0.0,23.091
2026-08-06T04:40,2026-08-06,4,10,0.0,0.0,23.085
2026-08-06T04:45,2026-08-06,4,10,0.0,0.0,23.08
2026-08-06T04:50,2026-08-06,4,10,0.0,0.0,23.077
2026-08-06T04:55,2026-08-06,4,10,0.0,0.0,23.075
2026-08-06T05:00,2026-08-06,5,11,0.0,0.0,25.6
2026-08-06T05:05,2026-08-06,5,11,0.0,0.0,25.602
2026-08-06T05:10,2026-08-06,5,11,16.123,6.813,25.791
2026-08-06T05:15,2026-08-06,5,11,38.679,16.357,26.054
2026-08-06T05:20,2026-08-06,5,11,63.285,26.898,26.355
2026-08-06T05:25,2026-08-06,5,11,94.916,39.903,26.686
2026-08-06T05:30,2026-08-06,5,12,117.799,49.801,27.039
2026-08-06T05:35,2026-08-06,5,12,152.495,65.081,27.413
2026-08-06T05:40,2026-08-06,5,12,173.136,74.377,27.805
2026-08-06T05:45,2026-08-06,5,12,207.769,87.936,28.213
2026-08-06T05:50,2026-08-06,5,12,245.041,104.495,28.635
2026-08-06T05:55,2026-08-06,5,12,284.184,122.158,29.07
2026-08-06T06:00,2026-08-06,6,13,313.191,133.553,29.517
2026-08-06T06:05,2026-08-06,6,13,354.351,153.061,29.975
2026-08-06T06:10,2026-08-06,6,13,400.815,171.464,30.443
2026-08-06T06:15,2026-08-06,6,13,424.598,182.732,30.92
2026-08-06T06:20,2026-08-06,6,13,458.732,194.364,31.405
2026-08-06T06:25,2026-08-06,6,13,481.961,207.184,31.899
2026-08-06T06:30,2026-08-06,6,14,522.575,224.907,32.4
2026-08-06T06:35,2026-08-06,6,14,560.073,240.867,32.907
2026-08-06T06:40,2026-08-06,6,14,598.721,257.569,33.42
2026-08-06T06:45,2026-08-06,6,14,628.603,271.937,33.939
2026-08-06T06:50,2026-08-06,6,14,681.938,296.785,34.462
2026-08-06T06:55,2026-08-06,6,14,684.209,300.025,34.989
2026-08-06T07:00,2026-08-06,7,15,716.676,313.257,35.52
2026-08-06T07:05,2026-08-06,7,15,734.033,322.028,36.055
2026-08-06T07:10,2026-08-06,7,15,790.212,348.503,36.592
2026-08-06T07:15,2026-08-06,7,15,848.732,371.841,37.131
2026-08-06T07:20,2026-08-06,7,15,872.171,384.409,37.672
2026-08-06T07:25,2026-08-06,7,15,910.974,401.449,38.214
2026-08-06T07:30,2026-08-06,7,16,940.858,417.411,38.757
2026-08-06T07:35,2026-08-06,7,16,966.474,427.893,39.3
2026-08-06T07:40,2026-08-06,7,16,964.851,430.841,39.843
2026-08-06T07:45,2026-08-06,7,16,1017.009,453.204,40.385
2026-08-06T07:50,2026-08-06,7,16,1095.515,491.276,40.927
2026-08-06T07:55,2026-08-06,7,16,1112.059,497.318,41.467
2026-08-06T08:00,2026-08-06,8,17,1087.312,490.426,42.004
2026-08-06T08:05,2026-08-06,8,17,1160.85,521.907,42.54
2026-08-06T08:10,2026-08-06,8,17,1212.926,545.544,43.072
2026-08-06T08:15,2026-08-06,8,17,1221.446,556.692,43.602
2026-08-06T08:20,2026-08-06,8,17,1268.706,579.417,44.127
2026-08-06T08:25,2026-08-06,8,17,1311.517,587.932,44.649
2026-08-06T08:30,2026-08-06,8,18,1360.74,613.54,45.166
2026-08-06T08:35,2026-08-06,8,18,1387.218,632.223,45.679
2026-08-06T08:40,2026-08-06,8,18,1491.468,670.315,46.186
2026-08-06T08:45,2026-08-06,8,18,1498.593,688.323,46.687
2026-08-06T08:50,2026-08-06,8,18,1502.075,688.465,47.183
2026-08-06T08:55,2026-08-06,8,18,1526.578,704.444,47.672
2026-08-06T09:00,2026-08-06,9,19,1540.906,714.074,48.154
2026-08-06T09:05,2026-08-06,9,19,1556.478,716.228,48.63
2026-08-06T09:10,2026-08-06,9,19,1598.915,742.068,49.097
2026-08-06T09:15,2026-08-06,9,19,1593.047,743.099,49.557
2026-08-06T09:20,2026-08-06,9,19,1616.209,746.77,50.009
2026-08-06T09:25,2026-08-06,9,19,1607.348,745.034,50.452
2026-08-06T09:30,2026-08-06,9,20,1620.585,761.064,50.887
2026-08-06T09:35,2026-08-06,9,20,1657.151,774.455,51.312
2026-08-06T09:40,2026-08-06,9,20,1664.468,772.65,51.728
2026-08-06T09:45,2026-08-06,9,20,1635.286,764.97,52.134
2026-08-06T09:50,2026-08-06,9,20,1681.14,787.052,52.53
2026-08-06T09:55,2026-08-06,9,20,1680.351,794.515,52.915
2026-08-06T10:00,2026-08-06,10,21,1700.314,796.966,53.29
2026-08-06T10:05,2026-08-06,10,21,1700.873,797.808,53.654
2026-08-06T10:10,2026-08-06,10,21,1699.613,803.548,54.007
2026-08-06T10:15,2026-08-06,10,21,1680.559,795.016,54.348
2026-08-06T10:20,2026-08-06,10,21,1700.341,798.632,54.678
2026-08-06T10:25,2026-08-06,10,21,1818.129,856.449,54.995
2026-08-06T10:30,2026-08-06,10,22,1788.919,847.643,55.301
2026-08-06T10:35,2026-08-06,10,22,1818.554,862.737,55.594
2026-08-06T10:40,2026-08-06,10,22,1824.421,860.065,55.874
2026-08-06T10:45,2026-08-06,10,22,1869.062,885.753,56.141
2026-08-06T10:50,2026-08-06,10,22,1869.546,899.174,56.396
2026-08-06T10:55,2026-08-06,10,22,1904.252,908.82,56.637
2026-08-06T11:00,2026-08-06,11,23,1943.257,926.526,56.864
2026-08-06T11:05,2026-08-06,11,23,1918.442,915.894,57.078
2026-08-06T11:10,2026-08-06,11,23,1877.831,903.267,57.278
2026-08-06T11:15,2026-08-06,11,23,1965.913,940.994,57.465
2026-08-06T11:20,2026-08-06,11,23,1916.629,915.982,57.637
2026-08-06T11:25,2026-08-06,11,23,1907.073,913.671,57.795
2026-08-06T11:30,2026-08-06,11,24,1993.238,939.87,57.938
2026-08-06T11:35,2026-08-06,11,24,1985.393,947.078,58.067
2026-08-06T11:40,2026-08-06,11,24,1962.948,952.405,58.182
2026-08-06T11:45,2026-08-06,11,24,1984.582,955.837,58.282
2026-08-06T11:50,2026-08-06,11,24,1991.688,956.704,58.367
2026-08-06T11:55,2026-08-06,11,24,1987.551,953.776,58.438
2026-08-06T12:00,2026-08-06,12,25,1980.372,961.412,58.493
2026-08-06T12:05,2026-08-06,12,25,1947.84,940.586,58.534
2026-08-06T12:10,2026-08-06,12,25,2017.825,972.692,58.559
2026-08-06T12:15,2026-08-06,12,25,2032.845,978.126,58.57
2026-08-06T12:20,2026-08-06,12,25,2066.144,988.226,58.565
2026-08-06T12:25,2026-08-06,12,25,1922.42,925.256,58.546
2026-08-06T12:30,2026-08-06,12,26,2027.741,972.331,58.511
2026-08-06T12:35,2026-08-06,12,26,2005.319,969.554,58.462
2026-08-06T12:40,2026-08-06,12,26,1927.928,932.875,58.397
2026-08-06T12:45,2026-08-06,12,26,1915.939,923.638,58.318
2026-08-06T12:50,2026-08-06,12,26,1852.191,895.949,58.224
2026-08-06T12:55,2026-08-06,12,26,1840.812,876.037,58.114
2026-08-06T13:00,2026-08-06,13,27,1818.379,862.937,57.99
2026-08-06T13:05,2026-08-06,13,27,1743.774,837.616,57.852
2026-08-06T13:10,2026-08-06,13,27,1721.61,822.458,57.698
2026-08-06T13:15,2026-08-06,13,27,1719.599,830.128,57.53
2026-08-06T13:20,2026-08-06,13,27,1705.69,815.103,57.348
2026-08-06T13:25,2026-08-06,13,27,1712.017,817.99,57.151
2026-08-06T13:30,2026-08-06,13,28,1692.44,813.149,56.941
2026-08-06T13:35,2026-08-06,13,28,1682.229,800.767,56.716
2026-08-06T13:40,2026-08-06,13,28,1665.052,794.195,56.477
2026-08-06T13:45,2026-08-06,13,28,1647.289,791.902,56.225
2026-08-06T13:50,2026-08-06,13,28,1673.879,797.774,55.959
2026-08-06T13:55,2026-08-06,13,28,1687.345,799.713,55.679
2026-08-06T14:00,2026-08-06,14,29,1653.036,787.828,55.387
2026-08-06T14:05,2026-08-06,14,29,1566.707,741.73,55.082
2026-08-06T14:10,2026-08-06,14,29,1547.346,731.803,54.768
2026-08-06T14:15,2026-08-06,14,29,1511.278,705.775,54.443
2026-08-06T14:20,2026-08-06,14,29,1468.323,699.803,54.109
2026-08-06T14:25,2026-08-06,14,29,1488.018,705.549,53.765
2026-08-06T14:30,2026-08-06,14,30,1539.154,723.511,53.411
2026-08-06T14:35,2026-08-06,14,30,1492.897,691.248,53.048
2026-08-06T14:40,2026-08-06,14,30,1415.765,663.017,52.677
2026-08-06T14:45,2026-08-06,14,30,1404.734,660.067,52.297
2026-08-06T14:50,2026-08-06,14,30,1385.102,652.949,51.908
2026-08-06T14:55,2026-08-06,14,30,1360.645,632.735,51.511
2026-08-06T15:00,2026-08-06,15,31,1342.114,621.926,51.107
2026-08-06T15:05,2026-08-06,15,31,1296.73,601.365,50.695
2026-08-06T15:10,2026-08-06,15,31,1302.934,606.056,50.276
2026-08-06T15:15,2026-08-06,15,31,1276.477,595.59,49.85
2026-08-06T15:20,2026-08-06,15,31,1217.483,573.096,49.418
2026-08-06T15:25,2026-08-06,15,31,1183.492,544.819,48.979
2026-08-06T15:30,2026-08-06,15,32,1140.867,522.991,48.534
2026-08-06T15:35,2026-08-06,15,32,1111.338,513.203,48.084
2026-08-06T15:40,2026-08-06,15,32,1076.352,493.46,47.628
2026-08-06T15:45,2026-08-06,15,32,1032.553,478.019,47.168
2026-08-06T15:50,2026-08-06,15,32,1013.945,464.711,46.703
2026-08-06T15:55,2026-08-06,15,32,992.054,451.244,46.234
2026-08-06T16:00,2026-08-06,16,33,963.18,441.407,45.761
2026-08-06T16:05,2026-08-06,16,33,939.768,425.531,45.284
2026-08-06T16:10,2026-08-06,16,33,918.527,413.244,44.805
2026-08-06T16:15,2026-08-06,16,33,854.91,391.389,44.323
2026-08-06T16:20,2026-08-06,16,33,847.827,381.456,43.838
2026-08-06T16:25,2026-08-06,16,33,786.392,354.434,43.352
2026-08-06T16:30,2026-08-06,16,34,727.915,330.085,42.865
2026-08-06T16:35,2026-08-06,16,34,695.598,315.642,42.376
2026-08-06T16:40,2026-08-06,16,34,680.112,306.767,41.888
2026-08-06T16:45,2026-08-06,16,34,619.588,277.829,41.399
2026-08-06T16:50,2026-08-06,16,34,609.048,271.188,40.91
2026-08-06T16:55,2026-08-06,16,34,534.886,242.061,40.423
2026-08-06T17:00,2026-08-06,17,35,520.193,230.446,39.937
2026-08-06T17:05,2026-08-06,17,35,473.701,209.413,39.454
2026-08-06T17:10,2026-08-06,17,35,445.912,198.238,38.973
2026-08-06T17:15,2026-08-06,17,35,417.534,185.557,38.495
2026-08-06T17:20,2026-08-06,17,35,387.984,171.588,38.022
2026-08-06T17:25,2026-08-06,17,35,344.786,152.219,37.553
2026-08-06T17:30,2026-08-06,17,36,315.185,139.087,37.09
2026-08-06T17:35,2026-08-06,17,36,285.322,124.616,36.633
2026-08-06T17:40,2026-08-06,17,36,241.689,106.241,36.183
2026-08-06T17:45,2026-08-06,17,36,214.041,93.516,35.742
2026-08-06T17:50,2026-08-06,17,36,179.362,78.913,35.31
2026-08-06T17:55,2026-08-06,17,36,142.976,62.416,34.89
2026-08-06T18:00,2026-08-06,18,37,114.054,50.064,34.482
2026-08-06T18:05,2026-08-06,18,37,88.222,38.474,34.09
2026-08-06T18:10,2026-08-06,18,37,62.245,26.824,33.718
2026-08-06T18:15,2026-08-06,18,37,38.459,16.508,33.369
2026-08-06T18:20,2026-08-06,18,37,15.825,6.855,33.054
2026-08-06T18:25,2026-08-06,18,37,0.0,0.0,32.808
2026-08-06T18:30,2026-08-06,18,38,0.0,0.0,32.745
2026-08-06T18:35,2026-08-06,18,38,0.0,0.0,32.681
2026-08-06T18:40,2026-08-06,18,38,0.0,0.0,32.616
2026-08-06T18:45,2026-08-06,18,38,0.0,0.0,32.551
2026-08-06T18:50,2026-08-06,18,38,0.0,0.0,32.485
2026-08-06T18:55,2026-08-06,18,38,0.0,0.0,32.418
2026-08-06T19:00,2026-08-06,19,39,0.0,0.0,32.35
2026-08-06T19:05,2026-08-06,19,39,0.0,0.0,32.282
2026-08-06T19:10,2026-08-06,19,39,0.0,0.0,32.213
2026-08-06T19:15,2026-08-06,19,39,0.0,0.0,32.143
2026-08-06T19:20,2026-08-06,19,39,0.0,0.0,32.073
2026-08-06T19:25,2026-08-06,19,39,0.0,0.0,32.002
2026-08-06T19:30,2026-08-06,19,40,0.0,0.0,31.93
2026-08-06T19:35,2026-08-06,19,40,0.0,0.0,31.858
2026-08-06T19:40,2026-08-06,19,40,0.0,0.0,31.786
2026-08-06T19:45,2026-08-06,19,40,0.0,0.0,31.713
2026-08-06T19:50,2026-08-06,19,40,0.0,0.0,31.639
2026-08-06T19:55,2026-08-06,19,40,0.0,0.0,31.565
2026-08-06T20:00,2026-08-06,20,41,0.0,0.0,31.491
2026-08-06T20:05,2026-08-06,20,41,0.0,0.0,31.416
2026-08-06T20:10,2026-08-06,20,41,0.0,0.0,31.34
2026-08-06T20:15,2026-08-06,20,41,0.0,0.0,31.265
2026-08-06T20:20,2026-08-06,20,41,0.0,0.0,31.189
2026-08-06T20:25,2026-08-06,20,41,0.0,0.0,31.112
2026-08-06T20:30,2026-08-06,20,42,0.0,0.0,31.036
2026-08-06T20:35,2026-08-06,20,42,0.0,0.0,30.959
2026-08-06T20:40,2026-08-06,20,42,0.0,0.0,30.881
2026-08-06T20:45,2026-08-06,20,42,0.0,0.0,30.804
2026-08-06T20:50,2026-08-06,20,42,0.0,0.0,30.726
2026-08-06T20:55,2026-08-06,20,42,0.0,0.0,30.648
2026-08-06T21:00,2026-08-06,21,43,0.0,0.0,30.57
2026-08-06T21:05,2026-08-06,21,43,0.0,0.0,30.492
2026-08-06T21:10,2026-08-06,21,43,0.0,0.0,30.414
2026-08-06T21:15,2026-08-06,21,43,0.0,0.0,30.336
2026-08-06T21:20,2026-08-06,21,43,0.0,0.0,30.257
2026-08-06T21:25,2026-08-06,21,43,0.0,0.0,30.179
2026-08-06T21:30,2026-08-06,21,44,0.0,0.0,30.1
2026-08-06T21:35,2026-08-06,21,44,0.0,0.0,30.021
2026-08-06T21:40,2026-08-06,21,44,0.0,0.0,29.943
2026-08-06T21:45,2026-08-06,21,44,0.0,0.0,29.864
2026-08-06T21:50,2026-08-06,21,44,0.0,0.0,29.786
2026-08-06T21:55,2026-08-06,21,44,0.0,0.0,29.708
2026-08-06T22:00,2026-08-06,22,45,0.0,0.0,29.63
2026-08-06T22:05,2026-08-06,22,45,0.0,0.0,29.552
2026-08-06T22:10,2026-08-06,22,45,0.0,0.0,29.474
2026-08-06T22:15,2026-08-06,22,45,0.0,0.0,29.396
2026-08-06T22:20,2026-08-06,22,45,0.0,0.0,29.319
2026-08-06T22:25,2026-08-06,22,45,0.0,0.0,29.241
2026-08-06T22:30,2026-08-06,22,46,0.0,0.0,29.164
2026-08-06T22:35,2026-08-06,22,46,0.0,0.0,29.088
2026-08-06T22:40,2026-08-06,22,46,0.0,0.0,29.011
2026-08-06T22:45,2026-08-06,22,46,0.0,0.0,28.935
2026-08-06T22:50,2026-08-06,22,46,0.0,0.0,28.86
2026-08-06T22:55,2026-08-06,22,46,0.0,0.0,28.784
2026-08-06T23:00,2026-08-06,23,47,0.0,0.0,28.709
2026-08-06T23:05,2026-08-06,23,47,0.0,0.0,28.635
2026-08-06T23:10,2026-08-06,23,47,0.0,0.0,28.561
2026-08-06T23:15,2026-08-06,23,47,0.0,0.0,28.487
2026-08-06T23:20,2026-08-06,23,47,0.0,0.0,28.414
2026-08-06T23:25,2026-08-06,23,47,0.0,0.0,28.342
2026-08-06T23:30,2026-08-06,23,48,0.0,0.0,28.27
2026-08-06T23:35,2026-08-06,23,48,0.0,0.0,28.198
2026-08-06T23:40,2026-08-06,23,48,0.0,0.0,28.127
2026-08-06T23:45,2026-08-06,23,48,0.0,0.0,28.057
2026-08-06T23:50,2026-08-06,23,48,0.0,0.0,27.987
2026-08-06T23:55,2026-08-06,23,48,0.0,0.0,27.918
2026-08-07T00:00,2026-08-07,0,1,0.0,0.0,27.85
2026-08-07T00:05,2026-08-07,0,1,0.0,0.0,27.782
2026-08-07T00:10,2026-08-07,0,1,0.0,0.0,27.715
2026-08-07T00:15,2026-08-07,0,1,0.0,0.0,27.649
2026-08-07T00:20,2026-08-07,0,1,0.0,0.0,27.584
2026-08-07T00:25,2026-08-07,0,1,0.0,0.0,27.519
2026-08-07T00:30,2026-08-07,0,2,0.0,0.0,27.455
2026-08-07T00:35,2026-08-07,0,2,0.0,0.0,27.392
2026-08-07T00:40,2026-08-07,0,2,0.0,0.0,27.33
2026-08-07T00:45,2026-08-07,0,2,0.0,0.0,27.268
2026-08-07T00:50,2026-08-07,0,2,0.0,0.0,27.207
2026-08-07T00:55,2026-08-07,0,2,0.0,0.0,27.148
2026-08-07T01:00,2026-08-07,1,3,0.0,0.0,27.089
2026-08-07T01:05,2026-08-07,1,3,0.0,0.0,27.031
2026-08-07T01:10,2026-08-07,1,3,0.0,0.0,26.974
2026-08-07T01:15,2026-08-07,1,3,0.0,0.0,26.918
2026-08-07T01:20,2026-08-07,1,3,0.0,0.0,26.863
2026-08-07T01:25,2026-08-07,1,3,0.0,0.0,26.809
2026-08-07T01:30,2026-08-07,1,4,0.0,0.0,26.756
2026-08-07T01:35,2026-08-07,1,4,0.0,0.0,26.704
2026-08-07T01:40,2026-08-07,1,4,0.0,0.0,26.653
2026-08-07T01:45,2026-08-07,1,4,0.0,0.0,26.603
2026-08-07T01:50,2026-08-07,1,4,0.0,0.0,26.554
2026-08-07T01:55,2026-08-07,1,4,0.0,0.0,26.506
2026-08-07T02:00,2026-08-07,2,5,0.0,0.0,26.459
2026-08-07T02:05,2026-08-07,2,5,0.0,0.0,26.414
2026-08-07T02:10,2026-08-07,2,5,0.0,0.0,26.369
2026-08-07T02:15,2026-08-07,2,5,0.0,0.0,26.326
2026-08-07T02:20,2026-08-07,2,5,0.0,0.0,26.284
2026-08-07T02:25,2026-08-07,2,5,0.0,0.0,26.243
2026-08-07T02:30,2026-08-07,2,6,0.0,0.0,26.203
2026-08-07T02:35,2026-08-07,2,6,0.0,0.0,26.164
2026-08-07T02:40,2026-08-07,2,6,0.0,0.0,26.127
2026-08-07T02:45,2026-08-07,2,6,0.0,0.0,26.09
2026-08-07T02:50,2026-08-07,2,6,0.0,0.0,26.055
2026-08-07T02:55,2026-08-07,2,6,0.0,0.0,26.022
2026-08-07T03:00,2026-08-07,3,7,0.0,0.0,25.989
2026-08-07T03:05,2026-08-07,3,7,0.0,0.0,25.958
2026-08-07T03:10,2026-08-07,3,7,0.0,0.0,25.928
2026-08-07T03:15,2026-08-07,3,7,0.0,0.0,25.899
2026-08-07T03:20,2026-08-07,3,7,0.0,0.0,25.871
2026-08-07T03:25,2026-08-07,3,7,0.0,0.0,25.845
2026-08-07T03:30,2026-08-07,3,8,0.0,0.0,25.82
2026-08-07T03:35,2026-08-07,3,8,0.0,0.0,25.797
2026-08-07T03:40,2026-08-07,3,8,0.0,0.0,25.774
2026-08-07T03:45,2026-08-07,3,8,0.0,0.0,25.753
2026-08-07T03:50,2026-08-07,3,8,0.0,0.0,25.734
2026-08-07T03:55,2026-08-07,3,8,0.0,0.0,25.715
2026-08-07T04:00,2026-08-07,4,9,0.0,0.0,25.698
2026-08-07T04:05,2026-08-07,4,9,0.0,0.0,25.683
2026-08-07T04:10,2026-08-07,4,9,0.0,0.0,25.668
2026-08-07T04:15,2026-08-07,4,9,0.0,0.0,25.655
2026-08-07T04:20,2026-08-07,4,9,0.0,0.0,25.644
2026-08-07T04:25,2026-08-07,4,9,0.0,0.0,25.634
2026-08-07T04:30,2026-08-07,4,10,0.0,0.0,25.625
2026-08-07T04:35,2026-08-07,4,10,0.0,0.0,25.617
2026-08-07T04:40,2026-08-07,4,10,0.0,0.0,25.611
2026-08-07T04:45,2026-08-07,4,10,0.0,0.0,25.606
2026-08-07T04:50,2026-08-07,4,10,0.0,0.0,25.603
2026-08-07T04:55,2026-08-07,4,10,0.0,0.0,25.601
2026-08-07T05:00,2026-08-07,5,11,0.0,0.0,24.697
2026-08-07T05:05,2026-08-07,5,11,0.0,0.0,24.699
2026-08-07T05:10,2026-08-07,5,11,13.617,5.7,24.889
2026-08-07T05:15,2026-08-07,5,11,30.551,12.862,25.151
2026-08-07T05:20,2026-08-07,5,11,54.935,22.945,25.453
2026-08-07T05:25,2026-08-07,5,11,84.439,35.637,25.783
2026-08-07T05:30,2026-08-07,5,12,108.49,45.674,26.137
2026-08-07T05:35,2026-08-07,5,12,136.844,58.311,26.511
2026-08-07T05:40,2026-08-07,5,12,162.646,69.348,26.903
2026-08-07T05:45,2026-08-07,5,12,200.049,84.532,27.31
2026-08-07T05:50,2026-08-07,5,12,214.416,92.229,27.732
2026-08-07T05:55,2026-08-07,5,12,252.349,107.062,28.167
2026-08-07T06:00,2026-08-07,6,13,284.777,120.898,28.614
2026-08-07T06:05,2026-08-07,6,13,319.086,135.699,29.072
2026-08-07T06:10,2026-08-07,6,13,350.498,150.97,29.54
2026-08-07T06:15,2026-08-07,6,13,342.279,147.993,30.017
2026-08-07T06:20,2026-08-07,6,13,396.105,169.373,30.503
2026-08-07T06:25,2026-08-07,6,13,421.382,180.064,30.996
2026-08-07T06:30,2026-08-07,6,14,453.146,194.549,31.497
2026-08-07T06:35,2026-08-07,6,14,519.475,223.272,32.004
2026-08-07T06:40,2026-08-07,6,14,543.38,236.668,32.517
2026-08-07T06:45,2026-08-07,6,14,534.646,231.12,33.036
2026-08-07T06:50,2026-08-07,6,14,575.389,250.858,33.559
2026-08-07T06:55,2026-08-07,6,14,613.666,268.593,34.087
2026-08-07T07:00,2026-08-07,7,15,691.596,300.498,34.618
2026-08-07T07:05,2026-08-07,7,15,702.833,306.552,35.152
2026-08-07T07:10,2026-08-07,7,15,734.358,320.25,35.689
2026-08-07T07:15,2026-08-07,7,15,747.149,328.683,36.228
2026-08-07T07:20,2026-08-07,7,15,779.864,339.871,36.769
2026-08-07T07:25,2026-08-07,7,15,805.078,353.013,37.311
2026-08-07T07:30,2026-08-07,7,16,827.794,363.572,37.854
2026-08-07T07:35,2026-08-07,7,16,904.599,400.949,38.397
2026-08-07T07:40,2026-08-07,7,16,949.835,419.608,38.94
2026-08-07T07:45,2026-08-07,7,16,976.971,434.995,39.483
2026-08-07T07:50,2026-08-07,7,16,1010.507,449.332,40.024
2026-08-07T07:55,2026-08-07,7,16,1125.688,501.646,40.564
2026-08-07T08:00,2026-08-07,8,17,1015.837,456.789,41.102
2026-08-07T08:05,2026-08-07,8,17,1005.429,455.39,41.637
2026-08-07T08:10,2026-08-07,8,17,1112.021,498.072,42.17
2026-08-07T08:15,2026-08-07,8,17,1145.796,516.725,42.699
2026-08-07T08:20,2026-08-07,8,17,1163.502,523.206,43.225
2026-08-07T08:25,2026-08-07,8,17,1190.17,543.043,43.746
2026-08-07T08:30,2026-08-07,8,18,1230.328,562.404,44.264
2026-08-07T08:35,2026-08-07,8,18,1307.535,598.714,44.776
2026-08-07T08:40,2026-08-07,8,18,1340.953,612.985,45.283
2026-08-07T08:45,2026-08-07,8,18,1341.322,616.103,45.785
2026-08-07T08:50,2026-08-07,8,18,1374.981,627.718,46.28
2026-08-07T08:55,2026-08-07,8,18,1401.772,638.062,46.769
2026-08-07T09:00,2026-08-07,9,19,1491.311,684.959,47.252
2026-08-07T09:05,2026-08-07,9,19,1480.782,676.276,47.727
2026-08-07T09:10,2026-08-07,9,19,1450.026,667.004,48.195
2026-08-07T09:15,2026-08-07,9,19,1518.244,697.846,48.654
2026-08-07T09:20,2026-08-07,9,19,1474.772,693.102,49.106
2026-08-07T09:25,2026-08-07,9,19,1460.296,674.578,49.55
2026-08-07T09:30,2026-08-07,9,20,1517.238,704.648,49.984
2026-08-07T09:35,2026-08-07,9,20,1432.576,669.271,50.409
2026-08-07T09:40,2026-08-07,9,20,1473.284,687.222,50.825
2026-08-07T09:45,2026-08-07,9,20,1566.398,724.99,51.231
2026-08-07T09:50,2026-08-07,9,20,1568.502,736.079,51.627
2026-08-07T09:55,2026-08-07,9,20,1639.018,762.934,52.013
2026-08-07T10:00,2026-08-07,10,21,1590.765,749.715,52.388
2026-08-07T10:05,2026-08-07,10,21,1569.56,740.824,52.752
2026-08-07T10:10,2026-08-07,10,21,1666.56,790.888,53.104
2026-08-07T10:15,2026-08-07,10,21,1545.013,730.441,53.446
2026-08-07T10:20,2026-08-07,10,21,1644.958,773.815,53.775
2026-08-07T10:25,2026-08-07,10,21,1632.337,766.507,54.093
2026-08-07T10:30,2026-08-07,10,22,1585.155,754.885,54.398
2026-08-07T10:35,2026-08-07,10,22,1666.001,790.232,54.691
2026-08-07T10:40,2026-08-07,10,22,1644.738,772.761,54.971
2026-08-07T10:45,2026-08-07,10,22,1715.285,813.223,55.239
2026-08-07T10:50,2026-08-07,10,22,1645.783,784.532,55.493
2026-08-07T10:55,2026-08-07,10,22,1754.419,832.477,55.734
2026-08-07T11:00,2026-08-07,11,23,1780.38,849.757,55.962
2026-08-07T11:05,2026-08-07,11,23,1788.807,841.379,56.176
2026-08-07T11:10,2026-08-07,11,23,1740.406,835.619,56.376
2026-08-07T11:15,2026-08-07,11,23,1797.268,859.482,56.562
2026-08-07T11:20,2026-08-07,11,23,1864.835,891.102,56.734
2026-08-07T11:25,2026-08-07,11,23,1942.226,919.252,56.892
2026-08-07T11:30,2026-08-07,11,24,1866.789,894.105,57.036
2026-08-07T11:35,2026-08-07,11,24,1842.049,868.016,57.165
2026-08-07T11:40,2026-08-07,11,24,1796.983,866.013,57.279
2026-08-07T11:45,2026-08-07,11,24,1703.512,820.169,57.379
2026-08-07T11:50,2026-08-07,11,24,1732.73,826.163,57.464
2026-08-07T11:55,2026-08-07,11,24,1622.457,773.94,57.535
2026-08-07T12:00,2026-08-07,12,25,1607.055,769.39,57.59
2026-08-07T12:05,2026-08-07,12,25,1711.767,818.778,57.631
2026-08-07T12:10,2026-08-07,12,25,1639.591,786.007,57.656
2026-08-07T12:15,2026-08-07,12,25,1646.586,790.558,57.667
2026-08-07T12:20,2026-08-07,12,25,1547.185,743.05,57.663
2026-08-07T12:25,2026-08-07,12,25,1566.993,745.791,57.643
2026-08-07T12:30,2026-08-07,12,26,1586.752,764.688,57.609
2026-08-07T12:35,2026-08-07,12,26,1590.601,758.08,57.559
2026-08-07T12:40,2026-08-07,12,26,1649.108,791.136,57.495
2026-08-07T12:45,2026-08-07,12,26,1656.435,796.908,57.415
2026-08-07T12:50,2026-08-07,12,26,1782.29,845.409,57.321
2026-08-07T12:55,2026-08-07,12,26,1712.853,820.564,57.212
2026-08-07T13:00,2026-08-07,13,27,1729.99,825.626,57.088
2026-08-07T13:05,2026-08-07,13,27,1721.93,821.553,56.949
2026-08-07T13:10,2026-08-07,13,27,1672.34,804.37,56.795
2026-08-07T13:15,2026-08-07,13,27,1712.813,816.532,56.628
2026-08-07T13:20,2026-08-07,13,27,1652.015,788.397,56.445
2026-08-07T13:25,2026-08-07,13,27,1654.128,786.327,56.249
2026-08-07T13:30,2026-08-07,13,28,1661.589,786.963,56.038
2026-08-07T13:35,2026-08-07,13,28,1650.735,779.218,55.813
2026-08-07T13:40,2026-08-07,13,28,1566.987,737.787,55.574
2026-08-07T13:45,2026-08-07,13,28,1524.809,727.411,55.322
2026-08-07T13:50,2026-08-07,13,28,1548.738,726.453,55.056
2026-08-07T13:55,2026-08-07,13,28,1436.398,686.765,54.777
2026-08-07T14:00,2026-08-07,14,29,1427.452,674.948,54.484
2026-08-07T14:05,2026-08-07,14,29,1416.396,669.27,54.18
2026-08-07T14:10,2026-08-07,14,29,1440.155,676.765,53.865
2026-08-07T14:15,2026-08-07,14,29,1456.024,688.316,53.541
2026-08-07T14:20,2026-08-07,14,29,1385.516,659.905,53.206
2026-08-07T14:25,2026-08-07,14,29,1336.818,629.913,52.862
2026-08-07T14:30,2026-08-07,14,30,1324.907,623.675,52.508
2026-08-07T14:35,2026-08-07,14,30,1329.081,622.038,52.146
2026-08-07T14:40,2026-08-07,14,30,1249.074,582.774,51.774
2026-08-07T14:45,2026-08-07,14,30,1264.291,594.08,51.394
2026-08-07T14:50,2026-08-07,14,30,1294.149,597.242,51.005
2026-08-07T14:55,2026-08-07,14,30,1154.174,537.868,50.609
2026-08-07T15:00,2026-08-07,15,31,1139.163,532.411,50.204
2026-08-07T15:05,2026-08-07,15,31,1111.715,514.414,49.792
2026-08-07T15:10,2026-08-07,15,31,1079.915,501.482,49.373
2026-08-07T15:15,2026-08-07,15,31,998.71,461.685,48.947
2026-08-07T15:20,2026-08-07,15,31,1054.354,487.663,48.515
2026-08-07T15:25,2026-08-07,15,31,981.358,454.791,48.076
2026-08-07T15:30,2026-08-07,15,32,1010.941,468.594,47.631
2026-08-07T15:35,2026-08-07,15,32,999.914,461.783,47.181
2026-08-07T15:40,2026-08-07,15,32,1060.015,485.412,46.725
2026-08-07T15:45,2026-08-07,15,32,1014.4,461.88,46.265
2026-08-07T15:50,2026-08-07,15,32,1000.352,450.955,45.8
2026-08-07T15:55,2026-08-07,15,32,968.411,443.766,45.331
2026-08-07T16:00,2026-08-07,16,33,910.948,415.29,44.858
2026-08-07T16:05,2026-08-07,16,33,878.694,400.864,44.381
2026-08-07T16:10,2026-08-07,16,33,825.993,373.103,43.902
2026-08-07T16:15,2026-08-07,16,33,798.377,360.963,43.42
2026-08-07T16:20,2026-08-07,16,33,754.857,339.933,42.936
2026-08-07T16:25,2026-08-07,16,33,714.58,320.532,42.449
2026-08-07T16:30,2026-08-07,16,34,678.187,305.866,41.962
2026-08-07T16:35,2026-08-07,16,34,624.101,281.873,41.474
2026-08-07T16:40,2026-08-07,16,34,613.438,273.493,40.985
2026-08-07T16:45,2026-08-07,16,34,568.765,254.017,40.496
2026-08-07T16:50,2026-08-07,16,34,518.766,231.402,40.008
2026-08-07T16:55,2026-08-07,16,34,530.616,236.876,39.52
2026-08-07T17:00,2026-08-07,17,35,489.572,215.973,39.035
2026-08-07T17:05,2026-08-07,17,35,443.826,197.843,38.551
2026-08-07T17:10,2026-08-07,17,35,407.305,179.142,38.07
2026-08-07T17:15,2026-08-07,17,35,358.337,157.708,37.593
2026-08-07T17:20,2026-08-07,17,35,343.871,150.858,37.119
2026-08-07T17:25,2026-08-07,17,35,306.489,134.147,36.65
2026-08-07T17:30,2026-08-07,17,36,285.338,125.611,36.187
2026-08-07T17:35,2026-08-07,17,36,237.532,104.59,35.73
2026-08-07T17:40,2026-08-07,17,36,203.525,89.282,35.28
2026-08-07T17:45,2026-08-07,17,36,192.953,84.606,34.839
2026-08-07T17:50,2026-08-07,17,36,162.213,70.656,34.407
2026-08-07T17:55,2026-08-07,17,36,131.225,57.19,33.987
2026-08-07T18:00,2026-08-07,18,37,99.614,43.148,33.579
2026-08-07T18:05,2026-08-07,18,37,79.45,34.06,33.188
2026-08-07T18:10,2026-08-07,18,37,52.858,22.944,32.815
2026-08-07T18:15,2026-08-07,18,37,32.835,14.237,32.466
2026-08-07T18:20,2026-08-07,18,37,14.573,6.302,32.151
2026-08-07T18:25,2026-08-07,18,37,0.0,0.0,31.905
2026-08-07T18:30,2026-08-07,18,38,0.0,0.0,31.842
2026-08-07T18:35,2026-08-07,18,38,0.0,0.0,31.778
2026-08-07T18:40,2026-08-07,18,38,0.0,0.0,31.714
2026-08-07T18:45,2026-08-07,18,38,0.0,0.0,31.648
2026-08-07T18:50,2026-08-07,18,38,0.0,0.0,31.582
2026-08-07T18:55,2026-08-07,18,38,0.0,0.0,31.515
2026-08-07T19:00,2026-08-07,19,39,0.0,0.0,31.447
2026-08-07T19:05,2026-08-07,19,39,0.0,0.0,31.379
2026-08-07T19:10,2026-08-07,19,39,0.0,0.0,31.31
2026-08-07T19:15,2026-08-07,19,39,0.0,0.0,31.24
2026-08-07T19:20,2026-08-07,19,39,0.0,0.0,31.17
2026-08-07T19:25,2026-08-07,19,39,0.0,0.0,31.099
2026-08-07T19:30,2026-08-07,19,40,0.0,0.0,31.028
2026-08-07T19:35,2026-08-07,19,40,0.0,0.0,30.956
2026-08-07T19:40,2026-08-07,19,40,0.0,0.0,30.883
2026-08-07T19:45,2026-08-07,19,40,0.0,0.0,30.81
2026-08-07T19:50,2026-08-07,19,40,0.0,0.0,30.736
2026-08-07T19:55,2026-08-07,19,40,0.0,0.0,30.662
2026-08-07T20:00,2026-08-07,20,41,0.0,0.0,30.588
2026-08-07T20:05,2026-08-07,20,41,0.0,0.0,30.513
2026-08-07T20:10,2026-08-07,20,41,0.0,0.0,30.438
2026-08-07T20:15,2026-08-07,20,41,0.0,0.0,30.362
2026-08-07T20:20,2026-08-07,20,41,0.0,0.0,30.286
2026-08-07T20:25,2026-08-07,20,41,0.0,0.0,30.21
2026-08-07T20:30,2026-08-07,20,42,0.0,0.0,30.133
2026-08-07T20:35,2026-08-07,20,42,0.0,0.0,30.056
2026-08-07T20:40,2026-08-07,20,42,0.0,0.0,29.979
2026-08-07T20:45,2026-08-07,20,42,0.0,0.0,29.901
2026-08-07T20:50,2026-08-07,20,42,0.0,0.0,29.824
2026-08-07T20:55,2026-08-07,20,42,0.0,0.0,29.746
2026-08-07T21:00,2026-08-07,21,43,0.0,0.0,29.668
2026-08-07T21:05,2026-08-07,21,43,0.0,0.0,29.589
2026-08-07T21:10,2026-08-07,21,43,0.0,0.0,29.511
2026-08-07T21:15,2026-08-07,21,43,0.0,0.0,29.433
2026-08-07T21:20,2026-08-07,21,43,0.0,0.0,29.354
2026-08-07T21:25,2026-08-07,21,43,0.0,0.0,29.276
2026-08-07T21:30,2026-08-07,21,44,0.0,0.0,29.197
2026-08-07T21:35,2026-08-07,21,44,0.0,0.0,29.119
2026-08-07T21:40,2026-08-07,21,44,0.0,0.0,29.04
2026-08-07T21:45,2026-08-07,21,44,0.0,0.0,28.962
2026-08-07T21:50,2026-08-07,21,44,0.0,0.0,28.883
2026-08-07T21:55,2026-08-07,21,44,0.0,0.0,28.805
2026-08-07T22:00,2026-08-07,22,45,0.0,0.0,28.727
2026-08-07T22:05,2026-08-07,22,45,0.0,0.0,28.649
2026-08-07T22:10,2026-08-07,22,45,0.0,0.0,28.571
2026-08-07T22:15,2026-08-07,22,45,0.0,0.0,28.493
2026-08-07T22:20,2026-08-07,22,45,0.0,0.0,28.416
2026-08-07T22:25,2026-08-07,22,45,0.0,0.0,28.339
2026-08-07T22:30,2026-08-07,22,46,0.0,0.0,28.262
2026-08-07T22:35,2026-08-07,22,46,0.0,0.0,28.185
2026-08-07T22:40,2026-08-07,22,46,0.0,0.0,28.109
2026-08-07T22:45,2026-08-07,22,46,0.0,0.0,28.033
2026-08-07T22:50,2026-08-07,22,46,0.0,0.0,27.957
2026-08-07T22:55,2026-08-07,22,46,0.0,0.0,27.882
2026-08-07T23:00,2026-08-07,23,47,0.0,0.0,27.807
2026-08-07T23:05,2026-08-07,23,47,0.0,0.0,27.732
2026-08-07T23:10,2026-08-07,23,47,0.0,0.0,27.658
2026-08-07T23:15,2026-08-07,23,47,0.0,0.0,27.585
2026-08-07T23:20,2026-08-07,23,47,0.0,0.0,27.512
2026-08-07T23:25,2026-08-07,23,47,0.0,0.0,27.439
2026-08-07T23:30,2026-08-07,23,48,0.0,0.0,27.367
2026-08-07T23:35,2026-08-07,23,48,0.0,0.0,27.295
2026-08-07T23:40,2026-08-07,23,48,0.0,0.0,27.225
2026-08-07T23:45,2026-08-07,23,48,0.0,0.0,27.154
2026-08-07T23:50,2026-08-07,23,48,0.0,0.0,27.085
2026-08-07T23:55,2026-08-07,23,48,0.0,0.0,27.016
2026-08-08T00:00,2026-08-08,0,1,0.0,0.0,26.947
2026-08-08T00:05,2026-08-08,0,1,0.0,0.0,26.88
2026-08-08T00:10,2026-08-08,0,1,0.0,0.0,26.813
2026-08-08T00:15,2026-08-08,0,1,0.0,0.0,26.746
2026-08-08T00:20,2026-08-08,0,1,0.0,0.0,26.681
2026-08-08T00:25,2026-08-08,0,1,0.0,0.0,26.616
2026-08-08T00:30,2026-08-08,0,2,0.0,0.0,26.552
2026-08-08T00:35,2026-08-08,0,2,0.0,0.0,26.489
2026-08-08T00:40,2026-08-08,0,2,0.0,0.0,26.427
2026-08-08T00:45,2026-08-08,0,2,0.0,0.0,26.365
2026-08-08T00:50,2026-08-08,0,2,0.0,0.0,26.305
2026-08-08T00:55,2026-08-08,0,2,0.0,0.0,26.245
2026-08-08T01:00,2026-08-08,1,3,0.0,0.0,26.186
2026-08-08T01:05,2026-08-08,1,3,0.0,0.0,26.128
2026-08-08T01:10,2026-08-08,1,3,0.0,0.0,26.071
2026-08-08T01:15,2026-08-08,1,3,0.0,0.0,26.015
2026-08-08T01:20,2026-08-08,1,3,0.0,0.0,25.96
2026-08-08T01:25,2026-08-08,1,3,0.0,0.0,25.906
2026-08-08T01:30,2026-08-08,1,4,0.0,0.0,25.853
2026-08-08T01:35,2026-08-08,1,4,0.0,0.0,25.801
2026-08-08T01:40,2026-08-08,1,4,0.0,0.0,25.75
2026-08-08T01:45,2026-08-08,1,4,0.0,0.0,25.7
2026-08-08T01:50,2026-08-08,1,4,0.0,0.0,25.651
2026-08-08T01:55,2026-08-08,1,4,0.0,0.0,25.603
2026-08-08T02:00,2026-08-08,2,5,0.0,0.0,25.557
2026-08-08T02:05,2026-08-08,2,5,0.0,0.0,25.511
2026-08-08T02:10,2026-08-08,2,5,0.0,0.0,25.467
2026-08-08T02:15,2026-08-08,2,5,0.0,0.0,25.423
2026-08-08T02:20,2026-08-08,2,5,0.0,0.0,25.381
2026-08-08T02:25,2026-08-08,2,5,0.0,0.0,25.34
2026-08-08T02:30,2026-08-08,2,6,0.0,0.0,25.3
2026-08-08T02:35,2026-08-08,2,6,0.0,0.0,25.261
2026-08-08T02:40,2026-08-08,2,6,0.0,0.0,25.224
2026-08-08T02:45,2026-08-08,2,6,0.0,0.0,25.188
2026-08-08T02:50,2026-08-08,2,6,0.0,0.0,25.153
2026-08-08T02:55,2026-08-08,2,6,0.0,0.0,25.119
2026-08-08T03:00,2026-08-08,3,7,0.0,0.0,25.086
2026-08-08T03:05,2026-08-08,3,7,0.0,0.0,25.055
2026-08-08T03:10,2026-08-08,3,7,0.0,0.0,25.025
2026-08-08T03:15,2026-08-08,3,7,0.0,0.0,24.996
2026-08-08T03:20,2026-08-08,3,7,0.0,0.0,24.969
2026-08-08T03:25,2026-08-08,3,7,0.0,0.0,24.942
2026-08-08T03:30,2026-08-08,3,8,0.0,0.0,24.918
2026-08-08T03:35,2026-08-08,3,8,0.0,0.0,24.894
2026-08-08T03:40,2026-08-08,3,8,0.0,0.0,24.872
2026-08-08T03:45,2026-08-08,3,8,0.0,0.0,24.851
2026-08-08T03:50,2026-08-08,3,8,0.0,0.0,24.831
2026-08-08T03:55,2026-08-08,3,8,0.0,0.0,24.813
2026-08-08T04:00,2026-08-08,4,9,0.0,0.0,24.796
2026-08-08T04:05,2026-08-08,4,9,0.0,0.0,24.78
2026-08-08T04:10,2026-08-08,4,9,0.0,0.0,24.766
2026-08-08T04:15,2026-08-08,4,9,0.0,0.0,24.753
2026-08-08T04:20,2026-08-08,4,9,0.0,0.0,24.741
2026-08-08T04:25,2026-08-08,4,9,0.0,0.0,24.731
2026-08-08T04:30,2026-08-08,4,10,0.0,0.0,24.722
2026-08-08T04:35,2026-08-08,4,10,0.0,0.0,24.714
2026-08-08T04:40,2026-08-08,4,10,0.0,0.0,24.708
2026-08-08T04:45,2026-08-08,4,10,0.0,0.0,24.703
2026-08-08T04:50,2026-08-08,4,10,0.0,0.0,24.7
2026-08-08T04:55,2026-08-08,4,10,0.0,0.0,24.698
2026-08-08T05:00,2026-08-08,5,11,0.0,0.0,23.67
2026-08-08T05:05,2026-08-08,5,11,0.0,0.0,23.672
2026-08-08T05:10,2026-08-08,5,11,16.057,6.783,23.861
2026-08-08T05:15,2026-08-08,5,11,38.426,16.0,24.124
2026-08-08T05:20,2026-08-08,5,11,63.698,26.737,24.425
2026-08-08T05:25,2026-08-08,5,11,95.29,40.382,24.755
2026-08-08T05:30,2026-08-08,5,12,122.281,52.333,25.109
2026-08-08T05:35,2026-08-08,5,12,155.183,64.989,25.483
2026-08-08T05:40,2026-08-08,5,12,188.278,79.648,25.875
2026-08-08T05:45,2026-08-08,5,12,218.332,92.897,26.283
2026-08-08T05:50,2026-08-08,5,12,252.618,106.635,26.704
2026-08-08T05:55,2026-08-08,5,12,286.992,120.742,27.139
2026-08-08T06:00,2026-08-08,6,13,310.185,131.211,27.586
2026-08-08T06:05,2026-08-08,6,13,352.651,147.298,28.044
2026-08-08T06:10,2026-08-08,6,13,380.486,162.958,28.512
2026-08-08T06:15,2026-08-08,6,13,423.123,179.694,28.989
2026-08-08T06:20,2026-08-08,6,13,451.555,193.31,29.475
2026-08-08T06:25,2026-08-08,6,13,482.335,207.777,29.969
2026-08-08T06:30,2026-08-08,6,14,502.883,215.907,30.469
2026-08-08T06:35,2026-08-08,6,14,552.529,236.552,30.977
2026-08-08T06:40,2026-08-08,6,14,582.904,251.556,31.49
2026-08-08T06:45,2026-08-08,6,14,628.636,271.581,32.008
2026-08-08T06:50,2026-08-08,6,14,654.141,284.295,32.531
2026-08-08T06:55,2026-08-08,6,14,694.268,301.487,33.059
2026-08-08T07:00,2026-08-08,7,15,732.732,321.876,33.59
2026-08-08T07:05,2026-08-08,7,15,790.749,342.471,34.124
2026-08-08T07:10,2026-08-08,7,15,816.547,358.685,34.661
2026-08-08T07:15,2026-08-08,7,15,874.497,380.639,35.201
2026-08-08T07:20,2026-08-08,7,15,911.485,398.336,35.742
2026-08-08T07:25,2026-08-08,7,15,934.043,412.576,36.284
2026-08-08T07:30,2026-08-08,7,16,952.111,424.552,36.827
2026-08-08T07:35,2026-08-08,7,16,993.14,435.877,37.37
2026-08-08T07:40,2026-08-08,7,16,1036.144,456.714,37.913
2026-08-08T07:45,2026-08-08,7,16,1055.987,468.434,38.455
2026-08-08T07:50,2026-08-08,7,16,1103.722,487.461,38.996
2026-08-08T07:55,2026-08-08,7,16,1110.505,495.558,39.536
2026-08-08T08:00,2026-08-08,8,17,1138.476,510.199,40.074
2026-08-08T08:05,2026-08-08,8,17,1207.249,539.672,40.609
2026-08-08T08:10,2026-08-08,8,17,1228.812,546.409,41.142
2026-08-08T08:15,2026-08-08,8,17,1259.111,564.712,41.671
2026-08-08T08:20,2026-08-08,8,17,1308.953,587.743,42.197
2026-08-08T08:25,2026-08-08,8,17,1284.952,582.708,42.719
2026-08-08T08:30,2026-08-08,8,18,1314.574,590.2,43.236
2026-08-08T08:35,2026-08-08,8,18,1322.219,601.082,43.748
2026-08-08T08:40,2026-08-08,8,18,1353.245,606.009,44.255
2026-08-08T08:45,2026-08-08,8,18,1379.373,623.657,44.757
2026-08-08T08:50,2026-08-08,8,18,1370.196,620.321,45.252
2026-08-08T08:55,2026-08-08,8,18,1410.273,640.663,45.742
2026-08-08T09:00,2026-08-08,9,19,1463.173,669.689,46.224
2026-08-08T09:05,2026-08-08,9,19,1432.534,665.874,46.699
2026-08-08T09:10,2026-08-08,9,19,1458.175,670.911,47.167
2026-08-08T09:15,2026-08-08,9,19,1473.891,670.121,47.627
2026-08-08T09:20,2026-08-08,9,19,1488.079,689.617,48.079
2026-08-08T09:25,2026-08-08,9,19,1532.896,711.661,48.522
2026-08-08T09:30,2026-08-08,9,20,1568.632,724.31,48.956
2026-08-08T09:35,2026-08-08,9,20,1609.948,743.765,49.382
2026-08-08T09:40,2026-08-08,9,20,1548.083,720.703,49.797
2026-08-08T09:45,2026-08-08,9,20,1662.274,770.777,50.204
2026-08-08T09:50,2026-08-08,9,20,1660.542,767.041,50.599
2026-08-08T09:55,2026-08-08,9,20,1679.144,775.5,50.985
2026-08-08T10:00,2026-08-08,10,21,1682.355,773.586,51.36
2026-08-08T10:05,2026-08-08,10,21,1691.559,793.29,51.724
2026-08-08T10:10,2026-08-08,10,21,1757.82,821.845,52.077
2026-08-08T10:15,2026-08-08,10,21,1825.766,857.08,52.418
2026-08-08T10:20,2026-08-08,10,21,1851.625,867.353,52.747
2026-08-08T10:25,2026-08-08,10,21,1823.843,858.701,53.065
2026-08-08T10:30,2026-08-08,10,22,1847.555,878.619,53.37
2026-08-08T10:35,2026-08-08,10,22,1878.208,888.632,53.663
2026-08-08T10:40,2026-08-08,10,22,1913.279,904.435,53.944
2026-08-08T10:45,2026-08-08,10,22,1901.644,895.079,54.211
2026-08-08T10:50,2026-08-08,10,22,1905.069,901.448,54.465
2026-08-08T10:55,2026-08-08,10,22,1946.086,915.258,54.706
2026-08-08T11:00,2026-08-08,11,23,1923.933,910.617,54.934
2026-08-08T11:05,2026-08-08,11,23,1883.115,896.382,55.148
2026-08-08T11:10,2026-08-08,11,23,1882.653,886.81,55.348
2026-08-08T11:15,2026-08-08,11,23,1965.63,933.016,55.534
2026-08-08T11:20,2026-08-08,11,23,1920.379,915.931,55.706
2026-08-08T11:25,2026-08-08,11,23,1940.974,926.838,55.864
2026-08-08T11:30,2026-08-08,11,24,1945.351,929.771,56.008
2026-08-08T11:35,2026-08-08,11,24,1924.256,921.876,56.137
2026-08-08T11:40,2026-08-08,11,24,1938.397,928.747,56.252
2026-08-08T11:45,2026-08-08,11,24,1917.635,918.945,56.352
2026-08-08T11:50,2026-08-08,11,24,1932.896,917.875,56.437
2026-08-08T11:55,2026-08-08,11,24,1895.717,907.307,56.507
2026-08-08T12:00,2026-08-08,12,25,1926.391,921.285,56.563
2026-08-08T12:05,2026-08-08,12,25,1945.613,923.135,56.603
2026-08-08T12:10,2026-08-08,12,25,1931.202,917.588,56.629
2026-08-08T12:15,2026-08-08,12,25,1932.401,922.154,56.639
2026-08-08T12:20,2026-08-08,12,25,1949.204,925.744,56.635
2026-08-08T12:25,2026-08-08,12,25,1895.891,910.167,56.615
2026-08-08T12:30,2026-08-08,12,26,1945.785,922.161,56.581
2026-08-08T12:35,2026-08-08,12,26,1923.634,914.095,56.532
2026-08-08T12:40,2026-08-08,12,26,1879.86,887.059,56.467
2026-08-08T12:45,2026-08-08,12,26,1965.09,930.125,56.388
2026-08-08T12:50,2026-08-08,12,26,1862.819,893.274,56.293
2026-08-08T12:55,2026-08-08,12,26,1868.071,886.2,56.184
2026-08-08T13:00,2026-08-08,13,27,1796.966,852.063,56.06
2026-08-08T13:05,2026-08-08,13,27,1797.579,848.538,55.921
2026-08-08T13:10,2026-08-08,13,27,1807.131,864.258,55.768
2026-08-08T13:15,2026-08-08,13,27,1782.523,848.011,55.6
2026-08-08T13:20,2026-08-08,13,27,1731.052,817.489,55.418
2026-08-08T13:25,2026-08-08,13,27,1714.201,806.397,55.221
2026-08-08T13:30,2026-08-08,13,28,1644.26,785.628,55.01
2026-08-08T13:35,2026-08-08,13,28,1667.911,785.661,54.785
2026-08-08T13:40,2026-08-08,13,28,1713.165,809.82,54.547
2026-08-08T13:45,2026-08-08,13,28,1619.499,760.529,54.294
2026-08-08T13:50,2026-08-08,13,28,1616.473,765.182,54.028
2026-08-08T13:55,2026-08-08,13,28,1653.714,771.682,53.749
2026-08-08T14:00,2026-08-08,14,29,1591.218,749.961,53.456
2026-08-08T14:05,2026-08-08,14,29,1554.981,737.738,53.152
2026-08-08T14:10,2026-08-08,14,29,1530.441,724.918,52.838
2026-08-08T14:15,2026-08-08,14,29,1525.666,717.361,52.513
2026-08-08T14:20,2026-08-08,14,29,1526.055,718.643,52.178
2026-08-08T14:25,2026-08-08,14,29,1486.796,695.163,51.834
2026-08-08T14:30,2026-08-08,14,30,1469.569,685.301,51.481
2026-08-08T14:35,2026-08-08,14,30,1467.38,684.233,51.118
2026-08-08T14:40,2026-08-08,14,30,1410.386,657.886,50.746
2026-08-08T14:45,2026-08-08,14,30,1403.455,652.264,50.366
2026-08-08T14:50,2026-08-08,14,30,1384.242,643.793,49.978
2026-08-08T14:55,2026-08-08,14,30,1337.533,622.45,49.581
2026-08-08T15:00,2026-08-08,15,31,1295.911,604.944,49.177
2026-08-08T15:05,2026-08-08,15,31,1261.966,584.602,48.765
2026-08-08T15:10,2026-08-08,15,31,1246.59,575.006,48.346
2026-08-08T15:15,2026-08-08,15,31,1223.824,562.57,47.92
2026-08-08T15:20,2026-08-08,15,31,1186.094,543.962,47.487
2026-08-08T15:25,2026-08-08,15,31,1146.435,525.141,47.048
2026-08-08T15:30,2026-08-08,15,32,1128.5,517.011,46.604
2026-08-08T15:35,2026-08-08,15,32,1071.442,490.031,46.153
2026-08-08T15:40,2026-08-08,15,32,1057.312,482.224,45.698
2026-08-08T15:45,2026-08-08,15,32,1017.554,468.208,45.237
2026-08-08T15:50,2026-08-08,15,32,1031.418,464.914,44.772
2026-08-08T15:55,2026-08-08,15,32,980.903,442.366,44.303
2026-08-08T16:00,2026-08-08,16,33,953.508,434.988,43.83
2026-08-08T16:05,2026-08-08,16,33,888.12,403.891,43.354
2026-08-08T16:10,2026-08-08,16,33,861.894,390.998,42.874
2026-08-08T16:15,2026-08-08,16,33,843.364,378.795,42.392
2026-08-08T16:20,2026-08-08,16,33,777.356,349.19,41.908
2026-08-08T16:25,2026-08-08,16,33,733.691,329.469,41.422
2026-08-08T16:30,2026-08-08,16,34,723.414,319.458,40.934
2026-08-08T16:35,2026-08-08,16,34,676.953,301.857,40.446
2026-08-08T16:40,2026-08-08,16,34,629.569,279.208,39.957
2026-08-08T16:45,2026-08-08,16,34,592.766,260.699,39.468
2026-08-08T16:50,2026-08-08,16,34,558.94,248.515,38.98
2026-08-08T16:55,2026-08-08,16,34,518.395,232.351,38.493
2026-08-08T17:00,2026-08-08,17,35,475.346,212.07,38.007
2026-08-08T17:05,2026-08-08,17,35,466.922,204.997,37.523
2026-08-08T17:10,2026-08-08,17,35,413.185,182.674,37.043
2026-08-08T17:15,2026-08-08,17,35,395.643,173.726,36.565
2026-08-08T17:20,2026-08-08,17,35,351.442,155.256,36.091
2026-08-08T17:25,2026-08-08,17,35,323.972,141.215,35.622
2026-08-08T17:30,2026-08-08,17,36,297.007,128.554,35.159
2026-08-08T17:35,2026-08-08,17,36,262.342,113.647,34.702
2026-08-08T17:40,2026-08-08,17,36,227.749,99.001,34.252
2026-08-08T17:45,2026-08-08,17,36,206.382,89.047,33.811
2026-08-08T17:50,2026-08-08,17,36,170.491,74.762,33.38
2026-08-08T17:55,2026-08-08,17,36,141.532,61.04,32.959
2026-08-08T18:00,2026-08-08,18,37,115.953,49.735,32.552
2026-08-08T18:05,2026-08-08,18,37,87.304,38.042,32.16
2026-08-08T18:10,2026-08-08,18,37,60.103,25.936,31.787
2026-08-08T18:15,2026-08-08,18,37,36.268,15.725,31.438
2026-08-08T18:20,2026-08-08,18,37,15.541,6.702,31.124
2026-08-08T18:25,2026-08-08,18,37,0.0,0.0,30.878
2026-08-08T18:30,2026-08-08,18,38,0.0,0.0,30.815
2026-08-08T18:35,2026-08-08,18,38,0.0,0.0,30.751
2026-08-08T18:40,2026-08-08,18,38,0.0,0.0,30.686
2026-08-08T18:45,2026-08-08,18,38,0.0,0.0,30.62
2026-08-08T18:50,2026-08-08,18,38,0.0,0.0,30.554
2026-08-08T18:55,2026-08-08,18,38,0.0,0.0,30.487
2026-08-08T19:00,2026-08-08,19,39,0.0,0.0,30.42
2026-08-08T19:05,2026-08-08,19,39,0.0,0.0,30.351
2026-08-08T19:10,2026-08-08,19,39,0.0,0.0,30.282
2026-08-08T19:15,2026-08-08,19,39,0.0,0.0,30.213
2026-08-08T19:20,2026-08-08,19,39,0.0,0.0,30.142
2026-08-08T19:25,2026-08-08,19,39,0.0,0.0,30.071
2026-08-08T19:30,2026-08-08,19,40,0.0,0.0,30.0
2026-08-08T19:35,2026-08-08,19,40,0.0,0.0,29.928
2026-08-08T19:40,2026-08-08,19,40,0.0,0.0,29.855
2026-08-08T19:45,2026-08-08,19,40,0.0,0.0,29.782
2026-08-08T19:50,2026-08-08,19,40,0.0,0.0,29.709
2026-08-08T19:55,2026-08-08,19,40,0.0,0.0,29.635
2026-08-08T20:00,2026-08-08,20,41,0.0,0.0,29.56
2026-08-08T20:05,2026-08-08,20,41,0.0,0.0,29.485
2026-08-08T20:10,2026-08-08,20,41,0.0,0.0,29.41
2026-08-08T20:15,2026-08-08,20,41,0.0,0.0,29.334
2026-08-08T20:20,2026-08-08,20,41,0.0,0.0,29.258
2026-08-08T20:25,2026-08-08,20,41,0.0,0.0,29.182
2026-08-08T20:30,2026-08-08,20,42,0.0,0.0,29.105
2026-08-08T20:35,2026-08-08,20,42,0.0,0.0,29.028
2026-08-08T20:40,2026-08-08,20,42,0.0,0.0,28.951
2026-08-08T20:45,2026-08-08,20,42,0.0,0.0,28.874
2026-08-08T20:50,2026-08-08,20,42,0.0,0.0,28.796
2026-08-08T20:55,2026-08-08,20,42,0.0,0.0,28.718
2026-08-08T21:00,2026-08-08,21,43,0.0,0.0,28.64
2026-08-08T21:05,2026-08-08,21,43,0.0,0.0,28.562
2026-08-08T21:10,2026-08-08,21,43,0.0,0.0,28.484
2026-08-08T21:15,2026-08-08,21,43,0.0,0.0,28.405
2026-08-08T21:20,2026-08-08,21,43,0.0,0.0,28.327
2026-08-08T21:25,2026-08-08,21,43,0.0,0.0,28.248
2026-08-08T21:30,2026-08-08,21,44,0.0,0.0,28.17
2026-08-08T21:35,2026-08-08,21,44,0.0,0.0,28.091
2026-08-08T21:40,2026-08-08,21,44,0.0,0.0,28.013
2026-08-08T21:45,2026-08-08,21,44,0.0,0.0,27.934
2026-08-08T21:50,2026-08-08,21,44,0.0,0.0,27.856
2026-08-08T21:55,2026-08-08,21,44,0.0,0.0,27.777
2026-08-08T22:00,2026-08-08,22,45,0.0,0.0,27.699
2026-08-08T22:05,2026-08-08,22,45,0.0,0.0,27.621
2026-08-08T22:10,2026-08-08,22,45,0.0,0.0,27.543
2026-08-08T22:15,2026-08-08,22,45,0.0,0.0,27.466
2026-08-08T22:20,2026-08-08,22,45,0.0,0.0,27.388
2026-08-08T22:25,2026-08-08,22,45,0.0,0.0,27.311
2026-08-08T22:30,2026-08-08,22,46,0.0,0.0,27.234
2026-08-08T22:35,2026-08-08,22,46,0.0,0.0,27.157
2026-08-08T22:40,2026-08-08,22,46,0.0,0.0,27.081
2026-08-08T22:45,2026-08-08,22,46,0.0,0.0,27.005
2026-08-08T22:50,2026-08-08,22,46,0.0,0.0,26.929
2026-08-08T22:55,2026-08-08,22,46,0.0,0.0,26.854
2026-08-08T23:00,2026-08-08,23,47,0.0,0.0,26.779
2026-08-08T23:05,2026-08-08,23,47,0.0,0.0,26.705
2026-08-08T23:10,2026-08-08,23,47,0.0,0.0,26.631
2026-08-08T23:15,2026-08-08,23,47,0.0,0.0,26.557
2026-08-08T23:20,2026-08-08,23,47,0.0,0.0,26.484
2026-08-08T23:25,2026-08-08,23,47,0.0,0.0,26.411
2026-08-08T23:30,2026-08-08,23,48,0.0,0.0,26.339
2026-08-08T23:35,2026-08-08,23,48,0.0,0.0,26.268
2026-08-08T23:40,2026-08-08,23,48,0.0,0.0,26.197
2026-08-08T23:45,2026-08-08,23,48,0.0,0.0,26.127
2026-08-08T23:50,2026-08-08,23,48,0.0,0.0,26.057
2026-08-08T23:55,2026-08-08,23,48,0.0,0.0,25.988
2026-08-09T00:00,2026-08-09,0,1,0.0,0.0,25.92
2026-08-09T00:05,2026-08-09,0,1,0.0,0.0,25.852
2026-08-09T00:10,2026-08-09,0,1,0.0,0.0,25.785
2026-08-09T00:15,2026-08-09,0,1,0.0,0.0,25.719
2026-08-09T00:20,2026-08-09,0,1,0.0,0.0,25.653
2026-08-09T00:25,2026-08-09,0,1,0.0,0.0,25.589
2026-08-09T00:30,2026-08-09,0,2,0.0,0.0,25.525
2026-08-09T00:35,2026-08-09,0,2,0.0,0.0,25.461
2026-08-09T00:40,2026-08-09,0,2,0.0,0.0,25.399
2026-08-09T00:45,2026-08-09,0,2,0.0,0.0,25.338
2026-08-09T00:50,2026-08-09,0,2,0.0,0.0,25.277
2026-08-09T00:55,2026-08-09,0,2,0.0,0.0,25.217
2026-08-09T01:00,2026-08-09,1,3,0.0,0.0,25.159
2026-08-09T01:05,2026-08-09,1,3,0.0,0.0,25.101
2026-08-09T01:10,2026-08-09,1,3,0.0,0.0,25.044
2026-08-09T01:15,2026-08-09,1,3,0.0,0.0,24.988
2026-08-09T01:20,2026-08-09,1,3,0.0,0.0,24.933
2026-08-09T01:25,2026-08-09,1,3,0.0,0.0,24.879
2026-08-09T01:30,2026-08-09,1,4,0.0,0.0,24.825
2026-08-09T01:35,2026-08-09,1,4,0.0,0.0,24.773
2026-08-09T01:40,2026-08-09,1,4,0.0,0.0,24.722
2026-08-09T01:45,2026-08-09,1,4,0.0,0.0,24.672
2026-08-09T01:50,2026-08-09,1,4,0.0,0.0,24.624
2026-08-09T01:55,2026-08-09,1,4,0.0,0.0,24.576
2026-08-09T02:00,2026-08-09,2,5,0.0,0.0,24.529
2026-08-09T02:05,2026-08-09,2,5,0.0,0.0,24.483
2026-08-09T02:10,2026-08-09,2,5,0.0,0.0,24.439
2026-08-09T02:15,2026-08-09,2,5,0.0,0.0,24.396
2026-08-09T02:20,2026-08-09,2,5,0.0,0.0,24.353
2026-08-09T02:25,2026-08-09,2,5,0.0,0.0,24.312
2026-08-09T02:30,2026-08-09,2,6,0.0,0.0,24.273
2026-08-09T02:35,2026-08-09,2,6,0.0,0.0,24.234
2026-08-09T02:40,2026-08-09,2,6,0.0,0.0,24.196
2026-08-09T02:45,2026-08-09,2,6,0.0,0.0,24.16
2026-08-09T02:50,2026-08-09,2,6,0.0,0.0,24.125
2026-08-09T02:55,2026-08-09,2,6,0.0,0.0,24.091
2026-08-09T03:00,2026-08-09,3,7,0.0,0.0,24.059
2026-08-09T03:05,2026-08-09,3,7,0.0,0.0,24.027
2026-08-09T03:10,2026-08-09,3,7,0.0,0.0,23.997
2026-08-09T03:15,2026-08-09,3,7,0.0,0.0,23.969
2026-08-09T03:20,2026-08-09,3,7,0.0,0.0,23.941
2026-08-09T03:25,2026-08-09,3,7,0.0,0.0,23.915
2026-08-09T03:30,2026-08-09,3,8,0.0,0.0,23.89
2026-08-09T03:35,2026-08-09,3,8,0.0,0.0,23.866
2026-08-09T03:40,2026-08-09,3,8,0.0,0.0,23.844
2026-08-09T03:45,2026-08-09,3,8,0.0,0.0,23.823
2026-08-09T03:50,2026-08-09,3,8,0.0,0.0,23.803
2026-08-09T03:55,2026-08-09,3,8,0.0,0.0,23.785
2026-08-09T04:00,2026-08-09,4,9,0.0,0.0,23.768
2026-08-09T04:05,2026-08-09,4,9,0.0,0.0,23.752
2026-08-09T04:10,2026-08-09,4,9,0.0,0.0,23.738
2026-08-09T04:15,2026-08-09,4,9,0.0,0.0,23.725
2026-08-09T04:20,2026-08-09,4,9,0.0,0.0,23.713
2026-08-09T04:25,2026-08-09,4,9,0.0,0.0,23.703
2026-08-09T04:30,2026-08-09,4,10,0.0,0.0,23.694
2026-08-09T04:35,2026-08-09,4,10,0.0,0.0,23.687
2026-08-09T04:40,2026-08-09,4,10,0.0,0.0,23.681
2026-08-09T04:45,2026-08-09,4,10,0.0,0.0,23.676
2026-08-09T04:50,2026-08-09,4,10,0.0,0.0,23.672
2026-08-09T04:55,2026-08-09,4,10,0.0,0.0,23.67
2026-08-09T05:00,2026-08-09,5,11,0.0,0.0,24.531
2026-08-09T05:05,2026-08-09,5,11,0.0,0.0,24.533
2026-08-09T05:10,2026-08-09,5,11,12.212,5.149,24.722
2026-08-09T05:15,2026-08-09,5,11,27.255,11.52,24.985
2026-08-09T05:20,2026-08-09,5,11,44.171,18.616,25.286
2026-08-09T05:25,2026-08-09,5,11,72.797,30.574,25.616
2026-08-09T05:30,2026-08-09,5,12,100.389,42.285,25.97
2026-08-09T05:35,2026-08-09,5,12,112.613,47.331,26.344
2026-08-09T05:40,2026-08-09,5,12,159.264,67.671,26.736
2026-08-09T05:45,2026-08-09,5,12,186.321,78.943,27.144
2026-08-09T05:50,2026-08-09,5,12,180.878,77.97,27.565
2026-08-09T05:55,2026-08-09,5,12,224.568,93.85,28.0
2026-08-09T06:00,2026-08-09,6,13,238.487,100.66,28.447
2026-08-09T06:05,2026-08-09,6,13,280.798,120.003,28.905
2026-08-09T06:10,2026-08-09,6,13,323.525,137.712,29.373
2026-08-09T06:15,2026-08-09,6,13,330.453,141.971,29.85
2026-08-09T06:20,2026-08-09,6,13,375.601,160.854,30.336
2026-08-09T06:25,2026-08-09,6,13,451.724,191.187,30.83
2026-08-09T06:30,2026-08-09,6,14,438.923,187.998,31.33
2026-08-09T06:35,2026-08-09,6,14,495.871,214.186,31.838
2026-08-09T06:40,2026-08-09,6,14,549.725,239.475,32.351
2026-08-09T06:45,2026-08-09,6,14,608.127,262.634,32.869
2026-08-09T06:50,2026-08-09,6,14,674.835,294.107,33.392
2026-08-09T06:55,2026-08-09,6,14,641.742,276.972,33.92
2026-08-09T07:00,2026-08-09,7,15,730.713,318.985,34.451
2026-08-09T07:05,2026-08-09,7,15,676.921,295.493,34.985
2026-08-09T07:10,2026-08-09,7,15,757.779,329.83,35.522
2026-08-09T07:15,2026-08-09,7,15,722.988,317.666,36.062
2026-08-09T07:20,2026-08-09,7,15,840.753,366.625,36.603
2026-08-09T07:25,2026-08-09,7,15,843.283,371.544,37.145
2026-08-09T07:30,2026-08-09,7,16,781.8,341.522,37.688
2026-08-09T07:35,2026-08-09,7,16,817.643,366.035,38.231
2026-08-09T07:40,2026-08-09,7,16,814.372,357.604,38.774
2026-08-09T07:45,2026-08-09,7,16,865.705,381.846,39.316
2026-08-09T07:50,2026-08-09,7,16,753.594,335.648,39.857
2026-08-09T07:55,2026-08-09,7,16,835.72,373.509,40.397
2026-08-09T08:00,2026-08-09,8,17,848.266,376.417,40.935
2026-08-09T08:05,2026-08-09,8,17,835.952,377.55,41.47
2026-08-09T08:10,2026-08-09,8,17,932.642,416.517,42.003
2026-08-09T08:15,2026-08-09,8,17,930.694,421.496,42.532
2026-08-09T08:20,2026-08-09,8,17,970.425,438.99,43.058
2026-08-09T08:25,2026-08-09,8,17,917.745,417.375,43.58
2026-08-09T08:30,2026-08-09,8,18,1035.142,473.336,44.097
2026-08-09T08:35,2026-08-09,8,18,945.054,429.619,44.609
2026-08-09T08:40,2026-08-09,8,18,1063.583,483.985,45.116
2026-08-09T08:45,2026-08-09,8,18,1092.594,493.993,45.618
2026-08-09T08:50,2026-08-09,8,18,1242.021,566.246,46.113
2026-08-09T08:55,2026-08-09,8,18,1153.295,527.683,46.603
2026-08-09T09:00,2026-08-09,9,19,1300.763,597.192,47.085
2026-08-09T09:05,2026-08-09,9,19,1240.75,570.053,47.56
2026-08-09T09:10,2026-08-09,9,19,1278.516,589.363,48.028
2026-08-09T09:15,2026-08-09,9,19,1316.537,607.468,48.488
2026-08-09T09:20,2026-08-09,9,19,1325.616,609.446,48.94
2026-08-09T09:25,2026-08-09,9,19,1234.301,569.068,49.383
2026-08-09T09:30,2026-08-09,9,20,1446.057,666.615,49.817
2026-08-09T09:35,2026-08-09,9,20,1499.027,688.796,50.243
2026-08-09T09:40,2026-08-09,9,20,1566.569,731.59,50.658
2026-08-09T09:45,2026-08-09,9,20,1475.853,691.167,51.065
2026-08-09T09:50,2026-08-09,9,20,1522.733,707.082,51.46
2026-08-09T09:55,2026-08-09,9,20,1484.891,688.852,51.846
2026-08-09T10:00,2026-08-09,10,21,1485.204,704.11,52.221
2026-08-09T10:05,2026-08-09,10,21,1487.141,692.333,52.585
2026-08-09T10:10,2026-08-09,10,21,1374.93,651.634,52.938
2026-08-09T10:15,2026-08-09,10,21,1556.4,730.791,53.279
2026-08-09T10:20,2026-08-09,10,21,1571.892,739.618,53.609
2026-08-09T10:25,2026-08-09,10,21,1522.456,720.345,53.926
2026-08-09T10:30,2026-08-09,10,22,1739.834,821.189,54.231
2026-08-09T10:35,2026-08-09,10,22,1691.386,797.511,54.524
2026-08-09T10:40,2026-08-09,10,22,1571.097,745.058,54.805
2026-08-09T10:45,2026-08-09,10,22,1476.976,700.719,55.072
2026-08-09T10:50,2026-08-09,10,22,1578.788,754.304,55.326
2026-08-09T10:55,2026-08-09,10,22,1528.018,723.374,55.567
2026-08-09T11:00,2026-08-09,11,23,1428.882,677.235,55.795
2026-08-09T11:05,2026-08-09,11,23,1534.362,731.482,56.009
2026-08-09T11:10,2026-08-09,11,23,1455.128,692.315,56.209
2026-08-09T11:15,2026-08-09,11,23,1435.094,683.457,56.395
2026-08-09T11:20,2026-08-09,11,23,1481.459,710.615,56.567
2026-08-09T11:25,2026-08-09,11,23,1378.311,651.668,56.725
2026-08-09T11:30,2026-08-09,11,24,1297.225,615.097,56.869
2026-08-09T11:35,2026-08-09,11,24,1114.739,530.443,56.998
2026-08-09T11:40,2026-08-09,11,24,1326.419,637.77,57.113
2026-08-09T11:45,2026-08-09,11,24,1381.994,660.195,57.213
2026-08-09T11:50,2026-08-09,11,24,1372.654,658.039,57.298
2026-08-09T11:55,2026-08-09,11,24,1232.21,594.222,57.368
2026-08-09T12:00,2026-08-09,12,25,1372.747,657.132,57.424
2026-08-09T12:05,2026-08-09,12,25,1398.147,669.586,57.464
2026-08-09T12:10,2026-08-09,12,25,1521.563,727.971,57.49
2026-08-09T12:15,2026-08-09,12,25,1393.327,670.051,57.5
2026-08-09T12:20,2026-08-09,12,25,1502.78,715.328,57.496
2026-08-09T12:25,2026-08-09,12,25,1553.658,735.115,57.477
2026-08-09T12:30,2026-08-09,12,26,1394.579,666.833,57.442
2026-08-09T12:35,2026-08-09,12,26,1511.997,724.843,57.393
2026-08-09T12:40,2026-08-09,12,26,1352.769,654.053,57.328
2026-08-09T12:45,2026-08-09,12,26,1305.609,619.765,57.249
2026-08-09T12:50,2026-08-09,12,26,1346.902,645.92,57.154
2026-08-09T12:55,2026-08-09,12,26,1365.294,654.334,57.045
2026-08-09T13:00,2026-08-09,13,27,1391.077,662.34,56.921
2026-08-09T13:05,2026-08-09,13,27,1355.193,639.188,56.782
2026-08-09T13:10,2026-08-09,13,27,1310.702,634.679,56.629
2026-08-09T13:15,2026-08-09,13,27,1241.896,597.854,56.461
2026-08-09T13:20,2026-08-09,13,27,1252.509,600.508,56.279
2026-08-09T13:25,2026-08-09,13,27,1339.952,637.23,56.082
2026-08-09T13:30,2026-08-09,13,28,1408.873,670.079,55.871
2026-08-09T13:35,2026-08-09,13,28,1425.301,676.977,55.646
2026-08-09T13:40,2026-08-09,13,28,1408.379,670.81,55.408
2026-08-09T13:45,2026-08-09,13,28,1518.236,720.057,55.155
2026-08-09T13:50,2026-08-09,13,28,1425.17,675.276,54.889
2026-08-09T13:55,2026-08-09,13,28,1325.38,632.572,54.61
2026-08-09T14:00,2026-08-09,14,29,1322.76,620.621,54.317
2026-08-09T14:05,2026-08-09,14,29,1178.389,551.801,54.013
2026-08-09T14:10,2026-08-09,14,29,1400.848,665.712,53.699
2026-08-09T14:15,2026-08-09,14,29,1303.203,613.092,53.374
2026-08-09T14:20,2026-08-09,14,29,1318.491,625.819,53.039
2026-08-09T14:25,2026-08-09,14,29,1295.137,607.946,52.695
2026-08-09T14:30,2026-08-09,14,30,1298.18,610.448,52.342
2026-08-09T14:35,2026-08-09,14,30,1177.32,557.068,51.979
2026-08-09T14:40,2026-08-09,14,30,1159.534,543.028,51.607
2026-08-09T14:45,2026-08-09,14,30,1209.465,568.903,51.227
2026-08-09T14:50,2026-08-09,14,30,1231.265,575.895,50.839
2026-08-09T14:55,2026-08-09,14,30,1250.97,580.524,50.442
2026-08-09T15:00,2026-08-09,15,31,1213.221,562.977,50.038
2026-08-09T15:05,2026-08-09,15,31,1249.154,581.379,49.626
2026-08-09T15:10,2026-08-09,15,31,1188.279,546.106,49.207
2026-08-09T15:15,2026-08-09,15,31,1221.963,563.553,48.781
2026-08-09T15:20,2026-08-09,15,31,1176.532,542.712,48.348
2026-08-09T15:25,2026-08-09,15,31,1152.974,529.773,47.909
2026-08-09T15:30,2026-08-09,15,32,1025.177,470.304,47.465
2026-08-09T15:35,2026-08-09,15,32,873.516,403.901,47.014
2026-08-09T15:40,2026-08-09,15,32,869.775,393.621,46.559
2026-08-09T15:45,2026-08-09,15,32,881.845,402.612,46.098
2026-08-09T15:50,2026-08-09,15,32,905.585,408.369,45.633
2026-08-09T15:55,2026-08-09,15,32,760.454,346.169,45.164
2026-08-09T16:00,2026-08-09,16,33,717.631,326.26,44.691
2026-08-09T16:05,2026-08-09,16,33,720.974,325.275,44.215
2026-08-09T16:10,2026-08-09,16,33,677.378,305.167,43.735
2026-08-09T16:15,2026-08-09,16,33,653.466,291.833,43.253
2026-08-09T16:20,2026-08-09,16,33,588.405,265.216,42.769
2026-08-09T16:25,2026-08-09,16,33,609.244,274.887,42.283
2026-08-09T16:30,2026-08-09,16,34,600.632,266.726,41.795
2026-08-09T16:35,2026-08-09,16,34,589.679,265.902,41.307
2026-08-09T16:40,2026-08-09,16,34,571.556,253.663,40.818
2026-08-09T16:45,2026-08-09,16,34,497.421,223.888,40.329
2026-08-09T16:50,2026-08-09,16,34,464.952,208.129,39.841
2026-08-09T16:55,2026-08-09,16,34,400.399,177.06,39.354
2026-08-09T17:00,2026-08-09,17,35,376.81,166.959,38.868
2026-08-09T17:05,2026-08-09,17,35,375.77,165.263,38.384
2026-08-09T17:10,2026-08-09,17,35,335.511,147.869,37.904
2026-08-09T17:15,2026-08-09,17,35,315.14,138.785,37.426
2026-08-09T17:20,2026-08-09,17,35,281.844,125.358,36.952
2026-08-09T17:25,2026-08-09,17,35,259.032,112.467,36.484
2026-08-09T17:30,2026-08-09,17,36,211.804,92.667,36.02
2026-08-09T17:35,2026-08-09,17,36,181.252,80.049,35.563
2026-08-09T17:40,2026-08-09,17,36,184.909,80.316,35.113
2026-08-09T17:45,2026-08-09,17,36,150.698,66.499,34.672
2026-08-09T17:50,2026-08-09,17,36,133.977,58.933,34.241
2026-08-09T17:55,2026-08-09,17,36,115.988,50.363,33.82
2026-08-09T18:00,2026-08-09,18,37,83.854,36.328,33.413
2026-08-09T18:05,2026-08-09,18,37,66.232,28.684,33.021
2026-08-09T18:10,2026-08-09,18,37,44.647,19.415,32.648
2026-08-09T18:15,2026-08-09,18,37,31.696,13.833,32.299
2026-08-09T18:20,2026-08-09,18,37,13.588,5.849,31.985
2026-08-09T18:25,2026-08-09,18,37,0.0,0.0,31.739
2026-08-09T18:30,2026-08-09,18,38,0.0,0.0,31.676
2026-08-09T18:35,2026-08-09,18,38,0.0,0.0,31.612
2026-08-09T18:40,2026-08-09,18,38,0.0,0.0,31.547
2026-08-09T18:45,2026-08-09,18,38,0.0,0.0,31.482
2026-08-09T18:50,2026-08-09,18,38,0.0,0.0,31.415
2026-08-09T18:55,2026-08-09,18,38,0.0,0.0,31.348
2026-08-09T19:00,2026-08-09,19,39,0.0,0.0,31.281
2026-08-09T19:05,2026-08-09,19,39,0.0,0.0,31.212
2026-08-09T19:10,2026-08-09,19,39,0.0,0.0,31.143
2026-08-09T19:15,2026-08-09,19,39,0.0,0.0,31.074
2026-08-09T19:20,2026-08-09,19,39,0.0,0.0,31.003
2026-08-09T19:25,2026-08-09,19,39,0.0,0.0,30.932
2026-08-09T19:30,2026-08-09,19,40,0.0,0.0,30.861
2026-08-09T19:35,2026-08-09,19,40,0.0,0.0,30.789
2026-08-09T19:40,2026-08-09,19,40,0.0,0.0,30.716
2026-08-09T19:45,2026-08-09,19,40,0.0,0.0,30.643
2026-08-09T19:50,2026-08-09,19,40,0.0,0.0,30.57
2026-08-09T19:55,2026-08-09,19,40,0.0,0.0,30.496
2026-08-09T20:00,2026-08-09,20,41,0.0,0.0,30.421
2026-08-09T20:05,2026-08-09,20,41,0.0,0.0,30.346
2026-08-09T20:10,2026-08-09,20,41,0.0,0.0,30.271
2026-08-09T20:15,2026-08-09,20,41,0.0,0.0,30.195
2026-08-09T20:20,2026-08-09,20,41,0.0,0.0,30.119
2026-08-09T20:25,2026-08-09,20,41,0.0,0.0,30.043
2026-08-09T20:30,2026-08-09,20,42,0.0,0.0,29.966
2026-08-09T20:35,2026-08-09,20,42,0.0,0.0,29.889
2026-08-09T20:40,2026-08-09,20,42,0.0,0.0,29.812
2026-08-09T20:45,2026-08-09,20,42,0.0,0.0,29.735
2026-08-09T20:50,2026-08-09,20,42,0.0,0.0,29.657
2026-08-09T20:55,2026-08-09,20,42,0.0,0.0,29.579
2026-08-09T21:00,2026-08-09,21,43,0.0,0.0,29.501
2026-08-09T21:05,2026-08-09,21,43,0.0,0.0,29.423
2026-08-09T21:10,2026-08-09,21,43,0.0,0.0,29.345
2026-08-09T21:15,2026-08-09,21,43,0.0,0.0,29.266
2026-08-09T21:20,2026-08-09,21,43,0.0,0.0,29.188
2026-08-09T21:25,2026-08-09,21,43,0.0,0.0,29.109
2026-08-09T21:30,2026-08-09,21,44,0.0,0.0,29.031
2026-08-09T21:35,2026-08-09,21,44,0.0,0.0,28.952
2026-08-09T21:40,2026-08-09,21,44,0.0,0.0,28.874
2026-08-09T21:45,2026-08-09,21,44,0.0,0.0,28.795
2026-08-09T21:50,2026-08-09,21,44,0.0,0.0,28.717
2026-08-09T21:55,2026-08-09,21,44,0.0,0.0,28.638
2026-08-09T22:00,2026-08-09,22,45,0.0,0.0,28.56
2026-08-09T22:05,2026-08-09,22,45,0.0,0.0,28.482
2026-08-09T22:10,2026-08-09,22,45,0.0,0.0,28.404
2026-08-09T22:15,2026-08-09,22,45,0.0,0.0,28.327
2026-08-09T22:20,2026-08-09,22,45,0.0,0.0,28.249
2026-08-09T22:25,2026-08-09,22,45,0.0,0.0,28.172
2026-08-09T22:30,2026-08-09,22,46,0.0,0.0,28.095
2026-08-09T22:35,2026-08-09,22,46,0.0,0.0,28.018
2026-08-09T22:40,2026-08-09,22,46,0.0,0.0,27.942
2026-08-09T22:45,2026-08-09,22,46,0.0,0.0,27.866
2026-08-09T22:50,2026-08-09,22,46,0.0,0.0,27.79
2026-08-09T22:55,2026-08-09,22,46,0.0,0.0,27.715
2026-08-09T23:00,2026-08-09,23,47,0.0,0.0,27.64
2026-08-09T23:05,2026-08-09,23,47,0.0,0.0,27.566
2026-08-09T23:10,2026-08-09,23,47,0.0,0.0,27.492
2026-08-09T23:15,2026-08-09,23,47,0.0,0.0,27.418
2026-08-09T23:20,2026-08-09,23,47,0.0,0.0,27.345
2026-08-09T23:25,2026-08-09,23,47,0.0,0.0,27.272
2026-08-09T23:30,2026-08-09,23,48,0.0,0.0,27.2
2026-08-09T23:35,2026-08-09,23,48,0.0,0.0,27.129
2026-08-09T23:40,2026-08-09,23,48,0.0,0.0,27.058
2026-08-09T23:45,2026-08-09,23,48,0.0,0.0,26.988
2026-08-09T23:50,2026-08-09,23,48,0.0,0.0,26.918
2026-08-09T23:55,2026-08-09,23,48,0.0,0.0,26.849
2026-08-10T00:00,2026-08-10,0,1,0.0,0.0,26.781
2026-08-10T00:05,2026-08-10,0,1,0.0,0.0,26.713
2026-08-10T00:10,2026-08-10,0,1,0.0,0.0,26.646
2026-08-10T00:15,2026-08-10,0,1,0.0,0.0,26.58
2026-08-10T00:20,2026-08-10,0,1,0.0,0.0,26.514
2026-08-10T00:25,2026-08-10,0,1,0.0,0.0,26.45
2026-08-10T00:30,2026-08-10,0,2,0.0,0.0,26.386
2026-08-10T00:35,2026-08-10,0,2,0.0,0.0,26.322
2026-08-10T00:40,2026-08-10,0,2,0.0,0.0,26.26
2026-08-10T00:45,2026-08-10,0,2,0.0,0.0,26.199
2026-08-10T00:50,2026-08-10,0,2,0.0,0.0,26.138
2026-08-10T00:55,2026-08-10,0,2,0.0,0.0,26.078
2026-08-10T01:00,2026-08-10,1,3,0.0,0.0,26.02
2026-08-10T01:05,2026-08-10,1,3,0.0,0.0,25.962
2026-08-10T01:10,2026-08-10,1,3,0.0,0.0,25.905
2026-08-10T01:15,2026-08-10,1,3,0.0,0.0,25.849
2026-08-10T01:20,2026-08-10,1,3,0.0,0.0,25.794
2026-08-10T01:25,2026-08-10,1,3,0.0,0.0,25.74
2026-08-10T01:30,2026-08-10,1,4,0.0,0.0,25.686
2026-08-10T01:35,2026-08-10,1,4,0.0,0.0,25.634
2026-08-10T01:40,2026-08-10,1,4,0.0,0.0,25.583
2026-08-10T01:45,2026-08-10,1,4,0.0,0.0,25.533
2026-08-10T01:50,2026-08-10,1,4,0.0,0.0,25.485
2026-08-10T01:55,2026-08-10,1,4,0.0,0.0,25.437
2026-08-10T02:00,2026-08-10,2,5,0.0,0.0,25.39
2026-08-10T02:05,2026-08-10,2,5,0.0,0.0,25.344
2026-08-10T02:10,2026-08-10,2,5,0.0,0.0,25.3
2026-08-10T02:15,2026-08-10,2,5,0.0,0.0,25.257
2026-08-10T02:20,2026-08-10,2,5,0.0,0.0,25.214
2026-08-10T02:25,2026-08-10,2,5,0.0,0.0,25.173
2026-08-10T02:30,2026-08-10,2,6,0.0,0.0,25.134
2026-08-10T02:35,2026-08-10,2,6,0.0,0.0,25.095
2026-08-10T02:40,2026-08-10,2,6,0.0,0.0,25.057
2026-08-10T02:45,2026-08-10,2,6,0.0,0.0,25.021
2026-08-10T02:50,2026-08-10,2,6,0.0,0.0,24.986
2026-08-10T02:55,2026-08-10,2,6,0.0,0.0,24.952
2026-08-10T03:00,2026-08-10,3,7,0.0,0.0,24.92
2026-08-10T03:05,2026-08-10,3,7,0.0,0.0,24.888
2026-08-10T03:10,2026-08-10,3,7,0.0,0.0,24.858
2026-08-10T03:15,2026-08-10,3,7,0.0,0.0,24.83
2026-08-10T03:20,2026-08-10,3,7,0.0,0.0,24.802
2026-08-10T03:25,2026-08-10,3,7,0.0,0.0,24.776
2026-08-10T03:30,2026-08-10,3,8,0.0,0.0,24.751
2026-08-10T03:35,2026-08-10,3,8,0.0,0.0,24.727
2026-08-10T03:40,2026-08-10,3,8,0.0,0.0,24.705
2026-08-10T03:45,2026-08-10,3,8,0.0,0.0,24.684
2026-08-10T03:50,2026-08-10,3,8,0.0,0.0,24.664
2026-08-10T03:55,2026-08-10,3,8,0.0,0.0,24.646
2026-08-10T04:00,2026-08-10,4,9,0.0,0.0,24.629
2026-08-10T04:05,2026-08-10,4,9,0.0,0.0,24.613
2026-08-10T04:10,2026-08-10,4,9,0.0,0.0,24.599
2026-08-10T04:15,2026-08-10,4,9,0.0,0.0,24.586
2026-08-10T04:20,2026-08-10,4,9,0.0,0.0,24.574
2026-08-10T04:25,2026-08-10,4,9,0.0,0.0,24.564
2026-08-10T04:30,2026-08-10,4,10,0.0,0.0,24.555
2026-08-10T04:35,2026-08-10,4,10,0.0,0.0,24.548
2026-08-10T04:40,2026-08-10,4,10,0.0,0.0,24.542
2026-08-10T04:45,2026-08-10,4,10,0.0,0.0,24.537
2026-08-10T04:50,2026-08-10,4,10,0.0,0.0,24.533
2026-08-10T04:55,2026-08-10,4,10,0.0,0.0,24.531
2026-08-10T05:00,2026-08-10,5,11,0.0,0.0,23.975
2026-08-10T05:05,2026-08-10,5,11,0.0,0.0,23.977
2026-08-10T05:10,2026-08-10,5,11,14.771,6.193,24.166
2026-08-10T05:15,2026-08-10,5,11,34.887,14.623,24.429
2026-08-10T05:20,2026-08-10,5,11,56.776,23.778,24.73
2026-08-10T05:25,2026-08-10,5,11,79.819,33.638,25.061
2026-08-10T05:30,2026-08-10,5,12,109.727,45.866,25.415
2026-08-10T05:35,2026-08-10,5,12,121.968,51.68,25.789
2026-08-10T05:40,2026-08-10,5,12,151.446,63.29,26.18
2026-08-10T05:45,2026-08-10,5,12,171.494,72.216,26.588
2026-08-10T05:50,2026-08-10,5,12,193.668,82.137,27.01
2026-08-10T05:55,2026-08-10,5,12,233.639,99.291,27.445
2026-08-10T06:00,2026-08-10,6,13,252.791,108.218,27.892
2026-08-10T06:05,2026-08-10,6,13,298.855,127.268,28.35
2026-08-10T06:10,2026-08-10,6,13,323.565,136.756,28.818
2026-08-10T06:15,2026-08-10,6,13,364.706,155.784,29.295
2026-08-10T06:20,2026-08-10,6,13,378.065,162.142,29.781
2026-08-10T06:25,2026-08-10,6,13,420.248,180.905,30.274
2026-08-10T06:30,2026-08-10,6,14,444.595,190.8,30.775
2026-08-10T06:35,2026-08-10,6,14,492.593,212.559,31.282
2026-08-10T06:40,2026-08-10,6,14,513.884,220.259,31.795
2026-08-10T06:45,2026-08-10,6,14,592.223,252.699,32.314
2026-08-10T06:50,2026-08-10,6,14,613.329,266.836,32.837
2026-08-10T06:55,2026-08-10,6,14,675.765,291.796,33.364
2026-08-10T07:00,2026-08-10,7,15,742.239,324.25,33.896
2026-08-10T07:05,2026-08-10,7,15,726.294,314.52,34.43
2026-08-10T07:10,2026-08-10,7,15,771.803,333.51,34.967
2026-08-10T07:15,2026-08-10,7,15,760.662,332.466,35.506
2026-08-10T07:20,2026-08-10,7,15,754.439,331.638,36.047
2026-08-10T07:25,2026-08-10,7,15,789.851,348.848,36.589
2026-08-10T07:30,2026-08-10,7,16,853.18,373.731,37.132
2026-08-10T07:35,2026-08-10,7,16,866.984,387.047,37.675
2026-08-10T07:40,2026-08-10,7,16,895.91,397.499,38.218
2026-08-10T07:45,2026-08-10,7,16,976.147,433.51,38.761
2026-08-10T07:50,2026-08-10,7,16,1060.461,466.718,39.302
2026-08-10T07:55,2026-08-10,7,16,1086.027,485.759,39.842
2026-08-10T08:00,2026-08-10,8,17,1109.192,499.693,40.379
2026-08-10T08:05,2026-08-10,8,17,1126.925,499.286,40.915
2026-08-10T08:10,2026-08-10,8,17,1195.365,534.151,41.447
2026-08-10T08:15,2026-08-10,8,17,1139.423,512.673,41.977
2026-08-10T08:20,2026-08-10,8,17,1151.403,521.503,42.502
2026-08-10T08:25,2026-08-10,8,17,1142.906,515.063,43.024
2026-08-10T08:30,2026-08-10,8,18,1141.447,516.128,43.541
2026-08-10T08:35,2026-08-10,8,18,1119.459,505.053,44.054
2026-08-10T08:40,2026-08-10,8,18,1162.733,527.029,44.561
2026-08-10T08:45,2026-08-10,8,18,1227.651,555.56,45.062
2026-08-10T08:50,2026-08-10,8,18,1257.835,570.777,45.558
2026-08-10T08:55,2026-08-10,8,18,1217.804,557.208,46.047
2026-08-10T09:00,2026-08-10,9,19,1208.99,548.732,46.529
2026-08-10T09:05,2026-08-10,9,19,1254.136,576.686,47.005
2026-08-10T09:10,2026-08-10,9,19,1262.965,578.499,47.472
2026-08-10T09:15,2026-08-10,9,19,1265.225,582.476,47.932
2026-08-10T09:20,2026-08-10,9,19,1281.753,587.622,48.384
2026-08-10T09:25,2026-08-10,9,19,1334.599,612.033,48.827
2026-08-10T09:30,2026-08-10,9,20,1436.916,669.149,49.262
2026-08-10T09:35,2026-08-10,9,20,1344.872,628.52,49.687
2026-08-10T09:40,2026-08-10,9,20,1343.254,622.718,50.103
2026-08-10T09:45,2026-08-10,9,20,1401.924,654.601,50.509
2026-08-10T09:50,2026-08-10,9,20,1437.786,670.765,50.905
2026-08-10T09:55,2026-08-10,9,20,1524.815,703.539,51.291
2026-08-10T10:00,2026-08-10,10,21,1536.737,714.846,51.665
2026-08-10T10:05,2026-08-10,10,21,1710.257,798.857,52.029
2026-08-10T10:10,2026-08-10,10,21,1736.468,814.805,52.382
2026-08-10T10:15,2026-08-10,10,21,1720.092,803.617,52.723
2026-08-10T10:20,2026-08-10,10,21,1768.041,827.387,53.053
2026-08-10T10:25,2026-08-10,10,21,1711.7,813.553,53.371
2026-08-10T10:30,2026-08-10,10,22,1793.582,853.046,53.676
2026-08-10T10:35,2026-08-10,10,22,1745.179,826.964,53.969
2026-08-10T10:40,2026-08-10,10,22,1789.112,846.316,54.249
2026-08-10T10:45,2026-08-10,10,22,1785.323,848.288,54.516
2026-08-10T10:50,2026-08-10,10,22,1785.379,843.593,54.771
2026-08-10T10:55,2026-08-10,10,22,1824.009,865.71,55.012
2026-08-10T11:00,2026-08-10,11,23,1761.865,829.844,55.239
2026-08-10T11:05,2026-08-10,11,23,1614.881,763.757,55.453
2026-08-10T11:10,2026-08-10,11,23,1640.015,781.355,55.654
2026-08-10T11:15,2026-08-10,11,23,1680.478,800.469,55.84
2026-08-10T11:20,2026-08-10,11,23,1620.658,774.879,56.012
2026-08-10T11:25,2026-08-10,11,23,1669.785,795.91,56.17
2026-08-10T11:30,2026-08-10,11,24,1702.99,805.645,56.313
2026-08-10T11:35,2026-08-10,11,24,1656.966,787.051,56.443
2026-08-10T11:40,2026-08-10,11,24,1698.92,808.016,56.557
2026-08-10T11:45,2026-08-10,11,24,1715.976,819.279,56.657
2026-08-10T11:50,2026-08-10,11,24,1735.122,825.821,56.742
2026-08-10T11:55,2026-08-10,11,24,1760.155,833.042,56.813
2026-08-10T12:00,2026-08-10,12,25,1789.498,859.153,56.868
2026-08-10T12:05,2026-08-10,12,25,1711.549,823.264,56.909
2026-08-10T12:10,2026-08-10,12,25,1714.004,823.989,56.934
2026-08-10T12:15,2026-08-10,12,25,1790.5,850.762,56.945
2026-08-10T12:20,2026-08-10,12,25,1810.579,876.864,56.94
2026-08-10T12:25,2026-08-10,12,25,1757.137,837.867,56.921
2026-08-10T12:30,2026-08-10,12,26,1773.139,849.405,56.886
2026-08-10T12:35,2026-08-10,12,26,1723.441,813.863,56.837
2026-08-10T12:40,2026-08-10,12,26,1692.66,800.903,56.773
2026-08-10T12:45,2026-08-10,12,26,1743.483,835.614,56.693
2026-08-10T12:50,2026-08-10,12,26,1790.387,860.266,56.599
2026-08-10T12:55,2026-08-10,12,26,1743.732,832.251,56.489
2026-08-10T13:00,2026-08-10,13,27,1633.815,780.548,56.365
2026-08-10T13:05,2026-08-10,13,27,1680.835,805.876,56.227
2026-08-10T13:10,2026-08-10,13,27,1741.926,830.571,56.073
2026-08-10T13:15,2026-08-10,13,27,1577.658,757.617,55.905
2026-08-10T13:20,2026-08-10,13,27,1649.674,789.524,55.723
2026-08-10T13:25,2026-08-10,13,27,1727.566,817.961,55.526
2026-08-10T13:30,2026-08-10,13,28,1779.202,834.781,55.316
2026-08-10T13:35,2026-08-10,13,28,1688.273,802.008,55.091
2026-08-10T13:40,2026-08-10,13,28,1667.517,790.52,54.852
2026-08-10T13:45,2026-08-10,13,28,1666.155,783.019,54.6
2026-08-10T13:50,2026-08-10,13,28,1600.631,754.635,54.334
2026-08-10T13:55,2026-08-10,13,28,1526.491,720.579,54.054
2026-08-10T14:00,2026-08-10,14,29,1537.395,729.566,53.762
2026-08-10T14:05,2026-08-10,14,29,1517.157,718.383,53.458
2026-08-10T14:10,2026-08-10,14,29,1446.257,684.816,53.143
2026-08-10T14:15,2026-08-10,14,29,1437.692,677.785,52.818
2026-08-10T14:20,2026-08-10,14,29,1444.694,673.776,52.484
2026-08-10T14:25,2026-08-10,14,29,1372.839,640.543,52.14
2026-08-10T14:30,2026-08-10,14,30,1416.692,658.773,51.786
2026-08-10T14:35,2026-08-10,14,30,1390.49,650.713,51.423
2026-08-10T14:40,2026-08-10,14,30,1348.196,633.463,51.052
2026-08-10T14:45,2026-08-10,14,30,1312.843,608.811,50.672
2026-08-10T14:50,2026-08-10,14,30,1260.639,588.022,50.283
2026-08-10T14:55,2026-08-10,14,30,1280.685,593.342,49.887
2026-08-10T15:00,2026-08-10,15,31,1190.625,549.959,49.482
2026-08-10T15:05,2026-08-10,15,31,1166.462,540.77,49.07
2026-08-10T15:10,2026-08-10,15,31,1173.287,542.561,48.651
2026-08-10T15:15,2026-08-10,15,31,1136.222,526.264,48.225
2026-08-10T15:20,2026-08-10,15,31,1119.256,515.588,47.793
2026-08-10T15:25,2026-08-10,15,31,1047.95,480.314,47.354
2026-08-10T15:30,2026-08-10,15,32,1033.705,474.606,46.909
2026-08-10T15:35,2026-08-10,15,32,961.776,439.396,46.459
2026-08-10T15:40,2026-08-10,15,32,945.07,431.505,46.003
2026-08-10T15:45,2026-08-10,15,32,926.015,426.522,45.543
2026-08-10T15:50,2026-08-10,15,32,959.169,433.809,45.078
2026-08-10T15:55,2026-08-10,15,32,916.875,416.321,44.609
2026-08-10T16:00,2026-08-10,16,33,890.998,405.998,44.136
2026-08-10T16:05,2026-08-10,16,33,859.881,385.479,43.659
2026-08-10T16:10,2026-08-10,16,33,780.605,348.464,43.18
2026-08-10T16:15,2026-08-10,16,33,785.983,354.263,42.698
2026-08-10T16:20,2026-08-10,16,33,806.762,361.908,42.213
2026-08-10T16:25,2026-08-10,16,33,748.536,334.617,41.727
2026-08-10T16:30,2026-08-10,16,34,713.946,320.644,41.24
2026-08-10T16:35,2026-08-10,16,34,678.663,302.777,40.751
2026-08-10T16:40,2026-08-10,16,34,663.046,293.439,40.263
2026-08-10T16:45,2026-08-10,16,34,615.794,275.039,39.774
2026-08-10T16:50,2026-08-10,16,34,616.879,273.343,39.286
2026-08-10T16:55,2026-08-10,16,34,561.198,247.114,38.798
2026-08-10T17:00,2026-08-10,17,35,512.278,223.999,38.313
2026-08-10T17:05,2026-08-10,17,35,437.523,194.904,37.829
2026-08-10T17:10,2026-08-10,17,35,426.609,185.695,37.348
2026-08-10T17:15,2026-08-10,17,35,370.446,162.915,36.87
2026-08-10T17:20,2026-08-10,17,35,338.991,149.493,36.397
2026-08-10T17:25,2026-08-10,17,35,316.922,138.33,35.928
2026-08-10T17:30,2026-08-10,17,36,285.967,126.49,35.465
2026-08-10T17:35,2026-08-10,17,36,277.258,120.301,35.008
2026-08-10T17:40,2026-08-10,17,36,234.559,102.594,34.558
2026-08-10T17:45,2026-08-10,17,36,200.535,87.605,34.117
2026-08-10T17:50,2026-08-10,17,36,160.325,69.583,33.685
2026-08-10T17:55,2026-08-10,17,36,142.986,62.473,33.265
2026-08-10T18:00,2026-08-10,18,37,111.828,48.647,32.857
2026-08-10T18:05,2026-08-10,18,37,84.936,36.461,32.465
2026-08-10T18:10,2026-08-10,18,37,57.946,25.213,32.093
2026-08-10T18:15,2026-08-10,18,37,34.334,14.988,31.744
2026-08-10T18:20,2026-08-10,18,37,14.111,6.02,31.429
2026-08-10T18:25,2026-08-10,18,37,0.0,0.0,31.183
2026-08-10T18:30,2026-08-10,18,38,0.0,0.0,31.12
2026-08-10T18:35,2026-08-10,18,38,0.0,0.0,31.056
2026-08-10T18:40,2026-08-10,18,38,0.0,0.0,30.991
2026-08-10T18:45,2026-08-10,18,38,0.0,0.0,30.926
2026-08-10T18:50,2026-08-10,18,38,0.0,0.0,30.86
2026-08-10T18:55,2026-08-10,18,38,0.0,0.0,30.793
2026-08-10T19:00,2026-08-10,19,39,0.0,0.0,30.725
2026-08-10T19:05,2026-08-10,19,39,0.0,0.0,30.657
2026-08-10T19:10,2026-08-10,19,39,0.0,0.0,30.588
2026-08-10T19:15,2026-08-10,19,39,0.0,0.0,30.518
2026-08-10T19:20,2026-08-10,19,39,0.0,0.0,30.448
2026-08-10T19:25,2026-08-10,19,39,0.0,0.0,30.377
2026-08-10T19:30,2026-08-10,19,40,0.0,0.0,30.305
2026-08-10T19:35,2026-08-10,19,40,0.0,0.0,30.233
2026-08-10T19:40,2026-08-10,19,40,0.0,0.0,30.161
2026-08-10T19:45,2026-08-10,19,40,0.0,0.0,30.088
2026-08-10T19:50,2026-08-10,19,40,0.0,0.0,30.014
2026-08-10T19:55,2026-08-10,19,40,0.0,0.0,29.94
2026-08-10T20:00,2026-08-10,20,41,0.0,0.0,29.866
2026-08-10T20:05,2026-08-10,20,41,0.0,0.0,29.791
2026-08-10T20:10,2026-08-10,20,41,0.0,0.0,29.715
2026-08-10T20:15,2026-08-10,20,41,0.0,0.0,29.64
2026-08-10T20:20,2026-08-10,20,41,0.0,0.0,29.564
2026-08-10T20:25,2026-08-10,20,41,0.0,0.0,29.487
2026-08-10T20:30,2026-08-10,20,42,0.0,0.0,29.411
2026-08-10T20:35,2026-08-10,20,42,0.0,0.0,29.334
2026-08-10T20:40,2026-08-10,20,42,0.0,0.0,29.257
2026-08-10T20:45,2026-08-10,20,42,0.0,0.0,29.179
2026-08-10T20:50,2026-08-10,20,42,0.0,0.0,29.101
2026-08-10T20:55,2026-08-10,20,42,0.0,0.0,29.024
2026-08-10T21:00,2026-08-10,21,43,0.0,0.0,28.945
2026-08-10T21:05,2026-08-10,21,43,0.0,0.0,28.867
2026-08-10T21:10,2026-08-10,21,43,0.0,0.0,28.789
2026-08-10T21:15,2026-08-10,21,43,0.0,0.0,28.711
2026-08-10T21:20,2026-08-10,21,43,0.0,0.0,28.632
2026-08-10T21:25,2026-08-10,21,43,0.0,0.0,28.554
2026-08-10T21:30,2026-08-10,21,44,0.0,0.0,28.475
2026-08-10T21:35,2026-08-10,21,44,0.0,0.0,28.397
2026-08-10T21:40,2026-08-10,21,44,0.0,0.0,28.318
2026-08-10T21:45,2026-08-10,21,44,0.0,0.0,28.24
2026-08-10T21:50,2026-08-10,21,44,0.0,0.0,28.161
2026-08-10T21:55,2026-08-10,21,44,0.0,0.0,28.083
2026-08-10T22:00,2026-08-10,22,45,0.0,0.0,28.005
2026-08-10T22:05,2026-08-10,22,45,0.0,0.0,27.927
2026-08-10T22:10,2026-08-10,22,45,0.0,0.0,27.849
2026-08-10T22:15,2026-08-10,22,45,0.0,0.0,27.771
2026-08-10T22:20,2026-08-10,22,45,0.0,0.0,27.694
2026-08-10T22:25,2026-08-10,22,45,0.0,0.0,27.616
2026-08-10T22:30,2026-08-10,22,46,0.0,0.0,27.539
2026-08-10T22:35,2026-08-10,22,46,0.0,0.0,27.463
2026-08-10T22:40,2026-08-10,22,46,0.0,0.0,27.386
2026-08-10T22:45,2026-08-10,22,46,0.0,0.0,27.31
2026-08-10T22:50,2026-08-10,22,46,0.0,0.0,27.235
2026-08-10T22:55,2026-08-10,22,46,0.0,0.0,27.159
2026-08-10T23:00,2026-08-10,23,47,0.0,0.0,27.085
2026-08-10T23:05,2026-08-10,23,47,0.0,0.0,27.01
2026-08-10T23:10,2026-08-10,23,47,0.0,0.0,26.936
2026-08-10T23:15,2026-08-10,23,47,0.0,0.0,26.862
2026-08-10T23:20,2026-08-10,23,47,0.0,0.0,26.789
2026-08-10T23:25,2026-08-10,23,47,0.0,0.0,26.717
2026-08-10T23:30,2026-08-10,23,48,0.0,0.0,26.645
2026-08-10T23:35,2026-08-10,23,48,0.0,0.0,26.573
2026-08-10T23:40,2026-08-10,23,48,0.0,0.0,26.502
2026-08-10T23:45,2026-08-10,23,48,0.0,0.0,26.432
2026-08-10T23:50,2026-08-10,23,48,0.0,0.0,26.362
2026-08-10T23:55,2026-08-10,23,48,0.0,0.0,26.293
2026-08-11T00:00,2026-08-11,0,1,0.0,0.0,26.225
2026-08-11T00:05,2026-08-11,0,1,0.0,0.0,26.157
2026-08-11T00:10,2026-08-11,0,1,0.0,0.0,26.09
2026-08-11T00:15,2026-08-11,0,1,0.0,0.0,26.024
2026-08-11T00:20,2026-08-11,0,1,0.0,0.0,25.959
2026-08-11T00:25,2026-08-11,0,1,0.0,0.0,25.894
2026-08-11T00:30,2026-08-11,0,2,0.0,0.0,25.83
2026-08-11T00:35,2026-08-11,0,2,0.0,0.0,25.767
2026-08-11T00:40,2026-08-11,0,2,0.0,0.0,25.705
2026-08-11T00:45,2026-08-11,0,2,0.0,0.0,25.643
2026-08-11T00:50,2026-08-11,0,2,0.0,0.0,25.583
2026-08-11T00:55,2026-08-11,0,2,0.0,0.0,25.523
2026-08-11T01:00,2026-08-11,1,3,0.0,0.0,25.464
2026-08-11T01:05,2026-08-11,1,3,0.0,0.0,25.406
2026-08-11T01:10,2026-08-11,1,3,0.0,0.0,25.349
2026-08-11T01:15,2026-08-11,1,3,0.0,0.0,25.293
2026-08-11T01:20,2026-08-11,1,3,0.0,0.0,25.238
2026-08-11T01:25,2026-08-11,1,3,0.0,0.0,25.184
2026-08-11T01:30,2026-08-11,1,4,0.0,0.0,25.131
2026-08-11T01:35,2026-08-11,1,4,0.0,0.0,25.079
2026-08-11T01:40,2026-08-11,1,4,0.0,0.0,25.028
2026-08-11T01:45,2026-08-11,1,4,0.0,0.0,24.978
2026-08-11T01:50,2026-08-11,1,4,0.0,0.0,24.929
2026-08-11T01:55,2026-08-11,1,4,0.0,0.0,24.881
2026-08-11T02:00,2026-08-11,2,5,0.0,0.0,24.835
2026-08-11T02:05,2026-08-11,2,5,0.0,0.0,24.789
2026-08-11T02:10,2026-08-11,2,5,0.0,0.0,24.744
2026-08-11T02:15,2026-08-11,2,5,0.0,0.0,24.701
2026-08-11T02:20,2026-08-11,2,5,0.0,0.0,24.659
2026-08-11T02:25,2026-08-11,2,5,0.0,0.0,24.618
2026-08-11T02:30,2026-08-11,2,6,0.0,0.0,24.578
2026-08-11T02:35,2026-08-11,2,6,0.0,0.0,24.539
2026-08-11T02:40,2026-08-11,2,6,0.0,0.0,24.502
2026-08-11T02:45,2026-08-11,2,6,0.0,0.0,24.466
2026-08-11T02:50,2026-08-11,2,6,0.0,0.0,24.431
2026-08-11T02:55,2026-08-11,2,6,0.0,0.0,24.397
2026-08-11T03:00,2026-08-11,3,7,0.0,0.0,24.364
2026-08-11T03:05,2026-08-11,3,7,0.0,0.0,24.333
2026-08-11T03:10,2026-08-11,3,7,0.0,0.0,24.303
2026-08-11T03:15,2026-08-11,3,7,0.0,0.0,24.274
2026-08-11T03:20,2026-08-11,3,7,0.0,0.0,24.246
2026-08-11T03:25,2026-08-11,3,7,0.0,0.0,24.22
2026-08-11T03:30,2026-08-11,3,8,0.0,0.0,24.195
2026-08-11T03:35,2026-08-11,3,8,0.0,0.0,24.172
2026-08-11T03:40,2026-08-11,3,8,0.0,0.0,24.149
2026-08-11T03:45,2026-08-11,3,8,0.0,0.0,24.128
2026-08-11T03:50,2026-08-11,3,8,0.0,0.0,24.109
2026-08-11T03:55,2026-08-11,3,8,0.0,0.0,24.09
2026-08-11T04:00,2026-08-11,4,9,0.0,0.0,24.073
2026-08-11T04:05,2026-08-11,4,9,0.0,0.0,24.058
2026-08-11T04:10,2026-08-11,4,9,0.0,0.0,24.043
2026-08-11T04:15,2026-08-11,4,9,0.0,0.0,24.031
2026-08-11T04:20,2026-08-11,4,9,0.0,0.0,24.019
2026-08-11T04:25,2026-08-11,4,9,0.0,0.0,24.009
2026-08-11T04:30,2026-08-11,4,10,0.0,0.0,24.0
2026-08-11T04:35,2026-08-11,4,10,0.0,0.0,23.992
2026-08-11T04:40,2026-08-11,4,10,0.0,0.0,23.986
2026-08-11T04:45,2026-08-11,4,10,0.0,0.0,23.981
2026-08-11T04:50,2026-08-11,4,10,0.0,0.0,23.978
2026-08-11T04:55,2026-08-11,4,10,0.0,0.0,23.976
2026-08-11T05:00,2026-08-11,5,11,0.0,0.0,24.549
2026-08-11T05:05,2026-08-11,5,11,0.0,0.0,24.55
2026-08-11T05:10,2026-08-11,5,11,16.372,6.894,24.74
2026-08-11T05:15,2026-08-11,5,11,37.021,15.593,25.003
2026-08-11T05:20,2026-08-11,5,11,64.924,27.328,25.304
2026-08-11T05:25,2026-08-11,5,11,90.013,37.904,25.634
2026-08-11T05:30,2026-08-11,5,12,119.271,50.279,25.988
2026-08-11T05:35,2026-08-11,5,12,156.339,65.655,26.362
2026-08-11T05:40,2026-08-11,5,12,188.252,79.206,26.754
2026-08-11T05:45,2026-08-11,5,12,209.736,89.326,27.161
2026-08-11T05:50,2026-08-11,5,12,252.104,107.152,27.583
2026-08-11T05:55,2026-08-11,5,12,276.32,116.515,28.018
2026-08-11T06:00,2026-08-11,6,13,319.661,135.564,28.465
2026-08-11T06:05,2026-08-11,6,13,353.92,150.555,28.923
2026-08-11T06:10,2026-08-11,6,13,381.374,161.773,29.391
2026-08-11T06:15,2026-08-11,6,13,419.454,180.171,29.868
2026-08-11T06:20,2026-08-11,6,13,459.207,197.741,30.354
2026-08-11T06:25,2026-08-11,6,13,492.155,213.177,30.848
2026-08-11T06:30,2026-08-11,6,14,521.298,223.36,31.348
2026-08-11T06:35,2026-08-11,6,14,572.287,246.792,31.856
2026-08-11T06:40,2026-08-11,6,14,601.608,260.319,32.369
2026-08-11T06:45,2026-08-11,6,14,657.004,283.164,32.887
2026-08-11T06:50,2026-08-11,6,14,664.726,288.095,33.41
2026-08-11T06:55,2026-08-11,6,14,727.764,317.046,33.938
2026-08-11T07:00,2026-08-11,7,15,760.405,333.045,34.469
2026-08-11T07:05,2026-08-11,7,15,778.853,339.394,35.003
2026-08-11T07:10,2026-08-11,7,15,773.791,339.908,35.54
2026-08-11T07:15,2026-08-11,7,15,849.235,370.867,36.08
2026-08-11T07:20,2026-08-11,7,15,857.06,375.401,36.621
2026-08-11T07:25,2026-08-11,7,15,867.256,383.272,37.163
2026-08-11T07:30,2026-08-11,7,16,890.937,396.075,37.706
2026-08-11T07:35,2026-08-11,7,16,935.579,410.604,38.249
2026-08-11T07:40,2026-08-11,7,16,1031.511,463.306,38.792
2026-08-11T07:45,2026-08-11,7,16,1035.077,461.313,39.334
2026-08-11T07:50,2026-08-11,7,16,1144.628,511.307,39.875
2026-08-11T07:55,2026-08-11,7,16,1175.54,522.539,40.415
2026-08-11T08:00,2026-08-11,8,17,1138.452,510.693,40.953
2026-08-11T08:05,2026-08-11,8,17,1160.239,521.995,41.488
2026-08-11T08:10,2026-08-11,8,17,1234.138,550.988,42.021
2026-08-11T08:15,2026-08-11,8,17,1230.575,550.971,42.55
2026-08-11T08:20,2026-08-11,8,17,1297.595,583.066,43.076
2026-08-11T08:25,2026-08-11,8,17,1311.75,599.016,43.598
2026-08-11T08:30,2026-08-11,8,18,1321.207,601.969,44.115
2026-08-11T08:35,2026-08-11,8,18,1368.246,618.493,44.627
2026-08-11T08:40,2026-08-11,8,18,1270.679,579.366,45.134
2026-08-11T08:45,2026-08-11,8,18,1337.393,607.147,45.636
2026-08-11T08:50,2026-08-11,8,18,1316.103,596.133,46.131
2026-08-11T08:55,2026-08-11,8,18,1347.613,613.23,46.62
2026-08-11T09:00,2026-08-11,9,19,1398.701,636.727,47.103
2026-08-11T09:05,2026-08-11,9,19,1422.202,655.645,47.578
2026-08-11T09:10,2026-08-11,9,19,1373.688,638.188,48.046
2026-08-11T09:15,2026-08-11,9,19,1401.54,648.499,48.506
2026-08-11T09:20,2026-08-11,9,19,1496.661,692.63,48.958
2026-08-11T09:25,2026-08-11,9,19,1529.325,710.987,49.401
2026-08-11T09:30,2026-08-11,9,20,1559.247,723.181,49.835
2026-08-11T09:35,2026-08-11,9,20,1589.28,737.929,50.261
2026-08-11T09:40,2026-08-11,9,20,1638.398,755.805,50.676
2026-08-11T09:45,2026-08-11,9,20,1605.475,749.929,51.082
2026-08-11T09:50,2026-08-11,9,20,1663.787,783.241,51.478
2026-08-11T09:55,2026-08-11,9,20,1734.742,815.674,51.864
2026-08-11T10:00,2026-08-11,10,21,1633.162,762.347,52.239
2026-08-11T10:05,2026-08-11,10,21,1679.144,785.62,52.603
2026-08-11T10:10,2026-08-11,10,21,1693.832,805.176,52.956
2026-08-11T10:15,2026-08-11,10,21,1714.83,808.288,53.297
2026-08-11T10:20,2026-08-11,10,21,1714.668,809.544,53.626
2026-08-11T10:25,2026-08-11,10,21,1756.544,830.045,53.944
2026-08-11T10:30,2026-08-11,10,22,1754.274,838.282,54.249
2026-08-11T10:35,2026-08-11,10,22,1713.084,823.269,54.542
2026-08-11T10:40,2026-08-11,10,22,1702.088,806.716,54.823
2026-08-11T10:45,2026-08-11,10,22,1740.999,817.15,55.09
2026-08-11T10:50,2026-08-11,10,22,1696.867,810.791,55.344
2026-08-11T10:55,2026-08-11,10,22,1804.443,845.349,55.585
2026-08-11T11:00,2026-08-11,11,23,1755.931,841.285,55.813
2026-08-11T11:05,2026-08-11,11,23,1731.076,821.029,56.027
2026-08-11T11:10,2026-08-11,11,23,1726.776,827.973,56.227
2026-08-11T11:15,2026-08-11,11,23,1808.513,856.066,56.413
2026-08-11T11:20,2026-08-11,11,23,1794.579,862.202,56.585
2026-08-11T11:25,2026-08-11,11,23,1821.733,866.322,56.743
2026-08-11T11:30,2026-08-11,11,24,1857.19,892.344,56.887
2026-08-11T11:35,2026-08-11,11,24,1806.884,863.641,57.016
2026-08-11T11:40,2026-08-11,11,24,1884.76,902.094,57.131
2026-08-11T11:45,2026-08-11,11,24,1962.217,934.181,57.231
2026-08-11T11:50,2026-08-11,11,24,1845.952,883.81,57.316
2026-08-11T11:55,2026-08-11,11,24,1776.607,857.203,57.386
2026-08-11T12:00,2026-08-11,12,25,1906.669,910.223,57.442
2026-08-11T12:05,2026-08-11,12,25,1963.619,946.143,57.482
2026-08-11T12:10,2026-08-11,12,25,1958.298,940.164,57.508
2026-08-11T12:15,2026-08-11,12,25,1906.103,913.514,57.518
2026-08-11T12:20,2026-08-11,12,25,1919.589,912.439,57.514
2026-08-11T12:25,2026-08-11,12,25,1922.191,919.572,57.494
2026-08-11T12:30,2026-08-11,12,26,1840.197,884.582,57.46
2026-08-11T12:35,2026-08-11,12,26,1837.87,874.286,57.41
2026-08-11T12:40,2026-08-11,12,26,1838.913,891.435,57.346
2026-08-11T12:45,2026-08-11,12,26,1842.134,881.271,57.267
2026-08-11T12:50,2026-08-11,12,26,1789.398,848.029,57.172
2026-08-11T12:55,2026-08-11,12,26,1810.942,859.131,57.063
2026-08-11T13:00,2026-08-11,13,27,1859.725,889.843,56.939
2026-08-11T13:05,2026-08-11,13,27,1794.533,852.774,56.8
2026-08-11T13:10,2026-08-11,13,27,1707.045,820.123,56.647
2026-08-11T13:15,2026-08-11,13,27,1687.79,807.406,56.479
2026-08-11T13:20,2026-08-11,13,27,1756.803,836.134,56.297
2026-08-11T13:25,2026-08-11,13,27,1684.616,805.483,56.1
2026-08-11T13:30,2026-08-11,13,28,1732.513,824.226,55.889
2026-08-11T13:35,2026-08-11,13,28,1742.794,829.437,55.664
2026-08-11T13:40,2026-08-11,13,28,1645.282,783.022,55.426
2026-08-11T13:45,2026-08-11,13,28,1644.934,779.323,55.173
2026-08-11T13:50,2026-08-11,13,28,1627.782,765.404,54.907
2026-08-11T13:55,2026-08-11,13,28,1535.43,730.878,54.628
2026-08-11T14:00,2026-08-11,14,29,1538.189,724.61,54.335
2026-08-11T14:05,2026-08-11,14,29,1503.701,709.813,54.031
2026-08-11T14:10,2026-08-11,14,29,1444.349,683.543,53.717
2026-08-11T14:15,2026-08-11,14,29,1447.672,673.698,53.392
2026-08-11T14:20,2026-08-11,14,29,1483.891,694.499,53.057
2026-08-11T14:25,2026-08-11,14,29,1413.871,663.185,52.713
2026-08-11T14:30,2026-08-11,14,30,1453.048,685.222,52.36
2026-08-11T14:35,2026-08-11,14,30,1372.431,649.181,51.997
2026-08-11T14:40,2026-08-11,14,30,1285.529,595.237,51.625
2026-08-11T14:45,2026-08-11,14,30,1294.179,606.041,51.245
2026-08-11T14:50,2026-08-11,14,30,1298.714,607.771,50.857
2026-08-11T14:55,2026-08-11,14,30,1289.056,604.74,50.46
2026-08-11T15:00,2026-08-11,15,31,1247.82,586.002,50.056
2026-08-11T15:05,2026-08-11,15,31,1259.037,589.683,49.644
2026-08-11T15:10,2026-08-11,15,31,1204.466,558.298,49.225
2026-08-11T15:15,2026-08-11,15,31,1173.277,544.064,48.799
2026-08-11T15:20,2026-08-11,15,31,1183.521,546.966,48.366
2026-08-11T15:25,2026-08-11,15,31,1118.369,511.787,47.927
2026-08-11T15:30,2026-08-11,15,32,1122.986,518.937,47.483
2026-08-11T15:35,2026-08-11,15,32,1116.991,510.775,47.032
2026-08-11T15:40,2026-08-11,15,32,1101.414,508.35,46.577
2026-08-11T15:45,2026-08-11,15,32,1060.433,481.559,46.116
2026-08-11T15:50,2026-08-11,15,32,1042.552,474.717,45.651
2026-08-11T15:55,2026-08-11,15,32,989.587,453.821,45.182
2026-08-11T16:00,2026-08-11,16,33,949.677,433.538,44.709
2026-08-11T16:05,2026-08-11,16,33,910.469,415.521,44.233
2026-08-11T16:10,2026-08-11,16,33,896.146,407.568,43.753
2026-08-11T16:15,2026-08-11,16,33,839.394,380.71,43.271
2026-08-11T16:20,2026-08-11,16,33,772.719,350.441,42.787
2026-08-11T16:25,2026-08-11,16,33,781.179,355.318,42.301
2026-08-11T16:30,2026-08-11,16,34,729.918,325.652,41.813
2026-08-11T16:35,2026-08-11,16,34,730.783,323.706,41.325
2026-08-11T16:40,2026-08-11,16,34,647.004,289.271,40.836
2026-08-11T16:45,2026-08-11,16,34,670.973,300.988,40.347
2026-08-11T16:50,2026-08-11,16,34,640.25,283.19,39.859
2026-08-11T16:55,2026-08-11,16,34,581.161,259.888,39.372
2026-08-11T17:00,2026-08-11,17,35,525.776,234.535,38.886
2026-08-11T17:05,2026-08-11,17,35,515.936,226.887,38.402
2026-08-11T17:10,2026-08-11,17,35,469.573,208.562,37.921
2026-08-11T17:15,2026-08-11,17,35,440.152,194.915,37.444
2026-08-11T17:20,2026-08-11,17,35,394.09,173.008,36.97
2026-08-11T17:25,2026-08-11,17,35,363.491,158.243,36.501
2026-08-11T17:30,2026-08-11,17,36,331.385,145.815,36.038
2026-08-11T17:35,2026-08-11,17,36,280.292,121.129,35.581
2026-08-11T17:40,2026-08-11,17,36,255.634,109.76,35.131
2026-08-11T17:45,2026-08-11,17,36,213.773,93.853,34.69
2026-08-11T17:50,2026-08-11,17,36,180.366,78.793,34.259
2026-08-11T17:55,2026-08-11,17,36,145.024,63.358,33.838
2026-08-11T18:00,2026-08-11,18,37,113.048,49.157,33.431
2026-08-11T18:05,2026-08-11,18,37,87.25,37.837,33.039
2026-08-11T18:10,2026-08-11,18,37,60.718,26.439,32.666
2026-08-11T18:15,2026-08-11,18,37,38.04,16.33,32.317
2026-08-11T18:20,2026-08-11,18,37,15.477,6.632,32.003
2026-08-11T18:25,2026-08-11,18,37,0.0,0.0,31.757
2026-08-11T18:30,2026-08-11,18,38,0.0,0.0,31.694
2026-08-11T18:35,2026-08-11,18,38,0.0,0.0,31.63
2026-08-11T18:40,2026-08-11,18,38,0.0,0.0,31.565
2026-08-11T18:45,2026-08-11,18,38,0.0,0.0,31.499
2026-08-11T18:50,2026-08-11,18,38,0.0,0.0,31.433
2026-08-11T18:55,2026-08-11,18,38,0.0,0.0,31.366
2026-08-11T19:00,2026-08-11,19,39,0.0,0.0,31.299
2026-08-11T19:05,2026-08-11,19,39,0.0,0.0,31.23
2026-08-11T19:10,2026-08-11,19,39,0.0,0.0,31.161
2026-08-11T19:15,2026-08-11,19,39,0.0,0.0,31.092
2026-08-11T19:20,2026-08-11,19,39,0.0,0.0,31.021
2026-08-11T19:25,2026-08-11,19,39,0.0,0.0,30.95
2026-08-11T19:30,2026-08-11,19,40,0.0,0.0,30.879
2026-08-11T19:35,2026-08-11,19,40,0.0,0.0,30.807
2026-08-11T19:40,2026-08-11,19,40,0.0,0.0,30.734
2026-08-11T19:45,2026-08-11,19,40,0.0,0.0,30.661
2026-08-11T19:50,2026-08-11,19,40,0.0,0.0,30.588
2026-08-11T19:55,2026-08-11,19,40,0.0,0.0,30.514
2026-08-11T20:00,2026-08-11,20,41,0.0,0.0,30.439
2026-08-11T20:05,2026-08-11,20,41,0.0,0.0,30.364
2026-08-11T20:10,2026-08-11,20,41,0.0,0.0,30.289
2026-08-11T20:15,2026-08-11,20,41,0.0,0.0,30.213
2026-08-11T20:20,2026-08-11,20,41,0.0,0.0,30.137
2026-08-11T20:25,2026-08-11,20,41,0.0,0.0,30.061
2026-08-11T20:30,2026-08-11,20,42,0.0,0.0,29.984
2026-08-11T20:35,2026-08-11,20,42,0.0,0.0,29.907
2026-08-11T20:40,2026-08-11,20,42,0.0,0.0,29.83
2026-08-11T20:45,2026-08-11,20,42,0.0,0.0,29.753
2026-08-11T20:50,2026-08-11,20,42,0.0,0.0,29.675
2026-08-11T20:55,2026-08-11,20,42,0.0,0.0,29.597
2026-08-11T21:00,2026-08-11,21,43,0.0,0.0,29.519
2026-08-11T21:05,2026-08-11,21,43,0.0,0.0,29.441
2026-08-11T21:10,2026-08-11,21,43,0.0,0.0,29.362
2026-08-11T21:15,2026-08-11,21,43,0.0,0.0,29.284
2026-08-11T21:20,2026-08-11,21,43,0.0,0.0,29.206
2026-08-11T21:25,2026-08-11,21,43,0.0,0.0,29.127
2026-08-11T21:30,2026-08-11,21,44,0.0,0.0,29.049
2026-08-11T21:35,2026-08-11,21,44,0.0,0.0,28.97
2026-08-11T21:40,2026-08-11,21,44,0.0,0.0,28.892
2026-08-11T21:45,2026-08-11,21,44,0.0,0.0,28.813
2026-08-11T21:50,2026-08-11,21,44,0.0,0.0,28.735
2026-08-11T21:55,2026-08-11,21,44,0.0,0.0,28.656
2026-08-11T22:00,2026-08-11,22,45,0.0,0.0,28.578
2026-08-11T22:05,2026-08-11,22,45,0.0,0.0,28.5
2026-08-11T22:10,2026-08-11,22,45,0.0,0.0,28.422
2026-08-11T22:15,2026-08-11,22,45,0.0,0.0,28.345
2026-08-11T22:20,2026-08-11,22,45,0.0,0.0,28.267
2026-08-11T22:25,2026-08-11,22,45,0.0,0.0,28.19
2026-08-11T22:30,2026-08-11,22,46,0.0,0.0,28.113
2026-08-11T22:35,2026-08-11,22,46,0.0,0.0,28.036
2026-08-11T22:40,2026-08-11,22,46,0.0,0.0,27.96
2026-08-11T22:45,2026-08-11,22,46,0.0,0.0,27.884
2026-08-11T22:50,2026-08-11,22,46,0.0,0.0,27.808
2026-08-11T22:55,2026-08-11,22,46,0.0,0.0,27.733
2026-08-11T23:00,2026-08-11,23,47,0.0,0.0,27.658
2026-08-11T23:05,2026-08-11,23,47,0.0,0.0,27.584
2026-08-11T23:10,2026-08-11,23,47,0.0,0.0,27.51
2026-08-11T23:15,2026-08-11,23,47,0.0,0.0,27.436
2026-08-11T23:20,2026-08-11,23,47,0.0,0.0,27.363
2026-08-11T23:25,2026-08-11,23,47,0.0,0.0,27.29
2026-08-11T23:30,2026-08-11,23,48,0.0,0.0,27.218
2026-08-11T23:35,2026-08-11,23,48,0.0,0.0,27.147
2026-08-11T23:40,2026-08-11,23,48,0.0,0.0,27.076
2026-08-11T23:45,2026-08-11,23,48,0.0,0.0,27.006
2026-08-11T23:50,2026-08-11,23,48,0.0,0.0,26.936
2026-08-11T23:55,2026-08-11,23,48,0.0,0.0,26.867
2026-08-12T00:00,2026-08-12,0,1,0.0,0.0,26.799
2026-08-12T00:05,2026-08-12,0,1,0.0,0.0,26.731
2026-08-12T00:10,2026-08-12,0,1,0.0,0.0,26.664
2026-08-12T00:15,2026-08-12,0,1,0.0,0.0,26.598
2026-08-12T00:20,2026-08-12,0,1,0.0,0.0,26.532
2026-08-12T00:25,2026-08-12,0,1,0.0,0.0,26.468
2026-08-12T00:30,2026-08-12,0,2,0.0,0.0,26.404
2026-08-12T00:35,2026-08-12,0,2,0.0,0.0,26.34
2026-08-12T00:40,2026-08-12,0,2,0.0,0.0,26.278
2026-08-12T00:45,2026-08-12,0,2,0.0,0.0,26.217
2026-08-12T00:50,2026-08-12,0,2,0.0,0.0,26.156
2026-08-12T00:55,2026-08-12,0,2,0.0,0.0,26.096
2026-08-12T01:00,2026-08-12,1,3,0.0,0.0,26.038
2026-08-12T01:05,2026-08-12,1,3,0.0,0.0,25.98
2026-08-12T01:10,2026-08-12,1,3,0.0,0.0,25.923
2026-08-12T01:15,2026-08-12,1,3,0.0,0.0,25.867
2026-08-12T01:20,2026-08-12,1,3,0.0,0.0,25.812
2026-08-12T01:25,2026-08-12,1,3,0.0,0.0,25.758
2026-08-12T01:30,2026-08-12,1,4,0.0,0.0,25.704
2026-08-12T01:35,2026-08-12,1,4,0.0,0.0,25.652
2026-08-12T01:40,2026-08-12,1,4,0.0,0.0,25.601
2026-08-12T01:45,2026-08-12,1,4,0.0,0.0,25.551
2026-08-12T01:50,2026-08-12,1,4,0.0,0.0,25.503
2026-08-12T01:55,2026-08-12,1,4,0.0,0.0,25.455
2026-08-12T02:00,2026-08-12,2,5,0.0,0.0,25.408
2026-08-12T02:05,2026-08-12,2,5,0.0,0.0,25.362
2026-08-12T02:10,2026-08-12,2,5,0.0,0.0,25.318
2026-08-12T02:15,2026-08-12,2,5,0.0,0.0,25.275
2026-08-12T02:20,2026-08-12,2,5,0.0,0.0,25.232
2026-08-12T02:25,2026-08-12,2,5,0.0,0.0,25.191
2026-08-12T02:30,2026-08-12,2,6,0.0,0.0,25.151
2026-08-12T02:35,2026-08-12,2,6,0.0,0.0,25.113
2026-08-12T02:40,2026-08-12,2,6,0.0,0.0,25.075
2026-08-12T02:45,2026-08-12,2,6,0.0,0.0,25.039
2026-08-12T02:50,2026-08-12,2,6,0.0,0.0,25.004
2026-08-12T02:55,2026-08-12,2,6,0.0,0.0,24.97
2026-08-12T03:00,2026-08-12,3,7,0.0,0.0,24.938
2026-08-12T03:05,2026-08-12,3,7,0.0,0.0,24.906
2026-08-12T03:10,2026-08-12,3,7,0.0,0.0,24.876
2026-08-12T03:15,2026-08-12,3,7,0.0,0.0,24.847
2026-08-12T03:20,2026-08-12,3,7,0.0,0.0,24.82
2026-08-12T03:25,2026-08-12,3,7,0.0,0.0,24.794
2026-08-12T03:30,2026-08-12,3,8,0.0,0.0,24.769
2026-08-12T03:35,2026-08-12,3,8,0.0,0.0,24.745
2026-08-12T03:40,2026-08-12,3,8,0.0,0.0,24.723
2026-08-12T03:45,2026-08-12,3,8,0.0,0.0,24.702
2026-08-12T03:50,2026-08-12,3,8,0.0,0.0,24.682
2026-08-12T03:55,2026-08-12,3,8,0.0,0.0,24.664
2026-08-12T04:00,2026-08-12,4,9,0.0,0.0,24.647
2026-08-12T04:05,2026-08-12,4,9,0.0,0.0,24.631
2026-08-12T04:10,2026-08-12,4,9,0.0,0.0,24.617
2026-08-12T04:15,2026-08-12,4,9,0.0,0.0,24.604
2026-08-12T04:20,2026-08-12,4,9,0.0,0.0,24.592
2026-08-12T04:25,2026-08-12,4,9,0.0,0.0,24.582
2026-08-12T04:30,2026-08-12,4,10,0.0,0.0,24.573
2026-08-12T04:35,2026-08-12,4,10,0.0,0.0,24.566
2026-08-12T04:40,2026-08-12,4,10,0.0,0.0,24.56
2026-08-12T04:45,2026-08-12,4,10,0.0,0.0,24.555
2026-08-12T04:50,2026-08-12,4,10,0.0,0.0,24.551
2026-08-12T04:55,2026-08-12,4,10,0.0,0.0,24.549
2026-08-12T05:00,2026-08-12,5,11,0.0,0.0,23.752
2026-08-12T05:05,2026-08-12,5,11,0.0,0.0,23.754
2026-08-12T05:10,2026-08-12,5,11,14.888,6.213,23.943
2026-08-12T05:15,2026-08-12,5,11,31.154,13.177,24.206
2026-08-12T05:20,2026-08-12,5,11,53.777,22.75,24.507
2026-08-12T05:25,2026-08-12,5,11,73.906,31.12,24.837
2026-08-12T05:30,2026-08-12,5,12,96.695,40.459,25.191
2026-08-12T05:35,2026-08-12,5,12,122.38,51.459,25.565
2026-08-12T05:40,2026-08-12,5,12,152.277,63.726,25.957
2026-08-12T05:45,2026-08-12,5,12,194.323,82.372,26.365
2026-08-12T05:50,2026-08-12,5,12,210.688,89.712,26.787
2026-08-12T05:55,2026-08-12,5,12,234.417,98.621,27.222
2026-08-12T06:00,2026-08-12,6,13,284.67,120.502,27.668
2026-08-12T06:05,2026-08-12,6,13,299.837,126.673,28.126
2026-08-12T06:10,2026-08-12,6,13,339.849,143.937,28.594
2026-08-12T06:15,2026-08-12,6,13,366.898,155.991,29.071
2026-08-12T06:20,2026-08-12,6,13,403.659,173.128,29.557
2026-08-12T06:25,2026-08-12,6,13,413.599,176.253,30.051
2026-08-12T06:30,2026-08-12,6,14,453.514,196.134,30.551
2026-08-12T06:35,2026-08-12,6,14,537.4,230.624,31.059
2026-08-12T06:40,2026-08-12,6,14,550.18,238.341,31.572
2026-08-12T06:45,2026-08-12,6,14,610.476,262.49,32.09
2026-08-12T06:50,2026-08-12,6,14,605.29,262.856,32.613
2026-08-12T06:55,2026-08-12,6,14,630.352,275.282,33.141
2026-08-12T07:00,2026-08-12,7,15,714.74,311.884,33.672
2026-08-12T07:05,2026-08-12,7,15,772.194,337.237,34.206
2026-08-12T07:10,2026-08-12,7,15,821.708,361.744,34.744
2026-08-12T07:15,2026-08-12,7,15,898.392,391.661,35.283
2026-08-12T07:20,2026-08-12,7,15,910.777,401.405,35.824
2026-08-12T07:25,2026-08-12,7,15,952.998,413.256,36.366
2026-08-12T07:30,2026-08-12,7,16,977.334,431.502,36.909
2026-08-12T07:35,2026-08-12,7,16,1016.237,447.542,37.452
2026-08-12T07:40,2026-08-12,7,16,970.44,432.222,37.995
2026-08-12T07:45,2026-08-12,7,16,1024.886,450.184,38.537
2026-08-12T07:50,2026-08-12,7,16,989.971,437.985,39.078
2026-08-12T07:55,2026-08-12,7,16,1029.957,454.928,39.618
2026-08-12T08:00,2026-08-12,8,17,1036.977,461.328,40.156
2026-08-12T08:05,2026-08-12,8,17,1178.177,524.618,40.691
2026-08-12T08:10,2026-08-12,8,17,1182.304,529.627,41.224
2026-08-12T08:15,2026-08-12,8,17,1132.205,509.285,41.753
2026-08-12T08:20,2026-08-12,8,17,1160.8,517.329,42.279
2026-08-12T08:25,2026-08-12,8,17,1185.743,536.11,42.801
2026-08-12T08:30,2026-08-12,8,18,1320.083,597.662,43.318
2026-08-12T08:35,2026-08-12,8,18,1242.891,563.374,43.83
2026-08-12T08:40,2026-08-12,8,18,1401.806,637.682,44.337
2026-08-12T08:45,2026-08-12,8,18,1415.489,640.977,44.839
2026-08-12T08:50,2026-08-12,8,18,1285.271,587.254,45.334
2026-08-12T08:55,2026-08-12,8,18,1462.904,660.43,45.824
2026-08-12T09:00,2026-08-12,9,19,1410.541,633.485,46.306
2026-08-12T09:05,2026-08-12,9,19,1561.715,713.455,46.781
2026-08-12T09:10,2026-08-12,9,19,1357.493,624.976,47.249
2026-08-12T09:15,2026-08-12,9,19,1605.429,733.727,47.709
2026-08-12T09:20,2026-08-12,9,19,1651.07,755.517,48.161
2026-08-12T09:25,2026-08-12,9,19,1797.142,819.327,48.604
2026-08-12T09:30,2026-08-12,9,20,1629.674,754.296,49.038
2026-08-12T09:35,2026-08-12,9,20,1743.504,818.017,49.464
2026-08-12T09:40,2026-08-12,9,20,1621.625,749.322,49.88
2026-08-12T09:45,2026-08-12,9,20,1655.261,770.407,50.286
2026-08-12T09:50,2026-08-12,9,20,1799.738,839.483,50.682
2026-08-12T09:55,2026-08-12,9,20,1707.696,796.187,51.067
2026-08-12T10:00,2026-08-12,10,21,1789.487,839.499,51.442
2026-08-12T10:05,2026-08-12,10,21,1660.124,775.423,51.806
2026-08-12T10:10,2026-08-12,10,21,1584.796,750.177,52.159
2026-08-12T10:15,2026-08-12,10,21,1647.574,771.003,52.5
2026-08-12T10:20,2026-08-12,10,21,1651.949,781.421,52.83
2026-08-12T10:25,2026-08-12,10,21,1718.649,806.631,53.147
2026-08-12T10:30,2026-08-12,10,22,1774.432,841.194,53.452
2026-08-12T10:35,2026-08-12,10,22,1955.802,926.694,53.745
2026-08-12T10:40,2026-08-12,10,22,1782.599,841.904,54.026
2026-08-12T10:45,2026-08-12,10,22,1760.336,831.14,54.293
2026-08-12T10:50,2026-08-12,10,22,1800.543,847.28,54.547
2026-08-12T10:55,2026-08-12,10,22,1584.813,758.311,54.788
2026-08-12T11:00,2026-08-12,11,23,1596.099,757.08,55.016
2026-08-12T11:05,2026-08-12,11,23,1549.333,738.235,55.23
2026-08-12T11:10,2026-08-12,11,23,1729.995,828.173,55.43
2026-08-12T11:15,2026-08-12,11,23,1588.902,753.866,55.616
2026-08-12T11:20,2026-08-12,11,23,1694.919,807.259,55.789
2026-08-12T11:25,2026-08-12,11,23,1582.065,750.573,55.946
2026-08-12T11:30,2026-08-12,11,24,1616.558,763.232,56.09
2026-08-12T11:35,2026-08-12,11,24,1640.185,778.327,56.219
2026-08-12T11:40,2026-08-12,11,24,1584.965,758.496,56.334
2026-08-12T11:45,2026-08-12,11,24,1569.679,753.883,56.434
2026-08-12T11:50,2026-08-12,11,24,1521.237,729.359,56.519
2026-08-12T11:55,2026-08-12,11,24,1644.415,781.687,56.589
2026-08-12T12:00,2026-08-12,12,25,1605.326,764.303,56.645
2026-08-12T12:05,2026-08-12,12,25,1682.672,801.108,56.685
2026-08-12T12:10,2026-08-12,12,25,1663.758,794.919,56.711
2026-08-12T12:15,2026-08-12,12,25,1712.313,814.801,56.721
2026-08-12T12:20,2026-08-12,12,25,1700.739,814.282,56.717
2026-08-12T12:25,2026-08-12,12,25,1826.344,873.031,56.698
2026-08-12T12:30,2026-08-12,12,26,1772.872,845.682,56.663
2026-08-12T12:35,2026-08-12,12,26,1790.917,843.788,56.614
2026-08-12T12:40,2026-08-12,12,26,1738.018,828.209,56.549
2026-08-12T12:45,2026-08-12,12,26,1744.764,834.623,56.47
2026-08-12T12:50,2026-08-12,12,26,1871.702,887.576,56.375
2026-08-12T12:55,2026-08-12,12,26,1797.893,854.349,56.266
2026-08-12T13:00,2026-08-12,13,27,1613.692,766.038,56.142
2026-08-12T13:05,2026-08-12,13,27,1645.955,785.993,56.003
2026-08-12T13:10,2026-08-12,13,27,1816.659,860.794,55.85
2026-08-12T13:15,2026-08-12,13,27,1622.193,758.481,55.682
2026-08-12T13:20,2026-08-12,13,27,1748.411,822.654,55.5
2026-08-12T13:25,2026-08-12,13,27,1744.897,827.473,55.303
2026-08-12T13:30,2026-08-12,13,28,1734.909,825.424,55.092
2026-08-12T13:35,2026-08-12,13,28,1857.413,882.364,54.867
2026-08-12T13:40,2026-08-12,13,28,1770.037,837.624,54.629
2026-08-12T13:45,2026-08-12,13,28,1690.892,796.482,54.376
2026-08-12T13:50,2026-08-12,13,28,1548.209,729.071,54.11
2026-08-12T13:55,2026-08-12,13,28,1599.317,761.708,53.831
2026-08-12T14:00,2026-08-12,14,29,1510.76,709.898,53.538
2026-08-12T14:05,2026-08-12,14,29,1619.771,762.818,53.234
2026-08-12T14:10,2026-08-12,14,29,1553.947,736.974,52.92
2026-08-12T14:15,2026-08-12,14,29,1645.547,769.863,52.595
2026-08-12T14:20,2026-08-12,14,29,1499.938,704.692,52.26
2026-08-12T14:25,2026-08-12,14,29,1452.776,685.316,51.916
2026-08-12T14:30,2026-08-12,14,30,1501.91,695.041,51.563
2026-08-12T14:35,2026-08-12,14,30,1348.825,630.084,51.2
2026-08-12T14:40,2026-08-12,14,30,1485.012,685.856,50.828
2026-08-12T14:45,2026-08-12,14,30,1371.562,638.458,50.448
2026-08-12T14:50,2026-08-12,14,30,1436.958,670.386,50.06
2026-08-12T14:55,2026-08-12,14,30,1412.408,657.911,49.663
2026-08-12T15:00,2026-08-12,15,31,1323.542,615.058,49.259
2026-08-12T15:05,2026-08-12,15,31,1266.282,585.017,48.847
2026-08-12T15:10,2026-08-12,15,31,1213.132,561.156,48.428
2026-08-12T15:15,2026-08-12,15,31,1111.641,511.092,48.002
2026-08-12T15:20,2026-08-12,15,31,1092.374,502.666,47.569
2026-08-12T15:25,2026-08-12,15,31,1173.538,534.514,47.13
2026-08-12T15:30,2026-08-12,15,32,1111.243,508.313,46.686
2026-08-12T15:35,2026-08-12,15,32,1083.116,496.116,46.235
2026-08-12T15:40,2026-08-12,15,32,1126.563,511.478,45.78
2026-08-12T15:45,2026-08-12,15,32,1090.542,493.662,45.319
2026-08-12T15:50,2026-08-12,15,32,959.592,433.834,44.854
2026-08-12T15:55,2026-08-12,15,32,980.75,443.879,44.385
2026-08-12T16:00,2026-08-12,16,33,881.701,397.467,43.912
2026-08-12T16:05,2026-08-12,16,33,902.067,408.112,43.436
2026-08-12T16:10,2026-08-12,16,33,896.511,404.591,42.956
2026-08-12T16:15,2026-08-12,16,33,843.072,378.509,42.474
2026-08-12T16:20,2026-08-12,16,33,863.23,385.4,41.99
2026-08-12T16:25,2026-08-12,16,33,728.013,323.276,41.504
2026-08-12T16:30,2026-08-12,16,34,688.95,308.492,41.016
2026-08-12T16:35,2026-08-12,16,34,644.269,286.709,40.528
2026-08-12T16:40,2026-08-12,16,34,591.069,262.287,40.039
2026-08-12T16:45,2026-08-12,16,34,540.098,242.061,39.55
2026-08-12T16:50,2026-08-12,16,34,494.838,219.765,39.062
2026-08-12T16:55,2026-08-12,16,34,518.825,230.767,38.575
2026-08-12T17:00,2026-08-12,17,35,483.537,211.202,38.089
2026-08-12T17:05,2026-08-12,17,35,448.162,197.68,37.605
2026-08-12T17:10,2026-08-12,17,35,392.324,173.042,37.125
2026-08-12T17:15,2026-08-12,17,35,370.255,161.319,36.647
2026-08-12T17:20,2026-08-12,17,35,329.335,144.945,36.173
2026-08-12T17:25,2026-08-12,17,35,319.715,139.691,35.705
2026-08-12T17:30,2026-08-12,17,36,260.353,113.869,35.241
2026-08-12T17:35,2026-08-12,17,36,239.928,104.142,34.784
2026-08-12T17:40,2026-08-12,17,36,210.91,91.1,34.335
2026-08-12T17:45,2026-08-12,17,36,173.064,75.062,33.893
2026-08-12T17:50,2026-08-12,17,36,153.247,66.711,33.462
2026-08-12T17:55,2026-08-12,17,36,128.664,55.482,33.041
2026-08-12T18:00,2026-08-12,18,37,95.354,40.86,32.634
2026-08-12T18:05,2026-08-12,18,37,72.025,31.25,32.242
2026-08-12T18:10,2026-08-12,18,37,42.936,18.568,31.869
2026-08-12T18:15,2026-08-12,18,37,25.574,10.966,31.521
2026-08-12T18:20,2026-08-12,18,37,10.008,4.323,31.206
2026-08-12T18:25,2026-08-12,18,37,0.0,0.0,30.96
2026-08-12T18:30,2026-08-12,18,38,0.0,0.0,30.897
2026-08-12T18:35,2026-08-12,18,38,0.0,0.0,30.833
2026-08-12T18:40,2026-08-12,18,38,0.0,0.0,30.768
2026-08-12T18:45,2026-08-12,18,38,0.0,0.0,30.703
2026-08-12T18:50,2026-08-12,18,38,0.0,0.0,30.636
2026-08-12T18:55,2026-08-12,18,38,0.0,0.0,30.569
2026-08-12T19:00,2026-08-12,19,39,0.0,0.0,30.502
2026-08-12T19:05,2026-08-12,19,39,0.0,0.0,30.433
2026-08-12T19:10,2026-08-12,19,39,0.0,0.0,30.364
2026-08-12T19:15,2026-08-12,19,39,0.0,0.0,30.295
2026-08-12T19:20,2026-08-12,19,39,0.0,0.0,30.224
2026-08-12T19:25,2026-08-12,19,39,0.0,0.0,30.153
2026-08-12T19:30,2026-08-12,19,40,0.0,0.0,30.082
2026-08-12T19:35,2026-08-12,19,40,0.0,0.0,30.01
2026-08-12T19:40,2026-08-12,19,40,0.0,0.0,29.937
2026-08-12T19:45,2026-08-12,19,40,0.0,0.0,29.864
2026-08-12T19:50,2026-08-12,19,40,0.0,0.0,29.791
2026-08-12T19:55,2026-08-12,19,40,0.0,0.0,29.717
2026-08-12T20:00,2026-08-12,20,41,0.0,0.0,29.642
2026-08-12T20:05,2026-08-12,20,41,0.0,0.0,29.567
2026-08-12T20:10,2026-08-12,20,41,0.0,0.0,29.492
2026-08-12T20:15,2026-08-12,20,41,0.0,0.0,29.416
2026-08-12T20:20,2026-08-12,20,41,0.0,0.0,29.34
2026-08-12T20:25,2026-08-12,20,41,0.0,0.0,29.264
2026-08-12T20:30,2026-08-12,20,42,0.0,0.0,29.187
2026-08-12T20:35,2026-08-12,20,42,0.0,0.0,29.11
2026-08-12T20:40,2026-08-12,20,42,0.0,0.0,29.033
2026-08-12T20:45,2026-08-12,20,42,0.0,0.0,28.956
2026-08-12T20:50,2026-08-12,20,42,0.0,0.0,28.878
2026-08-12T20:55,2026-08-12,20,42,0.0,0.0,28.8
2026-08-12T21:00,2026-08-12,21,43,0.0,0.0,28.722
2026-08-12T21:05,2026-08-12,21,43,0.0,0.0,28.644
2026-08-12T21:10,2026-08-12,21,43,0.0,0.0,28.566
2026-08-12T21:15,2026-08-12,21,43,0.0,0.0,28.487
2026-08-12T21:20,2026-08-12,21,43,0.0,0.0,28.409
2026-08-12T21:25,2026-08-12,21,43,0.0,0.0,28.33
2026-08-12T21:30,2026-08-12,21,44,0.0,0.0,28.252
2026-08-12T21:35,2026-08-12,21,44,0.0,0.0,28.173
2026-08-12T21:40,2026-08-12,21,44,0.0,0.0,28.095
2026-08-12T21:45,2026-08-12,21,44,0.0,0.0,28.016
2026-08-12T21:50,2026-08-12,21,44,0.0,0.0,27.938
2026-08-12T21:55,2026-08-12,21,44,0.0,0.0,27.859
2026-08-12T22:00,2026-08-12,22,45,0.0,0.0,27.781
2026-08-12T22:05,2026-08-12,22,45,0.0,0.0,27.703
2026-08-12T22:10,2026-08-12,22,45,0.0,0.0,27.625
2026-08-12T22:15,2026-08-12,22,45,0.0,0.0,27.548
2026-08-12T22:20,2026-08-12,22,45,0.0,0.0,27.47
2026-08-12T22:25,2026-08-12,22,45,0.0,0.0,27.393
2026-08-12T22:30,2026-08-12,22,46,0.0,0.0,27.316
2026-08-12T22:35,2026-08-12,22,46,0.0,0.0,27.239
2026-08-12T22:40,2026-08-12,22,46,0.0,0.0,27.163
2026-08-12T22:45,2026-08-12,22,46,0.0,0.0,27.087
2026-08-12T22:50,2026-08-12,22,46,0.0,0.0,27.011
2026-08-12T22:55,2026-08-12,22,46,0.0,0.0,26.936
2026-08-12T23:00,2026-08-12,23,47,0.0,0.0,26.861
2026-08-12T23:05,2026-08-12,23,47,0.0,0.0,26.787
2026-08-12T23:10,2026-08-12,23,47,0.0,0.0,26.713
2026-08-12T23:15,2026-08-12,23,47,0.0,0.0,26.639
2026-08-12T23:20,2026-08-12,23,47,0.0,0.0,26.566
2026-08-12T23:25,2026-08-12,23,47,0.0,0.0,26.493
2026-08-12T23:30,2026-08-12,23,48,0.0,0.0,26.421
2026-08-12T23:35,2026-08-12,23,48,0.0,0.0,26.35
2026-08-12T23:40,2026-08-12,23,48,0.0,0.0,26.279
2026-08-12T23:45,2026-08-12,23,48,0.0,0.0,26.209
2026-08-12T23:50,2026-08-12,23,48,0.0,0.0,26.139
2026-08-12T23:55,2026-08-12,23,48,0.0,0.0,26.07
2026-08-13T00:00,2026-08-13,0,1,0.0,0.0,26.002
2026-08-13T00:05,2026-08-13,0,1,0.0,0.0,25.934
2026-08-13T00:10,2026-08-13,0,1,0.0,0.0,25.867
2026-08-13T00:15,2026-08-13,0,1,0.0,0.0,25.801
2026-08-13T00:20,2026-08-13,0,1,0.0,0.0,25.735
2026-08-13T00:25,2026-08-13,0,1,0.0,0.0,25.671
2026-08-13T00:30,2026-08-13,0,2,0.0,0.0,25.607
2026-08-13T00:35,2026-08-13,0,2,0.0,0.0,25.544
2026-08-13T00:40,2026-08-13,0,2,0.0,0.0,25.481
2026-08-13T00:45,2026-08-13,0,2,0.0,0.0,25.42
2026-08-13T00:50,2026-08-13,0,2,0.0,0.0,25.359
2026-08-13T00:55,2026-08-13,0,2,0.0,0.0,25.299
2026-08-13T01:00,2026-08-13,1,3,0.0,0.0,25.241
2026-08-13T01:05,2026-08-13,1,3,0.0,0.0,25.183
2026-08-13T01:10,2026-08-13,1,3,0.0,0.0,25.126
2026-08-13T01:15,2026-08-13,1,3,0.0,0.0,25.07
2026-08-13T01:20,2026-08-13,1,3,0.0,0.0,25.015
2026-08-13T01:25,2026-08-13,1,3,0.0,0.0,24.961
2026-08-13T01:30,2026-08-13,1,4,0.0,0.0,24.908
2026-08-13T01:35,2026-08-13,1,4,0.0,0.0,24.855
2026-08-13T01:40,2026-08-13,1,4,0.0,0.0,24.804
2026-08-13T01:45,2026-08-13,1,4,0.0,0.0,24.755
2026-08-13T01:50,2026-08-13,1,4,0.0,0.0,24.706
2026-08-13T01:55,2026-08-13,1,4,0.0,0.0,24.658
2026-08-13T02:00,2026-08-13,2,5,0.0,0.0,24.611
2026-08-13T02:05,2026-08-13,2,5,0.0,0.0,24.566
2026-08-13T02:10,2026-08-13,2,5,0.0,0.0,24.521
2026-08-13T02:15,2026-08-13,2,5,0.0,0.0,24.478
2026-08-13T02:20,2026-08-13,2,5,0.0,0.0,24.435
2026-08-13T02:25,2026-08-13,2,5,0.0,0.0,24.394
2026-08-13T02:30,2026-08-13,2,6,0.0,0.0,24.355
2026-08-13T02:35,2026-08-13,2,6,0.0,0.0,24.316
2026-08-13T02:40,2026-08-13,2,6,0.0,0.0,24.278
2026-08-13T02:45,2026-08-13,2,6,0.0,0.0,24.242
2026-08-13T02:50,2026-08-13,2,6,0.0,0.0,24.207
2026-08-13T02:55,2026-08-13,2,6,0.0,0.0,24.173
2026-08-13T03:00,2026-08-13,3,7,0.0,0.0,24.141
2026-08-13T03:05,2026-08-13,3,7,0.0,0.0,24.109
2026-08-13T03:10,2026-08-13,3,7,0.0,0.0,24.079
2026-08-13T03:15,2026-08-13,3,7,0.0,0.0,24.051
2026-08-13T03:20,2026-08-13,3,7,0.0,0.0,24.023
2026-08-13T03:25,2026-08-13,3,7,0.0,0.0,23.997
2026-08-13T03:30,2026-08-13,3,8,0.0,0.0,23.972
2026-08-13T03:35,2026-08-13,3,8,0.0,0.0,23.948
2026-08-13T03:40,2026-08-13,3,8,0.0,0.0,23.926
2026-08-13T03:45,2026-08-13,3,8,0.0,0.0,23.905
2026-08-13T03:50,2026-08-13,3,8,0.0,0.0,23.885
2026-08-13T03:55,2026-08-13,3,8,0.0,0.0,23.867
2026-08-13T04:00,2026-08-13,4,9,0.0,0.0,23.85
2026-08-13T04:05,2026-08-13,4,9,0.0,0.0,23.834
2026-08-13T04:10,2026-08-13,4,9,0.0,0.0,23.82
2026-08-13T04:15,2026-08-13,4,9,0.0,0.0,23.807
2026-08-13T04:20,2026-08-13,4,9,0.0,0.0,23.795
2026-08-13T04:25,2026-08-13,4,9,0.0,0.0,23.785
2026-08-13T04:30,2026-08-13,4,10,0.0,0.0,23.776
2026-08-13T04:35,2026-08-13,4,10,0.0,0.0,23.769
2026-08-13T04:40,2026-08-13,4,10,0.0,0.0,23.763
2026-08-13T04:45,2026-08-13,4,10,0.0,0.0,23.758
2026-08-13T04:50,2026-08-13,4,10,0.0,0.0,23.754
2026-08-13T04:55,2026-08-13,4,10,0.0,0.0,23.752
2026-08-13T05:00,2026-08-13,5,11,0.0,0.0,23.804
2026-08-13T05:05,2026-08-13,5,11,0.0,0.0,23.806
2026-08-13T05:10,2026-08-13,5,11,14.028,5.895,23.995
2026-08-13T05:15,2026-08-13,5,11,34.357,14.342,24.258
2026-08-13T05:20,2026-08-13,5,11,56.379,23.65,24.559
2026-08-13T05:25,2026-08-13,5,11,86.507,36.747,24.889
2026-08-13T05:30,2026-08-13,5,12,102.31,42.876,25.243
2026-08-13T05:35,2026-08-13,5,12,124.756,52.768,25.617
2026-08-13T05:40,2026-08-13,5,12,162.806,68.17,26.009
2026-08-13T05:45,2026-08-13,5,12,197.363,83.144,26.417
2026-08-13T05:50,2026-08-13,5,12,218.903,93.41,26.839
2026-08-13T05:55,2026-08-13,5,12,274.508,116.48,27.274
2026-08-13T06:00,2026-08-13,6,13,313.742,133.417,27.721
2026-08-13T06:05,2026-08-13,6,13,359.433,153.795,28.178
2026-08-13T06:10,2026-08-13,6,13,390.417,165.365,28.646
2026-08-13T06:15,2026-08-13,6,13,413.379,176.978,29.124
2026-08-13T06:20,2026-08-13,6,13,418.075,179.416,29.609
2026-08-13T06:25,2026-08-13,6,13,452.356,194.671,30.103
2026-08-13T06:30,2026-08-13,6,14,437.553,189.677,30.604
2026-08-13T06:35,2026-08-13,6,14,500.608,215.42,31.111
2026-08-13T06:40,2026-08-13,6,14,512.837,221.803,31.624
2026-08-13T06:45,2026-08-13,6,14,561.884,239.952,32.142
2026-08-13T06:50,2026-08-13,6,14,610.236,264.921,32.666
2026-08-13T06:55,2026-08-13,6,14,654.88,285.838,33.193
2026-08-13T07:00,2026-08-13,7,15,636.776,275.478,33.724
2026-08-13T07:05,2026-08-13,7,15,664.267,287.659,34.259
2026-08-13T07:10,2026-08-13,7,15,638.096,277.885,34.796
2026-08-13T07:15,2026-08-13,7,15,744.218,328.222,35.335
2026-08-13T07:20,2026-08-13,7,15,860.661,382.795,35.876
2026-08-13T07:25,2026-08-13,7,15,844.98,368.46,36.418
2026-08-13T07:30,2026-08-13,7,16,867.069,383.139,36.961
2026-08-13T07:35,2026-08-13,7,16,907.756,399.635,37.504
2026-08-13T07:40,2026-08-13,7,16,934.734,412.444,38.047
2026-08-13T07:45,2026-08-13,7,16,1061.293,471.203,38.589
2026-08-13T07:50,2026-08-13,7,16,1014.339,447.783,39.131
2026-08-13T07:55,2026-08-13,7,16,1033.103,460.839,39.67
2026-08-13T08:00,2026-08-13,8,17,1081.006,482.621,40.208
2026-08-13T08:05,2026-08-13,8,17,986.286,444.377,40.744
2026-08-13T08:10,2026-08-13,8,17,1068.153,477.384,41.276
2026-08-13T08:15,2026-08-13,8,17,1114.177,498.777,41.805
2026-08-13T08:20,2026-08-13,8,17,1154.959,523.94,42.331
2026-08-13T08:25,2026-08-13,8,17,1106.829,501.436,42.853
2026-08-13T08:30,2026-08-13,8,18,1095.919,495.391,43.37
2026-08-13T08:35,2026-08-13,8,18,1077.647,488.406,43.882
2026-08-13T08:40,2026-08-13,8,18,1055.625,479.094,44.39
2026-08-13T08:45,2026-08-13,8,18,1183.507,535.716,44.891
2026-08-13T08:50,2026-08-13,8,18,1145.861,520.292,45.387
2026-08-13T08:55,2026-08-13,8,18,1117.191,509.862,45.876
2026-08-13T09:00,2026-08-13,9,19,1234.737,569.918,46.358
2026-08-13T09:05,2026-08-13,9,19,1122.981,515.673,46.833
2026-08-13T09:10,2026-08-13,9,19,1083.806,496.917,47.301
2026-08-13T09:15,2026-08-13,9,19,1155.718,532.289,47.761
2026-08-13T09:20,2026-08-13,9,19,1119.149,513.98,48.213
2026-08-13T09:25,2026-08-13,9,19,1240.218,567.795,48.656
2026-08-13T09:30,2026-08-13,9,20,1255.186,590.393,49.091
2026-08-13T09:35,2026-08-13,9,20,1222.226,561.923,49.516
2026-08-13T09:40,2026-08-13,9,20,1256.333,582.995,49.932
2026-08-13T09:45,2026-08-13,9,20,1357.625,627.428,50.338
2026-08-13T09:50,2026-08-13,9,20,1246.832,579.852,50.734
2026-08-13T09:55,2026-08-13,9,20,1358.132,635.006,51.119
2026-08-13T10:00,2026-08-13,10,21,1405.983,656.748,51.494
2026-08-13T10:05,2026-08-13,10,21,1375.726,639.616,51.858
2026-08-13T10:10,2026-08-13,10,21,1297.001,611.037,52.211
2026-08-13T10:15,2026-08-13,10,21,1393.086,660.851,52.552
2026-08-13T10:20,2026-08-13,10,21,1268.954,599.095,52.882
2026-08-13T10:25,2026-08-13,10,21,1363.409,641.342,53.199
2026-08-13T10:30,2026-08-13,10,22,1103.846,520.49,53.505
2026-08-13T10:35,2026-08-13,10,22,1283.528,601.119,53.798
2026-08-13T10:40,2026-08-13,10,22,1306.132,617.765,54.078
2026-08-13T10:45,2026-08-13,10,22,1312.315,615.03,54.345
2026-08-13T10:50,2026-08-13,10,22,1144.695,541.339,54.599
2026-08-13T10:55,2026-08-13,10,22,1167.546,550.85,54.841
2026-08-13T11:00,2026-08-13,11,23,913.601,434.758,55.068
2026-08-13T11:05,2026-08-13,11,23,1078.541,510.441,55.282
2026-08-13T11:10,2026-08-13,11,23,1041.458,492.433,55.482
2026-08-13T11:15,2026-08-13,11,23,1101.83,525.207,55.668
2026-08-13T11:20,2026-08-13,11,23,1189.464,565.679,55.841
2026-08-13T11:25,2026-08-13,11,23,1378.891,659.172,55.999
2026-08-13T11:30,2026-08-13,11,24,1433.974,677.355,56.142
2026-08-13T11:35,2026-08-13,11,24,1459.796,692.854,56.271
2026-08-13T11:40,2026-08-13,11,24,1499.385,719.838,56.386
2026-08-13T11:45,2026-08-13,11,24,1412.788,674.223,56.486
2026-08-13T11:50,2026-08-13,11,24,1211.557,576.906,56.571
2026-08-13T11:55,2026-08-13,11,24,1529.222,732.25,56.641
2026-08-13T12:00,2026-08-13,12,25,1570.041,755.572,56.697
2026-08-13T12:05,2026-08-13,12,25,1563.638,738.745,56.737
2026-08-13T12:10,2026-08-13,12,25,1535.184,730.337,56.763
2026-08-13T12:15,2026-08-13,12,25,1542.127,742.363,56.774
2026-08-13T12:20,2026-08-13,12,25,1514.314,726.563,56.769
2026-08-13T12:25,2026-08-13,12,25,1624.011,770.762,56.75
2026-08-13T12:30,2026-08-13,12,26,1605.401,765.009,56.715
2026-08-13T12:35,2026-08-13,12,26,1663.633,784.551,56.666
2026-08-13T12:40,2026-08-13,12,26,1617.039,765.789,56.601
2026-08-13T12:45,2026-08-13,12,26,1601.683,762.954,56.522
2026-08-13T12:50,2026-08-13,12,26,1474.37,704.216,56.427
2026-08-13T12:55,2026-08-13,12,26,1515.436,730.605,56.318
2026-08-13T13:00,2026-08-13,13,27,1578.991,751.247,56.194
2026-08-13T13:05,2026-08-13,13,27,1606.038,757.93,56.055
2026-08-13T13:10,2026-08-13,13,27,1493.898,711.912,55.902
2026-08-13T13:15,2026-08-13,13,27,1594.138,757.932,55.734
2026-08-13T13:20,2026-08-13,13,27,1629.124,775.751,55.552
2026-08-13T13:25,2026-08-13,13,27,1689.911,800.918,55.355
2026-08-13T13:30,2026-08-13,13,28,1576.645,743.675,55.144
2026-08-13T13:35,2026-08-13,13,28,1503.466,706.942,54.92
2026-08-13T13:40,2026-08-13,13,28,1544.579,728.898,54.681
2026-08-13T13:45,2026-08-13,13,28,1509.198,705.705,54.428
2026-08-13T13:50,2026-08-13,13,28,1416.059,666.296,54.162
2026-08-13T13:55,2026-08-13,13,28,1351.82,644.461,53.883
2026-08-13T14:00,2026-08-13,14,29,1444.11,672.338,53.591
2026-08-13T14:05,2026-08-13,14,29,1256.8,597.975,53.286
2026-08-13T14:10,2026-08-13,14,29,1234.277,578.576,52.972
2026-08-13T14:15,2026-08-13,14,29,1259.129,590.385,52.647
2026-08-13T14:20,2026-08-13,14,29,1199.197,562.975,52.313
2026-08-13T14:25,2026-08-13,14,29,1325.162,621.851,51.968
2026-08-13T14:30,2026-08-13,14,30,1347.069,633.303,51.615
2026-08-13T14:35,2026-08-13,14,30,1210.431,566.616,51.252
2026-08-13T14:40,2026-08-13,14,30,1142.99,536.872,50.881
2026-08-13T14:45,2026-08-13,14,30,1209.601,563.554,50.5
2026-08-13T14:50,2026-08-13,14,30,1130.531,526.325,50.112
2026-08-13T14:55,2026-08-13,14,30,1202.495,555.918,49.715
2026-08-13T15:00,2026-08-13,15,31,1238.454,574.836,49.311
2026-08-13T15:05,2026-08-13,15,31,1174.458,542.959,48.899
2026-08-13T15:10,2026-08-13,15,31,1175.962,544.465,48.48
2026-08-13T15:15,2026-08-13,15,31,1115.16,515.259,48.054
2026-08-13T15:20,2026-08-13,15,31,1102.342,510.629,47.621
2026-08-13T15:25,2026-08-13,15,31,1069.89,487.643,47.183
2026-08-13T15:30,2026-08-13,15,32,1061.884,485.68,46.738
2026-08-13T15:35,2026-08-13,15,32,959.367,444.28,46.288
2026-08-13T15:40,2026-08-13,15,32,1007.358,454.007,45.832
2026-08-13T15:45,2026-08-13,15,32,899.005,413.182,45.372
2026-08-13T15:50,2026-08-13,15,32,860.186,394.534,44.906
2026-08-13T15:55,2026-08-13,15,32,861.159,384.083,44.437
2026-08-13T16:00,2026-08-13,16,33,789.428,358.236,43.964
2026-08-13T16:05,2026-08-13,16,33,742.741,340.725,43.488
2026-08-13T16:10,2026-08-13,16,33,737.963,334.466,43.008
2026-08-13T16:15,2026-08-13,16,33,742.309,338.862,42.526
2026-08-13T16:20,2026-08-13,16,33,656.423,294.755,42.042
2026-08-13T16:25,2026-08-13,16,33,546.545,243.935,41.556
2026-08-13T16:30,2026-08-13,16,34,565.009,251.099,41.069
2026-08-13T16:35,2026-08-13,16,34,542.358,243.1,40.58
2026-08-13T16:40,2026-08-13,16,34,546.796,243.834,40.091
2026-08-13T16:45,2026-08-13,16,34,506.031,223.4,39.603
2026-08-13T16:50,2026-08-13,16,34,468.746,206.829,39.114
2026-08-13T16:55,2026-08-13,16,34,453.884,201.553,38.627
2026-08-13T17:00,2026-08-13,17,35,434.251,191.149,38.141
2026-08-13T17:05,2026-08-13,17,35,409.665,179.827,37.658
2026-08-13T17:10,2026-08-13,17,35,357.957,157.496,37.177
2026-08-13T17:15,2026-08-13,17,35,352.455,154.164,36.699
2026-08-13T17:20,2026-08-13,17,35,338.584,147.617,36.226
2026-08-13T17:25,2026-08-13,17,35,267.683,117.644,35.757
2026-08-13T17:30,2026-08-13,17,36,265.742,116.025,35.293
2026-08-13T17:35,2026-08-13,17,36,222.746,97.114,34.836
2026-08-13T17:40,2026-08-13,17,36,199.076,86.871,34.387
2026-08-13T17:45,2026-08-13,17,36,145.825,63.46,33.945
2026-08-13T17:50,2026-08-13,17,36,122.469,52.79,33.514
2026-08-13T17:55,2026-08-13,17,36,115.143,50.162,33.093
2026-08-13T18:00,2026-08-13,18,37,91.668,39.762,32.686
2026-08-13T18:05,2026-08-13,18,37,69.367,30.073,32.294
2026-08-13T18:10,2026-08-13,18,37,45.789,19.841,31.921
2026-08-13T18:15,2026-08-13,18,37,28.148,12.238,31.573
2026-08-13T18:20,2026-08-13,18,37,12.234,5.27,31.258
2026-08-13T18:25,2026-08-13,18,37,0.0,0.0,31.012
2026-08-13T18:30,2026-08-13,18,38,0.0,0.0,30.949
2026-08-13T18:35,2026-08-13,18,38,0.0,0.0,30.885
2026-08-13T18:40,2026-08-13,18,38,0.0,0.0,30.82
2026-08-13T18:45,2026-08-13,18,38,0.0,0.0,30.755
2026-08-13T18:50,2026-08-13,18,38,0.0,0.0,30.688
2026-08-13T18:55,2026-08-13,18,38,0.0,0.0,30.621
2026-08-13T19:00,2026-08-13,19,39,0.0,0.0,30.554
2026-08-13T19:05,2026-08-13,19,39,0.0,0.0,30.485
2026-08-13T19:10,2026-08-13,19,39,0.0,0.0,30.416
2026-08-13T19:15,2026-08-13,19,39,0.0,0.0,30.347
2026-08-13T19:20,2026-08-13,19,39,0.0,0.0,30.276
2026-08-13T19:25,2026-08-13,19,39,0.0,0.0,30.206
2026-08-13T19:30,2026-08-13,19,40,0.0,0.0,30.134
2026-08-13T19:35,2026-08-13,19,40,0.0,0.0,30.062
2026-08-13T19:40,2026-08-13,19,40,0.0,0.0,29.99
2026-08-13T19:45,2026-08-13,19,40,0.0,0.0,29.916
2026-08-13T19:50,2026-08-13,19,40,0.0,0.0,29.843
2026-08-13T19:55,2026-08-13,19,40,0.0,0.0,29.769
2026-08-13T20:00,2026-08-13,20,41,0.0,0.0,29.694
2026-08-13T20:05,2026-08-13,20,41,0.0,0.0,29.619
2026-08-13T20:10,2026-08-13,20,41,0.0,0.0,29.544
2026-08-13T20:15,2026-08-13,20,41,0.0,0.0,29.468
2026-08-13T20:20,2026-08-13,20,41,0.0,0.0,29.392
2026-08-13T20:25,2026-08-13,20,41,0.0,0.0,29.316
2026-08-13T20:30,2026-08-13,20,42,0.0,0.0,29.239
2026-08-13T20:35,2026-08-13,20,42,0.0,0.0,29.162
2026-08-13T20:40,2026-08-13,20,42,0.0,0.0,29.085
2026-08-13T20:45,2026-08-13,20,42,0.0,0.0,29.008
2026-08-13T20:50,2026-08-13,20,42,0.0,0.0,28.93
2026-08-13T20:55,2026-08-13,20,42,0.0,0.0,28.852
2026-08-13T21:00,2026-08-13,21,43,0.0,0.0,28.774
2026-08-13T21:05,2026-08-13,21,43,0.0,0.0,28.696
2026-08-13T21:10,2026-08-13,21,43,0.0,0.0,28.618
2026-08-13T21:15,2026-08-13,21,43,0.0,0.0,28.539
2026-08-13T21:20,2026-08-13,21,43,0.0,0.0,28.461
2026-08-13T21:25,2026-08-13,21,43,0.0,0.0,28.382
2026-08-13T21:30,2026-08-13,21,44,0.0,0.0,28.304
2026-08-13T21:35,2026-08-13,21,44,0.0,0.0,28.225
2026-08-13T21:40,2026-08-13,21,44,0.0,0.0,28.147
2026-08-13T21:45,2026-08-13,21,44,0.0,0.0,28.068
2026-08-13T21:50,2026-08-13,21,44,0.0,0.0,27.99
2026-08-13T21:55,2026-08-13,21,44,0.0,0.0,27.912
2026-08-13T22:00,2026-08-13,22,45,0.0,0.0,27.833
2026-08-13T22:05,2026-08-13,22,45,0.0,0.0,27.755
2026-08-13T22:10,2026-08-13,22,45,0.0,0.0,27.678
2026-08-13T22:15,2026-08-13,22,45,0.0,0.0,27.6
2026-08-13T22:20,2026-08-13,22,45,0.0,0.0,27.522
2026-08-13T22:25,2026-08-13,22,45,0.0,0.0,27.445
2026-08-13T22:30,2026-08-13,22,46,0.0,0.0,27.368
2026-08-13T22:35,2026-08-13,22,46,0.0,0.0,27.292
2026-08-13T22:40,2026-08-13,22,46,0.0,0.0,27.215
2026-08-13T22:45,2026-08-13,22,46,0.0,0.0,27.139
2026-08-13T22:50,2026-08-13,22,46,0.0,0.0,27.063
2026-08-13T22:55,2026-08-13,22,46,0.0,0.0,26.988
2026-08-13T23:00,2026-08-13,23,47,0.0,0.0,26.913
2026-08-13T23:05,2026-08-13,23,47,0.0,0.0,26.839
2026-08-13T23:10,2026-08-13,23,47,0.0,0.0,26.765
2026-08-13T23:15,2026-08-13,23,47,0.0,0.0,26.691
2026-08-13T23:20,2026-08-13,23,47,0.0,0.0,26.618
2026-08-13T23:25,2026-08-13,23,47,0.0,0.0,26.546
2026-08-13T23:30,2026-08-13,23,48,0.0,0.0,26.473
2026-08-13T23:35,2026-08-13,23,48,0.0,0.0,26.402
2026-08-13T23:40,2026-08-13,23,48,0.0,0.0,26.331
2026-08-13T23:45,2026-08-13,23,48,0.0,0.0,26.261
2026-08-13T23:50,2026-08-13,23,48,0.0,0.0,26.191
2026-08-13T23:55,2026-08-13,23,48,0.0,0.0,26.122
2026-08-14T00:00,2026-08-14,0,1,0.0,0.0,26.054
2026-08-14T00:05,2026-08-14,0,1,0.0,0.0,25.986
2026-08-14T00:10,2026-08-14,0,1,0.0,0.0,25.919
2026-08-14T00:15,2026-08-14,0,1,0.0,0.0,25.853
2026-08-14T00:20,2026-08-14,0,1,0.0,0.0,25.787
2026-08-14T00:25,2026-08-14,0,1,0.0,0.0,25.723
2026-08-14T00:30,2026-08-14,0,2,0.0,0.0,25.659
2026-08-14T00:35,2026-08-14,0,2,0.0,0.0,25.596
2026-08-14T00:40,2026-08-14,0,2,0.0,0.0,25.533
2026-08-14T00:45,2026-08-14,0,2,0.0,0.0,25.472
2026-08-14T00:50,2026-08-14,0,2,0.0,0.0,25.411
2026-08-14T00:55,2026-08-14,0,2,0.0,0.0,25.352
2026-08-14T01:00,2026-08-14,1,3,0.0,0.0,25.293
2026-08-14T01:05,2026-08-14,1,3,0.0,0.0,25.235
2026-08-14T01:10,2026-08-14,1,3,0.0,0.0,25.178
2026-08-14T01:15,2026-08-14,1,3,0.0,0.0,25.122
2026-08-14T01:20,2026-08-14,1,3,0.0,0.0,25.067
2026-08-14T01:25,2026-08-14,1,3,0.0,0.0,25.013
2026-08-14T01:30,2026-08-14,1,4,0.0,0.0,24.96
2026-08-14T01:35,2026-08-14,1,4,0.0,0.0,24.908
2026-08-14T01:40,2026-08-14,1,4,0.0,0.0,24.857
2026-08-14T01:45,2026-08-14,1,4,0.0,0.0,24.807
2026-08-14T01:50,2026-08-14,1,4,0.0,0.0,24.758
2026-08-14T01:55,2026-08-14,1,4,0.0,0.0,24.71
2026-08-14T02:00,2026-08-14,2,5,0.0,0.0,24.663
2026-08-14T02:05,2026-08-14,2,5,0.0,0.0,24.618
2026-08-14T02:10,2026-08-14,2,5,0.0,0.0,24.573
2026-08-14T02:15,2026-08-14,2,5,0.0,0.0,24.53
2026-08-14T02:20,2026-08-14,2,5,0.0,0.0,24.488
2026-08-14T02:25,2026-08-14,2,5,0.0,0.0,24.447
2026-08-14T02:30,2026-08-14,2,6,0.0,0.0,24.407
2026-08-14T02:35,2026-08-14,2,6,0.0,0.0,24.368
2026-08-14T02:40,2026-08-14,2,6,0.0,0.0,24.331
2026-08-14T02:45,2026-08-14,2,6,0.0,0.0,24.294
2026-08-14T02:50,2026-08-14,2,6,0.0,0.0,24.259
2026-08-14T02:55,2026-08-14,2,6,0.0,0.0,24.225
2026-08-14T03:00,2026-08-14,3,7,0.0,0.0,24.193
2026-08-14T03:05,2026-08-14,3,7,0.0,0.0,24.162
2026-08-14T03:10,2026-08-14,3,7,0.0,0.0,24.131
2026-08-14T03:15,2026-08-14,3,7,0.0,0.0,24.103
2026-08-14T03:20,2026-08-14,3,7,0.0,0.0,24.075
2026-08-14T03:25,2026-08-14,3,7,0.0,0.0,24.049
2026-08-14T03:30,2026-08-14,3,8,0.0,0.0,24.024
2026-08-14T03:35,2026-08-14,3,8,0.0,0.0,24.0
2026-08-14T03:40,2026-08-14,3,8,0.0,0.0,23.978
2026-08-14T03:45,2026-08-14,3,8,0.0,0.0,23.957
2026-08-14T03:50,2026-08-14,3,8,0.0,0.0,23.937
2026-08-14T03:55,2026-08-14,3,8,0.0,0.0,23.919
2026-08-14T04:00,2026-08-14,4,9,0.0,0.0,23.902
2026-08-14T04:05,2026-08-14,4,9,0.0,0.0,23.886
2026-08-14T04:10,2026-08-14,4,9,0.0,0.0,23.872
2026-08-14T04:15,2026-08-14,4,9,0.0,0.0,23.859
2026-08-14T04:20,2026-08-14,4,9,0.0,0.0,23.848
2026-08-14T04:25,2026-08-14,4,9,0.0,0.0,23.837
2026-08-14T04:30,2026-08-14,4,10,0.0,0.0,23.828
2026-08-14T04:35,2026-08-14,4,10,0.0,0.0,23.821
2026-08-14T04:40,2026-08-14,4,10,0.0,0.0,23.815
2026-08-14T04:45,2026-08-14,4,10,0.0,0.0,23.81
2026-08-14T04:50,2026-08-14,4,10,0.0,0.0,23.807
2026-08-14T04:55,2026-08-14,4,10,0.0,0.0,23.804
2026-08-14T05:00,2026-08-14,5,11,0.0,0.0,25.278
2026-08-14T05:05,2026-08-14,5,11,0.0,0.0,25.279
2026-08-14T05:10,2026-08-14,5,11,17.232,7.297,25.469
2026-08-14T05:15,2026-08-14,5,11,40.791,17.293,25.732
2026-08-14T05:20,2026-08-14,5,11,66.29,28.115,26.033
2026-08-14T05:25,2026-08-14,5,11,94.036,39.962,26.363
2026-08-14T05:30,2026-08-14,5,12,126.123,53.484,26.717
2026-08-14T05:35,2026-08-14,5,12,155.459,66.053,27.091
2026-08-14T05:40,2026-08-14,5,12,188.407,79.934,27.483
2026-08-14T05:45,2026-08-14,5,12,216.278,92.54,27.89
2026-08-14T05:50,2026-08-14,5,12,250.892,106.533,28.312
2026-08-14T05:55,2026-08-14,5,12,277.375,117.364,28.747
2026-08-14T06:00,2026-08-14,6,13,319.979,135.799,29.194
2026-08-14T06:05,2026-08-14,6,13,337.759,145.172,29.652
2026-08-14T06:10,2026-08-14,6,13,380.618,163.055,30.12
2026-08-14T06:15,2026-08-14,6,13,419.401,181.086,30.597
2026-08-14T06:20,2026-08-14,6,13,451.139,193.929,31.083
2026-08-14T06:25,2026-08-14,6,13,509.994,218.568,31.577
2026-08-14T06:30,2026-08-14,6,14,532.112,228.987,32.077
2026-08-14T06:35,2026-08-14,6,14,548.541,240.518,32.584
2026-08-14T06:40,2026-08-14,6,14,593.131,257.377,33.098
2026-08-14T06:45,2026-08-14,6,14,642.384,279.979,33.616
2026-08-14T06:50,2026-08-14,6,14,663.212,289.648,34.139
2026-08-14T06:55,2026-08-14,6,14,707.201,308.583,34.667
2026-08-14T07:00,2026-08-14,7,15,745.892,326.924,35.198
2026-08-14T07:05,2026-08-14,7,15,776.694,340.216,35.732
2026-08-14T07:10,2026-08-14,7,15,790.516,346.897,36.269
2026-08-14T07:15,2026-08-14,7,15,844.124,371.408,36.809
2026-08-14T07:20,2026-08-14,7,15,886.101,390.746,37.35
2026-08-14T07:25,2026-08-14,7,15,894.654,394.413,37.892
2026-08-14T07:30,2026-08-14,7,16,921.338,409.894,38.435
2026-08-14T07:35,2026-08-14,7,16,943.576,419.432,38.978
2026-08-14T07:40,2026-08-14,7,16,976.159,434.58,39.521
2026-08-14T07:45,2026-08-14,7,16,989.114,440.177,40.063
2026-08-14T07:50,2026-08-14,7,16,1018.881,451.962,40.604
2026-08-14T07:55,2026-08-14,7,16,1055.548,474.366,41.144
2026-08-14T08:00,2026-08-14,8,17,1094.935,493.151,41.682
2026-08-14T08:05,2026-08-14,8,17,1098.851,496.994,42.217
2026-08-14T08:10,2026-08-14,8,17,1137.734,513.22,42.75
2026-08-14T08:15,2026-08-14,8,17,1139.229,515.626,43.279
2026-08-14T08:20,2026-08-14,8,17,1205.882,541.975,43.805
2026-08-14T08:25,2026-08-14,8,17,1233.571,563.061,44.327
2026-08-14T08:30,2026-08-14,8,18,1252.535,564.54,44.844
2026-08-14T08:35,2026-08-14,8,18,1332.414,607.982,45.356
2026-08-14T08:40,2026-08-14,8,18,1368.537,626.729,45.863
2026-08-14T08:45,2026-08-14,8,18,1392.179,636.601,46.365
2026-08-14T08:50,2026-08-14,8,18,1429.239,653.812,46.86
2026-08-14T08:55,2026-08-14,8,18,1464.657,675.2,47.349
2026-08-14T09:00,2026-08-14,9,19,1500.393,688.598,47.832
2026-08-14T09:05,2026-08-14,9,19,1552.323,716.358,48.307
2026-08-14T09:10,2026-08-14,9,19,1571.136,717.743,48.775
2026-08-14T09:15,2026-08-14,9,19,1562.18,727.458,49.235
2026-08-14T09:20,2026-08-14,9,19,1511.884,703.918,49.687
2026-08-14T09:25,2026-08-14,9,19,1556.615,724.732,50.13
2026-08-14T09:30,2026-08-14,9,20,1624.136,752.122,50.564
2026-08-14T09:35,2026-08-14,9,20,1638.842,762.475,50.99
2026-08-14T09:40,2026-08-14,9,20,1657.181,775.292,51.405
2026-08-14T09:45,2026-08-14,9,20,1745.154,812.62,51.811
2026-08-14T09:50,2026-08-14,9,20,1734.121,813.118,52.207
2026-08-14T09:55,2026-08-14,9,20,1697.345,795.432,52.593
2026-08-14T10:00,2026-08-14,10,21,1731.714,810.602,52.968
2026-08-14T10:05,2026-08-14,10,21,1710.396,819.072,53.332
2026-08-14T10:10,2026-08-14,10,21,1835.206,871.93,53.685
2026-08-14T10:15,2026-08-14,10,21,1841.901,873.531,54.026
2026-08-14T10:20,2026-08-14,10,21,1835.651,872.421,54.355
2026-08-14T10:25,2026-08-14,10,21,1843.793,875.288,54.673
2026-08-14T10:30,2026-08-14,10,22,1848.371,867.606,54.978
2026-08-14T10:35,2026-08-14,10,22,1792.708,854.79,55.271
2026-08-14T10:40,2026-08-14,10,22,1761.599,841.313,55.552
2026-08-14T10:45,2026-08-14,10,22,1792.415,855.906,55.819
2026-08-14T10:50,2026-08-14,10,22,1764.891,837.118,56.073
2026-08-14T10:55,2026-08-14,10,22,1751.034,836.367,56.314
2026-08-14T11:00,2026-08-14,11,23,1728.053,828.335,56.542
2026-08-14T11:05,2026-08-14,11,23,1779.012,849.139,56.756
2026-08-14T11:10,2026-08-14,11,23,1747.551,838.996,56.956
2026-08-14T11:15,2026-08-14,11,23,1795.38,865.807,57.142
2026-08-14T11:20,2026-08-14,11,23,1844.882,884.326,57.314
2026-08-14T11:25,2026-08-14,11,23,1826.985,872.197,57.472
2026-08-14T11:30,2026-08-14,11,24,1923.774,919.208,57.616
2026-08-14T11:35,2026-08-14,11,24,1869.447,896.742,57.745
2026-08-14T11:40,2026-08-14,11,24,1836.966,877.337,57.86
2026-08-14T11:45,2026-08-14,11,24,1827.938,881.492,57.96
2026-08-14T11:50,2026-08-14,11,24,1898.339,915.788,58.045
2026-08-14T11:55,2026-08-14,11,24,1867.305,894.46,58.115
2026-08-14T12:00,2026-08-14,12,25,1929.142,918.014,58.171
2026-08-14T12:05,2026-08-14,12,25,1863.141,898.34,58.211
2026-08-14T12:10,2026-08-14,12,25,1851.2,900.175,58.237
2026-08-14T12:15,2026-08-14,12,25,1885.386,907.005,58.247
2026-08-14T12:20,2026-08-14,12,25,1830.97,879.394,58.243
2026-08-14T12:25,2026-08-14,12,25,1834.248,885.997,58.223
2026-08-14T12:30,2026-08-14,12,26,1798.815,863.669,58.189
2026-08-14T12:35,2026-08-14,12,26,1889.92,906.056,58.139
2026-08-14T12:40,2026-08-14,12,26,1864.809,888.896,58.075
2026-08-14T12:45,2026-08-14,12,26,1865.681,893.613,57.995
2026-08-14T12:50,2026-08-14,12,26,1832.244,878.123,57.901
2026-08-14T12:55,2026-08-14,12,26,1792.785,868.02,57.792
2026-08-14T13:00,2026-08-14,13,27,1824.37,869.671,57.668
2026-08-14T13:05,2026-08-14,13,27,1827.854,885.127,57.529
2026-08-14T13:10,2026-08-14,13,27,1794.435,852.347,57.376
2026-08-14T13:15,2026-08-14,13,27,1759.27,849.116,57.208
2026-08-14T13:20,2026-08-14,13,27,1687.416,798.372,57.026
2026-08-14T13:25,2026-08-14,13,27,1610.52,772.762,56.829
2026-08-14T13:30,2026-08-14,13,28,1662.477,785.526,56.618
2026-08-14T13:35,2026-08-14,13,28,1603.754,766.918,56.393
2026-08-14T13:40,2026-08-14,13,28,1592.221,767.757,56.155
2026-08-14T13:45,2026-08-14,13,28,1580.298,752.752,55.902
2026-08-14T13:50,2026-08-14,13,28,1519.399,717.448,55.636
2026-08-14T13:55,2026-08-14,13,28,1591.525,754.978,55.357
2026-08-14T14:00,2026-08-14,14,29,1551.315,741.336,55.064
2026-08-14T14:05,2026-08-14,14,29,1508.158,719.016,54.76
2026-08-14T14:10,2026-08-14,14,29,1551.345,728.084,54.445
2026-08-14T14:15,2026-08-14,14,29,1469.489,694.429,54.121
2026-08-14T14:20,2026-08-14,14,29,1466.954,686.145,53.786
2026-08-14T14:25,2026-08-14,14,29,1394.054,653.255,53.442
2026-08-14T14:30,2026-08-14,14,30,1379.481,649.9,53.089
2026-08-14T14:35,2026-08-14,14,30,1443.008,669.149,52.726
2026-08-14T14:40,2026-08-14,14,30,1386.591,646.857,52.354
2026-08-14T14:45,2026-08-14,14,30,1357.416,633.991,51.974
2026-08-14T14:50,2026-08-14,14,30,1342.924,623.53,51.586
2026-08-14T14:55,2026-08-14,14,30,1319.649,614.039,51.189
2026-08-14T15:00,2026-08-14,15,31,1309.147,618.709,50.785
2026-08-14T15:05,2026-08-14,15,31,1268.747,595.632,50.373
2026-08-14T15:10,2026-08-14,15,31,1250.975,580.217,49.954
2026-08-14T15:15,2026-08-14,15,31,1175.154,545.568,49.528
2026-08-14T15:20,2026-08-14,15,31,1189.992,551.412,49.095
2026-08-14T15:25,2026-08-14,15,31,1191.453,550.574,48.656
2026-08-14T15:30,2026-08-14,15,32,1141.717,530.183,48.212
2026-08-14T15:35,2026-08-14,15,32,1095.704,502.01,47.761
2026-08-14T15:40,2026-08-14,15,32,1088.618,506.296,47.306
2026-08-14T15:45,2026-08-14,15,32,998.792,460.466,46.845
2026-08-14T15:50,2026-08-14,15,32,962.9,441.78,46.38
2026-08-14T15:55,2026-08-14,15,32,941.411,431.898,45.911
2026-08-14T16:00,2026-08-14,16,33,887.954,406.62,45.438
2026-08-14T16:05,2026-08-14,16,33,860.485,391.125,44.962
2026-08-14T16:10,2026-08-14,16,33,812.605,368.164,44.482
2026-08-14T16:15,2026-08-14,16,33,780.064,351.32,44.0
2026-08-14T16:20,2026-08-14,16,33,768.744,348.141,43.516
2026-08-14T16:25,2026-08-14,16,33,708.83,320.345,43.03
2026-08-14T16:30,2026-08-14,16,34,695.778,313.708,42.542
2026-08-14T16:35,2026-08-14,16,34,645.651,288.787,42.054
2026-08-14T16:40,2026-08-14,16,34,619.548,275.76,41.565
2026-08-14T16:45,2026-08-14,16,34,576.863,258.706,41.076
2026-08-14T16:50,2026-08-14,16,34,560.069,250.088,40.588
2026-08-14T16:55,2026-08-14,16,34,517.398,229.59,40.101
2026-08-14T17:00,2026-08-14,17,35,469.523,209.081,39.615
2026-08-14T17:05,2026-08-14,17,35,449.888,199.866,39.131
2026-08-14T17:10,2026-08-14,17,35,431.842,190.699,38.65
2026-08-14T17:15,2026-08-14,17,35,383.148,168.936,38.173
2026-08-14T17:20,2026-08-14,17,35,357.012,157.015,37.699
2026-08-14T17:25,2026-08-14,17,35,318.416,139.647,37.23
2026-08-14T17:30,2026-08-14,17,36,283.799,125.849,36.767
2026-08-14T17:35,2026-08-14,17,36,254.734,111.258,36.31
2026-08-14T17:40,2026-08-14,17,36,226.215,99.809,35.86
2026-08-14T17:45,2026-08-14,17,36,203.43,88.346,35.419
2026-08-14T17:50,2026-08-14,17,36,171.956,75.47,34.987
2026-08-14T17:55,2026-08-14,17,36,146.882,63.66,34.567
2026-08-14T18:00,2026-08-14,18,37,115.618,50.314,34.16
2026-08-14T18:05,2026-08-14,18,37,86.979,37.874,33.768
2026-08-14T18:10,2026-08-14,18,37,59.183,25.929,33.395
2026-08-14T18:15,2026-08-14,18,37,36.223,15.749,33.046
2026-08-14T18:20,2026-08-14,18,37,15.014,6.546,32.732
2026-08-14T18:25,2026-08-14,18,37,0.0,0.0,32.486
2026-08-14T18:30,2026-08-14,18,38,0.0,0.0,32.423
2026-08-14T18:35,2026-08-14,18,38,0.0,0.0,32.359
2026-08-14T18:40,2026-08-14,18,38,0.0,0.0,32.294
2026-08-14T18:45,2026-08-14,18,38,0.0,0.0,32.228
2026-08-14T18:50,2026-08-14,18,38,0.0,0.0,32.162
2026-08-14T18:55,2026-08-14,18,38,0.0,0.0,32.095
2026-08-14T19:00,2026-08-14,19,39,0.0,0.0,32.028
2026-08-14T19:05,2026-08-14,19,39,0.0,0.0,31.959
2026-08-14T19:10,2026-08-14,19,39,0.0,0.0,31.89
2026-08-14T19:15,2026-08-14,19,39,0.0,0.0,31.82
2026-08-14T19:20,2026-08-14,19,39,0.0,0.0,31.75
2026-08-14T19:25,2026-08-14,19,39,0.0,0.0,31.679
2026-08-14T19:30,2026-08-14,19,40,0.0,0.0,31.608
2026-08-14T19:35,2026-08-14,19,40,0.0,0.0,31.536
2026-08-14T19:40,2026-08-14,19,40,0.0,0.0,31.463
2026-08-14T19:45,2026-08-14,19,40,0.0,0.0,31.39
2026-08-14T19:50,2026-08-14,19,40,0.0,0.0,31.317
2026-08-14T19:55,2026-08-14,19,40,0.0,0.0,31.243
2026-08-14T20:00,2026-08-14,20,41,0.0,0.0,31.168
2026-08-14T20:05,2026-08-14,20,41,0.0,0.0,31.093
2026-08-14T20:10,2026-08-14,20,41,0.0,0.0,31.018
2026-08-14T20:15,2026-08-14,20,41,0.0,0.0,30.942
2026-08-14T20:20,2026-08-14,20,41,0.0,0.0,30.866
2026-08-14T20:25,2026-08-14,20,41,0.0,0.0,30.79
2026-08-14T20:30,2026-08-14,20,42,0.0,0.0,30.713
2026-08-14T20:35,2026-08-14,20,42,0.0,0.0,30.636
2026-08-14T20:40,2026-08-14,20,42,0.0,0.0,30.559
2026-08-14T20:45,2026-08-14,20,42,0.0,0.0,30.481
2026-08-14T20:50,2026-08-14,20,42,0.0,0.0,30.404
2026-08-14T20:55,2026-08-14,20,42,0.0,0.0,30.326
2026-08-14T21:00,2026-08-14,21,43,0.0,0.0,30.248
2026-08-14T21:05,2026-08-14,21,43,0.0,0.0,30.17
2026-08-14T21:10,2026-08-14,21,43,0.0,0.0,30.091
2026-08-14T21:15,2026-08-14,21,43,0.0,0.0,30.013
2026-08-14T21:20,2026-08-14,21,43,0.0,0.0,29.935
2026-08-14T21:25,2026-08-14,21,43,0.0,0.0,29.856
2026-08-14T21:30,2026-08-14,21,44,0.0,0.0,29.778
2026-08-14T21:35,2026-08-14,21,44,0.0,0.0,29.699
2026-08-14T21:40,2026-08-14,21,44,0.0,0.0,29.62
2026-08-14T21:45,2026-08-14,21,44,0.0,0.0,29.542
2026-08-14T21:50,2026-08-14,21,44,0.0,0.0,29.464
2026-08-14T21:55,2026-08-14,21,44,0.0,0.0,29.385
2026-08-14T22:00,2026-08-14,22,45,0.0,0.0,29.307
2026-08-14T22:05,2026-08-14,22,45,0.0,0.0,29.229
2026-08-14T22:10,2026-08-14,22,45,0.0,0.0,29.151
2026-08-14T22:15,2026-08-14,22,45,0.0,0.0,29.074
2026-08-14T22:20,2026-08-14,22,45,0.0,0.0,28.996
2026-08-14T22:25,2026-08-14,22,45,0.0,0.0,28.919
2026-08-14T22:30,2026-08-14,22,46,0.0,0.0,28.842
2026-08-14T22:35,2026-08-14,22,46,0.0,0.0,28.765
2026-08-14T22:40,2026-08-14,22,46,0.0,0.0,28.689
2026-08-14T22:45,2026-08-14,22,46,0.0,0.0,28.613
2026-08-14T22:50,2026-08-14,22,46,0.0,0.0,28.537
2026-08-14T22:55,2026-08-14,22,46,0.0,0.0,28.462
2026-08-14T23:00,2026-08-14,23,47,0.0,0.0,28.387
2026-08-14T23:05,2026-08-14,23,47,0.0,0.0,28.312
2026-08-14T23:10,2026-08-14,23,47,0.0,0.0,28.238
2026-08-14T23:15,2026-08-14,23,47,0.0,0.0,28.165
2026-08-14T23:20,2026-08-14,23,47,0.0,0.0,28.092
2026-08-14T23:25,2026-08-14,23,47,0.0,0.0,28.019
2026-08-14T23:30,2026-08-14,23,48,0.0,0.0,27.947
2026-08-14T23:35,2026-08-14,23,48,0.0,0.0,27.876
2026-08-14T23:40,2026-08-14,23,48,0.0,0.0,27.805
2026-08-14T23:45,2026-08-14,23,48,0.0,0.0,27.735
2026-08-14T23:50,2026-08-14,23,48,0.0,0.0,27.665
2026-08-14T23:55,2026-08-14,23,48,0.0,0.0,27.596
2026-08-15T00:00,2026-08-15,0,1,0.0,0.0,27.528
2026-08-15T00:05,2026-08-15,0,1,0.0,0.0,27.46
2026-08-15T00:10,2026-08-15,0,1,0.0,0.0,27.393
2026-08-15T00:15,2026-08-15,0,1,0.0,0.0,27.327
2026-08-15T00:20,2026-08-15,0,1,0.0,0.0,27.261
2026-08-15T00:25,2026-08-15,0,1,0.0,0.0,27.196
2026-08-15T00:30,2026-08-15,0,2,0.0,0.0,27.133
2026-08-15T00:35,2026-08-15,0,2,0.0,0.0,27.069
2026-08-15T00:40,2026-08-15,0,2,0.0,0.0,27.007
2026-08-15T00:45,2026-08-15,0,2,0.0,0.0,26.946
2026-08-15T00:50,2026-08-15,0,2,0.0,0.0,26.885
2026-08-15T00:55,2026-08-15,0,2,0.0,0.0,26.825
2026-08-15T01:00,2026-08-15,1,3,0.0,0.0,26.766
2026-08-15T01:05,2026-08-15,1,3,0.0,0.0,26.709
2026-08-15T01:10,2026-08-15,1,3,0.0,0.0,26.652
2026-08-15T01:15,2026-08-15,1,3,0.0,0.0,26.596
2026-08-15T01:20,2026-08-15,1,3,0.0,0.0,26.541
2026-08-15T01:25,2026-08-15,1,3,0.0,0.0,26.486
2026-08-15T01:30,2026-08-15,1,4,0.0,0.0,26.433
2026-08-15T01:35,2026-08-15,1,4,0.0,0.0,26.381
2026-08-15T01:40,2026-08-15,1,4,0.0,0.0,26.33
2026-08-15T01:45,2026-08-15,1,4,0.0,0.0,26.28
2026-08-15T01:50,2026-08-15,1,4,0.0,0.0,26.231
2026-08-15T01:55,2026-08-15,1,4,0.0,0.0,26.184
2026-08-15T02:00,2026-08-15,2,5,0.0,0.0,26.137
2026-08-15T02:05,2026-08-15,2,5,0.0,0.0,26.091
2026-08-15T02:10,2026-08-15,2,5,0.0,0.0,26.047
2026-08-15T02:15,2026-08-15,2,5,0.0,0.0,26.004
2026-08-15T02:20,2026-08-15,2,5,0.0,0.0,25.961
2026-08-15T02:25,2026-08-15,2,5,0.0,0.0,25.92
2026-08-15T02:30,2026-08-15,2,6,0.0,0.0,25.88
2026-08-15T02:35,2026-08-15,2,6,0.0,0.0,25.842
2026-08-15T02:40,2026-08-15,2,6,0.0,0.0,25.804
2026-08-15T02:45,2026-08-15,2,6,0.0,0.0,25.768
2026-08-15T02:50,2026-08-15,2,6,0.0,0.0,25.733
2026-08-15T02:55,2026-08-15,2,6,0.0,0.0,25.699
2026-08-15T03:00,2026-08-15,3,7,0.0,0.0,25.667
2026-08-15T03:05,2026-08-15,3,7,0.0,0.0,25.635
2026-08-15T03:10,2026-08-15,3,7,0.0,0.0,25.605
2026-08-15T03:15,2026-08-15,3,7,0.0,0.0,25.576
2026-08-15T03:20,2026-08-15,3,7,0.0,0.0,25.549
2026-08-15T03:25,2026-08-15,3,7,0.0,0.0,25.523
2026-08-15T03:30,2026-08-15,3,8,0.0,0.0,25.498
2026-08-15T03:35,2026-08-15,3,8,0.0,0.0,25.474
2026-08-15T03:40,2026-08-15,3,8,0.0,0.0,25.452
2026-08-15T03:45,2026-08-15,3,8,0.0,0.0,25.431
2026-08-15T03:50,2026-08-15,3,8,0.0,0.0,25.411
2026-08-15T03:55,2026-08-15,3,8,0.0,0.0,25.393
2026-08-15T04:00,2026-08-15,4,9,0.0,0.0,25.376
2026-08-15T04:05,2026-08-15,4,9,0.0,0.0,25.36
2026-08-15T04:10,2026-08-15,4,9,0.0,0.0,25.346
2026-08-15T04:15,2026-08-15,4,9,0.0,0.0,25.333
2026-08-15T04:20,2026-08-15,4,9,0.0,0.0,25.321
2026-08-15T04:25,2026-08-15,4,9,0.0,0.0,25.311
2026-08-15T04:30,2026-08-15,4,10,0.0,0.0,25.302
2026-08-15T04:35,2026-08-15,4,10,0.0,0.0,25.295
2026-08-15T04:40,2026-08-15,4,10,0.0,0.0,25.289
2026-08-15T04:45,2026-08-15,4,10,0.0,0.0,25.284
2026-08-15T04:50,2026-08-15,4,10,0.0,0.0,25.28
2026-08-15T04:55,2026-08-15,4,10,0.0,0.0,25.278
2026-08-15T05:00,2026-08-15,5,11,0.0,0.0,24.482
2026-08-15T05:05,2026-08-15,5,11,0.0,0.0,24.484
2026-08-15T05:10,2026-08-15,5,11,13.367,5.617,24.674
2026-08-15T05:15,2026-08-15,5,11,31.41,13.25,24.936
2026-08-15T05:20,2026-08-15,5,11,58.933,24.617,25.238
2026-08-15T05:25,2026-08-15,5,11,76.569,32.583,25.568
2026-08-15T05:30,2026-08-15,5,12,105.176,44.237,25.922
2026-08-15T05:35,2026-08-15,5,12,126.614,53.488,26.296
2026-08-15T05:40,2026-08-15,5,12,152.126,64.666,26.687
2026-08-15T05:45,2026-08-15,5,12,163.683,70.249,27.095
2026-08-15T05:50,2026-08-15,5,12,169.212,71.671,27.517
2026-08-15T05:55,2026-08-15,5,12,215.059,91.309,27.952
2026-08-15T06:00,2026-08-15,6,13,238.455,101.126,28.399
2026-08-15T06:05,2026-08-15,6,13,246.118,104.03,28.857
2026-08-15T06:10,2026-08-15,6,13,286.782,122.02,29.325
2026-08-15T06:15,2026-08-15,6,13,315.484,135.296,29.802
2026-08-15T06:20,2026-08-15,6,13,349.325,149.697,30.288
2026-08-15T06:25,2026-08-15,6,13,390.829,167.294,30.781
2026-08-15T06:30,2026-08-15,6,14,430.587,184.697,31.282
2026-08-15T06:35,2026-08-15,6,14,494.742,213.791,31.789
2026-08-15T06:40,2026-08-15,6,14,468.051,203.452,32.302
2026-08-15T06:45,2026-08-15,6,14,486.502,210.072,32.821
2026-08-15T06:50,2026-08-15,6,14,555.039,240.65,33.344
2026-08-15T06:55,2026-08-15,6,14,566.491,246.622,33.871
2026-08-15T07:00,2026-08-15,7,15,521.085,228.436,34.403
2026-08-15T07:05,2026-08-15,7,15,526.297,229.302,34.937
2026-08-15T07:10,2026-08-15,7,15,594.535,257.122,35.474
2026-08-15T07:15,2026-08-15,7,15,649.355,285.574,36.013
2026-08-15T07:20,2026-08-15,7,15,629.927,276.246,36.554
2026-08-15T07:25,2026-08-15,7,15,646.133,285.234,37.096
2026-08-15T07:30,2026-08-15,7,16,743.132,324.038,37.639
2026-08-15T07:35,2026-08-15,7,16,736.187,323.985,38.182
2026-08-15T07:40,2026-08-15,7,16,806.161,353.272,38.725
2026-08-15T07:45,2026-08-15,7,16,757.141,338.912,39.268
2026-08-15T07:50,2026-08-15,7,16,904.962,403.397,39.809
2026-08-15T07:55,2026-08-15,7,16,876.037,392.735,40.349
2026-08-15T08:00,2026-08-15,8,17,957.912,426.627,40.887
2026-08-15T08:05,2026-08-15,8,17,1024.411,451.522,41.422
2026-08-15T08:10,2026-08-15,8,17,1003.188,447.027,41.955
2026-08-15T08:15,2026-08-15,8,17,1108.663,500.737,42.484
2026-08-15T08:20,2026-08-15,8,17,1010.944,456.678,43.01
2026-08-15T08:25,2026-08-15,8,17,1071.484,487.918,43.531
2026-08-15T08:30,2026-08-15,8,18,1065.692,478.611,44.049
2026-08-15T08:35,2026-08-15,8,18,1040.264,469.469,44.561
2026-08-15T08:40,2026-08-15,8,18,1044.449,476.829,45.068
2026-08-15T08:45,2026-08-15,8,18,1057.982,484.761,45.57
2026-08-15T08:50,2026-08-15,8,18,1004.199,453.821,46.065
2026-08-15T08:55,2026-08-15,8,18,1121.699,508.463,46.554
2026-08-15T09:00,2026-08-15,9,19,1045.341,482.015,47.036
2026-08-15T09:05,2026-08-15,9,19,1172.942,540.1,47.512
2026-08-15T09:10,2026-08-15,9,19,1243.403,574.192,47.979
2026-08-15T09:15,2026-08-15,9,19,1203.539,555.209,48.439
2026-08-15T09:20,2026-08-15,9,19,1200.415,549.218,48.891
2026-08-15T09:25,2026-08-15,9,19,1218.113,558.502,49.335
2026-08-15T09:30,2026-08-15,9,20,1440.647,672.802,49.769
2026-08-15T09:35,2026-08-15,9,20,1456.571,674.537,50.194
2026-08-15T09:40,2026-08-15,9,20,1582.727,742.113,50.61
2026-08-15T09:45,2026-08-15,9,20,1534.44,718.768,51.016
2026-08-15T09:50,2026-08-15,9,20,1653.94,781.182,51.412
2026-08-15T09:55,2026-08-15,9,20,1663.605,784.235,51.798
2026-08-15T10:00,2026-08-15,10,21,1640.674,768.144,52.173
2026-08-15T10:05,2026-08-15,10,21,1622.245,759.918,52.537
2026-08-15T10:10,2026-08-15,10,21,1522.212,719.118,52.889
2026-08-15T10:15,2026-08-15,10,21,1524.146,715.222,53.231
2026-08-15T10:20,2026-08-15,10,21,1561.642,736.216,53.56
2026-08-15T10:25,2026-08-15,10,21,1706.72,810.255,53.878
2026-08-15T10:30,2026-08-15,10,22,1668.24,784.776,54.183
2026-08-15T10:35,2026-08-15,10,22,1660.982,781.851,54.476
2026-08-15T10:40,2026-08-15,10,22,1848.547,874.814,54.756
2026-08-15T10:45,2026-08-15,10,22,1894.641,902.743,55.024
2026-08-15T10:50,2026-08-15,10,22,1778.802,847.671,55.278
2026-08-15T10:55,2026-08-15,10,22,1768.232,845.68,55.519
2026-08-15T11:00,2026-08-15,11,23,1841.201,875.554,55.747
2026-08-15T11:05,2026-08-15,11,23,1668.76,798.517,55.96
2026-08-15T11:10,2026-08-15,11,23,1924.21,921.697,56.161
2026-08-15T11:15,2026-08-15,11,23,1914.165,913.711,56.347
2026-08-15T11:20,2026-08-15,11,23,1917.396,910.701,56.519
2026-08-15T11:25,2026-08-15,11,23,1798.728,860.397,56.677
2026-08-15T11:30,2026-08-15,11,24,1905.65,903.246,56.821
2026-08-15T11:35,2026-08-15,11,24,1917.962,912.948,56.95
2026-08-15T11:40,2026-08-15,11,24,2056.087,985.569,57.064
2026-08-15T11:45,2026-08-15,11,24,1928.805,923.811,57.164
2026-08-15T11:50,2026-08-15,11,24,1796.74,856.485,57.249
2026-08-15T11:55,2026-08-15,11,24,1828.554,870.138,57.32
2026-08-15T12:00,2026-08-15,12,25,1747.112,837.086,57.375
2026-08-15T12:05,2026-08-15,12,25,1898.077,901.543,57.416
2026-08-15T12:10,2026-08-15,12,25,1889.526,902.573,57.441
2026-08-15T12:15,2026-08-15,12,25,1777.886,852.912,57.452
2026-08-15T12:20,2026-08-15,12,25,1853.967,885.657,57.448
2026-08-15T12:25,2026-08-15,12,25,1812.918,873.051,57.428
2026-08-15T12:30,2026-08-15,12,26,1902.764,918.055,57.394
2026-08-15T12:35,2026-08-15,12,26,1762.064,845.56,57.344
2026-08-15T12:40,2026-08-15,12,26,1814.501,860.607,57.28
2026-08-15T12:45,2026-08-15,12,26,1815.135,873.836,57.2
2026-08-15T12:50,2026-08-15,12,26,1749.002,830.428,57.106
2026-08-15T12:55,2026-08-15,12,26,1657.681,796.504,56.997
2026-08-15T13:00,2026-08-15,13,27,1688.932,799.205,56.873
2026-08-15T13:05,2026-08-15,13,27,1760.054,846.49,56.734
2026-08-15T13:10,2026-08-15,13,27,1727.893,824.221,56.58
2026-08-15T13:15,2026-08-15,13,27,1653.527,785.591,56.413
2026-08-15T13:20,2026-08-15,13,27,1696.497,804.139,56.23
2026-08-15T13:25,2026-08-15,13,27,1509.677,721.501,56.034
2026-08-15T13:30,2026-08-15,13,28,1584.321,760.46,55.823
2026-08-15T13:35,2026-08-15,13,28,1511.79,717.638,55.598
2026-08-15T13:40,2026-08-15,13,28,1429.835,683.634,55.359
2026-08-15T13:45,2026-08-15,13,28,1393.079,659.677,55.107
2026-08-15T13:50,2026-08-15,13,28,1439.232,679.537,54.841
2026-08-15T13:55,2026-08-15,13,28,1347.806,638.614,54.561
2026-08-15T14:00,2026-08-15,14,29,1246.289,593.406,54.269
2026-08-15T14:05,2026-08-15,14,29,1357.327,639.446,53.965
2026-08-15T14:10,2026-08-15,14,29,1279.849,603.5,53.65
2026-08-15T14:15,2026-08-15,14,29,1295.736,609.431,53.325
2026-08-15T14:20,2026-08-15,14,29,1261.989,594.3,52.991
2026-08-15T14:25,2026-08-15,14,29,1171.107,547.298,52.647
2026-08-15T14:30,2026-08-15,14,30,1367.965,647.278,52.293
2026-08-15T14:35,2026-08-15,14,30,1187.515,553.878,51.931
2026-08-15T14:40,2026-08-15,14,30,1125.167,524.472,51.559
2026-08-15T14:45,2026-08-15,14,30,1184.68,555.75,51.179
2026-08-15T14:50,2026-08-15,14,30,1185.218,546.662,50.79
2026-08-15T14:55,2026-08-15,14,30,1178.375,543.791,50.394
2026-08-15T15:00,2026-08-15,15,31,1137.968,532.347,49.989
2026-08-15T15:05,2026-08-15,15,31,1210.661,561.687,49.577
2026-08-15T15:10,2026-08-15,15,31,1206.608,558.732,49.158
2026-08-15T15:15,2026-08-15,15,31,1211.916,556.52,48.732
2026-08-15T15:20,2026-08-15,15,31,1237.871,567.976,48.3
2026-08-15T15:25,2026-08-15,15,31,1057.886,491.044,47.861
2026-08-15T15:30,2026-08-15,15,32,983.798,456.257,47.416
2026-08-15T15:35,2026-08-15,15,32,949.035,431.319,46.966
2026-08-15T15:40,2026-08-15,15,32,958.881,435.524,46.51
2026-08-15T15:45,2026-08-15,15,32,891.585,410.519,46.05
2026-08-15T15:50,2026-08-15,15,32,909.301,417.441,45.585
2026-08-15T15:55,2026-08-15,15,32,823.472,375.963,45.116
2026-08-15T16:00,2026-08-15,16,33,825.607,376.037,44.643
2026-08-15T16:05,2026-08-15,16,33,818.057,370.22,44.166
2026-08-15T16:10,2026-08-15,16,33,759.339,346.53,43.687
2026-08-15T16:15,2026-08-15,16,33,749.811,337.805,43.205
2026-08-15T16:20,2026-08-15,16,33,679.813,304.28,42.721
2026-08-15T16:25,2026-08-15,16,33,688.028,309.869,42.234
2026-08-15T16:30,2026-08-15,16,34,668.27,297.344,41.747
2026-08-15T16:35,2026-08-15,16,34,660.603,296.88,41.259
2026-08-15T16:40,2026-08-15,16,34,605.315,271.083,40.77
2026-08-15T16:45,2026-08-15,16,34,591.626,261.005,40.281
2026-08-15T16:50,2026-08-15,16,34,558.099,247.429,39.793
2026-08-15T16:55,2026-08-15,16,34,485.44,214.97,39.305
2026-08-15T17:00,2026-08-15,17,35,465.655,207.252,38.82
2026-08-15T17:05,2026-08-15,17,35,426.581,188.17,38.336
2026-08-15T17:10,2026-08-15,17,35,400.041,176.162,37.855
2026-08-15T17:15,2026-08-15,17,35,360.908,160.201,37.378
2026-08-15T17:20,2026-08-15,17,35,327.332,143.565,36.904
2026-08-15T17:25,2026-08-15,17,35,280.937,123.642,36.435
2026-08-15T17:30,2026-08-15,17,36,262.075,115.551,35.972
2026-08-15T17:35,2026-08-15,17,36,218.653,96.125,35.515
2026-08-15T17:40,2026-08-15,17,36,219.525,96.388,35.065
2026-08-15T17:45,2026-08-15,17,36,175.148,75.586,34.624
2026-08-15T17:50,2026-08-15,17,36,136.557,60.066,34.192
2026-08-15T17:55,2026-08-15,17,36,120.012,51.948,33.772
2026-08-15T18:00,2026-08-15,18,37,88.591,38.585,33.364
2026-08-15T18:05,2026-08-15,18,37,71.674,31.007,32.973
2026-08-15T18:10,2026-08-15,18,37,51.25,22.329,32.6
2026-08-15T18:15,2026-08-15,18,37,29.433,12.732,32.251
2026-08-15T18:20,2026-08-15,18,37,13.261,5.698,31.936
2026-08-15T18:25,2026-08-15,18,37,0.0,0.0,31.69
2026-08-15T18:30,2026-08-15,18,38,0.0,0.0,31.627
2026-08-15T18:35,2026-08-15,18,38,0.0,0.0,31.563
2026-08-15T18:40,2026-08-15,18,38,0.0,0.0,31.499
2026-08-15T18:45,2026-08-15,18,38,0.0,0.0,31.433
2026-08-15T18:50,2026-08-15,18,38,0.0,0.0,31.367
2026-08-15T18:55,2026-08-15,18,38,0.0,0.0,31.3
2026-08-15T19:00,2026-08-15,19,39,0.0,0.0,31.232
2026-08-15T19:05,2026-08-15,19,39,0.0,0.0,31.164
2026-08-15T19:10,2026-08-15,19,39,0.0,0.0,31.095
2026-08-15T19:15,2026-08-15,19,39,0.0,0.0,31.025
2026-08-15T19:20,2026-08-15,19,39,0.0,0.0,30.955
2026-08-15T19:25,2026-08-15,19,39,0.0,0.0,30.884
2026-08-15T19:30,2026-08-15,19,40,0.0,0.0,30.813
2026-08-15T19:35,2026-08-15,19,40,0.0,0.0,30.741
2026-08-15T19:40,2026-08-15,19,40,0.0,0.0,30.668
2026-08-15T19:45,2026-08-15,19,40,0.0,0.0,30.595
2026-08-15T19:50,2026-08-15,19,40,0.0,0.0,30.521
2026-08-15T19:55,2026-08-15,19,40,0.0,0.0,30.447
2026-08-15T20:00,2026-08-15,20,41,0.0,0.0,30.373
2026-08-15T20:05,2026-08-15,20,41,0.0,0.0,30.298
2026-08-15T20:10,2026-08-15,20,41,0.0,0.0,30.223
2026-08-15T20:15,2026-08-15,20,41,0.0,0.0,30.147
2026-08-15T20:20,2026-08-15,20,41,0.0,0.0,30.071
2026-08-15T20:25,2026-08-15,20,41,0.0,0.0,29.995
2026-08-15T20:30,2026-08-15,20,42,0.0,0.0,29.918
2026-08-15T20:35,2026-08-15,20,42,0.0,0.0,29.841
2026-08-15T20:40,2026-08-15,20,42,0.0,0.0,29.764
2026-08-15T20:45,2026-08-15,20,42,0.0,0.0,29.686
2026-08-15T20:50,2026-08-15,20,42,0.0,0.0,29.609
2026-08-15T20:55,2026-08-15,20,42,0.0,0.0,29.531
2026-08-15T21:00,2026-08-15,21,43,0.0,0.0,29.453
2026-08-15T21:05,2026-08-15,21,43,0.0,0.0,29.374
2026-08-15T21:10,2026-08-15,21,43,0.0,0.0,29.296
2026-08-15T21:15,2026-08-15,21,43,0.0,0.0,29.218
2026-08-15T21:20,2026-08-15,21,43,0.0,0.0,29.139
2026-08-15T21:25,2026-08-15,21,43,0.0,0.0,29.061
2026-08-15T21:30,2026-08-15,21,44,0.0,0.0,28.982
2026-08-15T21:35,2026-08-15,21,44,0.0,0.0,28.904
2026-08-15T21:40,2026-08-15,21,44,0.0,0.0,28.825
2026-08-15T21:45,2026-08-15,21,44,0.0,0.0,28.747
2026-08-15T21:50,2026-08-15,21,44,0.0,0.0,28.668
2026-08-15T21:55,2026-08-15,21,44,0.0,0.0,28.59
2026-08-15T22:00,2026-08-15,22,45,0.0,0.0,28.512
2026-08-15T22:05,2026-08-15,22,45,0.0,0.0,28.434
2026-08-15T22:10,2026-08-15,22,45,0.0,0.0,28.356
2026-08-15T22:15,2026-08-15,22,45,0.0,0.0,28.278
2026-08-15T22:20,2026-08-15,22,45,0.0,0.0,28.201
2026-08-15T22:25,2026-08-15,22,45,0.0,0.0,28.124
2026-08-15T22:30,2026-08-15,22,46,0.0,0.0,28.047
2026-08-15T22:35,2026-08-15,22,46,0.0,0.0,27.97
2026-08-15T22:40,2026-08-15,22,46,0.0,0.0,27.894
2026-08-15T22:45,2026-08-15,22,46,0.0,0.0,27.818
2026-08-15T22:50,2026-08-15,22,46,0.0,0.0,27.742
2026-08-15T22:55,2026-08-15,22,46,0.0,0.0,27.667
2026-08-15T23:00,2026-08-15,23,47,0.0,0.0,27.592
2026-08-15T23:05,2026-08-15,23,47,0.0,0.0,27.517
2026-08-15T23:10,2026-08-15,23,47,0.0,0.0,27.443
2026-08-15T23:15,2026-08-15,23,47,0.0,0.0,27.37
2026-08-15T23:20,2026-08-15,23,47,0.0,0.0,27.296
2026-08-15T23:25,2026-08-15,23,47,0.0,0.0,27.224
2026-08-15T23:30,2026-08-15,23,48,0.0,0.0,27.152
2026-08-15T23:35,2026-08-15,23,48,0.0,0.0,27.08
2026-08-15T23:40,2026-08-15,23,48,0.0,0.0,27.01
2026-08-15T23:45,2026-08-15,23,48,0.0,0.0,26.939
2026-08-15T23:50,2026-08-15,23,48,0.0,0.0,26.87
2026-08-15T23:55,2026-08-15,23,48,0.0,0.0,26.801
2026-08-16T00:00,2026-08-16,0,1,0.0,0.0,26.732
2026-08-16T00:05,2026-08-16,0,1,0.0,0.0,26.665
2026-08-16T00:10,2026-08-16,0,1,0.0,0.0,26.598
2026-08-16T00:15,2026-08-16,0,1,0.0,0.0,26.531
2026-08-16T00:20,2026-08-16,0,1,0.0,0.0,26.466
2026-08-16T00:25,2026-08-16,0,1,0.0,0.0,26.401
2026-08-16T00:30,2026-08-16,0,2,0.0,0.0,26.337
2026-08-16T00:35,2026-08-16,0,2,0.0,0.0,26.274
2026-08-16T00:40,2026-08-16,0,2,0.0,0.0,26.212
2026-08-16T00:45,2026-08-16,0,2,0.0,0.0,26.15
2026-08-16T00:50,2026-08-16,0,2,0.0,0.0,26.09
2026-08-16T00:55,2026-08-16,0,2,0.0,0.0,26.03
2026-08-16T01:00,2026-08-16,1,3,0.0,0.0,25.971
2026-08-16T01:05,2026-08-16,1,3,0.0,0.0,25.913
2026-08-16T01:10,2026-08-16,1,3,0.0,0.0,25.856
2026-08-16T01:15,2026-08-16,1,3,0.0,0.0,25.8
2026-08-16T01:20,2026-08-16,1,3,0.0,0.0,25.745
2026-08-16T01:25,2026-08-16,1,3,0.0,0.0,25.691
2026-08-16T01:30,2026-08-16,1,4,0.0,0.0,25.638
2026-08-16T01:35,2026-08-16,1,4,0.0,0.0,25.586
2026-08-16T01:40,2026-08-16,1,4,0.0,0.0,25.535
2026-08-16T01:45,2026-08-16,1,4,0.0,0.0,25.485
2026-08-16T01:50,2026-08-16,1,4,0.0,0.0,25.436
2026-08-16T01:55,2026-08-16,1,4,0.0,0.0,25.388
2026-08-16T02:00,2026-08-16,2,5,0.0,0.0,25.342
2026-08-16T02:05,2026-08-16,2,5,0.0,0.0,25.296
2026-08-16T02:10,2026-08-16,2,5,0.0,0.0,25.252
2026-08-16T02:15,2026-08-16,2,5,0.0,0.0,25.208
2026-08-16T02:20,2026-08-16,2,5,0.0,0.0,25.166
2026-08-16T02:25,2026-08-16,2,5,0.0,0.0,25.125
2026-08-16T02:30,2026-08-16,2,6,0.0,0.0,25.085
2026-08-16T02:35,2026-08-16,2,6,0.0,0.0,25.046
2026-08-16T02:40,2026-08-16,2,6,0.0,0.0,25.009
2026-08-16T02:45,2026-08-16,2,6,0.0,0.0,24.973
2026-08-16T02:50,2026-08-16,2,6,0.0,0.0,24.938
2026-08-16T02:55,2026-08-16,2,6,0.0,0.0,24.904
2026-08-16T03:00,2026-08-16,3,7,0.0,0.0,24.871
2026-08-16T03:05,2026-08-16,3,7,0.0,0.0,24.84
2026-08-16T03:10,2026-08-16,3,7,0.0,0.0,24.81
2026-08-16T03:15,2026-08-16,3,7,0.0,0.0,24.781
2026-08-16T03:20,2026-08-16,3,7,0.0,0.0,24.754
2026-08-16T03:25,2026-08-16,3,7,0.0,0.0,24.727
2026-08-16T03:30,2026-08-16,3,8,0.0,0.0,24.702
2026-08-16T03:35,2026-08-16,3,8,0.0,0.0,24.679
2026-08-16T03:40,2026-08-16,3,8,0.0,0.0,24.657
2026-08-16T03:45,2026-08-16,3,8,0.0,0.0,24.636
2026-08-16T03:50,2026-08-16,3,8,0.0,0.0,24.616
2026-08-16T03:55,2026-08-16,3,8,0.0,0.0,24.598
2026-08-16T04:00,2026-08-16,4,9,0.0,0.0,24.581
2026-08-16T04:05,2026-08-16,4,9,0.0,0.0,24.565
2026-08-16T04:10,2026-08-16,4,9,0.0,0.0,24.551
2026-08-16T04:15,2026-08-16,4,9,0.0,0.0,24.538
2026-08-16T04:20,2026-08-16,4,9,0.0,0.0,24.526
2026-08-16T04:25,2026-08-16,4,9,0.0,0.0,24.516
2026-08-16T04:30,2026-08-16,4,10,0.0,0.0,24.507
2026-08-16T04:35,2026-08-16,4,10,0.0,0.0,24.499
2026-08-16T04:40,2026-08-16,4,10,0.0,0.0,24.493
2026-08-16T04:45,2026-08-16,4,10,0.0,0.0,24.488
2026-08-16T04:50,2026-08-16,4,10,0.0,0.0,24.485
2026-08-16T04:55,2026-08-16,4,10,0.0,0.0,24.483
2026-08-16T05:00,2026-08-16,5,11,0.0,0.0,24.961
2026-08-16T05:05,2026-08-16,5,11,0.0,0.0,24.963
2026-08-16T05:10,2026-08-16,5,11,14.553,6.134,25.153
2026-08-16T05:15,2026-08-16,5,11,35.132,14.737,25.415
2026-08-16T05:20,2026-08-16,5,11,58.031,24.404,25.717
2026-08-16T05:25,2026-08-16,5,11,81.951,34.725,26.047
2026-08-16T05:30,2026-08-16,5,12,108.597,45.656,26.401
2026-08-16T05:35,2026-08-16,5,12,134.586,56.938,26.775
2026-08-16T05:40,2026-08-16,5,12,161.253,68.531,27.166
2026-08-16T05:45,2026-08-16,5,12,198.938,83.84,27.574
2026-08-16T05:50,2026-08-16,5,12,226.994,95.428,27.996
2026-08-16T05:55,2026-08-16,5,12,243.892,103.29,28.431
2026-08-16T06:00,2026-08-16,6,13,309.286,130.996,28.878
2026-08-16T06:05,2026-08-16,6,13,337.249,144.768,29.336
2026-08-16T06:10,2026-08-16,6,13,382.028,164.027,29.804
2026-08-16T06:15,2026-08-16,6,13,392.937,168.855,30.281
2026-08-16T06:20,2026-08-16,6,13,431.343,185.291,30.767
2026-08-16T06:25,2026-08-16,6,13,469.499,201.489,31.26
2026-08-16T06:30,2026-08-16,6,14,513.743,221.669,31.761
2026-08-16T06:35,2026-08-16,6,14,555.143,239.531,32.268
2026-08-16T06:40,2026-08-16,6,14,576.996,250.803,32.781
2026-08-16T06:45,2026-08-16,6,14,563.159,244.768,33.3
2026-08-16T06:50,2026-08-16,6,14,620.761,269.037,33.823
2026-08-16T06:55,2026-08-16,6,14,657.554,284.515,34.35
2026-08-16T07:00,2026-08-16,7,15,689.256,299.051,34.882
2026-08-16T07:05,2026-08-16,7,15,716.632,309.979,35.416
2026-08-16T07:10,2026-08-16,7,15,742.823,322.06,35.953
2026-08-16T07:15,2026-08-16,7,15,779.746,344.932,36.492
2026-08-16T07:20,2026-08-16,7,15,867.116,379.458,37.033
2026-08-16T07:25,2026-08-16,7,15,784.312,348.693,37.575
2026-08-16T07:30,2026-08-16,7,16,869.185,387.561,38.118
2026-08-16T07:35,2026-08-16,7,16,829.708,367.761,38.661
2026-08-16T07:40,2026-08-16,7,16,898.462,401.671,39.204
2026-08-16T07:45,2026-08-16,7,16,1003.585,443.762,39.747
2026-08-16T07:50,2026-08-16,7,16,1001.201,445.777,40.288
2026-08-16T07:55,2026-08-16,7,16,950.868,425.041,40.828
2026-08-16T08:00,2026-08-16,8,17,1030.13,463.644,41.365
2026-08-16T08:05,2026-08-16,8,17,1066.952,486.255,41.901
2026-08-16T08:10,2026-08-16,8,17,1120.497,501.643,42.433
2026-08-16T08:15,2026-08-16,8,17,1168.556,527.333,42.963
2026-08-16T08:20,2026-08-16,8,17,1202.07,540.75,43.489
2026-08-16T08:25,2026-08-16,8,17,1289.685,583.416,44.01
2026-08-16T08:30,2026-08-16,8,18,1342.607,606.846,44.527
2026-08-16T08:35,2026-08-16,8,18,1328.371,605.163,45.04
2026-08-16T08:40,2026-08-16,8,18,1379.586,623.613,45.547
2026-08-16T08:45,2026-08-16,8,18,1454.057,659.132,46.048
2026-08-16T08:50,2026-08-16,8,18,1346.146,623.971,46.544
2026-08-16T08:55,2026-08-16,8,18,1393.41,633.041,47.033
2026-08-16T09:00,2026-08-16,9,19,1343.437,612.846,47.515
2026-08-16T09:05,2026-08-16,9,19,1425.29,665.188,47.991
2026-08-16T09:10,2026-08-16,9,19,1374.564,630.844,48.458
2026-08-16T09:15,2026-08-16,9,19,1401.006,651.202,48.918
2026-08-16T09:20,2026-08-16,9,19,1452.988,676.708,49.37
2026-08-16T09:25,2026-08-16,9,19,1481.586,683.761,49.813
2026-08-16T09:30,2026-08-16,9,20,1405.101,656.289,50.248
2026-08-16T09:35,2026-08-16,9,20,1420.397,670.086,50.673
2026-08-16T09:40,2026-08-16,9,20,1435.541,678.97,51.089
2026-08-16T09:45,2026-08-16,9,20,1465.794,690.136,51.495
2026-08-16T09:50,2026-08-16,9,20,1384.355,651.948,51.891
2026-08-16T09:55,2026-08-16,9,20,1451.694,673.174,52.277
2026-08-16T10:00,2026-08-16,10,21,1458.727,688.02,52.651
2026-08-16T10:05,2026-08-16,10,21,1632.242,763.547,53.015
2026-08-16T10:10,2026-08-16,10,21,1659.819,783.369,53.368
2026-08-16T10:15,2026-08-16,10,21,1527.076,719.569,53.709
2026-08-16T10:20,2026-08-16,10,21,1553.554,739.837,54.039
2026-08-16T10:25,2026-08-16,10,21,1582.795,754.086,54.357
2026-08-16T10:30,2026-08-16,10,22,1639.689,777.206,54.662
2026-08-16T10:35,2026-08-16,10,22,1485.064,708.401,54.955
2026-08-16T10:40,2026-08-16,10,22,1521.118,719.666,55.235
2026-08-16T10:45,2026-08-16,10,22,1441.594,686.11,55.503
2026-08-16T10:50,2026-08-16,10,22,1413.371,672.944,55.757
2026-08-16T10:55,2026-08-16,10,22,1481.113,710.261,55.998
2026-08-16T11:00,2026-08-16,11,23,1509.192,722.251,56.225
2026-08-16T11:05,2026-08-16,11,23,1521.407,726.928,56.439
2026-08-16T11:10,2026-08-16,11,23,1400.001,671.283,56.64
2026-08-16T11:15,2026-08-16,11,23,1570.068,750.861,56.826
2026-08-16T11:20,2026-08-16,11,23,1433.459,682.418,56.998
2026-08-16T11:25,2026-08-16,11,23,1411.914,676.775,57.156
2026-08-16T11:30,2026-08-16,11,24,1434.736,685.989,57.3
2026-08-16T11:35,2026-08-16,11,24,1467.02,696.79,57.429
2026-08-16T11:40,2026-08-16,11,24,1488.719,723.862,57.543
2026-08-16T11:45,2026-08-16,11,24,1474.171,701.736,57.643
2026-08-16T11:50,2026-08-16,11,24,1537.968,745.033,57.728
2026-08-16T11:55,2026-08-16,11,24,1701.525,812.646,57.799
2026-08-16T12:00,2026-08-16,12,25,1646.665,796.935,57.854
2026-08-16T12:05,2026-08-16,12,25,1618.21,776.976,57.895
2026-08-16T12:10,2026-08-16,12,25,1740.995,830.424,57.92
2026-08-16T12:15,2026-08-16,12,25,1666.99,803.918,57.931
2026-08-16T12:20,2026-08-16,12,25,1628.548,781.914,57.927
2026-08-16T12:25,2026-08-16,12,25,1608.573,773.699,57.907
2026-08-16T12:30,2026-08-16,12,26,1510.633,722.121,57.873
2026-08-16T12:35,2026-08-16,12,26,1556.106,746.388,57.823
2026-08-16T12:40,2026-08-16,12,26,1596.827,762.148,57.759
2026-08-16T12:45,2026-08-16,12,26,1532.628,733.9,57.679
2026-08-16T12:50,2026-08-16,12,26,1570.599,752.927,57.585
2026-08-16T12:55,2026-08-16,12,26,1670.018,797.697,57.476
2026-08-16T13:00,2026-08-16,13,27,1602.094,766.454,57.351
2026-08-16T13:05,2026-08-16,13,27,1531.997,731.652,57.213
2026-08-16T13:10,2026-08-16,13,27,1564.337,744.066,57.059
2026-08-16T13:15,2026-08-16,13,27,1554.116,743.032,56.891
2026-08-16T13:20,2026-08-16,13,27,1529.357,737.892,56.709
2026-08-16T13:25,2026-08-16,13,27,1497.339,705.998,56.513
2026-08-16T13:30,2026-08-16,13,28,1451.875,696.547,56.302
2026-08-16T13:35,2026-08-16,13,28,1532.041,733.524,56.077
2026-08-16T13:40,2026-08-16,13,28,1434.79,680.216,55.838
2026-08-16T13:45,2026-08-16,13,28,1400.543,663.266,55.586
2026-08-16T13:50,2026-08-16,13,28,1455.419,692.08,55.32
2026-08-16T13:55,2026-08-16,13,28,1504.021,717.978,55.04
2026-08-16T14:00,2026-08-16,14,29,1434.268,676.005,54.748
2026-08-16T14:05,2026-08-16,14,29,1371.659,648.465,54.444
2026-08-16T14:10,2026-08-16,14,29,1488.407,706.209,54.129
2026-08-16T14:15,2026-08-16,14,29,1544.314,731.876,53.804
2026-08-16T14:20,2026-08-16,14,29,1433.951,673.915,53.47
2026-08-16T14:25,2026-08-16,14,29,1450.911,683.967,53.126
2026-08-16T14:30,2026-08-16,14,30,1459.615,682.723,52.772
2026-08-16T14:35,2026-08-16,14,30,1417.625,664.394,52.41
2026-08-16T14:40,2026-08-16,14,30,1437.643,672.272,52.038
2026-08-16T14:45,2026-08-16,14,30,1296.695,599.549,51.658
2026-08-16T14:50,2026-08-16,14,30,1238.956,583.737,51.269
2026-08-16T14:55,2026-08-16,14,30,1228.252,572.13,50.873
2026-08-16T15:00,2026-08-16,15,31,1176.247,546.332,50.468
2026-08-16T15:05,2026-08-16,15,31,1170.014,543.579,50.056
2026-08-16T15:10,2026-08-16,15,31,1176.684,543.459,49.637
2026-08-16T15:15,2026-08-16,15,31,1076.407,499.936,49.211
2026-08-16T15:20,2026-08-16,15,31,1146.658,530.925,48.779
2026-08-16T15:25,2026-08-16,15,31,1130.478,526.878,48.34
2026-08-16T15:30,2026-08-16,15,32,1116.065,510.937,47.895
2026-08-16T15:35,2026-08-16,15,32,1004.302,457.371,47.445
2026-08-16T15:40,2026-08-16,15,32,974.772,447.73,46.989
2026-08-16T15:45,2026-08-16,15,32,910.052,413.118,46.529
2026-08-16T15:50,2026-08-16,15,32,877.378,398.272,46.064
2026-08-16T15:55,2026-08-16,15,32,850.553,390.81,45.595
2026-08-16T16:00,2026-08-16,16,33,844.002,387.674,45.122
2026-08-16T16:05,2026-08-16,16,33,824.62,374.98,44.645
2026-08-16T16:10,2026-08-16,16,33,805.553,365.552,44.166
2026-08-16T16:15,2026-08-16,16,33,838.529,376.068,43.684
2026-08-16T16:20,2026-08-16,16,33,706.736,318.67,43.199
2026-08-16T16:25,2026-08-16,16,33,686.716,313.343,42.713
2026-08-16T16:30,2026-08-16,16,34,613.506,276.462,42.226
2026-08-16T16:35,2026-08-16,16,34,637.653,287.281,41.738
2026-08-16T16:40,2026-08-16,16,34,610.652,274.189,41.249
2026-08-16T16:45,2026-08-16,16,34,526.457,235.686,40.76
2026-08-16T16:50,2026-08-16,16,34,589.306,262.057,40.272
2026-08-16T16:55,2026-08-16,16,34,530.416,233.704,39.784
2026-08-16T17:00,2026-08-16,17,35,497.877,218.452,39.299
2026-08-16T17:05,2026-08-16,17,35,423.786,187.215,38.815
2026-08-16T17:10,2026-08-16,17,35,408.656,180.036,38.334
2026-08-16T17:15,2026-08-16,17,35,351.338,155.17,37.856
2026-08-16T17:20,2026-08-16,17,35,330.323,146.048,37.383
2026-08-16T17:25,2026-08-16,17,35,285.716,125.269,36.914
2026-08-16T17:30,2026-08-16,17,36,283.284,124.139,36.451
2026-08-16T17:35,2026-08-16,17,36,232.695,102.505,35.994
2026-08-16T17:40,2026-08-16,17,36,211.645,91.735,35.544
2026-08-16T17:45,2026-08-16,17,36,183.715,80.447,35.103
2026-08-16T17:50,2026-08-16,17,36,157.568,68.556,34.671
2026-08-16T17:55,2026-08-16,17,36,127.008,55.148,34.251
2026-08-16T18:00,2026-08-16,18,37,108.613,46.945,33.843
2026-08-16T18:05,2026-08-16,18,37,76.319,33.051,33.452
2026-08-16T18:10,2026-08-16,18,37,56.702,24.657,33.079
2026-08-16T18:15,2026-08-16,18,37,31.604,13.577,32.73
2026-08-16T18:20,2026-08-16,18,37,12.004,5.203,32.415
2026-08-16T18:25,2026-08-16,18,37,0.0,0.0,32.169
2026-08-16T18:30,2026-08-16,18,38,0.0,0.0,32.106
2026-08-16T18:35,2026-08-16,18,38,0.0,0.0,32.042
2026-08-16T18:40,2026-08-16,18,38,0.0,0.0,31.978
2026-08-16T18:45,2026-08-16,18,38,0.0,0.0,31.912
2026-08-16T18:50,2026-08-16,18,38,0.0,0.0,31.846
2026-08-16T18:55,2026-08-16,18,38,0.0,0.0,31.779
2026-08-16T19:00,2026-08-16,19,39,0.0,0.0,31.711
2026-08-16T19:05,2026-08-16,19,39,0.0,0.0,31.643
2026-08-16T19:10,2026-08-16,19,39,0.0,0.0,31.574
2026-08-16T19:15,2026-08-16,19,39,0.0,0.0,31.504
2026-08-16T19:20,2026-08-16,19,39,0.0,0.0,31.434
2026-08-16T19:25,2026-08-16,19,39,0.0,0.0,31.363
2026-08-16T19:30,2026-08-16,19,40,0.0,0.0,31.291
2026-08-16T19:35,2026-08-16,19,40,0.0,0.0,31.219
2026-08-16T19:40,2026-08-16,19,40,0.0,0.0,31.147
2026-08-16T19:45,2026-08-16,19,40,0.0,0.0,31.074
2026-08-16T19:50,2026-08-16,19,40,0.0,0.0,31.0
2026-08-16T19:55,2026-08-16,19,40,0.0,0.0,30.926
2026-08-16T20:00,2026-08-16,20,41,0.0,0.0,30.852
2026-08-16T20:05,2026-08-16,20,41,0.0,0.0,30.777
2026-08-16T20:10,2026-08-16,20,41,0.0,0.0,30.702
2026-08-16T20:15,2026-08-16,20,41,0.0,0.0,30.626
2026-08-16T20:20,2026-08-16,20,41,0.0,0.0,30.55
2026-08-16T20:25,2026-08-16,20,41,0.0,0.0,30.473
2026-08-16T20:30,2026-08-16,20,42,0.0,0.0,30.397
2026-08-16T20:35,2026-08-16,20,42,0.0,0.0,30.32
2026-08-16T20:40,2026-08-16,20,42,0.0,0.0,30.243
2026-08-16T20:45,2026-08-16,20,42,0.0,0.0,30.165
2026-08-16T20:50,2026-08-16,20,42,0.0,0.0,30.087
2026-08-16T20:55,2026-08-16,20,42,0.0,0.0,30.01
2026-08-16T21:00,2026-08-16,21,43,0.0,0.0,29.932
2026-08-16T21:05,2026-08-16,21,43,0.0,0.0,29.853
2026-08-16T21:10,2026-08-16,21,43,0.0,0.0,29.775
2026-08-16T21:15,2026-08-16,21,43,0.0,0.0,29.697
2026-08-16T21:20,2026-08-16,21,43,0.0,0.0,29.618
2026-08-16T21:25,2026-08-16,21,43,0.0,0.0,29.54
2026-08-16T21:30,2026-08-16,21,44,0.0,0.0,29.461
2026-08-16T21:35,2026-08-16,21,44,0.0,0.0,29.383
2026-08-16T21:40,2026-08-16,21,44,0.0,0.0,29.304
2026-08-16T21:45,2026-08-16,21,44,0.0,0.0,29.226
2026-08-16T21:50,2026-08-16,21,44,0.0,0.0,29.147
2026-08-16T21:55,2026-08-16,21,44,0.0,0.0,29.069
2026-08-16T22:00,2026-08-16,22,45,0.0,0.0,28.991
2026-08-16T22:05,2026-08-16,22,45,0.0,0.0,28.913
2026-08-16T22:10,2026-08-16,22,45,0.0,0.0,28.835
2026-08-16T22:15,2026-08-16,22,45,0.0,0.0,28.757
2026-08-16T22:20,2026-08-16,22,45,0.0,0.0,28.68
2026-08-16T22:25,2026-08-16,22,45,0.0,0.0,28.603
2026-08-16T22:30,2026-08-16,22,46,0.0,0.0,28.526
2026-08-16T22:35,2026-08-16,22,46,0.0,0.0,28.449
2026-08-16T22:40,2026-08-16,22,46,0.0,0.0,28.373
2026-08-16T22:45,2026-08-16,22,46,0.0,0.0,28.296
2026-08-16T22:50,2026-08-16,22,46,0.0,0.0,28.221
2026-08-16T22:55,2026-08-16,22,46,0.0,0.0,28.145
2026-08-16T23:00,2026-08-16,23,47,0.0,0.0,28.071
2026-08-16T23:05,2026-08-16,23,47,0.0,0.0,27.996
2026-08-16T23:10,2026-08-16,23,47,0.0,0.0,27.922
2026-08-16T23:15,2026-08-16,23,47,0.0,0.0,27.849
2026-08-16T23:20,2026-08-16,23,47,0.0,0.0,27.775
2026-08-16T23:25,2026-08-16,23,47,0.0,0.0,27.703
2026-08-16T23:30,2026-08-16,23,48,0.0,0.0,27.631
2026-08-16T23:35,2026-08-16,23,48,0.0,0.0,27.559
2026-08-16T23:40,2026-08-16,23,48,0.0,0.0,27.488
2026-08-16T23:45,2026-08-16,23,48,0.0,0.0,27.418
2026-08-16T23:50,2026-08-16,23,48,0.0,0.0,27.349
2026-08-16T23:55,2026-08-16,23,48,0.0,0.0,27.28
2026-08-17T00:00,2026-08-17,0,1,0.0,0.0,27.211
2026-08-17T00:05,2026-08-17,0,1,0.0,0.0,27.143
2026-08-17T00:10,2026-08-17,0,1,0.0,0.0,27.077
2026-08-17T00:15,2026-08-17,0,1,0.0,0.0,27.01
2026-08-17T00:20,2026-08-17,0,1,0.0,0.0,26.945
2026-08-17T00:25,2026-08-17,0,1,0.0,0.0,26.88
2026-08-17T00:30,2026-08-17,0,2,0.0,0.0,26.816
2026-08-17T00:35,2026-08-17,0,2,0.0,0.0,26.753
2026-08-17T00:40,2026-08-17,0,2,0.0,0.0,26.691
2026-08-17T00:45,2026-08-17,0,2,0.0,0.0,26.629
2026-08-17T00:50,2026-08-17,0,2,0.0,0.0,26.569
2026-08-17T00:55,2026-08-17,0,2,0.0,0.0,26.509
2026-08-17T01:00,2026-08-17,1,3,0.0,0.0,26.45
2026-08-17T01:05,2026-08-17,1,3,0.0,0.0,26.392
2026-08-17T01:10,2026-08-17,1,3,0.0,0.0,26.335
2026-08-17T01:15,2026-08-17,1,3,0.0,0.0,26.279
2026-08-17T01:20,2026-08-17,1,3,0.0,0.0,26.224
2026-08-17T01:25,2026-08-17,1,3,0.0,0.0,26.17
2026-08-17T01:30,2026-08-17,1,4,0.0,0.0,26.117
2026-08-17T01:35,2026-08-17,1,4,0.0,0.0,26.065
2026-08-17T01:40,2026-08-17,1,4,0.0,0.0,26.014
2026-08-17T01:45,2026-08-17,1,4,0.0,0.0,25.964
2026-08-17T01:50,2026-08-17,1,4,0.0,0.0,25.915
2026-08-17T01:55,2026-08-17,1,4,0.0,0.0,25.867
2026-08-17T02:00,2026-08-17,2,5,0.0,0.0,25.821
2026-08-17T02:05,2026-08-17,2,5,0.0,0.0,25.775
2026-08-17T02:10,2026-08-17,2,5,0.0,0.0,25.73
2026-08-17T02:15,2026-08-17,2,5,0.0,0.0,25.687
2026-08-17T02:20,2026-08-17,2,5,0.0,0.0,25.645
2026-08-17T02:25,2026-08-17,2,5,0.0,0.0,25.604
2026-08-17T02:30,2026-08-17,2,6,0.0,0.0,25.564
2026-08-17T02:35,2026-08-17,2,6,0.0,0.0,25.525
2026-08-17T02:40,2026-08-17,2,6,0.0,0.0,25.488
2026-08-17T02:45,2026-08-17,2,6,0.0,0.0,25.452
2026-08-17T02:50,2026-08-17,2,6,0.0,0.0,25.417
2026-08-17T02:55,2026-08-17,2,6,0.0,0.0,25.383
2026-08-17T03:00,2026-08-17,3,7,0.0,0.0,25.35
2026-08-17T03:05,2026-08-17,3,7,0.0,0.0,25.319
2026-08-17T03:10,2026-08-17,3,7,0.0,0.0,25.289
2026-08-17T03:15,2026-08-17,3,7,0.0,0.0,25.26
2026-08-17T03:20,2026-08-17,3,7,0.0,0.0,25.233
2026-08-17T03:25,2026-08-17,3,7,0.0,0.0,25.206
2026-08-17T03:30,2026-08-17,3,8,0.0,0.0,25.181
2026-08-17T03:35,2026-08-17,3,8,0.0,0.0,25.158
2026-08-17T03:40,2026-08-17,3,8,0.0,0.0,25.135
2026-08-17T03:45,2026-08-17,3,8,0.0,0.0,25.114
2026-08-17T03:50,2026-08-17,3,8,0.0,0.0,25.095
2026-08-17T03:55,2026-08-17,3,8,0.0,0.0,25.077
2026-08-17T04:00,2026-08-17,4,9,0.0,0.0,25.06
2026-08-17T04:05,2026-08-17,4,9,0.0,0.0,25.044
2026-08-17T04:10,2026-08-17,4,9,0.0,0.0,25.03
2026-08-17T04:15,2026-08-17,4,9,0.0,0.0,25.017
2026-08-17T04:20,2026-08-17,4,9,0.0,0.0,25.005
2026-08-17T04:25,2026-08-17,4,9,0.0,0.0,24.995
2026-08-17T04:30,2026-08-17,4,10,0.0,0.0,24.986
2026-08-17T04:35,2026-08-17,4,10,0.0,0.0,24.978
2026-08-17T04:40,2026-08-17,4,10,0.0,0.0,24.972
2026-08-17T04:45,2026-08-17,4,10,0.0,0.0,24.967
2026-08-17T04:50,2026-08-17,4,10,0.0,0.0,24.964
2026-08-17T04:55,2026-08-17,4,10,0.0,0.0,24.962
2026-08-17T05:00,2026-08-17,5,11,0.0,0.0,27.2
2026-08-17T05:05,2026-08-17,5,11,0.0,0.0,27.202
2026-08-17T05:10,2026-08-17,5,11,16.092,6.747,27.391
2026-08-17T05:15,2026-08-17,5,11,37.334,15.787,27.654
2026-08-17T05:20,2026-08-17,5,11,61.402,26.09,27.955
2026-08-17T05:25,2026-08-17,5,11,90.187,38.082,28.286
2026-08-17T05:30,2026-08-17,5,12,116.615,49.636,28.639
2026-08-17T05:35,2026-08-17,5,12,144.209,61.886,29.013
2026-08-17T05:40,2026-08-17,5,12,174.49,75.515,29.405
2026-08-17T05:45,2026-08-17,5,12,208.686,89.129,29.813
2026-08-17T05:50,2026-08-17,5,12,241.363,103.213,30.235
2026-08-17T05:55,2026-08-17,5,12,275.404,118.001,30.67
2026-08-17T06:00,2026-08-17,6,13,308.973,133.335,31.117
2026-08-17T06:05,2026-08-17,6,13,352.22,149.697,31.575
2026-08-17T06:10,2026-08-17,6,13,377.558,163.82,32.043
2026-08-17T06:15,2026-08-17,6,13,422.857,183.36,32.52
2026-08-17T06:20,2026-08-17,6,13,445.167,192.945,33.005
2026-08-17T06:25,2026-08-17,6,13,474.31,206.163,33.499
2026-08-17T06:30,2026-08-17,6,14,529.57,228.765,34.0
2026-08-17T06:35,2026-08-17,6,14,548.896,241.294,34.507
2026-08-17T06:40,2026-08-17,6,14,583.13,257.588,35.02
2026-08-17T06:45,2026-08-17,6,14,620.73,272.527,35.539
2026-08-17T06:50,2026-08-17,6,14,657.942,288.548,36.062
2026-08-17T06:55,2026-08-17,6,14,696.591,307.834,36.589
2026-08-17T07:00,2026-08-17,7,15,737.059,322.404,37.12
2026-08-17T07:05,2026-08-17,7,15,769.742,338.513,37.655
2026-08-17T07:10,2026-08-17,7,15,786.024,349.265,38.192
2026-08-17T07:15,2026-08-17,7,15,836.841,368.034,38.731
2026-08-17T07:20,2026-08-17,7,15,861.823,383.639,39.272
2026-08-17T07:25,2026-08-17,7,15,898.581,397.428,39.814
2026-08-17T07:30,2026-08-17,7,16,948.828,420.87,40.357
2026-08-17T07:35,2026-08-17,7,16,976.479,439.359,40.9
2026-08-17T07:40,2026-08-17,7,16,1000.109,451.648,41.443
2026-08-17T07:45,2026-08-17,7,16,1036.3,467.845,41.985
2026-08-17T07:50,2026-08-17,7,16,1073.717,483.064,42.527
2026-08-17T07:55,2026-08-17,7,16,1117.551,507.575,43.067
2026-08-17T08:00,2026-08-17,8,17,1161.014,523.316,43.604
2026-08-17T08:05,2026-08-17,8,17,1225.25,554.655,44.14
2026-08-17T08:10,2026-08-17,8,17,1228.974,556.783,44.672
2026-08-17T08:15,2026-08-17,8,17,1297.214,581.986,45.202
2026-08-17T08:20,2026-08-17,8,17,1294.076,589.801,45.727
2026-08-17T08:25,2026-08-17,8,17,1343.776,612.743,46.249
2026-08-17T08:30,2026-08-17,8,18,1387.327,634.489,46.766
2026-08-17T08:35,2026-08-17,8,18,1429.482,656.045,47.279
2026-08-17T08:40,2026-08-17,8,18,1420.583,657.45,47.786
2026-08-17T08:45,2026-08-17,8,18,1472.092,678.298,48.287
2026-08-17T08:50,2026-08-17,8,18,1515.464,699.938,48.783
2026-08-17T08:55,2026-08-17,8,18,1573.171,723.454,49.272
2026-08-17T09:00,2026-08-17,9,19,1613.296,746.508,49.754
2026-08-17T09:05,2026-08-17,9,19,1635.542,756.042,50.23
2026-08-17T09:10,2026-08-17,9,19,1635.019,764.518,50.697
2026-08-17T09:15,2026-08-17,9,19,1632.871,768.221,51.157
2026-08-17T09:20,2026-08-17,9,19,1680.829,783.178,51.609
2026-08-17T09:25,2026-08-17,9,19,1669.179,795.984,52.052
2026-08-17T09:30,2026-08-17,9,20,1684.774,787.551,52.487
2026-08-17T09:35,2026-08-17,9,20,1704.066,796.694,52.912
2026-08-17T09:40,2026-08-17,9,20,1752.62,822.291,53.328
2026-08-17T09:45,2026-08-17,9,20,1808.352,848.714,53.734
2026-08-17T09:50,2026-08-17,9,20,1819.069,863.412,54.13
2026-08-17T09:55,2026-08-17,9,20,1836.341,868.29,54.515
2026-08-17T10:00,2026-08-17,10,21,1820.44,865.296,54.89
2026-08-17T10:05,2026-08-17,10,21,1823.475,865.06,55.254
2026-08-17T10:10,2026-08-17,10,21,1833.532,883.504,55.607
2026-08-17T10:15,2026-08-17,10,21,1841.291,884.186,55.948
2026-08-17T10:20,2026-08-17,10,21,1845.703,876.934,56.278
2026-08-17T10:25,2026-08-17,10,21,1842.025,876.735,56.595
2026-08-17T10:30,2026-08-17,10,22,1878.951,893.882,56.901
2026-08-17T10:35,2026-08-17,10,22,1910.298,918.394,57.194
2026-08-17T10:40,2026-08-17,10,22,1907.885,916.31,57.474
2026-08-17T10:45,2026-08-17,10,22,1935.935,933.239,57.741
2026-08-17T10:50,2026-08-17,10,22,1931.201,930.722,57.996
2026-08-17T10:55,2026-08-17,10,22,1955.457,945.952,58.237
2026-08-17T11:00,2026-08-17,11,23,1949.125,937.855,58.464
2026-08-17T11:05,2026-08-17,11,23,1930.841,939.782,58.678
2026-08-17T11:10,2026-08-17,11,23,1942.076,935.431,58.878
2026-08-17T11:15,2026-08-17,11,23,1932.377,934.059,59.065
2026-08-17T11:20,2026-08-17,11,23,1969.954,948.723,59.237
2026-08-17T11:25,2026-08-17,11,23,1937.307,939.56,59.395
2026-08-17T11:30,2026-08-17,11,24,1918.031,935.513,59.538
2026-08-17T11:35,2026-08-17,11,24,1922.175,929.344,59.667
2026-08-17T11:40,2026-08-17,11,24,1951.101,941.917,59.782
2026-08-17T11:45,2026-08-17,11,24,1946.48,938.357,59.882
2026-08-17T11:50,2026-08-17,11,24,1927.211,932.424,59.967
2026-08-17T11:55,2026-08-17,11,24,1890.226,922.096,60.038
2026-08-17T12:00,2026-08-17,12,25,1929.63,932.794,60.093
2026-08-17T12:05,2026-08-17,12,25,1897.145,922.878,60.134
2026-08-17T12:10,2026-08-17,12,25,1947.201,930.841,60.159
2026-08-17T12:15,2026-08-17,12,25,1901.873,923.85,60.17
2026-08-17T12:20,2026-08-17,12,25,1927.529,927.493,60.165
2026-08-17T12:25,2026-08-17,12,25,1870.76,913.648,60.146
2026-08-17T12:30,2026-08-17,12,26,1911.014,921.507,60.111
2026-08-17T12:35,2026-08-17,12,26,1847.995,898.831,60.062
2026-08-17T12:40,2026-08-17,12,26,1858.52,902.811,59.997
2026-08-17T12:45,2026-08-17,12,26,1877.908,902.709,59.918
2026-08-17T12:50,2026-08-17,12,26,1833.356,892.697,59.824
2026-08-17T12:55,2026-08-17,12,26,1824.588,879.877,59.714
2026-08-17T13:00,2026-08-17,13,27,1835.984,893.622,59.59
2026-08-17T13:05,2026-08-17,13,27,1806.648,871.897,59.452
2026-08-17T13:10,2026-08-17,13,27,1749.953,853.386,59.298
2026-08-17T13:15,2026-08-17,13,27,1792.984,869.201,59.13
2026-08-17T13:20,2026-08-17,13,27,1739.886,851.757,58.948
2026-08-17T13:25,2026-08-17,13,27,1755.451,844.502,58.751
2026-08-17T13:30,2026-08-17,13,28,1741.653,838.792,58.541
2026-08-17T13:35,2026-08-17,13,28,1685.675,815.545,58.316
2026-08-17T13:40,2026-08-17,13,28,1687.238,811.028,58.077
2026-08-17T13:45,2026-08-17,13,28,1686.579,798.862,57.825
2026-08-17T13:50,2026-08-17,13,28,1621.505,776.121,57.559
2026-08-17T13:55,2026-08-17,13,28,1643.768,789.426,57.279
2026-08-17T14:00,2026-08-17,14,29,1625.804,775.862,56.987
2026-08-17T14:05,2026-08-17,14,29,1578.719,753.912,56.682
2026-08-17T14:10,2026-08-17,14,29,1607.344,762.215,56.368
2026-08-17T14:15,2026-08-17,14,29,1583.685,752.634,56.043
2026-08-17T14:20,2026-08-17,14,29,1541.625,734.295,55.709
2026-08-17T14:25,2026-08-17,14,29,1509.039,716.868,55.365
2026-08-17T14:30,2026-08-17,14,30,1501.694,717.448,55.011
2026-08-17T14:35,2026-08-17,14,30,1463.504,692.14,54.648
2026-08-17T14:40,2026-08-17,14,30,1445.577,683.057,54.277
2026-08-17T14:45,2026-08-17,14,30,1396.119,660.262,53.897
2026-08-17T14:50,2026-08-17,14,30,1382.198,646.393,53.508
2026-08-17T14:55,2026-08-17,14,30,1357.678,636.562,53.111
2026-08-17T15:00,2026-08-17,15,31,1306.816,609.389,52.707
2026-08-17T15:05,2026-08-17,15,31,1306.673,609.13,52.295
2026-08-17T15:10,2026-08-17,15,31,1261.748,593.057,51.876
2026-08-17T15:15,2026-08-17,15,31,1240.398,585.411,51.45
2026-08-17T15:20,2026-08-17,15,31,1211.125,570.813,51.018
2026-08-17T15:25,2026-08-17,15,31,1186.587,549.785,50.579
2026-08-17T15:30,2026-08-17,15,32,1155.196,536.212,50.134
2026-08-17T15:35,2026-08-17,15,32,1079.047,504.461,49.684
2026-08-17T15:40,2026-08-17,15,32,1072.128,496.194,49.228
2026-08-17T15:45,2026-08-17,15,32,1042.891,485.966,48.768
2026-08-17T15:50,2026-08-17,15,32,1012.048,460.44,48.303
2026-08-17T15:55,2026-08-17,15,32,955.513,436.999,47.834
2026-08-17T16:00,2026-08-17,16,33,927.522,423.89,47.361
2026-08-17T16:05,2026-08-17,16,33,888.034,411.63,46.884
2026-08-17T16:10,2026-08-17,16,33,868.115,391.7,46.405
2026-08-17T16:15,2026-08-17,16,33,839.428,378.568,45.923
2026-08-17T16:20,2026-08-17,16,33,795.608,364.73,45.438
2026-08-17T16:25,2026-08-17,16,33,765.475,346.264,44.952
2026-08-17T16:30,2026-08-17,16,34,729.973,329.759,44.465
2026-08-17T16:35,2026-08-17,16,34,687.593,311.782,43.976
2026-08-17T16:40,2026-08-17,16,34,662.65,299.36,43.488
2026-08-17T16:45,2026-08-17,16,34,616.045,280.555,42.999
2026-08-17T16:50,2026-08-17,16,34,583.168,264.816,42.51
2026-08-17T16:55,2026-08-17,16,34,561.867,253.098,42.023
2026-08-17T17:00,2026-08-17,17,35,533.638,237.858,41.537
2026-08-17T17:05,2026-08-17,17,35,491.897,219.462,41.054
2026-08-17T17:10,2026-08-17,17,35,448.046,201.878,40.573
2026-08-17T17:15,2026-08-17,17,35,422.305,187.896,40.095
2026-08-17T17:20,2026-08-17,17,35,397.459,175.373,39.622
2026-08-17T17:25,2026-08-17,17,35,357.6,157.764,39.153
2026-08-17T17:30,2026-08-17,17,36,318.958,141.13,38.69
2026-08-17T17:35,2026-08-17,17,36,284.183,126.976,38.233
2026-08-17T17:40,2026-08-17,17,36,244.99,109.076,37.783
2026-08-17T17:45,2026-08-17,17,36,215.158,94.076,37.342
2026-08-17T17:50,2026-08-17,17,36,176.401,77.061,36.91
2026-08-17T17:55,2026-08-17,17,36,147.867,64.65,36.49
2026-08-17T18:00,2026-08-17,18,37,114.11,50.288,36.082
2026-08-17T18:05,2026-08-17,18,37,88.765,38.59,35.69
2026-08-17T18:10,2026-08-17,18,37,62.248,27.041,35.318
2026-08-17T18:15,2026-08-17,18,37,38.196,16.723,34.969
2026-08-17T18:20,2026-08-17,18,37,16.096,7.047,34.654
2026-08-17T18:25,2026-08-17,18,37,0.0,0.0,34.408
2026-08-17T18:30,2026-08-17,18,38,0.0,0.0,34.345
2026-08-17T18:35,2026-08-17,18,38,0.0,0.0,34.281
2026-08-17T18:40,2026-08-17,18,38,0.0,0.0,34.216
2026-08-17T18:45,2026-08-17,18,38,0.0,0.0,34.151
2026-08-17T18:50,2026-08-17,18,38,0.0,0.0,34.085
2026-08-17T18:55,2026-08-17,18,38,0.0,0.0,34.018
2026-08-17T19:00,2026-08-17,19,39,0.0,0.0,33.95
2026-08-17T19:05,2026-08-17,19,39,0.0,0.0,33.882
2026-08-17T19:10,2026-08-17,19,39,0.0,0.0,33.813
2026-08-17T19:15,2026-08-17,19,39,0.0,0.0,33.743
2026-08-17T19:20,2026-08-17,19,39,0.0,0.0,33.673
2026-08-17T19:25,2026-08-17,19,39,0.0,0.0,33.602
2026-08-17T19:30,2026-08-17,19,40,0.0,0.0,33.53
2026-08-17T19:35,2026-08-17,19,40,0.0,0.0,33.458
2026-08-17T19:40,2026-08-17,19,40,0.0,0.0,33.386
2026-08-17T19:45,2026-08-17,19,40,0.0,0.0,33.313
2026-08-17T19:50,2026-08-17,19,40,0.0,0.0,33.239
2026-08-17T19:55,2026-08-17,19,40,0.0,0.0,33.165
2026-08-17T20:00,2026-08-17,20,41,0.0,0.0,33.091
2026-08-17T20:05,2026-08-17,20,41,0.0,0.0,33.016
2026-08-17T20:10,2026-08-17,20,41,0.0,0.0,32.94
2026-08-17T20:15,2026-08-17,20,41,0.0,0.0,32.865
2026-08-17T20:20,2026-08-17,20,41,0.0,0.0,32.789
2026-08-17T20:25,2026-08-17,20,41,0.0,0.0,32.712
2026-08-17T20:30,2026-08-17,20,42,0.0,0.0,32.636
2026-08-17T20:35,2026-08-17,20,42,0.0,0.0,32.559
2026-08-17T20:40,2026-08-17,20,42,0.0,0.0,32.481
2026-08-17T20:45,2026-08-17,20,42,0.0,0.0,32.404
2026-08-17T20:50,2026-08-17,20,42,0.0,0.0,32.326
2026-08-17T20:55,2026-08-17,20,42,0.0,0.0,32.248
2026-08-17T21:00,2026-08-17,21,43,0.0,0.0,32.17
2026-08-17T21:05,2026-08-17,21,43,0.0,0.0,32.092
2026-08-17T21:10,2026-08-17,21,43,0.0,0.0,32.014
2026-08-17T21:15,2026-08-17,21,43,0.0,0.0,31.936
2026-08-17T21:20,2026-08-17,21,43,0.0,0.0,31.857
2026-08-17T21:25,2026-08-17,21,43,0.0,0.0,31.779
2026-08-17T21:30,2026-08-17,21,44,0.0,0.0,31.7
2026-08-17T21:35,2026-08-17,21,44,0.0,0.0,31.621
2026-08-17T21:40,2026-08-17,21,44,0.0,0.0,31.543
2026-08-17T21:45,2026-08-17,21,44,0.0,0.0,31.464
2026-08-17T21:50,2026-08-17,21,44,0.0,0.0,31.386
2026-08-17T21:55,2026-08-17,21,44,0.0,0.0,31.308
2026-08-17T22:00,2026-08-17,22,45,0.0,0.0,31.23
2026-08-17T22:05,2026-08-17,22,45,0.0,0.0,31.152
2026-08-17T22:10,2026-08-17,22,45,0.0,0.0,31.074
2026-08-17T22:15,2026-08-17,22,45,0.0,0.0,30.996
2026-08-17T22:20,2026-08-17,22,45,0.0,0.0,30.919
2026-08-17T22:25,2026-08-17,22,45,0.0,0.0,30.841
2026-08-17T22:30,2026-08-17,22,46,0.0,0.0,30.764
2026-08-17T22:35,2026-08-17,22,46,0.0,0.0,30.688
2026-08-17T22:40,2026-08-17,22,46,0.0,0.0,30.611
2026-08-17T22:45,2026-08-17,22,46,0.0,0.0,30.535
2026-08-17T22:50,2026-08-17,22,46,0.0,0.0,30.46
2026-08-17T22:55,2026-08-17,22,46,0.0,0.0,30.384
2026-08-17T23:00,2026-08-17,23,47,0.0,0.0,30.309
2026-08-17T23:05,2026-08-17,23,47,0.0,0.0,30.235
2026-08-17T23:10,2026-08-17,23,47,0.0,0.0,30.161
2026-08-17T23:15,2026-08-17,23,47,0.0,0.0,30.087
2026-08-17T23:20,2026-08-17,23,47,0.0,0.0,30.014
2026-08-17T23:25,2026-08-17,23,47,0.0,0.0,29.942
2026-08-17T23:30,2026-08-17,23,48,0.0,0.0,29.87
2026-08-17T23:35,2026-08-17,23,48,0.0,0.0,29.798
2026-08-17T23:40,2026-08-17,23,48,0.0,0.0,29.727
2026-08-17T23:45,2026-08-17,23,48,0.0,0.0,29.657
2026-08-17T23:50,2026-08-17,23,48,0.0,0.0,29.587
2026-08-17T23:55,2026-08-17,23,48,0.0,0.0,29.518
2026-08-18T00:00,2026-08-18,0,1,0.0,0.0,29.45
2026-08-18T00:05,2026-08-18,0,1,0.0,0.0,29.382
2026-08-18T00:10,2026-08-18,0,1,0.0,0.0,29.315
2026-08-18T00:15,2026-08-18,0,1,0.0,0.0,29.249
2026-08-18T00:20,2026-08-18,0,1,0.0,0.0,29.184
2026-08-18T00:25,2026-08-18,0,1,0.0,0.0,29.119
2026-08-18T00:30,2026-08-18,0,2,0.0,0.0,29.055
2026-08-18T00:35,2026-08-18,0,2,0.0,0.0,28.992
2026-08-18T00:40,2026-08-18,0,2,0.0,0.0,28.93
2026-08-18T00:45,2026-08-18,0,2,0.0,0.0,28.868
2026-08-18T00:50,2026-08-18,0,2,0.0,0.0,28.807
2026-08-18T00:55,2026-08-18,0,2,0.0,0.0,28.748
2026-08-18T01:00,2026-08-18,1,3,0.0,0.0,28.689
2026-08-18T01:05,2026-08-18,1,3,0.0,0.0,28.631
2026-08-18T01:10,2026-08-18,1,3,0.0,0.0,28.574
2026-08-18T01:15,2026-08-18,1,3,0.0,0.0,28.518
2026-08-18T01:20,2026-08-18,1,3,0.0,0.0,28.463
2026-08-18T01:25,2026-08-18,1,3,0.0,0.0,28.409
2026-08-18T01:30,2026-08-18,1,4,0.0,0.0,28.356
2026-08-18T01:35,2026-08-18,1,4,0.0,0.0,28.304
2026-08-18T01:40,2026-08-18,1,4,0.0,0.0,28.253
2026-08-18T01:45,2026-08-18,1,4,0.0,0.0,28.203
2026-08-18T01:50,2026-08-18,1,4,0.0,0.0,28.154
2026-08-18T01:55,2026-08-18,1,4,0.0,0.0,28.106
2026-08-18T02:00,2026-08-18,2,5,0.0,0.0,28.059
2026-08-18T02:05,2026-08-18,2,5,0.0,0.0,28.014
2026-08-18T02:10,2026-08-18,2,5,0.0,0.0,27.969
2026-08-18T02:15,2026-08-18,2,5,0.0,0.0,27.926
2026-08-18T02:20,2026-08-18,2,5,0.0,0.0,27.884
2026-08-18T02:25,2026-08-18,2,5,0.0,0.0,27.843
2026-08-18T02:30,2026-08-18,2,6,0.0,0.0,27.803
2026-08-18T02:35,2026-08-18,2,6,0.0,0.0,27.764
2026-08-18T02:40,2026-08-18,2,6,0.0,0.0,27.727
2026-08-18T02:45,2026-08-18,2,6,0.0,0.0,27.69
2026-08-18T02:50,2026-08-18,2,6,0.0,0.0,27.655
2026-08-18T02:55,2026-08-18,2,6,0.0,0.0,27.622
2026-08-18T03:00,2026-08-18,3,7,0.0,0.0,27.589
2026-08-18T03:05,2026-08-18,3,7,0.0,0.0,27.558
2026-08-18T03:10,2026-08-18,3,7,0.0,0.0,27.528
2026-08-18T03:15,2026-08-18,3,7,0.0,0.0,27.499
2026-08-18T03:20,2026-08-18,3,7,0.0,0.0,27.471
2026-08-18T03:25,2026-08-18,3,7,0.0,0.0,27.445
2026-08-18T03:30,2026-08-18,3,8,0.0,0.0,27.42
2026-08-18T03:35,2026-08-18,3,8,0.0,0.0,27.397
2026-08-18T03:40,2026-08-18,3,8,0.0,0.0,27.374
2026-08-18T03:45,2026-08-18,3,8,0.0,0.0,27.353
2026-08-18T03:50,2026-08-18,3,8,0.0,0.0,27.334
2026-08-18T03:55,2026-08-18,3,8,0.0,0.0,27.315
2026-08-18T04:00,2026-08-18,4,9,0.0,0.0,27.298
2026-08-18T04:05,2026-08-18,4,9,0.0,0.0,27.283
2026-08-18T04:10,2026-08-18,4,9,0.0,0.0,27.268
2026-08-18T04:15,2026-08-18,4,9,0.0,0.0,27.255
2026-08-18T04:20,2026-08-18,4,9,0.0,0.0,27.244
2026-08-18T04:25,2026-08-18,4,9,0.0,0.0,27.234
2026-08-18T04:30,2026-08-18,4,10,0.0,0.0,27.225
2026-08-18T04:35,2026-08-18,4,10,0.0,0.0,27.217
2026-08-18T04:40,2026-08-18,4,10,0.0,0.0,27.211
2026-08-18T04:45,2026-08-18,4,10,0.0,0.0,27.206
2026-08-18T04:50,2026-08-18,4,10,0.0,0.0,27.203
2026-08-18T04:55,2026-08-18,4,10,0.0,0.0,27.201
2026-08-18T05:00,2026-08-18,5,11,0.0,0.0,27.8
2026-08-18T05:05,2026-08-18,5,11,0.0,0.0,27.802
2026-08-18T05:10,2026-08-18,5,11,16.368,6.894,27.991
2026-08-18T05:15,2026-08-18,5,11,38.16,16.407,28.254
2026-08-18T05:20,2026-08-18,5,11,63.881,27.155,28.555
2026-08-18T05:25,2026-08-18,5,11,89.576,38.69,28.886
2026-08-18T05:30,2026-08-18,5,12,120.469,51.013,29.239
2026-08-18T05:35,2026-08-18,5,12,148.22,64.06,29.613
2026-08-18T05:40,2026-08-18,5,12,179.406,77.269,30.005
2026-08-18T05:45,2026-08-18,5,12,217.659,92.559,30.413
2026-08-18T05:50,2026-08-18,5,12,248.124,106.522,30.835
2026-08-18T05:55,2026-08-18,5,12,285.5,122.686,31.27
2026-08-18T06:00,2026-08-18,6,13,325.87,139.321,31.717
2026-08-18T06:05,2026-08-18,6,13,355.013,153.438,32.175
2026-08-18T06:10,2026-08-18,6,13,394.032,170.808,32.643
2026-08-18T06:15,2026-08-18,6,13,432.46,188.248,33.12
2026-08-18T06:20,2026-08-18,6,13,471.871,204.158,33.605
2026-08-18T06:25,2026-08-18,6,13,501.216,219.632,34.099
2026-08-18T06:30,2026-08-18,6,14,537.065,234.618,34.6
2026-08-18T06:35,2026-08-18,6,14,579.531,253.503,35.107
2026-08-18T06:40,2026-08-18,6,14,608.569,267.829,35.62
2026-08-18T06:45,2026-08-18,6,14,656.384,290.186,36.139
2026-08-18T06:50,2026-08-18,6,14,703.953,310.988,36.662
2026-08-18T06:55,2026-08-18,6,14,753.798,325.621,37.189
2026-08-18T07:00,2026-08-18,7,15,772.301,340.018,37.72
2026-08-18T07:05,2026-08-18,7,15,804.148,357.977,38.255
2026-08-18T07:10,2026-08-18,7,15,848.509,370.522,38.792
2026-08-18T07:15,2026-08-18,7,15,890.217,391.859,39.331
2026-08-18T07:20,2026-08-18,7,15,910.707,405.942,39.872
2026-08-18T07:25,2026-08-18,7,15,953.231,425.258,40.414
2026-08-18T07:30,2026-08-18,7,16,990.941,440.239,40.957
2026-08-18T07:35,2026-08-18,7,16,1021.394,455.328,41.5
2026-08-18T07:40,2026-08-18,7,16,1051.572,472.543,42.043
2026-08-18T07:45,2026-08-18,7,16,1090.053,487.88,42.585
2026-08-18T07:50,2026-08-18,7,16,1122.22,505.249,43.127
2026-08-18T07:55,2026-08-18,7,16,1143.059,521.655,43.667
2026-08-18T08:00,2026-08-18,8,17,1188.998,539.807,44.204
2026-08-18T08:05,2026-08-18,8,17,1221.627,556.413,44.74
2026-08-18T08:10,2026-08-18,8,17,1275.62,577.701,45.272
2026-08-18T08:15,2026-08-18,8,17,1308.405,594.247,45.802
2026-08-18T08:20,2026-08-18,8,17,1305.863,599.988,46.327
2026-08-18T08:25,2026-08-18,8,17,1344.022,614.779,46.849
2026-08-18T08:30,2026-08-18,8,18,1358.304,629.217,47.366
2026-08-18T08:35,2026-08-18,8,18,1393.245,643.534,47.879
2026-08-18T08:40,2026-08-18,8,18,1420.105,652.051,48.386
2026-08-18T08:45,2026-08-18,8,18,1446.652,672.538,48.887
2026-08-18T08:50,2026-08-18,8,18,1476.599,689.074,49.383
2026-08-18T08:55,2026-08-18,8,18,1485.857,696.802,49.872
2026-08-18T09:00,2026-08-18,9,19,1540.331,717.057,50.354
2026-08-18T09:05,2026-08-18,9,19,1535.481,718.682,50.83
2026-08-18T09:10,2026-08-18,9,19,1592.961,737.706,51.297
2026-08-18T09:15,2026-08-18,9,19,1594.969,746.821,51.757
2026-08-18T09:20,2026-08-18,9,19,1608.8,755.216,52.209
2026-08-18T09:25,2026-08-18,9,19,1669.245,778.354,52.652
2026-08-18T09:30,2026-08-18,9,20,1662.621,784.798,53.087
2026-08-18T09:35,2026-08-18,9,20,1662.441,787.315,53.512
2026-08-18T09:40,2026-08-18,9,20,1723.36,799.48,53.928
2026-08-18T09:45,2026-08-18,9,20,1693.521,803.884,54.334
2026-08-18T09:50,2026-08-18,9,20,1692.168,805.958,54.73
2026-08-18T09:55,2026-08-18,9,20,1708.614,810.548,55.115
2026-08-18T10:00,2026-08-18,10,21,1744.471,823.793,55.49
2026-08-18T10:05,2026-08-18,10,21,1750.809,836.359,55.854
2026-08-18T10:10,2026-08-18,10,21,1796.62,858.018,56.207
2026-08-18T10:15,2026-08-18,10,21,1773.98,853.804,56.548
2026-08-18T10:20,2026-08-18,10,21,1797.847,859.424,56.878
2026-08-18T10:25,2026-08-18,10,21,1844.635,875.982,57.195
2026-08-18T10:30,2026-08-18,10,22,1855.019,890.98,57.501
2026-08-18T10:35,2026-08-18,10,22,1856.487,896.776,57.794
2026-08-18T10:40,2026-08-18,10,22,1880.111,900.742,58.074
2026-08-18T10:45,2026-08-18,10,22,1867.962,901.659,58.341
2026-08-18T10:50,2026-08-18,10,22,1897.238,908.814,58.596
2026-08-18T10:55,2026-08-18,10,22,1874.626,904.018,58.837
2026-08-18T11:00,2026-08-18,11,23,1890.948,912.168,59.064
2026-08-18T11:05,2026-08-18,11,23,1888.871,917.724,59.278
2026-08-18T11:10,2026-08-18,11,23,1905.609,918.385,59.478
2026-08-18T11:15,2026-08-18,11,23,1903.885,922.183,59.665
2026-08-18T11:20,2026-08-18,11,23,1917.702,931.291,59.837
2026-08-18T11:25,2026-08-18,11,23,1926.974,936.448,59.995
2026-08-18T11:30,2026-08-18,11,24,1926.835,930.295,60.138
2026-08-18T11:35,2026-08-18,11,24,1919.691,933.228,60.267
2026-08-18T11:40,2026-08-18,11,24,1938.209,940.611,60.382
2026-08-18T11:45,2026-08-18,11,24,1931.36,941.914,60.482
2026-08-18T11:50,2026-08-18,11,24,1933.162,947.68,60.567
2026-08-18T11:55,2026-08-18,11,24,1940.942,939.516,60.638
2026-08-18T12:00,2026-08-18,12,25,1918.298,941.947,60.693
2026-08-18T12:05,2026-08-18,12,25,1937.714,948.921,60.734
2026-08-18T12:10,2026-08-18,12,25,1929.833,942.621,60.759
2026-08-18T12:15,2026-08-18,12,25,1929.413,947.112,60.77
2026-08-18T12:20,2026-08-18,12,25,1914.04,925.374,60.765
2026-08-18T12:25,2026-08-18,12,25,1894.686,925.717,60.746
2026-08-18T12:30,2026-08-18,12,26,1923.536,930.6,60.711
2026-08-18T12:35,2026-08-18,12,26,1907.953,922.353,60.662
2026-08-18T12:40,2026-08-18,12,26,1905.077,925.308,60.597
2026-08-18T12:45,2026-08-18,12,26,1931.801,927.625,60.518
2026-08-18T12:50,2026-08-18,12,26,1890.589,913.252,60.424
2026-08-18T12:55,2026-08-18,12,26,1869.033,911.78,60.314
2026-08-18T13:00,2026-08-18,13,27,1855.794,908.076,60.19
2026-08-18T13:05,2026-08-18,13,27,1854.909,900.891,60.052
2026-08-18T13:10,2026-08-18,13,27,1822.65,881.334,59.898
2026-08-18T13:15,2026-08-18,13,27,1836.844,885.328,59.73
2026-08-18T13:20,2026-08-18,13,27,1848.992,885.072,59.548
2026-08-18T13:25,2026-08-18,13,27,1825.652,885.837,59.351
2026-08-18T13:30,2026-08-18,13,28,1805.839,870.989,59.141
2026-08-18T13:35,2026-08-18,13,28,1781.627,857.337,58.916
2026-08-18T13:40,2026-08-18,13,28,1771.705,853.549,58.677
2026-08-18T13:45,2026-08-18,13,28,1711.482,833.429,58.425
2026-08-18T13:50,2026-08-18,13,28,1732.017,825.358,58.159
2026-08-18T13:55,2026-08-18,13,28,1700.198,813.898,57.879
2026-08-18T14:00,2026-08-18,14,29,1643.769,782.516,57.587
2026-08-18T14:05,2026-08-18,14,29,1631.334,780.203,57.282
2026-08-18T14:10,2026-08-18,14,29,1637.654,778.772,56.968
2026-08-18T14:15,2026-08-18,14,29,1597.955,763.921,56.643
2026-08-18T14:20,2026-08-18,14,29,1579.899,754.26,56.309
2026-08-18T14:25,2026-08-18,14,29,1569.181,749.209,55.965
2026-08-18T14:30,2026-08-18,14,30,1534.829,730.706,55.611
2026-08-18T14:35,2026-08-18,14,30,1496.789,715.268,55.248
2026-08-18T14:40,2026-08-18,14,30,1466.778,695.45,54.877
2026-08-18T14:45,2026-08-18,14,30,1437.603,679.952,54.497
2026-08-18T14:50,2026-08-18,14,30,1394.531,665.679,54.108
2026-08-18T14:55,2026-08-18,14,30,1381.826,652.261,53.711
2026-08-18T15:00,2026-08-18,15,31,1351.812,635.533,53.307
2026-08-18T15:05,2026-08-18,15,31,1309.118,622.296,52.895
2026-08-18T15:10,2026-08-18,15,31,1277.326,599.671,52.476
2026-08-18T15:15,2026-08-18,15,31,1256.086,588.856,52.05
2026-08-18T15:20,2026-08-18,15,31,1208.705,566.114,51.618
2026-08-18T15:25,2026-08-18,15,31,1190.43,557.974,51.179
2026-08-18T15:30,2026-08-18,15,32,1183.986,547.659,50.734
2026-08-18T15:35,2026-08-18,15,32,1129.289,527.57,50.284
2026-08-18T15:40,2026-08-18,15,32,1101.991,512.435,49.828
2026-08-18T15:45,2026-08-18,15,32,1053.81,486.026,49.368
2026-08-18T15:50,2026-08-18,15,32,1023.172,471.879,48.903
2026-08-18T15:55,2026-08-18,15,32,996.027,457.449,48.434
2026-08-18T16:00,2026-08-18,16,33,964.393,443.172,47.961
2026-08-18T16:05,2026-08-18,16,33,940.111,427.81,47.484
2026-08-18T16:10,2026-08-18,16,33,893.789,411.001,47.005
2026-08-18T16:15,2026-08-18,16,33,862.649,393.882,46.523
2026-08-18T16:20,2026-08-18,16,33,807.098,368.859,46.038
2026-08-18T16:25,2026-08-18,16,33,778.726,353.91,45.552
2026-08-18T16:30,2026-08-18,16,34,727.906,332.701,45.065
2026-08-18T16:35,2026-08-18,16,34,693.721,314.907,44.576
2026-08-18T16:40,2026-08-18,16,34,663.019,301.578,44.088
2026-08-18T16:45,2026-08-18,16,34,645.155,289.251,43.599
2026-08-18T16:50,2026-08-18,16,34,583.335,264.549,43.11
2026-08-18T16:55,2026-08-18,16,34,551.787,247.147,42.623
2026-08-18T17:00,2026-08-18,17,35,522.467,232.179,42.137
2026-08-18T17:05,2026-08-18,17,35,484.911,218.015,41.654
2026-08-18T17:10,2026-08-18,17,35,439.543,198.374,41.173
2026-08-18T17:15,2026-08-18,17,35,402.637,180.532,40.695
2026-08-18T17:20,2026-08-18,17,35,369.75,165.524,40.222
2026-08-18T17:25,2026-08-18,17,35,344.244,151.66,39.753
2026-08-18T17:30,2026-08-18,17,36,304.302,136.366,39.29
2026-08-18T17:35,2026-08-18,17,36,276.954,122.087,38.833
2026-08-18T17:40,2026-08-18,17,36,238.826,105.851,38.383
2026-08-18T17:45,2026-08-18,17,36,210.598,93.169,37.942
2026-08-18T17:50,2026-08-18,17,36,178.037,78.084,37.51
2026-08-18T17:55,2026-08-18,17,36,148.733,65.289,37.09
2026-08-18T18:00,2026-08-18,18,37,114.781,50.661,36.682
2026-08-18T18:05,2026-08-18,18,37,87.357,38.333,36.29
2026-08-18T18:10,2026-08-18,18,37,61.837,26.974,35.918
2026-08-18T18:15,2026-08-18,18,37,36.813,16.249,35.569
2026-08-18T18:20,2026-08-18,18,37,15.77,6.835,35.254
2026-08-18T18:25,2026-08-18,18,37,0.0,0.0,35.008
2026-08-18T18:30,2026-08-18,18,38,0.0,0.0,34.945
2026-08-18T18:35,2026-08-18,18,38,0.0,0.0,34.881
2026-08-18T18:40,2026-08-18,18,38,0.0,0.0,34.816
2026-08-18T18:45,2026-08-18,18,38,0.0,0.0,34.751
2026-08-18T18:50,2026-08-18,18,38,0.0,0.0,34.685
2026-08-18T18:55,2026-08-18,18,38,0.0,0.0,34.618
2026-08-18T19:00,2026-08-18,19,39,0.0,0.0,34.55
2026-08-18T19:05,2026-08-18,19,39,0.0,0.0,34.482
2026-08-18T19:10,2026-08-18,19,39,0.0,0.0,34.413
2026-08-18T19:15,2026-08-18,19,39,0.0,0.0,34.343
2026-08-18T19:20,2026-08-18,19,39,0.0,0.0,34.273
2026-08-18T19:25,2026-08-18,19,39,0.0,0.0,34.202
2026-08-18T19:30,2026-08-18,19,40,0.0,0.0,34.13
2026-08-18T19:35,2026-08-18,19,40,0.0,0.0,34.058
2026-08-18T19:40,2026-08-18,19,40,0.0,0.0,33.986
2026-08-18T19:45,2026-08-18,19,40,0.0,0.0,33.913
2026-08-18T19:50,2026-08-18,19,40,0.0,0.0,33.839
2026-08-18T19:55,2026-08-18,19,40,0.0,0.0,33.765
2026-08-18T20:00,2026-08-18,20,41,0.0,0.0,33.691
2026-08-18T20:05,2026-08-18,20,41,0.0,0.0,33.616
2026-08-18T20:10,2026-08-18,20,41,0.0,0.0,33.54
2026-08-18T20:15,2026-08-18,20,41,0.0,0.0,33.465
2026-08-18T20:20,2026-08-18,20,41,0.0,0.0,33.389
2026-08-18T20:25,2026-08-18,20,41,0.0,0.0,33.312
2026-08-18T20:30,2026-08-18,20,42,0.0,0.0,33.236
2026-08-18T20:35,2026-08-18,20,42,0.0,0.0,33.159
2026-08-18T20:40,2026-08-18,20,42,0.0,0.0,33.081
2026-08-18T20:45,2026-08-18,20,42,0.0,0.0,33.004
2026-08-18T20:50,2026-08-18,20,42,0.0,0.0,32.926
2026-08-18T20:55,2026-08-18,20,42,0.0,0.0,32.848
2026-08-18T21:00,2026-08-18,21,43,0.0,0.0,32.77
2026-08-18T21:05,2026-08-18,21,43,0.0,0.0,32.692
2026-08-18T21:10,2026-08-18,21,43,0.0,0.0,32.614
2026-08-18T21:15,2026-08-18,21,43,0.0,0.0,32.536
2026-08-18T21:20,2026-08-18,21,43,0.0,0.0,32.457
2026-08-18T21:25,2026-08-18,21,43,0.0,0.0,32.379
2026-08-18T21:30,2026-08-18,21,44,0.0,0.0,32.3
2026-08-18T21:35,2026-08-18,21,44,0.0,0.0,32.221
2026-08-18T21:40,2026-08-18,21,44,0.0,0.0,32.143
2026-08-18T21:45,2026-08-18,21,44,0.0,0.0,32.064
2026-08-18T21:50,2026-08-18,21,44,0.0,0.0,31.986
2026-08-18T21:55,2026-08-18,21,44,0.0,0.0,31.908
2026-08-18T22:00,2026-08-18,22,45,0.0,0.0,31.83
2026-08-18T22:05,2026-08-18,22,45,0.0,0.0,31.752
2026-08-18T22:10,2026-08-18,22,45,0.0,0.0,31.674
2026-08-18T22:15,2026-08-18,22,45,0.0,0.0,31.596
2026-08-18T22:20,2026-08-18,22,45,0.0,0.0,31.519
2026-08-18T22:25,2026-08-18,22,45,0.0,0.0,31.441
2026-08-18T22:30,2026-08-18,22,46,0.0,0.0,31.364
2026-08-18T22:35,2026-08-18,22,46,0.0,0.0,31.288
2026-08-18T22:40,2026-08-18,22,46,0.0,0.0,31.211
2026-08-18T22:45,2026-08-18,22,46,0.0,0.0,31.135
2026-08-18T22:50,2026-08-18,22,46,0.0,0.0,31.06
2026-08-18T22:55,2026-08-18,22,46,0.0,0.0,30.984
2026-08-18T23:00,2026-08-18,23,47,0.0,0.0,30.909
2026-08-18T23:05,2026-08-18,23,47,0.0,0.0,30.835
2026-08-18T23:10,2026-08-18,23,47,0.0,0.0,30.761
2026-08-18T23:15,2026-08-18,23,47,0.0,0.0,30.687
2026-08-18T23:20,2026-08-18,23,47,0.0,0.0,30.614
2026-08-18T23:25,2026-08-18,23,47,0.0,0.0,30.542
2026-08-18T23:30,2026-08-18,23,48,0.0,0.0,30.47
2026-08-18T23:35,2026-08-18,23,48,0.0,0.0,30.398
2026-08-18T23:40,2026-08-18,23,48,0.0,0.0,30.327
2026-08-18T23:45,2026-08-18,23,48,0.0,0.0,30.257
2026-08-18T23:50,2026-08-18,23,48,0.0,0.0,30.187
2026-08-18T23:55,2026-08-18,23,48,0.0,0.0,30.118
2026-08-19T00:00,2026-08-19,0,1,0.0,0.0,30.05
2026-08-19T00:05,2026-08-19,0,1,0.0,0.0,29.982
2026-08-19T00:10,2026-08-19,0,1,0.0,0.0,29.915
2026-08-19T00:15,2026-08-19,0,1,0.0,0.0,29.849
2026-08-19T00:20,2026-08-19,0,1,0.0,0.0,29.784
2026-08-19T00:25,2026-08-19,0,1,0.0,0.0,29.719
2026-08-19T00:30,2026-08-19,0,2,0.0,0.0,29.655
2026-08-19T00:35,2026-08-19,0,2,0.0,0.0,29.592
2026-08-19T00:40,2026-08-19,0,2,0.0,0.0,29.53
2026-08-19T00:45,2026-08-19,0,2,0.0,0.0,29.468
2026-08-19T00:50,2026-08-19,0,2,0.0,0.0,29.407
2026-08-19T00:55,2026-08-19,0,2,0.0,0.0,29.348
2026-08-19T01:00,2026-08-19,1,3,0.0,0.0,29.289
2026-08-19T01:05,2026-08-19,1,3,0.0,0.0,29.231
2026-08-19T01:10,2026-08-19,1,3,0.0,0.0,29.174
2026-08-19T01:15,2026-08-19,1,3,0.0,0.0,29.118
2026-08-19T01:20,2026-08-19,1,3,0.0,0.0,29.063
2026-08-19T01:25,2026-08-19,1,3,0.0,0.0,29.009
2026-08-19T01:30,2026-08-19,1,4,0.0,0.0,28.956
2026-08-19T01:35,2026-08-19,1,4,0.0,0.0,28.904
2026-08-19T01:40,2026-08-19,1,4,0.0,0.0,28.853
2026-08-19T01:45,2026-08-19,1,4,0.0,0.0,28.803
2026-08-19T01:50,2026-08-19,1,4,0.0,0.0,28.754
2026-08-19T01:55,2026-08-19,1,4,0.0,0.0,28.706
2026-08-19T02:00,2026-08-19,2,5,0.0,0.0,28.659
2026-08-19T02:05,2026-08-19,2,5,0.0,0.0,28.614
2026-08-19T02:10,2026-08-19,2,5,0.0,0.0,28.569
2026-08-19T02:15,2026-08-19,2,5,0.0,0.0,28.526
2026-08-19T02:20,2026-08-19,2,5,0.0,0.0,28.484
2026-08-19T02:25,2026-08-19,2,5,0.0,0.0,28.443
2026-08-19T02:30,2026-08-19,2,6,0.0,0.0,28.403
2026-08-19T02:35,2026-08-19,2,6,0.0,0.0,28.364
2026-08-19T02:40,2026-08-19,2,6,0.0,0.0,28.327
2026-08-19T02:45,2026-08-19,2,6,0.0,0.0,28.29
2026-08-19T02:50,2026-08-19,2,6,0.0,0.0,28.255
2026-08-19T02:55,2026-08-19,2,6,0.0,0.0,28.222
2026-08-19T03:00,2026-08-19,3,7,0.0,0.0,28.189
2026-08-19T03:05,2026-08-19,3,7,0.0,0.0,28.158
2026-08-19T03:10,2026-08-19,3,7,0.0,0.0,28.128
2026-08-19T03:15,2026-08-19,3,7,0.0,0.0,28.099
2026-08-19T03:20,2026-08-19,3,7,0.0,0.0,28.071
2026-08-19T03:25,2026-08-19,3,7,0.0,0.0,28.045
2026-08-19T03:30,2026-08-19,3,8,0.0,0.0,28.02
2026-08-19T03:35,2026-08-19,3,8,0.0,0.0,27.997
2026-08-19T03:40,2026-08-19,3,8,0.0,0.0,27.974
2026-08-19T03:45,2026-08-19,3,8,0.0,0.0,27.953
2026-08-19T03:50,2026-08-19,3,8,0.0,0.0,27.934
2026-08-19T03:55,2026-08-19,3,8,0.0,0.0,27.915
2026-08-19T04:00,2026-08-19,4,9,0.0,0.0,27.898
2026-08-19T04:05,2026-08-19,4,9,0.0,0.0,27.883
2026-08-19T04:10,2026-08-19,4,9,0.0,0.0,27.868
2026-08-19T04:15,2026-08-19,4,9,0.0,0.0,27.855
2026-08-19T04:20,2026-08-19,4,9,0.0,0.0,27.844
2026-08-19T04:25,2026-08-19,4,9,0.0,0.0,27.834
2026-08-19T04:30,2026-08-19,4,10,0.0,0.0,27.825
2026-08-19T04:35,2026-08-19,4,10,0.0,0.0,27.817
2026-08-19T04:40,2026-08-19,4,10,0.0,0.0,27.811
2026-08-19T04:45,2026-08-19,4,10,0.0,0.0,27.806
2026-08-19T04:50,2026-08-19,4,10,0.0,0.0,27.803
2026-08-19T04:55,2026-08-19,4,10,0.0,0.0,27.801
2026-08-19T05:00,2026-08-19,5,11,0.0,0.0,28.4
2026-08-19T05:05,2026-08-19,5,11,0.0,0.0,28.402
2026-08-19T05:10,2026-08-19,5,11,16.283,6.976,28.591
2026-08-19T05:15,2026-08-19,5,11,38.081,16.281,28.854
2026-08-19T05:20,2026-08-19,5,11,63.637,27.225,29.155
2026-08-19T05:25,2026-08-19,5,11,91.533,39.124,29.486
2026-08-19T05:30,2026-08-19,5,12,119.139,51.425,29.839
2026-08-19T05:35,2026-08-19,5,12,152.638,65.493,30.213
2026-08-19T05:40,2026-08-19,5,12,188.719,80.481,30.605
2026-08-19T05:45,2026-08-19,5,12,221.276,95.703,31.013
2026-08-19T05:50,2026-08-19,5,12,256.337,111.086,31.435
2026-08-19T05:55,2026-08-19,5,12,296.969,128.155,31.87
2026-08-19T06:00,2026-08-19,6,13,333.083,144.105,32.317
2026-08-19T06:05,2026-08-19,6,13,371.084,160.423,32.775
2026-08-19T06:10,2026-08-19,6,13,404.749,176.234,33.243
2026-08-19T06:15,2026-08-19,6,13,434.823,190.448,33.72
2026-08-19T06:20,2026-08-19,6,13,477.962,208.905,34.205
2026-08-19T06:25,2026-08-19,6,13,516.646,223.566,34.699
2026-08-19T06:30,2026-08-19,6,14,549.366,240.267,35.2
2026-08-19T06:35,2026-08-19,6,14,588.587,256.755,35.707
2026-08-19T06:40,2026-08-19,6,14,625.908,275.04,36.22
2026-08-19T06:45,2026-08-19,6,14,668.664,295.255,36.739
2026-08-19T06:50,2026-08-19,6,14,699.843,309.633,37.262
2026-08-19T06:55,2026-08-19,6,14,747.706,329.265,37.789
2026-08-19T07:00,2026-08-19,7,15,781.261,344.456,38.32
2026-08-19T07:05,2026-08-19,7,15,822.679,363.464,38.855
2026-08-19T07:10,2026-08-19,7,15,850.641,378.014,39.392
2026-08-19T07:15,2026-08-19,7,15,877.995,390.991,39.931
2026-08-19T07:20,2026-08-19,7,15,917.374,411.105,40.472
2026-08-19T07:25,2026-08-19,7,15,956.681,430.399,41.014
2026-08-19T07:30,2026-08-19,7,16,996.606,448.107,41.557
2026-08-19T07:35,2026-08-19,7,16,1045.373,470.456,42.1
2026-08-19T07:40,2026-08-19,7,16,1066.641,483.209,42.643
2026-08-19T07:45,2026-08-19,7,16,1103.145,500.015,43.185
2026-08-19T07:50,2026-08-19,7,16,1145.493,515.551,43.727
2026-08-19T07:55,2026-08-19,7,16,1170.231,525.979,44.267
2026-08-19T08:00,2026-08-19,8,17,1199.443,546.824,44.804
2026-08-19T08:05,2026-08-19,8,17,1223.117,556.365,45.34
2026-08-19T08:10,2026-08-19,8,17,1248.884,572.05,45.872
2026-08-19T08:15,2026-08-19,8,17,1305.103,597.594,46.402
2026-08-19T08:20,2026-08-19,8,17,1332.062,613.676,46.927
2026-08-19T08:25,2026-08-19,8,17,1361.363,623.174,47.449
2026-08-19T08:30,2026-08-19,8,18,1405.843,645.272,47.966
2026-08-19T08:35,2026-08-19,8,18,1445.16,666.59,48.479
2026-08-19T08:40,2026-08-19,8,18,1440.931,673.062,48.986
2026-08-19T08:45,2026-08-19,8,18,1485.135,687.061,49.487
2026-08-19T08:50,2026-08-19,8,18,1490.366,695.761,49.983
2026-08-19T08:55,2026-08-19,8,18,1536.881,711.674,50.472
2026-08-19T09:00,2026-08-19,9,19,1557.765,729.974,50.954
2026-08-19T09:05,2026-08-19,9,19,1599.685,749.99,51.43
2026-08-19T09:10,2026-08-19,9,19,1624.765,763.834,51.897
2026-08-19T09:15,2026-08-19,9,19,1653.441,780.102,52.357
2026-08-19T09:20,2026-08-19,9,19,1664.721,783.31,52.809
2026-08-19T09:25,2026-08-19,9,19,1713.746,805.306,53.252
2026-08-19T09:30,2026-08-19,9,20,1711.769,810.858,53.687
2026-08-19T09:35,2026-08-19,9,20,1731.485,821.882,54.112
2026-08-19T09:40,2026-08-19,9,20,1771.221,831.341,54.528
2026-08-19T09:45,2026-08-19,9,20,1769.669,840.994,54.934
2026-08-19T09:50,2026-08-19,9,20,1785.078,854.186,55.33
2026-08-19T09:55,2026-08-19,9,20,1818.271,858.937,55.715
2026-08-19T10:00,2026-08-19,10,21,1836.549,877.323,56.09
2026-08-19T10:05,2026-08-19,10,21,1846.02,881.669,56.454
2026-08-19T10:10,2026-08-19,10,21,1857.605,887.863,56.807
2026-08-19T10:15,2026-08-19,10,21,1869.784,891.949,57.148
2026-08-19T10:20,2026-08-19,10,21,1898.365,904.066,57.478
2026-08-19T10:25,2026-08-19,10,21,1919.795,915.403,57.795
2026-08-19T10:30,2026-08-19,10,22,1902.857,918.022,58.101
2026-08-19T10:35,2026-08-19,10,22,1935.573,929.886,58.394
2026-08-19T10:40,2026-08-19,10,22,1967.707,939.157,58.674
2026-08-19T10:45,2026-08-19,10,22,1930.489,931.526,58.941
2026-08-19T10:50,2026-08-19,10,22,1938.073,939.918,59.196
2026-08-19T10:55,2026-08-19,10,22,1916.732,943.413,59.437
2026-08-19T11:00,2026-08-19,11,23,1976.824,959.757,59.664
2026-08-19T11:05,2026-08-19,11,23,1944.677,948.44,59.878
2026-08-19T11:10,2026-08-19,11,23,1991.217,961.081,60.078
2026-08-19T11:15,2026-08-19,11,23,1977.369,962.308,60.265
2026-08-19T11:20,2026-08-19,11,23,1965.958,952.689,60.437
2026-08-19T11:25,2026-08-19,11,23,1995.204,966.257,60.595
2026-08-19T11:30,2026-08-19,11,24,1971.599,963.055,60.738
2026-08-19T11:35,2026-08-19,11,24,1979.022,957.755,60.867
2026-08-19T11:40,2026-08-19,11,24,1969.923,952.406,60.982
2026-08-19T11:45,2026-08-19,11,24,1968.114,954.25,61.082
2026-08-19T11:50,2026-08-19,11,24,1952.796,954.078,61.167
2026-08-19T11:55,2026-08-19,11,24,1960.514,952.202,61.238
2026-08-19T12:00,2026-08-19,12,25,1944.651,951.387,61.293
2026-08-19T12:05,2026-08-19,12,25,1955.93,946.124,61.334
2026-08-19T12:10,2026-08-19,12,25,1967.965,954.969,61.359
2026-08-19T12:15,2026-08-19,12,25,1948.268,952.431,61.37
2026-08-19T12:20,2026-08-19,12,25,1979.913,964.192,61.365
2026-08-19T12:25,2026-08-19,12,25,1967.397,953.104,61.346
2026-08-19T12:30,2026-08-19,12,26,1952.926,944.829,61.311
2026-08-19T12:35,2026-08-19,12,26,1948.67,947.873,61.262
2026-08-19T12:40,2026-08-19,12,26,1944.054,937.663,61.197
2026-08-19T12:45,2026-08-19,12,26,1934.951,930.73,61.118
2026-08-19T12:50,2026-08-19,12,26,1879.995,919.037,61.024
2026-08-19T12:55,2026-08-19,12,26,1882.652,922.128,60.914
2026-08-19T13:00,2026-08-19,13,27,1881.205,916.368,60.79
2026-08-19T13:05,2026-08-19,13,27,1864.773,911.128,60.652
2026-08-19T13:10,2026-08-19,13,27,1880.857,903.863,60.498
2026-08-19T13:15,2026-08-19,13,27,1844.913,895.248,60.33
2026-08-19T13:20,2026-08-19,13,27,1808.722,875.734,60.148
2026-08-19T13:25,2026-08-19,13,27,1810.946,874.833,59.951
