date,slot,hour,month,start_time,gate_closure_time,gate_status,demand_forecast_da_mwh,demand_forecast_latest_mwh,demand_actual_mwh,procured_bilateral_mwh,procured_spot_mwh,procured_intraday_mwh,vpp_dispatched_mwh,total_procured_mwh,open_position_mwh
2026-08-01,1,0,2026-08,2026-08-01T00:00,2026-07-31T23:00,delivered,518.2,517.3,516.3,321.3,196.9,0.0,0.0,518.2,1.9
2026-08-01,2,0,2026-08,2026-08-01T00:30,2026-07-31T23:30,delivered,531.0,527.0,523.0,329.2,201.8,0.0,0.0,531.0,8.0
2026-08-01,3,1,2026-08,2026-08-01T01:00,2026-08-01T00:00,delivered,509.5,512.4,515.3,315.9,193.6,4.5,0.0,514.0,-1.3
2026-08-01,4,1,2026-08,2026-08-01T01:30,2026-08-01T00:30,delivered,517.9,517.5,517.1,321.1,196.8,0.0,0.0,517.9,0.8
2026-08-01,5,2,2026-08,2026-08-01T02:00,2026-08-01T01:00,delivered,514.8,515.3,515.7,319.2,195.6,0.5,0.0,515.3,-0.4
2026-08-01,6,2,2026-08,2026-08-01T02:30,2026-08-01T01:30,delivered,514.7,513.6,512.5,319.1,195.6,0.0,0.0,514.7,2.2
2026-08-01,7,3,2026-08,2026-08-01T03:00,2026-08-01T02:00,delivered,523.2,521.1,518.9,324.4,198.8,0.0,0.0,523.2,4.3
2026-08-01,8,3,2026-08,2026-08-01T03:30,2026-08-01T02:30,delivered,513.8,512.8,511.9,318.6,195.2,0.0,0.0,513.8,1.9
2026-08-01,9,4,2026-08,2026-08-01T04:00,2026-08-01T03:00,delivered,510.5,509.6,508.7,316.5,194.0,0.0,0.0,510.5,1.8
2026-08-01,10,4,2026-08,2026-08-01T04:30,2026-08-01T03:30,delivered,512.3,509.9,507.5,317.6,194.7,0.0,0.0,512.3,4.8
2026-08-01,11,5,2026-08,2026-08-01T05:00,2026-08-01T04:00,delivered,517.9,516.9,515.9,321.1,196.8,0.0,0.0,517.9,2.0
2026-08-01,12,5,2026-08,2026-08-01T05:30,2026-08-01T04:30,delivered,530.4,530.0,529.5,328.9,201.5,0.0,0.0,530.4,0.9
2026-08-01,13,6,2026-08,2026-08-01T06:00,2026-08-01T05:00,delivered,541.4,541.0,540.5,335.7,205.7,0.0,0.0,541.4,0.9
2026-08-01,14,6,2026-08,2026-08-01T06:30,2026-08-01T05:30,delivered,550.5,549.4,548.4,341.3,209.2,0.0,0.0,550.5,2.1
2026-08-01,15,7,2026-08,2026-08-01T07:00,2026-08-01T06:00,delivered,553.7,553.3,552.8,343.3,210.4,0.0,0.0,553.7,0.9
2026-08-01,16,7,2026-08,2026-08-01T07:30,2026-08-01T06:30,delivered,569.4,565.6,561.7,353.0,216.4,0.0,0.0,569.4,7.7
2026-08-01,17,8,2026-08,2026-08-01T08:00,2026-08-01T07:00,delivered,566.4,568.4,570.5,351.2,215.2,2.7,0.0,569.1,-1.4
2026-08-01,18,8,2026-08,2026-08-01T08:30,2026-08-01T07:30,delivered,581.4,580.1,578.9,360.5,220.9,0.0,0.0,581.4,2.5
2026-08-01,19,9,2026-08,2026-08-01T09:00,2026-08-01T08:00,delivered,594.5,592.7,590.9,368.6,225.9,0.0,0.0,594.5,3.6
2026-08-01,20,9,2026-08,2026-08-01T09:30,2026-08-01T08:30,delivered,594.6,592.6,590.6,368.7,225.9,0.0,0.0,594.6,4.0
2026-08-01,21,10,2026-08,2026-08-01T10:00,2026-08-01T09:00,delivered,603.2,600.6,597.9,374.0,229.2,0.0,0.0,603.2,5.3
2026-08-01,22,10,2026-08,2026-08-01T10:30,2026-08-01T09:30,delivered,603.6,602.7,601.8,374.2,229.4,0.0,0.0,603.6,1.8
2026-08-01,23,11,2026-08,2026-08-01T11:00,2026-08-01T10:00,delivered,599.9,599.8,599.6,371.9,228.0,0.0,0.0,599.9,0.3
2026-08-01,24,11,2026-08,2026-08-01T11:30,2026-08-01T10:30,delivered,604.5,605.5,606.5,374.8,229.7,1.3,0.0,605.8,-0.7
2026-08-01,25,12,2026-08,2026-08-01T12:00,2026-08-01T11:00,delivered,613.6,613.4,613.3,380.4,233.2,0.0,0.0,613.6,0.3
2026-08-01,26,12,2026-08,2026-08-01T12:30,2026-08-01T11:30,delivered,611.0,611.8,612.5,378.8,232.2,1.2,0.0,612.2,-0.3
2026-08-01,27,13,2026-08,2026-08-01T13:00,2026-08-01T12:00,delivered,614.0,615.6,617.2,380.7,233.3,2.1,0.0,616.1,-1.1
2026-08-01,28,13,2026-08,2026-08-01T13:30,2026-08-01T12:30,delivered,613.0,615.0,617.0,380.0,233.0,2.7,0.0,615.7,-1.3
2026-08-01,29,14,2026-08,2026-08-01T14:00,2026-08-01T13:00,delivered,622.5,622.3,622.1,386.0,236.5,0.0,0.0,622.5,0.4
2026-08-01,30,14,2026-08,2026-08-01T14:30,2026-08-01T13:30,delivered,610.8,614.8,618.7,378.7,232.1,6.0,0.0,616.8,-1.9
2026-08-01,31,15,2026-08,2026-08-01T15:00,2026-08-01T14:00,delivered,609.7,612.9,616.2,378.0,231.7,3.9,0.0,613.6,-2.6
2026-08-01,32,15,2026-08,2026-08-01T15:30,2026-08-01T14:30,delivered,613.8,613.4,612.9,380.6,233.2,0.0,0.0,613.8,0.9
2026-08-01,33,16,2026-08,2026-08-01T16:00,2026-08-01T15:00,delivered,614.6,614.0,613.4,381.1,233.5,0.0,0.0,614.6,1.2
2026-08-01,34,16,2026-08,2026-08-01T16:30,2026-08-01T15:30,delivered,607.0,608.8,610.6,376.4,230.6,2.2,0.0,609.2,-1.4
2026-08-01,35,17,2026-08,2026-08-01T17:00,2026-08-01T16:00,delivered,615.9,613.3,610.7,381.8,234.1,0.0,0.0,615.9,5.2
2026-08-01,36,17,2026-08,2026-08-01T17:30,2026-08-01T16:30,delivered,610.0,608.5,607.0,378.2,231.8,0.0,0.0,610.0,3.0
2026-08-01,37,18,2026-08,2026-08-01T18:00,2026-08-01T17:00,delivered,617.4,611.5,605.6,382.8,234.6,0.0,0.0,617.4,11.8
2026-08-01,38,18,2026-08,2026-08-01T18:30,2026-08-01T17:30,delivered,607.8,604.7,601.5,376.8,231.0,0.0,0.0,607.8,6.3
2026-08-01,39,19,2026-08,2026-08-01T19:00,2026-08-01T18:00,delivered,597.0,599.6,602.3,370.1,226.9,3.0,0.0,600.0,-2.3
2026-08-01,40,19,2026-08,2026-08-01T19:30,2026-08-01T18:30,delivered,596.5,594.3,592.2,369.8,226.7,0.0,0.0,596.5,4.3
2026-08-01,41,20,2026-08,2026-08-01T20:00,2026-08-01T19:00,delivered,592.1,588.1,584.0,367.1,225.0,0.0,0.0,592.1,8.1
2026-08-01,42,20,2026-08,2026-08-01T20:30,2026-08-01T19:30,delivered,581.6,580.0,578.4,360.6,221.0,0.0,0.0,581.6,3.2
2026-08-01,43,21,2026-08,2026-08-01T21:00,2026-08-01T20:00,delivered,568.6,569.3,570.1,352.5,216.1,1.2,0.0,569.8,-0.3
2026-08-01,44,21,2026-08,2026-08-01T21:30,2026-08-01T20:30,delivered,552.1,556.9,561.7,342.3,209.8,7.0,0.0,559.1,-2.6
2026-08-01,45,22,2026-08,2026-08-01T22:00,2026-08-01T21:00,delivered,549.8,548.5,547.2,340.9,208.9,0.0,0.0,549.8,2.6
2026-08-01,46,22,2026-08,2026-08-01T22:30,2026-08-01T21:30,delivered,547.4,544.8,542.3,339.4,208.0,0.0,0.0,547.4,5.1
2026-08-01,47,23,2026-08,2026-08-01T23:00,2026-08-01T22:00,delivered,528.1,530.3,532.5,327.4,200.7,3.9,0.0,532.0,-0.5
2026-08-01,48,23,2026-08,2026-08-01T23:30,2026-08-01T22:30,delivered,526.7,525.9,525.2,326.5,200.2,0.0,0.0,526.7,1.5
2026-08-02,1,0,2026-08,2026-08-02T00:00,2026-08-01T23:00,delivered,517.0,517.4,517.7,320.6,196.4,0.6,0.0,517.6,-0.1
2026-08-02,2,0,2026-08,2026-08-02T00:30,2026-08-01T23:30,delivered,524.5,523.7,522.9,325.2,199.3,0.0,0.0,524.5,1.6
2026-08-02,3,1,2026-08,2026-08-02T01:00,2026-08-02T00:00,delivered,514.9,517.3,519.7,319.2,195.7,4.2,0.0,519.1,-0.6
2026-08-02,4,1,2026-08,2026-08-02T01:30,2026-08-02T00:30,delivered,521.4,518.8,516.2,323.3,198.1,0.0,0.0,521.4,5.2
2026-08-02,5,2,2026-08,2026-08-02T02:00,2026-08-02T01:00,delivered,513.1,515.6,518.0,318.1,195.0,4.1,0.0,517.2,-0.8
2026-08-02,6,2,2026-08,2026-08-02T02:30,2026-08-02T01:30,delivered,515.7,517.5,519.3,319.8,195.9,2.9,0.0,518.6,-0.7
2026-08-02,7,3,2026-08,2026-08-02T03:00,2026-08-02T02:00,delivered,509.7,511.0,512.3,316.0,193.7,2.3,0.0,512.0,-0.3
2026-08-02,8,3,2026-08,2026-08-02T03:30,2026-08-02T02:30,delivered,518.4,515.6,512.8,321.4,197.0,0.0,0.0,518.4,5.6
2026-08-02,9,4,2026-08,2026-08-02T04:00,2026-08-02T03:00,delivered,515.4,513.6,511.8,319.6,195.8,0.0,0.0,515.4,3.6
2026-08-02,10,4,2026-08,2026-08-02T04:30,2026-08-02T03:30,delivered,514.6,512.4,510.1,319.1,195.5,0.0,0.0,514.6,4.5
2026-08-02,11,5,2026-08,2026-08-02T05:00,2026-08-02T04:00,delivered,520.5,518.5,516.5,322.7,197.8,0.0,0.0,520.5,4.0
2026-08-02,12,5,2026-08,2026-08-02T05:30,2026-08-02T04:30,delivered,527.5,528.4,529.3,327.1,200.4,1.0,0.0,528.5,-0.8
2026-08-02,13,6,2026-08,2026-08-02T06:00,2026-08-02T05:00,delivered,535.7,534.9,534.1,332.1,203.6,0.0,0.0,535.7,1.6
2026-08-02,14,6,2026-08,2026-08-02T06:30,2026-08-02T05:30,delivered,552.9,547.7,542.5,342.8,210.1,0.0,0.0,552.9,10.4
2026-08-02,15,7,2026-08,2026-08-02T07:00,2026-08-02T06:00,delivered,551.9,553.7,555.4,342.2,209.7,3.1,0.0,555.0,-0.4
2026-08-02,16,7,2026-08,2026-08-02T07:30,2026-08-02T06:30,delivered,564.4,563.7,563.1,349.9,214.5,0.0,0.0,564.4,1.3
2026-08-02,17,8,2026-08,2026-08-02T08:00,2026-08-02T07:00,delivered,567.7,570.7,573.6,352.0,215.7,4.3,0.0,572.0,-1.6
2026-08-02,18,8,2026-08,2026-08-02T08:30,2026-08-02T07:30,delivered,583.7,582.1,580.6,361.9,221.8,0.0,0.0,583.7,3.1
2026-08-02,19,9,2026-08,2026-08-02T09:00,2026-08-02T08:00,delivered,581.4,585.4,589.3,360.5,220.9,5.6,0.0,587.0,-2.3
2026-08-02,20,9,2026-08,2026-08-02T09:30,2026-08-02T08:30,delivered,594.1,595.1,596.1,368.4,225.7,1.2,0.0,595.3,-0.8
2026-08-02,21,10,2026-08,2026-08-02T10:00,2026-08-02T09:00,delivered,597.4,596.6,595.8,370.4,227.0,0.0,0.0,597.4,1.6
2026-08-02,22,10,2026-08,2026-08-02T10:30,2026-08-02T09:30,delivered,599.0,599.3,599.5,371.4,227.6,0.3,0.0,599.3,-0.2
2026-08-02,23,11,2026-08,2026-08-02T11:00,2026-08-02T10:00,delivered,602.4,604.2,606.0,373.5,228.9,2.4,0.0,604.8,-1.2
2026-08-02,24,11,2026-08,2026-08-02T11:30,2026-08-02T10:30,delivered,612.6,610.1,607.5,379.8,232.8,0.0,0.0,612.6,5.1
2026-08-02,25,12,2026-08,2026-08-02T12:00,2026-08-02T11:00,delivered,609.8,609.3,608.9,378.1,231.7,0.0,0.0,609.8,0.9
2026-08-02,26,12,2026-08,2026-08-02T12:30,2026-08-02T11:30,delivered,619.3,618.1,617.0,383.9,235.4,0.0,0.0,619.3,2.3
2026-08-02,27,13,2026-08,2026-08-02T13:00,2026-08-02T12:00,delivered,619.9,616.5,613.1,384.3,235.6,0.0,0.0,619.9,6.8
2026-08-02,28,13,2026-08,2026-08-02T13:30,2026-08-02T12:30,delivered,612.4,613.5,614.5,379.7,232.7,1.7,0.0,614.1,-0.4
2026-08-02,29,14,2026-08,2026-08-02T14:00,2026-08-02T13:00,delivered,623.2,620.2,617.2,386.4,236.8,0.0,0.0,623.2,6.0
2026-08-02,30,14,2026-08,2026-08-02T14:30,2026-08-02T13:30,delivered,613.9,615.5,617.1,380.6,233.3,1.9,0.0,615.8,-1.3
2026-08-02,31,15,2026-08,2026-08-02T15:00,2026-08-02T14:00,delivered,610.3,611.5,612.7,378.4,231.9,1.5,0.0,611.8,-0.9
2026-08-02,32,15,2026-08,2026-08-02T15:30,2026-08-02T14:30,delivered,608.8,609.9,611.0,377.5,231.3,1.8,0.0,610.6,-0.4
2026-08-02,33,16,2026-08,2026-08-02T16:00,2026-08-02T15:00,delivered,597.1,602.2,607.2,370.2,226.9,7.0,0.0,604.1,-3.1
2026-08-02,34,16,2026-08,2026-08-02T16:30,2026-08-02T15:30,delivered,605.4,606.6,607.8,375.4,230.0,1.8,0.0,607.2,-0.6
2026-08-02,35,17,2026-08,2026-08-02T17:00,2026-08-02T16:00,delivered,602.8,606.0,609.1,373.7,229.1,5.1,0.0,607.9,-1.2
2026-08-02,36,17,2026-08,2026-08-02T17:30,2026-08-02T16:30,delivered,606.2,606.0,605.9,375.8,230.4,0.0,0.0,606.2,0.3
2026-08-02,37,18,2026-08,2026-08-02T18:00,2026-08-02T17:00,delivered,601.5,601.4,601.4,372.9,228.6,0.0,0.0,601.5,0.1
2026-08-02,38,18,2026-08,2026-08-02T18:30,2026-08-02T17:30,delivered,609.5,603.6,597.7,377.9,231.6,0.0,0.0,609.5,11.8
2026-08-02,39,19,2026-08,2026-08-02T19:00,2026-08-02T18:00,delivered,601.9,599.5,597.2,373.2,228.7,0.0,0.0,601.9,4.7
2026-08-02,40,19,2026-08,2026-08-02T19:30,2026-08-02T18:30,delivered,594.5,596.1,597.6,368.6,225.9,2.1,0.0,596.6,-1.0
2026-08-02,41,20,2026-08,2026-08-02T20:00,2026-08-02T19:00,delivered,595.8,592.5,589.1,369.4,226.4,0.0,0.0,595.8,6.7
2026-08-02,42,20,2026-08,2026-08-02T20:30,2026-08-02T19:30,delivered,572.4,574.3,576.1,354.9,217.5,2.4,0.0,574.8,-1.3
2026-08-02,43,21,2026-08,2026-08-02T21:00,2026-08-02T20:00,delivered,566.8,567.3,567.7,351.4,215.4,0.8,0.0,567.6,-0.1
2026-08-02,44,21,2026-08,2026-08-02T21:30,2026-08-02T20:30,delivered,554.5,554.6,554.8,343.8,210.7,0.3,0.0,554.8,-0.0
2026-08-02,45,22,2026-08,2026-08-02T22:00,2026-08-02T21:00,delivered,547.6,547.1,546.7,339.5,208.1,0.0,0.0,547.6,0.9
2026-08-02,46,22,2026-08,2026-08-02T22:30,2026-08-02T21:30,delivered,537.6,539.0,540.4,333.3,204.3,2.3,0.0,539.9,-0.5
2026-08-02,47,23,2026-08,2026-08-02T23:00,2026-08-02T22:00,delivered,530.6,531.0,531.4,329.0,201.6,0.7,0.0,531.3,-0.1
2026-08-02,48,23,2026-08,2026-08-02T23:30,2026-08-02T22:30,delivered,525.4,524.9,524.4,325.8,199.6,0.0,0.0,525.4,1.0
2026-08-03,1,0,2026-08,2026-08-03T00:00,2026-08-02T23:00,delivered,519.5,519.0,518.6,322.1,197.4,0.0,0.0,519.5,0.9
2026-08-03,2,0,2026-08,2026-08-03T00:30,2026-08-02T23:30,delivered,518.8,519.1,519.4,321.6,197.2,0.4,0.0,519.2,-0.2
2026-08-03,3,1,2026-08,2026-08-03T01:00,2026-08-03T00:00,delivered,522.3,523.5,524.8,323.8,198.5,1.5,0.0,523.8,-1.0
2026-08-03,4,1,2026-08,2026-08-03T01:30,2026-08-03T00:30,delivered,517.5,519.6,521.6,320.8,196.7,3.7,0.0,521.2,-0.4
2026-08-03,5,2,2026-08,2026-08-03T02:00,2026-08-03T01:00,delivered,518.4,518.7,519.0,321.4,197.0,0.5,0.0,518.9,-0.1
2026-08-03,6,2,2026-08,2026-08-03T02:30,2026-08-03T01:30,delivered,518.3,518.5,518.7,321.4,196.9,0.3,0.0,518.6,-0.1
2026-08-03,7,3,2026-08,2026-08-03T03:00,2026-08-03T02:00,delivered,518.8,520.1,521.4,321.7,197.1,1.8,0.0,520.6,-0.8
2026-08-03,8,3,2026-08,2026-08-03T03:30,2026-08-03T02:30,delivered,519.7,519.4,519.1,322.2,197.5,0.0,0.0,519.7,0.6
2026-08-03,9,4,2026-08,2026-08-03T04:00,2026-08-03T03:00,delivered,517.8,517.9,517.9,321.0,196.8,0.1,0.0,517.9,-0.0
2026-08-03,10,4,2026-08,2026-08-03T04:30,2026-08-03T03:30,delivered,518.7,519.2,519.7,321.6,197.1,0.9,0.0,519.6,-0.1
2026-08-03,11,5,2026-08,2026-08-03T05:00,2026-08-03T04:00,delivered,524.0,524.2,524.4,324.9,199.1,0.2,0.0,524.2,-0.2
2026-08-03,12,5,2026-08,2026-08-03T05:30,2026-08-03T04:30,delivered,534.8,534.7,534.6,331.5,203.3,0.0,0.0,534.8,0.2
2026-08-03,13,6,2026-08,2026-08-03T06:00,2026-08-03T05:00,delivered,560.5,561.2,561.9,347.5,213.0,1.1,0.0,561.6,-0.3
2026-08-03,14,6,2026-08,2026-08-03T06:30,2026-08-03T05:30,delivered,605.9,604.3,602.8,375.7,230.2,0.0,0.0,605.9,3.1
2026-08-03,15,7,2026-08,2026-08-03T07:00,2026-08-03T06:00,delivered,641.1,642.8,644.4,397.5,243.6,1.9,0.0,643.0,-1.4
2026-08-03,16,7,2026-08,2026-08-03T07:30,2026-08-03T06:30,delivered,702.5,699.9,697.4,435.5,267.0,0.0,0.0,702.5,5.1
2026-08-03,17,8,2026-08,2026-08-03T08:00,2026-08-03T07:00,delivered,734.5,733.3,732.0,455.4,279.1,0.0,0.0,734.5,2.5
2026-08-03,18,8,2026-08,2026-08-03T08:30,2026-08-03T07:30,delivered,753.0,748.0,742.9,466.8,286.2,0.0,0.0,753.0,10.1
2026-08-03,19,9,2026-08,2026-08-03T09:00,2026-08-03T08:00,delivered,755.1,758.4,761.7,468.2,286.9,5.6,0.0,760.7,-1.0
2026-08-03,20,9,2026-08,2026-08-03T09:30,2026-08-03T08:30,delivered,770.8,768.3,765.9,477.9,292.9,0.0,0.0,770.8,4.9
2026-08-03,21,10,2026-08,2026-08-03T10:00,2026-08-03T09:00,delivered,763.0,767.1,771.3,473.1,289.9,4.9,0.0,767.9,-3.4
2026-08-03,22,10,2026-08,2026-08-03T10:30,2026-08-03T09:30,delivered,762.8,766.8,770.8,472.9,289.9,5.0,0.0,767.8,-3.0
2026-08-03,23,11,2026-08,2026-08-03T11:00,2026-08-03T10:00,delivered,778.6,780.6,782.6,482.7,295.9,3.1,0.0,781.7,-0.9
2026-08-03,24,11,2026-08,2026-08-03T11:30,2026-08-03T10:30,delivered,777.8,779.2,780.6,482.2,295.6,2.5,0.0,780.3,-0.3
2026-08-03,25,12,2026-08,2026-08-03T12:00,2026-08-03T11:00,delivered,779.0,783.4,787.7,483.0,296.0,6.3,0.0,785.3,-2.4
2026-08-03,26,12,2026-08,2026-08-03T12:30,2026-08-03T11:30,delivered,793.6,792.8,792.1,492.0,301.6,0.0,0.0,793.6,1.5
2026-08-03,27,13,2026-08,2026-08-03T13:00,2026-08-03T12:00,delivered,803.1,802.8,802.4,497.9,305.2,0.0,0.0,803.1,0.7
2026-08-03,28,13,2026-08,2026-08-03T13:30,2026-08-03T12:30,delivered,803.1,807.8,812.4,497.9,305.2,6.9,0.0,810.0,-2.4
2026-08-03,29,14,2026-08,2026-08-03T14:00,2026-08-03T13:00,delivered,808.5,810.8,813.2,501.3,307.2,4.2,0.0,812.7,-0.5
2026-08-03,30,14,2026-08,2026-08-03T14:30,2026-08-03T13:30,delivered,805.5,804.8,804.1,499.4,306.1,0.0,0.0,805.5,1.4
2026-08-03,31,15,2026-08,2026-08-03T15:00,2026-08-03T14:00,delivered,799.2,801.6,804.0,495.5,303.7,4.4,0.0,803.6,-0.4
2026-08-03,32,15,2026-08,2026-08-03T15:30,2026-08-03T14:30,delivered,797.9,794.7,791.5,494.7,303.2,0.0,0.0,797.9,6.4
2026-08-03,33,16,2026-08,2026-08-03T16:00,2026-08-03T15:00,delivered,794.5,792.0,789.5,492.6,301.9,0.0,0.0,794.5,5.0
2026-08-03,34,16,2026-08,2026-08-03T16:30,2026-08-03T15:30,delivered,775.2,778.8,782.4,480.6,294.6,5.5,0.0,780.7,-1.7
2026-08-03,35,17,2026-08,2026-08-03T17:00,2026-08-03T16:00,delivered,774.7,775.2,775.6,480.3,294.4,0.6,0.0,775.3,-0.3
2026-08-03,36,17,2026-08,2026-08-03T17:30,2026-08-03T16:30,delivered,757.8,763.9,770.1,469.8,288.0,9.7,0.0,767.5,-2.6
2026-08-03,37,18,2026-08,2026-08-03T18:00,2026-08-03T17:00,delivered,741.6,746.2,750.8,459.8,281.8,6.7,0.0,748.3,-2.5
2026-08-03,38,18,2026-08,2026-08-03T18:30,2026-08-03T17:30,delivered,734.9,733.9,732.9,455.6,279.3,0.0,0.0,734.9,2.0
2026-08-03,39,19,2026-08,2026-08-03T19:00,2026-08-03T18:00,delivered,703.2,703.2,703.3,436.0,267.2,0.1,0.0,703.3,0.0
2026-08-03,40,19,2026-08,2026-08-03T19:30,2026-08-03T18:30,delivered,669.4,669.7,669.9,415.0,254.4,0.3,0.0,669.7,-0.2
2026-08-03,41,20,2026-08,2026-08-03T20:00,2026-08-03T19:00,delivered,640.7,641.8,642.9,397.2,243.5,1.4,0.0,642.1,-0.8
2026-08-03,42,20,2026-08,2026-08-03T20:30,2026-08-03T19:30,delivered,606.6,610.3,614.0,376.1,230.5,4.9,0.0,611.5,-2.5
2026-08-03,43,21,2026-08,2026-08-03T21:00,2026-08-03T20:00,delivered,581.0,585.3,589.7,360.2,220.8,5.9,0.0,586.9,-2.8
2026-08-03,44,21,2026-08,2026-08-03T21:30,2026-08-03T20:30,delivered,563.0,562.8,562.6,349.1,213.9,0.0,0.0,563.0,0.4
2026-08-03,45,22,2026-08,2026-08-03T22:00,2026-08-03T21:00,delivered,556.9,552.9,548.8,345.3,211.6,0.0,0.0,556.9,8.1
2026-08-03,46,22,2026-08,2026-08-03T22:30,2026-08-03T21:30,delivered,533.8,535.0,536.3,330.9,202.9,1.5,0.0,535.3,-1.0
2026-08-03,47,23,2026-08,2026-08-03T23:00,2026-08-03T22:00,delivered,524.6,527.0,529.4,325.3,199.3,2.7,0.0,527.3,-2.1
2026-08-03,48,23,2026-08,2026-08-03T23:30,2026-08-03T22:30,delivered,526.6,526.9,527.2,326.5,200.1,0.5,0.0,527.1,-0.1
2026-08-04,1,0,2026-08,2026-08-04T00:00,2026-08-03T23:00,delivered,528.6,528.6,528.5,327.7,200.9,0.0,0.0,528.6,0.1
2026-08-04,2,0,2026-08,2026-08-04T00:30,2026-08-03T23:30,delivered,533.4,529.8,526.3,330.7,202.7,0.0,0.0,533.4,7.1
2026-08-04,3,1,2026-08,2026-08-04T01:00,2026-08-04T00:00,delivered,527.1,528.1,529.1,326.8,200.3,1.1,0.0,528.2,-0.9
2026-08-04,4,1,2026-08,2026-08-04T01:30,2026-08-04T00:30,delivered,523.4,523.3,523.2,324.5,198.9,0.0,0.0,523.4,0.2
2026-08-04,5,2,2026-08,2026-08-04T02:00,2026-08-04T01:00,delivered,525.3,524.5,523.7,325.7,199.6,0.0,0.0,525.3,1.6
2026-08-04,6,2,2026-08,2026-08-04T02:30,2026-08-04T01:30,delivered,529.2,526.2,523.1,328.1,201.1,0.0,0.0,529.2,6.1
2026-08-04,7,3,2026-08,2026-08-04T03:00,2026-08-04T02:00,delivered,521.9,523.4,525.0,323.6,198.3,2.4,0.0,524.3,-0.7
2026-08-04,8,3,2026-08,2026-08-04T03:30,2026-08-04T02:30,delivered,520.7,522.4,524.2,322.8,197.9,2.9,0.0,523.6,-0.6
2026-08-04,9,4,2026-08,2026-08-04T04:00,2026-08-04T03:00,delivered,517.6,518.6,519.6,320.9,196.7,1.1,0.0,518.7,-0.9
2026-08-04,10,4,2026-08,2026-08-04T04:30,2026-08-04T03:30,delivered,521.2,520.9,520.7,323.1,198.1,0.0,0.0,521.2,0.5
2026-08-04,11,5,2026-08,2026-08-04T05:00,2026-08-04T04:00,delivered,526.6,525.8,525.1,326.5,200.1,0.0,0.0,526.6,1.5
2026-08-04,12,5,2026-08,2026-08-04T05:30,2026-08-04T04:30,delivered,540.9,540.1,539.3,335.4,205.5,0.0,0.0,540.9,1.6
2026-08-04,13,6,2026-08,2026-08-04T06:00,2026-08-04T05:00,delivered,570.9,572.1,573.4,354.0,216.9,1.5,0.0,572.4,-1.0
2026-08-04,14,6,2026-08,2026-08-04T06:30,2026-08-04T05:30,delivered,613.7,613.3,612.9,380.5,233.2,0.0,0.0,613.7,0.8
2026-08-04,15,7,2026-08,2026-08-04T07:00,2026-08-04T06:00,delivered,661.6,658.8,655.9,410.2,251.4,0.0,0.0,661.6,5.7
2026-08-04,16,7,2026-08,2026-08-04T07:30,2026-08-04T06:30,delivered,708.0,708.4,708.9,438.9,269.1,0.5,0.0,708.5,-0.4
2026-08-04,17,8,2026-08,2026-08-04T08:00,2026-08-04T07:00,delivered,744.7,744.2,743.6,461.7,283.0,0.0,0.0,744.7,1.1
2026-08-04,18,8,2026-08,2026-08-04T08:30,2026-08-04T07:30,delivered,758.0,760.6,763.2,470.0,288.0,3.0,0.0,761.0,-2.2
2026-08-04,19,9,2026-08,2026-08-04T09:00,2026-08-04T08:00,delivered,780.1,778.0,775.9,483.7,296.4,0.0,0.0,780.1,4.2
2026-08-04,20,9,2026-08,2026-08-04T09:30,2026-08-04T08:30,delivered,778.0,782.3,786.5,482.4,295.6,5.8,0.0,783.8,-2.7
2026-08-04,21,10,2026-08,2026-08-04T10:00,2026-08-04T09:00,delivered,785.1,785.7,786.2,486.8,298.3,0.7,0.0,785.8,-0.4
2026-08-04,22,10,2026-08,2026-08-04T10:30,2026-08-04T09:30,delivered,794.0,793.1,792.2,492.3,301.7,0.0,0.0,794.0,1.8
2026-08-04,23,11,2026-08,2026-08-04T11:00,2026-08-04T10:00,delivered,787.7,790.8,793.9,488.4,299.3,4.0,0.0,791.7,-2.2
2026-08-04,24,11,2026-08,2026-08-04T11:30,2026-08-04T10:30,delivered,805.2,801.3,797.4,499.2,306.0,0.0,0.0,805.2,7.8
2026-08-04,25,12,2026-08,2026-08-04T12:00,2026-08-04T11:00,delivered,805.3,805.5,805.7,499.3,306.0,0.4,0.0,805.7,-0.0
2026-08-04,26,12,2026-08,2026-08-04T12:30,2026-08-04T11:30,delivered,814.0,812.3,810.7,504.7,309.3,0.0,0.0,814.0,3.3
2026-08-04,27,13,2026-08,2026-08-04T13:00,2026-08-04T12:00,delivered,814.2,818.9,823.6,504.8,309.4,6.9,0.0,821.1,-2.5
2026-08-04,28,13,2026-08,2026-08-04T13:30,2026-08-04T12:30,delivered,829.6,830.9,832.2,514.3,315.3,1.6,0.0,831.2,-1.0
2026-08-04,29,14,2026-08,2026-08-04T14:00,2026-08-04T13:00,delivered,832.6,830.8,829.0,516.2,316.4,0.0,0.0,832.6,3.6
2026-08-04,30,14,2026-08,2026-08-04T14:30,2026-08-04T13:30,delivered,824.0,822.1,820.3,510.9,313.1,0.0,0.0,824.0,3.7
2026-08-04,31,15,2026-08,2026-08-04T15:00,2026-08-04T14:00,delivered,812.4,814.6,816.8,503.7,308.7,3.6,0.0,816.0,-0.8
2026-08-04,32,15,2026-08,2026-08-04T15:30,2026-08-04T14:30,delivered,807.6,809.4,811.1,500.7,306.9,2.7,0.0,810.3,-0.8
2026-08-04,33,16,2026-08,2026-08-04T16:00,2026-08-04T15:00,delivered,809.2,807.4,805.6,501.7,307.5,0.0,0.0,809.2,3.6
2026-08-04,34,16,2026-08,2026-08-04T16:30,2026-08-04T15:30,delivered,799.7,800.2,800.6,495.8,303.9,0.7,0.0,800.4,-0.2
2026-08-04,35,17,2026-08,2026-08-04T17:00,2026-08-04T16:00,delivered,788.1,789.4,790.6,488.7,299.4,1.6,0.0,789.7,-0.9
2026-08-04,36,17,2026-08,2026-08-04T17:30,2026-08-04T16:30,delivered,772.2,775.1,778.1,478.8,293.4,5.2,0.0,777.4,-0.7
2026-08-04,37,18,2026-08,2026-08-04T18:00,2026-08-04T17:00,delivered,765.5,764.9,764.2,474.6,290.9,0.0,0.0,765.5,1.3
2026-08-04,38,18,2026-08,2026-08-04T18:30,2026-08-04T17:30,delivered,743.7,744.2,744.6,461.1,282.6,0.7,0.0,744.4,-0.2
2026-08-04,39,19,2026-08,2026-08-04T19:00,2026-08-04T18:00,delivered,719.3,718.4,717.4,446.0,273.3,0.0,0.0,719.3,1.9
2026-08-04,40,19,2026-08,2026-08-04T19:30,2026-08-04T18:30,delivered,687.3,688.9,690.5,426.1,261.2,2.7,0.0,690.0,-0.5
2026-08-04,41,20,2026-08,2026-08-04T20:00,2026-08-04T19:00,delivered,649.9,653.5,657.0,402.9,247.0,4.8,0.0,654.7,-2.3
2026-08-04,42,20,2026-08,2026-08-04T20:30,2026-08-04T19:30,delivered,623.0,624.7,626.5,386.3,236.7,2.7,0.0,625.7,-0.8
2026-08-04,43,21,2026-08,2026-08-04T21:00,2026-08-04T20:00,delivered,604.9,601.5,598.1,375.0,229.9,0.0,0.0,604.9,6.8
2026-08-04,44,21,2026-08,2026-08-04T21:30,2026-08-04T20:30,delivered,581.1,580.1,579.0,360.3,220.8,0.0,0.0,581.1,2.1
2026-08-04,45,22,2026-08,2026-08-04T22:00,2026-08-04T21:00,delivered,563.4,561.2,559.0,349.3,214.1,0.0,0.0,563.4,4.4
2026-08-04,46,22,2026-08,2026-08-04T22:30,2026-08-04T21:30,delivered,548.1,546.7,545.3,339.8,208.3,0.0,0.0,548.1,2.8
2026-08-04,47,23,2026-08,2026-08-04T23:00,2026-08-04T22:00,delivered,541.6,540.4,539.2,335.8,205.8,0.0,0.0,541.6,2.4
2026-08-04,48,23,2026-08,2026-08-04T23:30,2026-08-04T22:30,delivered,537.1,535.6,534.0,333.0,204.1,0.0,0.0,537.1,3.1
2026-08-05,1,0,2026-08,2026-08-05T00:00,2026-08-04T23:00,delivered,535.7,535.0,534.3,332.1,203.6,0.0,0.0,535.7,1.4
2026-08-05,2,0,2026-08,2026-08-05T00:30,2026-08-04T23:30,delivered,535.3,533.7,532.1,331.9,203.4,0.0,0.0,535.3,3.2
2026-08-05,3,1,2026-08,2026-08-05T01:00,2026-08-05T00:00,delivered,533.5,535.4,537.4,330.7,202.8,2.8,0.0,536.3,-1.1
2026-08-05,4,1,2026-08,2026-08-05T01:30,2026-08-05T00:30,delivered,530.1,529.6,529.1,328.6,201.5,0.0,0.0,530.1,1.0
2026-08-05,5,2,2026-08,2026-08-05T02:00,2026-08-05T01:00,delivered,530.1,530.3,530.5,328.7,201.4,0.2,0.0,530.3,-0.2
2026-08-05,6,2,2026-08,2026-08-05T02:30,2026-08-05T01:30,delivered,530.7,529.4,528.2,329.0,201.7,0.0,0.0,530.7,2.5
2026-08-05,7,3,2026-08,2026-08-05T03:00,2026-08-05T02:00,delivered,530.7,529.1,527.5,329.0,201.7,0.0,0.0,530.7,3.2
2026-08-05,8,3,2026-08,2026-08-05T03:30,2026-08-05T02:30,delivered,529.3,529.5,529.7,328.2,201.1,0.3,0.0,529.6,-0.1
2026-08-05,9,4,2026-08,2026-08-05T04:00,2026-08-05T03:00,delivered,531.5,531.9,532.3,329.6,201.9,0.5,0.0,532.0,-0.3
2026-08-05,10,4,2026-08,2026-08-05T04:30,2026-08-05T03:30,delivered,529.5,527.0,524.5,328.3,201.2,0.0,0.0,529.5,5.0
2026-08-05,11,5,2026-08,2026-08-05T05:00,2026-08-05T04:00,delivered,538.7,538.6,538.5,334.0,204.7,0.0,0.0,538.7,0.2
2026-08-05,12,5,2026-08,2026-08-05T05:30,2026-08-05T04:30,delivered,549.5,548.1,546.8,340.7,208.8,0.0,0.0,549.5,2.7
2026-08-05,13,6,2026-08,2026-08-05T06:00,2026-08-05T05:00,delivered,568.1,570.6,573.0,352.2,215.9,3.8,0.0,571.9,-1.1
2026-08-05,14,6,2026-08,2026-08-05T06:30,2026-08-05T05:30,delivered,621.3,619.7,618.0,385.2,236.1,0.0,0.0,621.3,3.3
2026-08-05,15,7,2026-08,2026-08-05T07:00,2026-08-05T06:00,delivered,666.7,667.0,667.2,413.4,253.3,0.4,0.0,667.1,-0.1
2026-08-05,16,7,2026-08,2026-08-05T07:30,2026-08-05T06:30,delivered,724.7,722.9,721.2,449.3,275.4,0.0,0.0,724.7,3.5
2026-08-05,17,8,2026-08,2026-08-05T08:00,2026-08-05T07:00,delivered,744.2,747.9,751.5,461.4,282.8,4.2,0.0,748.4,-3.1
2026-08-05,18,8,2026-08,2026-08-05T08:30,2026-08-05T07:30,delivered,763.6,770.9,778.3,473.4,290.2,12.5,0.0,776.1,-2.2
2026-08-05,19,9,2026-08,2026-08-05T09:00,2026-08-05T08:00,delivered,791.6,791.0,790.4,490.8,300.8,0.0,0.0,791.6,1.2
2026-08-05,20,9,2026-08,2026-08-05T09:30,2026-08-05T08:30,delivered,782.3,786.1,789.8,485.1,297.2,6.2,0.0,788.5,-1.3
2026-08-05,21,10,2026-08,2026-08-05T10:00,2026-08-05T09:00,delivered,805.5,798.8,792.1,499.4,306.1,0.0,0.0,805.5,13.4
2026-08-05,22,10,2026-08,2026-08-05T10:30,2026-08-05T09:30,delivered,793.6,795.7,797.8,492.1,301.5,3.3,0.0,796.9,-0.9
2026-08-05,23,11,2026-08,2026-08-05T11:00,2026-08-05T10:00,delivered,802.5,805.7,808.8,497.6,304.9,4.8,0.0,807.3,-1.5
2026-08-05,24,11,2026-08,2026-08-05T11:30,2026-08-05T10:30,delivered,824.1,818.6,813.1,511.0,313.1,0.0,0.0,824.1,11.0
2026-08-05,25,12,2026-08,2026-08-05T12:00,2026-08-05T11:00,delivered,822.2,821.0,819.7,509.8,312.4,0.0,0.0,822.2,2.5
2026-08-05,26,12,2026-08,2026-08-05T12:30,2026-08-05T11:30,delivered,817.0,819.9,822.9,506.5,310.5,4.7,0.0,821.7,-1.2
2026-08-05,27,13,2026-08,2026-08-05T13:00,2026-08-05T12:00,delivered,831.8,832.2,832.7,515.7,316.1,0.7,0.0,832.5,-0.2
2026-08-05,28,13,2026-08,2026-08-05T13:30,2026-08-05T12:30,delivered,838.3,835.7,833.2,519.7,318.6,0.0,0.0,838.3,5.1
2026-08-05,29,14,2026-08,2026-08-05T14:00,2026-08-05T13:00,delivered,840.0,840.4,840.8,520.8,319.2,0.5,0.0,840.5,-0.3
2026-08-05,30,14,2026-08,2026-08-05T14:30,2026-08-05T13:30,delivered,833.2,833.3,833.4,516.6,316.6,0.1,0.0,833.3,-0.1
2026-08-05,31,15,2026-08,2026-08-05T15:00,2026-08-05T14:00,delivered,842.6,833.4,824.2,522.4,320.2,0.0,0.0,842.6,18.4
2026-08-05,32,15,2026-08,2026-08-05T15:30,2026-08-05T14:30,delivered,828.3,825.0,821.6,513.6,314.7,0.0,0.0,828.3,6.7
2026-08-05,33,16,2026-08,2026-08-05T16:00,2026-08-05T15:00,delivered,814.5,815.2,815.8,505.0,309.5,0.8,0.0,815.3,-0.5
2026-08-05,34,16,2026-08,2026-08-05T16:30,2026-08-05T15:30,delivered,814.6,812.3,810.0,505.1,309.5,0.0,0.0,814.6,4.6
2026-08-05,35,17,2026-08,2026-08-05T17:00,2026-08-05T16:00,delivered,817.1,808.8,800.5,506.6,310.5,0.0,0.0,817.1,16.6
2026-08-05,36,17,2026-08,2026-08-05T17:30,2026-08-05T16:30,delivered,780.9,785.5,790.1,484.1,296.8,8.0,0.0,788.9,-1.2
2026-08-05,37,18,2026-08,2026-08-05T18:00,2026-08-05T17:00,delivered,771.2,772.8,774.3,478.1,293.1,2.1,0.0,773.3,-1.0
2026-08-05,38,18,2026-08,2026-08-05T18:30,2026-08-05T17:30,delivered,747.3,749.3,751.3,463.3,284.0,3.5,0.0,750.8,-0.5
2026-08-05,39,19,2026-08,2026-08-05T19:00,2026-08-05T18:00,delivered,725.7,726.4,727.1,449.9,275.8,1.0,0.0,726.7,-0.4
2026-08-05,40,19,2026-08,2026-08-05T19:30,2026-08-05T18:30,delivered,705.9,700.8,695.6,437.6,268.3,0.0,0.0,705.9,10.3
2026-08-05,41,20,2026-08,2026-08-05T20:00,2026-08-05T19:00,delivered,657.8,663.1,668.3,407.8,250.0,9.2,0.0,667.0,-1.3
2026-08-05,42,20,2026-08,2026-08-05T20:30,2026-08-05T19:30,delivered,635.7,635.3,634.9,394.1,241.6,0.0,0.0,635.7,0.8
2026-08-05,43,21,2026-08,2026-08-05T21:00,2026-08-05T20:00,delivered,610.0,610.4,610.8,378.2,231.8,0.6,0.0,610.6,-0.2
2026-08-05,44,21,2026-08,2026-08-05T21:30,2026-08-05T20:30,delivered,584.1,583.9,583.7,362.1,222.0,0.0,0.0,584.1,0.4
2026-08-05,45,22,2026-08,2026-08-05T22:00,2026-08-05T21:00,delivered,569.5,568.3,567.1,353.1,216.4,0.0,0.0,569.5,2.4
2026-08-05,46,22,2026-08,2026-08-05T22:30,2026-08-05T21:30,delivered,549.4,553.6,557.7,340.7,208.7,7.0,0.0,556.4,-1.3
2026-08-05,47,23,2026-08,2026-08-05T23:00,2026-08-05T22:00,delivered,546.9,549.1,551.3,339.1,207.8,3.5,0.0,550.4,-0.9
2026-08-05,48,23,2026-08,2026-08-05T23:30,2026-08-05T22:30,delivered,544.8,543.1,541.4,337.8,207.0,0.0,0.0,544.8,3.4
2026-08-06,1,0,2026-08,2026-08-06T00:00,2026-08-05T23:00,delivered,532.3,532.7,533.1,330.0,202.3,0.5,0.0,532.8,-0.3
2026-08-06,2,0,2026-08,2026-08-06T00:30,2026-08-05T23:30,delivered,532.7,534.0,535.4,330.3,202.4,2.0,0.0,534.7,-0.7
2026-08-06,3,1,2026-08,2026-08-06T01:00,2026-08-06T00:00,delivered,534.0,532.6,531.2,331.1,202.9,0.0,0.0,534.0,2.8
2026-08-06,4,1,2026-08,2026-08-06T01:30,2026-08-06T00:30,delivered,538.4,531.7,525.0,333.8,204.6,0.0,0.0,538.4,13.4
2026-08-06,5,2,2026-08,2026-08-06T02:00,2026-08-06T01:00,delivered,526.4,528.5,530.6,326.4,200.0,2.4,0.0,528.8,-1.8
2026-08-06,6,2,2026-08,2026-08-06T02:30,2026-08-06T01:30,delivered,530.1,530.0,529.9,328.6,201.5,0.0,0.0,530.1,0.2
2026-08-06,7,3,2026-08,2026-08-06T03:00,2026-08-06T02:00,delivered,533.6,531.0,528.4,330.9,202.7,0.0,0.0,533.6,5.2
2026-08-06,8,3,2026-08,2026-08-06T03:30,2026-08-06T02:30,delivered,519.3,521.8,524.3,322.0,197.3,3.6,0.0,522.9,-1.4
2026-08-06,9,4,2026-08,2026-08-06T04:00,2026-08-06T03:00,delivered,526.1,528.3,530.5,326.2,199.9,3.6,0.0,529.7,-0.8
2026-08-06,10,4,2026-08,2026-08-06T04:30,2026-08-06T03:30,delivered,521.2,521.6,522.0,323.1,198.1,0.5,0.0,521.7,-0.3
2026-08-06,11,5,2026-08,2026-08-06T05:00,2026-08-06T04:00,delivered,526.3,528.4,530.5,326.3,200.0,3.3,0.0,529.6,-0.9
2026-08-06,12,5,2026-08,2026-08-06T05:30,2026-08-06T04:30,delivered,546.4,545.5,544.5,338.8,207.6,0.0,0.0,546.4,1.9
2026-08-06,13,6,2026-08,2026-08-06T06:00,2026-08-06T05:00,delivered,568.5,571.0,573.5,352.5,216.0,4.4,0.0,572.9,-0.6
2026-08-06,14,6,2026-08,2026-08-06T06:30,2026-08-06T05:30,delivered,619.4,614.9,610.5,384.0,235.4,0.0,0.0,619.4,8.9
2026-08-06,15,7,2026-08,2026-08-06T07:00,2026-08-06T06:00,delivered,668.1,666.8,665.5,414.2,253.9,0.0,0.0,668.1,2.6
2026-08-06,16,7,2026-08,2026-08-06T07:30,2026-08-06T06:30,delivered,716.1,715.4,714.6,444.0,272.1,0.0,0.0,716.1,1.5
2026-08-06,17,8,2026-08,2026-08-06T08:00,2026-08-06T07:00,delivered,744.4,746.0,747.5,461.5,282.9,1.9,0.0,746.3,-1.2
2026-08-06,18,8,2026-08,2026-08-06T08:30,2026-08-06T07:30,delivered,762.3,762.9,763.5,472.7,289.6,1.0,0.0,763.3,-0.2
2026-08-06,19,9,2026-08,2026-08-06T09:00,2026-08-06T08:00,delivered,787.2,786.3,785.5,488.1,299.1,0.0,0.0,787.2,1.7
2026-08-06,20,9,2026-08,2026-08-06T09:30,2026-08-06T08:30,delivered,782.8,783.1,783.5,485.3,297.5,0.5,0.0,783.3,-0.2
2026-08-06,21,10,2026-08,2026-08-06T10:00,2026-08-06T09:00,delivered,786.0,790.8,795.5,487.3,298.7,8.3,0.0,794.3,-1.2
2026-08-06,22,10,2026-08,2026-08-06T10:30,2026-08-06T09:30,delivered,795.5,796.7,797.9,493.2,302.3,2.0,0.0,797.5,-0.4
2026-08-06,23,11,2026-08,2026-08-06T11:00,2026-08-06T10:00,delivered,811.1,809.2,807.3,502.9,308.2,0.0,0.0,811.1,3.8
2026-08-06,24,11,2026-08,2026-08-06T11:30,2026-08-06T10:30,delivered,803.5,805.7,808.0,498.2,305.3,3.0,0.0,806.5,-1.5
2026-08-06,25,12,2026-08,2026-08-06T12:00,2026-08-06T11:00,delivered,817.1,816.2,815.2,506.6,310.5,0.0,0.0,817.1,1.9
2026-08-06,26,12,2026-08,2026-08-06T12:30,2026-08-06T11:30,delivered,811.4,814.1,816.9,503.0,308.4,4.1,0.0,815.5,-1.4
2026-08-06,27,13,2026-08,2026-08-06T13:00,2026-08-06T12:00,delivered,831.6,831.0,830.3,515.6,316.0,0.0,0.0,831.6,1.3
2026-08-06,28,13,2026-08,2026-08-06T13:30,2026-08-06T12:30,delivered,829.8,832.1,834.4,514.5,315.3,3.7,0.0,833.5,-0.9
2026-08-06,29,14,2026-08,2026-08-06T14:00,2026-08-06T13:00,delivered,841.6,839.6,837.5,521.8,319.8,0.0,0.0,841.6,4.1
2026-08-06,30,14,2026-08,2026-08-06T14:30,2026-08-06T13:30,delivered,828.7,829.6,830.6,513.8,314.9,1.3,0.0,830.0,-0.6
2026-08-06,31,15,2026-08,2026-08-06T15:00,2026-08-06T14:00,delivered,829.9,825.1,820.3,514.5,315.4,0.0,0.0,829.9,9.6
2026-08-06,32,15,2026-08,2026-08-06T15:30,2026-08-06T14:30,delivered,814.1,815.9,817.7,504.8,309.3,2.3,0.0,816.4,-1.3
2026-08-06,33,16,2026-08,2026-08-06T16:00,2026-08-06T15:00,delivered,813.3,815.8,818.3,504.2,309.1,4.2,0.0,817.5,-0.8
2026-08-06,34,16,2026-08,2026-08-06T16:30,2026-08-06T15:30,delivered,805.4,806.3,807.2,499.4,306.0,1.2,0.0,806.6,-0.6
2026-08-06,35,17,2026-08,2026-08-06T17:00,2026-08-06T16:00,delivered,795.1,796.3,797.5,493.0,302.1,1.7,0.0,796.8,-0.7
2026-08-06,36,17,2026-08,2026-08-06T17:30,2026-08-06T16:30,delivered,785.1,787.0,788.9,486.7,298.4,3.2,0.0,788.3,-0.6
2026-08-06,37,18,2026-08,2026-08-06T18:00,2026-08-06T17:00,delivered,769.4,769.6,769.7,477.0,292.4,0.2,0.0,769.6,-0.1
2026-08-06,38,18,2026-08,2026-08-06T18:30,2026-08-06T17:30,delivered,750.4,749.9,749.5,465.2,285.2,0.0,0.0,750.4,0.9
2026-08-06,39,19,2026-08,2026-08-06T19:00,2026-08-06T18:00,delivered,721.3,723.9,726.5,447.2,274.1,3.2,0.0,724.5,-2.0
2026-08-06,40,19,2026-08,2026-08-06T19:30,2026-08-06T18:30,delivered,695.4,695.1,694.8,431.2,264.2,0.0,0.0,695.4,0.6
2026-08-06,41,20,2026-08,2026-08-06T20:00,2026-08-06T19:00,delivered,670.0,667.0,664.0,415.4,254.6,0.0,0.0,670.0,6.0
2026-08-06,42,20,2026-08,2026-08-06T20:30,2026-08-06T19:30,delivered,632.9,632.0,631.1,392.4,240.5,0.0,0.0,632.9,1.8
2026-08-06,43,21,2026-08,2026-08-06T21:00,2026-08-06T20:00,delivered,603.3,604.4,605.4,374.1,229.2,1.6,0.0,604.9,-0.5
2026-08-06,44,21,2026-08,2026-08-06T21:30,2026-08-06T20:30,delivered,586.0,584.4,582.8,363.3,222.7,0.0,0.0,586.0,3.2
2026-08-06,45,22,2026-08,2026-08-06T22:00,2026-08-06T21:00,delivered,573.2,567.9,562.7,355.4,217.8,0.0,0.0,573.2,10.5
2026-08-06,46,22,2026-08,2026-08-06T22:30,2026-08-06T21:30,delivered,552.5,550.0,547.4,342.6,209.9,0.0,0.0,552.5,5.1
2026-08-06,47,23,2026-08,2026-08-06T23:00,2026-08-06T22:00,delivered,549.2,545.9,542.5,340.5,208.7,0.0,0.0,549.2,6.7
2026-08-06,48,23,2026-08,2026-08-06T23:30,2026-08-06T22:30,delivered,534.6,537.9,541.2,331.4,203.2,5.4,0.0,540.0,-1.2
2026-08-07,1,0,2026-08,2026-08-07T00:00,2026-08-06T23:00,delivered,533.0,534.3,535.7,330.5,202.5,1.7,0.0,534.7,-1.0
2026-08-07,2,0,2026-08,2026-08-07T00:30,2026-08-06T23:30,delivered,540.2,540.1,540.0,334.9,205.3,0.0,0.0,540.2,0.2
2026-08-07,3,1,2026-08,2026-08-07T01:00,2026-08-07T00:00,delivered,545.0,541.8,538.5,337.9,207.1,0.0,0.0,545.0,6.5
2026-08-07,4,1,2026-08,2026-08-07T01:30,2026-08-07T00:30,delivered,535.4,535.7,536.1,331.9,203.5,0.6,0.0,536.0,-0.1
2026-08-07,5,2,2026-08,2026-08-07T02:00,2026-08-07T01:00,delivered,536.6,535.1,533.6,332.7,203.9,0.0,0.0,536.6,3.0
2026-08-07,6,2,2026-08,2026-08-07T02:30,2026-08-07T01:30,delivered,529.4,529.9,530.4,328.2,201.2,0.8,0.0,530.2,-0.2
2026-08-07,7,3,2026-08,2026-08-07T03:00,2026-08-07T02:00,delivered,531.5,533.2,534.9,329.6,201.9,2.1,0.0,533.6,-1.3
2026-08-07,8,3,2026-08,2026-08-07T03:30,2026-08-07T02:30,delivered,535.2,534.8,534.4,331.8,203.4,0.0,0.0,535.2,0.8
2026-08-07,9,4,2026-08,2026-08-07T04:00,2026-08-07T03:00,delivered,527.6,530.1,532.5,327.1,200.5,3.4,0.0,531.0,-1.5
2026-08-07,10,4,2026-08,2026-08-07T04:30,2026-08-07T03:30,delivered,531.7,530.2,528.7,329.7,202.0,0.0,0.0,531.7,3.0
2026-08-07,11,5,2026-08,2026-08-07T05:00,2026-08-07T04:00,delivered,534.0,537.3,540.6,331.1,202.9,4.2,0.0,538.2,-2.4
2026-08-07,12,5,2026-08,2026-08-07T05:30,2026-08-07T04:30,delivered,555.4,553.2,551.0,344.3,211.1,0.0,0.0,555.4,4.4
2026-08-07,13,6,2026-08,2026-08-07T06:00,2026-08-07T05:00,delivered,574.6,577.3,580.0,356.2,218.4,3.8,0.0,578.4,-1.6
2026-08-07,14,6,2026-08,2026-08-07T06:30,2026-08-07T05:30,delivered,621.9,622.3,622.7,385.6,236.3,0.5,0.0,622.4,-0.3
2026-08-07,15,7,2026-08,2026-08-07T07:00,2026-08-07T06:00,delivered,674.5,671.7,668.8,418.2,256.3,0.0,0.0,674.5,5.7
2026-08-07,16,7,2026-08,2026-08-07T07:30,2026-08-07T06:30,delivered,730.3,728.5,726.7,452.8,277.5,0.0,0.0,730.3,3.6
2026-08-07,17,8,2026-08,2026-08-07T08:00,2026-08-07T07:00,delivered,758.1,758.4,758.8,470.0,288.1,0.6,0.0,758.7,-0.1
2026-08-07,18,8,2026-08,2026-08-07T08:30,2026-08-07T07:30,delivered,779.2,781.6,784.0,483.1,296.1,4.1,0.0,783.3,-0.7
2026-08-07,19,9,2026-08,2026-08-07T09:00,2026-08-07T08:00,delivered,798.8,797.9,797.0,495.3,303.5,0.0,0.0,798.8,1.8
2026-08-07,20,9,2026-08,2026-08-07T09:30,2026-08-07T08:30,delivered,800.4,796.5,792.6,496.3,304.1,0.0,0.0,800.4,7.8
2026-08-07,21,10,2026-08,2026-08-07T10:00,2026-08-07T09:00,delivered,799.6,800.9,802.3,495.7,303.9,2.0,0.0,801.6,-0.7
2026-08-07,22,10,2026-08,2026-08-07T10:30,2026-08-07T09:30,delivered,817.8,814.3,810.9,507.0,310.8,0.0,0.0,817.8,6.9
2026-08-07,23,11,2026-08,2026-08-07T11:00,2026-08-07T10:00,delivered,808.2,808.8,809.4,501.1,307.1,0.9,0.0,809.1,-0.3
2026-08-07,24,11,2026-08,2026-08-07T11:30,2026-08-07T10:30,delivered,823.3,820.6,817.9,510.5,312.8,0.0,0.0,823.3,5.4
2026-08-07,25,12,2026-08,2026-08-07T12:00,2026-08-07T11:00,delivered,823.4,824.7,826.0,510.5,312.9,1.9,0.0,825.3,-0.7
2026-08-07,26,12,2026-08,2026-08-07T12:30,2026-08-07T11:30,delivered,839.9,838.5,837.2,520.7,319.2,0.0,0.0,839.9,2.7
2026-08-07,27,13,2026-08,2026-08-07T13:00,2026-08-07T12:00,delivered,838.0,838.9,839.8,519.5,318.5,1.4,0.0,839.4,-0.4
2026-08-07,28,13,2026-08,2026-08-07T13:30,2026-08-07T12:30,delivered,852.6,848.7,844.9,528.6,324.0,0.0,0.0,852.6,7.7
2026-08-07,29,14,2026-08,2026-08-07T14:00,2026-08-07T13:00,delivered,837.9,839.5,841.1,519.5,318.4,2.5,0.0,840.4,-0.7
2026-08-07,30,14,2026-08,2026-08-07T14:30,2026-08-07T13:30,delivered,838.6,841.4,844.3,519.9,318.7,3.3,0.0,841.9,-2.4
2026-08-07,31,15,2026-08,2026-08-07T15:00,2026-08-07T14:00,delivered,828.5,832.3,836.1,513.7,314.8,4.6,0.0,833.1,-3.0
2026-08-07,32,15,2026-08,2026-08-07T15:30,2026-08-07T14:30,delivered,826.9,828.8,830.7,512.7,314.2,2.2,0.0,829.1,-1.6
2026-08-07,33,16,2026-08,2026-08-07T16:00,2026-08-07T15:00,delivered,822.3,824.9,827.4,509.8,312.5,3.4,0.0,825.7,-1.7
2026-08-07,34,16,2026-08,2026-08-07T16:30,2026-08-07T15:30,delivered,816.9,816.9,817.0,506.5,310.4,0.0,0.0,816.9,-0.1
2026-08-07,35,17,2026-08,2026-08-07T17:00,2026-08-07T16:00,delivered,794.5,800.6,806.7,492.6,301.9,10.6,0.0,805.1,-1.6
2026-08-07,36,17,2026-08,2026-08-07T17:30,2026-08-07T16:30,delivered,795.2,795.7,796.1,493.0,302.2,0.5,0.0,795.7,-0.4
2026-08-07,37,18,2026-08,2026-08-07T18:00,2026-08-07T17:00,delivered,774.3,776.5,778.7,480.1,294.2,3.8,0.0,778.1,-0.6
2026-08-07,38,18,2026-08,2026-08-07T18:30,2026-08-07T17:30,delivered,756.0,756.4,756.8,468.7,287.3,0.5,0.0,756.5,-0.3
2026-08-07,39,19,2026-08,2026-08-07T19:00,2026-08-07T18:00,delivered,725.2,730.6,736.0,449.6,275.6,8.2,0.0,733.4,-2.6
2026-08-07,40,19,2026-08,2026-08-07T19:30,2026-08-07T18:30,delivered,713.7,708.4,703.1,442.5,271.2,0.0,0.0,713.7,10.6
2026-08-07,41,20,2026-08,2026-08-07T20:00,2026-08-07T19:00,delivered,683.1,679.0,675.0,423.5,259.6,0.0,0.0,683.1,8.1
2026-08-07,42,20,2026-08,2026-08-07T20:30,2026-08-07T19:30,delivered,648.8,646.2,643.6,402.3,246.5,0.0,0.0,648.8,5.2
2026-08-07,43,21,2026-08,2026-08-07T21:00,2026-08-07T20:00,delivered,618.3,616.3,614.3,383.4,234.9,0.0,0.0,618.3,4.0
2026-08-07,44,21,2026-08,2026-08-07T21:30,2026-08-07T20:30,delivered,594.4,591.9,589.4,368.6,225.8,0.0,0.0,594.4,5.0
2026-08-07,45,22,2026-08,2026-08-07T22:00,2026-08-07T21:00,delivered,575.9,575.1,574.2,357.1,218.8,0.0,0.0,575.9,1.7
2026-08-07,46,22,2026-08,2026-08-07T22:30,2026-08-07T21:30,delivered,559.1,557.5,556.0,346.6,212.5,0.0,0.0,559.1,3.1
2026-08-07,47,23,2026-08,2026-08-07T23:00,2026-08-07T22:00,delivered,553.9,553.2,552.6,343.4,210.5,0.0,0.0,553.9,1.3
2026-08-07,48,23,2026-08,2026-08-07T23:30,2026-08-07T22:30,delivered,544.1,545.4,546.7,337.3,206.8,1.8,0.0,545.9,-0.8
2026-08-08,1,0,2026-08,2026-08-08T00:00,2026-08-07T23:00,delivered,515.2,517.5,519.8,319.4,195.8,2.6,0.0,517.8,-2.0
2026-08-08,2,0,2026-08,2026-08-08T00:30,2026-08-07T23:30,delivered,523.9,521.3,518.6,324.8,199.1,0.0,0.0,523.9,5.3
2026-08-08,3,1,2026-08,2026-08-08T01:00,2026-08-08T00:00,delivered,516.1,517.7,519.3,320.0,196.1,2.5,0.0,518.6,-0.7
2026-08-08,4,1,2026-08,2026-08-08T01:30,2026-08-08T00:30,delivered,513.1,515.1,517.2,318.1,195.0,2.4,0.0,515.5,-1.7
2026-08-08,5,2,2026-08,2026-08-08T02:00,2026-08-08T01:00,delivered,513.3,516.1,518.8,318.3,195.0,3.0,0.0,516.3,-2.5
2026-08-08,6,2,2026-08,2026-08-08T02:30,2026-08-08T01:30,delivered,514.0,512.5,511.1,318.7,195.3,0.0,0.0,514.0,2.9
2026-08-08,7,3,2026-08,2026-08-08T03:00,2026-08-08T02:00,delivered,517.6,518.8,520.1,320.9,196.7,1.8,0.0,519.4,-0.7
2026-08-08,8,3,2026-08,2026-08-08T03:30,2026-08-08T02:30,delivered,512.6,511.8,511.0,317.8,194.8,0.0,0.0,512.6,1.6
2026-08-08,9,4,2026-08,2026-08-08T04:00,2026-08-08T03:00,delivered,518.0,516.8,515.7,321.2,196.8,0.0,0.0,518.0,2.3
2026-08-08,10,4,2026-08,2026-08-08T04:30,2026-08-08T03:30,delivered,522.8,519.4,516.0,324.2,198.6,0.0,0.0,522.8,6.8
2026-08-08,11,5,2026-08,2026-08-08T05:00,2026-08-08T04:00,delivered,521.1,521.3,521.6,323.1,198.0,0.3,0.0,521.4,-0.2
2026-08-08,12,5,2026-08,2026-08-08T05:30,2026-08-08T04:30,delivered,532.6,531.4,530.1,330.2,202.4,0.0,0.0,532.6,2.5
2026-08-08,13,6,2026-08,2026-08-08T06:00,2026-08-08T05:00,delivered,544.1,543.9,543.6,337.4,206.7,0.0,0.0,544.1,0.5
2026-08-08,14,6,2026-08,2026-08-08T06:30,2026-08-08T05:30,delivered,547.8,548.2,548.5,339.7,208.1,0.6,0.0,548.4,-0.1
2026-08-08,15,7,2026-08,2026-08-08T07:00,2026-08-08T06:00,delivered,555.5,556.2,556.8,344.4,211.1,0.9,0.0,556.4,-0.4
2026-08-08,16,7,2026-08,2026-08-08T07:30,2026-08-08T06:30,delivered,567.7,566.0,564.4,352.0,215.7,0.0,0.0,567.7,3.3
2026-08-08,17,8,2026-08,2026-08-08T08:00,2026-08-08T07:00,delivered,575.4,572.9,570.5,356.8,218.6,0.0,0.0,575.4,4.9
2026-08-08,18,8,2026-08,2026-08-08T08:30,2026-08-08T07:30,delivered,584.9,584.9,584.9,362.7,222.2,0.0,0.0,584.9,-0.0
2026-08-08,19,9,2026-08,2026-08-08T09:00,2026-08-08T08:00,delivered,587.9,586.6,585.3,364.5,223.4,0.0,0.0,587.9,2.6
2026-08-08,20,9,2026-08,2026-08-08T09:30,2026-08-08T08:30,delivered,590.2,591.5,592.7,365.9,224.3,1.5,0.0,591.7,-1.0
2026-08-08,21,10,2026-08,2026-08-08T10:00,2026-08-08T09:00,delivered,597.4,596.4,595.4,370.4,227.0,0.0,0.0,597.4,2.0
2026-08-08,22,10,2026-08,2026-08-08T10:30,2026-08-08T09:30,delivered,594.1,596.7,599.3,368.3,225.8,4.2,0.0,598.3,-1.0
2026-08-08,23,11,2026-08,2026-08-08T11:00,2026-08-08T10:00,delivered,604.7,603.6,602.4,374.9,229.8,0.0,0.0,604.7,2.3
2026-08-08,24,11,2026-08,2026-08-08T11:30,2026-08-08T10:30,delivered,608.1,607.1,606.1,377.0,231.1,0.0,0.0,608.1,2.0
2026-08-08,25,12,2026-08,2026-08-08T12:00,2026-08-08T11:00,delivered,610.4,611.3,612.1,378.4,232.0,1.5,0.0,611.9,-0.2
2026-08-08,26,12,2026-08,2026-08-08T12:30,2026-08-08T11:30,delivered,619.7,616.1,612.4,384.2,235.5,0.0,0.0,619.7,7.3
2026-08-08,27,13,2026-08,2026-08-08T13:00,2026-08-08T12:00,delivered,614.9,615.7,616.4,381.3,233.6,1.2,0.0,616.1,-0.3
2026-08-08,28,13,2026-08,2026-08-08T13:30,2026-08-08T12:30,delivered,616.3,614.5,612.8,382.1,234.2,0.0,0.0,616.3,3.5
2026-08-08,29,14,2026-08,2026-08-08T14:00,2026-08-08T13:00,delivered,626.3,623.2,620.1,388.3,238.0,0.0,0.0,626.3,6.2
2026-08-08,30,14,2026-08,2026-08-08T14:30,2026-08-08T13:30,delivered,621.3,620.5,619.6,385.2,236.1,0.0,0.0,621.3,1.7
2026-08-08,31,15,2026-08,2026-08-08T15:00,2026-08-08T14:00,delivered,612.6,611.8,611.0,379.8,232.8,0.0,0.0,612.6,1.6
2026-08-08,32,15,2026-08,2026-08-08T15:30,2026-08-08T14:30,delivered,610.9,616.2,621.6,378.7,232.2,8.4,0.0,619.3,-2.3
2026-08-08,33,16,2026-08,2026-08-08T16:00,2026-08-08T15:00,delivered,615.8,616.2,616.7,381.8,234.0,0.8,0.0,616.6,-0.1
2026-08-08,34,16,2026-08,2026-08-08T16:30,2026-08-08T15:30,delivered,617.9,611.7,605.6,383.1,234.8,0.0,0.0,617.9,12.3
2026-08-08,35,17,2026-08,2026-08-08T17:00,2026-08-08T16:00,delivered,603.3,607.2,611.2,374.1,229.2,6.1,0.0,609.4,-1.8
2026-08-08,36,17,2026-08,2026-08-08T17:30,2026-08-08T16:30,delivered,602.6,602.2,601.8,373.6,229.0,0.0,0.0,602.6,0.8
2026-08-08,37,18,2026-08,2026-08-08T18:00,2026-08-08T17:00,delivered,608.1,608.4,608.6,377.0,231.1,0.4,0.0,608.5,-0.1
2026-08-08,38,18,2026-08,2026-08-08T18:30,2026-08-08T17:30,delivered,595.3,598.5,601.7,369.1,226.2,5.6,0.0,600.9,-0.8
2026-08-08,39,19,2026-08,2026-08-08T19:00,2026-08-08T18:00,delivered,598.7,597.0,595.3,371.2,227.5,0.0,0.0,598.7,3.4
2026-08-08,40,19,2026-08,2026-08-08T19:30,2026-08-08T18:30,delivered,591.4,592.5,593.7,366.7,224.7,2.1,0.0,593.5,-0.2
2026-08-08,41,20,2026-08,2026-08-08T20:00,2026-08-08T19:00,delivered,584.0,586.3,588.5,362.1,221.9,3.8,0.0,587.8,-0.7
2026-08-08,42,20,2026-08,2026-08-08T20:30,2026-08-08T19:30,delivered,582.7,582.0,581.3,361.3,221.4,0.0,0.0,582.7,1.4
2026-08-08,43,21,2026-08,2026-08-08T21:00,2026-08-08T20:00,delivered,571.8,571.7,571.5,354.5,217.3,0.0,0.0,571.8,0.3
2026-08-08,44,21,2026-08,2026-08-08T21:30,2026-08-08T20:30,delivered,564.2,561.5,558.9,349.8,214.4,0.0,0.0,564.2,5.3
2026-08-08,45,22,2026-08,2026-08-08T22:00,2026-08-08T21:00,delivered,542.7,545.1,547.6,336.5,206.2,3.6,0.0,546.3,-1.3
2026-08-08,46,22,2026-08,2026-08-08T22:30,2026-08-08T21:30,delivered,535.6,537.4,539.1,332.1,203.5,2.9,0.0,538.5,-0.6
2026-08-08,47,23,2026-08,2026-08-08T23:00,2026-08-08T22:00,delivered,530.2,530.8,531.5,328.7,201.5,1.0,0.0,531.2,-0.3
2026-08-08,48,23,2026-08,2026-08-08T23:30,2026-08-08T22:30,delivered,526.1,528.7,531.4,326.2,199.9,3.1,0.0,529.2,-2.2
2026-08-09,1,0,2026-08,2026-08-09T00:00,2026-08-08T23:00,delivered,509.7,511.0,512.3,316.0,193.7,2.2,0.0,511.9,-0.4
2026-08-09,2,0,2026-08,2026-08-09T00:30,2026-08-08T23:30,delivered,511.3,512.8,514.2,317.0,194.3,1.8,0.0,513.1,-1.1
2026-08-09,3,1,2026-08,2026-08-09T01:00,2026-08-09T00:00,delivered,510.0,510.8,511.6,316.2,193.8,1.0,0.0,511.0,-0.6
2026-08-09,4,1,2026-08,2026-08-09T01:30,2026-08-09T00:30,delivered,510.2,510.5,510.9,316.3,193.9,0.5,0.0,510.7,-0.2
2026-08-09,5,2,2026-08,2026-08-09T02:00,2026-08-09T01:00,delivered,517.0,516.3,515.6,320.6,196.4,0.0,0.0,517.0,1.4
2026-08-09,6,2,2026-08,2026-08-09T02:30,2026-08-09T01:30,delivered,509.6,510.3,511.0,316.0,193.6,1.1,0.0,510.7,-0.3
2026-08-09,7,3,2026-08,2026-08-09T03:00,2026-08-09T02:00,delivered,508.8,507.7,506.5,315.4,193.4,0.0,0.0,508.8,2.3
2026-08-09,8,3,2026-08,2026-08-09T03:30,2026-08-09T02:30,delivered,510.5,511.6,512.6,316.5,194.0,1.4,0.0,511.9,-0.7
2026-08-09,9,4,2026-08,2026-08-09T04:00,2026-08-09T03:00,delivered,509.5,510.7,511.9,315.9,193.6,2.1,0.0,511.6,-0.3
2026-08-09,10,4,2026-08,2026-08-09T04:30,2026-08-09T03:30,delivered,510.4,512.2,513.9,316.5,193.9,3.2,0.0,513.6,-0.3
2026-08-09,11,5,2026-08,2026-08-09T05:00,2026-08-09T04:00,delivered,513.7,513.1,512.6,318.5,195.2,0.0,0.0,513.7,1.1
2026-08-09,12,5,2026-08,2026-08-09T05:30,2026-08-09T04:30,delivered,522.4,522.9,523.4,323.9,198.5,0.6,0.0,523.0,-0.4
2026-08-09,13,6,2026-08,2026-08-09T06:00,2026-08-09T05:00,delivered,535.4,533.4,531.5,331.9,203.5,0.0,0.0,535.4,3.9
2026-08-09,14,6,2026-08,2026-08-09T06:30,2026-08-09T05:30,delivered,538.5,538.0,537.4,333.9,204.6,0.0,0.0,538.5,1.1
2026-08-09,15,7,2026-08,2026-08-09T07:00,2026-08-09T06:00,delivered,547.1,546.1,545.1,339.2,207.9,0.0,0.0,547.1,2.0
2026-08-09,16,7,2026-08,2026-08-09T07:30,2026-08-09T06:30,delivered,558.3,559.0,559.8,346.1,212.2,1.1,0.0,559.4,-0.4
2026-08-09,17,8,2026-08,2026-08-09T08:00,2026-08-09T07:00,delivered,568.1,568.8,569.4,352.2,215.9,0.9,0.0,569.0,-0.4
2026-08-09,18,8,2026-08,2026-08-09T08:30,2026-08-09T07:30,delivered,579.9,580.1,580.2,359.6,220.3,0.2,0.0,580.1,-0.1
2026-08-09,19,9,2026-08,2026-08-09T09:00,2026-08-09T08:00,delivered,581.7,581.9,582.2,360.6,221.1,0.4,0.0,582.1,-0.1
2026-08-09,20,9,2026-08,2026-08-09T09:30,2026-08-09T08:30,delivered,573.6,580.7,587.9,355.6,218.0,11.6,0.0,585.2,-2.7
2026-08-09,21,10,2026-08,2026-08-09T10:00,2026-08-09T09:00,delivered,593.5,592.2,590.8,368.0,225.5,0.0,0.0,593.5,2.7
2026-08-09,22,10,2026-08,2026-08-09T10:30,2026-08-09T09:30,delivered,593.9,594.9,596.0,368.2,225.7,1.8,0.0,595.7,-0.3
2026-08-09,23,11,2026-08,2026-08-09T11:00,2026-08-09T10:00,delivered,594.9,595.2,595.6,368.8,226.1,0.5,0.0,595.4,-0.2
2026-08-09,24,11,2026-08,2026-08-09T11:30,2026-08-09T10:30,delivered,599.0,599.2,599.5,371.4,227.6,0.5,0.0,599.5,-0.0
2026-08-09,25,12,2026-08,2026-08-09T12:00,2026-08-09T11:00,delivered,605.9,604.0,602.1,375.6,230.3,0.0,0.0,605.9,3.8
2026-08-09,26,12,2026-08,2026-08-09T12:30,2026-08-09T11:30,delivered,605.4,605.9,606.4,375.4,230.0,0.8,0.0,606.2,-0.2
2026-08-09,27,13,2026-08,2026-08-09T13:00,2026-08-09T12:00,delivered,611.9,610.1,608.3,379.4,232.5,0.0,0.0,611.9,3.6
2026-08-09,28,13,2026-08,2026-08-09T13:30,2026-08-09T12:30,delivered,610.6,612.1,613.6,378.5,232.1,2.2,0.0,612.8,-0.8
2026-08-09,29,14,2026-08,2026-08-09T14:00,2026-08-09T13:00,delivered,618.7,614.1,609.4,383.6,235.1,0.0,0.0,618.7,9.3
2026-08-09,30,14,2026-08,2026-08-09T14:30,2026-08-09T13:30,delivered,606.6,606.9,607.2,376.1,230.5,0.4,0.0,607.0,-0.2
2026-08-09,31,15,2026-08,2026-08-09T15:00,2026-08-09T14:00,delivered,605.7,607.2,608.6,375.5,230.2,1.9,0.0,607.6,-1.0
2026-08-09,32,15,2026-08,2026-08-09T15:30,2026-08-09T14:30,delivered,609.4,606.9,604.4,377.8,231.6,0.0,0.0,609.4,5.0
2026-08-09,33,16,2026-08,2026-08-09T16:00,2026-08-09T15:00,delivered,609.2,606.5,603.9,377.7,231.5,0.0,0.0,609.2,5.3
2026-08-09,34,16,2026-08,2026-08-09T16:30,2026-08-09T15:30,delivered,599.4,599.5,599.5,371.6,227.8,0.1,0.0,599.5,-0.0
2026-08-09,35,17,2026-08,2026-08-09T17:00,2026-08-09T16:00,delivered,591.9,595.3,598.6,367.0,224.9,4.2,0.0,596.1,-2.5
2026-08-09,36,17,2026-08,2026-08-09T17:30,2026-08-09T16:30,delivered,591.1,592.9,594.7,366.5,224.6,2.3,0.0,593.4,-1.3
2026-08-09,37,18,2026-08,2026-08-09T18:00,2026-08-09T17:00,delivered,594.4,596.0,597.5,368.5,225.9,2.7,0.0,597.1,-0.4
2026-08-09,38,18,2026-08,2026-08-09T18:30,2026-08-09T17:30,delivered,591.2,593.5,595.8,366.6,224.6,3.9,0.0,595.1,-0.7
2026-08-09,39,19,2026-08,2026-08-09T19:00,2026-08-09T18:00,delivered,581.0,585.2,589.5,360.2,220.8,7.3,0.0,588.3,-1.2
2026-08-09,40,19,2026-08,2026-08-09T19:30,2026-08-09T18:30,delivered,583.8,586.1,588.3,362.0,221.8,3.0,0.0,586.8,-1.5
2026-08-09,41,20,2026-08,2026-08-09T20:00,2026-08-09T19:00,delivered,581.7,579.0,576.3,360.7,221.0,0.0,0.0,581.7,5.4
2026-08-09,42,20,2026-08,2026-08-09T20:30,2026-08-09T19:30,delivered,579.8,574.7,569.6,359.5,220.3,0.0,0.0,579.8,10.2
2026-08-09,43,21,2026-08,2026-08-09T21:00,2026-08-09T20:00,delivered,557.1,558.8,560.6,345.4,211.7,2.1,0.0,559.2,-1.4
2026-08-09,44,21,2026-08,2026-08-09T21:30,2026-08-09T20:30,delivered,555.2,553.9,552.5,344.2,211.0,0.0,0.0,555.2,2.7
2026-08-09,45,22,2026-08,2026-08-09T22:00,2026-08-09T21:00,delivered,542.3,542.4,542.5,336.2,206.1,0.2,0.0,542.5,-0.0
2026-08-09,46,22,2026-08,2026-08-09T22:30,2026-08-09T21:30,delivered,534.4,532.9,531.4,331.3,203.1,0.0,0.0,534.4,3.0
2026-08-09,47,23,2026-08,2026-08-09T23:00,2026-08-09T22:00,delivered,532.3,531.2,530.1,330.0,202.3,0.0,0.0,532.3,2.2
2026-08-09,48,23,2026-08,2026-08-09T23:30,2026-08-09T22:30,delivered,519.4,519.6,519.7,322.0,197.4,0.2,0.0,519.6,-0.1
2026-08-10,1,0,2026-08,2026-08-10T00:00,2026-08-09T23:00,delivered,526.7,527.6,528.4,326.6,200.1,1.2,0.0,527.9,-0.5
2026-08-10,2,0,2026-08,2026-08-10T00:30,2026-08-09T23:30,delivered,527.9,528.4,528.9,327.3,200.6,0.6,0.0,528.5,-0.4
2026-08-10,3,1,2026-08,2026-08-10T01:00,2026-08-10T00:00,delivered,533.1,529.2,525.2,330.6,202.5,0.0,0.0,533.1,7.9
2026-08-10,4,1,2026-08,2026-08-10T01:30,2026-08-10T00:30,delivered,521.9,522.5,523.1,323.6,198.3,0.8,0.0,522.7,-0.4
2026-08-10,5,2,2026-08,2026-08-10T02:00,2026-08-10T01:00,delivered,520.3,523.1,525.8,322.6,197.7,4.6,0.0,524.9,-0.9
2026-08-10,6,2,2026-08,2026-08-10T02:30,2026-08-10T01:30,delivered,521.7,523.5,525.4,323.4,198.3,2.5,0.0,524.2,-1.2
2026-08-10,7,3,2026-08,2026-08-10T03:00,2026-08-10T02:00,delivered,526.4,524.7,522.9,326.4,200.0,0.0,0.0,526.4,3.5
2026-08-10,8,3,2026-08,2026-08-10T03:30,2026-08-10T02:30,delivered,517.8,518.9,520.0,321.0,196.8,1.2,0.0,519.0,-1.0
2026-08-10,9,4,2026-08,2026-08-10T04:00,2026-08-10T03:00,delivered,525.7,524.6,523.4,326.0,199.7,0.0,0.0,525.7,2.3
2026-08-10,10,4,2026-08,2026-08-10T04:30,2026-08-10T03:30,delivered,517.5,519.4,521.3,320.8,196.7,2.1,0.0,519.6,-1.7
2026-08-10,11,5,2026-08,2026-08-10T05:00,2026-08-10T04:00,delivered,529.7,526.2,522.8,328.4,201.3,0.0,0.0,529.7,6.9
2026-08-10,12,5,2026-08,2026-08-10T05:30,2026-08-10T04:30,delivered,541.7,541.8,541.9,335.9,205.8,0.1,0.0,541.8,-0.1
2026-08-10,13,6,2026-08,2026-08-10T06:00,2026-08-10T05:00,delivered,567.8,568.6,569.4,352.0,215.8,1.2,0.0,569.0,-0.4
2026-08-10,14,6,2026-08,2026-08-10T06:30,2026-08-10T05:30,delivered,617.7,614.7,611.8,383.0,234.7,0.0,0.0,617.7,5.9
2026-08-10,15,7,2026-08,2026-08-10T07:00,2026-08-10T06:00,delivered,651.7,653.6,655.4,404.1,247.6,2.9,0.0,654.6,-0.8
2026-08-10,16,7,2026-08,2026-08-10T07:30,2026-08-10T06:30,delivered,699.5,702.4,705.2,433.7,265.8,3.4,0.0,702.9,-2.3
2026-08-10,17,8,2026-08,2026-08-10T08:00,2026-08-10T07:00,delivered,735.4,739.5,743.6,455.9,279.5,5.5,0.0,740.9,-2.7
2026-08-10,18,8,2026-08,2026-08-10T08:30,2026-08-10T07:30,delivered,755.4,759.7,764.1,468.3,287.1,7.2,0.0,762.6,-1.5
2026-08-10,19,9,2026-08,2026-08-10T09:00,2026-08-10T08:00,delivered,780.1,778.6,777.2,483.7,296.4,0.0,0.0,780.1,2.9
2026-08-10,20,9,2026-08,2026-08-10T09:30,2026-08-10T08:30,delivered,777.1,777.7,778.3,481.8,295.3,0.7,0.0,777.8,-0.5
2026-08-10,21,10,2026-08,2026-08-10T10:00,2026-08-10T09:00,delivered,784.9,787.7,790.6,486.6,298.3,3.8,0.0,788.7,-1.9
2026-08-10,22,10,2026-08,2026-08-10T10:30,2026-08-10T09:30,delivered,790.9,790.9,790.9,490.4,300.5,0.0,0.0,790.9,-0.0
2026-08-10,23,11,2026-08,2026-08-10T11:00,2026-08-10T10:00,delivered,797.2,796.4,795.6,494.3,302.9,0.0,0.0,797.2,1.6
2026-08-10,24,11,2026-08,2026-08-10T11:30,2026-08-10T10:30,delivered,797.4,799.0,800.5,494.4,303.0,1.7,0.0,799.1,-1.4
2026-08-10,25,12,2026-08,2026-08-10T12:00,2026-08-10T11:00,delivered,812.5,808.5,804.5,503.7,308.8,0.0,0.0,812.5,8.0
2026-08-10,26,12,2026-08,2026-08-10T12:30,2026-08-10T11:30,delivered,810.5,812.8,815.2,502.5,308.0,3.7,0.0,814.2,-1.0
2026-08-10,27,13,2026-08,2026-08-10T13:00,2026-08-10T12:00,delivered,816.8,817.9,818.9,506.4,310.4,1.5,0.0,818.3,-0.6
2026-08-10,28,13,2026-08,2026-08-10T13:30,2026-08-10T12:30,delivered,826.7,822.8,818.9,512.5,314.2,0.0,0.0,826.7,7.8
2026-08-10,29,14,2026-08,2026-08-10T14:00,2026-08-10T13:00,delivered,831.4,826.1,820.7,515.5,315.9,0.0,0.0,831.4,10.7
2026-08-10,30,14,2026-08,2026-08-10T14:30,2026-08-10T13:30,delivered,813.9,817.6,821.2,504.6,309.3,4.1,0.0,818.0,-3.2
2026-08-10,31,15,2026-08,2026-08-10T15:00,2026-08-10T14:00,delivered,803.7,808.9,814.1,498.3,305.4,7.6,0.0,811.3,-2.8
2026-08-10,32,15,2026-08,2026-08-10T15:30,2026-08-10T14:30,delivered,816.4,815.2,814.0,506.1,310.3,0.0,0.0,816.4,2.4
2026-08-10,33,16,2026-08,2026-08-10T16:00,2026-08-10T15:00,delivered,813.2,812.4,811.6,504.2,309.0,0.0,0.0,813.2,1.6
2026-08-10,34,16,2026-08,2026-08-10T16:30,2026-08-10T15:30,delivered,804.3,801.2,798.1,498.7,305.6,0.0,0.0,804.3,6.2
2026-08-10,35,17,2026-08,2026-08-10T17:00,2026-08-10T16:00,delivered,780.7,785.1,789.6,484.0,296.7,4.9,0.0,785.6,-4.0
2026-08-10,36,17,2026-08,2026-08-10T17:30,2026-08-10T16:30,delivered,785.1,781.6,778.1,486.8,298.3,0.0,0.0,785.1,7.0
2026-08-10,37,18,2026-08,2026-08-10T18:00,2026-08-10T17:00,delivered,771.7,765.6,759.5,478.4,293.3,0.0,0.0,771.7,12.2
2026-08-10,38,18,2026-08,2026-08-10T18:30,2026-08-10T17:30,delivered,739.9,740.1,740.3,458.8,281.1,0.2,0.0,740.1,-0.2
2026-08-10,39,19,2026-08,2026-08-10T19:00,2026-08-10T18:00,delivered,708.4,713.7,718.9,439.2,269.2,7.0,0.0,715.4,-3.5
2026-08-10,40,19,2026-08,2026-08-10T19:30,2026-08-10T18:30,delivered,684.9,685.5,686.1,424.6,260.3,0.9,0.0,685.8,-0.3
2026-08-10,41,20,2026-08,2026-08-10T20:00,2026-08-10T19:00,delivered,652.5,657.1,661.7,404.5,248.0,5.8,0.0,658.3,-3.4
2026-08-10,42,20,2026-08,2026-08-10T20:30,2026-08-10T19:30,delivered,631.9,628.7,625.5,391.8,240.1,0.0,0.0,631.9,6.4
2026-08-10,43,21,2026-08,2026-08-10T21:00,2026-08-10T20:00,delivered,596.4,595.8,595.2,369.8,226.6,0.0,0.0,596.4,1.2
2026-08-10,44,21,2026-08,2026-08-10T21:30,2026-08-10T20:30,delivered,581.3,580.8,580.4,360.4,220.9,0.0,0.0,581.3,0.9
2026-08-10,45,22,2026-08,2026-08-10T22:00,2026-08-10T21:00,delivered,565.4,561.5,557.6,350.6,214.8,0.0,0.0,565.4,7.8
2026-08-10,46,22,2026-08,2026-08-10T22:30,2026-08-10T21:30,delivered,552.8,550.6,548.4,342.7,210.1,0.0,0.0,552.8,4.4
2026-08-10,47,23,2026-08,2026-08-10T23:00,2026-08-10T22:00,delivered,538.5,540.3,542.1,333.9,204.6,2.2,0.0,540.7,-1.4
2026-08-10,48,23,2026-08,2026-08-10T23:30,2026-08-10T22:30,delivered,537.7,535.5,533.3,333.4,204.3,0.0,0.0,537.7,4.4
2026-08-11,1,0,2026-08,2026-08-11T00:00,2026-08-10T23:00,delivered,524.0,523.8,523.6,324.9,199.1,0.0,0.0,524.0,0.4
2026-08-11,2,0,2026-08,2026-08-11T00:30,2026-08-10T23:30,delivered,524.2,524.2,524.3,325.0,199.2,0.0,0.0,524.2,-0.1
2026-08-11,3,1,2026-08,2026-08-11T01:00,2026-08-11T00:00,delivered,522.5,523.6,524.8,323.9,198.6,1.6,0.0,524.1,-0.7
2026-08-11,4,1,2026-08,2026-08-11T01:30,2026-08-11T00:30,delivered,519.4,521.8,524.2,322.0,197.4,4.0,0.0,523.4,-0.8
2026-08-11,5,2,2026-08,2026-08-11T02:00,2026-08-11T01:00,delivered,523.0,521.5,520.1,324.3,198.7,0.0,0.0,523.0,2.9
2026-08-11,6,2,2026-08,2026-08-11T02:30,2026-08-11T01:30,delivered,519.7,518.9,518.1,322.2,197.5,0.0,0.0,519.7,1.6
2026-08-11,7,3,2026-08,2026-08-11T03:00,2026-08-11T02:00,delivered,518.6,517.9,517.2,321.5,197.1,0.0,0.0,518.6,1.4
2026-08-11,8,3,2026-08,2026-08-11T03:30,2026-08-11T02:30,delivered,518.4,517.7,516.9,321.4,197.0,0.0,0.0,518.4,1.5
2026-08-11,9,4,2026-08,2026-08-11T04:00,2026-08-11T03:00,delivered,520.0,519.6,519.3,322.4,197.6,0.0,0.0,520.0,0.7
2026-08-11,10,4,2026-08,2026-08-11T04:30,2026-08-11T03:30,delivered,518.9,518.7,518.5,321.7,197.2,0.0,0.0,518.9,0.4
2026-08-11,11,5,2026-08,2026-08-11T05:00,2026-08-11T04:00,delivered,523.7,522.5,521.3,324.7,199.0,0.0,0.0,523.7,2.4
2026-08-11,12,5,2026-08,2026-08-11T05:30,2026-08-11T04:30,delivered,535.5,535.6,535.7,332.0,203.5,0.2,0.0,535.7,-0.0
2026-08-11,13,6,2026-08,2026-08-11T06:00,2026-08-11T05:00,delivered,561.0,562.1,563.3,347.8,213.2,1.3,0.0,562.3,-1.0
2026-08-11,14,6,2026-08,2026-08-11T06:30,2026-08-11T05:30,delivered,605.9,606.7,607.5,375.7,230.2,1.3,0.0,607.2,-0.3
2026-08-11,15,7,2026-08,2026-08-11T07:00,2026-08-11T06:00,delivered,651.1,652.0,652.9,403.7,247.4,1.3,0.0,652.4,-0.5
2026-08-11,16,7,2026-08,2026-08-11T07:30,2026-08-11T06:30,delivered,696.5,697.2,698.0,431.8,264.7,1.0,0.0,697.5,-0.5
2026-08-11,17,8,2026-08,2026-08-11T08:00,2026-08-11T07:00,delivered,742.9,739.9,736.8,460.6,282.3,0.0,0.0,742.9,6.1
2026-08-11,18,8,2026-08,2026-08-11T08:30,2026-08-11T07:30,delivered,762.6,760.4,758.3,472.8,289.8,0.0,0.0,762.6,4.3
2026-08-11,19,9,2026-08,2026-08-11T09:00,2026-08-11T08:00,delivered,762.7,763.7,764.6,472.9,289.8,1.3,0.0,764.0,-0.6
2026-08-11,20,9,2026-08,2026-08-11T09:30,2026-08-11T08:30,delivered,764.6,766.3,768.0,474.1,290.5,2.2,0.0,766.8,-1.2
2026-08-11,21,10,2026-08,2026-08-11T10:00,2026-08-11T09:00,delivered,774.8,779.6,784.3,480.4,294.4,5.6,0.0,780.4,-3.9
2026-08-11,22,10,2026-08,2026-08-11T10:30,2026-08-11T09:30,delivered,788.8,787.9,787.0,489.1,299.7,0.0,0.0,788.8,1.8
2026-08-11,23,11,2026-08,2026-08-11T11:00,2026-08-11T10:00,delivered,797.6,793.8,790.0,494.5,303.1,0.0,0.0,797.6,7.6
2026-08-11,24,11,2026-08,2026-08-11T11:30,2026-08-11T10:30,delivered,782.4,785.7,789.0,485.1,297.3,4.3,0.0,786.7,-2.3
2026-08-11,25,12,2026-08,2026-08-11T12:00,2026-08-11T11:00,delivered,804.1,801.4,798.7,498.6,305.5,0.0,0.0,804.1,5.4
2026-08-11,26,12,2026-08,2026-08-11T12:30,2026-08-11T11:30,delivered,801.3,805.7,810.0,496.8,304.5,6.0,0.0,807.3,-2.7
2026-08-11,27,13,2026-08,2026-08-11T13:00,2026-08-11T12:00,delivered,818.8,813.0,807.1,507.7,311.1,0.0,0.0,818.8,11.7
2026-08-11,28,13,2026-08,2026-08-11T13:30,2026-08-11T12:30,delivered,820.3,819.9,819.4,508.6,311.7,0.0,0.0,820.3,0.9
2026-08-11,29,14,2026-08,2026-08-11T14:00,2026-08-11T13:00,delivered,823.1,823.2,823.4,510.3,312.8,0.2,0.0,823.3,-0.1
2026-08-11,30,14,2026-08,2026-08-11T14:30,2026-08-11T13:30,delivered,813.5,813.1,812.7,504.4,309.1,0.0,0.0,813.5,0.8
2026-08-11,31,15,2026-08,2026-08-11T15:00,2026-08-11T14:00,delivered,813.9,813.0,812.2,504.6,309.3,0.0,0.0,813.9,1.7
2026-08-11,32,15,2026-08,2026-08-11T15:30,2026-08-11T14:30,delivered,819.1,811.4,803.7,507.8,311.3,0.0,0.0,819.1,15.4
2026-08-11,33,16,2026-08,2026-08-11T16:00,2026-08-11T15:00,delivered,810.6,803.2,795.9,502.6,308.0,0.0,0.0,810.6,14.7
2026-08-11,34,16,2026-08,2026-08-11T16:30,2026-08-11T15:30,delivered,798.5,799.7,800.9,495.0,303.5,1.6,0.0,800.1,-0.8
2026-08-11,35,17,2026-08,2026-08-11T17:00,2026-08-11T16:00,delivered,789.1,787.0,785.0,489.2,299.9,0.0,0.0,789.1,4.1
2026-08-11,36,17,2026-08,2026-08-11T17:30,2026-08-11T16:30,delivered,766.3,768.1,769.8,475.1,291.2,2.8,0.0,769.1,-0.7
2026-08-11,37,18,2026-08,2026-08-11T18:00,2026-08-11T17:00,delivered,748.3,752.8,757.2,464.0,284.3,6.0,0.0,754.3,-2.9
2026-08-11,38,18,2026-08,2026-08-11T18:30,2026-08-11T17:30,delivered,726.9,730.6,734.2,450.7,276.2,4.3,0.0,731.2,-3.0
2026-08-11,39,19,2026-08,2026-08-11T19:00,2026-08-11T18:00,delivered,719.2,714.7,710.1,445.9,273.3,0.0,0.0,719.2,9.1
2026-08-11,40,19,2026-08,2026-08-11T19:30,2026-08-11T18:30,delivered,683.0,683.4,683.8,423.4,259.6,0.6,0.0,683.6,-0.2
2026-08-11,41,20,2026-08,2026-08-11T20:00,2026-08-11T19:00,delivered,654.5,654.3,654.0,405.8,248.7,0.0,0.0,654.5,0.5
2026-08-11,42,20,2026-08,2026-08-11T20:30,2026-08-11T19:30,delivered,620.1,621.1,622.2,384.4,235.7,1.4,0.0,621.5,-0.7
2026-08-11,43,21,2026-08,2026-08-11T21:00,2026-08-11T20:00,delivered,600.1,598.0,595.9,372.0,228.1,0.0,0.0,600.1,4.2
2026-08-11,44,21,2026-08,2026-08-11T21:30,2026-08-11T20:30,delivered,572.2,571.6,571.0,354.7,217.5,0.0,0.0,572.2,1.2
2026-08-11,45,22,2026-08,2026-08-11T22:00,2026-08-11T21:00,delivered,553.7,554.7,555.7,343.3,210.4,1.7,0.0,555.4,-0.3
2026-08-11,46,22,2026-08,2026-08-11T22:30,2026-08-11T21:30,delivered,538.4,539.9,541.4,333.8,204.6,2.5,0.0,540.9,-0.5
2026-08-11,47,23,2026-08,2026-08-11T23:00,2026-08-11T22:00,delivered,535.3,533.5,531.6,331.9,203.4,0.0,0.0,535.3,3.7
2026-08-11,48,23,2026-08,2026-08-11T23:30,2026-08-11T22:30,delivered,530.5,529.2,528.0,328.9,201.6,0.0,0.0,530.5,2.5
2026-08-12,1,0,2026-08,2026-08-12T00:00,2026-08-11T23:00,delivered,540.0,539.3,538.5,334.8,205.2,0.0,0.0,540.0,1.5
2026-08-12,2,0,2026-08,2026-08-12T00:30,2026-08-11T23:30,delivered,536.1,536.3,536.5,332.4,203.7,0.2,0.0,536.3,-0.2
2026-08-12,3,1,2026-08,2026-08-12T01:00,2026-08-12T00:00,delivered,537.4,536.0,534.6,333.2,204.2,0.0,0.0,537.4,2.8
2026-08-12,4,1,2026-08,2026-08-12T01:30,2026-08-12T00:30,delivered,532.1,532.8,533.4,329.9,202.2,1.1,0.0,533.2,-0.2
2026-08-12,5,2,2026-08,2026-08-12T02:00,2026-08-12T01:00,delivered,532.4,532.7,533.1,330.1,202.3,0.4,0.0,532.8,-0.3
2026-08-12,6,2,2026-08,2026-08-12T02:30,2026-08-12T01:30,delivered,528.2,530.6,533.1,327.5,200.7,3.2,0.0,531.4,-1.7
2026-08-12,7,3,2026-08,2026-08-12T03:00,2026-08-12T02:00,delivered,524.8,527.8,530.8,325.4,199.4,5.0,0.0,529.8,-1.0
2026-08-12,8,3,2026-08,2026-08-12T03:30,2026-08-12T02:30,delivered,527.2,529.2,531.2,326.9,200.3,3.4,0.0,530.6,-0.6
2026-08-12,9,4,2026-08,2026-08-12T04:00,2026-08-12T03:00,delivered,524.7,525.1,525.5,325.3,199.4,0.6,0.0,525.3,-0.2
2026-08-12,10,4,2026-08,2026-08-12T04:30,2026-08-12T03:30,delivered,521.4,522.2,523.0,323.3,198.1,1.3,0.0,522.7,-0.3
2026-08-12,11,5,2026-08,2026-08-12T05:00,2026-08-12T04:00,delivered,538.9,536.7,534.4,334.1,204.8,0.0,0.0,538.9,4.5
2026-08-12,12,5,2026-08,2026-08-12T05:30,2026-08-12T04:30,delivered,552.5,549.2,545.9,342.6,209.9,0.0,0.0,552.5,6.6
2026-08-12,13,6,2026-08,2026-08-12T06:00,2026-08-12T05:00,delivered,575.2,575.2,575.2,356.6,218.6,0.0,0.0,575.2,0.0
2026-08-12,14,6,2026-08,2026-08-12T06:30,2026-08-12T05:30,delivered,618.1,617.6,617.0,383.3,234.8,0.0,0.0,618.1,1.1
2026-08-12,15,7,2026-08,2026-08-12T07:00,2026-08-12T06:00,delivered,664.4,665.9,667.3,411.9,252.5,2.1,0.0,666.5,-0.8
2026-08-12,16,7,2026-08,2026-08-12T07:30,2026-08-12T06:30,delivered,711.5,714.8,718.2,441.1,270.4,5.8,0.0,717.3,-0.9
2026-08-12,17,8,2026-08,2026-08-12T08:00,2026-08-12T07:00,delivered,749.9,751.2,752.6,464.9,285.0,1.7,0.0,751.6,-1.0
2026-08-12,18,8,2026-08,2026-08-12T08:30,2026-08-12T07:30,delivered,764.5,768.3,772.1,474.0,290.5,5.1,0.0,769.6,-2.5
2026-08-12,19,9,2026-08,2026-08-12T09:00,2026-08-12T08:00,delivered,782.6,783.0,783.4,485.2,297.4,0.6,0.0,783.2,-0.2
2026-08-12,20,9,2026-08,2026-08-12T09:30,2026-08-12T08:30,delivered,797.2,795.5,793.8,494.2,303.0,0.0,0.0,797.2,3.4
2026-08-12,21,10,2026-08,2026-08-12T10:00,2026-08-12T09:00,delivered,797.6,796.3,795.0,494.5,303.1,0.0,0.0,797.6,2.6
2026-08-12,22,10,2026-08,2026-08-12T10:30,2026-08-12T09:30,delivered,797.0,799.4,801.8,494.2,302.8,4.1,0.0,801.1,-0.7
2026-08-12,23,11,2026-08,2026-08-12T11:00,2026-08-12T10:00,delivered,797.8,800.6,803.3,494.6,303.2,4.8,0.0,802.6,-0.7
2026-08-12,24,11,2026-08,2026-08-12T11:30,2026-08-12T10:30,delivered,798.3,804.0,809.7,495.0,303.3,8.7,0.0,807.0,-2.7
2026-08-12,25,12,2026-08,2026-08-12T12:00,2026-08-12T11:00,delivered,816.2,817.9,819.5,506.1,310.1,2.2,0.0,818.4,-1.1
2026-08-12,26,12,2026-08,2026-08-12T12:30,2026-08-12T11:30,delivered,820.8,821.3,821.9,508.9,311.9,1.0,0.0,821.8,-0.1
2026-08-12,27,13,2026-08,2026-08-12T13:00,2026-08-12T12:00,delivered,817.9,823.1,828.2,507.1,310.8,6.8,0.0,824.7,-3.5
2026-08-12,28,13,2026-08,2026-08-12T13:30,2026-08-12T12:30,delivered,828.4,831.6,834.8,513.6,314.8,5.2,0.0,833.6,-1.2
2026-08-12,29,14,2026-08,2026-08-12T14:00,2026-08-12T13:00,delivered,823.8,827.1,830.4,510.7,313.1,4.7,0.0,828.5,-1.9
2026-08-12,30,14,2026-08,2026-08-12T14:30,2026-08-12T13:30,delivered,821.8,824.6,827.5,509.5,312.3,3.6,0.0,825.4,-2.1
2026-08-12,31,15,2026-08,2026-08-12T15:00,2026-08-12T14:00,delivered,828.4,826.9,825.3,513.6,314.8,0.0,0.0,828.4,3.1
2026-08-12,32,15,2026-08,2026-08-12T15:30,2026-08-12T14:30,delivered,805.6,814.2,822.9,499.5,306.1,11.9,0.0,817.5,-5.4
2026-08-12,33,16,2026-08,2026-08-12T16:00,2026-08-12T15:00,delivered,827.8,823.4,818.9,513.3,314.5,0.0,0.0,827.8,8.9
2026-08-12,34,16,2026-08,2026-08-12T16:30,2026-08-12T15:30,delivered,806.0,807.8,809.7,499.7,306.3,2.1,0.0,808.1,-1.6
2026-08-12,35,17,2026-08,2026-08-12T17:00,2026-08-12T16:00,delivered,794.4,797.3,800.1,492.5,301.9,4.4,0.0,798.8,-1.3
2026-08-12,36,17,2026-08,2026-08-12T17:30,2026-08-12T16:30,delivered,787.7,788.4,789.0,488.4,299.3,0.8,0.0,788.5,-0.5
2026-08-12,37,18,2026-08,2026-08-12T18:00,2026-08-12T17:00,delivered,777.6,775.3,773.1,482.1,295.5,0.0,0.0,777.6,4.5
2026-08-12,38,18,2026-08,2026-08-12T18:30,2026-08-12T17:30,delivered,732.0,739.3,746.7,453.8,278.2,8.6,0.0,740.6,-6.1
2026-08-12,39,19,2026-08,2026-08-12T19:00,2026-08-12T18:00,delivered,730.0,727.8,725.6,452.6,277.4,0.0,0.0,730.0,4.4
2026-08-12,40,19,2026-08,2026-08-12T19:30,2026-08-12T18:30,delivered,693.9,693.4,693.0,430.2,263.7,0.0,0.0,693.9,0.9
2026-08-12,41,20,2026-08,2026-08-12T20:00,2026-08-12T19:00,delivered,666.4,665.5,664.7,413.1,253.3,0.0,0.0,666.4,1.7
2026-08-12,42,20,2026-08,2026-08-12T20:30,2026-08-12T19:30,delivered,629.7,632.9,636.1,390.4,239.3,3.9,0.0,633.6,-2.5
2026-08-12,43,21,2026-08,2026-08-12T21:00,2026-08-12T20:00,delivered,609.5,609.9,610.2,377.9,231.6,0.6,0.0,610.1,-0.1
2026-08-12,44,21,2026-08,2026-08-12T21:30,2026-08-12T20:30,delivered,589.6,586.8,584.0,365.5,224.1,0.0,0.0,589.6,5.6
2026-08-12,45,22,2026-08,2026-08-12T22:00,2026-08-12T21:00,delivered,565.8,567.7,569.6,350.8,215.0,2.7,0.0,568.5,-1.1
2026-08-12,46,22,2026-08,2026-08-12T22:30,2026-08-12T21:30,delivered,559.4,557.6,555.7,346.8,212.6,0.0,0.0,559.4,3.7
2026-08-12,47,23,2026-08,2026-08-12T23:00,2026-08-12T22:00,delivered,539.8,540.2,540.6,334.7,205.1,0.6,0.0,540.4,-0.2
2026-08-12,48,23,2026-08,2026-08-12T23:30,2026-08-12T22:30,delivered,533.5,536.7,539.9,330.7,202.8,3.6,0.0,537.1,-2.8
2026-08-13,1,0,2026-08,2026-08-13T00:00,2026-08-12T23:00,delivered,542.1,542.7,543.3,336.1,206.0,0.8,0.0,542.9,-0.4
2026-08-13,2,0,2026-08,2026-08-13T00:30,2026-08-12T23:30,delivered,538.0,539.9,541.8,333.5,204.5,2.5,0.0,540.5,-1.3
2026-08-13,3,1,2026-08,2026-08-13T01:00,2026-08-13T00:00,delivered,532.3,534.2,536.2,330.0,202.3,2.5,0.0,534.8,-1.4
2026-08-13,4,1,2026-08,2026-08-13T01:30,2026-08-13T00:30,delivered,541.1,540.3,539.5,335.5,205.6,0.0,0.0,541.1,1.6
2026-08-13,5,2,2026-08,2026-08-13T02:00,2026-08-13T01:00,delivered,543.1,539.8,536.4,336.7,206.4,0.0,0.0,543.1,6.7
2026-08-13,6,2,2026-08,2026-08-13T02:30,2026-08-13T01:30,delivered,532.0,535.5,539.0,329.8,202.2,4.7,0.0,536.7,-2.3
2026-08-13,7,3,2026-08,2026-08-13T03:00,2026-08-13T02:00,delivered,529.5,530.7,531.9,328.3,201.2,2.0,0.0,531.5,-0.4
2026-08-13,8,3,2026-08,2026-08-13T03:30,2026-08-13T02:30,delivered,530.1,532.7,535.4,328.7,201.4,4.1,0.0,534.2,-1.2
2026-08-13,9,4,2026-08,2026-08-13T04:00,2026-08-13T03:00,delivered,535.9,533.7,531.4,332.3,203.6,0.0,0.0,535.9,4.5
2026-08-13,10,4,2026-08,2026-08-13T04:30,2026-08-13T03:30,delivered,531.6,531.5,531.5,329.6,202.0,0.0,0.0,531.6,0.1
2026-08-13,11,5,2026-08,2026-08-13T05:00,2026-08-13T04:00,delivered,539.3,538.4,537.6,334.4,204.9,0.0,0.0,539.3,1.7
2026-08-13,12,5,2026-08,2026-08-13T05:30,2026-08-13T04:30,delivered,545.0,548.4,551.7,337.9,207.1,4.4,0.0,549.4,-2.3
2026-08-13,13,6,2026-08,2026-08-13T06:00,2026-08-13T05:00,delivered,580.6,581.7,582.9,359.9,220.7,2.0,0.0,582.6,-0.3
2026-08-13,14,6,2026-08,2026-08-13T06:30,2026-08-13T05:30,delivered,617.2,624.9,632.7,382.6,234.6,10.7,0.0,627.9,-4.8
2026-08-13,15,7,2026-08,2026-08-13T07:00,2026-08-13T06:00,delivered,676.5,676.0,675.5,419.4,257.1,0.0,0.0,676.5,1.0
2026-08-13,16,7,2026-08,2026-08-13T07:30,2026-08-13T06:30,delivered,724.5,726.6,728.7,449.2,275.3,3.1,0.0,727.6,-1.1
2026-08-13,17,8,2026-08,2026-08-13T08:00,2026-08-13T07:00,delivered,760.6,759.2,757.9,471.6,289.0,0.0,0.0,760.6,2.7
2026-08-13,18,8,2026-08,2026-08-13T08:30,2026-08-13T07:30,delivered,775.2,777.6,779.9,480.6,294.6,2.6,0.0,777.8,-2.1
2026-08-13,19,9,2026-08,2026-08-13T09:00,2026-08-13T08:00,delivered,793.7,792.6,791.5,492.1,301.6,0.0,0.0,793.7,2.2
2026-08-13,20,9,2026-08,2026-08-13T09:30,2026-08-13T08:30,delivered,798.1,800.0,801.8,494.8,303.3,2.7,0.0,800.8,-1.0
2026-08-13,21,10,2026-08,2026-08-13T10:00,2026-08-13T09:00,delivered,808.4,805.7,803.0,501.2,307.2,0.0,0.0,808.4,5.4
2026-08-13,22,10,2026-08,2026-08-13T10:30,2026-08-13T09:30,delivered,807.0,804.0,801.1,500.3,306.7,0.0,0.0,807.0,5.9
2026-08-13,23,11,2026-08,2026-08-13T11:00,2026-08-13T10:00,delivered,821.1,817.6,814.1,509.1,312.0,0.0,0.0,821.1,7.0
2026-08-13,24,11,2026-08,2026-08-13T11:30,2026-08-13T10:30,delivered,817.1,820.3,823.4,506.6,310.5,5.6,0.0,822.7,-0.7
2026-08-13,25,12,2026-08,2026-08-13T12:00,2026-08-13T11:00,delivered,824.6,827.9,831.2,511.2,313.4,5.9,0.0,830.5,-0.7
2026-08-13,26,12,2026-08,2026-08-13T12:30,2026-08-13T11:30,delivered,832.1,833.1,834.1,515.9,316.2,1.5,0.0,833.6,-0.5
2026-08-13,27,13,2026-08,2026-08-13T13:00,2026-08-13T12:00,delivered,853.7,849.5,845.2,529.3,324.4,0.0,0.0,853.7,8.5
2026-08-13,28,13,2026-08,2026-08-13T13:30,2026-08-13T12:30,delivered,851.1,848.6,846.0,527.7,323.4,0.0,0.0,851.1,5.1
2026-08-13,29,14,2026-08,2026-08-13T14:00,2026-08-13T13:00,delivered,850.1,844.4,838.6,527.0,323.1,0.0,0.0,850.1,11.5
2026-08-13,30,14,2026-08,2026-08-13T14:30,2026-08-13T13:30,delivered,837.4,840.1,842.8,519.2,318.2,3.9,0.0,841.3,-1.5
2026-08-13,31,15,2026-08,2026-08-13T15:00,2026-08-13T14:00,delivered,830.1,831.2,832.3,514.6,315.5,1.6,0.0,831.7,-0.6
2026-08-13,32,15,2026-08,2026-08-13T15:30,2026-08-13T14:30,delivered,841.9,837.7,833.4,522.0,319.9,0.0,0.0,841.9,8.5
2026-08-13,33,16,2026-08,2026-08-13T16:00,2026-08-13T15:00,delivered,830.0,827.0,824.0,514.6,315.4,0.0,0.0,830.0,6.0
2026-08-13,34,16,2026-08,2026-08-13T16:30,2026-08-13T15:30,delivered,813.4,817.5,821.7,504.3,309.1,5.8,0.0,819.2,-2.5
2026-08-13,35,17,2026-08,2026-08-13T17:00,2026-08-13T16:00,delivered,814.7,814.0,813.3,505.1,309.6,0.0,0.0,814.7,1.4
2026-08-13,36,17,2026-08,2026-08-13T17:30,2026-08-13T16:30,delivered,796.0,796.9,797.8,493.5,302.5,1.6,0.0,797.6,-0.2
2026-08-13,37,18,2026-08,2026-08-13T18:00,2026-08-13T17:00,delivered,775.0,777.1,779.3,480.5,294.5,3.5,0.0,778.5,-0.8
2026-08-13,38,18,2026-08,2026-08-13T18:30,2026-08-13T17:30,delivered,747.8,755.8,763.9,463.6,284.2,11.2,0.0,759.0,-4.9
2026-08-13,39,19,2026-08,2026-08-13T19:00,2026-08-13T18:00,delivered,729.5,732.3,735.1,452.3,277.2,5.0,0.0,734.5,-0.6
2026-08-13,40,19,2026-08,2026-08-13T19:30,2026-08-13T18:30,delivered,695.9,703.2,710.4,431.5,264.4,9.4,0.0,705.3,-5.1
2026-08-13,41,20,2026-08,2026-08-13T20:00,2026-08-13T19:00,delivered,663.7,668.1,672.5,411.5,252.2,5.0,0.0,668.7,-3.8
2026-08-13,42,20,2026-08,2026-08-13T20:30,2026-08-13T19:30,delivered,639.5,638.0,636.5,396.5,243.0,0.0,0.0,639.5,3.0
2026-08-13,43,21,2026-08,2026-08-13T21:00,2026-08-13T20:00,delivered,616.5,613.5,610.4,382.2,234.3,0.0,0.0,616.5,6.1
2026-08-13,44,21,2026-08,2026-08-13T21:30,2026-08-13T20:30,delivered,591.8,591.8,591.8,366.9,224.9,0.0,0.0,591.8,0.0
2026-08-13,45,22,2026-08,2026-08-13T22:00,2026-08-13T21:00,delivered,577.7,576.8,576.0,358.2,219.5,0.0,0.0,577.7,1.7
2026-08-13,46,22,2026-08,2026-08-13T22:30,2026-08-13T21:30,delivered,569.2,566.0,562.9,352.9,216.3,0.0,0.0,569.2,6.3
2026-08-13,47,23,2026-08,2026-08-13T23:00,2026-08-13T22:00,delivered,545.9,547.7,549.5,338.5,207.4,2.6,0.0,548.5,-1.0
2026-08-13,48,23,2026-08,2026-08-13T23:30,2026-08-13T22:30,delivered,545.5,548.3,551.2,338.2,207.3,4.8,0.0,550.3,-0.9
2026-08-14,1,0,2026-08,2026-08-14T00:00,2026-08-13T23:00,delivered,541.1,539.4,537.6,335.5,205.6,0.0,0.0,541.1,3.5
2026-08-14,2,0,2026-08,2026-08-14T00:30,2026-08-13T23:30,delivered,533.6,536.5,539.3,330.8,202.8,4.4,0.0,538.0,-1.3
2026-08-14,3,1,2026-08,2026-08-14T01:00,2026-08-14T00:00,delivered,533.1,533.8,534.5,330.5,202.6,0.9,0.0,534.0,-0.5
2026-08-14,4,1,2026-08,2026-08-14T01:30,2026-08-14T00:30,delivered,535.2,534.8,534.5,331.8,203.4,0.0,0.0,535.2,0.7
2026-08-14,5,2,2026-08,2026-08-14T02:00,2026-08-14T01:00,delivered,535.9,537.8,539.6,332.2,203.7,2.6,0.0,538.5,-1.1
2026-08-14,6,2,2026-08,2026-08-14T02:30,2026-08-14T01:30,delivered,533.3,535.8,538.4,330.6,202.7,4.4,0.0,537.7,-0.7
2026-08-14,7,3,2026-08,2026-08-14T03:00,2026-08-14T02:00,delivered,534.2,533.9,533.6,331.2,203.0,0.0,0.0,534.2,0.6
2026-08-14,8,3,2026-08,2026-08-14T03:30,2026-08-14T02:30,delivered,530.6,530.8,531.0,329.0,201.6,0.2,0.0,530.8,-0.2
2026-08-14,9,4,2026-08,2026-08-14T04:00,2026-08-14T03:00,delivered,534.9,532.9,530.9,331.6,203.3,0.0,0.0,534.9,4.0
2026-08-14,10,4,2026-08,2026-08-14T04:30,2026-08-14T03:30,delivered,530.4,529.6,528.7,328.9,201.5,0.0,0.0,530.4,1.7
2026-08-14,11,5,2026-08,2026-08-14T05:00,2026-08-14T04:00,delivered,544.6,543.0,541.4,337.7,206.9,0.0,0.0,544.6,3.2
2026-08-14,12,5,2026-08,2026-08-14T05:30,2026-08-14T04:30,delivered,547.6,550.1,552.5,339.5,208.1,3.7,0.0,551.3,-1.2
2026-08-14,13,6,2026-08,2026-08-14T06:00,2026-08-14T05:00,delivered,581.4,579.1,576.8,360.5,220.9,0.0,0.0,581.4,4.6
2026-08-14,14,6,2026-08,2026-08-14T06:30,2026-08-14T05:30,delivered,618.3,620.6,622.9,383.4,234.9,2.8,0.0,621.1,-1.8
2026-08-14,15,7,2026-08,2026-08-14T07:00,2026-08-14T06:00,delivered,667.8,668.8,669.8,414.0,253.8,1.4,0.0,669.2,-0.6
2026-08-14,16,7,2026-08,2026-08-14T07:30,2026-08-14T06:30,delivered,722.7,726.5,730.4,448.1,274.6,4.7,0.0,727.4,-3.0
2026-08-14,17,8,2026-08,2026-08-14T08:00,2026-08-14T07:00,delivered,748.9,753.8,758.8,464.3,284.6,6.7,0.0,755.6,-3.2
2026-08-14,18,8,2026-08,2026-08-14T08:30,2026-08-14T07:30,delivered,779.8,781.7,783.7,483.5,296.3,3.2,0.0,783.0,-0.7
2026-08-14,19,9,2026-08,2026-08-14T09:00,2026-08-14T08:00,delivered,793.6,793.9,794.2,492.0,301.6,0.5,0.0,794.1,-0.1
2026-08-14,20,9,2026-08,2026-08-14T09:30,2026-08-14T08:30,delivered,788.2,790.2,792.3,488.7,299.5,3.1,0.0,791.3,-1.0
2026-08-14,21,10,2026-08,2026-08-14T10:00,2026-08-14T09:00,delivered,800.7,801.5,802.3,496.4,304.3,1.0,0.0,801.7,-0.6
2026-08-14,22,10,2026-08,2026-08-14T10:30,2026-08-14T09:30,delivered,808.4,809.1,809.7,501.2,307.2,1.1,0.0,809.5,-0.2
2026-08-14,23,11,2026-08,2026-08-14T11:00,2026-08-14T10:00,delivered,815.6,815.3,815.1,505.7,309.9,0.0,0.0,815.6,0.5
2026-08-14,24,11,2026-08,2026-08-14T11:30,2026-08-14T10:30,delivered,824.4,820.2,816.0,511.2,313.2,0.0,0.0,824.4,8.4
2026-08-14,25,12,2026-08,2026-08-14T12:00,2026-08-14T11:00,delivered,830.3,828.2,826.1,514.8,315.5,0.0,0.0,830.3,4.2
2026-08-14,26,12,2026-08,2026-08-14T12:30,2026-08-14T11:30,delivered,840.6,834.4,828.2,521.2,319.4,0.0,0.0,840.6,12.4
2026-08-14,27,13,2026-08,2026-08-14T13:00,2026-08-14T12:00,delivered,825.5,829.6,833.7,511.8,313.7,6.2,0.0,831.7,-2.0
2026-08-14,28,13,2026-08,2026-08-14T13:30,2026-08-14T12:30,delivered,847.8,845.5,843.2,525.6,322.2,0.0,0.0,847.8,4.6
2026-08-14,29,14,2026-08,2026-08-14T14:00,2026-08-14T13:00,delivered,840.1,841.6,843.0,520.9,319.2,2.6,0.0,842.7,-0.3
2026-08-14,30,14,2026-08,2026-08-14T14:30,2026-08-14T13:30,delivered,843.8,839.2,834.7,523.1,320.7,0.0,0.0,843.8,9.1
2026-08-14,31,15,2026-08,2026-08-14T15:00,2026-08-14T14:00,delivered,829.8,831.2,832.5,514.5,315.3,2.1,0.0,831.9,-0.6
2026-08-14,32,15,2026-08,2026-08-14T15:30,2026-08-14T14:30,delivered,826.0,827.7,829.4,512.1,313.9,2.1,0.0,828.1,-1.3
2026-08-14,33,16,2026-08,2026-08-14T16:00,2026-08-14T15:00,delivered,822.5,825.2,828.0,509.9,312.6,3.2,0.0,825.7,-2.3
2026-08-14,34,16,2026-08,2026-08-14T16:30,2026-08-14T15:30,delivered,808.7,814.2,819.6,501.4,307.3,7.5,0.0,816.2,-3.4
2026-08-14,35,17,2026-08,2026-08-14T17:00,2026-08-14T16:00,delivered,812.9,810.0,807.1,504.0,308.9,0.0,0.0,812.9,5.8
2026-08-14,36,17,2026-08,2026-08-14T17:30,2026-08-14T16:30,delivered,799.1,796.1,793.1,495.4,303.7,0.0,0.0,799.1,6.0
2026-08-14,37,18,2026-08,2026-08-14T18:00,2026-08-14T17:00,delivered,784.6,782.2,779.7,486.4,298.2,0.0,0.0,784.6,4.9
2026-08-14,38,18,2026-08,2026-08-14T18:30,2026-08-14T17:30,delivered,755.1,756.3,757.5,468.1,287.0,1.8,0.0,756.9,-0.6
2026-08-14,39,19,2026-08,2026-08-14T19:00,2026-08-14T18:00,delivered,731.3,733.8,736.3,453.4,277.9,3.0,0.0,734.3,-2.0
2026-08-14,40,19,2026-08,2026-08-14T19:30,2026-08-14T18:30,delivered,699.4,701.1,702.8,433.6,265.8,2.5,0.0,701.9,-0.9
2026-08-14,41,20,2026-08,2026-08-14T20:00,2026-08-14T19:00,delivered,677.9,672.2,666.4,420.3,257.6,0.0,0.0,677.9,11.5
2026-08-14,42,20,2026-08,2026-08-14T20:30,2026-08-14T19:30,delivered,635.4,637.0,638.6,394.0,241.4,2.2,0.0,637.6,-1.0
2026-08-14,43,21,2026-08,2026-08-14T21:00,2026-08-14T20:00,delivered,619.1,614.5,610.0,383.8,235.3,0.0,0.0,619.1,9.1
2026-08-14,44,21,2026-08,2026-08-14T21:30,2026-08-14T20:30,delivered,590.7,591.1,591.6,366.2,224.5,0.8,0.0,591.5,-0.1
2026-08-14,45,22,2026-08,2026-08-14T22:00,2026-08-14T21:00,delivered,570.6,570.3,570.0,353.8,216.8,0.0,0.0,570.6,0.6
2026-08-14,46,22,2026-08,2026-08-14T22:30,2026-08-14T21:30,delivered,560.8,559.3,557.9,347.7,213.1,0.0,0.0,560.8,2.9
2026-08-14,47,23,2026-08,2026-08-14T23:00,2026-08-14T22:00,delivered,549.9,550.8,551.8,341.0,208.9,1.5,0.0,551.4,-0.4
2026-08-14,48,23,2026-08,2026-08-14T23:30,2026-08-14T22:30,delivered,551.1,548.5,546.0,341.7,209.4,0.0,0.0,551.1,5.1
2026-08-15,1,0,2026-08,2026-08-15T00:00,2026-08-14T23:00,delivered,523.3,525.3,527.4,324.4,198.9,3.2,0.0,526.5,-0.9
2026-08-15,2,0,2026-08,2026-08-15T00:30,2026-08-14T23:30,delivered,526.8,525.5,524.2,326.6,200.2,0.0,0.0,526.8,2.6
2026-08-15,3,1,2026-08,2026-08-15T01:00,2026-08-15T00:00,delivered,526.2,525.3,524.5,326.2,200.0,0.0,0.0,526.2,1.7
2026-08-15,4,1,2026-08,2026-08-15T01:30,2026-08-15T00:30,delivered,521.8,522.1,522.4,323.5,198.3,0.4,0.0,522.2,-0.2
2026-08-15,5,2,2026-08,2026-08-15T02:00,2026-08-15T01:00,delivered,523.6,522.9,522.2,324.6,199.0,0.0,0.0,523.6,1.4
2026-08-15,6,2,2026-08,2026-08-15T02:30,2026-08-15T01:30,delivered,517.4,519.8,522.2,320.8,196.6,3.5,0.0,520.9,-1.3
2026-08-15,7,3,2026-08,2026-08-15T03:00,2026-08-15T02:00,delivered,516.2,518.8,521.5,320.0,196.2,4.6,0.0,520.8,-0.7
2026-08-15,8,3,2026-08,2026-08-15T03:30,2026-08-15T02:30,delivered,514.8,517.5,520.2,319.2,195.6,4.7,0.0,519.5,-0.7
2026-08-15,9,4,2026-08,2026-08-15T04:00,2026-08-15T03:00,delivered,522.2,522.3,522.5,323.7,198.5,0.3,0.0,522.5,-0.0
2026-08-15,10,4,2026-08,2026-08-15T04:30,2026-08-15T03:30,delivered,521.9,519.6,517.3,323.6,198.3,0.0,0.0,521.9,4.6
2026-08-15,11,5,2026-08,2026-08-15T05:00,2026-08-15T04:00,delivered,520.0,521.9,523.8,322.4,197.6,2.3,0.0,522.3,-1.5
2026-08-15,12,5,2026-08,2026-08-15T05:30,2026-08-15T04:30,delivered,531.8,533.9,536.0,329.7,202.1,3.0,0.0,534.8,-1.2
2026-08-15,13,6,2026-08,2026-08-15T06:00,2026-08-15T05:00,delivered,540.2,542.5,544.8,334.9,205.3,3.2,0.0,543.4,-1.4
2026-08-15,14,6,2026-08,2026-08-15T06:30,2026-08-15T05:30,delivered,556.6,556.0,555.5,345.1,211.5,0.0,0.0,556.6,1.1
2026-08-15,15,7,2026-08,2026-08-15T07:00,2026-08-15T06:00,delivered,558.0,562.0,565.9,346.0,212.0,6.8,0.0,564.8,-1.1
2026-08-15,16,7,2026-08,2026-08-15T07:30,2026-08-15T06:30,delivered,568.5,569.8,571.1,352.5,216.0,1.8,0.0,570.3,-0.8
2026-08-15,17,8,2026-08,2026-08-15T08:00,2026-08-15T07:00,delivered,570.3,571.3,572.4,353.6,216.7,1.2,0.0,571.5,-0.9
2026-08-15,18,8,2026-08,2026-08-15T08:30,2026-08-15T07:30,delivered,587.6,588.4,589.3,364.3,223.3,1.0,0.0,588.6,-0.7
2026-08-15,19,9,2026-08,2026-08-15T09:00,2026-08-15T08:00,delivered,598.5,593.6,588.8,371.0,227.5,0.0,0.0,598.5,9.7
2026-08-15,20,9,2026-08,2026-08-15T09:30,2026-08-15T08:30,delivered,605.6,603.4,601.2,375.5,230.1,0.0,0.0,605.6,4.4
2026-08-15,21,10,2026-08,2026-08-15T10:00,2026-08-15T09:00,delivered,604.7,603.5,602.2,374.9,229.8,0.0,0.0,604.7,2.5
2026-08-15,22,10,2026-08,2026-08-15T10:30,2026-08-15T09:30,delivered,599.5,601.8,604.1,371.7,227.8,4.0,0.0,603.5,-0.6
2026-08-15,23,11,2026-08,2026-08-15T11:00,2026-08-15T10:00,delivered,600.2,603.9,607.5,372.1,228.1,6.2,0.0,606.4,-1.1
2026-08-15,24,11,2026-08,2026-08-15T11:30,2026-08-15T10:30,delivered,614.0,614.6,615.2,380.7,233.3,1.0,0.0,615.0,-0.2
2026-08-15,25,12,2026-08,2026-08-15T12:00,2026-08-15T11:00,delivered,612.3,613.9,615.4,379.7,232.6,2.2,0.0,614.5,-0.9
2026-08-15,26,12,2026-08,2026-08-15T12:30,2026-08-15T11:30,delivered,616.9,618.0,619.2,382.5,234.4,1.8,0.0,618.7,-0.5
2026-08-15,27,13,2026-08,2026-08-15T13:00,2026-08-15T12:00,delivered,629.2,629.9,630.6,390.1,239.1,1.3,0.0,630.5,-0.1
2026-08-15,28,13,2026-08,2026-08-15T13:30,2026-08-15T12:30,delivered,632.3,631.3,630.2,392.0,240.3,0.0,0.0,632.3,2.1
2026-08-15,29,14,2026-08,2026-08-15T14:00,2026-08-15T13:00,delivered,635.9,632.6,629.3,394.3,241.6,0.0,0.0,635.9,6.6
2026-08-15,30,14,2026-08,2026-08-15T14:30,2026-08-15T13:30,delivered,616.0,618.5,620.9,381.9,234.1,4.4,0.0,620.4,-0.5
2026-08-15,31,15,2026-08,2026-08-15T15:00,2026-08-15T14:00,delivered,620.4,620.4,620.3,384.7,235.7,0.0,0.0,620.4,0.1
2026-08-15,32,15,2026-08,2026-08-15T15:30,2026-08-15T14:30,delivered,616.7,618.4,620.2,382.3,234.4,3.0,0.0,619.7,-0.5
2026-08-15,33,16,2026-08,2026-08-15T16:00,2026-08-15T15:00,delivered,615.7,616.2,616.8,381.7,234.0,0.8,0.0,616.5,-0.3
2026-08-15,34,16,2026-08,2026-08-15T16:30,2026-08-15T15:30,delivered,612.1,613.5,614.9,379.5,232.6,2.0,0.0,614.1,-0.8
2026-08-15,35,17,2026-08,2026-08-15T17:00,2026-08-15T16:00,delivered,613.9,612.2,610.4,380.6,233.3,0.0,0.0,613.9,3.5
2026-08-15,36,17,2026-08,2026-08-15T17:30,2026-08-15T16:30,delivered,613.8,614.5,615.2,380.5,233.3,0.9,0.0,614.7,-0.5
2026-08-15,37,18,2026-08,2026-08-15T18:00,2026-08-15T17:00,delivered,611.3,609.9,608.5,379.0,232.3,0.0,0.0,611.3,2.8
2026-08-15,38,18,2026-08,2026-08-15T18:30,2026-08-15T17:30,delivered,597.6,601.5,605.4,370.5,227.1,6.7,0.0,604.3,-1.1
2026-08-15,39,19,2026-08,2026-08-15T19:00,2026-08-15T18:00,delivered,598.8,600.8,602.8,371.3,227.5,2.8,0.0,601.6,-1.2
2026-08-15,40,19,2026-08,2026-08-15T19:30,2026-08-15T18:30,delivered,604.7,602.0,599.3,374.9,229.8,0.0,0.0,604.7,5.4
2026-08-15,41,20,2026-08,2026-08-15T20:00,2026-08-15T19:00,delivered,586.5,589.1,591.7,363.6,222.9,3.8,0.0,590.3,-1.4
2026-08-15,42,20,2026-08,2026-08-15T20:30,2026-08-15T19:30,delivered,576.0,579.9,583.9,357.1,218.9,4.8,0.0,580.8,-3.1
2026-08-15,43,21,2026-08,2026-08-15T21:00,2026-08-15T20:00,delivered,581.0,581.8,582.6,360.2,220.8,0.9,0.0,581.9,-0.7
2026-08-15,44,21,2026-08,2026-08-15T21:30,2026-08-15T20:30,delivered,560.2,561.3,562.4,347.3,212.9,1.8,0.0,562.0,-0.4
2026-08-15,45,22,2026-08,2026-08-15T22:00,2026-08-15T21:00,delivered,549.3,549.5,549.7,340.6,208.7,0.3,0.0,549.6,-0.1
2026-08-15,46,22,2026-08,2026-08-15T22:30,2026-08-15T21:30,delivered,547.0,546.7,546.4,339.1,207.9,0.0,0.0,547.0,0.6
2026-08-15,47,23,2026-08,2026-08-15T23:00,2026-08-15T22:00,delivered,532.4,534.7,537.0,330.1,202.3,2.8,0.0,535.2,-1.8
2026-08-15,48,23,2026-08,2026-08-15T23:30,2026-08-15T22:30,delivered,533.7,532.9,532.1,330.9,202.8,0.0,0.0,533.7,1.6
2026-08-16,1,0,2026-08,2026-08-16T00:00,2026-08-15T23:00,delivered,533.2,529.7,526.2,330.6,202.6,0.0,0.0,533.2,7.0
2026-08-16,2,0,2026-08,2026-08-16T00:30,2026-08-15T23:30,delivered,523.1,525.5,527.8,324.3,198.8,3.8,0.0,526.9,-0.9
2026-08-16,3,1,2026-08,2026-08-16T01:00,2026-08-16T00:00,delivered,526.0,529.1,532.3,326.1,199.9,4.3,0.0,530.3,-2.0
2026-08-16,4,1,2026-08,2026-08-16T01:30,2026-08-16T00:30,delivered,530.0,531.7,533.3,328.6,201.4,2.3,0.0,532.3,-1.0
2026-08-16,5,2,2026-08,2026-08-16T02:00,2026-08-16T01:00,delivered,526.1,527.0,527.8,326.2,199.9,1.0,0.0,527.1,-0.7
2026-08-16,6,2,2026-08,2026-08-16T02:30,2026-08-16T01:30,delivered,530.5,527.9,525.4,328.9,201.6,0.0,0.0,530.5,5.1
2026-08-16,7,3,2026-08,2026-08-16T03:00,2026-08-16T02:00,delivered,525.9,523.2,520.4,326.0,199.9,0.0,0.0,525.9,5.5
2026-08-16,8,3,2026-08,2026-08-16T03:30,2026-08-16T02:30,delivered,525.0,526.4,527.7,325.5,199.5,1.8,0.0,526.8,-0.9
2026-08-16,9,4,2026-08,2026-08-16T04:00,2026-08-16T03:00,delivered,519.9,519.4,519.0,322.3,197.6,0.0,0.0,519.9,0.9
2026-08-16,10,4,2026-08,2026-08-16T04:30,2026-08-16T03:30,delivered,519.8,520.5,521.1,322.3,197.5,1.2,0.0,521.0,-0.1
2026-08-16,11,5,2026-08,2026-08-16T05:00,2026-08-16T04:00,delivered,521.4,524.4,527.4,323.3,198.1,3.4,0.0,524.8,-2.6
2026-08-16,12,5,2026-08,2026-08-16T05:30,2026-08-16T04:30,delivered,539.0,539.9,540.8,334.2,204.8,1.2,0.0,540.2,-0.6
2026-08-16,13,6,2026-08,2026-08-16T06:00,2026-08-16T05:00,delivered,548.6,550.7,552.9,340.1,208.5,3.7,0.0,552.3,-0.6
2026-08-16,14,6,2026-08,2026-08-16T06:30,2026-08-16T05:30,delivered,560.0,558.3,556.5,347.2,212.8,0.0,0.0,560.0,3.5
2026-08-16,15,7,2026-08,2026-08-16T07:00,2026-08-16T06:00,delivered,567.7,566.0,564.2,352.0,215.7,0.0,0.0,567.7,3.5
2026-08-16,16,7,2026-08,2026-08-16T07:30,2026-08-16T06:30,delivered,578.1,576.0,574.0,358.4,219.7,0.0,0.0,578.1,4.1
2026-08-16,17,8,2026-08,2026-08-16T08:00,2026-08-16T07:00,delivered,588.8,584.5,580.2,365.1,223.7,0.0,0.0,588.8,8.6
2026-08-16,18,8,2026-08,2026-08-16T08:30,2026-08-16T07:30,delivered,595.0,593.8,592.7,368.9,226.1,0.0,0.0,595.0,2.3
2026-08-16,19,9,2026-08,2026-08-16T09:00,2026-08-16T08:00,delivered,601.1,601.1,601.1,372.7,228.4,0.0,0.0,601.1,-0.0
2026-08-16,20,9,2026-08,2026-08-16T09:30,2026-08-16T08:30,delivered,609.1,607.4,605.7,377.6,231.5,0.0,0.0,609.1,3.4
2026-08-16,21,10,2026-08,2026-08-16T10:00,2026-08-16T09:00,delivered,600.3,601.6,603.0,372.2,228.1,2.2,0.0,602.5,-0.5
2026-08-16,22,10,2026-08,2026-08-16T10:30,2026-08-16T09:30,delivered,607.7,608.2,608.7,376.8,230.9,0.8,0.0,608.5,-0.2
2026-08-16,23,11,2026-08,2026-08-16T11:00,2026-08-16T10:00,delivered,616.1,617.7,619.4,382.0,234.1,2.4,0.0,618.5,-0.9
2026-08-16,24,11,2026-08,2026-08-16T11:30,2026-08-16T10:30,delivered,613.9,614.9,615.9,380.6,233.3,1.6,0.0,615.5,-0.4
2026-08-16,25,12,2026-08,2026-08-16T12:00,2026-08-16T11:00,delivered,614.8,618.0,621.2,381.2,233.6,4.6,0.0,619.4,-1.8
2026-08-16,26,12,2026-08,2026-08-16T12:30,2026-08-16T11:30,delivered,626.6,626.8,627.1,388.5,238.1,0.5,0.0,627.1,-0.0
2026-08-16,27,13,2026-08,2026-08-16T13:00,2026-08-16T12:00,delivered,629.6,627.4,625.2,390.3,239.3,0.0,0.0,629.6,4.4
2026-08-16,28,13,2026-08,2026-08-16T13:30,2026-08-16T12:30,delivered,632.6,629.3,625.9,392.2,240.4,0.0,0.0,632.6,6.7
2026-08-16,29,14,2026-08,2026-08-16T14:00,2026-08-16T13:00,delivered,631.8,631.0,630.3,391.7,240.1,0.0,0.0,631.8,1.5
2026-08-16,30,14,2026-08,2026-08-16T14:30,2026-08-16T13:30,delivered,624.5,624.9,625.2,387.2,237.3,0.4,0.0,624.9,-0.3
2026-08-16,31,15,2026-08,2026-08-16T15:00,2026-08-16T14:00,delivered,629.2,629.2,629.3,390.1,239.1,0.1,0.0,629.3,0.0
2026-08-16,32,15,2026-08,2026-08-16T15:30,2026-08-16T14:30,delivered,627.4,624.4,621.4,389.0,238.4,0.0,0.0,627.4,6.0
2026-08-16,33,16,2026-08,2026-08-16T16:00,2026-08-16T15:00,delivered,623.2,622.9,622.5,386.4,236.8,0.0,0.0,623.2,0.7
2026-08-16,34,16,2026-08,2026-08-16T16:30,2026-08-16T15:30,delivered,627.6,626.3,625.1,389.1,238.5,0.0,0.0,627.6,2.5
2026-08-16,35,17,2026-08,2026-08-16T17:00,2026-08-16T16:00,delivered,626.7,625.0,623.4,388.5,238.2,0.0,0.0,626.7,3.3
2026-08-16,36,17,2026-08,2026-08-16T17:30,2026-08-16T16:30,delivered,612.2,615.6,619.1,379.6,232.6,5.1,0.0,617.3,-1.8
2026-08-16,37,18,2026-08,2026-08-16T18:00,2026-08-16T17:00,delivered,617.0,616.9,616.8,382.5,234.5,0.0,0.0,617.0,0.2
2026-08-16,38,18,2026-08,2026-08-16T18:30,2026-08-16T17:30,delivered,608.9,610.6,612.3,377.5,231.4,3.0,0.0,611.9,-0.4
2026-08-16,39,19,2026-08,2026-08-16T19:00,2026-08-16T18:00,delivered,614.1,612.1,610.0,380.8,233.3,0.0,0.0,614.1,4.1
2026-08-16,40,19,2026-08,2026-08-16T19:30,2026-08-16T18:30,delivered,601.5,604.4,607.3,372.9,228.6,4.0,0.0,605.5,-1.8
2026-08-16,41,20,2026-08,2026-08-16T20:00,2026-08-16T19:00,delivered,598.4,601.2,604.1,371.0,227.4,4.0,0.0,602.4,-1.7
2026-08-16,42,20,2026-08,2026-08-16T20:30,2026-08-16T19:30,delivered,599.6,596.1,592.6,371.7,227.9,0.0,0.0,599.6,7.0
2026-08-16,43,21,2026-08,2026-08-16T21:00,2026-08-16T20:00,delivered,579.4,578.3,577.3,359.2,220.2,0.0,0.0,579.4,2.1
2026-08-16,44,21,2026-08,2026-08-16T21:30,2026-08-16T20:30,delivered,566.5,565.7,564.8,351.2,215.3,0.0,0.0,566.5,1.7
2026-08-16,45,22,2026-08,2026-08-16T22:00,2026-08-16T21:00,delivered,560.6,559.5,558.5,347.6,213.0,0.0,0.0,560.6,2.1
2026-08-16,46,22,2026-08,2026-08-16T22:30,2026-08-16T21:30,delivered,543.5,545.1,546.7,337.0,206.5,2.5,0.0,546.0,-0.7
2026-08-16,47,23,2026-08,2026-08-16T23:00,2026-08-16T22:00,delivered,544.1,546.2,548.3,337.4,206.7,3.7,0.0,547.8,-0.5
2026-08-16,48,23,2026-08,2026-08-16T23:30,2026-08-16T22:30,delivered,540.3,538.7,537.0,335.0,205.3,0.0,0.0,540.3,3.3
2026-08-17,1,0,2026-08,2026-08-17T00:00,2026-08-16T23:00,delivered,541.6,543.6,545.7,335.8,205.8,3.7,0.0,545.3,-0.4
2026-08-17,2,0,2026-08,2026-08-17T00:30,2026-08-16T23:30,delivered,538.0,538.7,539.5,333.5,204.5,1.0,0.0,539.0,-0.5
2026-08-17,3,1,2026-08,2026-08-17T01:00,2026-08-17T00:00,delivered,542.6,542.2,541.9,336.4,206.2,0.0,0.0,542.6,0.7
2026-08-17,4,1,2026-08,2026-08-17T01:30,2026-08-17T00:30,delivered,533.2,535.2,537.2,330.6,202.6,2.7,0.0,535.9,-1.3
2026-08-17,5,2,2026-08,2026-08-17T02:00,2026-08-17T01:00,delivered,539.1,536.2,533.3,334.2,204.9,0.0,0.0,539.1,5.8
2026-08-17,6,2,2026-08,2026-08-17T02:30,2026-08-17T01:30,delivered,533.2,535.6,538.1,330.6,202.6,4.2,0.0,537.4,-0.7
2026-08-17,7,3,2026-08,2026-08-17T03:00,2026-08-17T02:00,delivered,533.7,534.3,534.9,330.9,202.8,1.0,0.0,534.7,-0.2
2026-08-17,8,3,2026-08,2026-08-17T03:30,2026-08-17T02:30,delivered,535.6,534.8,534.0,332.1,203.5,0.0,0.0,535.6,1.6
2026-08-17,9,4,2026-08,2026-08-17T04:00,2026-08-17T03:00,delivered,534.9,533.4,531.8,331.6,203.3,0.0,0.0,534.9,3.1
2026-08-17,10,4,2026-08,2026-08-17T04:30,2026-08-17T03:30,delivered,534.6,535.5,536.4,331.4,203.2,1.5,0.0,536.1,-0.3
2026-08-17,11,5,2026-08,2026-08-17T05:00,2026-08-17T04:00,delivered,536.1,539.0,541.9,332.4,203.7,4.9,0.0,541.0,-0.9
2026-08-17,12,5,2026-08,2026-08-17T05:30,2026-08-17T04:30,delivered,558.0,556.9,555.7,346.0,212.0,0.0,0.0,558.0,2.3
2026-08-17,13,6,2026-08,2026-08-17T06:00,2026-08-17T05:00,delivered,580.4,582.3,584.2,359.9,220.5,2.3,0.0,582.7,-1.5
2026-08-17,14,6,2026-08,2026-08-17T06:30,2026-08-17T05:30,delivered,626.5,626.5,626.5,388.4,238.1,0.0,0.0,626.5,0.0
2026-08-17,15,7,2026-08,2026-08-17T07:00,2026-08-17T06:00,delivered,682.0,679.5,676.9,422.8,259.2,0.0,0.0,682.0,5.1
2026-08-17,16,7,2026-08,2026-08-17T07:30,2026-08-17T06:30,delivered,723.7,726.2,728.8,448.7,275.0,4.4,0.0,728.1,-0.7
2026-08-17,17,8,2026-08,2026-08-17T08:00,2026-08-17T07:00,delivered,764.6,765.6,766.7,474.0,290.6,1.3,0.0,765.9,-0.8
2026-08-17,18,8,2026-08,2026-08-17T08:30,2026-08-17T07:30,delivered,791.4,788.6,785.8,490.7,300.7,0.0,0.0,791.4,5.6
2026-08-17,19,9,2026-08,2026-08-17T09:00,2026-08-17T08:00,delivered,794.4,796.4,798.4,492.5,301.9,2.6,0.0,797.0,-1.4
2026-08-17,20,9,2026-08,2026-08-17T09:30,2026-08-17T08:30,delivered,792.5,798.3,804.1,491.4,301.1,7.4,0.0,799.9,-4.2
2026-08-17,21,10,2026-08,2026-08-17T10:00,2026-08-17T09:00,delivered,815.8,810.3,804.8,505.8,310.0,0.0,0.0,815.8,11.0
2026-08-17,22,10,2026-08,2026-08-17T10:30,2026-08-17T09:30,delivered,821.3,818.8,816.4,509.2,312.1,0.0,0.0,821.3,4.9
2026-08-17,23,11,2026-08,2026-08-17T11:00,2026-08-17T10:00,delivered,815.8,814.6,813.4,505.8,310.0,0.0,0.0,815.8,2.4
2026-08-17,24,11,2026-08,2026-08-17T11:30,2026-08-17T10:30,delivered,828.1,825.7,823.3,513.4,314.7,0.0,0.0,828.1,4.8
2026-08-17,25,12,2026-08,2026-08-17T12:00,2026-08-17T11:00,delivered,824.1,830.9,837.6,510.9,313.2,9.8,0.0,833.9,-3.7
2026-08-17,26,12,2026-08,2026-08-17T12:30,2026-08-17T11:30,delivered,849.4,845.5,841.5,526.6,322.8,0.0,0.0,849.4,7.9
2026-08-17,27,13,2026-08,2026-08-17T13:00,2026-08-17T12:00,delivered,835.7,837.9,840.2,518.1,317.6,3.5,0.0,839.2,-1.0
2026-08-17,28,13,2026-08,2026-08-17T13:30,2026-08-17T12:30,delivered,841.5,847.0,852.5,521.7,319.8,7.7,0.0,849.2,-3.3
2026-08-17,29,14,2026-08,2026-08-17T14:00,2026-08-17T13:00,delivered,846.6,848.4,850.2,524.9,321.7,2.5,0.0,849.1,-1.1
2026-08-17,30,14,2026-08,2026-08-17T14:30,2026-08-17T13:30,delivered,835.3,836.3,837.3,517.9,317.4,1.6,0.0,836.9,-0.4
2026-08-17,31,15,2026-08,2026-08-17T15:00,2026-08-17T14:00,delivered,846.2,842.1,838.0,524.6,321.6,0.0,0.0,846.2,8.2
2026-08-17,32,15,2026-08,2026-08-17T15:30,2026-08-17T14:30,delivered,836.3,838.6,840.8,518.5,317.8,2.6,0.0,838.9,-1.9
2026-08-17,33,16,2026-08,2026-08-17T16:00,2026-08-17T15:00,delivered,828.8,826.8,824.9,513.8,315.0,0.0,0.0,828.8,3.9
2026-08-17,34,16,2026-08,2026-08-17T16:30,2026-08-17T15:30,delivered,821.4,821.3,821.2,509.2,312.2,0.0,0.0,821.4,0.2
2026-08-17,35,17,2026-08,2026-08-17T17:00,2026-08-17T16:00,delivered,806.5,813.2,819.9,500.0,306.5,10.5,0.0,817.0,-2.9
2026-08-17,36,17,2026-08,2026-08-17T17:30,2026-08-17T16:30,delivered,788.8,790.2,791.6,489.0,299.8,1.9,0.0,790.7,-0.9
2026-08-17,37,18,2026-08,2026-08-17T18:00,2026-08-17T17:00,delivered,777.9,780.0,782.0,482.3,295.6,2.5,0.0,780.4,-1.6
2026-08-17,38,18,2026-08,2026-08-17T18:30,2026-08-17T17:30,delivered,772.6,769.5,766.4,479.0,293.6,0.0,0.0,772.6,6.2
2026-08-17,39,19,2026-08,2026-08-17T19:00,2026-08-17T18:00,delivered,731.5,733.1,734.6,453.5,278.0,2.1,0.0,733.6,-1.0
2026-08-17,40,19,2026-08,2026-08-17T19:30,2026-08-17T18:30,delivered,701.1,704.9,708.6,434.7,266.4,5.4,0.0,706.5,-2.1
2026-08-17,41,20,2026-08,2026-08-17T20:00,2026-08-17T19:00,delivered,673.6,675.1,676.6,417.6,256.0,1.8,0.0,675.4,-1.2
2026-08-17,42,20,2026-08,2026-08-17T20:30,2026-08-17T19:30,delivered,644.5,645.4,646.3,399.6,244.9,1.0,0.0,645.5,-0.8
2026-08-17,43,21,2026-08,2026-08-17T21:00,2026-08-17T20:00,delivered,620.0,619.6,619.1,384.4,235.6,0.0,0.0,620.0,0.9
2026-08-17,44,21,2026-08,2026-08-17T21:30,2026-08-17T20:30,delivered,590.3,592.1,593.9,366.0,224.3,2.0,0.0,592.3,-1.6
2026-08-17,45,22,2026-08,2026-08-17T22:00,2026-08-17T21:00,delivered,579.2,578.6,577.9,359.1,220.1,0.0,0.0,579.2,1.3
2026-08-17,46,22,2026-08,2026-08-17T22:30,2026-08-17T21:30,delivered,572.3,569.1,565.8,354.8,217.5,0.0,0.0,572.3,6.5
2026-08-17,47,23,2026-08,2026-08-17T23:00,2026-08-17T22:00,delivered,550.5,551.5,552.6,341.3,209.2,1.6,0.0,552.1,-0.5
2026-08-17,48,23,2026-08,2026-08-17T23:30,2026-08-17T22:30,delivered,549.0,548.7,548.5,340.4,208.6,0.0,0.0,549.0,0.5
2026-08-18,1,0,2026-08,2026-08-18T00:00,2026-08-17T23:00,delivered,547.7,548.7,549.8,339.5,208.2,1.8,0.0,549.5,-0.3
2026-08-18,2,0,2026-08,2026-08-18T00:30,2026-08-17T23:30,delivered,551.8,548.9,546.1,342.1,209.7,0.0,0.0,551.8,5.7
2026-08-18,3,1,2026-08,2026-08-18T01:00,2026-08-18T00:00,delivered,547.1,545.6,544.1,339.2,207.9,0.0,0.0,547.1,3.0
2026-08-18,4,1,2026-08,2026-08-18T01:30,2026-08-18T00:30,delivered,546.5,546.6,546.7,338.8,207.7,0.1,0.0,546.6,-0.1
2026-08-18,5,2,2026-08,2026-08-18T02:00,2026-08-18T01:00,delivered,547.2,546.3,545.4,339.2,208.0,0.0,0.0,547.2,1.8
2026-08-18,6,2,2026-08,2026-08-18T02:30,2026-08-18T01:30,delivered,538.6,539.6,540.7,333.9,204.7,1.7,0.0,540.3,-0.4
2026-08-18,7,3,2026-08,2026-08-18T03:00,2026-08-18T02:00,delivered,535.0,538.5,542.1,331.7,203.3,6.3,0.0,541.3,-0.8
2026-08-18,8,3,2026-08,2026-08-18T03:30,2026-08-18T02:30,delivered,539.0,542.9,546.9,334.2,204.8,6.1,0.0,545.1,-1.8
2026-08-18,9,4,2026-08,2026-08-18T04:00,2026-08-18T03:00,delivered,539.6,539.8,540.0,334.6,205.0,0.2,0.0,539.8,-0.2
2026-08-18,10,4,2026-08,2026-08-18T04:30,2026-08-18T03:30,delivered,531.7,534.4,537.0,329.7,202.0,4.6,0.0,536.3,-0.7
2026-08-18,11,5,2026-08,2026-08-18T05:00,2026-08-18T04:00,delivered,545.2,544.3,543.4,338.0,207.2,0.0,0.0,545.2,1.8
2026-08-18,12,5,2026-08,2026-08-18T05:30,2026-08-18T04:30,delivered,560.3,560.9,561.5,347.4,212.9,1.0,0.0,561.3,-0.2
2026-08-18,13,6,2026-08,2026-08-18T06:00,2026-08-18T05:00,delivered,598.0,593.1,588.3,370.8,227.2,0.0,0.0,598.0,9.7
2026-08-18,14,6,2026-08,2026-08-18T06:30,2026-08-18T05:30,delivered,641.7,637.6,633.6,397.9,243.8,0.0,0.0,641.7,8.1
2026-08-18,15,7,2026-08,2026-08-18T07:00,2026-08-18T06:00,delivered,680.3,680.5,680.8,421.8,258.5,0.5,0.0,680.8,-0.0
2026-08-18,16,7,2026-08,2026-08-18T07:30,2026-08-18T06:30,delivered,736.4,734.7,733.0,456.6,279.8,0.0,0.0,736.4,3.4
2026-08-18,17,8,2026-08,2026-08-18T08:00,2026-08-18T07:00,delivered,758.6,763.8,769.0,470.3,288.3,8.7,0.0,767.3,-1.7
2026-08-18,18,8,2026-08,2026-08-18T08:30,2026-08-18T07:30,delivered,784.3,784.6,784.9,486.3,298.0,0.5,0.0,784.8,-0.1
2026-08-18,19,9,2026-08,2026-08-18T09:00,2026-08-18T08:00,delivered,797.3,800.6,804.0,494.3,303.0,4.7,0.0,802.0,-2.0
2026-08-18,20,9,2026-08,2026-08-18T09:30,2026-08-18T08:30,delivered,807.0,807.2,807.4,500.3,306.7,0.3,0.0,807.3,-0.1
2026-08-18,21,10,2026-08,2026-08-18T10:00,2026-08-18T09:00,delivered,816.2,814.3,812.5,506.0,310.2,0.0,0.0,816.2,3.7
2026-08-18,22,10,2026-08,2026-08-18T10:30,2026-08-18T09:30,delivered,814.3,815.2,816.0,504.9,309.4,1.2,0.0,815.5,-0.5
2026-08-18,23,11,2026-08,2026-08-18T11:00,2026-08-18T10:00,delivered,817.5,818.4,819.3,506.9,310.6,1.1,0.0,818.6,-0.7
2026-08-18,24,11,2026-08,2026-08-18T11:30,2026-08-18T10:30,delivered,819.2,825.0,830.8,507.9,311.3,7.4,0.0,826.6,-4.2
2026-08-18,25,12,2026-08,2026-08-18T12:00,2026-08-18T11:00,delivered,829.2,833.5,837.9,514.1,315.1,5.7,0.0,834.9,-3.0
2026-08-18,26,12,2026-08,2026-08-18T12:30,2026-08-18T11:30,delivered,836.6,835.8,835.0,518.7,317.9,0.0,0.0,836.6,1.6
2026-08-18,27,13,2026-08,2026-08-18T13:00,2026-08-18T12:00,delivered,857.2,852.3,847.4,531.5,325.7,0.0,0.0,857.2,9.8
2026-08-18,28,13,2026-08,2026-08-18T13:30,2026-08-18T12:30,delivered,851.1,853.1,855.0,527.7,323.4,3.3,0.0,854.4,-0.6
2026-08-18,29,14,2026-08,2026-08-18T14:00,2026-08-18T13:00,delivered,864.8,863.3,861.9,536.2,328.6,0.0,0.0,864.8,2.9
2026-08-18,30,14,2026-08,2026-08-18T14:30,2026-08-18T13:30,delivered,838.8,843.2,847.5,520.1,318.7,7.7,0.0,846.5,-1.0
2026-08-18,31,15,2026-08,2026-08-18T15:00,2026-08-18T14:00,delivered,851.2,847.6,844.0,527.8,323.4,0.0,0.0,851.2,7.2
2026-08-18,32,15,2026-08,2026-08-18T15:30,2026-08-18T14:30,delivered,841.2,838.8,836.5,521.5,319.7,0.0,0.0,841.2,4.7
2026-08-18,33,16,2026-08,2026-08-18T16:00,2026-08-18T15:00,delivered,835.0,835.6,836.2,517.7,317.3,0.7,0.0,835.7,-0.5
2026-08-18,34,16,2026-08,2026-08-18T16:30,2026-08-18T15:30,delivered,829.9,831.9,833.9,514.5,315.4,2.6,0.0,832.5,-1.4
2026-08-18,35,17,2026-08,2026-08-18T17:00,2026-08-18T16:00,delivered,813.7,816.7,819.7,504.5,309.2,3.8,0.0,817.5,-2.2
2026-08-18,36,17,2026-08,2026-08-18T17:30,2026-08-18T16:30,delivered,812.0,810.7,809.4,503.5,308.5,0.0,0.0,812.0,2.6
2026-08-18,37,18,2026-08,2026-08-18T18:00,2026-08-18T17:00,delivered,784.4,788.2,791.9,486.4,298.0,5.0,0.0,789.4,-2.5
2026-08-18,38,18,2026-08,2026-08-18T18:30,2026-08-18T17:30,delivered,776.0,772.8,769.5,481.1,294.9,0.0,0.0,776.0,6.5
2026-08-18,39,19,2026-08,2026-08-18T19:00,2026-08-18T18:00,delivered,750.1,748.9,747.8,465.0,285.1,0.0,0.0,750.1,2.3
2026-08-18,40,19,2026-08,2026-08-18T19:30,2026-08-18T18:30,delivered,716.2,717.7,719.2,444.0,272.2,2.7,0.0,718.9,-0.3
2026-08-18,41,20,2026-08,2026-08-18T20:00,2026-08-18T19:00,delivered,672.9,675.6,678.4,417.2,255.7,4.2,0.0,677.1,-1.3
2026-08-18,42,20,2026-08,2026-08-18T20:30,2026-08-18T19:30,delivered,650.7,652.0,653.2,403.4,247.3,1.8,0.0,652.5,-0.7
2026-08-18,43,21,2026-08,2026-08-18T21:00,2026-08-18T20:00,delivered,614.1,618.0,621.9,380.7,233.4,6.2,0.0,620.3,-1.6
2026-08-18,44,21,2026-08,2026-08-18T21:30,2026-08-18T20:30,delivered,596.5,597.8,599.1,369.8,226.7,2.1,0.0,598.6,-0.5
2026-08-18,45,22,2026-08,2026-08-18T22:00,2026-08-18T21:00,delivered,578.8,578.9,578.9,358.9,219.9,0.0,0.0,578.8,-0.1
2026-08-18,46,22,2026-08,2026-08-18T22:30,2026-08-18T21:30,delivered,567.1,565.9,564.8,351.6,215.5,0.0,0.0,567.1,2.3
2026-08-18,47,23,2026-08,2026-08-18T23:00,2026-08-18T22:00,delivered,554.4,554.5,554.6,343.7,210.7,0.2,0.0,554.6,0.0
2026-08-18,48,23,2026-08,2026-08-18T23:30,2026-08-18T22:30,delivered,550.0,547.7,545.5,341.0,209.0,0.0,0.0,550.0,4.5
2026-08-19,1,0,2026-08,2026-08-19T00:00,2026-08-18T23:00,delivered,552.5,551.5,553.0,342.6,209.9,0.4,0.0,552.9,-0.1
2026-08-19,2,0,2026-08,2026-08-19T00:30,2026-08-18T23:30,delivered,551.8,551.1,546.6,342.1,209.7,0.0,0.0,551.8,5.2
2026-08-19,3,1,2026-08,2026-08-19T01:00,2026-08-19T00:00,delivered,550.7,550.5,547.7,341.4,209.3,0.0,0.0,550.7,3.0
2026-08-19,4,1,2026-08,2026-08-19T01:30,2026-08-19T00:30,delivered,548.7,549.8,548.3,340.2,208.5,0.0,0.0,548.7,0.4
2026-08-19,5,2,2026-08,2026-08-19T02:00,2026-08-19T01:00,delivered,547.7,548.6,547.6,339.6,208.1,0.0,0.0,547.7,0.1
2026-08-19,6,2,2026-08,2026-08-19T02:30,2026-08-19T01:30,delivered,547.4,547.8,550.4,339.4,208.0,2.5,0.0,549.9,-0.5
2026-08-19,7,3,2026-08,2026-08-19T03:00,2026-08-19T02:00,delivered,546.5,546.4,545.3,338.8,207.7,0.0,0.0,546.5,1.2
2026-08-19,8,3,2026-08,2026-08-19T03:30,2026-08-19T02:30,delivered,546.7,545.9,546.7,339.0,207.7,0.0,0.0,546.7,0.0
2026-08-19,9,4,2026-08,2026-08-19T04:00,2026-08-19T03:00,delivered,543.9,545.5,546.1,337.2,206.7,1.9,0.0,545.8,-0.3
2026-08-19,10,4,2026-08,2026-08-19T04:30,2026-08-19T03:30,delivered,543.6,543.2,543.7,337.0,206.6,0.1,0.0,543.7,-0.0
2026-08-19,11,5,2026-08,2026-08-19T05:00,2026-08-19T04:00,delivered,550.0,550.2,550.8,341.0,209.0,0.7,0.0,550.7,-0.1
2026-08-19,12,5,2026-08,2026-08-19T05:30,2026-08-19T04:30,delivered,564.4,563.9,564.5,349.9,214.5,0.1,0.0,564.5,0.0
2026-08-19,13,6,2026-08,2026-08-19T06:00,2026-08-19T05:00,delivered,593.8,594.5,595.4,368.2,225.6,1.4,0.0,595.2,-0.2
2026-08-19,14,6,2026-08,2026-08-19T06:30,2026-08-19T05:30,delivered,639.5,640.4,640.0,396.5,243.0,0.4,0.0,639.9,-0.1
2026-08-19,15,7,2026-08,2026-08-19T07:00,2026-08-19T06:00,delivered,689.0,688.8,689.1,427.2,261.8,0.1,0.0,689.1,-0.0
2026-08-19,16,7,2026-08,2026-08-19T07:30,2026-08-19T06:30,delivered,742.1,742.3,747.0,460.1,282.0,4.2,0.0,746.3,-0.7
2026-08-19,17,8,2026-08,2026-08-19T08:00,2026-08-19T07:00,delivered,776.2,778.5,779.9,481.2,295.0,3.2,0.0,779.4,-0.5
2026-08-19,18,8,2026-08,2026-08-19T08:30,2026-08-19T07:30,delivered,795.4,801.3,792.6,493.2,302.2,0.0,0.0,795.4,2.8
2026-08-19,19,9,2026-08,2026-08-19T09:00,2026-08-19T08:00,delivered,808.3,814.8,814.5,501.1,307.2,5.2,0.0,813.5,-1.0
2026-08-19,20,9,2026-08,2026-08-19T09:30,2026-08-19T08:30,delivered,811.2,819.6,822.2,503.0,308.2,9.3,0.0,820.5,-1.7
2026-08-19,21,10,2026-08,2026-08-19T10:00,2026-08-19T09:00,delivered,814.3,824.6,824.0,504.9,309.4,8.2,0.0,822.5,-1.5
2026-08-19,22,10,2026-08,2026-08-19T10:30,2026-08-19T09:30,delivered,817.0,829.5,827.9,506.5,310.5,9.3,0.0,826.3,-1.6
2026-08-19,23,11,2026-08,2026-08-19T11:00,2026-08-19T10:00,delivered,820.6,833.3,839.8,508.8,311.8,16.3,0.0,836.9,-2.9
2026-08-19,24,11,2026-08,2026-08-19T11:30,2026-08-19T10:30,delivered,824.0,840.1,841.8,510.9,313.1,15.1,0.0,839.1,-2.7
2026-08-19,25,12,2026-08,2026-08-19T12:00,2026-08-19T11:00,delivered,830.9,846.4,845.6,515.2,315.7,12.5,0.0,843.4,-2.2
2026-08-19,26,12,2026-08,2026-08-19T12:30,2026-08-19T11:30,delivered,833.6,852.0,854.4,516.8,316.8,15.7,0.0,849.3,-5.1
2026-08-19,27,13,2026-08,2026-08-19T13:00,2026-08-19T12:00,delivered,837.9,858.8,858.8,519.5,318.4,17.8,0.0,855.7,-3.1
2026-08-19,28,13,2026-08,2026-08-19T13:30,2026-08-19T12:30,delivered,841.0,862.3,861.7,521.4,319.6,18.1,0.0,859.1,-2.6
2026-08-19,29,14,2026-08,2026-08-19T14:00,2026-08-19T13:00,delivered,839.3,863.2,864.4,520.4,318.9,20.3,0.0,859.6,-4.8
2026-08-19,30,14,2026-08,2026-08-19T14:30,2026-08-19T13:30,delivered,838.6,861.2,863.1,519.9,318.7,19.3,0.0,857.9,-5.2
2026-08-19,31,15,2026-08,2026-08-19T15:00,2026-08-19T14:00,delivered,829.8,858.5,863.1,514.4,315.4,24.4,0.0,854.2,-8.9
2026-08-19,32,15,2026-08,2026-08-19T15:30,2026-08-19T14:30,in_delivery,827.3,854.5,,513.0,314.3,27.4,0.0,854.7,0.2
2026-08-19,33,16,2026-08,2026-08-19T16:00,2026-08-19T15:00,closed,820.5,851.2,,508.7,311.8,31.0,0.0,851.5,0.3
2026-08-19,34,16,2026-08,2026-08-19T16:30,2026-08-19T15:30,closed,812.1,846.5,,503.5,308.6,34.7,0.0,846.8,0.3
2026-08-19,35,17,2026-08,2026-08-19T17:00,2026-08-19T16:00,open,794.5,838.3,,492.6,301.9,6.6,0.0,801.1,-37.2
2026-08-19,36,17,2026-08,2026-08-19T17:30,2026-08-19T16:30,open,778.8,825.3,,482.9,295.9,5.6,0.0,784.4,-40.9
2026-08-19,37,18,2026-08,2026-08-19T18:00,2026-08-19T17:00,open,760.1,809.2,,471.3,288.8,4.9,0.0,765.0,-44.2
2026-08-19,38,18,2026-08,2026-08-19T18:30,2026-08-19T17:30,open,743.0,787.9,,460.7,282.3,5.4,0.0,748.4,-39.5
2026-08-19,39,19,2026-08,2026-08-19T19:00,2026-08-19T18:00,open,727.0,762.7,,450.7,276.3,35.8,0.0,762.8,0.1
2026-08-19,40,19,2026-08,2026-08-19T19:30,2026-08-19T18:30,open,705.2,731.9,,437.3,267.9,26.8,0.0,732.0,0.1
2026-08-19,41,20,2026-08,2026-08-19T20:00,2026-08-19T19:00,open,679.0,700.3,,421.0,258.0,21.6,0.0,700.6,0.3
2026-08-19,42,20,2026-08,2026-08-19T20:30,2026-08-19T19:30,open,650.3,667.4,,403.2,247.1,17.3,0.0,667.6,0.2
2026-08-19,43,21,2026-08,2026-08-19T21:00,2026-08-19T20:00,open,625.1,638.5,,387.6,237.5,13.6,0.0,638.7,0.2
2026-08-19,44,21,2026-08,2026-08-19T21:30,2026-08-19T20:30,open,602.2,614.8,,373.4,228.8,13.0,0.0,615.2,0.4
2026-08-19,45,22,2026-08,2026-08-19T22:00,2026-08-19T21:00,open,587.4,596.5,,364.2,223.2,9.5,0.0,596.9,0.4
2026-08-19,46,22,2026-08,2026-08-19T22:30,2026-08-19T21:30,open,575.9,583.6,,357.0,218.9,7.9,0.0,583.8,0.2
2026-08-19,47,23,2026-08,2026-08-19T23:00,2026-08-19T22:00,open,567.8,574.5,,352.1,215.7,7.0,0.0,574.8,0.3
2026-08-19,48,23,2026-08,2026-08-19T23:30,2026-08-19T22:30,open,565.2,570.9,,350.4,214.8,6.1,0.0,571.3,0.4
