customer_id,date,hour,month,load_mwh,allocated_cfe_mwh
C-0001,2026-07-01,0,2026-07,23.267,5.722
C-0001,2026-07-01,1,2026-07,22.415,6.639
C-0001,2026-07-01,2,2026-07,23.027,6.566
C-0001,2026-07-01,3,2026-07,23.033,6.578
C-0001,2026-07-01,4,2026-07,22.556,7.033
C-0001,2026-07-01,5,2026-07,22.728,11.676
C-0001,2026-07-01,6,2026-07,23.603,21.122
C-0001,2026-07-01,7,2026-07,23.464,31.245
C-0001,2026-07-01,8,2026-07,23.169,42.203
C-0001,2026-07-01,9,2026-07,23.416,50.624
C-0001,2026-07-01,10,2026-07,23.582,55.929
C-0001,2026-07-01,11,2026-07,23.683,59.539
C-0001,2026-07-01,12,2026-07,24.427,59.414
C-0001,2026-07-01,13,2026-07,24.979,57.423
C-0001,2026-07-01,14,2026-07,24.048,51.081
C-0001,2026-07-01,15,2026-07,24.015,42.833
C-0001,2026-07-01,16,2026-07,23.357,31.964
C-0001,2026-07-01,17,2026-07,24.37,19.629
C-0001,2026-07-01,18,2026-07,22.888,10.609
C-0001,2026-07-01,19,2026-07,22.797,5.626
C-0001,2026-07-01,20,2026-07,22.789,5.408
C-0001,2026-07-01,21,2026-07,22.781,4.646
C-0001,2026-07-01,22,2026-07,22.746,4.433
C-0001,2026-07-01,23,2026-07,22.811,4.19
C-0001,2026-07-02,0,2026-07,22.564,4.409
C-0001,2026-07-02,1,2026-07,22.092,3.997
C-0001,2026-07-02,2,2026-07,22.658,4.045
C-0001,2026-07-02,3,2026-07,22.953,3.937
C-0001,2026-07-02,4,2026-07,22.607,3.822
C-0001,2026-07-02,5,2026-07,23.118,7.609
C-0001,2026-07-02,6,2026-07,22.551,14.841
C-0001,2026-07-02,7,2026-07,22.959,22.654
C-0001,2026-07-02,8,2026-07,22.831,30.595
C-0001,2026-07-02,9,2026-07,22.176,36.892
C-0001,2026-07-02,10,2026-07,23.779,41.86
C-0001,2026-07-02,11,2026-07,24.236,43.905
C-0001,2026-07-02,12,2026-07,24.986,43.758
C-0001,2026-07-02,13,2026-07,24.446,41.765
C-0001,2026-07-02,14,2026-07,25.07,37.081
C-0001,2026-07-02,15,2026-07,24.686,30.792
C-0001,2026-07-02,16,2026-07,23.47,23.149
C-0001,2026-07-02,17,2026-07,23.586,14.917
C-0001,2026-07-02,18,2026-07,24.299,7.561
C-0001,2026-07-02,19,2026-07,23.3,3.922
C-0001,2026-07-02,20,2026-07,23.64,3.729
C-0001,2026-07-02,21,2026-07,23.13,3.925
C-0001,2026-07-02,22,2026-07,22.477,3.733
C-0001,2026-07-02,23,2026-07,22.66,3.706
C-0001,2026-07-03,0,2026-07,22.871,3.626
C-0001,2026-07-03,1,2026-07,22.932,3.716
C-0001,2026-07-03,2,2026-07,23.326,3.807
C-0001,2026-07-03,3,2026-07,22.921,4.135
C-0001,2026-07-03,4,2026-07,23.089,4.311
C-0001,2026-07-03,5,2026-07,22.904,9.164
C-0001,2026-07-03,6,2026-07,22.812,18.985
C-0001,2026-07-03,7,2026-07,23.425,30.22
C-0001,2026-07-03,8,2026-07,22.9,41.004
C-0001,2026-07-03,9,2026-07,23.676,50.126
C-0001,2026-07-03,10,2026-07,23.884,56.576
C-0001,2026-07-03,11,2026-07,23.337,60.236
C-0001,2026-07-03,12,2026-07,24.558,60.567
C-0001,2026-07-03,13,2026-07,25.424,57.156
C-0001,2026-07-03,14,2026-07,25.372,50.634
C-0001,2026-07-03,15,2026-07,24.661,41.773
C-0001,2026-07-03,16,2026-07,24.261,30.956
C-0001,2026-07-03,17,2026-07,24.333,20.221
C-0001,2026-07-03,18,2026-07,23.271,10.146
C-0001,2026-07-03,19,2026-07,24.393,5.417
C-0001,2026-07-03,20,2026-07,23.59,5.391
C-0001,2026-07-03,21,2026-07,23.422,4.581
C-0001,2026-07-03,22,2026-07,22.897,4.289
C-0001,2026-07-03,23,2026-07,22.81,4.505
C-0001,2026-07-04,0,2026-07,22.405,4.392
C-0001,2026-07-04,1,2026-07,23.22,5.113
C-0001,2026-07-04,2,2026-07,23.261,6.017
C-0001,2026-07-04,3,2026-07,22.471,6.313
C-0001,2026-07-04,4,2026-07,22.61,6.988
C-0001,2026-07-04,5,2026-07,22.848,12.601
C-0001,2026-07-04,6,2026-07,23.215,22.851
C-0001,2026-07-04,7,2026-07,22.88,34.783
C-0001,2026-07-04,8,2026-07,22.802,45.966
C-0001,2026-07-04,9,2026-07,23.574,56.303
C-0001,2026-07-04,10,2026-07,22.96,63.639
C-0001,2026-07-04,11,2026-07,23.586,67.508
C-0001,2026-07-04,12,2026-07,24.074,67.435
C-0001,2026-07-04,13,2026-07,25.041,63.118
C-0001,2026-07-04,14,2026-07,24.06,56.585
C-0001,2026-07-04,15,2026-07,24.213,46.683
C-0001,2026-07-04,16,2026-07,24.036,34.184
C-0001,2026-07-04,17,2026-07,23.322,21.36
C-0001,2026-07-04,18,2026-07,23.187,10.688
C-0001,2026-07-04,19,2026-07,22.621,5.782
C-0001,2026-07-04,20,2026-07,23.206,4.71
C-0001,2026-07-04,21,2026-07,22.698,4.562
C-0001,2026-07-04,22,2026-07,23.572,4.622
C-0001,2026-07-04,23,2026-07,23.066,4.666
C-0001,2026-07-05,0,2026-07,22.831,4.705
C-0001,2026-07-05,1,2026-07,22.59,4.809
C-0001,2026-07-05,2,2026-07,22.519,5.405
C-0001,2026-07-05,3,2026-07,23.036,5.271
C-0001,2026-07-05,4,2026-07,22.708,5.077
C-0001,2026-07-05,5,2026-07,22.753,9.324
C-0001,2026-07-05,6,2026-07,22.916,19.703
C-0001,2026-07-05,7,2026-07,23.001,30.058
C-0001,2026-07-05,8,2026-07,22.733,40.743
C-0001,2026-07-05,9,2026-07,23.2,49.725
C-0001,2026-07-05,10,2026-07,22.563,55.006
C-0001,2026-07-05,11,2026-07,23.2,58.584
C-0001,2026-07-05,12,2026-07,24.282,59.122
C-0001,2026-07-05,13,2026-07,23.802,55.879
C-0001,2026-07-05,14,2026-07,23.834,48.909
C-0001,2026-07-05,15,2026-07,23.866,39.623
C-0001,2026-07-05,16,2026-07,23.608,29.49
C-0001,2026-07-05,17,2026-07,23.288,18.391
C-0001,2026-07-05,18,2026-07,23.533,8.679
C-0001,2026-07-05,19,2026-07,23.075,4.095
C-0001,2026-07-05,20,2026-07,22.98,4.019
C-0001,2026-07-05,21,2026-07,22.715,3.785
C-0001,2026-07-05,22,2026-07,22.241,3.61
C-0001,2026-07-05,23,2026-07,23.141,3.937
C-0001,2026-07-06,0,2026-07,23.218,4.125
C-0001,2026-07-06,1,2026-07,23.227,3.826
C-0001,2026-07-06,2,2026-07,22.76,4.086
C-0001,2026-07-06,3,2026-07,23.412,3.69
C-0001,2026-07-06,4,2026-07,22.984,3.72
C-0001,2026-07-06,5,2026-07,22.931,7.238
C-0001,2026-07-06,6,2026-07,22.63,14.753
C-0001,2026-07-06,7,2026-07,22.527,22.834
C-0001,2026-07-06,8,2026-07,22.532,30.389
C-0001,2026-07-06,9,2026-07,22.491,36.965
C-0001,2026-07-06,10,2026-07,23.401,41.173
C-0001,2026-07-06,11,2026-07,23.343,44.089
C-0001,2026-07-06,12,2026-07,24.095,43.935
C-0001,2026-07-06,13,2026-07,24.472,42.36
C-0001,2026-07-06,14,2026-07,24.882,36.977
C-0001,2026-07-06,15,2026-07,24.026,30.896
C-0001,2026-07-06,16,2026-07,24.311,23.321
C-0001,2026-07-06,17,2026-07,23.28,15.335
C-0001,2026-07-06,18,2026-07,24.07,8.071
C-0001,2026-07-06,19,2026-07,22.926,5.408
C-0001,2026-07-06,20,2026-07,22.57,6.632
C-0001,2026-07-06,21,2026-07,22.505,6.683
C-0001,2026-07-06,22,2026-07,22.977,5.495
C-0001,2026-07-06,23,2026-07,22.503,4.779
C-0001,2026-07-07,0,2026-07,23.189,4.94
C-0001,2026-07-07,1,2026-07,22.782,4.334
C-0001,2026-07-07,2,2026-07,22.64,5.222
C-0001,2026-07-07,3,2026-07,22.753,5.778
C-0001,2026-07-07,4,2026-07,22.715,5.221
C-0001,2026-07-07,5,2026-07,23.096,8.884
C-0001,2026-07-07,6,2026-07,23.133,16.188
C-0001,2026-07-07,7,2026-07,23.403,25.5
C-0001,2026-07-07,8,2026-07,22.644,35.708
C-0001,2026-07-07,9,2026-07,22.658,41.52
C-0001,2026-07-07,10,2026-07,22.967,47.385
C-0001,2026-07-07,11,2026-07,23.809,49.286
C-0001,2026-07-07,12,2026-07,24.742,49.408
C-0001,2026-07-07,13,2026-07,24.447,47.355
C-0001,2026-07-07,14,2026-07,24.34,41.092
C-0001,2026-07-07,15,2026-07,24.528,35.541
C-0001,2026-07-07,16,2026-07,23.189,26.723
C-0001,2026-07-07,17,2026-07,23.927,18.017
C-0001,2026-07-07,18,2026-07,23.414,9.922
C-0001,2026-07-07,19,2026-07,22.512,6.436
C-0001,2026-07-07,20,2026-07,22.258,6.819
C-0001,2026-07-07,21,2026-07,22.841,7.139
C-0001,2026-07-07,22,2026-07,23.634,5.524
C-0001,2026-07-07,23,2026-07,22.494,5.536
C-0001,2026-07-08,0,2026-07,23.116,5.196
C-0001,2026-07-08,1,2026-07,23.341,5.097
C-0001,2026-07-08,2,2026-07,23.385,4.744
C-0001,2026-07-08,3,2026-07,22.456,4.126
C-0001,2026-07-08,4,2026-07,23.312,3.841
C-0001,2026-07-08,5,2026-07,22.592,8.517
C-0001,2026-07-08,6,2026-07,22.944,18.661
C-0001,2026-07-08,7,2026-07,22.893,29.688
C-0001,2026-07-08,8,2026-07,22.589,40.493
C-0001,2026-07-08,9,2026-07,23.611,49.139
C-0001,2026-07-08,10,2026-07,23.593,55.266
C-0001,2026-07-08,11,2026-07,24.574,58.485
C-0001,2026-07-08,12,2026-07,24.064,58.64
C-0001,2026-07-08,13,2026-07,25.462,55.583
C-0001,2026-07-08,14,2026-07,25.082,49.169
C-0001,2026-07-08,15,2026-07,24.842,40.111
C-0001,2026-07-08,16,2026-07,24.175,30.075
C-0001,2026-07-08,17,2026-07,24.167,18.577
C-0001,2026-07-08,18,2026-07,24.536,8.531
C-0001,2026-07-08,19,2026-07,24.232,3.618
C-0001,2026-07-08,20,2026-07,23.757,3.672
C-0001,2026-07-08,21,2026-07,23.652,3.653
C-0001,2026-07-08,22,2026-07,22.898,3.847
C-0001,2026-07-08,23,2026-07,23.262,3.721
C-0001,2026-07-09,0,2026-07,21.928,3.921
C-0001,2026-07-09,1,2026-07,23.167,4.066
C-0001,2026-07-09,2,2026-07,22.694,3.736
C-0001,2026-07-09,3,2026-07,22.688,3.607
C-0001,2026-07-09,4,2026-07,23.181,3.935
C-0001,2026-07-09,5,2026-07,22.853,8.247
C-0001,2026-07-09,6,2026-07,22.993,17.045
C-0001,2026-07-09,7,2026-07,22.803,26.882
C-0001,2026-07-09,8,2026-07,23.181,35.919
C-0001,2026-07-09,9,2026-07,23.859,43.319
C-0001,2026-07-09,10,2026-07,24.229,48.971
C-0001,2026-07-09,11,2026-07,24.106,51.798
C-0001,2026-07-09,12,2026-07,24.967,53.663
C-0001,2026-07-09,13,2026-07,25.596,51.361
C-0001,2026-07-09,14,2026-07,25.019,47.569
C-0001,2026-07-09,15,2026-07,25.072,38.167
C-0001,2026-07-09,16,2026-07,24.391,28.914
C-0001,2026-07-09,17,2026-07,23.345,19.159
C-0001,2026-07-09,18,2026-07,23.35,10.677
C-0001,2026-07-09,19,2026-07,22.983,6.15
C-0001,2026-07-09,20,2026-07,23.408,5.263
C-0001,2026-07-09,21,2026-07,22.877,4.531
C-0001,2026-07-09,22,2026-07,22.585,4.373
C-0001,2026-07-09,23,2026-07,22.56,4.585
C-0001,2026-07-10,0,2026-07,22.298,4.711
C-0001,2026-07-10,1,2026-07,22.532,4.713
C-0001,2026-07-10,2,2026-07,22.674,5.44
C-0001,2026-07-10,3,2026-07,23.236,5.104
C-0001,2026-07-10,4,2026-07,23.471,4.552
C-0001,2026-07-10,5,2026-07,23.323,9.605
C-0001,2026-07-10,6,2026-07,22.5,21.037
C-0001,2026-07-10,7,2026-07,22.512,32.854
C-0001,2026-07-10,8,2026-07,23.386,44.437
C-0001,2026-07-10,9,2026-07,23.01,53.327
C-0001,2026-07-10,10,2026-07,23.906,60.787
C-0001,2026-07-10,11,2026-07,24.42,63.911
C-0001,2026-07-10,12,2026-07,24.726,63.653
C-0001,2026-07-10,13,2026-07,24.078,60.129
C-0001,2026-07-10,14,2026-07,24.549,53.068
C-0001,2026-07-10,15,2026-07,25.141,43.511
C-0001,2026-07-10,16,2026-07,23.954,32.071
C-0001,2026-07-10,17,2026-07,23.45,20.429
C-0001,2026-07-10,18,2026-07,23.485,9.67
C-0001,2026-07-10,19,2026-07,23.521,4.852
C-0001,2026-07-10,20,2026-07,23.709,4.826
C-0001,2026-07-10,21,2026-07,23.279,4.463
C-0001,2026-07-10,22,2026-07,23.121,4.623
C-0001,2026-07-10,23,2026-07,22.945,5.252
C-0001,2026-07-11,0,2026-07,22.627,5.002
C-0001,2026-07-11,1,2026-07,23.063,5.599
C-0001,2026-07-11,2,2026-07,23.353,5.321
C-0001,2026-07-11,3,2026-07,22.997,4.743
C-0001,2026-07-11,4,2026-07,23.538,5.542
C-0001,2026-07-11,5,2026-07,22.545,9.683
C-0001,2026-07-11,6,2026-07,22.918,19.475
C-0001,2026-07-11,7,2026-07,22.764,30.24
C-0001,2026-07-11,8,2026-07,22.708,41.346
C-0001,2026-07-11,9,2026-07,23.455,49.567
C-0001,2026-07-11,10,2026-07,23.707,55.437
C-0001,2026-07-11,11,2026-07,24.197,59.655
C-0001,2026-07-11,12,2026-07,23.885,59.486
C-0001,2026-07-11,13,2026-07,24.787,56.489
C-0001,2026-07-11,14,2026-07,24.689,50.766
C-0001,2026-07-11,15,2026-07,23.974,41.742
C-0001,2026-07-11,16,2026-07,24.264,33.011
C-0001,2026-07-11,17,2026-07,23.561,20.264
C-0001,2026-07-11,18,2026-07,23.82,13.608
C-0001,2026-07-11,19,2026-07,23.771,8.088
C-0001,2026-07-11,20,2026-07,23.97,8.855
C-0001,2026-07-11,21,2026-07,23.119,8.259
C-0001,2026-07-11,22,2026-07,22.861,6.925
C-0001,2026-07-11,23,2026-07,22.989,5.58
C-0001,2026-07-12,0,2026-07,23.003,5.196
C-0001,2026-07-12,1,2026-07,23.179,4.619
C-0001,2026-07-12,2,2026-07,22.838,5.319
C-0001,2026-07-12,3,2026-07,23.243,6.096
C-0001,2026-07-12,4,2026-07,22.485,5.763
C-0001,2026-07-12,5,2026-07,22.782,11.221
C-0001,2026-07-12,6,2026-07,22.947,22.659
C-0001,2026-07-12,7,2026-07,22.708,35.464
C-0001,2026-07-12,8,2026-07,22.811,47.715
C-0001,2026-07-12,9,2026-07,22.527,58.13
C-0001,2026-07-12,10,2026-07,23.115,67.175
C-0001,2026-07-12,11,2026-07,23.152,71.158
C-0001,2026-07-12,12,2026-07,23.084,69.762
C-0001,2026-07-12,13,2026-07,23.867,65.109
C-0001,2026-07-12,14,2026-07,24.325,57.481
C-0001,2026-07-12,15,2026-07,23.624,46.728
C-0001,2026-07-12,16,2026-07,23.463,34.174
C-0001,2026-07-12,17,2026-07,23.426,21.912
C-0001,2026-07-12,18,2026-07,22.624,10.534
C-0001,2026-07-12,19,2026-07,22.647,4.889
C-0001,2026-07-12,20,2026-07,22.578,5.243
C-0001,2026-07-12,21,2026-07,22.533,5.54
C-0001,2026-07-12,22,2026-07,22.967,4.748
C-0001,2026-07-12,23,2026-07,22.649,4.19
C-0001,2026-07-13,0,2026-07,23.271,3.902
C-0001,2026-07-13,1,2026-07,22.943,3.878
C-0001,2026-07-13,2,2026-07,23.03,3.917
C-0001,2026-07-13,3,2026-07,22.922,4.322
C-0001,2026-07-13,4,2026-07,23.432,4.274
C-0001,2026-07-13,5,2026-07,23.131,8.682
C-0001,2026-07-13,6,2026-07,22.81,18.113
C-0001,2026-07-13,7,2026-07,22.483,28.054
C-0001,2026-07-13,8,2026-07,23.169,38.081
C-0001,2026-07-13,9,2026-07,23.701,46.342
C-0001,2026-07-13,10,2026-07,23.783,52.651
C-0001,2026-07-13,11,2026-07,24.79,55.728
C-0001,2026-07-13,12,2026-07,24.684,55.339
C-0001,2026-07-13,13,2026-07,25.437,52.235
C-0001,2026-07-13,14,2026-07,24.46,46.298
C-0001,2026-07-13,15,2026-07,24.748,37.925
C-0001,2026-07-13,16,2026-07,24.782,28.201
C-0001,2026-07-13,17,2026-07,24.214,18.724
C-0001,2026-07-13,18,2026-07,24.281,9.188
C-0001,2026-07-13,19,2026-07,23.125,5.202
C-0001,2026-07-13,20,2026-07,23.871,5.283
C-0001,2026-07-13,21,2026-07,23.245,5.188
C-0001,2026-07-13,22,2026-07,22.803,6.104
C-0001,2026-07-13,23,2026-07,22.683,5.665
C-0001,2026-07-14,0,2026-07,23.091,6.127
C-0001,2026-07-14,1,2026-07,23.033,5.706
C-0001,2026-07-14,2,2026-07,22.842,5.979
C-0001,2026-07-14,3,2026-07,22.476,6.835
C-0001,2026-07-14,4,2026-07,23.162,6.131
C-0001,2026-07-14,5,2026-07,22.658,9.763
C-0001,2026-07-14,6,2026-07,22.895,16.988
C-0001,2026-07-14,7,2026-07,22.8,25.685
C-0001,2026-07-14,8,2026-07,23.546,34.552
C-0001,2026-07-14,9,2026-07,23.837,41.396
C-0001,2026-07-14,10,2026-07,24.341,46.305
C-0001,2026-07-14,11,2026-07,25.063,48.818
C-0001,2026-07-14,12,2026-07,24.835,49.018
C-0001,2026-07-14,13,2026-07,25.794,46.688
C-0001,2026-07-14,14,2026-07,25.539,41.633
C-0001,2026-07-14,15,2026-07,24.862,35.526
C-0001,2026-07-14,16,2026-07,24.922,27.302
C-0001,2026-07-14,17,2026-07,24.859,19.724
C-0001,2026-07-14,18,2026-07,24.855,12.306
C-0001,2026-07-14,19,2026-07,24.439,8.792
C-0001,2026-07-14,20,2026-07,23.434,6.82
C-0001,2026-07-14,21,2026-07,23.415,6.822
C-0001,2026-07-14,22,2026-07,23.614,7.674
C-0001,2026-07-14,23,2026-07,22.639,8.09
C-0001,2026-07-15,0,2026-07,23.09,8.015
C-0001,2026-07-15,1,2026-07,22.844,9.997
C-0001,2026-07-15,2,2026-07,23.019,9.079
C-0001,2026-07-15,3,2026-07,23.035,9.023
C-0001,2026-07-15,4,2026-07,22.438,8.322
C-0001,2026-07-15,5,2026-07,22.896,11.0
C-0001,2026-07-15,6,2026-07,23.684,18.9
C-0001,2026-07-15,7,2026-07,23.194,27.783
C-0001,2026-07-15,8,2026-07,22.863,35.732
C-0001,2026-07-15,9,2026-07,24.024,42.566
C-0001,2026-07-15,10,2026-07,24.81,46.649
C-0001,2026-07-15,11,2026-07,24.328,49.343
C-0001,2026-07-15,12,2026-07,25.651,48.771
C-0001,2026-07-15,13,2026-07,25.68,46.006
C-0001,2026-07-15,14,2026-07,24.86,40.261
C-0001,2026-07-15,15,2026-07,24.52,32.948
C-0001,2026-07-15,16,2026-07,24.497,24.833
C-0001,2026-07-15,17,2026-07,24.576,15.953
C-0001,2026-07-15,18,2026-07,24.73,8.12
C-0001,2026-07-15,19,2026-07,24.106,4.449
C-0001,2026-07-15,20,2026-07,24.094,4.016
C-0001,2026-07-15,21,2026-07,23.868,4.037
C-0001,2026-07-15,22,2026-07,23.367,4.111
C-0001,2026-07-15,23,2026-07,23.347,3.645
C-0001,2026-07-16,0,2026-07,23.692,3.75
C-0001,2026-07-16,1,2026-07,23.182,4.127
C-0001,2026-07-16,2,2026-07,23.526,4.438
C-0001,2026-07-16,3,2026-07,23.395,4.02
C-0001,2026-07-16,4,2026-07,23.43,4.944
C-0001,2026-07-16,5,2026-07,23.424,9.198
C-0001,2026-07-16,6,2026-07,24.024,19.818
C-0001,2026-07-16,7,2026-07,23.345,31.911
C-0001,2026-07-16,8,2026-07,23.402,42.672
C-0001,2026-07-16,9,2026-07,24.54,51.505
C-0001,2026-07-16,10,2026-07,25.05,58.95
C-0001,2026-07-16,11,2026-07,25.913,62.504
C-0001,2026-07-16,12,2026-07,25.624,62.612
C-0001,2026-07-16,13,2026-07,25.839,60.424
C-0001,2026-07-16,14,2026-07,26.438,52.942
C-0001,2026-07-16,15,2026-07,25.23,43.552
C-0001,2026-07-16,16,2026-07,25.534,31.298
C-0001,2026-07-16,17,2026-07,24.116,19.667
C-0001,2026-07-16,18,2026-07,24.663,9.512
C-0001,2026-07-16,19,2026-07,24.485,4.058
C-0001,2026-07-16,20,2026-07,24.275,4.517
C-0001,2026-07-16,21,2026-07,24.152,4.166
C-0001,2026-07-16,22,2026-07,23.979,4.895
C-0001,2026-07-16,23,2026-07,23.706,4.949
C-0001,2026-07-17,0,2026-07,23.892,4.546
C-0001,2026-07-17,1,2026-07,23.389,4.766
C-0001,2026-07-17,2,2026-07,23.041,4.995
C-0001,2026-07-17,3,2026-07,23.665,4.416
C-0001,2026-07-17,4,2026-07,23.206,4.903
C-0001,2026-07-17,5,2026-07,22.758,8.014
C-0001,2026-07-17,6,2026-07,23.949,15.959
C-0001,2026-07-17,7,2026-07,23.612,24.627
C-0001,2026-07-17,8,2026-07,23.821,32.402
C-0001,2026-07-17,9,2026-07,24.415,39.712
C-0001,2026-07-17,10,2026-07,24.882,44.553
C-0001,2026-07-17,11,2026-07,24.763,47.752
C-0001,2026-07-17,12,2026-07,25.914,47.635
C-0001,2026-07-17,13,2026-07,25.855,44.528
C-0001,2026-07-17,14,2026-07,26.626,39.998
C-0001,2026-07-17,15,2026-07,25.661,32.639
C-0001,2026-07-17,16,2026-07,25.07,24.33
C-0001,2026-07-17,17,2026-07,24.665,16.1
C-0001,2026-07-17,18,2026-07,24.959,7.993
C-0001,2026-07-17,19,2026-07,24.364,5.402
C-0001,2026-07-17,20,2026-07,23.973,5.31
C-0001,2026-07-17,21,2026-07,23.621,4.978
C-0001,2026-07-17,22,2026-07,24.022,5.182
C-0001,2026-07-17,23,2026-07,24.434,6.14
C-0001,2026-07-18,0,2026-07,22.973,5.429
C-0001,2026-07-18,1,2026-07,23.128,4.424
C-0001,2026-07-18,2,2026-07,23.034,4.704
C-0001,2026-07-18,3,2026-07,23.238,4.958
C-0001,2026-07-18,4,2026-07,22.703,4.805
C-0001,2026-07-18,5,2026-07,22.836,9.141
C-0001,2026-07-18,6,2026-07,22.716,19.974
C-0001,2026-07-18,7,2026-07,22.385,32.549
C-0001,2026-07-18,8,2026-07,23.451,44.719
C-0001,2026-07-18,9,2026-07,23.458,54.624
C-0001,2026-07-18,10,2026-07,23.49,62.215
C-0001,2026-07-18,11,2026-07,24.714,66.176
C-0001,2026-07-18,12,2026-07,24.724,65.245
C-0001,2026-07-18,13,2026-07,24.928,61.371
C-0001,2026-07-18,14,2026-07,25.216,54.513
C-0001,2026-07-18,15,2026-07,24.767,45.211
C-0001,2026-07-18,16,2026-07,23.966,32.972
C-0001,2026-07-18,17,2026-07,24.183,20.196
C-0001,2026-07-18,18,2026-07,24.155,9.713
C-0001,2026-07-18,19,2026-07,24.222,5.088
C-0001,2026-07-18,20,2026-07,23.778,5.06
C-0001,2026-07-18,21,2026-07,23.801,5.286
C-0001,2026-07-18,22,2026-07,23.465,5.543
C-0001,2026-07-18,23,2026-07,23.276,4.982
C-0001,2026-07-19,0,2026-07,23.051,5.236
C-0001,2026-07-19,1,2026-07,23.223,4.861
C-0001,2026-07-19,2,2026-07,23.57,4.581
C-0001,2026-07-19,3,2026-07,23.124,5.91
C-0001,2026-07-19,4,2026-07,22.929,5.696
C-0001,2026-07-19,5,2026-07,23.592,10.486
C-0001,2026-07-19,6,2026-07,22.952,22.249
C-0001,2026-07-19,7,2026-07,23.77,34.532
C-0001,2026-07-19,8,2026-07,23.587,47.437
C-0001,2026-07-19,9,2026-07,23.612,57.023
C-0001,2026-07-19,10,2026-07,23.958,65.342
C-0001,2026-07-19,11,2026-07,24.92,69.608
C-0001,2026-07-19,12,2026-07,24.753,69.35
C-0001,2026-07-19,13,2026-07,24.69,65.249
C-0001,2026-07-19,14,2026-07,25.007,57.378
C-0001,2026-07-19,15,2026-07,24.992,46.197
C-0001,2026-07-19,16,2026-07,25.047,33.661
C-0001,2026-07-19,17,2026-07,24.341,20.18
C-0001,2026-07-19,18,2026-07,24.03,8.306
C-0001,2026-07-19,19,2026-07,23.697,3.533
C-0001,2026-07-19,20,2026-07,24.102,3.843
C-0001,2026-07-19,21,2026-07,23.843,4.032
C-0001,2026-07-19,22,2026-07,23.222,4.522
C-0001,2026-07-19,23,2026-07,22.923,4.564
C-0001,2026-07-20,0,2026-07,23.69,4.981
C-0001,2026-07-20,1,2026-07,23.47,4.772
C-0001,2026-07-20,2,2026-07,22.883,4.7
C-0001,2026-07-20,3,2026-07,22.426,4.36
C-0001,2026-07-20,4,2026-07,23.172,5.682
C-0001,2026-07-20,5,2026-07,22.993,10.484
C-0001,2026-07-20,6,2026-07,22.76,19.185
C-0001,2026-07-20,7,2026-07,23.681,30.08
C-0001,2026-07-20,8,2026-07,23.591,40.379
C-0001,2026-07-20,9,2026-07,23.075,49.504
C-0001,2026-07-20,10,2026-07,24.226,56.127
C-0001,2026-07-20,11,2026-07,24.433,59.772
C-0001,2026-07-20,12,2026-07,24.358,59.528
C-0001,2026-07-20,13,2026-07,25.993,56.172
C-0001,2026-07-20,14,2026-07,25.233,49.636
C-0001,2026-07-20,15,2026-07,24.341,39.974
C-0001,2026-07-20,16,2026-07,24.088,29.755
C-0001,2026-07-20,17,2026-07,24.489,18.026
C-0001,2026-07-20,18,2026-07,24.788,8.3
C-0001,2026-07-20,19,2026-07,23.423,4.568
C-0001,2026-07-20,20,2026-07,23.344,5.074
C-0001,2026-07-20,21,2026-07,23.884,4.62
C-0001,2026-07-20,22,2026-07,23.292,4.505
C-0001,2026-07-20,23,2026-07,22.516,4.405
C-0001,2026-07-21,0,2026-07,23.319,4.928
C-0001,2026-07-21,1,2026-07,22.762,4.765
C-0001,2026-07-21,2,2026-07,23.022,4.974
C-0001,2026-07-21,3,2026-07,22.566,4.179
C-0001,2026-07-21,4,2026-07,22.514,4.079
C-0001,2026-07-21,5,2026-07,22.83,8.724
C-0001,2026-07-21,6,2026-07,23.376,16.564
C-0001,2026-07-21,7,2026-07,23.466,25.338
C-0001,2026-07-21,8,2026-07,23.45,33.814
C-0001,2026-07-21,9,2026-07,23.588,41.326
C-0001,2026-07-21,10,2026-07,23.949,46.114
C-0001,2026-07-21,11,2026-07,24.561,50.204
C-0001,2026-07-21,12,2026-07,25.502,52.423
C-0001,2026-07-21,13,2026-07,25.315,47.393
C-0001,2026-07-21,14,2026-07,26.088,41.427
C-0001,2026-07-21,15,2026-07,25.428,34.598
C-0001,2026-07-21,16,2026-07,24.565,26.318
C-0001,2026-07-21,17,2026-07,23.874,18.73
C-0001,2026-07-21,18,2026-07,23.532,11.099
C-0001,2026-07-21,19,2026-07,24.024,7.585
C-0001,2026-07-21,20,2026-07,24.492,7.411
C-0001,2026-07-21,21,2026-07,23.363,7.874
C-0001,2026-07-21,22,2026-07,23.817,8.18
C-0001,2026-07-21,23,2026-07,23.196,7.046
C-0001,2026-07-22,0,2026-07,24.201,6.154
C-0001,2026-07-22,1,2026-07,23.537,6.809
C-0001,2026-07-22,2,2026-07,23.43,6.669
C-0001,2026-07-22,3,2026-07,23.302,5.876
C-0001,2026-07-22,4,2026-07,23.426,5.863
C-0001,2026-07-22,5,2026-07,23.485,10.931
C-0001,2026-07-22,6,2026-07,23.794,20.652
C-0001,2026-07-22,7,2026-07,23.645,32.041
C-0001,2026-07-22,8,2026-07,23.945,43.475
C-0001,2026-07-22,9,2026-07,24.061,54.035
C-0001,2026-07-22,10,2026-07,24.247,60.842
C-0001,2026-07-22,11,2026-07,24.667,63.919
C-0001,2026-07-22,12,2026-07,25.831,64.06
C-0001,2026-07-22,13,2026-07,25.962,60.431
C-0001,2026-07-22,14,2026-07,25.916,53.428
C-0001,2026-07-22,15,2026-07,25.429,42.768
C-0001,2026-07-22,16,2026-07,24.258,31.232
C-0001,2026-07-22,17,2026-07,24.381,18.99
C-0001,2026-07-22,18,2026-07,25.103,8.188
C-0001,2026-07-22,19,2026-07,25.002,4.145
C-0001,2026-07-22,20,2026-07,24.571,4.783
C-0001,2026-07-22,21,2026-07,24.249,3.848
C-0001,2026-07-22,22,2026-07,23.6,4.031
C-0001,2026-07-22,23,2026-07,23.242,4.074
C-0001,2026-07-23,0,2026-07,22.892,4.171
C-0001,2026-07-23,1,2026-07,23.027,4.074
C-0001,2026-07-23,2,2026-07,22.833,4.057
C-0001,2026-07-23,3,2026-07,23.585,4.201
C-0001,2026-07-23,4,2026-07,23.537,3.794
C-0001,2026-07-23,5,2026-07,23.087,8.005
C-0001,2026-07-23,6,2026-07,23.588,18.905
C-0001,2026-07-23,7,2026-07,23.37,30.927
C-0001,2026-07-23,8,2026-07,23.981,42.494
C-0001,2026-07-23,9,2026-07,24.359,51.696
C-0001,2026-07-23,10,2026-07,24.918,58.203
C-0001,2026-07-23,11,2026-07,24.457,61.857
C-0001,2026-07-23,12,2026-07,25.402,61.939
C-0001,2026-07-23,13,2026-07,25.599,58.52
C-0001,2026-07-23,14,2026-07,25.661,51.542
C-0001,2026-07-23,15,2026-07,25.573,42.153
C-0001,2026-07-23,16,2026-07,24.933,30.879
C-0001,2026-07-23,17,2026-07,24.705,19.067
C-0001,2026-07-23,18,2026-07,24.061,8.266
C-0001,2026-07-23,19,2026-07,23.892,4.526
C-0001,2026-07-23,20,2026-07,23.91,4.645
C-0001,2026-07-23,21,2026-07,24.171,5.572
C-0001,2026-07-23,22,2026-07,23.898,6.153
C-0001,2026-07-23,23,2026-07,23.256,6.646
C-0001,2026-07-24,0,2026-07,23.788,6.316
C-0001,2026-07-24,1,2026-07,24.236,6.383
C-0001,2026-07-24,2,2026-07,23.858,5.918
C-0001,2026-07-24,3,2026-07,23.645,5.262
C-0001,2026-07-24,4,2026-07,22.685,6.061
C-0001,2026-07-24,5,2026-07,23.795,10.082
C-0001,2026-07-24,6,2026-07,23.717,21.659
C-0001,2026-07-24,7,2026-07,23.489,33.279
C-0001,2026-07-24,8,2026-07,23.933,45.382
C-0001,2026-07-24,9,2026-07,24.861,56.235
C-0001,2026-07-24,10,2026-07,24.315,63.297
C-0001,2026-07-24,11,2026-07,24.953,67.106
C-0001,2026-07-24,12,2026-07,25.505,66.686
C-0001,2026-07-24,13,2026-07,25.852,63.067
C-0001,2026-07-24,14,2026-07,26.129,55.744
C-0001,2026-07-24,15,2026-07,25.971,45.568
C-0001,2026-07-24,16,2026-07,25.701,33.521
C-0001,2026-07-24,17,2026-07,24.906,20.456
C-0001,2026-07-24,18,2026-07,25.051,9.891
C-0001,2026-07-24,19,2026-07,24.828,5.571
C-0001,2026-07-24,20,2026-07,23.736,4.685
C-0001,2026-07-24,21,2026-07,23.879,4.166
C-0001,2026-07-24,22,2026-07,23.581,4.126
C-0001,2026-07-24,23,2026-07,23.206,5.358
C-0001,2026-07-25,0,2026-07,23.178,5.134
C-0001,2026-07-25,1,2026-07,22.982,5.125
C-0001,2026-07-25,2,2026-07,23.191,4.581
C-0001,2026-07-25,3,2026-07,23.267,3.684
C-0001,2026-07-25,4,2026-07,23.002,3.968
C-0001,2026-07-25,5,2026-07,23.276,7.504
C-0001,2026-07-25,6,2026-07,23.295,18.174
C-0001,2026-07-25,7,2026-07,23.949,30.328
C-0001,2026-07-25,8,2026-07,23.469,41.592
C-0001,2026-07-25,9,2026-07,24.712,51.596
C-0001,2026-07-25,10,2026-07,24.79,58.849
C-0001,2026-07-25,11,2026-07,25.076,62.441
C-0001,2026-07-25,12,2026-07,24.759,62.451
C-0001,2026-07-25,13,2026-07,24.916,58.919
C-0001,2026-07-25,14,2026-07,25.396,51.291
C-0001,2026-07-25,15,2026-07,24.857,41.486
C-0001,2026-07-25,16,2026-07,25.527,30.034
C-0001,2026-07-25,17,2026-07,23.767,18.062
C-0001,2026-07-25,18,2026-07,24.35,7.103
C-0001,2026-07-25,19,2026-07,24.117,3.254
C-0001,2026-07-25,20,2026-07,23.692,3.608
C-0001,2026-07-25,21,2026-07,23.55,3.458
C-0001,2026-07-25,22,2026-07,23.662,3.952
C-0001,2026-07-25,23,2026-07,23.303,4.062
C-0001,2026-07-26,0,2026-07,22.847,4.722
C-0001,2026-07-26,1,2026-07,23.113,4.313
C-0001,2026-07-26,2,2026-07,23.531,4.181
C-0001,2026-07-26,3,2026-07,23.036,4.692
C-0001,2026-07-26,4,2026-07,22.385,4.331
C-0001,2026-07-26,5,2026-07,22.994,8.502
C-0001,2026-07-26,6,2026-07,22.896,20.082
C-0001,2026-07-26,7,2026-07,22.725,32.82
C-0001,2026-07-26,8,2026-07,23.061,43.915
C-0001,2026-07-26,9,2026-07,22.886,53.784
C-0001,2026-07-26,10,2026-07,23.979,61.276
C-0001,2026-07-26,11,2026-07,23.809,65.738
C-0001,2026-07-26,12,2026-07,24.025,66.19
C-0001,2026-07-26,13,2026-07,24.635,62.691
C-0001,2026-07-26,14,2026-07,24.004,56.015
C-0001,2026-07-26,15,2026-07,24.561,44.504
C-0001,2026-07-26,16,2026-07,24.387,32.093
C-0001,2026-07-26,17,2026-07,24.045,20.747
C-0001,2026-07-26,18,2026-07,24.819,9.931
C-0001,2026-07-26,19,2026-07,23.848,6.509
C-0001,2026-07-26,20,2026-07,24.017,6.229
C-0001,2026-07-26,21,2026-07,23.208,6.288
C-0001,2026-07-26,22,2026-07,22.439,5.494
C-0001,2026-07-26,23,2026-07,23.973,4.923
C-0001,2026-07-27,0,2026-07,23.262,4.998
C-0001,2026-07-27,1,2026-07,22.543,4.776
C-0001,2026-07-27,2,2026-07,22.938,3.987
C-0001,2026-07-27,3,2026-07,22.787,4.175
C-0001,2026-07-27,4,2026-07,22.641,4.154
C-0001,2026-07-27,5,2026-07,22.936,7.551
C-0001,2026-07-27,6,2026-07,23.027,17.53
C-0001,2026-07-27,7,2026-07,24.143,28.491
C-0001,2026-07-27,8,2026-07,23.696,40.03
C-0001,2026-07-27,9,2026-07,23.787,49.115
C-0001,2026-07-27,10,2026-07,24.08,56.411
C-0001,2026-07-27,11,2026-07,24.295,60.141
C-0001,2026-07-27,12,2026-07,25.121,60.064
C-0001,2026-07-27,13,2026-07,26.695,55.654
C-0001,2026-07-27,14,2026-07,25.224,48.888
C-0001,2026-07-27,15,2026-07,25.233,39.432
C-0001,2026-07-27,16,2026-07,25.031,28.536
C-0001,2026-07-27,17,2026-07,24.115,17.247
C-0001,2026-07-27,18,2026-07,24.369,7.189
C-0001,2026-07-27,19,2026-07,23.618,3.816
C-0001,2026-07-27,20,2026-07,23.712,3.963
C-0001,2026-07-27,21,2026-07,23.785,4.021
C-0001,2026-07-27,22,2026-07,23.844,4.518
C-0001,2026-07-27,23,2026-07,23.335,4.904
C-0001,2026-07-28,0,2026-07,23.037,4.917
C-0001,2026-07-28,1,2026-07,23.552,4.441
C-0001,2026-07-28,2,2026-07,23.084,4.604
C-0001,2026-07-28,3,2026-07,22.244,5.277
C-0001,2026-07-28,4,2026-07,22.8,4.916
C-0001,2026-07-28,5,2026-07,22.785,7.345
C-0001,2026-07-28,6,2026-07,22.485,16.147
C-0001,2026-07-28,7,2026-07,23.377,25.778
C-0001,2026-07-28,8,2026-07,23.919,34.464
C-0001,2026-07-28,9,2026-07,23.938,41.256
C-0001,2026-07-28,10,2026-07,24.072,47.376
C-0001,2026-07-28,11,2026-07,24.9,51.126
C-0001,2026-07-28,12,2026-07,25.54,50.556
C-0001,2026-07-28,13,2026-07,26.027,47.112
C-0001,2026-07-28,14,2026-07,25.275,41.554
C-0001,2026-07-28,15,2026-07,25.156,33.493
C-0001,2026-07-28,16,2026-07,24.207,24.771
C-0001,2026-07-28,17,2026-07,24.538,15.678
C-0001,2026-07-28,18,2026-07,23.388,7.706
C-0001,2026-07-28,19,2026-07,23.702,4.683
C-0001,2026-07-28,20,2026-07,24.04,4.634
C-0001,2026-07-28,21,2026-07,24.018,4.159
C-0001,2026-07-28,22,2026-07,23.101,4.998
C-0001,2026-07-28,23,2026-07,23.476,5.176
C-0001,2026-07-29,0,2026-07,23.293,4.5
C-0001,2026-07-29,1,2026-07,23.032,4.918
C-0001,2026-07-29,2,2026-07,22.802,4.251
C-0001,2026-07-29,3,2026-07,24.097,4.117
C-0001,2026-07-29,4,2026-07,23.137,4.386
C-0001,2026-07-29,5,2026-07,23.646,6.623
C-0001,2026-07-29,6,2026-07,23.65,12.701
C-0001,2026-07-29,7,2026-07,23.255,18.066
C-0001,2026-07-29,8,2026-07,24.249,24.177
C-0001,2026-07-29,9,2026-07,24.418,30.28
C-0001,2026-07-29,10,2026-07,24.615,33.898
C-0001,2026-07-29,11,2026-07,24.648,35.775
C-0001,2026-07-29,12,2026-07,24.962,35.778
C-0001,2026-07-29,13,2026-07,25.132,33.902
C-0001,2026-07-29,14,2026-07,26.031,29.391
C-0001,2026-07-29,15,2026-07,25.214,23.29
C-0001,2026-07-29,16,2026-07,24.382,16.853
C-0001,2026-07-29,17,2026-07,24.658,10.606
C-0001,2026-07-29,18,2026-07,24.607,5.214
C-0001,2026-07-29,19,2026-07,24.585,3.538
C-0001,2026-07-29,20,2026-07,24.336,3.874
C-0001,2026-07-29,21,2026-07,24.013,4.063
C-0001,2026-07-29,22,2026-07,24.111,3.966
C-0001,2026-07-29,23,2026-07,23.371,4.843
C-0001,2026-07-30,0,2026-07,23.745,5.472
C-0001,2026-07-30,1,2026-07,23.412,5.312
C-0001,2026-07-30,2,2026-07,23.58,6.189
C-0001,2026-07-30,3,2026-07,23.33,5.299
C-0001,2026-07-30,4,2026-07,23.284,5.137
C-0001,2026-07-30,5,2026-07,23.362,8.412
C-0001,2026-07-30,6,2026-07,24.164,18.666
C-0001,2026-07-30,7,2026-07,24.482,29.216
C-0001,2026-07-30,8,2026-07,24.566,40.665
C-0001,2026-07-30,9,2026-07,24.235,49.655
C-0001,2026-07-30,10,2026-07,24.298,56.583
C-0001,2026-07-30,11,2026-07,24.696,60.785
C-0001,2026-07-30,12,2026-07,25.626,62.578
C-0001,2026-07-30,13,2026-07,25.881,59.081
C-0001,2026-07-30,14,2026-07,26.688,51.718
C-0001,2026-07-30,15,2026-07,26.094,41.118
C-0001,2026-07-30,16,2026-07,24.725,31.27
C-0001,2026-07-30,17,2026-07,25.375,19.547
C-0001,2026-07-30,18,2026-07,25.356,9.741
C-0001,2026-07-30,19,2026-07,24.602,5.928
C-0001,2026-07-30,20,2026-07,24.618,5.204
C-0001,2026-07-30,21,2026-07,24.223,5.773
C-0001,2026-07-30,22,2026-07,24.727,5.711
C-0001,2026-07-30,23,2026-07,23.561,5.394
C-0001,2026-07-31,0,2026-07,24.12,5.142
C-0001,2026-07-31,1,2026-07,22.851,4.876
C-0001,2026-07-31,2,2026-07,23.634,5.152
C-0001,2026-07-31,3,2026-07,23.412,4.964
C-0001,2026-07-31,4,2026-07,22.9,4.636
C-0001,2026-07-31,5,2026-07,23.31,8.341
C-0001,2026-07-31,6,2026-07,23.177,17.825
C-0001,2026-07-31,7,2026-07,23.381,28.922
C-0001,2026-07-31,8,2026-07,23.353,39.783
C-0001,2026-07-31,9,2026-07,23.821,48.302
C-0001,2026-07-31,10,2026-07,23.567,54.775
C-0001,2026-07-31,11,2026-07,24.311,59.007
C-0001,2026-07-31,12,2026-07,25.21,59.576
C-0001,2026-07-31,13,2026-07,25.05,55.844
C-0001,2026-07-31,14,2026-07,26.12,50.013
C-0001,2026-07-31,15,2026-07,25.31,41.328
C-0001,2026-07-31,16,2026-07,24.728,29.214
C-0001,2026-07-31,17,2026-07,24.548,19.588
C-0001,2026-07-31,18,2026-07,23.675,9.525
C-0001,2026-07-31,19,2026-07,24.432,5.721
C-0001,2026-07-31,20,2026-07,23.856,5.455
C-0001,2026-07-31,21,2026-07,23.858,5.944
C-0001,2026-07-31,22,2026-07,23.971,5.818
C-0001,2026-07-31,23,2026-07,23.434,5.908
C-0001,2026-08-01,0,2026-08,22.978,6.635
C-0001,2026-08-01,1,2026-08,23.34,8.153
C-0001,2026-08-01,2,2026-08,22.604,7.116
C-0001,2026-08-01,3,2026-08,23.05,5.712
C-0001,2026-08-01,4,2026-08,22.678,6.646
C-0001,2026-08-01,5,2026-08,23.389,10.225
C-0001,2026-08-01,6,2026-08,22.859,20.86
C-0001,2026-08-01,7,2026-08,23.231,32.882
C-0001,2026-08-01,8,2026-08,23.762,44.663
C-0001,2026-08-01,9,2026-08,23.805,55.134
C-0001,2026-08-01,10,2026-08,23.992,62.421
C-0001,2026-08-01,11,2026-08,24.532,67.187
C-0001,2026-08-01,12,2026-08,24.109,67.753
C-0001,2026-08-01,13,2026-08,24.933,64.1
C-0001,2026-08-01,14,2026-08,24.778,54.4
C-0001,2026-08-01,15,2026-08,25.851,43.416
C-0001,2026-08-01,16,2026-08,24.91,31.524
C-0001,2026-08-01,17,2026-08,24.309,20.096
C-0001,2026-08-01,18,2026-08,24.918,8.825
C-0001,2026-08-01,19,2026-08,23.815,5.432
C-0001,2026-08-01,20,2026-08,23.807,5.883
C-0001,2026-08-01,21,2026-08,23.926,5.578
C-0001,2026-08-01,22,2026-08,23.773,5.371
C-0001,2026-08-01,23,2026-08,23.472,6.034
C-0001,2026-08-02,0,2026-08,23.019,7.237
C-0001,2026-08-02,1,2026-08,23.626,5.815
C-0001,2026-08-02,2,2026-08,23.1,5.879
C-0001,2026-08-02,3,2026-08,22.248,5.343
C-0001,2026-08-02,4,2026-08,22.729,5.325
C-0001,2026-08-02,5,2026-08,22.797,9.333
C-0001,2026-08-02,6,2026-08,23.328,21.401
C-0001,2026-08-02,7,2026-08,23.35,36.463
C-0001,2026-08-02,8,2026-08,23.453,50.737
C-0001,2026-08-02,9,2026-08,23.985,62.558
C-0001,2026-08-02,10,2026-08,24.618,72.327
C-0001,2026-08-02,11,2026-08,24.632,77.558
C-0001,2026-08-02,12,2026-08,23.893,75.602
C-0001,2026-08-02,13,2026-08,24.519,70.445
C-0001,2026-08-02,14,2026-08,24.963,61.293
C-0001,2026-08-02,15,2026-08,24.821,49.11
C-0001,2026-08-02,16,2026-08,24.132,34.861
C-0001,2026-08-02,17,2026-08,24.042,20.229
C-0001,2026-08-02,18,2026-08,23.903,7.64
C-0001,2026-08-02,19,2026-08,23.517,3.893
C-0001,2026-08-02,20,2026-08,24.086,3.915
C-0001,2026-08-02,21,2026-08,23.046,4.148
C-0001,2026-08-02,22,2026-08,23.222,4.394
C-0001,2026-08-02,23,2026-08,23.383,4.376
C-0001,2026-08-03,0,2026-08,22.902,4.265
C-0001,2026-08-03,1,2026-08,22.894,4.084
C-0001,2026-08-03,2,2026-08,23.038,4.535
C-0001,2026-08-03,3,2026-08,21.97,4.675
C-0001,2026-08-03,4,2026-08,23.111,4.546
C-0001,2026-08-03,5,2026-08,23.181,7.184
C-0001,2026-08-03,6,2026-08,22.55,18.045
C-0001,2026-08-03,7,2026-08,23.374,30.788
C-0001,2026-08-03,8,2026-08,23.513,42.848
C-0001,2026-08-03,9,2026-08,23.518,52.936
C-0001,2026-08-03,10,2026-08,24.009,60.509
C-0001,2026-08-03,11,2026-08,24.285,64.182
C-0001,2026-08-03,12,2026-08,24.477,64.332
C-0001,2026-08-03,13,2026-08,25.515,60.272
C-0001,2026-08-03,14,2026-08,25.248,53.427
C-0001,2026-08-03,15,2026-08,24.415,43.732
C-0001,2026-08-03,16,2026-08,24.111,31.4
C-0001,2026-08-03,17,2026-08,24.366,18.631
C-0001,2026-08-03,18,2026-08,23.605,7.578
C-0001,2026-08-03,19,2026-08,23.634,5.457
C-0001,2026-08-03,20,2026-08,23.427,5.268
C-0001,2026-08-03,21,2026-08,22.566,5.0
C-0001,2026-08-03,22,2026-08,22.929,5.155
C-0001,2026-08-03,23,2026-08,23.219,4.741
C-0001,2026-08-04,0,2026-08,23.631,5.245
C-0001,2026-08-04,1,2026-08,23.315,5.767
C-0001,2026-08-04,2,2026-08,22.977,6.865
C-0001,2026-08-04,3,2026-08,23.455,6.253
C-0001,2026-08-04,4,2026-08,23.067,6.567
C-0001,2026-08-04,5,2026-08,23.578,10.103
C-0001,2026-08-04,6,2026-08,23.177,20.827
C-0001,2026-08-04,7,2026-08,23.427,33.474
C-0001,2026-08-04,8,2026-08,23.732,46.55
C-0001,2026-08-04,9,2026-08,24.712,58.293
C-0001,2026-08-04,10,2026-08,24.858,65.762
C-0001,2026-08-04,11,2026-08,24.182,71.053
C-0001,2026-08-04,12,2026-08,25.04,72.264
C-0001,2026-08-04,13,2026-08,25.461,67.878
C-0001,2026-08-04,14,2026-08,25.605,59.523
C-0001,2026-08-04,15,2026-08,25.056,49.199
C-0001,2026-08-04,16,2026-08,25.174,33.951
C-0001,2026-08-04,17,2026-08,24.908,21.28
C-0001,2026-08-04,18,2026-08,24.48,8.756
C-0001,2026-08-04,19,2026-08,23.486,5.152
C-0001,2026-08-04,20,2026-08,24.584,5.764
C-0001,2026-08-04,21,2026-08,23.593,5.936
C-0001,2026-08-04,22,2026-08,23.293,5.993
C-0001,2026-08-04,23,2026-08,23.654,5.58
C-0001,2026-08-05,0,2026-08,23.29,5.889
C-0001,2026-08-05,1,2026-08,23.564,5.903
C-0001,2026-08-05,2,2026-08,22.952,5.526
C-0001,2026-08-05,3,2026-08,23.022,6.206
C-0001,2026-08-05,4,2026-08,23.273,6.34
C-0001,2026-08-05,5,2026-08,23.742,9.373
C-0001,2026-08-05,6,2026-08,23.608,23.253
C-0001,2026-08-05,7,2026-08,23.865,37.465
C-0001,2026-08-05,8,2026-08,24.05,51.534
C-0001,2026-08-05,9,2026-08,24.457,64.496
C-0001,2026-08-05,10,2026-08,24.083,75.102
C-0001,2026-08-05,11,2026-08,25.292,79.389
C-0001,2026-08-05,12,2026-08,26.08,79.81
C-0001,2026-08-05,13,2026-08,25.35,74.544
C-0001,2026-08-05,14,2026-08,26.201,64.287
C-0001,2026-08-05,15,2026-08,25.488,51.962
C-0001,2026-08-05,16,2026-08,24.533,37.741
C-0001,2026-08-05,17,2026-08,24.496,22.833
C-0001,2026-08-05,18,2026-08,24.248,9.926
C-0001,2026-08-05,19,2026-08,24.544,5.898
C-0001,2026-08-05,20,2026-08,24.02,5.066
C-0001,2026-08-05,21,2026-08,24.545,4.57
C-0001,2026-08-05,22,2026-08,24.46,4.488
C-0001,2026-08-05,23,2026-08,24.309,5.361
C-0001,2026-08-06,0,2026-08,22.812,5.136
C-0001,2026-08-06,1,2026-08,23.25,4.482
C-0001,2026-08-06,2,2026-08,23.33,4.555
C-0001,2026-08-06,3,2026-08,22.595,4.491
C-0001,2026-08-06,4,2026-08,23.111,4.135
C-0001,2026-08-06,5,2026-08,23.211,7.375
C-0001,2026-08-06,6,2026-08,23.925,19.651
C-0001,2026-08-06,7,2026-08,23.307,33.935
C-0001,2026-08-06,8,2026-08,23.422,48.512
C-0001,2026-08-06,9,2026-08,24.244,61.61
C-0001,2026-08-06,10,2026-08,24.526,70.547
C-0001,2026-08-06,11,2026-08,24.037,75.445
C-0001,2026-08-06,12,2026-08,25.328,75.495
C-0001,2026-08-06,13,2026-08,25.281,71.357
C-0001,2026-08-06,14,2026-08,25.854,61.974
C-0001,2026-08-06,15,2026-08,25.782,49.968
C-0001,2026-08-06,16,2026-08,24.938,35.863
C-0001,2026-08-06,17,2026-08,24.346,21.402
C-0001,2026-08-06,18,2026-08,24.188,8.899
C-0001,2026-08-06,19,2026-08,23.957,6.219
C-0001,2026-08-06,20,2026-08,24.299,5.877
C-0001,2026-08-06,21,2026-08,24.347,5.41
C-0001,2026-08-06,22,2026-08,23.354,5.566
C-0001,2026-08-06,23,2026-08,23.754,4.938
C-0001,2026-08-07,0,2026-08,23.691,5.436
C-0001,2026-08-07,1,2026-08,23.267,5.951
C-0001,2026-08-07,2,2026-08,23.138,6.339
C-0001,2026-08-07,3,2026-08,23.959,5.678
C-0001,2026-08-07,4,2026-08,23.832,6.808
C-0001,2026-08-07,5,2026-08,23.065,9.289
C-0001,2026-08-07,6,2026-08,23.336,19.076
C-0001,2026-08-07,7,2026-08,23.941,30.513
C-0001,2026-08-07,8,2026-08,24.773,43.614
C-0001,2026-08-07,9,2026-08,23.854,54.142
C-0001,2026-08-07,10,2026-08,24.611,62.075
C-0001,2026-08-07,11,2026-08,24.763,66.225
C-0001,2026-08-07,12,2026-08,25.307,65.482
C-0001,2026-08-07,13,2026-08,26.453,62.341
C-0001,2026-08-07,14,2026-08,26.021,53.821
C-0001,2026-08-07,15,2026-08,26.089,44.126
C-0001,2026-08-07,16,2026-08,25.384,30.955
C-0001,2026-08-07,17,2026-08,24.2,18.459
C-0001,2026-08-07,18,2026-08,24.343,8.308
C-0001,2026-08-07,19,2026-08,24.653,5.379
C-0001,2026-08-07,20,2026-08,24.167,5.28
C-0001,2026-08-07,21,2026-08,24.348,5.343
C-0001,2026-08-07,22,2026-08,24.063,4.748
C-0001,2026-08-07,23,2026-08,23.632,4.788
C-0001,2026-08-08,0,2026-08,23.274,4.337
C-0001,2026-08-08,1,2026-08,22.969,4.335
C-0001,2026-08-08,2,2026-08,22.5,4.16
C-0001,2026-08-08,3,2026-08,23.343,4.064
C-0001,2026-08-08,4,2026-08,22.936,4.145
C-0001,2026-08-08,5,2026-08,23.009,6.425
C-0001,2026-08-08,6,2026-08,23.177,15.766
C-0001,2026-08-08,7,2026-08,23.722,26.961
C-0001,2026-08-08,8,2026-08,23.835,37.87
C-0001,2026-08-08,9,2026-08,23.841,46.226
C-0001,2026-08-08,10,2026-08,24.253,52.532
C-0001,2026-08-08,11,2026-08,24.691,56.742
C-0001,2026-08-08,12,2026-08,24.918,56.996
C-0001,2026-08-08,13,2026-08,24.612,52.091
C-0001,2026-08-08,14,2026-08,25.475,45.554
C-0001,2026-08-08,15,2026-08,25.28,36.635
C-0001,2026-08-08,16,2026-08,25.138,26.315
C-0001,2026-08-08,17,2026-08,24.337,16.222
C-0001,2026-08-08,18,2026-08,24.281,6.553
C-0001,2026-08-08,19,2026-08,24.04,5.154
C-0001,2026-08-08,20,2026-08,24.128,4.462
C-0001,2026-08-08,21,2026-08,23.908,4.523
C-0001,2026-08-08,22,2026-08,23.862,5.189
C-0001,2026-08-08,23,2026-08,23.725,5.19
C-0001,2026-08-09,0,2026-08,22.703,4.902
C-0001,2026-08-09,1,2026-08,23.206,5.617
C-0001,2026-08-09,2,2026-08,22.875,6.276
C-0001,2026-08-09,3,2026-08,23.403,5.488
C-0001,2026-08-09,4,2026-08,23.601,6.104
C-0001,2026-08-09,5,2026-08,22.999,8.725
C-0001,2026-08-09,6,2026-08,23.163,21.301
C-0001,2026-08-09,7,2026-08,23.141,37.562
C-0001,2026-08-09,8,2026-08,24.04,50.575
C-0001,2026-08-09,9,2026-08,23.515,62.52
C-0001,2026-08-09,10,2026-08,23.957,72.268
C-0001,2026-08-09,11,2026-08,23.816,75.079
C-0001,2026-08-09,12,2026-08,24.645,74.192
C-0001,2026-08-09,13,2026-08,25.225,70.071
C-0001,2026-08-09,14,2026-08,24.288,60.831
C-0001,2026-08-09,15,2026-08,24.911,48.842
C-0001,2026-08-09,16,2026-08,23.893,33.107
C-0001,2026-08-09,17,2026-08,24.059,19.175
C-0001,2026-08-09,18,2026-08,23.471,7.809
C-0001,2026-08-09,19,2026-08,23.989,5.453
C-0001,2026-08-09,20,2026-08,23.832,6.257
C-0001,2026-08-09,21,2026-08,23.898,5.505
C-0001,2026-08-09,22,2026-08,23.283,5.113
C-0001,2026-08-09,23,2026-08,23.427,4.838
C-0001,2026-08-10,0,2026-08,23.611,4.639
C-0001,2026-08-10,1,2026-08,23.457,4.887
C-0001,2026-08-10,2,2026-08,22.752,5.431
C-0001,2026-08-10,3,2026-08,22.774,7.205
C-0001,2026-08-10,4,2026-08,23.473,8.754
C-0001,2026-08-10,5,2026-08,22.819,9.542
C-0001,2026-08-10,6,2026-08,23.533,21.776
C-0001,2026-08-10,7,2026-08,23.152,32.997
C-0001,2026-08-10,8,2026-08,23.53,44.572
C-0001,2026-08-10,9,2026-08,23.939,54.123
C-0001,2026-08-10,10,2026-08,23.895,63.113
C-0001,2026-08-10,11,2026-08,24.751,65.293
C-0001,2026-08-10,12,2026-08,25.264,65.317
C-0001,2026-08-10,13,2026-08,25.443,61.182
C-0001,2026-08-10,14,2026-08,25.403,52.503
C-0001,2026-08-10,15,2026-08,24.871,41.975
C-0001,2026-08-10,16,2026-08,24.629,29.119
C-0001,2026-08-10,17,2026-08,24.785,16.816
C-0001,2026-08-10,18,2026-08,24.175,6.644
C-0001,2026-08-10,19,2026-08,24.346,4.459
C-0001,2026-08-10,20,2026-08,24.601,4.313
C-0001,2026-08-10,21,2026-08,24.3,4.127
C-0001,2026-08-10,22,2026-08,23.514,4.288
C-0001,2026-08-10,23,2026-08,22.835,4.978
C-0001,2026-08-11,0,2026-08,23.394,4.211
C-0001,2026-08-11,1,2026-08,23.15,4.107
C-0001,2026-08-11,2,2026-08,22.794,4.301
C-0001,2026-08-11,3,2026-08,22.327,4.296
C-0001,2026-08-11,4,2026-08,23.548,4.406
C-0001,2026-08-11,5,2026-08,22.184,6.6
C-0001,2026-08-11,6,2026-08,23.265,17.381
C-0001,2026-08-11,7,2026-08,23.392,30.305
C-0001,2026-08-11,8,2026-08,23.563,42.559
C-0001,2026-08-11,9,2026-08,24.193,52.897
C-0001,2026-08-11,10,2026-08,24.107,61.124
C-0001,2026-08-11,11,2026-08,24.467,65.752
C-0001,2026-08-11,12,2026-08,25.38,65.96
C-0001,2026-08-11,13,2026-08,25.203,61.127
C-0001,2026-08-11,14,2026-08,24.871,53.1
C-0001,2026-08-11,15,2026-08,24.991,42.875
C-0001,2026-08-11,16,2026-08,24.447,29.871
C-0001,2026-08-11,17,2026-08,24.238,16.952
C-0001,2026-08-11,18,2026-08,24.199,5.883
C-0001,2026-08-11,19,2026-08,23.972,3.762
C-0001,2026-08-11,20,2026-08,23.716,3.851
C-0001,2026-08-11,21,2026-08,22.905,3.99
C-0001,2026-08-11,22,2026-08,23.639,4.418
C-0001,2026-08-11,23,2026-08,22.784,4.598
C-0001,2026-08-12,0,2026-08,23.65,5.593
C-0001,2026-08-12,1,2026-08,23.99,5.164
C-0001,2026-08-12,2,2026-08,23.747,5.111
C-0001,2026-08-12,3,2026-08,22.993,5.138
C-0001,2026-08-12,4,2026-08,23.248,5.416
C-0001,2026-08-12,5,2026-08,23.922,9.136
C-0001,2026-08-12,6,2026-08,23.975,22.152
C-0001,2026-08-12,7,2026-08,24.458,36.833
C-0001,2026-08-12,8,2026-08,23.905,52.017
C-0001,2026-08-12,9,2026-08,24.237,64.638
C-0001,2026-08-12,10,2026-08,24.99,73.504
C-0001,2026-08-12,11,2026-08,24.819,78.021
C-0001,2026-08-12,12,2026-08,25.908,78.065
C-0001,2026-08-12,13,2026-08,25.934,73.346
C-0001,2026-08-12,14,2026-08,26.386,64.155
C-0001,2026-08-12,15,2026-08,26.088,50.988
C-0001,2026-08-12,16,2026-08,24.94,36.662
C-0001,2026-08-12,17,2026-08,25.031,21.74
C-0001,2026-08-12,18,2026-08,24.404,8.369
C-0001,2026-08-12,19,2026-08,23.984,5.675
C-0001,2026-08-12,20,2026-08,24.185,4.809
C-0001,2026-08-12,21,2026-08,23.684,4.898
C-0001,2026-08-12,22,2026-08,24.613,5.058
C-0001,2026-08-12,23,2026-08,23.958,4.86
C-0001,2026-08-13,0,2026-08,23.043,4.586
C-0001,2026-08-13,1,2026-08,23.997,4.629
C-0001,2026-08-13,2,2026-08,23.448,4.466
C-0001,2026-08-13,3,2026-08,22.777,3.948
C-0001,2026-08-13,4,2026-08,23.476,4.253
C-0001,2026-08-13,5,2026-08,23.44,4.683
C-0001,2026-08-13,6,2026-08,23.83,11.101
C-0001,2026-08-13,7,2026-08,24.08,18.864
C-0001,2026-08-13,8,2026-08,23.789,26.915
C-0001,2026-08-13,9,2026-08,25.079,32.849
C-0001,2026-08-13,10,2026-08,23.934,37.381
C-0001,2026-08-13,11,2026-08,25.139,39.571
C-0001,2026-08-13,12,2026-08,26.461,39.37
C-0001,2026-08-13,13,2026-08,26.704,37.408
C-0001,2026-08-13,14,2026-08,25.687,32.65
C-0001,2026-08-13,15,2026-08,25.374,26.572
C-0001,2026-08-13,16,2026-08,25.412,19.913
C-0001,2026-08-13,17,2026-08,25.135,12.191
C-0001,2026-08-13,18,2026-08,24.883,5.631
C-0001,2026-08-13,19,2026-08,24.765,4.282
C-0001,2026-08-13,20,2026-08,23.582,4.124
C-0001,2026-08-13,21,2026-08,24.734,4.376
C-0001,2026-08-13,22,2026-08,23.77,4.187
C-0001,2026-08-13,23,2026-08,24.105,3.645
C-0001,2026-08-14,0,2026-08,23.569,4.005
C-0001,2026-08-14,1,2026-08,23.397,4.056
C-0001,2026-08-14,2,2026-08,23.96,4.248
C-0001,2026-08-14,3,2026-08,23.113,4.476
C-0001,2026-08-14,4,2026-08,23.388,4.511
C-0001,2026-08-14,5,2026-08,23.67,6.401
C-0001,2026-08-14,6,2026-08,23.244,17.315
C-0001,2026-08-14,7,2026-08,23.58,30.467
C-0001,2026-08-14,8,2026-08,24.127,44.026
C-0001,2026-08-14,9,2026-08,24.328,55.583
C-0001,2026-08-14,10,2026-08,24.643,63.916
C-0001,2026-08-14,11,2026-08,25.329,68.478
C-0001,2026-08-14,12,2026-08,25.585,68.143
C-0001,2026-08-14,13,2026-08,25.92,63.25
C-0001,2026-08-14,14,2026-08,26.439,55.707
C-0001,2026-08-14,15,2026-08,25.479,44.064
C-0001,2026-08-14,16,2026-08,25.007,30.739
C-0001,2026-08-14,17,2026-08,24.934,17.233
C-0001,2026-08-14,18,2026-08,24.292,6.415
C-0001,2026-08-14,19,2026-08,23.981,4.685
C-0001,2026-08-14,20,2026-08,24.903,4.424
C-0001,2026-08-14,21,2026-08,24.381,5.091
C-0001,2026-08-14,22,2026-08,24.372,5.089
C-0001,2026-08-14,23,2026-08,23.645,4.654
C-0001,2026-08-15,0,2026-08,23.58,5.107
C-0001,2026-08-15,1,2026-08,23.288,5.654
C-0001,2026-08-15,2,2026-08,22.992,6.452
C-0001,2026-08-15,3,2026-08,23.432,7.456
C-0001,2026-08-15,4,2026-08,23.753,6.957
C-0001,2026-08-15,5,2026-08,23.163,8.163
C-0001,2026-08-15,6,2026-08,23.013,20.448
C-0001,2026-08-15,7,2026-08,24.11,34.379
C-0001,2026-08-15,8,2026-08,23.726,47.624
C-0001,2026-08-15,9,2026-08,24.846,59.599
C-0001,2026-08-15,10,2026-08,24.209,67.88
C-0001,2026-08-15,11,2026-08,24.521,71.901
C-0001,2026-08-15,12,2026-08,24.564,71.256
C-0001,2026-08-15,13,2026-08,24.806,66.675
C-0001,2026-08-15,14,2026-08,25.644,57.639
C-0001,2026-08-15,15,2026-08,24.807,45.571
C-0001,2026-08-15,16,2026-08,24.617,31.762
C-0001,2026-08-15,17,2026-08,25.687,18.039
C-0001,2026-08-15,18,2026-08,24.633,7.293
C-0001,2026-08-15,19,2026-08,23.995,5.151
C-0001,2026-08-15,20,2026-08,24.98,5.321
C-0001,2026-08-15,21,2026-08,24.263,4.935
C-0001,2026-08-15,22,2026-08,24.067,5.237
C-0001,2026-08-15,23,2026-08,23.889,4.907
C-0001,2026-08-16,0,2026-08,23.15,5.338
C-0001,2026-08-16,1,2026-08,23.91,5.285
C-0001,2026-08-16,2,2026-08,23.749,5.834
C-0001,2026-08-16,3,2026-08,23.296,5.625
C-0001,2026-08-16,4,2026-08,23.332,5.756
C-0001,2026-08-16,5,2026-08,24.13,7.114
C-0001,2026-08-16,6,2026-08,23.899,15.92
C-0001,2026-08-16,7,2026-08,23.46,25.614
C-0001,2026-08-16,8,2026-08,23.734,37.578
C-0001,2026-08-16,9,2026-08,24.826,47.19
C-0001,2026-08-16,10,2026-08,24.524,53.885
C-0001,2026-08-16,11,2026-08,25.392,56.582
C-0001,2026-08-16,12,2026-08,24.848,57.194
C-0001,2026-08-16,13,2026-08,25.856,53.605
C-0001,2026-08-16,14,2026-08,24.959,48.11
C-0001,2026-08-16,15,2026-08,25.345,40.592
C-0001,2026-08-16,16,2026-08,25.163,30.394
C-0001,2026-08-16,17,2026-08,24.603,21.382
C-0001,2026-08-16,18,2026-08,24.85,13.452
C-0001,2026-08-16,19,2026-08,24.411,15.814
C-0001,2026-08-16,20,2026-08,24.363,13.209
C-0001,2026-08-16,21,2026-08,22.905,13.989
C-0001,2026-08-16,22,2026-08,24.381,13.452
C-0001,2026-08-16,23,2026-08,24.579,16.012
C-0001,2026-08-17,0,2026-08,23.651,13.646
C-0001,2026-08-17,1,2026-08,23.246,15.3
C-0001,2026-08-17,2,2026-08,23.792,12.893
C-0001,2026-08-17,3,2026-08,24.022,11.08
C-0001,2026-08-17,4,2026-08,24.047,9.128
C-0001,2026-08-17,5,2026-08,23.361,10.571
C-0001,2026-08-17,6,2026-08,23.714,21.528
C-0001,2026-08-17,7,2026-08,24.055,30.659
C-0001,2026-08-17,8,2026-08,24.332,42.531
C-0001,2026-08-17,9,2026-08,24.858,58.167
C-0001,2026-08-17,10,2026-08,25.205,64.72
C-0001,2026-08-17,11,2026-08,24.977,67.95
C-0001,2026-08-17,12,2026-08,25.937,65.104
C-0001,2026-08-17,13,2026-08,25.987,63.447
C-0001,2026-08-17,14,2026-08,26.109,60.347
C-0001,2026-08-17,15,2026-08,25.475,50.881
C-0001,2026-08-17,16,2026-08,25.278,34.438
C-0001,2026-08-17,17,2026-08,24.583,18.779
C-0001,2026-08-17,18,2026-08,24.813,7.927
C-0001,2026-08-17,19,2026-08,24.854,6.263
C-0001,2026-08-17,20,2026-08,24.317,6.176
C-0001,2026-08-17,21,2026-08,23.91,5.777
C-0001,2026-08-17,22,2026-08,24.351,6.209
C-0001,2026-08-17,23,2026-08,23.913,5.412
C-0001,2026-08-18,0,2026-08,24.085,5.066
C-0001,2026-08-18,1,2026-08,23.542,4.859
C-0001,2026-08-18,2,2026-08,23.496,4.667
C-0001,2026-08-18,3,2026-08,24.234,5.438
C-0001,2026-08-18,4,2026-08,23.725,6.189
C-0001,2026-08-18,5,2026-08,23.245,7.518
C-0001,2026-08-18,6,2026-08,23.937,19.648
C-0001,2026-08-18,7,2026-08,24.491,30.354
C-0001,2026-08-18,8,2026-08,24.3,44.256
C-0001,2026-08-18,9,2026-08,24.731,55.093
C-0001,2026-08-18,10,2026-08,25.328,63.027
C-0001,2026-08-18,11,2026-08,25.181,66.979
C-0001,2026-08-18,12,2026-08,26.85,66.754
C-0001,2026-08-18,13,2026-08,25.51,62.04
C-0001,2026-08-18,14,2026-08,26.754,53.343
C-0001,2026-08-18,15,2026-08,26.094,42.016
C-0001,2026-08-18,16,2026-08,25.916,29.05
C-0001,2026-08-18,17,2026-08,25.119,16.823
C-0001,2026-08-18,18,2026-08,25.107,6.055
C-0001,2026-08-18,19,2026-08,25.204,4.72
C-0001,2026-08-18,20,2026-08,24.673,4.506
C-0001,2026-08-18,21,2026-08,24.218,4.679
C-0001,2026-08-18,22,2026-08,25.139,5.626
C-0001,2026-08-18,23,2026-08,23.664,5.835
C-0001,2026-08-19,0,2026-08,24.514,6.06
C-0001,2026-08-19,1,2026-08,23.947,6.331
C-0001,2026-08-19,2,2026-08,24.099,5.295
C-0001,2026-08-19,3,2026-08,24.066,5.741
C-0001,2026-08-19,4,2026-08,23.715,5.788
C-0001,2026-08-19,5,2026-08,24.634,6.691
C-0001,2026-08-19,6,2026-08,24.65,18.423
C-0001,2026-08-19,7,2026-08,24.83,31.728
C-0001,2026-08-19,8,2026-08,24.643,44.635
C-0001,2026-08-19,9,2026-08,24.761,54.903
C-0001,2026-08-19,10,2026-08,25.402,63.013
C-0001,2026-08-19,11,2026-08,25.781,67.65
C-0001,2026-08-19,12,2026-08,26.43,68.897
C-0001,2026-08-19,13,2026-08,26.352,67.216
C-0001,2026-08-19,14,2026-08,27.076,54.822
C-0003,2026-07-01,0,2026-07,22.165,20.909
C-0003,2026-07-01,1,2026-07,22.074,21.168
C-0003,2026-07-01,2,2026-07,21.711,21.21
C-0003,2026-07-01,3,2026-07,22.188,21.428
C-0003,2026-07-01,4,2026-07,22.096,21.462
C-0003,2026-07-01,5,2026-07,21.955,21.761
C-0003,2026-07-01,6,2026-07,21.419,22.57
C-0003,2026-07-01,7,2026-07,21.84,22.946
C-0003,2026-07-01,8,2026-07,22.079,25.601
C-0003,2026-07-01,9,2026-07,22.507,26.3
C-0003,2026-07-01,10,2026-07,22.657,26.255
C-0003,2026-07-01,11,2026-07,23.001,25.593
C-0003,2026-07-01,12,2026-07,22.789,25.58
C-0003,2026-07-01,13,2026-07,23.906,25.455
C-0003,2026-07-01,14,2026-07,23.11,25.012
C-0003,2026-07-01,15,2026-07,22.816,24.094
C-0003,2026-07-01,16,2026-07,23.276,23.279
C-0003,2026-07-01,17,2026-07,22.643,23.568
C-0003,2026-07-01,18,2026-07,22.635,22.762
C-0003,2026-07-01,19,2026-07,21.944,22.552
C-0003,2026-07-01,20,2026-07,21.896,22.527
C-0003,2026-07-01,21,2026-07,21.984,21.927
C-0003,2026-07-01,22,2026-07,21.919,20.793
C-0003,2026-07-01,23,2026-07,21.944,20.476
C-0003,2026-07-02,0,2026-07,22.184,20.696
C-0003,2026-07-02,1,2026-07,21.953,20.719
C-0003,2026-07-02,2,2026-07,22.198,20.461
C-0003,2026-07-02,3,2026-07,21.815,20.595
C-0003,2026-07-02,4,2026-07,22.263,20.641
C-0003,2026-07-02,5,2026-07,22.678,20.754
C-0003,2026-07-02,6,2026-07,21.393,21.56
C-0003,2026-07-02,7,2026-07,21.528,22.027
C-0003,2026-07-02,8,2026-07,22.404,24.221
C-0003,2026-07-02,9,2026-07,22.642,24.718
C-0003,2026-07-02,10,2026-07,22.328,25.33
C-0003,2026-07-02,11,2026-07,22.334,24.055
C-0003,2026-07-02,12,2026-07,23.03,24.035
C-0003,2026-07-02,13,2026-07,23.822,23.816
C-0003,2026-07-02,14,2026-07,24.0,23.379
C-0003,2026-07-02,15,2026-07,23.927,22.949
C-0003,2026-07-02,16,2026-07,22.674,22.208
C-0003,2026-07-02,17,2026-07,23.044,23.044
C-0003,2026-07-02,18,2026-07,22.203,22.455
C-0003,2026-07-02,19,2026-07,22.381,21.833
C-0003,2026-07-02,20,2026-07,22.952,21.856
C-0003,2026-07-02,21,2026-07,22.47,22.195
C-0003,2026-07-02,22,2026-07,21.507,20.493
C-0003,2026-07-02,23,2026-07,22.177,20.457
C-0003,2026-07-03,0,2026-07,21.939,20.312
C-0003,2026-07-03,1,2026-07,21.956,20.723
C-0003,2026-07-03,2,2026-07,22.138,20.53
C-0003,2026-07-03,3,2026-07,21.822,20.488
C-0003,2026-07-03,4,2026-07,21.67,20.83
C-0003,2026-07-03,5,2026-07,21.297,21.136
C-0003,2026-07-03,6,2026-07,21.509,21.831
C-0003,2026-07-03,7,2026-07,22.044,23.28
C-0003,2026-07-03,8,2026-07,22.465,25.698
C-0003,2026-07-03,9,2026-07,22.321,26.654
C-0003,2026-07-03,10,2026-07,22.655,26.933
C-0003,2026-07-03,11,2026-07,22.794,26.07
C-0003,2026-07-03,12,2026-07,23.931,26.185
C-0003,2026-07-03,13,2026-07,24.309,25.745
C-0003,2026-07-03,14,2026-07,23.64,25.371
C-0003,2026-07-03,15,2026-07,23.498,24.23
C-0003,2026-07-03,16,2026-07,23.056,23.349
C-0003,2026-07-03,17,2026-07,22.96,23.906
C-0003,2026-07-03,18,2026-07,22.277,22.758
C-0003,2026-07-03,19,2026-07,22.222,22.337
C-0003,2026-07-03,20,2026-07,22.505,22.249
C-0003,2026-07-03,21,2026-07,21.802,22.281
C-0003,2026-07-03,22,2026-07,22.261,20.576
C-0003,2026-07-03,23,2026-07,22.146,20.677
C-0003,2026-07-04,0,2026-07,21.929,20.524
C-0003,2026-07-04,1,2026-07,22.321,20.739
C-0003,2026-07-04,2,2026-07,21.496,21.172
C-0003,2026-07-04,3,2026-07,21.575,21.13
C-0003,2026-07-04,4,2026-07,22.623,21.539
C-0003,2026-07-04,5,2026-07,22.305,21.746
C-0003,2026-07-04,6,2026-07,22.276,22.759
C-0003,2026-07-04,7,2026-07,22.186,23.81
C-0003,2026-07-04,8,2026-07,22.576,26.053
C-0003,2026-07-04,9,2026-07,22.191,26.907
C-0003,2026-07-04,10,2026-07,21.87,27.93
C-0003,2026-07-04,11,2026-07,22.611,26.74
C-0003,2026-07-04,12,2026-07,22.858,26.751
C-0003,2026-07-04,13,2026-07,22.82,26.098
C-0003,2026-07-04,14,2026-07,23.766,25.669
C-0003,2026-07-04,15,2026-07,23.167,24.914
C-0003,2026-07-04,16,2026-07,22.759,23.55
C-0003,2026-07-04,17,2026-07,22.132,23.79
C-0003,2026-07-04,18,2026-07,22.036,22.853
C-0003,2026-07-04,19,2026-07,21.682,22.695
C-0003,2026-07-04,20,2026-07,21.875,22.306
C-0003,2026-07-04,21,2026-07,21.568,22.26
C-0003,2026-07-04,22,2026-07,21.951,20.827
C-0003,2026-07-04,23,2026-07,21.724,20.595
C-0003,2026-07-05,0,2026-07,22.532,20.731
C-0003,2026-07-05,1,2026-07,22.03,20.71
C-0003,2026-07-05,2,2026-07,21.663,20.849
C-0003,2026-07-05,3,2026-07,21.553,20.932
C-0003,2026-07-05,4,2026-07,22.245,20.65
C-0003,2026-07-05,5,2026-07,21.678,21.181
C-0003,2026-07-05,6,2026-07,21.582,22.048
C-0003,2026-07-05,7,2026-07,22.426,23.025
C-0003,2026-07-05,8,2026-07,21.401,25.291
C-0003,2026-07-05,9,2026-07,21.742,26.333
C-0003,2026-07-05,10,2026-07,21.643,26.514
C-0003,2026-07-05,11,2026-07,22.313,25.369
C-0003,2026-07-05,12,2026-07,23.029,25.609
C-0003,2026-07-05,13,2026-07,23.07,25.381
C-0003,2026-07-05,14,2026-07,22.904,24.544
C-0003,2026-07-05,15,2026-07,22.85,23.593
C-0003,2026-07-05,16,2026-07,22.468,22.965
C-0003,2026-07-05,17,2026-07,22.076,23.182
C-0003,2026-07-05,18,2026-07,22.428,22.588
C-0003,2026-07-05,19,2026-07,21.917,21.976
C-0003,2026-07-05,20,2026-07,22.153,22.027
C-0003,2026-07-05,21,2026-07,22.365,22.053
C-0003,2026-07-05,22,2026-07,21.531,20.468
C-0003,2026-07-05,23,2026-07,22.019,20.588
C-0003,2026-07-06,0,2026-07,22.449,20.424
C-0003,2026-07-06,1,2026-07,21.512,20.579
C-0003,2026-07-06,2,2026-07,22.497,20.814
C-0003,2026-07-06,3,2026-07,21.662,20.522
C-0003,2026-07-06,4,2026-07,22.048,20.374
C-0003,2026-07-06,5,2026-07,21.856,20.868
C-0003,2026-07-06,6,2026-07,21.665,21.716
C-0003,2026-07-06,7,2026-07,21.771,22.224
C-0003,2026-07-06,8,2026-07,22.309,24.272
C-0003,2026-07-06,9,2026-07,22.138,24.729
C-0003,2026-07-06,10,2026-07,21.867,24.955
C-0003,2026-07-06,11,2026-07,22.529,23.871
C-0003,2026-07-06,12,2026-07,23.078,23.906
C-0003,2026-07-06,13,2026-07,23.379,23.874
C-0003,2026-07-06,14,2026-07,23.928,23.356
C-0003,2026-07-06,15,2026-07,23.122,22.938
C-0003,2026-07-06,16,2026-07,22.48,22.275
C-0003,2026-07-06,17,2026-07,22.854,23.301
C-0003,2026-07-06,18,2026-07,22.3,22.422
C-0003,2026-07-06,19,2026-07,22.249,22.264
C-0003,2026-07-06,20,2026-07,22.427,22.637
C-0003,2026-07-06,21,2026-07,21.906,22.544
C-0003,2026-07-06,22,2026-07,22.47,20.664
C-0003,2026-07-06,23,2026-07,21.741,20.752
C-0003,2026-07-07,0,2026-07,21.675,20.63
C-0003,2026-07-07,1,2026-07,21.956,20.865
C-0003,2026-07-07,2,2026-07,22.011,20.789
C-0003,2026-07-07,3,2026-07,21.859,20.987
C-0003,2026-07-07,4,2026-07,21.616,20.854
C-0003,2026-07-07,5,2026-07,22.118,21.024
C-0003,2026-07-07,6,2026-07,21.668,21.271
C-0003,2026-07-07,7,2026-07,22.057,22.126
C-0003,2026-07-07,8,2026-07,21.796,24.438
C-0003,2026-07-07,9,2026-07,22.061,24.892
C-0003,2026-07-07,10,2026-07,21.512,25.345
C-0003,2026-07-07,11,2026-07,22.202,23.611
C-0003,2026-07-07,12,2026-07,23.089,23.387
C-0003,2026-07-07,13,2026-07,23.441,23.48
C-0003,2026-07-07,14,2026-07,24.202,22.968
C-0003,2026-07-07,15,2026-07,23.288,22.979
C-0003,2026-07-07,16,2026-07,22.431,22.101
C-0003,2026-07-07,17,2026-07,21.71,23.096
C-0003,2026-07-07,18,2026-07,22.019,22.598
C-0003,2026-07-07,19,2026-07,21.462,22.771
C-0003,2026-07-07,20,2026-07,21.756,22.772
C-0003,2026-07-07,21,2026-07,22.082,22.735
C-0003,2026-07-07,22,2026-07,21.706,21.118
C-0003,2026-07-07,23,2026-07,22.118,21.114
C-0003,2026-07-08,0,2026-07,21.457,20.64
C-0003,2026-07-08,1,2026-07,22.148,20.778
C-0003,2026-07-08,2,2026-07,21.759,20.758
C-0003,2026-07-08,3,2026-07,22.044,20.458
C-0003,2026-07-08,4,2026-07,22.046,20.615
C-0003,2026-07-08,5,2026-07,22.653,20.67
C-0003,2026-07-08,6,2026-07,22.048,21.64
C-0003,2026-07-08,7,2026-07,21.556,22.616
C-0003,2026-07-08,8,2026-07,22.139,24.974
C-0003,2026-07-08,9,2026-07,22.72,25.716
C-0003,2026-07-08,10,2026-07,23.045,26.417
C-0003,2026-07-08,11,2026-07,22.905,24.987
C-0003,2026-07-08,12,2026-07,23.259,24.894
C-0003,2026-07-08,13,2026-07,24.385,24.692
C-0003,2026-07-08,14,2026-07,23.904,24.351
C-0003,2026-07-08,15,2026-07,23.455,23.703
C-0003,2026-07-08,16,2026-07,23.289,22.846
C-0003,2026-07-08,17,2026-07,23.263,23.36
C-0003,2026-07-08,18,2026-07,22.744,22.274
C-0003,2026-07-08,19,2026-07,21.896,22.026
C-0003,2026-07-08,20,2026-07,22.71,22.016
C-0003,2026-07-08,21,2026-07,22.492,21.966
C-0003,2026-07-08,22,2026-07,21.645,20.658
C-0003,2026-07-08,23,2026-07,22.278,20.579
C-0003,2026-07-09,0,2026-07,22.19,20.578
C-0003,2026-07-09,1,2026-07,21.893,20.542
C-0003,2026-07-09,2,2026-07,21.835,20.545
C-0003,2026-07-09,3,2026-07,22.277,20.368
C-0003,2026-07-09,4,2026-07,21.865,20.558
C-0003,2026-07-09,5,2026-07,21.764,20.92
C-0003,2026-07-09,6,2026-07,21.235,21.934
C-0003,2026-07-09,7,2026-07,21.955,23.168
C-0003,2026-07-09,8,2026-07,22.427,25.315
C-0003,2026-07-09,9,2026-07,22.746,26.162
C-0003,2026-07-09,10,2026-07,22.128,26.793
C-0003,2026-07-09,11,2026-07,23.57,25.635
C-0003,2026-07-09,12,2026-07,23.351,26.326
C-0003,2026-07-09,13,2026-07,24.176,26.067
C-0003,2026-07-09,14,2026-07,23.061,25.65
C-0003,2026-07-09,15,2026-07,23.777,24.696
C-0003,2026-07-09,16,2026-07,23.261,23.662
C-0003,2026-07-09,17,2026-07,22.995,24.069
C-0003,2026-07-09,18,2026-07,21.839,23.061
C-0003,2026-07-09,19,2026-07,22.928,22.486
C-0003,2026-07-09,20,2026-07,22.11,22.271
C-0003,2026-07-09,21,2026-07,22.085,22.077
C-0003,2026-07-09,22,2026-07,22.132,20.73
C-0003,2026-07-09,23,2026-07,21.764,20.647
C-0003,2026-07-10,0,2026-07,21.941,20.559
C-0003,2026-07-10,1,2026-07,21.538,20.656
C-0003,2026-07-10,2,2026-07,21.94,20.924
C-0003,2026-07-10,3,2026-07,21.915,20.96
C-0003,2026-07-10,4,2026-07,22.041,20.586
C-0003,2026-07-10,5,2026-07,21.742,21.008
C-0003,2026-07-10,6,2026-07,21.484,22.044
C-0003,2026-07-10,7,2026-07,22.516,22.695
C-0003,2026-07-10,8,2026-07,22.464,25.236
C-0003,2026-07-10,9,2026-07,22.599,25.792
C-0003,2026-07-10,10,2026-07,22.577,26.417
C-0003,2026-07-10,11,2026-07,22.53,24.979
C-0003,2026-07-10,12,2026-07,22.912,25.222
C-0003,2026-07-10,13,2026-07,23.731,24.896
C-0003,2026-07-10,14,2026-07,24.102,24.101
C-0003,2026-07-10,15,2026-07,23.506,23.523
C-0003,2026-07-10,16,2026-07,22.926,22.606
C-0003,2026-07-10,17,2026-07,23.047,23.251
C-0003,2026-07-10,18,2026-07,22.446,22.627
C-0003,2026-07-10,19,2026-07,22.628,22.06
C-0003,2026-07-10,20,2026-07,22.381,22.032
C-0003,2026-07-10,21,2026-07,22.032,22.131
C-0003,2026-07-10,22,2026-07,21.642,20.75
C-0003,2026-07-10,23,2026-07,21.614,20.923
C-0003,2026-07-11,0,2026-07,21.493,20.644
C-0003,2026-07-11,1,2026-07,22.0,20.859
C-0003,2026-07-11,2,2026-07,21.713,20.728
C-0003,2026-07-11,3,2026-07,21.678,20.741
C-0003,2026-07-11,4,2026-07,21.8,21.098
C-0003,2026-07-11,5,2026-07,21.821,21.303
C-0003,2026-07-11,6,2026-07,21.646,22.177
C-0003,2026-07-11,7,2026-07,22.466,22.8
C-0003,2026-07-11,8,2026-07,22.209,25.543
C-0003,2026-07-11,9,2026-07,22.581,26.166
C-0003,2026-07-11,10,2026-07,22.523,26.522
C-0003,2026-07-11,11,2026-07,22.63,25.668
C-0003,2026-07-11,12,2026-07,23.411,25.329
C-0003,2026-07-11,13,2026-07,23.498,25.347
C-0003,2026-07-11,14,2026-07,23.624,24.847
C-0003,2026-07-11,15,2026-07,23.309,23.941
C-0003,2026-07-11,16,2026-07,22.471,23.781
C-0003,2026-07-11,17,2026-07,22.968,23.873
C-0003,2026-07-11,18,2026-07,22.798,23.882
C-0003,2026-07-11,19,2026-07,22.13,23.066
C-0003,2026-07-11,20,2026-07,22.248,23.239
C-0003,2026-07-11,21,2026-07,22.002,22.953
C-0003,2026-07-11,22,2026-07,22.376,21.293
C-0003,2026-07-11,23,2026-07,21.654,20.911
C-0003,2026-07-12,0,2026-07,21.259,20.733
C-0003,2026-07-12,1,2026-07,22.271,20.496
C-0003,2026-07-12,2,2026-07,22.112,20.717
C-0003,2026-07-12,3,2026-07,22.198,21.13
C-0003,2026-07-12,4,2026-07,22.335,20.982
C-0003,2026-07-12,5,2026-07,21.969,21.423
C-0003,2026-07-12,6,2026-07,22.289,22.548
C-0003,2026-07-12,7,2026-07,21.618,23.67
C-0003,2026-07-12,8,2026-07,21.852,26.102
C-0003,2026-07-12,9,2026-07,21.78,26.956
C-0003,2026-07-12,10,2026-07,22.466,28.001
C-0003,2026-07-12,11,2026-07,22.531,26.489
C-0003,2026-07-12,12,2026-07,23.043,26.623
C-0003,2026-07-12,13,2026-07,22.0,26.026
C-0003,2026-07-12,14,2026-07,22.968,25.39
C-0003,2026-07-12,15,2026-07,22.528,24.235
C-0003,2026-07-12,16,2026-07,22.717,23.14
C-0003,2026-07-12,17,2026-07,21.967,23.632
C-0003,2026-07-12,18,2026-07,22.812,22.838
C-0003,2026-07-12,19,2026-07,21.609,22.181
C-0003,2026-07-12,20,2026-07,22.415,22.275
C-0003,2026-07-12,21,2026-07,21.628,22.211
C-0003,2026-07-12,22,2026-07,21.545,20.735
C-0003,2026-07-12,23,2026-07,22.275,20.473
C-0003,2026-07-13,0,2026-07,21.87,20.584
C-0003,2026-07-13,1,2026-07,22.057,20.56
C-0003,2026-07-13,2,2026-07,22.085,20.562
C-0003,2026-07-13,3,2026-07,21.636,20.594
C-0003,2026-07-13,4,2026-07,21.424,20.523
C-0003,2026-07-13,5,2026-07,21.464,21.025
C-0003,2026-07-13,6,2026-07,22.463,21.825
C-0003,2026-07-13,7,2026-07,21.806,22.819
C-0003,2026-07-13,8,2026-07,22.213,25.258
C-0003,2026-07-13,9,2026-07,22.568,26.035
C-0003,2026-07-13,10,2026-07,22.632,26.573
C-0003,2026-07-13,11,2026-07,23.05,25.56
C-0003,2026-07-13,12,2026-07,24.084,25.516
C-0003,2026-07-13,13,2026-07,23.464,25.237
C-0003,2026-07-13,14,2026-07,24.302,24.756
C-0003,2026-07-13,15,2026-07,24.697,23.658
C-0003,2026-07-13,16,2026-07,23.726,22.808
C-0003,2026-07-13,17,2026-07,22.893,23.607
C-0003,2026-07-13,18,2026-07,23.16,22.78
C-0003,2026-07-13,19,2026-07,22.108,22.475
C-0003,2026-07-13,20,2026-07,23.064,22.22
C-0003,2026-07-13,21,2026-07,22.672,22.318
C-0003,2026-07-13,22,2026-07,22.032,21.07
C-0003,2026-07-13,23,2026-07,22.204,20.798
C-0003,2026-07-14,0,2026-07,22.077,21.19
C-0003,2026-07-14,1,2026-07,22.322,20.999
C-0003,2026-07-14,2,2026-07,21.652,20.886
C-0003,2026-07-14,3,2026-07,22.442,21.191
C-0003,2026-07-14,4,2026-07,22.183,21.016
C-0003,2026-07-14,5,2026-07,21.941,21.177
C-0003,2026-07-14,6,2026-07,21.929,21.794
C-0003,2026-07-14,7,2026-07,22.847,22.429
C-0003,2026-07-14,8,2026-07,22.656,24.63
C-0003,2026-07-14,9,2026-07,23.198,25.336
C-0003,2026-07-14,10,2026-07,22.848,25.563
C-0003,2026-07-14,11,2026-07,23.699,24.414
C-0003,2026-07-14,12,2026-07,24.404,24.27
C-0003,2026-07-14,13,2026-07,24.124,24.294
C-0003,2026-07-14,14,2026-07,24.884,23.834
C-0003,2026-07-14,15,2026-07,24.555,23.611
C-0003,2026-07-14,16,2026-07,23.894,22.949
C-0003,2026-07-14,17,2026-07,23.124,23.918
C-0003,2026-07-14,18,2026-07,23.564,23.242
C-0003,2026-07-14,19,2026-07,23.147,23.044
C-0003,2026-07-14,20,2026-07,22.407,22.572
C-0003,2026-07-14,21,2026-07,22.346,22.825
C-0003,2026-07-14,22,2026-07,22.66,21.234
C-0003,2026-07-14,23,2026-07,22.665,21.694
C-0003,2026-07-15,0,2026-07,22.153,21.441
C-0003,2026-07-15,1,2026-07,21.783,21.874
C-0003,2026-07-15,2,2026-07,22.514,21.756
C-0003,2026-07-15,3,2026-07,21.543,21.871
C-0003,2026-07-15,4,2026-07,22.204,21.366
C-0003,2026-07-15,5,2026-07,22.572,21.597
C-0003,2026-07-15,6,2026-07,21.742,22.049
C-0003,2026-07-15,7,2026-07,22.442,22.797
C-0003,2026-07-15,8,2026-07,22.769,24.875
C-0003,2026-07-15,9,2026-07,22.885,25.541
C-0003,2026-07-15,10,2026-07,22.671,25.614
C-0003,2026-07-15,11,2026-07,23.766,24.079
C-0003,2026-07-15,12,2026-07,23.68,24.109
C-0003,2026-07-15,13,2026-07,24.718,23.689
C-0003,2026-07-15,14,2026-07,24.173,23.415
C-0003,2026-07-15,15,2026-07,24.067,22.723
C-0003,2026-07-15,16,2026-07,23.553,22.039
C-0003,2026-07-15,17,2026-07,23.457,22.951
C-0003,2026-07-15,18,2026-07,23.377,22.482
C-0003,2026-07-15,19,2026-07,22.677,22.149
C-0003,2026-07-15,20,2026-07,22.799,21.861
C-0003,2026-07-15,21,2026-07,22.562,21.843
C-0003,2026-07-15,22,2026-07,22.868,20.464
C-0003,2026-07-15,23,2026-07,22.498,20.577
C-0003,2026-07-16,0,2026-07,22.338,20.171
C-0003,2026-07-16,1,2026-07,23.266,20.368
C-0003,2026-07-16,2,2026-07,22.358,20.567
C-0003,2026-07-16,3,2026-07,21.78,20.477
C-0003,2026-07-16,4,2026-07,22.541,20.728
C-0003,2026-07-16,5,2026-07,22.545,20.996
C-0003,2026-07-16,6,2026-07,22.6,22.501
C-0003,2026-07-16,7,2026-07,22.905,23.836
C-0003,2026-07-16,8,2026-07,23.183,26.373
C-0003,2026-07-16,9,2026-07,23.335,27.418
C-0003,2026-07-16,10,2026-07,23.923,28.304
C-0003,2026-07-16,11,2026-07,23.636,27.22
C-0003,2026-07-16,12,2026-07,24.452,27.175
C-0003,2026-07-16,13,2026-07,24.832,27.304
C-0003,2026-07-16,14,2026-07,24.551,26.197
C-0003,2026-07-16,15,2026-07,23.965,25.394
C-0003,2026-07-16,16,2026-07,24.19,23.569
C-0003,2026-07-16,17,2026-07,23.786,23.858
C-0003,2026-07-16,18,2026-07,24.189,22.624
C-0003,2026-07-16,19,2026-07,23.23,21.929
C-0003,2026-07-16,20,2026-07,23.904,22.343
C-0003,2026-07-16,21,2026-07,23.421,21.908
C-0003,2026-07-16,22,2026-07,22.814,20.829
C-0003,2026-07-16,23,2026-07,22.285,20.655
C-0003,2026-07-17,0,2026-07,22.382,20.449
C-0003,2026-07-17,1,2026-07,22.141,20.78
C-0003,2026-07-17,2,2026-07,22.567,20.758
C-0003,2026-07-17,3,2026-07,22.292,20.601
C-0003,2026-07-17,4,2026-07,21.738,20.913
C-0003,2026-07-17,5,2026-07,22.643,20.916
C-0003,2026-07-17,6,2026-07,22.381,21.434
C-0003,2026-07-17,7,2026-07,22.671,22.336
C-0003,2026-07-17,8,2026-07,23.011,24.09
C-0003,2026-07-17,9,2026-07,22.817,24.628
C-0003,2026-07-17,10,2026-07,23.478,25.063
C-0003,2026-07-17,11,2026-07,23.801,23.967
C-0003,2026-07-17,12,2026-07,24.695,23.975
C-0003,2026-07-17,13,2026-07,24.758,23.914
C-0003,2026-07-17,14,2026-07,25.389,23.27
C-0003,2026-07-17,15,2026-07,24.632,22.867
C-0003,2026-07-17,16,2026-07,24.496,21.947
C-0003,2026-07-17,17,2026-07,23.961,23.171
C-0003,2026-07-17,18,2026-07,23.682,22.418
C-0003,2026-07-17,19,2026-07,23.561,22.306
C-0003,2026-07-17,20,2026-07,22.805,22.359
C-0003,2026-07-17,21,2026-07,22.763,22.289
C-0003,2026-07-17,22,2026-07,22.542,20.977
C-0003,2026-07-17,23,2026-07,22.46,21.257
C-0003,2026-07-18,0,2026-07,22.088,20.795
C-0003,2026-07-18,1,2026-07,22.26,20.709
C-0003,2026-07-18,2,2026-07,21.564,20.703
C-0003,2026-07-18,3,2026-07,21.653,20.708
C-0003,2026-07-18,4,2026-07,22.058,20.488
C-0003,2026-07-18,5,2026-07,21.814,21.02
C-0003,2026-07-18,6,2026-07,21.542,22.543
C-0003,2026-07-18,7,2026-07,22.701,23.76
C-0003,2026-07-18,8,2026-07,21.639,26.489
C-0003,2026-07-18,9,2026-07,23.168,27.632
C-0003,2026-07-18,10,2026-07,22.564,28.463
C-0003,2026-07-18,11,2026-07,23.828,27.435
C-0003,2026-07-18,12,2026-07,23.494,27.158
C-0003,2026-07-18,13,2026-07,23.49,26.859
C-0003,2026-07-18,14,2026-07,23.564,26.167
C-0003,2026-07-18,15,2026-07,23.745,25.234
C-0003,2026-07-18,16,2026-07,23.017,23.774
C-0003,2026-07-18,17,2026-07,22.685,23.686
C-0003,2026-07-18,18,2026-07,22.949,22.664
C-0003,2026-07-18,19,2026-07,22.813,22.19
C-0003,2026-07-18,20,2026-07,22.106,22.221
C-0003,2026-07-18,21,2026-07,22.711,22.222
C-0003,2026-07-18,22,2026-07,22.485,20.838
C-0003,2026-07-18,23,2026-07,21.964,20.568
C-0003,2026-07-19,0,2026-07,22.616,20.745
C-0003,2026-07-19,1,2026-07,22.059,20.783
C-0003,2026-07-19,2,2026-07,22.854,20.518
C-0003,2026-07-19,3,2026-07,21.712,21.046
C-0003,2026-07-19,4,2026-07,21.607,21.227
C-0003,2026-07-19,5,2026-07,22.432,21.337
C-0003,2026-07-19,6,2026-07,22.056,22.465
C-0003,2026-07-19,7,2026-07,22.67,23.575
C-0003,2026-07-19,8,2026-07,22.937,26.358
C-0003,2026-07-19,9,2026-07,22.251,27.375
C-0003,2026-07-19,10,2026-07,22.757,28.497
C-0003,2026-07-19,11,2026-07,23.464,27.158
C-0003,2026-07-19,12,2026-07,23.58,27.008
C-0003,2026-07-19,13,2026-07,23.625,26.815
C-0003,2026-07-19,14,2026-07,23.077,25.99
C-0003,2026-07-19,15,2026-07,24.524,24.596
C-0003,2026-07-19,16,2026-07,22.983,23.437
C-0003,2026-07-19,17,2026-07,23.328,23.591
C-0003,2026-07-19,18,2026-07,23.325,22.281
C-0003,2026-07-19,19,2026-07,24.112,21.804
C-0003,2026-07-19,20,2026-07,22.944,22.04
C-0003,2026-07-19,21,2026-07,22.796,21.976
C-0003,2026-07-19,22,2026-07,22.421,20.641
C-0003,2026-07-19,23,2026-07,22.638,20.444
C-0003,2026-07-20,0,2026-07,21.725,20.602
C-0003,2026-07-20,1,2026-07,21.821,20.596
C-0003,2026-07-20,2,2026-07,21.672,20.766
C-0003,2026-07-20,3,2026-07,22.38,20.611
C-0003,2026-07-20,4,2026-07,21.858,20.918
C-0003,2026-07-20,5,2026-07,21.881,21.471
C-0003,2026-07-20,6,2026-07,22.229,21.857
C-0003,2026-07-20,7,2026-07,22.26,22.906
C-0003,2026-07-20,8,2026-07,22.279,24.982
C-0003,2026-07-20,9,2026-07,22.865,26.062
C-0003,2026-07-20,10,2026-07,23.071,26.529
C-0003,2026-07-20,11,2026-07,22.934,25.262
C-0003,2026-07-20,12,2026-07,23.47,25.182
C-0003,2026-07-20,13,2026-07,24.13,24.963
C-0003,2026-07-20,14,2026-07,24.934,24.254
C-0003,2026-07-20,15,2026-07,23.753,23.378
C-0003,2026-07-20,16,2026-07,23.391,22.978
C-0003,2026-07-20,17,2026-07,22.668,23.297
C-0003,2026-07-20,18,2026-07,22.992,22.285
C-0003,2026-07-20,19,2026-07,22.907,22.106
C-0003,2026-07-20,20,2026-07,22.772,22.161
C-0003,2026-07-20,21,2026-07,22.154,22.058
C-0003,2026-07-20,22,2026-07,21.959,20.672
C-0003,2026-07-20,23,2026-07,22.221,20.625
C-0003,2026-07-21,0,2026-07,22.074,20.744
C-0003,2026-07-21,1,2026-07,21.897,20.696
C-0003,2026-07-21,2,2026-07,21.804,20.592
C-0003,2026-07-21,3,2026-07,22.047,20.321
C-0003,2026-07-21,4,2026-07,22.145,20.458
C-0003,2026-07-21,5,2026-07,22.061,21.148
C-0003,2026-07-21,6,2026-07,21.92,22.069
C-0003,2026-07-21,7,2026-07,22.55,22.722
C-0003,2026-07-21,8,2026-07,22.759,25.246
C-0003,2026-07-21,9,2026-07,22.737,26.194
C-0003,2026-07-21,10,2026-07,22.749,26.542
C-0003,2026-07-21,11,2026-07,23.408,25.838
C-0003,2026-07-21,12,2026-07,23.909,26.194
C-0003,2026-07-21,13,2026-07,23.458,25.698
C-0003,2026-07-21,14,2026-07,24.113,24.921
C-0003,2026-07-21,15,2026-07,24.794,24.109
C-0003,2026-07-21,16,2026-07,23.721,23.36
C-0003,2026-07-21,17,2026-07,23.051,23.881
C-0003,2026-07-21,18,2026-07,23.254,23.325
C-0003,2026-07-21,19,2026-07,22.89,22.967
C-0003,2026-07-21,20,2026-07,22.962,22.924
C-0003,2026-07-21,21,2026-07,22.611,22.773
C-0003,2026-07-21,22,2026-07,22.463,21.546
C-0003,2026-07-21,23,2026-07,21.831,21.125
C-0003,2026-07-22,0,2026-07,22.924,20.864
C-0003,2026-07-22,1,2026-07,21.7,21.264
C-0003,2026-07-22,2,2026-07,22.764,21.24
C-0003,2026-07-22,3,2026-07,22.508,20.952
C-0003,2026-07-22,4,2026-07,22.339,21.043
C-0003,2026-07-22,5,2026-07,21.906,21.563
C-0003,2026-07-22,6,2026-07,22.69,22.315
C-0003,2026-07-22,7,2026-07,23.637,23.41
C-0003,2026-07-22,8,2026-07,22.736,25.914
C-0003,2026-07-22,9,2026-07,22.792,27.212
C-0003,2026-07-22,10,2026-07,24.11,27.816
C-0003,2026-07-22,11,2026-07,24.342,26.828
C-0003,2026-07-22,12,2026-07,23.977,26.692
C-0003,2026-07-22,13,2026-07,25.098,26.43
C-0003,2026-07-22,14,2026-07,25.168,25.36
C-0003,2026-07-22,15,2026-07,24.693,24.489
C-0003,2026-07-22,16,2026-07,23.746,23.256
C-0003,2026-07-22,17,2026-07,23.221,23.412
C-0003,2026-07-22,18,2026-07,23.368,22.324
C-0003,2026-07-22,19,2026-07,23.123,22.092
C-0003,2026-07-22,20,2026-07,23.337,22.062
C-0003,2026-07-22,21,2026-07,23.062,22.196
C-0003,2026-07-22,22,2026-07,22.847,20.399
C-0003,2026-07-22,23,2026-07,22.715,20.958
C-0003,2026-07-23,0,2026-07,22.231,20.383
C-0003,2026-07-23,1,2026-07,22.201,20.395
C-0003,2026-07-23,2,2026-07,22.771,20.503
C-0003,2026-07-23,3,2026-07,22.117,20.198
C-0003,2026-07-23,4,2026-07,22.334,20.406
C-0003,2026-07-23,5,2026-07,22.069,20.687
C-0003,2026-07-23,6,2026-07,22.718,21.86
C-0003,2026-07-23,7,2026-07,22.628,22.522
C-0003,2026-07-23,8,2026-07,23.029,25.243
C-0003,2026-07-23,9,2026-07,23.561,25.759
C-0003,2026-07-23,10,2026-07,23.62,26.272
C-0003,2026-07-23,11,2026-07,23.837,25.31
C-0003,2026-07-23,12,2026-07,23.628,25.24
C-0003,2026-07-23,13,2026-07,24.783,24.969
C-0003,2026-07-23,14,2026-07,24.54,24.439
C-0003,2026-07-23,15,2026-07,23.805,23.846
C-0003,2026-07-23,16,2026-07,23.772,22.607
C-0003,2026-07-23,17,2026-07,23.99,23.183
C-0003,2026-07-23,18,2026-07,23.727,22.198
C-0003,2026-07-23,19,2026-07,23.611,22.14
C-0003,2026-07-23,20,2026-07,23.016,22.357
C-0003,2026-07-23,21,2026-07,23.17,22.392
C-0003,2026-07-23,22,2026-07,22.39,20.992
C-0003,2026-07-23,23,2026-07,22.383,21.128
C-0003,2026-07-24,0,2026-07,22.358,21.222
C-0003,2026-07-24,1,2026-07,22.163,21.13
C-0003,2026-07-24,2,2026-07,21.909,21.118
C-0003,2026-07-24,3,2026-07,22.122,20.748
C-0003,2026-07-24,4,2026-07,22.196,20.919
C-0003,2026-07-24,5,2026-07,22.371,21.427
C-0003,2026-07-24,6,2026-07,22.156,22.484
C-0003,2026-07-24,7,2026-07,23.341,23.456
C-0003,2026-07-24,8,2026-07,23.164,25.806
C-0003,2026-07-24,9,2026-07,22.973,26.861
C-0003,2026-07-24,10,2026-07,22.849,27.46
C-0003,2026-07-24,11,2026-07,23.541,26.403
C-0003,2026-07-24,12,2026-07,24.677,26.309
C-0003,2026-07-24,13,2026-07,24.554,26.206
C-0003,2026-07-24,14,2026-07,25.394,25.343
C-0003,2026-07-24,15,2026-07,25.382,24.358
C-0003,2026-07-24,16,2026-07,24.295,23.29
C-0003,2026-07-24,17,2026-07,24.116,23.573
C-0003,2026-07-24,18,2026-07,23.564,22.722
C-0003,2026-07-24,19,2026-07,23.705,22.307
C-0003,2026-07-24,20,2026-07,23.651,22.105
C-0003,2026-07-24,21,2026-07,22.69,21.999
C-0003,2026-07-24,22,2026-07,22.747,20.384
C-0003,2026-07-24,23,2026-07,22.591,20.705
C-0003,2026-07-25,0,2026-07,23.133,20.765
C-0003,2026-07-25,1,2026-07,22.775,20.891
C-0003,2026-07-25,2,2026-07,21.882,20.699
C-0003,2026-07-25,3,2026-07,22.458,20.366
C-0003,2026-07-25,4,2026-07,21.415,20.423
C-0003,2026-07-25,5,2026-07,21.998,20.783
C-0003,2026-07-25,6,2026-07,22.759,22.008
C-0003,2026-07-25,7,2026-07,22.004,22.928
C-0003,2026-07-25,8,2026-07,23.18,25.337
C-0003,2026-07-25,9,2026-07,22.897,26.379
C-0003,2026-07-25,10,2026-07,23.229,27.124
C-0003,2026-07-25,11,2026-07,23.991,26.007
C-0003,2026-07-25,12,2026-07,23.981,25.893
C-0003,2026-07-25,13,2026-07,24.434,25.647
C-0003,2026-07-25,14,2026-07,23.823,24.871
C-0003,2026-07-25,15,2026-07,23.676,23.945
C-0003,2026-07-25,16,2026-07,23.915,22.92
C-0003,2026-07-25,17,2026-07,23.311,23.39
C-0003,2026-07-25,18,2026-07,23.379,22.276
C-0003,2026-07-25,19,2026-07,22.618,21.779
C-0003,2026-07-25,20,2026-07,22.971,21.781
C-0003,2026-07-25,21,2026-07,22.338,21.738
C-0003,2026-07-25,22,2026-07,22.715,20.254
C-0003,2026-07-25,23,2026-07,22.901,20.572
C-0003,2026-07-26,0,2026-07,22.021,20.327
C-0003,2026-07-26,1,2026-07,22.168,20.422
C-0003,2026-07-26,2,2026-07,22.001,20.59
C-0003,2026-07-26,3,2026-07,21.604,20.68
C-0003,2026-07-26,4,2026-07,22.368,20.38
C-0003,2026-07-26,5,2026-07,21.902,20.96
C-0003,2026-07-26,6,2026-07,21.786,22.105
C-0003,2026-07-26,7,2026-07,22.439,23.083
C-0003,2026-07-26,8,2026-07,22.874,25.46
C-0003,2026-07-26,9,2026-07,22.501,26.084
C-0003,2026-07-26,10,2026-07,22.259,26.954
C-0003,2026-07-26,11,2026-07,23.006,26.08
C-0003,2026-07-26,12,2026-07,23.201,25.885
C-0003,2026-07-26,13,2026-07,23.905,25.726
C-0003,2026-07-26,14,2026-07,23.073,25.307
C-0003,2026-07-26,15,2026-07,23.643,24.364
C-0003,2026-07-26,16,2026-07,22.942,22.872
C-0003,2026-07-26,17,2026-07,23.59,23.445
C-0003,2026-07-26,18,2026-07,23.019,22.9
C-0003,2026-07-26,19,2026-07,22.977,22.693
C-0003,2026-07-26,20,2026-07,22.356,22.499
C-0003,2026-07-26,21,2026-07,22.081,22.451
C-0003,2026-07-26,22,2026-07,22.015,20.921
C-0003,2026-07-26,23,2026-07,22.096,20.552
C-0003,2026-07-27,0,2026-07,22.117,20.918
C-0003,2026-07-27,1,2026-07,22.316,20.734
C-0003,2026-07-27,2,2026-07,22.201,20.366
C-0003,2026-07-27,3,2026-07,21.53,20.522
C-0003,2026-07-27,4,2026-07,22.05,20.574
C-0003,2026-07-27,5,2026-07,22.154,20.964
C-0003,2026-07-27,6,2026-07,21.931,21.594
C-0003,2026-07-27,7,2026-07,22.086,22.345
C-0003,2026-07-27,8,2026-07,22.878,24.969
C-0003,2026-07-27,9,2026-07,22.882,25.672
C-0003,2026-07-27,10,2026-07,23.06,26.487
C-0003,2026-07-27,11,2026-07,23.415,25.455
C-0003,2026-07-27,12,2026-07,24.556,25.473
C-0003,2026-07-27,13,2026-07,23.964,24.673
C-0003,2026-07-27,14,2026-07,24.259,24.296
C-0003,2026-07-27,15,2026-07,23.588,23.352
C-0003,2026-07-27,16,2026-07,24.165,22.425
C-0003,2026-07-27,17,2026-07,23.377,23.132
C-0003,2026-07-27,18,2026-07,22.91,22.052
C-0003,2026-07-27,19,2026-07,23.0,21.976
C-0003,2026-07-27,20,2026-07,22.949,21.873
C-0003,2026-07-27,21,2026-07,22.657,21.956
C-0003,2026-07-27,22,2026-07,23.522,20.676
C-0003,2026-07-27,23,2026-07,22.556,20.535
C-0003,2026-07-28,0,2026-07,21.559,20.882
C-0003,2026-07-28,1,2026-07,21.776,20.883
C-0003,2026-07-28,2,2026-07,22.297,20.641
C-0003,2026-07-28,3,2026-07,22.027,20.906
C-0003,2026-07-28,4,2026-07,21.845,20.811
C-0003,2026-07-28,5,2026-07,21.296,20.583
C-0003,2026-07-28,6,2026-07,22.63,21.752
C-0003,2026-07-28,7,2026-07,22.221,22.717
C-0003,2026-07-28,8,2026-07,22.624,24.923
C-0003,2026-07-28,9,2026-07,22.907,25.175
C-0003,2026-07-28,10,2026-07,22.559,26.11
C-0003,2026-07-28,11,2026-07,23.625,24.963
C-0003,2026-07-28,12,2026-07,23.722,24.799
C-0003,2026-07-28,13,2026-07,24.938,24.449
C-0003,2026-07-28,14,2026-07,24.182,24.075
C-0003,2026-07-28,15,2026-07,24.888,23.195
C-0003,2026-07-28,16,2026-07,24.198,22.538
C-0003,2026-07-28,17,2026-07,23.615,23.168
C-0003,2026-07-28,18,2026-07,23.741,22.514
C-0003,2026-07-28,19,2026-07,23.571,22.558
C-0003,2026-07-28,20,2026-07,23.084,21.975
C-0003,2026-07-28,21,2026-07,22.952,21.926
C-0003,2026-07-28,22,2026-07,22.127,20.746
C-0003,2026-07-28,23,2026-07,22.291,21.029
C-0003,2026-07-29,0,2026-07,22.92,20.407
C-0003,2026-07-29,1,2026-07,22.162,20.491
C-0003,2026-07-29,2,2026-07,22.056,20.512
C-0003,2026-07-29,3,2026-07,22.142,20.631
C-0003,2026-07-29,4,2026-07,22.032,20.614
C-0003,2026-07-29,5,2026-07,22.357,20.886
C-0003,2026-07-29,6,2026-07,22.332,21.509
C-0003,2026-07-29,7,2026-07,22.131,21.527
C-0003,2026-07-29,8,2026-07,22.767,23.491
C-0003,2026-07-29,9,2026-07,22.829,23.941
C-0003,2026-07-29,10,2026-07,23.907,24.175
C-0003,2026-07-29,11,2026-07,23.179,22.899
C-0003,2026-07-29,12,2026-07,24.594,22.878
C-0003,2026-07-29,13,2026-07,24.69,22.782
C-0003,2026-07-29,14,2026-07,24.631,22.277
C-0003,2026-07-29,15,2026-07,24.428,21.603
C-0003,2026-07-29,16,2026-07,24.036,21.233
C-0003,2026-07-29,17,2026-07,23.769,22.32
C-0003,2026-07-29,18,2026-07,22.432,21.686
C-0003,2026-07-29,19,2026-07,23.016,21.819
C-0003,2026-07-29,20,2026-07,23.347,21.921
C-0003,2026-07-29,21,2026-07,23.003,21.9
C-0003,2026-07-29,22,2026-07,23.464,20.393
C-0003,2026-07-29,23,2026-07,22.966,20.686
C-0003,2026-07-30,0,2026-07,23.168,20.812
C-0003,2026-07-30,1,2026-07,22.25,20.45
C-0003,2026-07-30,2,2026-07,22.664,21.042
C-0003,2026-07-30,3,2026-07,22.329,20.649
C-0003,2026-07-30,4,2026-07,22.692,20.845
C-0003,2026-07-30,5,2026-07,22.708,21.073
C-0003,2026-07-30,6,2026-07,22.764,22.131
C-0003,2026-07-30,7,2026-07,23.261,22.755
C-0003,2026-07-30,8,2026-07,23.086,25.582
C-0003,2026-07-30,9,2026-07,23.122,26.278
C-0003,2026-07-30,10,2026-07,24.081,27.067
C-0003,2026-07-30,11,2026-07,24.788,26.327
C-0003,2026-07-30,12,2026-07,24.236,26.235
C-0003,2026-07-30,13,2026-07,24.941,26.291
C-0003,2026-07-30,14,2026-07,25.197,25.353
C-0003,2026-07-30,15,2026-07,24.929,24.106
C-0003,2026-07-30,16,2026-07,24.332,23.336
C-0003,2026-07-30,17,2026-07,24.158,23.772
C-0003,2026-07-30,18,2026-07,23.632,22.871
C-0003,2026-07-30,19,2026-07,24.053,22.349
C-0003,2026-07-30,20,2026-07,23.435,22.447
C-0003,2026-07-30,21,2026-07,23.98,22.592
C-0003,2026-07-30,22,2026-07,23.342,20.863
C-0003,2026-07-30,23,2026-07,23.114,20.948
C-0003,2026-07-31,0,2026-07,22.9,20.798
C-0003,2026-07-31,1,2026-07,22.542,20.77
C-0003,2026-07-31,2,2026-07,22.377,20.56
C-0003,2026-07-31,3,2026-07,21.83,20.809
C-0003,2026-07-31,4,2026-07,22.631,20.627
C-0003,2026-07-31,5,2026-07,22.775,20.978
C-0003,2026-07-31,6,2026-07,22.375,21.891
C-0003,2026-07-31,7,2026-07,22.623,23.047
C-0003,2026-07-31,8,2026-07,22.619,25.444
C-0003,2026-07-31,9,2026-07,23.464,26.07
C-0003,2026-07-31,10,2026-07,24.115,26.577
C-0003,2026-07-31,11,2026-07,23.809,25.56
C-0003,2026-07-31,12,2026-07,25.112,25.685
C-0003,2026-07-31,13,2026-07,24.367,25.358
C-0003,2026-07-31,14,2026-07,24.723,24.805
C-0003,2026-07-31,15,2026-07,24.273,24.181
C-0003,2026-07-31,16,2026-07,23.297,23.032
C-0003,2026-07-31,17,2026-07,23.3,23.718
C-0003,2026-07-31,18,2026-07,23.236,22.902
C-0003,2026-07-31,19,2026-07,23.466,22.164
C-0003,2026-07-31,20,2026-07,23.049,22.131
C-0003,2026-07-31,21,2026-07,22.332,22.327
C-0003,2026-07-31,22,2026-07,22.702,20.866
C-0003,2026-07-31,23,2026-07,22.344,20.994
C-0003,2026-08-01,0,2026-08,22.13,21.125
C-0003,2026-08-01,1,2026-08,21.87,21.404
C-0003,2026-08-01,2,2026-08,22.214,21.113
C-0003,2026-08-01,3,2026-08,22.036,21.039
C-0003,2026-08-01,4,2026-08,21.69,21.107
C-0003,2026-08-01,5,2026-08,21.23,21.635
C-0003,2026-08-01,6,2026-08,22.515,22.631
C-0003,2026-08-01,7,2026-08,23.374,23.772
C-0003,2026-08-01,8,2026-08,22.774,26.414
C-0003,2026-08-01,9,2026-08,23.177,27.329
C-0003,2026-08-01,10,2026-08,23.485,28.435
C-0003,2026-08-01,11,2026-08,23.346,27.538
C-0003,2026-08-01,12,2026-08,23.93,27.547
C-0003,2026-08-01,13,2026-08,24.459,27.143
C-0003,2026-08-01,14,2026-08,23.74,25.816
C-0003,2026-08-01,15,2026-08,23.493,24.751
C-0003,2026-08-01,16,2026-08,23.168,23.524
C-0003,2026-08-01,17,2026-08,23.567,23.961
C-0003,2026-08-01,18,2026-08,23.516,22.633
C-0003,2026-08-01,19,2026-08,23.265,22.352
C-0003,2026-08-01,20,2026-08,23.111,22.28
C-0003,2026-08-01,21,2026-08,23.117,22.464
C-0003,2026-08-01,22,2026-08,22.928,20.817
C-0003,2026-08-01,23,2026-08,22.6,21.036
C-0003,2026-08-02,0,2026-08,22.204,21.407
C-0003,2026-08-02,1,2026-08,23.128,20.892
C-0003,2026-08-02,2,2026-08,22.311,21.022
C-0003,2026-08-02,3,2026-08,22.079,20.851
C-0003,2026-08-02,4,2026-08,22.246,20.653
C-0003,2026-08-02,5,2026-08,22.21,21.18
C-0003,2026-08-02,6,2026-08,22.742,22.027
C-0003,2026-08-02,7,2026-08,22.106,23.493
C-0003,2026-08-02,8,2026-08,23.156,26.296
C-0003,2026-08-02,9,2026-08,22.842,27.346
C-0003,2026-08-02,10,2026-08,24.064,28.543
C-0003,2026-08-02,11,2026-08,23.062,27.285
C-0003,2026-08-02,12,2026-08,24.203,27.016
C-0003,2026-08-02,13,2026-08,23.742,26.237
C-0003,2026-08-02,14,2026-08,23.959,25.736
C-0003,2026-08-02,15,2026-08,23.739,24.699
C-0003,2026-08-02,16,2026-08,23.196,23.192
C-0003,2026-08-02,17,2026-08,23.352,23.239
C-0003,2026-08-02,18,2026-08,23.263,22.346
C-0003,2026-08-02,19,2026-08,23.8,21.995
C-0003,2026-08-02,20,2026-08,22.648,22.02
C-0003,2026-08-02,21,2026-08,22.209,22.075
C-0003,2026-08-02,22,2026-08,23.033,20.664
C-0003,2026-08-02,23,2026-08,22.215,20.517
C-0003,2026-08-03,0,2026-08,22.057,20.64
C-0003,2026-08-03,1,2026-08,21.753,20.536
C-0003,2026-08-03,2,2026-08,21.823,20.714
C-0003,2026-08-03,3,2026-08,22.339,20.69
C-0003,2026-08-03,4,2026-08,21.399,20.575
C-0003,2026-08-03,5,2026-08,22.142,20.669
C-0003,2026-08-03,6,2026-08,22.069,21.675
C-0003,2026-08-03,7,2026-08,22.053,22.66
C-0003,2026-08-03,8,2026-08,22.503,25.149
C-0003,2026-08-03,9,2026-08,22.874,26.144
C-0003,2026-08-03,10,2026-08,22.543,27.056
C-0003,2026-08-03,11,2026-08,23.132,25.731
C-0003,2026-08-03,12,2026-08,23.658,25.981
C-0003,2026-08-03,13,2026-08,24.511,25.535
C-0003,2026-08-03,14,2026-08,24.206,24.62
C-0003,2026-08-03,15,2026-08,23.798,24.085
C-0003,2026-08-03,16,2026-08,23.289,22.884
C-0003,2026-08-03,17,2026-08,23.234,23.408
C-0003,2026-08-03,18,2026-08,23.063,22.177
C-0003,2026-08-03,19,2026-08,22.477,22.433
C-0003,2026-08-03,20,2026-08,22.79,22.111
C-0003,2026-08-03,21,2026-08,21.796,21.99
C-0003,2026-08-03,22,2026-08,22.444,20.82
C-0003,2026-08-03,23,2026-08,21.54,20.637
C-0003,2026-08-04,0,2026-08,22.169,20.58
C-0003,2026-08-04,1,2026-08,22.164,20.811
C-0003,2026-08-04,2,2026-08,22.016,21.292
C-0003,2026-08-04,3,2026-08,22.268,20.97
C-0003,2026-08-04,4,2026-08,22.475,21.007
C-0003,2026-08-04,5,2026-08,22.168,21.692
C-0003,2026-08-04,6,2026-08,22.719,22.063
C-0003,2026-08-04,7,2026-08,22.848,23.1
C-0003,2026-08-04,8,2026-08,23.207,25.706
C-0003,2026-08-04,9,2026-08,23.467,26.6
C-0003,2026-08-04,10,2026-08,23.085,27.241
C-0003,2026-08-04,11,2026-08,23.393,26.365
C-0003,2026-08-04,12,2026-08,24.519,26.662
C-0003,2026-08-04,13,2026-08,24.614,26.286
C-0003,2026-08-04,14,2026-08,24.711,25.39
C-0003,2026-08-04,15,2026-08,24.06,24.88
C-0003,2026-08-04,16,2026-08,23.542,23.169
C-0003,2026-08-04,17,2026-08,23.191,23.846
C-0003,2026-08-04,18,2026-08,22.947,22.523
C-0003,2026-08-04,19,2026-08,22.616,22.364
C-0003,2026-08-04,20,2026-08,22.613,22.538
C-0003,2026-08-04,21,2026-08,22.458,22.405
C-0003,2026-08-04,22,2026-08,22.208,20.907
C-0003,2026-08-04,23,2026-08,22.763,20.9
C-0003,2026-08-05,0,2026-08,21.992,20.918
C-0003,2026-08-05,1,2026-08,23.008,21.046
C-0003,2026-08-05,2,2026-08,21.835,21.034
C-0003,2026-08-05,3,2026-08,22.161,20.989
C-0003,2026-08-05,4,2026-08,21.9,20.771
C-0003,2026-08-05,5,2026-08,22.827,21.296
C-0003,2026-08-05,6,2026-08,22.326,22.634
C-0003,2026-08-05,7,2026-08,22.791,23.725
C-0003,2026-08-05,8,2026-08,22.806,26.67
C-0003,2026-08-05,9,2026-08,23.745,27.709
C-0003,2026-08-05,10,2026-08,23.748,29.002
C-0003,2026-08-05,11,2026-08,24.281,27.654
C-0003,2026-08-05,12,2026-08,24.546,28.017
C-0003,2026-08-05,13,2026-08,24.642,27.409
C-0003,2026-08-05,14,2026-08,25.173,26.203
C-0003,2026-08-05,15,2026-08,24.407,25.409
C-0003,2026-08-05,16,2026-08,23.885,24.002
C-0003,2026-08-05,17,2026-08,24.029,23.989
C-0003,2026-08-05,18,2026-08,23.356,22.645
C-0003,2026-08-05,19,2026-08,22.902,22.386
C-0003,2026-08-05,20,2026-08,23.726,22.258
C-0003,2026-08-05,21,2026-08,23.388,21.985
C-0003,2026-08-05,22,2026-08,23.36,20.357
C-0003,2026-08-05,23,2026-08,22.896,20.687
C-0003,2026-08-06,0,2026-08,22.105,20.563
C-0003,2026-08-06,1,2026-08,21.885,20.563
C-0003,2026-08-06,2,2026-08,22.318,20.663
C-0003,2026-08-06,3,2026-08,21.547,20.487
C-0003,2026-08-06,4,2026-08,21.675,20.412
C-0003,2026-08-06,5,2026-08,22.445,20.93
C-0003,2026-08-06,6,2026-08,22.677,21.906
C-0003,2026-08-06,7,2026-08,22.279,22.96
C-0003,2026-08-06,8,2026-08,22.608,26.217
C-0003,2026-08-06,9,2026-08,23.021,27.405
C-0003,2026-08-06,10,2026-08,23.235,28.272
C-0003,2026-08-06,11,2026-08,24.042,27.138
C-0003,2026-08-06,12,2026-08,24.397,27.181
C-0003,2026-08-06,13,2026-08,25.087,26.947
C-0003,2026-08-06,14,2026-08,25.223,26.013
C-0003,2026-08-06,15,2026-08,24.71,24.798
C-0003,2026-08-06,16,2026-08,24.006,23.768
C-0003,2026-08-06,17,2026-08,22.755,23.566
C-0003,2026-08-06,18,2026-08,23.991,22.616
C-0003,2026-08-06,19,2026-08,23.459,22.578
C-0003,2026-08-06,20,2026-08,22.424,22.182
C-0003,2026-08-06,21,2026-08,22.863,22.142
C-0003,2026-08-06,22,2026-08,22.623,20.872
C-0003,2026-08-06,23,2026-08,23.058,20.574
C-0003,2026-08-07,0,2026-08,23.007,20.761
C-0003,2026-08-07,1,2026-08,22.296,20.929
C-0003,2026-08-07,2,2026-08,22.553,20.998
C-0003,2026-08-07,3,2026-08,23.051,20.897
C-0003,2026-08-07,4,2026-08,22.063,21.028
C-0003,2026-08-07,5,2026-08,22.313,21.484
C-0003,2026-08-07,6,2026-08,23.592,22.112
C-0003,2026-08-07,7,2026-08,23.278,22.87
C-0003,2026-08-07,8,2026-08,22.996,25.908
C-0003,2026-08-07,9,2026-08,23.842,26.789
C-0003,2026-08-07,10,2026-08,23.65,27.804
C-0003,2026-08-07,11,2026-08,24.38,26.39
C-0003,2026-08-07,12,2026-08,24.795,26.253
C-0003,2026-08-07,13,2026-08,25.535,26.129
C-0003,2026-08-07,14,2026-08,24.899,25.255
C-0003,2026-08-07,15,2026-08,24.689,24.459
C-0003,2026-08-07,16,2026-08,24.037,23.066
C-0003,2026-08-07,17,2026-08,23.294,23.384
C-0003,2026-08-07,18,2026-08,23.465,22.779
C-0003,2026-08-07,19,2026-08,22.936,22.346
C-0003,2026-08-07,20,2026-08,23.366,22.33
C-0003,2026-08-07,21,2026-08,23.717,22.252
C-0003,2026-08-07,22,2026-08,23.038,20.402
C-0003,2026-08-07,23,2026-08,23.532,20.717
C-0003,2026-08-08,0,2026-08,22.386,20.429
C-0003,2026-08-08,1,2026-08,22.272,20.645
C-0003,2026-08-08,2,2026-08,22.127,20.489
C-0003,2026-08-08,3,2026-08,22.516,20.645
C-0003,2026-08-08,4,2026-08,21.385,20.383
C-0003,2026-08-08,5,2026-08,22.528,20.667
C-0003,2026-08-08,6,2026-08,22.643,21.487
C-0003,2026-08-08,7,2026-08,22.98,22.267
C-0003,2026-08-08,8,2026-08,23.36,24.878
C-0003,2026-08-08,9,2026-08,23.697,25.186
C-0003,2026-08-08,10,2026-08,23.204,26.111
C-0003,2026-08-08,11,2026-08,23.448,25.038
C-0003,2026-08-08,12,2026-08,23.805,25.039
C-0003,2026-08-08,13,2026-08,23.198,24.081
C-0003,2026-08-08,14,2026-08,23.879,23.855
C-0003,2026-08-08,15,2026-08,24.298,23.101
C-0003,2026-08-08,16,2026-08,23.893,22.329
C-0003,2026-08-08,17,2026-08,23.433,23.142
C-0003,2026-08-08,18,2026-08,23.902,22.281
C-0003,2026-08-08,19,2026-08,23.005,22.415
C-0003,2026-08-08,20,2026-08,22.063,22.004
C-0003,2026-08-08,21,2026-08,22.83,22.19
C-0003,2026-08-08,22,2026-08,22.619,20.814
C-0003,2026-08-08,23,2026-08,23.001,20.548
C-0003,2026-08-09,0,2026-08,22.449,20.662
C-0003,2026-08-09,1,2026-08,21.704,20.657
C-0003,2026-08-09,2,2026-08,21.947,20.94
C-0003,2026-08-09,3,2026-08,21.694,20.883
C-0003,2026-08-09,4,2026-08,21.595,20.95
C-0003,2026-08-09,5,2026-08,22.128,21.302
C-0003,2026-08-09,6,2026-08,21.867,22.643
C-0003,2026-08-09,7,2026-08,21.642,24.508
C-0003,2026-08-09,8,2026-08,22.771,27.092
C-0003,2026-08-09,9,2026-08,23.277,28.242
C-0003,2026-08-09,10,2026-08,22.901,29.199
C-0003,2026-08-09,11,2026-08,23.229,27.719
C-0003,2026-08-09,12,2026-08,23.28,27.888
C-0003,2026-08-09,13,2026-08,23.233,27.417
C-0003,2026-08-09,14,2026-08,23.287,26.394
C-0003,2026-08-09,15,2026-08,23.299,25.074
C-0003,2026-08-09,16,2026-08,23.129,23.286
C-0003,2026-08-09,17,2026-08,23.323,23.572
C-0003,2026-08-09,18,2026-08,23.299,22.63
C-0003,2026-08-09,19,2026-08,22.597,22.237
C-0003,2026-08-09,20,2026-08,22.647,22.511
C-0003,2026-08-09,21,2026-08,22.658,22.17
C-0003,2026-08-09,22,2026-08,22.626,20.709
C-0003,2026-08-09,23,2026-08,22.862,20.567
C-0003,2026-08-10,0,2026-08,22.161,20.578
C-0003,2026-08-10,1,2026-08,22.373,20.644
C-0003,2026-08-10,2,2026-08,22.392,20.991
C-0003,2026-08-10,3,2026-08,22.223,21.077
C-0003,2026-08-10,4,2026-08,22.133,21.754
C-0003,2026-08-10,5,2026-08,21.835,21.381
C-0003,2026-08-10,6,2026-08,23.391,22.657
C-0003,2026-08-10,7,2026-08,22.442,23.196
C-0003,2026-08-10,8,2026-08,22.993,26.064
C-0003,2026-08-10,9,2026-08,22.898,26.676
C-0003,2026-08-10,10,2026-08,22.697,27.309
C-0003,2026-08-10,11,2026-08,23.313,25.729
C-0003,2026-08-10,12,2026-08,24.364,25.842
C-0003,2026-08-10,13,2026-08,24.807,25.54
C-0003,2026-08-10,14,2026-08,24.38,24.751
C-0003,2026-08-10,15,2026-08,24.47,23.714
C-0003,2026-08-10,16,2026-08,22.997,22.419
C-0003,2026-08-10,17,2026-08,23.414,22.963
C-0003,2026-08-10,18,2026-08,22.932,22.153
C-0003,2026-08-10,19,2026-08,23.228,22.047
C-0003,2026-08-10,20,2026-08,22.663,22.063
C-0003,2026-08-10,21,2026-08,22.745,22.188
C-0003,2026-08-10,22,2026-08,22.83,20.461
C-0003,2026-08-10,23,2026-08,22.72,20.952
C-0003,2026-08-11,0,2026-08,21.927,20.327
C-0003,2026-08-11,1,2026-08,22.389,20.606
C-0003,2026-08-11,2,2026-08,21.864,20.646
C-0003,2026-08-11,3,2026-08,22.366,20.647
C-0003,2026-08-11,4,2026-08,21.752,20.54
C-0003,2026-08-11,5,2026-08,21.9,20.886
C-0003,2026-08-11,6,2026-08,22.361,21.602
C-0003,2026-08-11,7,2026-08,22.614,22.642
C-0003,2026-08-11,8,2026-08,22.087,24.965
C-0003,2026-08-11,9,2026-08,23.0,25.684
C-0003,2026-08-11,10,2026-08,23.135,26.185
C-0003,2026-08-11,11,2026-08,23.797,25.384
C-0003,2026-08-11,12,2026-08,23.649,25.462
C-0003,2026-08-11,13,2026-08,24.072,24.831
C-0003,2026-08-11,14,2026-08,25.164,24.553
C-0003,2026-08-11,15,2026-08,24.234,23.771
C-0003,2026-08-11,16,2026-08,23.901,22.602
C-0003,2026-08-11,17,2026-08,23.401,22.993
C-0003,2026-08-11,18,2026-08,23.244,22.139
C-0003,2026-08-11,19,2026-08,22.887,22.074
C-0003,2026-08-11,20,2026-08,23.344,21.947
C-0003,2026-08-11,21,2026-08,23.196,22.174
C-0003,2026-08-11,22,2026-08,22.58,20.561
C-0003,2026-08-11,23,2026-08,21.943,20.557
C-0003,2026-08-12,0,2026-08,22.465,21.118
C-0003,2026-08-12,1,2026-08,22.963,20.797
C-0003,2026-08-12,2,2026-08,22.458,20.579
C-0003,2026-08-12,3,2026-08,21.995,20.622
C-0003,2026-08-12,4,2026-08,21.845,20.843
C-0003,2026-08-12,5,2026-08,22.916,21.043
C-0003,2026-08-12,6,2026-08,23.14,22.416
C-0003,2026-08-12,7,2026-08,22.644,23.788
C-0003,2026-08-12,8,2026-08,23.557,26.475
C-0003,2026-08-12,9,2026-08,23.118,27.677
C-0003,2026-08-12,10,2026-08,23.822,28.559
C-0003,2026-08-12,11,2026-08,23.858,26.937
C-0003,2026-08-12,12,2026-08,24.432,27.159
C-0003,2026-08-12,13,2026-08,25.071,26.756
C-0003,2026-08-12,14,2026-08,24.549,25.88
C-0003,2026-08-12,15,2026-08,24.572,24.606
C-0003,2026-08-12,16,2026-08,23.947,23.749
C-0003,2026-08-12,17,2026-08,23.41,24.0
C-0003,2026-08-12,18,2026-08,23.15,22.603
C-0003,2026-08-12,19,2026-08,23.905,22.524
C-0003,2026-08-12,20,2026-08,22.963,22.199
C-0003,2026-08-12,21,2026-08,23.105,22.194
C-0003,2026-08-12,22,2026-08,22.869,20.803
C-0003,2026-08-12,23,2026-08,23.069,20.584
C-0003,2026-08-13,0,2026-08,22.65,20.594
C-0003,2026-08-13,1,2026-08,22.397,20.877
C-0003,2026-08-13,2,2026-08,23.074,20.525
C-0003,2026-08-13,3,2026-08,22.446,20.323
C-0003,2026-08-13,4,2026-08,22.654,20.544
C-0003,2026-08-13,5,2026-08,22.449,20.428
C-0003,2026-08-13,6,2026-08,23.077,20.848
C-0003,2026-08-13,7,2026-08,22.978,21.832
C-0003,2026-08-13,8,2026-08,23.085,23.741
C-0003,2026-08-13,9,2026-08,24.02,23.948
C-0003,2026-08-13,10,2026-08,23.498,24.599
C-0003,2026-08-13,11,2026-08,24.602,22.995
C-0003,2026-08-13,12,2026-08,24.969,22.937
C-0003,2026-08-13,13,2026-08,25.17,23.252
C-0003,2026-08-13,14,2026-08,24.906,22.514
C-0003,2026-08-13,15,2026-08,24.535,22.123
C-0003,2026-08-13,16,2026-08,24.311,21.813
C-0003,2026-08-13,17,2026-08,24.118,22.996
C-0003,2026-08-13,18,2026-08,23.152,22.165
C-0003,2026-08-13,19,2026-08,24.087,22.069
C-0003,2026-08-13,20,2026-08,23.585,21.815
C-0003,2026-08-13,21,2026-08,22.426,21.83
C-0003,2026-08-13,22,2026-08,23.248,20.626
C-0003,2026-08-13,23,2026-08,23.703,20.337
C-0003,2026-08-14,0,2026-08,23.201,20.427
C-0003,2026-08-14,1,2026-08,22.73,20.75
C-0003,2026-08-14,2,2026-08,22.453,20.663
C-0003,2026-08-14,3,2026-08,22.762,20.549
C-0003,2026-08-14,4,2026-08,22.833,20.495
C-0003,2026-08-14,5,2026-08,22.509,20.836
C-0003,2026-08-14,6,2026-08,22.947,21.434
C-0003,2026-08-14,7,2026-08,22.374,22.627
C-0003,2026-08-14,8,2026-08,23.233,25.092
C-0003,2026-08-14,9,2026-08,23.719,26.407
C-0003,2026-08-14,10,2026-08,23.776,26.824
C-0003,2026-08-14,11,2026-08,24.456,25.618
C-0003,2026-08-14,12,2026-08,24.636,25.719
C-0003,2026-08-14,13,2026-08,24.918,25.123
C-0003,2026-08-14,14,2026-08,24.791,24.79
C-0003,2026-08-14,15,2026-08,24.719,23.913
C-0003,2026-08-14,16,2026-08,24.256,22.493
C-0003,2026-08-14,17,2026-08,23.938,23.128
C-0003,2026-08-14,18,2026-08,23.923,22.43
C-0003,2026-08-14,19,2026-08,23.111,21.92
C-0003,2026-08-14,20,2026-08,23.113,21.899
C-0003,2026-08-14,21,2026-08,23.47,22.265
C-0003,2026-08-14,22,2026-08,23.272,20.715
C-0003,2026-08-14,23,2026-08,23.275,20.652
C-0003,2026-08-15,0,2026-08,22.452,20.502
C-0003,2026-08-15,1,2026-08,23.149,20.955
C-0003,2026-08-15,2,2026-08,22.745,20.837
C-0003,2026-08-15,3,2026-08,22.028,21.322
C-0003,2026-08-15,4,2026-08,21.656,21.104
C-0003,2026-08-15,5,2026-08,22.959,21.092
C-0003,2026-08-15,6,2026-08,22.828,22.151
C-0003,2026-08-15,7,2026-08,23.291,23.399
C-0003,2026-08-15,8,2026-08,23.098,25.784
C-0003,2026-08-15,9,2026-08,23.341,26.969
C-0003,2026-08-15,10,2026-08,24.069,27.245
C-0003,2026-08-15,11,2026-08,23.61,26.135
C-0003,2026-08-15,12,2026-08,24.395,26.105
C-0003,2026-08-15,13,2026-08,25.163,25.387
C-0003,2026-08-15,14,2026-08,23.43,24.768
C-0003,2026-08-15,15,2026-08,24.253,23.952
C-0003,2026-08-15,16,2026-08,23.773,22.857
C-0003,2026-08-15,17,2026-08,23.18,23.354
C-0003,2026-08-15,18,2026-08,23.887,22.491
C-0003,2026-08-15,19,2026-08,23.464,22.152
C-0003,2026-08-15,20,2026-08,23.57,22.088
C-0003,2026-08-15,21,2026-08,23.256,22.152
C-0003,2026-08-15,22,2026-08,22.606,20.626
C-0003,2026-08-15,23,2026-08,22.531,20.53
C-0003,2026-08-16,0,2026-08,22.396,20.802
C-0003,2026-08-16,1,2026-08,23.296,20.693
C-0003,2026-08-16,2,2026-08,22.093,20.922
C-0003,2026-08-16,3,2026-08,23.146,20.901
C-0003,2026-08-16,4,2026-08,22.491,20.881
C-0003,2026-08-16,5,2026-08,22.472,20.898
C-0003,2026-08-16,6,2026-08,22.421,21.605
C-0003,2026-08-16,7,2026-08,22.548,22.557
C-0003,2026-08-16,8,2026-08,22.973,25.629
C-0003,2026-08-16,9,2026-08,23.25,26.354
C-0003,2026-08-16,10,2026-08,23.404,26.967
C-0003,2026-08-16,11,2026-08,23.94,25.694
C-0003,2026-08-16,12,2026-08,24.113,25.655
C-0003,2026-08-16,13,2026-08,24.769,25.557
C-0003,2026-08-16,14,2026-08,23.96,25.163
C-0003,2026-08-16,15,2026-08,24.025,24.574
C-0003,2026-08-16,16,2026-08,24.084,23.678
C-0003,2026-08-16,17,2026-08,23.969,24.701
C-0003,2026-08-16,18,2026-08,23.794,23.887
C-0003,2026-08-16,19,2026-08,23.827,24.731
C-0003,2026-08-16,20,2026-08,24.217,24.23
C-0003,2026-08-16,21,2026-08,23.009,24.408
C-0003,2026-08-16,22,2026-08,22.852,22.733
C-0003,2026-08-16,23,2026-08,23.089,23.224
C-0003,2026-08-17,0,2026-08,22.632,22.694
C-0003,2026-08-17,1,2026-08,22.709,23.102
C-0003,2026-08-17,2,2026-08,22.863,22.642
C-0003,2026-08-17,3,2026-08,22.26,22.295
C-0003,2026-08-17,4,2026-08,22.509,21.536
C-0003,2026-08-17,5,2026-08,22.703,21.98
C-0003,2026-08-17,6,2026-08,22.602,22.969
C-0003,2026-08-17,7,2026-08,22.772,23.656
C-0003,2026-08-17,8,2026-08,22.836,26.387
C-0003,2026-08-17,9,2026-08,23.908,28.686
C-0003,2026-08-17,10,2026-08,24.195,29.261
C-0003,2026-08-17,11,2026-08,24.097,27.966
C-0003,2026-08-17,12,2026-08,24.945,27.181
C-0003,2026-08-17,13,2026-08,25.342,27.407
C-0003,2026-08-17,14,2026-08,25.73,27.869
C-0003,2026-08-17,15,2026-08,25.608,26.679
C-0003,2026-08-17,16,2026-08,24.032,24.665
C-0003,2026-08-17,17,2026-08,23.891,23.927
C-0003,2026-08-17,18,2026-08,24.186,22.619
C-0003,2026-08-17,19,2026-08,23.369,22.442
C-0003,2026-08-17,20,2026-08,23.763,22.391
C-0003,2026-08-17,21,2026-08,23.707,22.341
C-0003,2026-08-17,22,2026-08,23.162,21.121
C-0003,2026-08-17,23,2026-08,23.653,20.888
C-0003,2026-08-18,0,2026-08,23.02,20.747
C-0003,2026-08-18,1,2026-08,22.677,20.566
C-0003,2026-08-18,2,2026-08,23.245,20.371
C-0003,2026-08-18,3,2026-08,22.774,21.069
C-0003,2026-08-18,4,2026-08,22.947,21.119
C-0003,2026-08-18,5,2026-08,23.322,20.994
C-0003,2026-08-18,6,2026-08,22.885,22.522
C-0003,2026-08-18,7,2026-08,22.691,22.884
C-0003,2026-08-18,8,2026-08,23.88,25.59
C-0003,2026-08-18,9,2026-08,23.565,26.602
C-0003,2026-08-18,10,2026-08,24.012,27.597
C-0003,2026-08-18,11,2026-08,24.075,25.956
C-0003,2026-08-18,12,2026-08,24.228,26.156
C-0003,2026-08-18,13,2026-08,25.499,25.667
C-0003,2026-08-18,14,2026-08,26.542,24.882
C-0003,2026-08-18,15,2026-08,25.355,23.693
C-0003,2026-08-18,16,2026-08,24.362,22.557
C-0003,2026-08-18,17,2026-08,23.624,23.123
C-0003,2026-08-18,18,2026-08,23.578,22.304
C-0003,2026-08-18,19,2026-08,24.096,22.077
C-0003,2026-08-18,20,2026-08,23.444,21.951
C-0003,2026-08-18,21,2026-08,24.037,22.077
C-0003,2026-08-18,22,2026-08,23.55,20.988
C-0003,2026-08-18,23,2026-08,22.988,20.972
C-0003,2026-08-19,0,2026-08,23.327,21.158
C-0003,2026-08-19,1,2026-08,23.571,20.924
C-0003,2026-08-19,2,2026-08,23.535,20.834
C-0003,2026-08-19,3,2026-08,23.146,20.838
C-0003,2026-08-19,4,2026-08,22.276,20.892
C-0003,2026-08-19,5,2026-08,23.508,20.918
C-0003,2026-08-19,6,2026-08,23.18,22.125
C-0003,2026-08-19,7,2026-08,23.508,23.672
C-0003,2026-08-19,8,2026-08,23.598,26.379
C-0003,2026-08-19,9,2026-08,23.901,26.947
C-0003,2026-08-19,10,2026-08,23.956,27.977
C-0003,2026-08-19,11,2026-08,24.947,26.892
C-0003,2026-08-19,12,2026-08,24.709,27.491
C-0003,2026-08-19,13,2026-08,25.225,27.343
C-0003,2026-08-19,14,2026-08,25.661,25.815
C-0005,2026-07-01,0,2026-07,63.004,60.453
C-0005,2026-07-01,1,2026-07,60.811,61.2
C-0005,2026-07-01,2,2026-07,61.713,61.324
C-0005,2026-07-01,3,2026-07,62.478,61.952
C-0005,2026-07-01,4,2026-07,61.616,62.051
C-0005,2026-07-01,5,2026-07,62.053,62.917
C-0005,2026-07-01,6,2026-07,62.923,65.255
C-0005,2026-07-01,7,2026-07,63.31,66.342
C-0005,2026-07-01,8,2026-07,61.975,74.017
C-0005,2026-07-01,9,2026-07,62.525,76.039
C-0005,2026-07-01,10,2026-07,64.642,75.909
C-0005,2026-07-01,11,2026-07,64.049,73.996
C-0005,2026-07-01,12,2026-07,64.935,73.958
C-0005,2026-07-01,13,2026-07,66.371,73.595
C-0005,2026-07-01,14,2026-07,66.017,72.314
C-0005,2026-07-01,15,2026-07,65.568,69.66
C-0005,2026-07-01,16,2026-07,65.057,67.304
C-0005,2026-07-01,17,2026-07,63.435,68.141
C-0005,2026-07-01,18,2026-07,62.406,65.809
C-0005,2026-07-01,19,2026-07,63.325,65.204
C-0005,2026-07-01,20,2026-07,61.661,65.131
C-0005,2026-07-01,21,2026-07,61.753,63.394
C-0005,2026-07-01,22,2026-07,61.692,60.118
C-0005,2026-07-01,23,2026-07,61.955,59.201
C-0005,2026-07-02,0,2026-07,62.237,59.836
C-0005,2026-07-02,1,2026-07,60.809,59.902
C-0005,2026-07-02,2,2026-07,60.791,59.158
C-0005,2026-07-02,3,2026-07,62.092,59.543
C-0005,2026-07-02,4,2026-07,62.339,59.676
C-0005,2026-07-02,5,2026-07,61.091,60.003
C-0005,2026-07-02,6,2026-07,62.805,62.336
C-0005,2026-07-02,7,2026-07,61.204,63.686
C-0005,2026-07-02,8,2026-07,62.983,70.028
C-0005,2026-07-02,9,2026-07,62.86,71.466
C-0005,2026-07-02,10,2026-07,63.448,73.235
C-0005,2026-07-02,11,2026-07,65.216,69.547
C-0005,2026-07-02,12,2026-07,65.351,69.491
C-0005,2026-07-02,13,2026-07,67.533,68.857
C-0005,2026-07-02,14,2026-07,67.891,67.592
C-0005,2026-07-02,15,2026-07,65.563,66.35
C-0005,2026-07-02,16,2026-07,65.658,64.208
C-0005,2026-07-02,17,2026-07,63.221,66.626
C-0005,2026-07-02,18,2026-07,62.617,64.921
C-0005,2026-07-02,19,2026-07,61.625,63.123
C-0005,2026-07-02,20,2026-07,63.078,63.192
C-0005,2026-07-02,21,2026-07,60.885,64.171
C-0005,2026-07-02,22,2026-07,63.267,59.251
C-0005,2026-07-02,23,2026-07,61.028,59.146
C-0005,2026-07-03,0,2026-07,61.319,58.725
C-0005,2026-07-03,1,2026-07,62.476,59.916
C-0005,2026-07-03,2,2026-07,61.704,59.355
C-0005,2026-07-03,3,2026-07,63.276,59.234
C-0005,2026-07-03,4,2026-07,61.558,60.223
C-0005,2026-07-03,5,2026-07,61.67,61.109
C-0005,2026-07-03,6,2026-07,60.794,63.119
C-0005,2026-07-03,7,2026-07,61.484,67.308
C-0005,2026-07-03,8,2026-07,62.815,74.298
C-0005,2026-07-03,9,2026-07,61.892,77.063
C-0005,2026-07-03,10,2026-07,65.76,77.87
C-0005,2026-07-03,11,2026-07,64.401,75.374
C-0005,2026-07-03,12,2026-07,67.288,75.706
C-0005,2026-07-03,13,2026-07,67.711,74.434
C-0005,2026-07-03,14,2026-07,66.425,73.354
C-0005,2026-07-03,15,2026-07,67.728,70.053
C-0005,2026-07-03,16,2026-07,64.739,67.506
C-0005,2026-07-03,17,2026-07,66.333,69.117
C-0005,2026-07-03,18,2026-07,63.95,65.799
C-0005,2026-07-03,19,2026-07,64.413,64.582
C-0005,2026-07-03,20,2026-07,63.01,64.327
C-0005,2026-07-03,21,2026-07,62.873,64.419
C-0005,2026-07-03,22,2026-07,62.988,59.489
C-0005,2026-07-03,23,2026-07,61.96,59.782
C-0005,2026-07-04,0,2026-07,62.702,59.339
C-0005,2026-07-04,1,2026-07,61.793,59.959
C-0005,2026-07-04,2,2026-07,62.208,61.211
C-0005,2026-07-04,3,2026-07,62.17,61.091
C-0005,2026-07-04,4,2026-07,61.029,62.274
C-0005,2026-07-04,5,2026-07,61.478,62.872
C-0005,2026-07-04,6,2026-07,60.841,65.8
C-0005,2026-07-04,7,2026-07,61.004,68.84
C-0005,2026-07-04,8,2026-07,61.02,75.325
C-0005,2026-07-04,9,2026-07,60.307,77.793
C-0005,2026-07-04,10,2026-07,61.408,80.751
C-0005,2026-07-04,11,2026-07,62.822,77.311
C-0005,2026-07-04,12,2026-07,63.805,77.344
C-0005,2026-07-04,13,2026-07,64.421,75.455
C-0005,2026-07-04,14,2026-07,64.223,74.214
C-0005,2026-07-04,15,2026-07,65.274,72.031
C-0005,2026-07-04,16,2026-07,61.681,68.089
C-0005,2026-07-04,17,2026-07,63.383,68.783
C-0005,2026-07-04,18,2026-07,63.01,66.073
C-0005,2026-07-04,19,2026-07,62.282,65.617
C-0005,2026-07-04,20,2026-07,61.948,64.493
C-0005,2026-07-04,21,2026-07,60.996,64.36
C-0005,2026-07-04,22,2026-07,61.768,60.216
C-0005,2026-07-04,23,2026-07,63.502,59.545
C-0005,2026-07-05,0,2026-07,60.461,59.937
C-0005,2026-07-05,1,2026-07,63.207,59.878
C-0005,2026-07-05,2,2026-07,62.449,60.28
C-0005,2026-07-05,3,2026-07,62.335,60.519
C-0005,2026-07-05,4,2026-07,63.054,59.703
C-0005,2026-07-05,5,2026-07,62.989,61.238
C-0005,2026-07-05,6,2026-07,62.184,63.744
C-0005,2026-07-05,7,2026-07,62.823,66.57
C-0005,2026-07-05,8,2026-07,61.166,73.121
C-0005,2026-07-05,9,2026-07,61.674,76.135
C-0005,2026-07-05,10,2026-07,60.401,76.658
C-0005,2026-07-05,11,2026-07,64.075,73.346
C-0005,2026-07-05,12,2026-07,63.384,74.04
C-0005,2026-07-05,13,2026-07,65.863,73.383
C-0005,2026-07-05,14,2026-07,65.611,70.963
C-0005,2026-07-05,15,2026-07,64.056,68.212
C-0005,2026-07-05,16,2026-07,64.766,66.397
C-0005,2026-07-05,17,2026-07,63.978,67.023
C-0005,2026-07-05,18,2026-07,62.853,65.306
C-0005,2026-07-05,19,2026-07,63.787,63.536
C-0005,2026-07-05,20,2026-07,60.565,63.685
C-0005,2026-07-05,21,2026-07,62.525,63.76
C-0005,2026-07-05,22,2026-07,59.611,59.178
C-0005,2026-07-05,23,2026-07,61.235,59.524
C-0005,2026-07-06,0,2026-07,62.589,59.05
C-0005,2026-07-06,1,2026-07,62.911,59.497
C-0005,2026-07-06,2,2026-07,61.563,60.178
C-0005,2026-07-06,3,2026-07,62.784,59.335
C-0005,2026-07-06,4,2026-07,61.598,58.906
C-0005,2026-07-06,5,2026-07,61.918,60.334
C-0005,2026-07-06,6,2026-07,63.437,62.786
C-0005,2026-07-06,7,2026-07,62.358,64.255
C-0005,2026-07-06,8,2026-07,59.416,70.177
C-0005,2026-07-06,9,2026-07,61.537,71.497
C-0005,2026-07-06,10,2026-07,62.004,72.149
C-0005,2026-07-06,11,2026-07,63.159,69.017
C-0005,2026-07-06,12,2026-07,64.883,69.117
C-0005,2026-07-06,13,2026-07,67.566,69.025
C-0005,2026-07-06,14,2026-07,67.403,67.528
C-0005,2026-07-06,15,2026-07,66.98,66.318
C-0005,2026-07-06,16,2026-07,61.484,64.401
C-0005,2026-07-06,17,2026-07,62.836,67.369
C-0005,2026-07-06,18,2026-07,61.235,64.827
C-0005,2026-07-06,19,2026-07,64.216,64.369
C-0005,2026-07-06,20,2026-07,63.229,65.447
C-0005,2026-07-06,21,2026-07,60.094,65.179
C-0005,2026-07-06,22,2026-07,60.986,59.744
C-0005,2026-07-06,23,2026-07,62.174,60.0
C-0005,2026-07-07,0,2026-07,61.413,59.647
C-0005,2026-07-07,1,2026-07,59.532,60.326
C-0005,2026-07-07,2,2026-07,61.061,60.106
C-0005,2026-07-07,3,2026-07,62.621,60.679
C-0005,2026-07-07,4,2026-07,61.481,60.294
C-0005,2026-07-07,5,2026-07,62.506,60.784
C-0005,2026-07-07,6,2026-07,61.889,61.498
C-0005,2026-07-07,7,2026-07,62.392,63.972
C-0005,2026-07-07,8,2026-07,61.971,70.655
C-0005,2026-07-07,9,2026-07,60.805,71.969
C-0005,2026-07-07,10,2026-07,62.927,73.279
C-0005,2026-07-07,11,2026-07,63.392,68.263
C-0005,2026-07-07,12,2026-07,65.485,67.617
C-0005,2026-07-07,13,2026-07,66.245,67.885
C-0005,2026-07-07,14,2026-07,67.075,66.406
C-0005,2026-07-07,15,2026-07,65.275,66.436
C-0005,2026-07-07,16,2026-07,64.075,63.9
C-0005,2026-07-07,17,2026-07,62.355,66.775
C-0005,2026-07-07,18,2026-07,63.631,65.336
C-0005,2026-07-07,19,2026-07,60.674,65.837
C-0005,2026-07-07,20,2026-07,61.498,65.839
C-0005,2026-07-07,21,2026-07,61.099,65.732
C-0005,2026-07-07,22,2026-07,61.517,61.057
C-0005,2026-07-07,23,2026-07,62.056,61.045
C-0005,2026-07-08,0,2026-07,61.936,59.673
C-0005,2026-07-08,1,2026-07,63.776,60.075
C-0005,2026-07-08,2,2026-07,62.122,60.016
C-0005,2026-07-08,3,2026-07,62.053,59.149
C-0005,2026-07-08,4,2026-07,61.898,59.603
C-0005,2026-07-08,5,2026-07,61.466,59.761
C-0005,2026-07-08,6,2026-07,62.265,62.566
C-0005,2026-07-08,7,2026-07,61.592,65.388
C-0005,2026-07-08,8,2026-07,63.105,72.204
C-0005,2026-07-08,9,2026-07,63.748,74.351
C-0005,2026-07-08,10,2026-07,64.091,76.379
C-0005,2026-07-08,11,2026-07,64.905,72.242
C-0005,2026-07-08,12,2026-07,65.685,71.973
C-0005,2026-07-08,13,2026-07,68.429,71.389
C-0005,2026-07-08,14,2026-07,67.235,70.405
C-0005,2026-07-08,15,2026-07,66.482,68.531
C-0005,2026-07-08,16,2026-07,63.669,66.053
C-0005,2026-07-08,17,2026-07,63.0,67.537
C-0005,2026-07-08,18,2026-07,64.409,64.4
C-0005,2026-07-08,19,2026-07,62.878,63.681
C-0005,2026-07-08,20,2026-07,63.237,63.653
C-0005,2026-07-08,21,2026-07,62.902,63.509
C-0005,2026-07-08,22,2026-07,62.575,59.726
C-0005,2026-07-08,23,2026-07,61.168,59.498
C-0005,2026-07-09,0,2026-07,62.585,59.494
C-0005,2026-07-09,1,2026-07,61.841,59.393
C-0005,2026-07-09,2,2026-07,61.662,59.399
C-0005,2026-07-09,3,2026-07,61.569,58.887
C-0005,2026-07-09,4,2026-07,61.636,59.437
C-0005,2026-07-09,5,2026-07,60.817,60.484
C-0005,2026-07-09,6,2026-07,60.599,63.416
C-0005,2026-07-09,7,2026-07,60.809,66.984
C-0005,2026-07-09,8,2026-07,62.673,73.191
C-0005,2026-07-09,9,2026-07,63.636,75.639
C-0005,2026-07-09,10,2026-07,64.58,77.464
C-0005,2026-07-09,11,2026-07,65.084,74.116
C-0005,2026-07-09,12,2026-07,66.459,76.115
C-0005,2026-07-09,13,2026-07,66.64,75.365
C-0005,2026-07-09,14,2026-07,67.337,74.16
C-0005,2026-07-09,15,2026-07,68.79,71.4
C-0005,2026-07-09,16,2026-07,65.455,68.413
C-0005,2026-07-09,17,2026-07,64.354,69.588
C-0005,2026-07-09,18,2026-07,64.819,66.674
C-0005,2026-07-09,19,2026-07,64.409,65.011
C-0005,2026-07-09,20,2026-07,62.998,64.391
C-0005,2026-07-09,21,2026-07,64.27,63.829
C-0005,2026-07-09,22,2026-07,62.116,59.936
C-0005,2026-07-09,23,2026-07,60.774,59.694
C-0005,2026-07-10,0,2026-07,62.37,59.441
C-0005,2026-07-10,1,2026-07,61.887,59.72
C-0005,2026-07-10,2,2026-07,61.329,60.495
C-0005,2026-07-10,3,2026-07,62.601,60.6
C-0005,2026-07-10,4,2026-07,62.048,59.518
C-0005,2026-07-10,5,2026-07,62.739,60.739
C-0005,2026-07-10,6,2026-07,62.977,63.733
C-0005,2026-07-10,7,2026-07,62.201,65.615
C-0005,2026-07-10,8,2026-07,63.838,72.964
C-0005,2026-07-10,9,2026-07,62.047,74.57
C-0005,2026-07-10,10,2026-07,62.553,76.377
C-0005,2026-07-10,11,2026-07,62.711,72.218
C-0005,2026-07-10,12,2026-07,65.543,72.922
C-0005,2026-07-10,13,2026-07,65.126,71.98
C-0005,2026-07-10,14,2026-07,67.358,69.68
C-0005,2026-07-10,15,2026-07,66.358,68.01
C-0005,2026-07-10,16,2026-07,64.503,65.359
C-0005,2026-07-10,17,2026-07,63.635,67.224
C-0005,2026-07-10,18,2026-07,64.048,65.42
C-0005,2026-07-10,19,2026-07,62.798,63.781
C-0005,2026-07-10,20,2026-07,61.642,63.699
C-0005,2026-07-10,21,2026-07,60.403,63.985
C-0005,2026-07-10,22,2026-07,62.188,59.992
C-0005,2026-07-10,23,2026-07,62.147,60.493
C-0005,2026-07-11,0,2026-07,61.165,59.687
C-0005,2026-07-11,1,2026-07,60.347,60.309
C-0005,2026-07-11,2,2026-07,62.874,59.93
C-0005,2026-07-11,3,2026-07,63.025,59.965
C-0005,2026-07-11,4,2026-07,61.651,60.998
C-0005,2026-07-11,5,2026-07,62.097,61.591
C-0005,2026-07-11,6,2026-07,60.524,64.117
C-0005,2026-07-11,7,2026-07,61.704,65.919
C-0005,2026-07-11,8,2026-07,62.397,73.851
C-0005,2026-07-11,9,2026-07,65.01,75.652
C-0005,2026-07-11,10,2026-07,63.915,76.681
C-0005,2026-07-11,11,2026-07,65.11,74.21
C-0005,2026-07-11,12,2026-07,63.714,73.23
C-0005,2026-07-11,13,2026-07,64.422,73.283
C-0005,2026-07-11,14,2026-07,67.283,71.837
C-0005,2026-07-11,15,2026-07,64.294,69.219
C-0005,2026-07-11,16,2026-07,65.699,68.754
C-0005,2026-07-11,17,2026-07,64.688,69.022
C-0005,2026-07-11,18,2026-07,65.522,69.049
C-0005,2026-07-11,19,2026-07,63.842,66.689
C-0005,2026-07-11,20,2026-07,64.246,67.189
C-0005,2026-07-11,21,2026-07,61.799,66.361
C-0005,2026-07-11,22,2026-07,64.036,61.563
C-0005,2026-07-11,23,2026-07,61.531,60.458
C-0005,2026-07-12,0,2026-07,61.436,59.945
C-0005,2026-07-12,1,2026-07,60.754,59.257
C-0005,2026-07-12,2,2026-07,62.428,59.897
C-0005,2026-07-12,3,2026-07,60.634,61.09
C-0005,2026-07-12,4,2026-07,60.275,60.664
C-0005,2026-07-12,5,2026-07,61.675,61.938
C-0005,2026-07-12,6,2026-07,62.319,65.19
C-0005,2026-07-12,7,2026-07,59.865,68.436
C-0005,2026-07-12,8,2026-07,62.319,75.465
C-0005,2026-07-12,9,2026-07,63.343,77.935
C-0005,2026-07-12,10,2026-07,63.983,80.956
C-0005,2026-07-12,11,2026-07,63.706,76.587
C-0005,2026-07-12,12,2026-07,63.292,76.972
C-0005,2026-07-12,13,2026-07,64.833,75.247
C-0005,2026-07-12,14,2026-07,64.408,73.407
C-0005,2026-07-12,15,2026-07,63.42,70.067
C-0005,2026-07-12,16,2026-07,64.826,66.902
C-0005,2026-07-12,17,2026-07,62.116,68.326
C-0005,2026-07-12,18,2026-07,62.279,66.029
C-0005,2026-07-12,19,2026-07,61.983,64.129
C-0005,2026-07-12,20,2026-07,63.095,64.402
C-0005,2026-07-12,21,2026-07,61.285,64.217
C-0005,2026-07-12,22,2026-07,61.062,59.95
C-0005,2026-07-12,23,2026-07,60.747,59.192
C-0005,2026-07-13,0,2026-07,62.322,59.513
C-0005,2026-07-13,1,2026-07,60.814,59.442
C-0005,2026-07-13,2,2026-07,62.31,59.448
C-0005,2026-07-13,3,2026-07,62.098,59.541
C-0005,2026-07-13,4,2026-07,61.227,59.337
C-0005,2026-07-13,5,2026-07,62.097,60.786
C-0005,2026-07-13,6,2026-07,62.527,63.101
C-0005,2026-07-13,7,2026-07,62.296,65.974
C-0005,2026-07-13,8,2026-07,63.056,73.027
C-0005,2026-07-13,9,2026-07,63.783,75.272
C-0005,2026-07-13,10,2026-07,64.305,76.829
C-0005,2026-07-13,11,2026-07,66.817,73.899
C-0005,2026-07-13,12,2026-07,67.134,73.771
C-0005,2026-07-13,13,2026-07,68.465,72.965
C-0005,2026-07-13,14,2026-07,69.32,71.574
C-0005,2026-07-13,15,2026-07,69.404,68.402
C-0005,2026-07-13,16,2026-07,67.611,65.943
C-0005,2026-07-13,17,2026-07,63.24,68.252
C-0005,2026-07-13,18,2026-07,63.693,65.861
C-0005,2026-07-13,19,2026-07,63.747,64.979
C-0005,2026-07-13,20,2026-07,62.041,64.242
C-0005,2026-07-13,21,2026-07,63.425,64.526
C-0005,2026-07-13,22,2026-07,62.07,60.918
C-0005,2026-07-13,23,2026-07,62.41,60.131
C-0005,2026-07-14,0,2026-07,63.182,61.265
C-0005,2026-07-14,1,2026-07,61.876,60.711
C-0005,2026-07-14,2,2026-07,62.532,60.385
C-0005,2026-07-14,3,2026-07,61.345,61.267
C-0005,2026-07-14,4,2026-07,61.579,60.762
C-0005,2026-07-14,5,2026-07,63.153,61.226
C-0005,2026-07-14,6,2026-07,63.079,63.011
C-0005,2026-07-14,7,2026-07,64.46,64.847
C-0005,2026-07-14,8,2026-07,61.838,71.211
C-0005,2026-07-14,9,2026-07,65.052,73.251
C-0005,2026-07-14,10,2026-07,65.056,73.908
C-0005,2026-07-14,11,2026-07,66.702,70.587
C-0005,2026-07-14,12,2026-07,66.821,70.169
C-0005,2026-07-14,13,2026-07,70.059,70.238
C-0005,2026-07-14,14,2026-07,67.919,68.909
C-0005,2026-07-14,15,2026-07,69.442,68.266
C-0005,2026-07-14,16,2026-07,66.789,66.351
C-0005,2026-07-14,17,2026-07,65.809,69.151
C-0005,2026-07-14,18,2026-07,64.819,67.198
C-0005,2026-07-14,19,2026-07,64.599,66.625
C-0005,2026-07-14,20,2026-07,61.782,65.262
C-0005,2026-07-14,21,2026-07,64.635,65.992
C-0005,2026-07-14,22,2026-07,63.53,61.393
C-0005,2026-07-14,23,2026-07,63.146,62.721
C-0005,2026-07-15,0,2026-07,60.974,61.99
C-0005,2026-07-15,1,2026-07,62.374,63.243
C-0005,2026-07-15,2,2026-07,61.802,62.902
C-0005,2026-07-15,3,2026-07,62.811,63.233
C-0005,2026-07-15,4,2026-07,63.062,61.774
C-0005,2026-07-15,5,2026-07,63.672,62.44
C-0005,2026-07-15,6,2026-07,61.682,63.748
C-0005,2026-07-15,7,2026-07,64.334,65.91
C-0005,2026-07-15,8,2026-07,63.103,71.918
C-0005,2026-07-15,9,2026-07,65.348,73.843
C-0005,2026-07-15,10,2026-07,64.192,74.056
C-0005,2026-07-15,11,2026-07,64.373,69.618
C-0005,2026-07-15,12,2026-07,68.119,69.704
C-0005,2026-07-15,13,2026-07,68.967,68.49
C-0005,2026-07-15,14,2026-07,67.917,67.698
C-0005,2026-07-15,15,2026-07,67.625,65.696
C-0005,2026-07-15,16,2026-07,67.136,63.718
C-0005,2026-07-15,17,2026-07,65.782,66.355
C-0005,2026-07-15,18,2026-07,65.624,65.0
C-0005,2026-07-15,19,2026-07,64.872,64.037
C-0005,2026-07-15,20,2026-07,64.343,63.205
C-0005,2026-07-15,21,2026-07,62.597,63.154
C-0005,2026-07-15,22,2026-07,62.359,59.166
C-0005,2026-07-15,23,2026-07,64.056,59.491
C-0005,2026-07-16,0,2026-07,64.271,58.318
C-0005,2026-07-16,1,2026-07,63.975,58.889
C-0005,2026-07-16,2,2026-07,64.047,59.464
C-0005,2026-07-16,3,2026-07,64.049,59.203
C-0005,2026-07-16,4,2026-07,62.957,59.93
C-0005,2026-07-16,5,2026-07,62.924,60.703
C-0005,2026-07-16,6,2026-07,63.888,65.054
C-0005,2026-07-16,7,2026-07,63.922,68.916
C-0005,2026-07-16,8,2026-07,63.566,76.249
C-0005,2026-07-16,9,2026-07,66.468,79.27
C-0005,2026-07-16,10,2026-07,65.19,81.833
C-0005,2026-07-16,11,2026-07,68.413,78.698
C-0005,2026-07-16,12,2026-07,69.471,78.568
C-0005,2026-07-16,13,2026-07,69.224,78.942
C-0005,2026-07-16,14,2026-07,70.948,75.741
C-0005,2026-07-16,15,2026-07,69.717,73.418
C-0005,2026-07-16,16,2026-07,66.308,68.142
C-0005,2026-07-16,17,2026-07,66.374,68.978
C-0005,2026-07-16,18,2026-07,65.875,65.411
C-0005,2026-07-16,19,2026-07,66.879,63.401
C-0005,2026-07-16,20,2026-07,66.141,64.598
C-0005,2026-07-16,21,2026-07,63.716,63.34
C-0005,2026-07-16,22,2026-07,65.897,60.221
C-0005,2026-07-16,23,2026-07,63.602,59.718
C-0005,2026-07-17,0,2026-07,64.293,59.122
C-0005,2026-07-17,1,2026-07,62.074,60.08
C-0005,2026-07-17,2,2026-07,62.967,60.016
C-0005,2026-07-17,3,2026-07,62.795,59.561
C-0005,2026-07-17,4,2026-07,62.535,60.463
C-0005,2026-07-17,5,2026-07,63.861,60.472
C-0005,2026-07-17,6,2026-07,63.149,61.971
C-0005,2026-07-17,7,2026-07,65.2,64.579
C-0005,2026-07-17,8,2026-07,65.243,69.649
C-0005,2026-07-17,9,2026-07,64.388,71.205
C-0005,2026-07-17,10,2026-07,67.043,72.463
C-0005,2026-07-17,11,2026-07,68.05,69.294
C-0005,2026-07-17,12,2026-07,68.369,69.317
C-0005,2026-07-17,13,2026-07,70.497,69.141
C-0005,2026-07-17,14,2026-07,70.185,67.278
C-0005,2026-07-17,15,2026-07,68.591,66.114
C-0005,2026-07-17,16,2026-07,69.605,63.453
C-0005,2026-07-17,17,2026-07,66.743,66.991
C-0005,2026-07-17,18,2026-07,66.567,64.814
C-0005,2026-07-17,19,2026-07,65.461,64.492
C-0005,2026-07-17,20,2026-07,65.356,64.644
C-0005,2026-07-17,21,2026-07,64.238,64.443
C-0005,2026-07-17,22,2026-07,65.216,60.648
C-0005,2026-07-17,23,2026-07,63.132,61.459
C-0005,2026-07-18,0,2026-07,63.311,60.122
C-0005,2026-07-18,1,2026-07,59.936,59.873
C-0005,2026-07-18,2,2026-07,61.446,59.856
C-0005,2026-07-18,3,2026-07,62.105,59.87
C-0005,2026-07-18,4,2026-07,60.506,59.234
C-0005,2026-07-18,5,2026-07,61.368,60.773
C-0005,2026-07-18,6,2026-07,63.854,65.177
C-0005,2026-07-18,7,2026-07,61.379,68.694
C-0005,2026-07-18,8,2026-07,61.901,76.586
C-0005,2026-07-18,9,2026-07,64.605,79.89
C-0005,2026-07-18,10,2026-07,65.19,82.292
C-0005,2026-07-18,11,2026-07,67.206,79.321
C-0005,2026-07-18,12,2026-07,66.481,78.521
C-0005,2026-07-18,13,2026-07,65.693,77.655
C-0005,2026-07-18,14,2026-07,67.058,75.653
C-0005,2026-07-18,15,2026-07,66.321,72.958
C-0005,2026-07-18,16,2026-07,65.837,68.735
C-0005,2026-07-18,17,2026-07,64.359,68.482
C-0005,2026-07-18,18,2026-07,64.67,65.527
C-0005,2026-07-18,19,2026-07,63.884,64.155
C-0005,2026-07-18,20,2026-07,64.012,64.245
C-0005,2026-07-18,21,2026-07,64.79,64.248
C-0005,2026-07-18,22,2026-07,63.875,60.246
C-0005,2026-07-18,23,2026-07,63.819,59.467
C-0005,2026-07-19,0,2026-07,61.605,59.979
C-0005,2026-07-19,1,2026-07,61.659,60.087
C-0005,2026-07-19,2,2026-07,62.208,59.323
C-0005,2026-07-19,3,2026-07,61.345,60.847
C-0005,2026-07-19,4,2026-07,62.533,61.373
C-0005,2026-07-19,5,2026-07,61.884,61.69
C-0005,2026-07-19,6,2026-07,61.126,64.952
C-0005,2026-07-19,7,2026-07,64.025,68.159
C-0005,2026-07-19,8,2026-07,64.367,76.207
C-0005,2026-07-19,9,2026-07,64.828,79.146
C-0005,2026-07-19,10,2026-07,66.283,82.39
C-0005,2026-07-19,11,2026-07,66.909,78.518
C-0005,2026-07-19,12,2026-07,63.355,78.086
C-0005,2026-07-19,13,2026-07,66.743,77.527
C-0005,2026-07-19,14,2026-07,67.474,75.141
C-0005,2026-07-19,15,2026-07,67.187,71.113
C-0005,2026-07-19,16,2026-07,66.2,67.76
C-0005,2026-07-19,17,2026-07,66.474,68.206
C-0005,2026-07-19,18,2026-07,65.118,64.418
C-0005,2026-07-19,19,2026-07,65.118,63.039
C-0005,2026-07-19,20,2026-07,64.544,63.722
C-0005,2026-07-19,21,2026-07,62.861,63.538
C-0005,2026-07-19,22,2026-07,64.517,59.678
C-0005,2026-07-19,23,2026-07,63.868,59.108
C-0005,2026-07-20,0,2026-07,61.526,59.564
C-0005,2026-07-20,1,2026-07,63.574,59.546
C-0005,2026-07-20,2,2026-07,63.232,60.039
C-0005,2026-07-20,3,2026-07,62.203,59.59
C-0005,2026-07-20,4,2026-07,61.208,60.479
C-0005,2026-07-20,5,2026-07,61.832,62.077
C-0005,2026-07-20,6,2026-07,63.391,63.192
C-0005,2026-07-20,7,2026-07,60.873,66.227
C-0005,2026-07-20,8,2026-07,63.287,72.23
C-0005,2026-07-20,9,2026-07,64.17,75.351
C-0005,2026-07-20,10,2026-07,64.44,76.701
C-0005,2026-07-20,11,2026-07,64.185,73.038
C-0005,2026-07-20,12,2026-07,66.365,72.806
C-0005,2026-07-20,13,2026-07,67.562,72.174
C-0005,2026-07-20,14,2026-07,68.304,70.124
C-0005,2026-07-20,15,2026-07,67.09,67.59
C-0005,2026-07-20,16,2026-07,64.942,66.433
C-0005,2026-07-20,17,2026-07,65.824,67.355
C-0005,2026-07-20,18,2026-07,64.288,64.43
C-0005,2026-07-20,19,2026-07,62.314,63.913
C-0005,2026-07-20,20,2026-07,64.617,64.071
C-0005,2026-07-20,21,2026-07,63.032,63.773
C-0005,2026-07-20,22,2026-07,63.879,59.767
C-0005,2026-07-20,23,2026-07,60.203,59.632
C-0005,2026-07-21,0,2026-07,63.093,59.976
C-0005,2026-07-21,1,2026-07,61.857,59.836
C-0005,2026-07-21,2,2026-07,62.829,59.537
C-0005,2026-07-21,3,2026-07,62.196,58.753
C-0005,2026-07-21,4,2026-07,62.461,59.149
C-0005,2026-07-21,5,2026-07,60.314,61.143
C-0005,2026-07-21,6,2026-07,61.477,63.806
C-0005,2026-07-21,7,2026-07,63.288,65.695
C-0005,2026-07-21,8,2026-07,63.294,72.992
C-0005,2026-07-21,9,2026-07,64.306,75.734
C-0005,2026-07-21,10,2026-07,64.819,76.738
C-0005,2026-07-21,11,2026-07,67.261,74.704
C-0005,2026-07-21,12,2026-07,68.05,75.732
C-0005,2026-07-21,13,2026-07,69.649,74.298
C-0005,2026-07-21,14,2026-07,68.561,72.052
C-0005,2026-07-21,15,2026-07,68.298,69.704
C-0005,2026-07-21,16,2026-07,64.577,67.54
C-0005,2026-07-21,17,2026-07,65.209,69.046
C-0005,2026-07-21,18,2026-07,64.777,67.438
C-0005,2026-07-21,19,2026-07,65.934,66.403
C-0005,2026-07-21,20,2026-07,65.359,66.277
C-0005,2026-07-21,21,2026-07,63.251,65.841
C-0005,2026-07-21,22,2026-07,60.578,62.293
C-0005,2026-07-21,23,2026-07,61.853,61.077
C-0005,2026-07-22,0,2026-07,62.517,60.324
C-0005,2026-07-22,1,2026-07,63.943,61.478
C-0005,2026-07-22,2,2026-07,63.711,61.409
C-0005,2026-07-22,3,2026-07,62.896,60.578
C-0005,2026-07-22,4,2026-07,62.943,60.841
C-0005,2026-07-22,5,2026-07,64.288,62.342
C-0005,2026-07-22,6,2026-07,64.323,64.518
C-0005,2026-07-22,7,2026-07,63.967,67.684
C-0005,2026-07-22,8,2026-07,64.611,74.922
C-0005,2026-07-22,9,2026-07,66.257,78.675
C-0005,2026-07-22,10,2026-07,69.054,80.423
C-0005,2026-07-22,11,2026-07,65.672,77.566
C-0005,2026-07-22,12,2026-07,68.04,77.172
C-0005,2026-07-22,13,2026-07,69.078,76.416
C-0005,2026-07-22,14,2026-07,68.638,73.321
C-0005,2026-07-22,15,2026-07,69.847,70.802
C-0005,2026-07-22,16,2026-07,68.486,67.239
C-0005,2026-07-22,17,2026-07,65.974,67.689
C-0005,2026-07-22,18,2026-07,66.923,64.542
C-0005,2026-07-22,19,2026-07,67.884,63.873
C-0005,2026-07-22,20,2026-07,68.233,63.785
C-0005,2026-07-22,21,2026-07,64.213,64.173
C-0005,2026-07-22,22,2026-07,64.915,58.978
C-0005,2026-07-22,23,2026-07,63.261,60.593
C-0005,2026-07-23,0,2026-07,62.738,58.931
C-0005,2026-07-23,1,2026-07,63.437,58.966
C-0005,2026-07-23,2,2026-07,64.838,59.278
C-0005,2026-07-23,3,2026-07,61.951,58.398
C-0005,2026-07-23,4,2026-07,61.87,58.998
C-0005,2026-07-23,5,2026-07,61.765,59.811
C-0005,2026-07-23,6,2026-07,63.621,63.2
C-0005,2026-07-23,7,2026-07,64.428,65.115
C-0005,2026-07-23,8,2026-07,62.865,72.983
C-0005,2026-07-23,9,2026-07,63.064,74.474
C-0005,2026-07-23,10,2026-07,65.79,75.958
C-0005,2026-07-23,11,2026-07,66.761,73.176
C-0005,2026-07-23,12,2026-07,66.431,72.973
C-0005,2026-07-23,13,2026-07,69.27,72.191
C-0005,2026-07-23,14,2026-07,67.851,70.66
C-0005,2026-07-23,15,2026-07,71.099,68.945
C-0005,2026-07-23,16,2026-07,67.722,65.361
C-0005,2026-07-23,17,2026-07,66.288,67.027
C-0005,2026-07-23,18,2026-07,66.409,64.179
C-0005,2026-07-23,19,2026-07,65.673,64.012
C-0005,2026-07-23,20,2026-07,64.414,64.639
C-0005,2026-07-23,21,2026-07,65.219,64.741
C-0005,2026-07-23,22,2026-07,63.604,60.691
C-0005,2026-07-23,23,2026-07,62.783,61.086
C-0005,2026-07-24,0,2026-07,64.957,61.358
C-0005,2026-07-24,1,2026-07,63.765,61.091
C-0005,2026-07-24,2,2026-07,62.941,61.055
C-0005,2026-07-24,3,2026-07,62.975,59.986
C-0005,2026-07-24,4,2026-07,62.953,60.48
C-0005,2026-07-24,5,2026-07,64.195,61.951
C-0005,2026-07-24,6,2026-07,63.159,65.005
C-0005,2026-07-24,7,2026-07,65.437,67.817
C-0005,2026-07-24,8,2026-07,65.181,74.612
C-0005,2026-07-24,9,2026-07,65.435,77.66
C-0005,2026-07-24,10,2026-07,65.641,79.392
C-0005,2026-07-24,11,2026-07,66.783,76.338
C-0005,2026-07-24,12,2026-07,67.609,76.066
C-0005,2026-07-24,13,2026-07,71.3,75.767
C-0005,2026-07-24,14,2026-07,68.618,73.273
C-0005,2026-07-24,15,2026-07,69.775,70.423
C-0005,2026-07-24,16,2026-07,67.211,67.337
C-0005,2026-07-24,17,2026-07,66.567,68.155
C-0005,2026-07-24,18,2026-07,66.666,65.694
C-0005,2026-07-24,19,2026-07,67.476,64.494
C-0005,2026-07-24,20,2026-07,65.361,63.91
C-0005,2026-07-24,21,2026-07,65.301,63.603
C-0005,2026-07-24,22,2026-07,62.342,58.935
C-0005,2026-07-24,23,2026-07,64.781,59.863
C-0005,2026-07-25,0,2026-07,64.215,60.037
C-0005,2026-07-25,1,2026-07,61.353,60.399
C-0005,2026-07-25,2,2026-07,64.614,59.844
C-0005,2026-07-25,3,2026-07,61.483,58.881
C-0005,2026-07-25,4,2026-07,61.83,59.048
C-0005,2026-07-25,5,2026-07,61.212,60.089
C-0005,2026-07-25,6,2026-07,62.47,63.631
C-0005,2026-07-25,7,2026-07,63.073,66.289
C-0005,2026-07-25,8,2026-07,64.321,73.255
C-0005,2026-07-25,9,2026-07,65.238,76.267
C-0005,2026-07-25,10,2026-07,65.788,78.421
C-0005,2026-07-25,11,2026-07,67.298,75.191
C-0005,2026-07-25,12,2026-07,68.029,74.863
C-0005,2026-07-25,13,2026-07,67.22,74.15
C-0005,2026-07-25,14,2026-07,67.29,71.907
C-0005,2026-07-25,15,2026-07,67.121,69.23
C-0005,2026-07-25,16,2026-07,65.186,66.268
C-0005,2026-07-25,17,2026-07,64.389,67.626
C-0005,2026-07-25,18,2026-07,68.077,64.406
C-0005,2026-07-25,19,2026-07,66.802,62.968
C-0005,2026-07-25,20,2026-07,65.307,62.974
C-0005,2026-07-25,21,2026-07,63.565,62.848
C-0005,2026-07-25,22,2026-07,64.787,58.56
C-0005,2026-07-25,23,2026-07,65.118,59.478
C-0005,2026-07-26,0,2026-07,61.917,58.769
C-0005,2026-07-26,1,2026-07,60.104,59.045
C-0005,2026-07-26,2,2026-07,62.049,59.529
C-0005,2026-07-26,3,2026-07,61.51,59.79
C-0005,2026-07-26,4,2026-07,62.3,58.924
C-0005,2026-07-26,5,2026-07,61.864,60.599
C-0005,2026-07-26,6,2026-07,62.055,63.911
C-0005,2026-07-26,7,2026-07,63.228,66.739
C-0005,2026-07-26,8,2026-07,64.799,73.61
C-0005,2026-07-26,9,2026-07,65.055,75.415
C-0005,2026-07-26,10,2026-07,64.807,77.931
C-0005,2026-07-26,11,2026-07,64.768,75.404
C-0005,2026-07-26,12,2026-07,66.573,74.84
C-0005,2026-07-26,13,2026-07,66.95,74.378
C-0005,2026-07-26,14,2026-07,65.83,73.168
C-0005,2026-07-26,15,2026-07,65.624,70.441
C-0005,2026-07-26,16,2026-07,68.05,66.128
C-0005,2026-07-26,17,2026-07,64.341,67.783
C-0005,2026-07-26,18,2026-07,64.316,66.209
C-0005,2026-07-26,19,2026-07,64.65,65.611
C-0005,2026-07-26,20,2026-07,62.368,65.048
C-0005,2026-07-26,21,2026-07,62.876,64.911
C-0005,2026-07-26,22,2026-07,63.807,60.486
C-0005,2026-07-26,23,2026-07,61.101,59.42
C-0005,2026-07-27,0,2026-07,60.132,60.477
C-0005,2026-07-27,1,2026-07,63.327,59.945
C-0005,2026-07-27,2,2026-07,61.402,58.881
C-0005,2026-07-27,3,2026-07,62.385,59.333
C-0005,2026-07-27,4,2026-07,63.692,59.485
C-0005,2026-07-27,5,2026-07,63.344,60.613
C-0005,2026-07-27,6,2026-07,62.483,62.434
C-0005,2026-07-27,7,2026-07,62.695,64.604
C-0005,2026-07-27,8,2026-07,65.346,72.191
C-0005,2026-07-27,9,2026-07,65.02,74.222
C-0005,2026-07-27,10,2026-07,64.318,76.578
C-0005,2026-07-27,11,2026-07,67.322,73.595
C-0005,2026-07-27,12,2026-07,68.536,73.649
C-0005,2026-07-27,13,2026-07,69.682,71.335
C-0005,2026-07-27,14,2026-07,69.012,70.245
C-0005,2026-07-27,15,2026-07,66.981,67.516
C-0005,2026-07-27,16,2026-07,67.171,64.836
C-0005,2026-07-27,17,2026-07,66.09,66.879
C-0005,2026-07-27,18,2026-07,64.42,63.757
C-0005,2026-07-27,19,2026-07,66.968,63.537
C-0005,2026-07-27,20,2026-07,64.28,63.239
C-0005,2026-07-27,21,2026-07,64.292,63.479
C-0005,2026-07-27,22,2026-07,62.902,59.778
C-0005,2026-07-27,23,2026-07,63.591,59.372
C-0005,2026-07-28,0,2026-07,60.983,60.374
C-0005,2026-07-28,1,2026-07,62.25,60.378
C-0005,2026-07-28,2,2026-07,62.803,59.676
C-0005,2026-07-28,3,2026-07,63.365,60.444
C-0005,2026-07-28,4,2026-07,63.115,60.17
C-0005,2026-07-28,5,2026-07,61.101,59.51
C-0005,2026-07-28,6,2026-07,63.733,62.888
C-0005,2026-07-28,7,2026-07,63.484,65.678
C-0005,2026-07-28,8,2026-07,66.293,72.058
C-0005,2026-07-28,9,2026-07,64.09,72.787
C-0005,2026-07-28,10,2026-07,65.315,75.49
C-0005,2026-07-28,11,2026-07,65.067,72.174
C-0005,2026-07-28,12,2026-07,69.592,71.699
C-0005,2026-07-28,13,2026-07,69.267,70.688
C-0005,2026-07-28,14,2026-07,68.227,69.605
C-0005,2026-07-28,15,2026-07,70.332,67.061
C-0005,2026-07-28,16,2026-07,66.459,65.161
C-0005,2026-07-28,17,2026-07,65.551,66.984
C-0005,2026-07-28,18,2026-07,65.907,65.092
C-0005,2026-07-28,19,2026-07,67.124,65.22
C-0005,2026-07-28,20,2026-07,65.404,63.533
C-0005,2026-07-28,21,2026-07,63.12,63.392
C-0005,2026-07-28,22,2026-07,64.584,59.981
C-0005,2026-07-28,23,2026-07,62.282,60.799
C-0005,2026-07-29,0,2026-07,61.079,59.001
C-0005,2026-07-29,1,2026-07,61.78,59.245
C-0005,2026-07-29,2,2026-07,63.126,59.304
C-0005,2026-07-29,3,2026-07,61.401,59.65
C-0005,2026-07-29,4,2026-07,62.448,59.601
C-0005,2026-07-29,5,2026-07,63.243,60.385
C-0005,2026-07-29,6,2026-07,63.155,62.186
C-0005,2026-07-29,7,2026-07,63.252,62.238
C-0005,2026-07-29,8,2026-07,64.014,67.918
C-0005,2026-07-29,9,2026-07,63.364,69.219
C-0005,2026-07-29,10,2026-07,65.166,69.896
C-0005,2026-07-29,11,2026-07,66.236,66.206
C-0005,2026-07-29,12,2026-07,67.318,66.144
C-0005,2026-07-29,13,2026-07,67.773,65.866
C-0005,2026-07-29,14,2026-07,67.7,64.407
C-0005,2026-07-29,15,2026-07,66.726,62.458
C-0005,2026-07-29,16,2026-07,68.502,61.389
C-0005,2026-07-29,17,2026-07,65.433,64.532
C-0005,2026-07-29,18,2026-07,65.187,62.697
C-0005,2026-07-29,19,2026-07,66.117,63.084
C-0005,2026-07-29,20,2026-07,64.903,63.379
C-0005,2026-07-29,21,2026-07,64.104,63.318
C-0005,2026-07-29,22,2026-07,64.08,58.959
C-0005,2026-07-29,23,2026-07,63.561,59.808
C-0005,2026-07-30,0,2026-07,64.979,60.171
C-0005,2026-07-30,1,2026-07,63.061,59.127
C-0005,2026-07-30,2,2026-07,64.518,60.836
C-0005,2026-07-30,3,2026-07,64.6,59.702
C-0005,2026-07-30,4,2026-07,63.793,60.266
C-0005,2026-07-30,5,2026-07,63.729,60.927
C-0005,2026-07-30,6,2026-07,63.318,63.984
C-0005,2026-07-30,7,2026-07,64.332,65.789
C-0005,2026-07-30,8,2026-07,66.493,73.962
C-0005,2026-07-30,9,2026-07,65.793,75.977
C-0005,2026-07-30,10,2026-07,67.515,78.258
C-0005,2026-07-30,11,2026-07,69.853,76.117
C-0005,2026-07-30,12,2026-07,69.507,75.85
C-0005,2026-07-30,13,2026-07,70.368,76.013
C-0005,2026-07-30,14,2026-07,72.173,73.302
C-0005,2026-07-30,15,2026-07,69.856,69.694
C-0005,2026-07-30,16,2026-07,68.472,67.47
C-0005,2026-07-30,17,2026-07,67.069,68.73
C-0005,2026-07-30,18,2026-07,67.576,66.126
C-0005,2026-07-30,19,2026-07,69.29,64.615
C-0005,2026-07-30,20,2026-07,65.747,64.898
C-0005,2026-07-30,21,2026-07,66.161,65.318
C-0005,2026-07-30,22,2026-07,63.597,60.32
C-0005,2026-07-30,23,2026-07,64.663,60.565
C-0005,2026-07-31,0,2026-07,61.751,60.133
C-0005,2026-07-31,1,2026-07,61.856,60.051
C-0005,2026-07-31,2,2026-07,61.069,59.442
C-0005,2026-07-31,3,2026-07,63.378,60.162
C-0005,2026-07-31,4,2026-07,62.549,59.637
C-0005,2026-07-31,5,2026-07,63.193,60.651
C-0005,2026-07-31,6,2026-07,61.621,63.292
C-0005,2026-07-31,7,2026-07,64.195,66.635
C-0005,2026-07-31,8,2026-07,64.028,73.565
C-0005,2026-07-31,9,2026-07,65.298,75.373
C-0005,2026-07-31,10,2026-07,66.837,76.839
C-0005,2026-07-31,11,2026-07,67.526,73.899
C-0005,2026-07-31,12,2026-07,67.51,74.26
C-0005,2026-07-31,13,2026-07,68.539,73.315
C-0005,2026-07-31,14,2026-07,70.185,71.716
C-0005,2026-07-31,15,2026-07,68.032,69.912
C-0005,2026-07-31,16,2026-07,67.366,66.589
C-0005,2026-07-31,17,2026-07,67.568,68.575
C-0005,2026-07-31,18,2026-07,69.049,66.214
C-0005,2026-07-31,19,2026-07,65.14,64.082
C-0005,2026-07-31,20,2026-07,65.474,63.986
C-0005,2026-07-31,21,2026-07,64.88,64.551
C-0005,2026-07-31,22,2026-07,65.104,60.327
C-0005,2026-07-31,23,2026-07,63.527,60.698
C-0005,2026-08-01,0,2026-08,65.154,61.078
C-0005,2026-08-01,1,2026-08,62.706,61.883
C-0005,2026-08-01,2,2026-08,62.54,61.041
C-0005,2026-08-01,3,2026-08,64.798,60.827
C-0005,2026-08-01,4,2026-08,60.582,61.024
C-0005,2026-08-01,5,2026-08,63.995,62.551
C-0005,2026-08-01,6,2026-08,64.177,65.43
C-0005,2026-08-01,7,2026-08,64.413,68.73
C-0005,2026-08-01,8,2026-08,64.611,76.367
C-0005,2026-08-01,9,2026-08,65.298,79.014
C-0005,2026-08-01,10,2026-08,66.813,82.212
C-0005,2026-08-01,11,2026-08,66.669,79.617
C-0005,2026-08-01,12,2026-08,69.345,79.643
C-0005,2026-08-01,13,2026-08,68.916,78.476
C-0005,2026-08-01,14,2026-08,68.493,74.64
C-0005,2026-08-01,15,2026-08,68.185,71.56
C-0005,2026-08-01,16,2026-08,67.574,68.014
C-0005,2026-08-01,17,2026-08,69.016,69.277
C-0005,2026-08-01,18,2026-08,66.301,65.437
C-0005,2026-08-01,19,2026-08,67.452,64.624
C-0005,2026-08-01,20,2026-08,65.98,64.415
C-0005,2026-08-01,21,2026-08,65.158,64.947
C-0005,2026-08-01,22,2026-08,64.976,60.186
C-0005,2026-08-01,23,2026-08,64.383,60.819
C-0005,2026-08-02,0,2026-08,63.282,61.891
C-0005,2026-08-02,1,2026-08,62.7,60.402
C-0005,2026-08-02,2,2026-08,63.83,60.779
C-0005,2026-08-02,3,2026-08,60.742,60.285
C-0005,2026-08-02,4,2026-08,62.84,59.711
C-0005,2026-08-02,5,2026-08,64.349,61.237
C-0005,2026-08-02,6,2026-08,61.933,63.684
C-0005,2026-08-02,7,2026-08,63.176,67.923
C-0005,2026-08-02,8,2026-08,63.987,76.028
C-0005,2026-08-02,9,2026-08,66.597,79.063
C-0005,2026-08-02,10,2026-08,65.345,82.524
C-0005,2026-08-02,11,2026-08,67.82,78.887
C-0005,2026-08-02,12,2026-08,67.755,78.109
C-0005,2026-08-02,13,2026-08,68.03,75.857
C-0005,2026-08-02,14,2026-08,68.482,74.41
C-0005,2026-08-02,15,2026-08,67.703,71.41
C-0005,2026-08-02,16,2026-08,67.393,67.054
C-0005,2026-08-02,17,2026-08,67.931,67.189
C-0005,2026-08-02,18,2026-08,66.797,64.606
C-0005,2026-08-02,19,2026-08,66.874,63.593
C-0005,2026-08-02,20,2026-08,65.511,63.664
C-0005,2026-08-02,21,2026-08,63.795,63.825
C-0005,2026-08-02,22,2026-08,66.437,59.744
C-0005,2026-08-02,23,2026-08,63.08,59.318
C-0005,2026-08-03,0,2026-08,61.891,59.675
C-0005,2026-08-03,1,2026-08,65.245,59.373
C-0005,2026-08-03,2,2026-08,62.881,59.89
C-0005,2026-08-03,3,2026-08,63.681,59.82
C-0005,2026-08-03,4,2026-08,61.845,59.486
C-0005,2026-08-03,5,2026-08,61.861,59.759
C-0005,2026-08-03,6,2026-08,63.655,62.668
C-0005,2026-08-03,7,2026-08,63.536,65.516
C-0005,2026-08-03,8,2026-08,62.607,72.71
C-0005,2026-08-03,9,2026-08,65.991,75.587
C-0005,2026-08-03,10,2026-08,64.126,78.226
C-0005,2026-08-03,11,2026-08,65.683,74.393
C-0005,2026-08-03,12,2026-08,66.717,75.116
C-0005,2026-08-03,13,2026-08,70.838,73.827
C-0005,2026-08-03,14,2026-08,70.881,71.183
C-0005,2026-08-03,15,2026-08,67.372,69.634
C-0005,2026-08-03,16,2026-08,67.083,66.161
C-0005,2026-08-03,17,2026-08,67.616,67.677
C-0005,2026-08-03,18,2026-08,66.007,64.12
C-0005,2026-08-03,19,2026-08,64.513,64.859
C-0005,2026-08-03,20,2026-08,63.789,63.927
C-0005,2026-08-03,21,2026-08,64.736,63.579
C-0005,2026-08-03,22,2026-08,63.406,60.194
C-0005,2026-08-03,23,2026-08,65.029,59.665
C-0005,2026-08-04,0,2026-08,61.869,59.501
C-0005,2026-08-04,1,2026-08,63.646,60.169
C-0005,2026-08-04,2,2026-08,63.844,61.56
C-0005,2026-08-04,3,2026-08,63.262,60.629
C-0005,2026-08-04,4,2026-08,63.382,60.735
C-0005,2026-08-04,5,2026-08,62.932,62.717
C-0005,2026-08-04,6,2026-08,64.081,63.79
C-0005,2026-08-04,7,2026-08,65.214,66.786
C-0005,2026-08-04,8,2026-08,65.982,74.322
C-0005,2026-08-04,9,2026-08,67.589,76.907
C-0005,2026-08-04,10,2026-08,67.397,78.759
C-0005,2026-08-04,11,2026-08,67.879,76.228
C-0005,2026-08-04,12,2026-08,68.566,77.087
C-0005,2026-08-04,13,2026-08,71.077,75.998
C-0005,2026-08-04,14,2026-08,70.127,73.407
C-0005,2026-08-04,15,2026-08,70.637,71.933
C-0005,2026-08-04,16,2026-08,68.749,66.986
C-0005,2026-08-04,17,2026-08,66.053,68.945
C-0005,2026-08-04,18,2026-08,67.457,65.119
C-0005,2026-08-04,19,2026-08,67.212,64.658
C-0005,2026-08-04,20,2026-08,67.176,65.163
C-0005,2026-08-04,21,2026-08,65.302,64.776
C-0005,2026-08-04,22,2026-08,64.481,60.447
C-0005,2026-08-04,23,2026-08,63.227,60.425
C-0005,2026-08-05,0,2026-08,63.795,60.479
C-0005,2026-08-05,1,2026-08,65.277,60.848
C-0005,2026-08-05,2,2026-08,63.984,60.813
C-0005,2026-08-05,3,2026-08,63.806,60.685
C-0005,2026-08-05,4,2026-08,64.851,60.052
C-0005,2026-08-05,5,2026-08,63.302,61.572
C-0005,2026-08-05,6,2026-08,63.955,65.438
C-0005,2026-08-05,7,2026-08,65.064,68.594
C-0005,2026-08-05,8,2026-08,66.043,77.11
C-0005,2026-08-05,9,2026-08,66.844,80.113
C-0005,2026-08-05,10,2026-08,66.354,83.85
C-0005,2026-08-05,11,2026-08,68.349,79.953
C-0005,2026-08-05,12,2026-08,69.484,81.004
C-0005,2026-08-05,13,2026-08,71.435,79.245
C-0005,2026-08-05,14,2026-08,72.655,75.758
C-0005,2026-08-05,15,2026-08,69.682,73.464
C-0005,2026-08-05,16,2026-08,68.282,69.395
C-0005,2026-08-05,17,2026-08,67.989,69.358
C-0005,2026-08-05,18,2026-08,67.124,65.472
C-0005,2026-08-05,19,2026-08,66.66,64.723
C-0005,2026-08-05,20,2026-08,68.518,64.354
C-0005,2026-08-05,21,2026-08,66.718,63.565
C-0005,2026-08-05,22,2026-08,66.56,58.855
C-0005,2026-08-05,23,2026-08,65.783,59.811
C-0005,2026-08-06,0,2026-08,65.123,59.453
C-0005,2026-08-06,1,2026-08,64.087,59.453
C-0005,2026-08-06,2,2026-08,64.614,59.74
C-0005,2026-08-06,3,2026-08,63.104,59.233
C-0005,2026-08-06,4,2026-08,63.704,59.015
C-0005,2026-08-06,5,2026-08,65.4,60.514
C-0005,2026-08-06,6,2026-08,64.869,63.334
C-0005,2026-08-06,7,2026-08,66.32,66.381
C-0005,2026-08-06,8,2026-08,65.906,75.799
C-0005,2026-08-06,9,2026-08,66.25,79.233
C-0005,2026-08-06,10,2026-08,67.5,81.741
C-0005,2026-08-06,11,2026-08,69.013,78.461
C-0005,2026-08-06,12,2026-08,69.191,78.585
C-0005,2026-08-06,13,2026-08,72.617,77.91
C-0005,2026-08-06,14,2026-08,72.116,75.209
C-0005,2026-08-06,15,2026-08,69.738,71.696
C-0005,2026-08-06,16,2026-08,68.884,68.718
C-0005,2026-08-06,17,2026-08,68.397,68.133
C-0005,2026-08-06,18,2026-08,67.408,65.387
C-0005,2026-08-06,19,2026-08,65.493,65.277
C-0005,2026-08-06,20,2026-08,66.053,64.134
C-0005,2026-08-06,21,2026-08,67.422,64.017
C-0005,2026-08-06,22,2026-08,64.185,60.346
C-0005,2026-08-06,23,2026-08,66.124,59.483
C-0005,2026-08-07,0,2026-08,64.506,60.024
C-0005,2026-08-07,1,2026-08,64.782,60.509
C-0005,2026-08-07,2,2026-08,64.928,60.71
C-0005,2026-08-07,3,2026-08,65.489,60.418
C-0005,2026-08-07,4,2026-08,64.533,60.797
C-0005,2026-08-07,5,2026-08,64.898,62.115
C-0005,2026-08-07,6,2026-08,63.731,63.929
C-0005,2026-08-07,7,2026-08,64.688,66.123
C-0005,2026-08-07,8,2026-08,65.0,74.905
C-0005,2026-08-07,9,2026-08,67.118,77.454
C-0005,2026-08-07,10,2026-08,67.2,80.387
C-0005,2026-08-07,11,2026-08,67.941,76.3
C-0005,2026-08-07,12,2026-08,71.969,75.904
C-0005,2026-08-07,13,2026-08,71.876,75.544
C-0005,2026-08-07,14,2026-08,73.283,73.019
C-0005,2026-08-07,15,2026-08,70.5,70.715
C-0005,2026-08-07,16,2026-08,68.346,66.689
C-0005,2026-08-07,17,2026-08,68.336,67.608
C-0005,2026-08-07,18,2026-08,68.68,65.859
C-0005,2026-08-07,19,2026-08,67.566,64.608
C-0005,2026-08-07,20,2026-08,67.551,64.562
C-0005,2026-08-07,21,2026-08,66.434,64.335
C-0005,2026-08-07,22,2026-08,64.21,58.985
C-0005,2026-08-07,23,2026-08,66.186,59.898
C-0005,2026-08-08,0,2026-08,63.058,59.063
C-0005,2026-08-08,1,2026-08,65.362,59.688
C-0005,2026-08-08,2,2026-08,63.115,59.237
C-0005,2026-08-08,3,2026-08,63.638,59.69
C-0005,2026-08-08,4,2026-08,63.812,58.931
C-0005,2026-08-08,5,2026-08,65.19,59.753
C-0005,2026-08-08,6,2026-08,64.303,62.124
C-0005,2026-08-08,7,2026-08,64.875,64.377
C-0005,2026-08-08,8,2026-08,63.99,71.926
C-0005,2026-08-08,9,2026-08,65.455,72.819
C-0005,2026-08-08,10,2026-08,64.925,75.493
C-0005,2026-08-08,11,2026-08,66.991,72.39
C-0005,2026-08-08,12,2026-08,69.226,72.392
C-0005,2026-08-08,13,2026-08,69.712,69.623
C-0005,2026-08-08,14,2026-08,67.418,68.97
C-0005,2026-08-08,15,2026-08,68.119,66.791
C-0005,2026-08-08,16,2026-08,67.709,64.558
C-0005,2026-08-08,17,2026-08,68.256,66.908
C-0005,2026-08-08,18,2026-08,69.667,64.418
C-0005,2026-08-08,19,2026-08,65.885,64.808
C-0005,2026-08-08,20,2026-08,65.649,63.618
C-0005,2026-08-08,21,2026-08,65.419,64.155
C-0005,2026-08-08,22,2026-08,64.475,60.177
C-0005,2026-08-08,23,2026-08,66.933,59.409
C-0005,2026-08-09,0,2026-08,62.862,59.739
C-0005,2026-08-09,1,2026-08,61.859,59.725
C-0005,2026-08-09,2,2026-08,65.534,60.542
C-0005,2026-08-09,3,2026-08,63.333,60.376
C-0005,2026-08-09,4,2026-08,63.348,60.572
C-0005,2026-08-09,5,2026-08,63.315,61.587
C-0005,2026-08-09,6,2026-08,62.973,65.467
C-0005,2026-08-09,7,2026-08,63.033,70.858
C-0005,2026-08-09,8,2026-08,66.307,78.33
C-0005,2026-08-09,9,2026-08,64.985,81.653
C-0005,2026-08-09,10,2026-08,66.6,84.42
C-0005,2026-08-09,11,2026-08,68.091,80.143
C-0005,2026-08-09,12,2026-08,68.118,80.63
C-0005,2026-08-09,13,2026-08,68.979,79.27
C-0005,2026-08-09,14,2026-08,65.958,76.311
C-0005,2026-08-09,15,2026-08,68.528,72.494
C-0005,2026-08-09,16,2026-08,66.174,67.325
C-0005,2026-08-09,17,2026-08,66.064,68.151
C-0005,2026-08-09,18,2026-08,66.825,65.428
C-0005,2026-08-09,19,2026-08,64.847,64.291
C-0005,2026-08-09,20,2026-08,62.983,65.084
C-0005,2026-08-09,21,2026-08,64.16,64.099
C-0005,2026-08-09,22,2026-08,65.264,59.874
C-0005,2026-08-09,23,2026-08,64.712,59.463
C-0005,2026-08-10,0,2026-08,62.922,59.496
C-0005,2026-08-10,1,2026-08,63.601,59.686
C-0005,2026-08-10,2,2026-08,64.689,60.691
C-0005,2026-08-10,3,2026-08,62.403,60.938
C-0005,2026-08-10,4,2026-08,63.924,62.895
C-0005,2026-08-10,5,2026-08,63.814,61.817
C-0005,2026-08-10,6,2026-08,62.138,65.507
C-0005,2026-08-10,7,2026-08,66.436,67.065
C-0005,2026-08-10,8,2026-08,64.306,75.355
C-0005,2026-08-10,9,2026-08,67.112,77.125
C-0005,2026-08-10,10,2026-08,69.419,78.956
C-0005,2026-08-10,11,2026-08,67.361,74.389
C-0005,2026-08-10,12,2026-08,69.065,74.714
C-0005,2026-08-10,13,2026-08,68.354,73.842
C-0005,2026-08-10,14,2026-08,69.166,71.559
C-0005,2026-08-10,15,2026-08,71.299,68.562
C-0005,2026-08-10,16,2026-08,68.327,64.819
C-0005,2026-08-10,17,2026-08,65.703,66.39
C-0005,2026-08-10,18,2026-08,66.907,64.048
C-0005,2026-08-10,19,2026-08,67.631,63.744
C-0005,2026-08-10,20,2026-08,67.485,63.788
C-0005,2026-08-10,21,2026-08,64.211,64.15
C-0005,2026-08-10,22,2026-08,65.842,59.158
C-0005,2026-08-10,23,2026-08,64.57,60.576
C-0005,2026-08-11,0,2026-08,63.917,58.77
C-0005,2026-08-11,1,2026-08,63.238,59.575
C-0005,2026-08-11,2,2026-08,61.656,59.693
C-0005,2026-08-11,3,2026-08,62.043,59.694
C-0005,2026-08-11,4,2026-08,63.403,59.385
C-0005,2026-08-11,5,2026-08,61.788,60.385
C-0005,2026-08-11,6,2026-08,63.44,62.455
C-0005,2026-08-11,7,2026-08,63.664,65.464
C-0005,2026-08-11,8,2026-08,64.187,72.178
C-0005,2026-08-11,9,2026-08,63.559,74.258
C-0005,2026-08-11,10,2026-08,65.988,75.705
C-0005,2026-08-11,11,2026-08,68.181,73.389
C-0005,2026-08-11,12,2026-08,69.357,73.617
C-0005,2026-08-11,13,2026-08,70.007,71.79
C-0005,2026-08-11,14,2026-08,70.054,70.989
C-0005,2026-08-11,15,2026-08,68.71,68.727
C-0005,2026-08-11,16,2026-08,68.176,65.346
C-0005,2026-08-11,17,2026-08,66.987,66.479
C-0005,2026-08-11,18,2026-08,67.694,64.008
C-0005,2026-08-11,19,2026-08,65.944,63.819
C-0005,2026-08-11,20,2026-08,66.251,63.454
C-0005,2026-08-11,21,2026-08,64.942,64.11
C-0005,2026-08-11,22,2026-08,64.711,59.445
C-0005,2026-08-11,23,2026-08,64.682,59.435
C-0005,2026-08-12,0,2026-08,65.115,61.055
C-0005,2026-08-12,1,2026-08,64.833,60.128
C-0005,2026-08-12,2,2026-08,64.938,59.499
C-0005,2026-08-12,3,2026-08,64.86,59.623
C-0005,2026-08-12,4,2026-08,63.296,60.262
C-0005,2026-08-12,5,2026-08,64.32,60.84
C-0005,2026-08-12,6,2026-08,66.513,64.811
C-0005,2026-08-12,7,2026-08,65.441,68.777
C-0005,2026-08-12,8,2026-08,66.664,76.545
C-0005,2026-08-12,9,2026-08,65.885,80.019
C-0005,2026-08-12,10,2026-08,67.328,82.571
C-0005,2026-08-12,11,2026-08,67.588,77.879
C-0005,2026-08-12,12,2026-08,68.982,78.521
C-0005,2026-08-12,13,2026-08,72.874,77.356
C-0005,2026-08-12,14,2026-08,70.299,74.825
C-0005,2026-08-12,15,2026-08,69.79,71.14
C-0005,2026-08-12,16,2026-08,68.262,68.662
C-0005,2026-08-12,17,2026-08,66.265,69.39
C-0005,2026-08-12,18,2026-08,67.509,65.35
C-0005,2026-08-12,19,2026-08,68.013,65.121
C-0005,2026-08-12,20,2026-08,67.442,64.182
C-0005,2026-08-12,21,2026-08,66.521,64.168
C-0005,2026-08-12,22,2026-08,65.638,60.147
C-0005,2026-08-12,23,2026-08,65.121,59.513
C-0005,2026-08-13,0,2026-08,65.348,59.541
C-0005,2026-08-13,1,2026-08,64.143,60.361
C-0005,2026-08-13,2,2026-08,64.845,59.343
C-0005,2026-08-13,3,2026-08,65.373,58.758
C-0005,2026-08-13,4,2026-08,63.462,59.398
C-0005,2026-08-13,5,2026-08,65.135,59.061
C-0005,2026-08-13,6,2026-08,66.171,60.275
C-0005,2026-08-13,7,2026-08,67.248,63.122
C-0005,2026-08-13,8,2026-08,65.926,68.639
C-0005,2026-08-13,9,2026-08,66.407,69.239
C-0005,2026-08-13,10,2026-08,66.59,71.12
C-0005,2026-08-13,11,2026-08,68.495,66.485
C-0005,2026-08-13,12,2026-08,71.125,66.317
C-0005,2026-08-13,13,2026-08,71.551,67.226
C-0005,2026-08-13,14,2026-08,70.727,65.094
C-0005,2026-08-13,15,2026-08,70.468,63.963
C-0005,2026-08-13,16,2026-08,68.833,63.065
C-0005,2026-08-13,17,2026-08,68.321,66.487
C-0005,2026-08-13,18,2026-08,69.874,64.083
C-0005,2026-08-13,19,2026-08,68.783,63.805
C-0005,2026-08-13,20,2026-08,65.712,63.072
C-0005,2026-08-13,21,2026-08,66.894,63.116
C-0005,2026-08-13,22,2026-08,68.572,59.635
C-0005,2026-08-13,23,2026-08,66.542,58.798
C-0005,2026-08-14,0,2026-08,63.13,59.058
C-0005,2026-08-14,1,2026-08,63.404,59.993
C-0005,2026-08-14,2,2026-08,66.607,59.741
C-0005,2026-08-14,3,2026-08,64.627,59.411
C-0005,2026-08-14,4,2026-08,62.568,59.254
C-0005,2026-08-14,5,2026-08,63.999,60.24
C-0005,2026-08-14,6,2026-08,64.555,61.971
C-0005,2026-08-14,7,2026-08,67.038,65.419
C-0005,2026-08-14,8,2026-08,67.703,72.546
C-0005,2026-08-14,9,2026-08,68.146,76.349
C-0005,2026-08-14,10,2026-08,66.984,77.554
C-0005,2026-08-14,11,2026-08,68.727,74.067
C-0005,2026-08-14,12,2026-08,69.451,74.36
C-0005,2026-08-14,13,2026-08,71.494,72.635
C-0005,2026-08-14,14,2026-08,70.81,71.674
C-0005,2026-08-14,15,2026-08,69.959,69.137
C-0005,2026-08-14,16,2026-08,69.314,65.031
C-0005,2026-08-14,17,2026-08,68.256,66.869
C-0005,2026-08-14,18,2026-08,69.516,64.85
C-0005,2026-08-14,19,2026-08,67.135,63.376
C-0005,2026-08-14,20,2026-08,65.539,63.316
C-0005,2026-08-14,21,2026-08,65.628,64.371
C-0005,2026-08-14,22,2026-08,64.508,59.892
C-0005,2026-08-14,23,2026-08,65.975,59.71
C-0005,2026-08-15,0,2026-08,64.029,59.275
C-0005,2026-08-15,1,2026-08,63.331,60.585
C-0005,2026-08-15,2,2026-08,65.366,60.243
C-0005,2026-08-15,3,2026-08,62.468,61.646
C-0005,2026-08-15,4,2026-08,64.801,61.015
C-0005,2026-08-15,5,2026-08,64.666,60.981
C-0005,2026-08-15,6,2026-08,64.278,64.043
C-0005,2026-08-15,7,2026-08,67.36,67.651
C-0005,2026-08-15,8,2026-08,67.785,74.546
C-0005,2026-08-15,9,2026-08,65.857,77.974
C-0005,2026-08-15,10,2026-08,66.66,78.772
C-0005,2026-08-15,11,2026-08,67.141,75.562
C-0005,2026-08-15,12,2026-08,67.615,75.475
C-0005,2026-08-15,13,2026-08,72.753,73.4
C-0005,2026-08-15,14,2026-08,69.681,71.608
C-0005,2026-08-15,15,2026-08,70.09,69.25
C-0005,2026-08-15,16,2026-08,67.577,66.083
C-0005,2026-08-15,17,2026-08,67.481,67.521
C-0005,2026-08-15,18,2026-08,66.501,65.025
C-0005,2026-08-15,19,2026-08,66.641,64.047
C-0005,2026-08-15,20,2026-08,68.644,63.86
C-0005,2026-08-15,21,2026-08,67.632,64.045
C-0005,2026-08-15,22,2026-08,65.034,59.633
C-0005,2026-08-15,23,2026-08,65.266,59.355
C-0005,2026-08-16,0,2026-08,65.099,60.144
C-0005,2026-08-16,1,2026-08,66.66,59.828
C-0005,2026-08-16,2,2026-08,64.101,60.489
C-0005,2026-08-16,3,2026-08,62.028,60.429
C-0005,2026-08-16,4,2026-08,63.981,60.37
C-0005,2026-08-16,5,2026-08,64.538,60.42
C-0005,2026-08-16,6,2026-08,64.51,62.465
C-0005,2026-08-16,7,2026-08,66.032,65.217
C-0005,2026-08-16,8,2026-08,66.053,74.098
C-0005,2026-08-16,9,2026-08,66.723,76.195
C-0005,2026-08-16,10,2026-08,65.051,77.968
C-0005,2026-08-16,11,2026-08,68.669,74.287
C-0005,2026-08-16,12,2026-08,69.104,74.175
C-0005,2026-08-16,13,2026-08,68.129,73.891
C-0005,2026-08-16,14,2026-08,69.958,72.752
C-0005,2026-08-16,15,2026-08,70.768,71.048
C-0005,2026-08-16,16,2026-08,69.265,68.458
C-0005,2026-08-16,17,2026-08,70.126,71.416
C-0005,2026-08-16,18,2026-08,68.381,69.063
C-0005,2026-08-16,19,2026-08,68.824,71.502
C-0005,2026-08-16,20,2026-08,67.692,70.053
C-0005,2026-08-16,21,2026-08,64.735,70.57
C-0005,2026-08-16,22,2026-08,67.603,65.727
C-0005,2026-08-16,23,2026-08,66.807,67.144
C-0005,2026-08-17,0,2026-08,65.106,65.612
C-0005,2026-08-17,1,2026-08,65.832,66.793
C-0005,2026-08-17,2,2026-08,62.773,65.463
C-0005,2026-08-17,3,2026-08,65.632,64.459
C-0005,2026-08-17,4,2026-08,64.362,62.265
C-0005,2026-08-17,5,2026-08,65.208,63.548
C-0005,2026-08-17,6,2026-08,66.802,66.409
C-0005,2026-08-17,7,2026-08,66.521,68.396
C-0005,2026-08-17,8,2026-08,67.566,76.29
C-0005,2026-08-17,9,2026-08,66.085,82.936
C-0005,2026-08-17,10,2026-08,68.475,84.6
C-0005,2026-08-17,11,2026-08,70.045,80.854
C-0005,2026-08-17,12,2026-08,73.49,78.586
C-0005,2026-08-17,13,2026-08,72.395,79.238
C-0005,2026-08-17,14,2026-08,72.683,80.574
C-0005,2026-08-17,15,2026-08,70.416,77.136
C-0005,2026-08-17,16,2026-08,70.402,71.313
C-0005,2026-08-17,17,2026-08,68.276,69.178
C-0005,2026-08-17,18,2026-08,68.469,65.397
C-0005,2026-08-17,19,2026-08,68.706,64.884
C-0005,2026-08-17,20,2026-08,65.48,64.737
C-0005,2026-08-17,21,2026-08,66.681,64.594
C-0005,2026-08-17,22,2026-08,66.767,61.064
C-0005,2026-08-17,23,2026-08,65.624,60.392
C-0005,2026-08-18,0,2026-08,66.619,59.983
C-0005,2026-08-18,1,2026-08,67.81,59.461
C-0005,2026-08-18,2,2026-08,65.087,58.897
C-0005,2026-08-18,3,2026-08,65.916,60.916
C-0005,2026-08-18,4,2026-08,66.203,61.058
C-0005,2026-08-18,5,2026-08,66.336,60.697
C-0005,2026-08-18,6,2026-08,66.911,65.115
C-0005,2026-08-18,7,2026-08,65.851,66.164
C-0005,2026-08-18,8,2026-08,67.071,73.987
C-0005,2026-08-18,9,2026-08,66.758,76.912
C-0005,2026-08-18,10,2026-08,68.62,79.789
C-0005,2026-08-18,11,2026-08,68.976,75.046
C-0005,2026-08-18,12,2026-08,71.0,75.622
C-0005,2026-08-18,13,2026-08,73.21,74.209
C-0005,2026-08-18,14,2026-08,72.669,71.939
C-0005,2026-08-18,15,2026-08,71.797,68.502
C-0005,2026-08-18,16,2026-08,71.809,65.217
C-0005,2026-08-18,17,2026-08,67.62,66.854
C-0005,2026-08-18,18,2026-08,69.378,64.486
C-0005,2026-08-18,19,2026-08,69.909,63.83
C-0005,2026-08-18,20,2026-08,67.278,63.465
C-0005,2026-08-18,21,2026-08,66.377,63.829
C-0005,2026-08-18,22,2026-08,66.866,60.681
C-0005,2026-08-18,23,2026-08,65.894,60.635
C-0005,2026-08-19,0,2026-08,64.429,61.172
C-0005,2026-08-19,1,2026-08,65.236,60.496
C-0005,2026-08-19,2,2026-08,66.984,60.235
C-0005,2026-08-19,3,2026-08,65.48,60.248
C-0005,2026-08-19,4,2026-08,66.483,60.404
C-0005,2026-08-19,5,2026-08,66.336,60.479
C-0005,2026-08-19,6,2026-08,65.707,63.968
C-0005,2026-08-19,7,2026-08,68.124,68.44
C-0005,2026-08-19,8,2026-08,69.456,76.266
C-0005,2026-08-19,9,2026-08,70.921,77.91
C-0005,2026-08-19,10,2026-08,69.837,80.887
C-0005,2026-08-19,11,2026-08,71.392,77.75
C-0005,2026-08-19,12,2026-08,72.55,79.482
C-0005,2026-08-19,13,2026-08,74.441,79.055
C-0005,2026-08-19,14,2026-08,74.227,74.636
C-0007,2026-07-01,0,2026-07,19.091,4.791
C-0007,2026-07-01,1,2026-07,19.423,5.559
C-0007,2026-07-01,2,2026-07,19.223,5.497
C-0007,2026-07-01,3,2026-07,19.249,5.508
C-0007,2026-07-01,4,2026-07,18.807,5.889
C-0007,2026-07-01,5,2026-07,19.076,9.776
C-0007,2026-07-01,6,2026-07,19.557,17.685
C-0007,2026-07-01,7,2026-07,19.533,26.161
C-0007,2026-07-01,8,2026-07,19.0,35.336
C-0007,2026-07-01,9,2026-07,19.625,42.387
C-0007,2026-07-01,10,2026-07,18.833,46.829
C-0007,2026-07-01,11,2026-07,20.036,49.851
C-0007,2026-07-01,12,2026-07,20.304,49.746
C-0007,2026-07-01,13,2026-07,20.84,48.079
C-0007,2026-07-01,14,2026-07,20.87,42.769
C-0007,2026-07-01,15,2026-07,20.171,35.863
C-0007,2026-07-01,16,2026-07,20.104,26.763
C-0007,2026-07-01,17,2026-07,19.504,16.435
C-0007,2026-07-01,18,2026-07,19.868,8.883
C-0007,2026-07-01,19,2026-07,19.478,4.711
C-0007,2026-07-01,20,2026-07,19.747,4.528
C-0007,2026-07-01,21,2026-07,19.617,3.89
C-0007,2026-07-01,22,2026-07,18.852,3.712
C-0007,2026-07-01,23,2026-07,18.664,3.509
C-0007,2026-07-02,0,2026-07,19.857,3.692
C-0007,2026-07-02,1,2026-07,19.255,3.346
C-0007,2026-07-02,2,2026-07,19.268,3.387
C-0007,2026-07-02,3,2026-07,18.901,3.296
C-0007,2026-07-02,4,2026-07,19.434,3.2
C-0007,2026-07-02,5,2026-07,19.224,6.371
C-0007,2026-07-02,6,2026-07,19.191,12.426
C-0007,2026-07-02,7,2026-07,19.022,18.967
C-0007,2026-07-02,8,2026-07,19.526,25.616
C-0007,2026-07-02,9,2026-07,19.616,30.889
C-0007,2026-07-02,10,2026-07,19.991,35.049
C-0007,2026-07-02,11,2026-07,20.191,36.761
C-0007,2026-07-02,12,2026-07,20.661,36.637
C-0007,2026-07-02,13,2026-07,21.275,34.969
C-0007,2026-07-02,14,2026-07,20.992,31.047
C-0007,2026-07-02,15,2026-07,20.435,25.782
C-0007,2026-07-02,16,2026-07,20.403,19.382
C-0007,2026-07-02,17,2026-07,19.699,12.49
C-0007,2026-07-02,18,2026-07,20.119,6.331
C-0007,2026-07-02,19,2026-07,20.485,3.284
C-0007,2026-07-02,20,2026-07,20.395,3.122
C-0007,2026-07-02,21,2026-07,19.281,3.286
C-0007,2026-07-02,22,2026-07,19.041,3.125
C-0007,2026-07-02,23,2026-07,19.298,3.103
C-0007,2026-07-03,0,2026-07,18.915,3.036
C-0007,2026-07-03,1,2026-07,19.676,3.111
C-0007,2026-07-03,2,2026-07,19.62,3.187
C-0007,2026-07-03,3,2026-07,18.82,3.462
C-0007,2026-07-03,4,2026-07,19.616,3.61
C-0007,2026-07-03,5,2026-07,19.397,7.673
C-0007,2026-07-03,6,2026-07,19.152,15.896
C-0007,2026-07-03,7,2026-07,19.625,25.303
C-0007,2026-07-03,8,2026-07,19.093,34.332
C-0007,2026-07-03,9,2026-07,19.871,41.969
C-0007,2026-07-03,10,2026-07,20.01,47.37
C-0007,2026-07-03,11,2026-07,20.444,50.435
C-0007,2026-07-03,12,2026-07,20.708,50.712
C-0007,2026-07-03,13,2026-07,21.047,47.856
C-0007,2026-07-03,14,2026-07,20.925,42.395
C-0007,2026-07-03,15,2026-07,21.039,34.976
C-0007,2026-07-03,16,2026-07,20.16,25.919
C-0007,2026-07-03,17,2026-07,20.052,16.931
C-0007,2026-07-03,18,2026-07,19.855,8.495
C-0007,2026-07-03,19,2026-07,20.192,4.536
C-0007,2026-07-03,20,2026-07,19.91,4.514
C-0007,2026-07-03,21,2026-07,19.559,3.835
C-0007,2026-07-03,22,2026-07,19.275,3.591
C-0007,2026-07-03,23,2026-07,19.608,3.772
C-0007,2026-07-04,0,2026-07,19.283,3.678
C-0007,2026-07-04,1,2026-07,19.985,4.281
C-0007,2026-07-04,2,2026-07,18.497,5.038
C-0007,2026-07-04,3,2026-07,18.976,5.286
C-0007,2026-07-04,4,2026-07,19.418,5.851
C-0007,2026-07-04,5,2026-07,19.384,10.55
C-0007,2026-07-04,6,2026-07,19.137,19.133
C-0007,2026-07-04,7,2026-07,19.224,29.123
C-0007,2026-07-04,8,2026-07,19.192,38.487
C-0007,2026-07-04,9,2026-07,19.035,47.141
C-0007,2026-07-04,10,2026-07,19.389,53.284
C-0007,2026-07-04,11,2026-07,19.827,56.523
C-0007,2026-07-04,12,2026-07,19.939,56.462
C-0007,2026-07-04,13,2026-07,20.255,52.848
C-0007,2026-07-04,14,2026-07,20.486,47.378
C-0007,2026-07-04,15,2026-07,20.196,39.086
C-0007,2026-07-04,16,2026-07,19.938,28.621
C-0007,2026-07-04,17,2026-07,19.435,17.885
C-0007,2026-07-04,18,2026-07,19.778,8.949
C-0007,2026-07-04,19,2026-07,19.478,4.841
C-0007,2026-07-04,20,2026-07,19.32,3.943
C-0007,2026-07-04,21,2026-07,19.445,3.82
C-0007,2026-07-04,22,2026-07,19.688,3.87
C-0007,2026-07-04,23,2026-07,19.455,3.906
C-0007,2026-07-05,0,2026-07,18.967,3.939
C-0007,2026-07-05,1,2026-07,19.645,4.027
C-0007,2026-07-05,2,2026-07,19.521,4.526
C-0007,2026-07-05,3,2026-07,19.342,4.414
C-0007,2026-07-05,4,2026-07,19.688,4.251
C-0007,2026-07-05,5,2026-07,19.439,7.807
C-0007,2026-07-05,6,2026-07,19.463,16.497
C-0007,2026-07-05,7,2026-07,19.411,25.167
C-0007,2026-07-05,8,2026-07,19.328,34.113
C-0007,2026-07-05,9,2026-07,19.712,41.634
C-0007,2026-07-05,10,2026-07,19.202,46.056
C-0007,2026-07-05,11,2026-07,19.775,49.051
C-0007,2026-07-05,12,2026-07,19.723,49.502
C-0007,2026-07-05,13,2026-07,20.21,46.786
C-0007,2026-07-05,14,2026-07,19.942,40.95
C-0007,2026-07-05,15,2026-07,20.115,33.176
C-0007,2026-07-05,16,2026-07,19.95,24.691
C-0007,2026-07-05,17,2026-07,19.147,15.399
C-0007,2026-07-05,18,2026-07,19.408,7.267
C-0007,2026-07-05,19,2026-07,19.311,3.428
C-0007,2026-07-05,20,2026-07,19.653,3.365
C-0007,2026-07-05,21,2026-07,19.49,3.169
C-0007,2026-07-05,22,2026-07,19.134,3.022
C-0007,2026-07-05,23,2026-07,19.303,3.297
C-0007,2026-07-06,0,2026-07,19.358,3.454
C-0007,2026-07-06,1,2026-07,19.212,3.204
C-0007,2026-07-06,2,2026-07,19.765,3.421
C-0007,2026-07-06,3,2026-07,19.686,3.09
C-0007,2026-07-06,4,2026-07,19.438,3.114
C-0007,2026-07-06,5,2026-07,18.794,6.06
C-0007,2026-07-06,6,2026-07,19.407,12.353
C-0007,2026-07-06,7,2026-07,19.778,19.119
C-0007,2026-07-06,8,2026-07,19.368,25.444
C-0007,2026-07-06,9,2026-07,19.08,30.95
C-0007,2026-07-06,10,2026-07,19.751,34.473
C-0007,2026-07-06,11,2026-07,19.329,36.915
C-0007,2026-07-06,12,2026-07,19.819,36.786
C-0007,2026-07-06,13,2026-07,20.927,35.467
C-0007,2026-07-06,14,2026-07,21.016,30.961
C-0007,2026-07-06,15,2026-07,20.406,25.869
C-0007,2026-07-06,16,2026-07,19.564,19.527
C-0007,2026-07-06,17,2026-07,19.627,12.84
C-0007,2026-07-06,18,2026-07,19.691,6.758
C-0007,2026-07-06,19,2026-07,18.904,4.528
C-0007,2026-07-06,20,2026-07,19.182,5.553
C-0007,2026-07-06,21,2026-07,19.035,5.595
C-0007,2026-07-06,22,2026-07,19.325,4.601
C-0007,2026-07-06,23,2026-07,19.039,4.002
C-0007,2026-07-07,0,2026-07,19.278,4.136
C-0007,2026-07-07,1,2026-07,19.294,3.629
C-0007,2026-07-07,2,2026-07,19.199,4.373
C-0007,2026-07-07,3,2026-07,19.348,4.838
C-0007,2026-07-07,4,2026-07,19.346,4.371
C-0007,2026-07-07,5,2026-07,19.385,7.438
C-0007,2026-07-07,6,2026-07,19.593,13.554
C-0007,2026-07-07,7,2026-07,19.673,21.351
C-0007,2026-07-07,8,2026-07,19.6,29.897
C-0007,2026-07-07,9,2026-07,19.112,34.764
C-0007,2026-07-07,10,2026-07,19.183,39.674
C-0007,2026-07-07,11,2026-07,19.892,41.266
C-0007,2026-07-07,12,2026-07,20.358,41.369
C-0007,2026-07-07,13,2026-07,20.643,39.649
C-0007,2026-07-07,14,2026-07,20.378,34.405
C-0007,2026-07-07,15,2026-07,20.509,29.757
C-0007,2026-07-07,16,2026-07,20.546,22.375
C-0007,2026-07-07,17,2026-07,19.723,15.086
C-0007,2026-07-07,18,2026-07,19.379,8.307
C-0007,2026-07-07,19,2026-07,19.788,5.389
C-0007,2026-07-07,20,2026-07,19.785,5.71
C-0007,2026-07-07,21,2026-07,19.613,5.978
C-0007,2026-07-07,22,2026-07,18.816,4.625
C-0007,2026-07-07,23,2026-07,18.851,4.635
C-0007,2026-07-08,0,2026-07,19.15,4.35
C-0007,2026-07-08,1,2026-07,19.464,4.268
C-0007,2026-07-08,2,2026-07,19.243,3.972
C-0007,2026-07-08,3,2026-07,19.066,3.454
C-0007,2026-07-08,4,2026-07,19.415,3.216
C-0007,2026-07-08,5,2026-07,19.176,7.131
C-0007,2026-07-08,6,2026-07,19.309,15.625
C-0007,2026-07-08,7,2026-07,19.234,24.857
C-0007,2026-07-08,8,2026-07,19.355,33.904
C-0007,2026-07-08,9,2026-07,20.199,41.143
C-0007,2026-07-08,10,2026-07,20.039,46.274
C-0007,2026-07-08,11,2026-07,19.929,48.969
C-0007,2026-07-08,12,2026-07,20.824,49.098
C-0007,2026-07-08,13,2026-07,21.123,46.539
C-0007,2026-07-08,14,2026-07,21.078,41.169
C-0007,2026-07-08,15,2026-07,21.058,33.584
C-0007,2026-07-08,16,2026-07,20.681,25.181
C-0007,2026-07-08,17,2026-07,19.944,15.554
C-0007,2026-07-08,18,2026-07,20.569,7.143
C-0007,2026-07-08,19,2026-07,19.686,3.029
C-0007,2026-07-08,20,2026-07,20.16,3.075
C-0007,2026-07-08,21,2026-07,19.707,3.059
C-0007,2026-07-08,22,2026-07,20.285,3.221
C-0007,2026-07-08,23,2026-07,19.405,3.115
C-0007,2026-07-09,0,2026-07,19.31,3.283
C-0007,2026-07-09,1,2026-07,19.326,3.404
C-0007,2026-07-09,2,2026-07,19.545,3.128
C-0007,2026-07-09,3,2026-07,19.309,3.02
C-0007,2026-07-09,4,2026-07,19.354,3.295
C-0007,2026-07-09,5,2026-07,19.226,6.905
C-0007,2026-07-09,6,2026-07,19.337,14.271
C-0007,2026-07-09,7,2026-07,19.629,22.508
C-0007,2026-07-09,8,2026-07,19.492,30.074
C-0007,2026-07-09,9,2026-07,19.79,36.271
C-0007,2026-07-09,10,2026-07,20.03,41.002
C-0007,2026-07-09,11,2026-07,19.985,43.37
C-0007,2026-07-09,12,2026-07,20.435,44.931
C-0007,2026-07-09,13,2026-07,20.94,43.003
C-0007,2026-07-09,14,2026-07,20.85,39.829
C-0007,2026-07-09,15,2026-07,21.46,31.956
C-0007,2026-07-09,16,2026-07,20.801,24.209
C-0007,2026-07-09,17,2026-07,19.653,16.042
C-0007,2026-07-09,18,2026-07,20.273,8.94
C-0007,2026-07-09,19,2026-07,19.748,5.149
C-0007,2026-07-09,20,2026-07,19.935,4.407
C-0007,2026-07-09,21,2026-07,19.588,3.794
C-0007,2026-07-09,22,2026-07,18.915,3.662
C-0007,2026-07-09,23,2026-07,19.451,3.839
C-0007,2026-07-10,0,2026-07,19.382,3.945
C-0007,2026-07-10,1,2026-07,19.367,3.946
C-0007,2026-07-10,2,2026-07,19.349,4.554
C-0007,2026-07-10,3,2026-07,18.673,4.273
C-0007,2026-07-10,4,2026-07,19.21,3.811
C-0007,2026-07-10,5,2026-07,19.477,8.042
C-0007,2026-07-10,6,2026-07,19.65,17.614
C-0007,2026-07-10,7,2026-07,19.846,27.508
C-0007,2026-07-10,8,2026-07,19.078,37.206
C-0007,2026-07-10,9,2026-07,19.621,44.65
C-0007,2026-07-10,10,2026-07,19.655,50.896
C-0007,2026-07-10,11,2026-07,20.583,53.512
C-0007,2026-07-10,12,2026-07,20.63,53.295
C-0007,2026-07-10,13,2026-07,20.43,50.345
C-0007,2026-07-10,14,2026-07,20.938,44.433
C-0007,2026-07-10,15,2026-07,20.891,36.431
C-0007,2026-07-10,16,2026-07,19.735,26.852
C-0007,2026-07-10,17,2026-07,19.755,17.105
C-0007,2026-07-10,18,2026-07,19.818,8.096
C-0007,2026-07-10,19,2026-07,19.706,4.062
C-0007,2026-07-10,20,2026-07,19.781,4.04
C-0007,2026-07-10,21,2026-07,19.824,3.737
C-0007,2026-07-10,22,2026-07,18.973,3.871
C-0007,2026-07-10,23,2026-07,19.141,4.397
C-0007,2026-07-11,0,2026-07,18.916,4.188
C-0007,2026-07-11,1,2026-07,19.434,4.688
C-0007,2026-07-11,2,2026-07,19.695,4.455
C-0007,2026-07-11,3,2026-07,19.475,3.971
C-0007,2026-07-11,4,2026-07,19.388,4.64
C-0007,2026-07-11,5,2026-07,18.867,8.107
C-0007,2026-07-11,6,2026-07,19.159,16.306
C-0007,2026-07-11,7,2026-07,19.495,25.319
C-0007,2026-07-11,8,2026-07,19.405,34.618
C-0007,2026-07-11,9,2026-07,19.906,41.502
C-0007,2026-07-11,10,2026-07,19.911,46.417
C-0007,2026-07-11,11,2026-07,19.78,49.948
C-0007,2026-07-11,12,2026-07,21.325,49.807
C-0007,2026-07-11,13,2026-07,20.609,47.298
C-0007,2026-07-11,14,2026-07,20.602,42.506
C-0007,2026-07-11,15,2026-07,20.707,34.95
C-0007,2026-07-11,16,2026-07,20.277,27.639
C-0007,2026-07-11,17,2026-07,20.154,16.966
C-0007,2026-07-11,18,2026-07,19.912,11.393
C-0007,2026-07-11,19,2026-07,19.984,6.772
C-0007,2026-07-11,20,2026-07,19.45,7.414
C-0007,2026-07-11,21,2026-07,19.671,6.915
C-0007,2026-07-11,22,2026-07,19.835,5.798
C-0007,2026-07-11,23,2026-07,18.852,4.672
C-0007,2026-07-12,0,2026-07,18.987,4.35
C-0007,2026-07-12,1,2026-07,19.049,3.868
C-0007,2026-07-12,2,2026-07,19.735,4.453
C-0007,2026-07-12,3,2026-07,19.094,5.104
C-0007,2026-07-12,4,2026-07,19.895,4.825
C-0007,2026-07-12,5,2026-07,19.43,9.395
C-0007,2026-07-12,6,2026-07,19.183,18.972
C-0007,2026-07-12,7,2026-07,19.089,29.693
C-0007,2026-07-12,8,2026-07,19.153,39.951
C-0007,2026-07-12,9,2026-07,19.575,48.671
C-0007,2026-07-12,10,2026-07,19.713,56.244
C-0007,2026-07-12,11,2026-07,19.561,59.579
C-0007,2026-07-12,12,2026-07,19.728,58.41
C-0007,2026-07-12,13,2026-07,20.337,54.515
C-0007,2026-07-12,14,2026-07,20.204,48.128
C-0007,2026-07-12,15,2026-07,20.205,39.125
C-0007,2026-07-12,16,2026-07,20.029,28.613
C-0007,2026-07-12,17,2026-07,19.471,18.347
C-0007,2026-07-12,18,2026-07,19.472,8.82
C-0007,2026-07-12,19,2026-07,19.177,4.093
C-0007,2026-07-12,20,2026-07,19.308,4.389
C-0007,2026-07-12,21,2026-07,19.517,4.638
C-0007,2026-07-12,22,2026-07,19.563,3.975
C-0007,2026-07-12,23,2026-07,19.129,3.508
C-0007,2026-07-13,0,2026-07,18.701,3.267
C-0007,2026-07-13,1,2026-07,18.812,3.247
C-0007,2026-07-13,2,2026-07,19.371,3.28
C-0007,2026-07-13,3,2026-07,19.016,3.618
C-0007,2026-07-13,4,2026-07,19.043,3.579
C-0007,2026-07-13,5,2026-07,19.074,7.269
C-0007,2026-07-13,6,2026-07,19.897,15.165
C-0007,2026-07-13,7,2026-07,20.115,23.489
C-0007,2026-07-13,8,2026-07,19.576,31.885
C-0007,2026-07-13,9,2026-07,20.197,38.802
C-0007,2026-07-13,10,2026-07,20.103,44.084
C-0007,2026-07-13,11,2026-07,20.798,46.66
C-0007,2026-07-13,12,2026-07,21.121,46.334
C-0007,2026-07-13,13,2026-07,21.386,43.735
C-0007,2026-07-13,14,2026-07,20.931,38.765
C-0007,2026-07-13,15,2026-07,21.168,31.754
C-0007,2026-07-13,16,2026-07,20.712,23.612
C-0007,2026-07-13,17,2026-07,20.387,15.677
C-0007,2026-07-13,18,2026-07,20.619,7.693
C-0007,2026-07-13,19,2026-07,20.183,4.355
C-0007,2026-07-13,20,2026-07,19.59,4.424
C-0007,2026-07-13,21,2026-07,19.547,4.344
C-0007,2026-07-13,22,2026-07,20.054,5.11
C-0007,2026-07-13,23,2026-07,19.823,4.743
C-0007,2026-07-14,0,2026-07,19.236,5.13
C-0007,2026-07-14,1,2026-07,19.853,4.777
C-0007,2026-07-14,2,2026-07,19.166,5.006
C-0007,2026-07-14,3,2026-07,19.042,5.723
C-0007,2026-07-14,4,2026-07,19.313,5.133
C-0007,2026-07-14,5,2026-07,19.351,8.175
C-0007,2026-07-14,6,2026-07,19.422,14.224
C-0007,2026-07-14,7,2026-07,19.69,21.506
C-0007,2026-07-14,8,2026-07,19.612,28.93
C-0007,2026-07-14,9,2026-07,20.861,34.66
C-0007,2026-07-14,10,2026-07,20.438,38.77
C-0007,2026-07-14,11,2026-07,20.323,40.874
C-0007,2026-07-14,12,2026-07,21.34,41.042
C-0007,2026-07-14,13,2026-07,21.469,39.091
C-0007,2026-07-14,14,2026-07,21.278,34.859
C-0007,2026-07-14,15,2026-07,21.887,29.746
C-0007,2026-07-14,16,2026-07,20.457,22.859
C-0007,2026-07-14,17,2026-07,19.724,16.514
C-0007,2026-07-14,18,2026-07,20.521,10.304
C-0007,2026-07-14,19,2026-07,20.598,7.362
C-0007,2026-07-14,20,2026-07,20.289,5.71
C-0007,2026-07-14,21,2026-07,20.074,5.712
C-0007,2026-07-14,22,2026-07,19.643,6.426
C-0007,2026-07-14,23,2026-07,19.84,6.774
C-0007,2026-07-15,0,2026-07,19.631,6.711
C-0007,2026-07-15,1,2026-07,19.534,8.371
C-0007,2026-07-15,2,2026-07,19.709,7.601
C-0007,2026-07-15,3,2026-07,19.721,7.555
C-0007,2026-07-15,4,2026-07,18.983,6.968
C-0007,2026-07-15,5,2026-07,19.465,9.21
C-0007,2026-07-15,6,2026-07,19.451,15.825
C-0007,2026-07-15,7,2026-07,19.427,23.262
C-0007,2026-07-15,8,2026-07,20.064,29.918
C-0007,2026-07-15,9,2026-07,19.901,35.639
C-0007,2026-07-15,10,2026-07,20.278,39.058
C-0007,2026-07-15,11,2026-07,20.639,41.314
C-0007,2026-07-15,12,2026-07,20.845,40.835
C-0007,2026-07-15,13,2026-07,21.313,38.52
C-0007,2026-07-15,14,2026-07,21.634,33.71
C-0007,2026-07-15,15,2026-07,21.633,27.587
C-0007,2026-07-15,16,2026-07,20.712,20.792
C-0007,2026-07-15,17,2026-07,20.076,13.357
C-0007,2026-07-15,18,2026-07,20.488,6.798
C-0007,2026-07-15,19,2026-07,20.009,3.725
C-0007,2026-07-15,20,2026-07,20.188,3.362
C-0007,2026-07-15,21,2026-07,20.107,3.38
C-0007,2026-07-15,22,2026-07,20.321,3.442
C-0007,2026-07-15,23,2026-07,19.165,3.052
C-0007,2026-07-16,0,2026-07,19.896,3.14
C-0007,2026-07-16,1,2026-07,19.583,3.456
C-0007,2026-07-16,2,2026-07,19.854,3.716
C-0007,2026-07-16,3,2026-07,19.991,3.366
C-0007,2026-07-16,4,2026-07,20.253,4.14
C-0007,2026-07-16,5,2026-07,19.271,7.701
C-0007,2026-07-16,6,2026-07,19.86,16.593
C-0007,2026-07-16,7,2026-07,20.05,26.719
C-0007,2026-07-16,8,2026-07,20.291,35.728
C-0007,2026-07-16,9,2026-07,20.436,43.124
C-0007,2026-07-16,10,2026-07,20.208,49.358
C-0007,2026-07-16,11,2026-07,20.947,52.333
C-0007,2026-07-16,12,2026-07,22.194,52.424
C-0007,2026-07-16,13,2026-07,21.542,50.592
C-0007,2026-07-16,14,2026-07,21.521,44.327
C-0007,2026-07-16,15,2026-07,21.74,36.465
C-0007,2026-07-16,16,2026-07,20.166,26.206
C-0007,2026-07-16,17,2026-07,21.073,16.466
C-0007,2026-07-16,18,2026-07,20.716,7.964
C-0007,2026-07-16,19,2026-07,20.894,3.397
C-0007,2026-07-16,20,2026-07,20.472,3.782
C-0007,2026-07-16,21,2026-07,19.937,3.488
C-0007,2026-07-16,22,2026-07,20.036,4.099
C-0007,2026-07-16,23,2026-07,19.89,4.144
C-0007,2026-07-17,0,2026-07,19.355,3.806
C-0007,2026-07-17,1,2026-07,19.067,3.991
C-0007,2026-07-17,2,2026-07,19.572,4.182
C-0007,2026-07-17,3,2026-07,19.554,3.697
C-0007,2026-07-17,4,2026-07,19.414,4.106
C-0007,2026-07-17,5,2026-07,19.528,6.71
C-0007,2026-07-17,6,2026-07,19.936,13.362
C-0007,2026-07-17,7,2026-07,20.055,20.62
C-0007,2026-07-17,8,2026-07,20.318,27.13
C-0007,2026-07-17,9,2026-07,20.289,33.25
C-0007,2026-07-17,10,2026-07,20.45,37.304
C-0007,2026-07-17,11,2026-07,21.19,39.982
C-0007,2026-07-17,12,2026-07,21.249,39.884
C-0007,2026-07-17,13,2026-07,22.093,37.282
C-0007,2026-07-17,14,2026-07,21.881,33.489
C-0007,2026-07-17,15,2026-07,21.134,27.328
C-0007,2026-07-17,16,2026-07,21.0,20.371
C-0007,2026-07-17,17,2026-07,20.768,13.48
C-0007,2026-07-17,18,2026-07,21.0,6.693
C-0007,2026-07-17,19,2026-07,20.243,4.523
C-0007,2026-07-17,20,2026-07,20.163,4.446
C-0007,2026-07-17,21,2026-07,19.956,4.168
C-0007,2026-07-17,22,2026-07,19.983,4.338
C-0007,2026-07-17,23,2026-07,19.775,5.141
C-0007,2026-07-18,0,2026-07,19.756,4.546
C-0007,2026-07-18,1,2026-07,19.694,3.704
C-0007,2026-07-18,2,2026-07,19.251,3.938
C-0007,2026-07-18,3,2026-07,19.306,4.152
C-0007,2026-07-18,4,2026-07,19.013,4.023
C-0007,2026-07-18,5,2026-07,19.351,7.653
C-0007,2026-07-18,6,2026-07,19.647,16.724
C-0007,2026-07-18,7,2026-07,19.467,27.252
C-0007,2026-07-18,8,2026-07,19.529,37.442
C-0007,2026-07-18,9,2026-07,20.934,45.735
C-0007,2026-07-18,10,2026-07,20.464,52.091
C-0007,2026-07-18,11,2026-07,20.518,55.408
C-0007,2026-07-18,12,2026-07,20.847,54.629
C-0007,2026-07-18,13,2026-07,20.887,51.384
C-0007,2026-07-18,14,2026-07,21.134,45.643
C-0007,2026-07-18,15,2026-07,21.225,37.854
C-0007,2026-07-18,16,2026-07,20.06,27.607
C-0007,2026-07-18,17,2026-07,20.301,16.909
C-0007,2026-07-18,18,2026-07,20.807,8.132
C-0007,2026-07-18,19,2026-07,19.821,4.26
C-0007,2026-07-18,20,2026-07,20.605,4.237
C-0007,2026-07-18,21,2026-07,19.526,4.426
C-0007,2026-07-18,22,2026-07,19.728,4.641
C-0007,2026-07-18,23,2026-07,19.365,4.172
C-0007,2026-07-19,0,2026-07,19.626,4.384
C-0007,2026-07-19,1,2026-07,19.058,4.07
C-0007,2026-07-19,2,2026-07,19.089,3.835
C-0007,2026-07-19,3,2026-07,19.403,4.948
C-0007,2026-07-19,4,2026-07,19.257,4.769
C-0007,2026-07-19,5,2026-07,19.445,8.78
C-0007,2026-07-19,6,2026-07,19.4,18.629
C-0007,2026-07-19,7,2026-07,20.089,28.913
C-0007,2026-07-19,8,2026-07,20.066,39.718
C-0007,2026-07-19,9,2026-07,20.155,47.744
C-0007,2026-07-19,10,2026-07,20.525,54.71
C-0007,2026-07-19,11,2026-07,20.523,58.281
C-0007,2026-07-19,12,2026-07,21.209,58.066
C-0007,2026-07-19,13,2026-07,21.151,54.632
C-0007,2026-07-19,14,2026-07,20.197,48.042
C-0007,2026-07-19,15,2026-07,21.07,38.68
C-0007,2026-07-19,16,2026-07,20.508,28.184
C-0007,2026-07-19,17,2026-07,20.371,16.896
C-0007,2026-07-19,18,2026-07,20.129,6.955
C-0007,2026-07-19,19,2026-07,20.478,2.958
C-0007,2026-07-19,20,2026-07,20.098,3.218
C-0007,2026-07-19,21,2026-07,19.71,3.376
C-0007,2026-07-19,22,2026-07,20.109,3.786
C-0007,2026-07-19,23,2026-07,19.24,3.821
C-0007,2026-07-20,0,2026-07,19.045,4.171
C-0007,2026-07-20,1,2026-07,19.324,3.996
C-0007,2026-07-20,2,2026-07,18.74,3.935
C-0007,2026-07-20,3,2026-07,19.046,3.651
C-0007,2026-07-20,4,2026-07,18.879,4.757
C-0007,2026-07-20,5,2026-07,19.301,8.778
C-0007,2026-07-20,6,2026-07,18.983,16.063
C-0007,2026-07-20,7,2026-07,19.2,25.186
C-0007,2026-07-20,8,2026-07,20.243,33.808
C-0007,2026-07-20,9,2026-07,20.402,41.449
C-0007,2026-07-20,10,2026-07,20.129,46.994
C-0007,2026-07-20,11,2026-07,20.452,50.046
C-0007,2026-07-20,12,2026-07,20.775,49.841
C-0007,2026-07-20,13,2026-07,21.13,47.032
C-0007,2026-07-20,14,2026-07,20.954,41.559
C-0007,2026-07-20,15,2026-07,21.119,33.469
C-0007,2026-07-20,16,2026-07,20.416,24.914
C-0007,2026-07-20,17,2026-07,19.798,15.092
C-0007,2026-07-20,18,2026-07,20.516,6.95
C-0007,2026-07-20,19,2026-07,19.892,3.825
C-0007,2026-07-20,20,2026-07,19.687,4.248
C-0007,2026-07-20,21,2026-07,20.179,3.869
C-0007,2026-07-20,22,2026-07,19.495,3.772
C-0007,2026-07-20,23,2026-07,19.04,3.688
C-0007,2026-07-21,0,2026-07,18.987,4.126
C-0007,2026-07-21,1,2026-07,19.569,3.989
C-0007,2026-07-21,2,2026-07,19.668,4.165
C-0007,2026-07-21,3,2026-07,18.973,3.499
C-0007,2026-07-21,4,2026-07,19.157,3.415
C-0007,2026-07-21,5,2026-07,19.291,7.304
C-0007,2026-07-21,6,2026-07,19.409,13.868
C-0007,2026-07-21,7,2026-07,19.45,21.215
C-0007,2026-07-21,8,2026-07,20.005,28.312
C-0007,2026-07-21,9,2026-07,19.719,34.602
C-0007,2026-07-21,10,2026-07,20.458,38.61
C-0007,2026-07-21,11,2026-07,20.456,42.035
C-0007,2026-07-21,12,2026-07,20.869,43.893
C-0007,2026-07-21,13,2026-07,22.051,39.681
C-0007,2026-07-21,14,2026-07,21.727,34.686
C-0007,2026-07-21,15,2026-07,21.674,28.968
C-0007,2026-07-21,16,2026-07,20.554,22.036
C-0007,2026-07-21,17,2026-07,20.358,15.682
C-0007,2026-07-21,18,2026-07,20.421,9.293
C-0007,2026-07-21,19,2026-07,19.754,6.351
C-0007,2026-07-21,20,2026-07,20.175,6.205
C-0007,2026-07-21,21,2026-07,19.507,6.593
C-0007,2026-07-21,22,2026-07,20.202,6.849
C-0007,2026-07-21,23,2026-07,19.194,5.899
C-0007,2026-07-22,0,2026-07,20.143,5.152
C-0007,2026-07-22,1,2026-07,19.925,5.701
C-0007,2026-07-22,2,2026-07,19.875,5.584
C-0007,2026-07-22,3,2026-07,19.479,4.92
C-0007,2026-07-22,4,2026-07,19.44,4.909
C-0007,2026-07-22,5,2026-07,19.786,9.153
C-0007,2026-07-22,6,2026-07,19.228,17.291
C-0007,2026-07-22,7,2026-07,20.121,26.827
C-0007,2026-07-22,8,2026-07,20.299,36.401
C-0007,2026-07-22,9,2026-07,20.318,45.243
C-0007,2026-07-22,10,2026-07,20.926,50.942
C-0007,2026-07-22,11,2026-07,20.543,53.518
C-0007,2026-07-22,12,2026-07,21.849,53.636
C-0007,2026-07-22,13,2026-07,22.041,50.598
C-0007,2026-07-22,14,2026-07,22.181,44.735
C-0007,2026-07-22,15,2026-07,21.677,35.809
C-0007,2026-07-22,16,2026-07,21.452,26.15
C-0007,2026-07-22,17,2026-07,20.816,15.9
C-0007,2026-07-22,18,2026-07,20.464,6.856
C-0007,2026-07-22,19,2026-07,20.665,3.471
C-0007,2026-07-22,20,2026-07,20.249,4.005
C-0007,2026-07-22,21,2026-07,19.601,3.222
C-0007,2026-07-22,22,2026-07,20.324,3.375
C-0007,2026-07-22,23,2026-07,20.041,3.411
C-0007,2026-07-23,0,2026-07,19.926,3.492
C-0007,2026-07-23,1,2026-07,19.345,3.411
C-0007,2026-07-23,2,2026-07,19.326,3.397
C-0007,2026-07-23,3,2026-07,19.989,3.517
C-0007,2026-07-23,4,2026-07,19.57,3.177
C-0007,2026-07-23,5,2026-07,19.927,6.702
C-0007,2026-07-23,6,2026-07,19.835,15.829
C-0007,2026-07-23,7,2026-07,20.659,25.894
C-0007,2026-07-23,8,2026-07,20.039,35.579
C-0007,2026-07-23,9,2026-07,20.382,43.284
C-0007,2026-07-23,10,2026-07,20.093,48.732
C-0007,2026-07-23,11,2026-07,20.778,51.792
C-0007,2026-07-23,12,2026-07,21.534,51.861
C-0007,2026-07-23,13,2026-07,21.408,48.998
C-0007,2026-07-23,14,2026-07,21.49,43.155
C-0007,2026-07-23,15,2026-07,21.303,35.294
C-0007,2026-07-23,16,2026-07,20.674,25.854
C-0007,2026-07-23,17,2026-07,21.094,15.965
C-0007,2026-07-23,18,2026-07,20.384,6.921
C-0007,2026-07-23,19,2026-07,20.764,3.789
C-0007,2026-07-23,20,2026-07,19.957,3.889
C-0007,2026-07-23,21,2026-07,19.941,4.665
C-0007,2026-07-23,22,2026-07,19.952,5.151
C-0007,2026-07-23,23,2026-07,20.074,5.564
C-0007,2026-07-24,0,2026-07,20.391,5.289
C-0007,2026-07-24,1,2026-07,20.077,5.344
C-0007,2026-07-24,2,2026-07,19.369,4.955
C-0007,2026-07-24,3,2026-07,19.551,4.406
C-0007,2026-07-24,4,2026-07,19.483,5.075
C-0007,2026-07-24,5,2026-07,19.173,8.441
C-0007,2026-07-24,6,2026-07,19.974,18.134
C-0007,2026-07-24,7,2026-07,20.182,27.864
C-0007,2026-07-24,8,2026-07,20.784,37.997
C-0007,2026-07-24,9,2026-07,20.642,47.084
C-0007,2026-07-24,10,2026-07,20.1,52.998
C-0007,2026-07-24,11,2026-07,21.325,56.187
C-0007,2026-07-24,12,2026-07,21.194,55.835
C-0007,2026-07-24,13,2026-07,21.976,52.805
C-0007,2026-07-24,14,2026-07,22.366,46.674
C-0007,2026-07-24,15,2026-07,22.022,38.153
C-0007,2026-07-24,16,2026-07,20.826,28.067
C-0007,2026-07-24,17,2026-07,20.815,17.127
C-0007,2026-07-24,18,2026-07,20.357,8.282
C-0007,2026-07-24,19,2026-07,20.538,4.664
C-0007,2026-07-24,20,2026-07,20.697,3.923
C-0007,2026-07-24,21,2026-07,20.945,3.488
C-0007,2026-07-24,22,2026-07,19.769,3.455
C-0007,2026-07-24,23,2026-07,20.539,4.486
C-0007,2026-07-25,0,2026-07,19.89,4.299
C-0007,2026-07-25,1,2026-07,19.726,4.291
C-0007,2026-07-25,2,2026-07,19.83,3.835
C-0007,2026-07-25,3,2026-07,19.715,3.084
C-0007,2026-07-25,4,2026-07,19.583,3.322
C-0007,2026-07-25,5,2026-07,19.499,6.283
C-0007,2026-07-25,6,2026-07,20.009,15.216
C-0007,2026-07-25,7,2026-07,20.053,25.393
C-0007,2026-07-25,8,2026-07,19.808,34.824
C-0007,2026-07-25,9,2026-07,20.265,43.201
C-0007,2026-07-25,10,2026-07,20.7,49.273
C-0007,2026-07-25,11,2026-07,21.002,52.28
C-0007,2026-07-25,12,2026-07,21.038,52.289
C-0007,2026-07-25,13,2026-07,21.425,49.332
C-0007,2026-07-25,14,2026-07,20.689,42.945
C-0007,2026-07-25,15,2026-07,21.323,34.735
C-0007,2026-07-25,16,2026-07,20.826,25.147
C-0007,2026-07-25,17,2026-07,20.701,15.123
C-0007,2026-07-25,18,2026-07,19.919,5.947
C-0007,2026-07-25,19,2026-07,20.332,2.724
C-0007,2026-07-25,20,2026-07,20.496,3.021
C-0007,2026-07-25,21,2026-07,20.102,2.896
C-0007,2026-07-25,22,2026-07,19.33,3.309
C-0007,2026-07-25,23,2026-07,20.446,3.401
C-0007,2026-07-26,0,2026-07,19.323,3.954
C-0007,2026-07-26,1,2026-07,19.193,3.611
C-0007,2026-07-26,2,2026-07,19.472,3.501
C-0007,2026-07-26,3,2026-07,19.771,3.928
C-0007,2026-07-26,4,2026-07,19.376,3.626
C-0007,2026-07-26,5,2026-07,19.565,7.119
C-0007,2026-07-26,6,2026-07,19.453,16.815
C-0007,2026-07-26,7,2026-07,19.905,27.48
C-0007,2026-07-26,8,2026-07,19.644,36.769
C-0007,2026-07-26,9,2026-07,19.351,45.032
C-0007,2026-07-26,10,2026-07,20.374,51.305
C-0007,2026-07-26,11,2026-07,20.187,55.041
C-0007,2026-07-26,12,2026-07,20.145,55.42
C-0007,2026-07-26,13,2026-07,20.952,52.49
C-0007,2026-07-26,14,2026-07,20.613,46.9
C-0007,2026-07-26,15,2026-07,20.861,37.262
C-0007,2026-07-26,16,2026-07,20.981,26.871
C-0007,2026-07-26,17,2026-07,20.371,17.371
C-0007,2026-07-26,18,2026-07,20.025,8.315
C-0007,2026-07-26,19,2026-07,20.28,5.45
C-0007,2026-07-26,20,2026-07,19.646,5.215
C-0007,2026-07-26,21,2026-07,19.604,5.265
C-0007,2026-07-26,22,2026-07,19.642,4.6
C-0007,2026-07-26,23,2026-07,18.963,4.122
C-0007,2026-07-27,0,2026-07,19.641,4.185
C-0007,2026-07-27,1,2026-07,19.538,3.999
C-0007,2026-07-27,2,2026-07,19.783,3.338
C-0007,2026-07-27,3,2026-07,19.791,3.496
C-0007,2026-07-27,4,2026-07,19.053,3.478
C-0007,2026-07-27,5,2026-07,19.133,6.322
C-0007,2026-07-27,6,2026-07,19.544,14.677
C-0007,2026-07-27,7,2026-07,20.006,23.855
C-0007,2026-07-27,8,2026-07,20.031,33.517
C-0007,2026-07-27,9,2026-07,19.763,41.123
C-0007,2026-07-27,10,2026-07,20.253,47.232
C-0007,2026-07-27,11,2026-07,20.491,50.355
C-0007,2026-07-27,12,2026-07,20.833,50.291
C-0007,2026-07-27,13,2026-07,22.007,46.598
C-0007,2026-07-27,14,2026-07,21.339,40.933
C-0007,2026-07-27,15,2026-07,20.874,33.016
C-0007,2026-07-27,16,2026-07,20.519,23.893
C-0007,2026-07-27,17,2026-07,20.593,14.441
C-0007,2026-07-27,18,2026-07,19.982,6.019
C-0007,2026-07-27,19,2026-07,20.29,3.195
C-0007,2026-07-27,20,2026-07,19.911,3.318
C-0007,2026-07-27,21,2026-07,19.751,3.366
C-0007,2026-07-27,22,2026-07,19.666,3.783
C-0007,2026-07-27,23,2026-07,19.997,4.106
C-0007,2026-07-28,0,2026-07,19.541,4.117
C-0007,2026-07-28,1,2026-07,19.202,3.719
C-0007,2026-07-28,2,2026-07,19.671,3.855
C-0007,2026-07-28,3,2026-07,20.031,4.418
C-0007,2026-07-28,4,2026-07,19.228,4.116
C-0007,2026-07-28,5,2026-07,19.399,6.15
C-0007,2026-07-28,6,2026-07,19.639,13.52
C-0007,2026-07-28,7,2026-07,19.987,21.583
C-0007,2026-07-28,8,2026-07,20.015,28.856
C-0007,2026-07-28,9,2026-07,20.889,34.543
C-0007,2026-07-28,10,2026-07,19.749,39.667
C-0007,2026-07-28,11,2026-07,20.32,42.807
C-0007,2026-07-28,12,2026-07,21.636,42.33
C-0007,2026-07-28,13,2026-07,21.752,39.446
C-0007,2026-07-28,14,2026-07,21.939,34.792
C-0007,2026-07-28,15,2026-07,20.715,28.043
C-0007,2026-07-28,16,2026-07,20.86,20.741
C-0007,2026-07-28,17,2026-07,21.282,13.127
C-0007,2026-07-28,18,2026-07,20.119,6.452
C-0007,2026-07-28,19,2026-07,19.816,3.921
C-0007,2026-07-28,20,2026-07,20.317,3.88
C-0007,2026-07-28,21,2026-07,19.842,3.483
C-0007,2026-07-28,22,2026-07,20.294,4.184
C-0007,2026-07-28,23,2026-07,19.92,4.334
C-0007,2026-07-29,0,2026-07,19.383,3.767
C-0007,2026-07-29,1,2026-07,19.402,4.118
C-0007,2026-07-29,2,2026-07,19.423,3.559
C-0007,2026-07-29,3,2026-07,19.254,3.447
C-0007,2026-07-29,4,2026-07,19.219,3.672
C-0007,2026-07-29,5,2026-07,19.685,5.545
C-0007,2026-07-29,6,2026-07,18.739,10.634
C-0007,2026-07-29,7,2026-07,20.217,15.126
C-0007,2026-07-29,8,2026-07,20.278,20.243
C-0007,2026-07-29,9,2026-07,19.749,25.353
C-0007,2026-07-29,10,2026-07,20.058,28.382
C-0007,2026-07-29,11,2026-07,20.551,29.954
C-0007,2026-07-29,12,2026-07,21.593,29.956
C-0007,2026-07-29,13,2026-07,21.672,28.385
C-0007,2026-07-29,14,2026-07,21.118,24.609
C-0007,2026-07-29,15,2026-07,21.419,19.5
C-0007,2026-07-29,16,2026-07,20.902,14.111
C-0007,2026-07-29,17,2026-07,21.011,8.881
C-0007,2026-07-29,18,2026-07,20.784,4.365
C-0007,2026-07-29,19,2026-07,20.423,2.962
C-0007,2026-07-29,20,2026-07,20.267,3.244
C-0007,2026-07-29,21,2026-07,19.738,3.402
C-0007,2026-07-29,22,2026-07,19.548,3.32
C-0007,2026-07-29,23,2026-07,19.741,4.055
C-0007,2026-07-30,0,2026-07,20.18,4.582
C-0007,2026-07-30,1,2026-07,20.243,4.448
C-0007,2026-07-30,2,2026-07,19.813,5.182
C-0007,2026-07-30,3,2026-07,19.463,4.437
C-0007,2026-07-30,4,2026-07,20.047,4.301
C-0007,2026-07-30,5,2026-07,19.301,7.043
C-0007,2026-07-30,6,2026-07,20.134,15.629
C-0007,2026-07-30,7,2026-07,20.262,24.462
C-0007,2026-07-30,8,2026-07,20.437,34.048
C-0007,2026-07-30,9,2026-07,20.282,41.575
C-0007,2026-07-30,10,2026-07,21.425,47.376
C-0007,2026-07-30,11,2026-07,21.255,50.894
C-0007,2026-07-30,12,2026-07,21.903,52.396
C-0007,2026-07-30,13,2026-07,22.323,49.467
C-0007,2026-07-30,14,2026-07,22.025,43.303
C-0007,2026-07-30,15,2026-07,21.748,34.427
C-0007,2026-07-30,16,2026-07,21.616,26.182
C-0007,2026-07-30,17,2026-07,20.915,16.366
C-0007,2026-07-30,18,2026-07,20.353,8.156
C-0007,2026-07-30,19,2026-07,20.679,4.963
C-0007,2026-07-30,20,2026-07,20.504,4.357
C-0007,2026-07-30,21,2026-07,20.286,4.833
C-0007,2026-07-30,22,2026-07,20.668,4.781
C-0007,2026-07-30,23,2026-07,20.298,4.516
C-0007,2026-07-31,0,2026-07,19.239,4.305
C-0007,2026-07-31,1,2026-07,20.21,4.083
C-0007,2026-07-31,2,2026-07,19.585,4.314
C-0007,2026-07-31,3,2026-07,20.035,4.156
C-0007,2026-07-31,4,2026-07,19.307,3.881
C-0007,2026-07-31,5,2026-07,20.096,6.984
C-0007,2026-07-31,6,2026-07,19.632,14.925
C-0007,2026-07-31,7,2026-07,20.175,24.216
C-0007,2026-07-31,8,2026-07,19.988,33.309
C-0007,2026-07-31,9,2026-07,20.181,40.443
C-0007,2026-07-31,10,2026-07,20.541,45.862
C-0007,2026-07-31,11,2026-07,20.621,49.406
C-0007,2026-07-31,12,2026-07,21.848,49.882
C-0007,2026-07-31,13,2026-07,21.251,46.757
C-0007,2026-07-31,14,2026-07,21.724,41.875
C-0007,2026-07-31,15,2026-07,21.723,34.603
C-0007,2026-07-31,16,2026-07,21.189,24.46
C-0007,2026-07-31,17,2026-07,21.149,16.4
C-0007,2026-07-31,18,2026-07,20.765,7.975
C-0007,2026-07-31,19,2026-07,20.683,4.79
C-0007,2026-07-31,20,2026-07,20.501,4.568
C-0007,2026-07-31,21,2026-07,20.246,4.977
C-0007,2026-07-31,22,2026-07,19.707,4.871
C-0007,2026-07-31,23,2026-07,20.008,4.947
C-0007,2026-08-01,0,2026-08,19.633,5.556
C-0007,2026-08-01,1,2026-08,20.293,6.826
C-0007,2026-08-01,2,2026-08,19.42,5.958
C-0007,2026-08-01,3,2026-08,19.645,4.782
C-0007,2026-08-01,4,2026-08,19.368,5.565
C-0007,2026-08-01,5,2026-08,19.39,8.562
C-0007,2026-08-01,6,2026-08,19.791,17.465
C-0007,2026-08-01,7,2026-08,20.021,27.532
C-0007,2026-08-01,8,2026-08,19.857,37.396
C-0007,2026-08-01,9,2026-08,20.082,46.163
C-0007,2026-08-01,10,2026-08,20.483,52.264
C-0007,2026-08-01,11,2026-08,21.015,56.254
C-0007,2026-08-01,12,2026-08,21.184,56.729
C-0007,2026-08-01,13,2026-08,21.368,53.669
C-0007,2026-08-01,14,2026-08,20.859,45.548
C-0007,2026-08-01,15,2026-08,21.11,36.351
C-0007,2026-08-01,16,2026-08,21.147,26.395
C-0007,2026-08-01,17,2026-08,20.582,16.826
C-0007,2026-08-01,18,2026-08,20.577,7.389
C-0007,2026-08-01,19,2026-08,20.557,4.548
C-0007,2026-08-01,20,2026-08,19.913,4.925
C-0007,2026-08-01,21,2026-08,20.03,4.67
C-0007,2026-08-01,22,2026-08,20.043,4.497
C-0007,2026-08-01,23,2026-08,19.933,5.052
C-0007,2026-08-02,0,2026-08,19.8,6.06
C-0007,2026-08-02,1,2026-08,19.766,4.869
C-0007,2026-08-02,2,2026-08,19.732,4.922
C-0007,2026-08-02,3,2026-08,19.452,4.473
C-0007,2026-08-02,4,2026-08,19.835,4.458
C-0007,2026-08-02,5,2026-08,19.672,7.814
C-0007,2026-08-02,6,2026-08,18.935,17.918
C-0007,2026-08-02,7,2026-08,20.144,30.529
C-0007,2026-08-02,8,2026-08,20.066,42.481
C-0007,2026-08-02,9,2026-08,20.309,52.379
C-0007,2026-08-02,10,2026-08,20.434,60.558
C-0007,2026-08-02,11,2026-08,20.819,64.938
C-0007,2026-08-02,12,2026-08,21.555,63.3
C-0007,2026-08-02,13,2026-08,20.722,58.983
C-0007,2026-08-02,14,2026-08,21.072,51.32
C-0007,2026-08-02,15,2026-08,21.17,41.119
C-0007,2026-08-02,16,2026-08,21.459,29.188
C-0007,2026-08-02,17,2026-08,20.819,16.938
C-0007,2026-08-02,18,2026-08,20.98,6.397
C-0007,2026-08-02,19,2026-08,21.053,3.259
C-0007,2026-08-02,20,2026-08,20.013,3.278
C-0007,2026-08-02,21,2026-08,20.105,3.473
C-0007,2026-08-02,22,2026-08,19.658,3.679
C-0007,2026-08-02,23,2026-08,19.87,3.664
C-0007,2026-08-03,0,2026-08,19.676,3.571
C-0007,2026-08-03,1,2026-08,19.335,3.419
C-0007,2026-08-03,2,2026-08,19.424,3.797
C-0007,2026-08-03,3,2026-08,19.371,3.914
C-0007,2026-08-03,4,2026-08,19.802,3.806
C-0007,2026-08-03,5,2026-08,20.244,6.015
C-0007,2026-08-03,6,2026-08,19.289,15.108
C-0007,2026-08-03,7,2026-08,19.612,25.779
C-0007,2026-08-03,8,2026-08,19.543,35.875
C-0007,2026-08-03,9,2026-08,20.561,44.322
C-0007,2026-08-03,10,2026-08,20.277,50.663
C-0007,2026-08-03,11,2026-08,20.27,53.739
C-0007,2026-08-03,12,2026-08,21.11,53.864
C-0007,2026-08-03,13,2026-08,20.811,50.464
C-0007,2026-08-03,14,2026-08,22.073,44.733
C-0007,2026-08-03,15,2026-08,21.15,36.616
C-0007,2026-08-03,16,2026-08,21.07,26.291
C-0007,2026-08-03,17,2026-08,20.241,15.6
C-0007,2026-08-03,18,2026-08,20.049,6.345
C-0007,2026-08-03,19,2026-08,20.058,4.569
C-0007,2026-08-03,20,2026-08,19.562,4.411
C-0007,2026-08-03,21,2026-08,19.946,4.186
C-0007,2026-08-03,22,2026-08,19.556,4.316
C-0007,2026-08-03,23,2026-08,19.206,3.969
C-0007,2026-08-04,0,2026-08,19.73,4.392
C-0007,2026-08-04,1,2026-08,20.122,4.828
C-0007,2026-08-04,2,2026-08,19.358,5.748
C-0007,2026-08-04,3,2026-08,19.789,5.236
C-0007,2026-08-04,4,2026-08,19.682,5.498
C-0007,2026-08-04,5,2026-08,19.625,8.459
C-0007,2026-08-04,6,2026-08,19.917,17.438
C-0007,2026-08-04,7,2026-08,19.721,28.027
C-0007,2026-08-04,8,2026-08,20.18,38.975
C-0007,2026-08-04,9,2026-08,19.762,48.807
C-0007,2026-08-04,10,2026-08,20.141,55.061
C-0007,2026-08-04,11,2026-08,20.685,59.492
C-0007,2026-08-04,12,2026-08,21.497,60.505
C-0007,2026-08-04,13,2026-08,21.26,56.833
C-0007,2026-08-04,14,2026-08,22.255,49.837
C-0007,2026-08-04,15,2026-08,21.194,41.194
C-0007,2026-08-04,16,2026-08,20.644,28.427
C-0007,2026-08-04,17,2026-08,20.628,17.817
C-0007,2026-08-04,18,2026-08,20.378,7.332
C-0007,2026-08-04,19,2026-08,21.004,4.314
C-0007,2026-08-04,20,2026-08,20.669,4.826
C-0007,2026-08-04,21,2026-08,20.056,4.97
C-0007,2026-08-04,22,2026-08,20.372,5.018
C-0007,2026-08-04,23,2026-08,20.557,4.672
C-0007,2026-08-05,0,2026-08,19.726,4.931
C-0007,2026-08-05,1,2026-08,20.146,4.943
C-0007,2026-08-05,2,2026-08,19.986,4.627
C-0007,2026-08-05,3,2026-08,19.53,5.196
C-0007,2026-08-05,4,2026-08,19.442,5.308
C-0007,2026-08-05,5,2026-08,19.338,7.848
C-0007,2026-08-05,6,2026-08,19.748,19.47
C-0007,2026-08-05,7,2026-08,20.01,31.369
C-0007,2026-08-05,8,2026-08,20.525,43.148
C-0007,2026-08-05,9,2026-08,20.599,54.001
C-0007,2026-08-05,10,2026-08,20.332,62.882
C-0007,2026-08-05,11,2026-08,21.033,66.471
C-0007,2026-08-05,12,2026-08,21.723,66.823
C-0007,2026-08-05,13,2026-08,21.713,62.414
C-0007,2026-08-05,14,2026-08,22.481,53.827
C-0007,2026-08-05,15,2026-08,21.752,43.506
C-0007,2026-08-05,16,2026-08,20.674,31.599
C-0007,2026-08-05,17,2026-08,20.55,19.118
C-0007,2026-08-05,18,2026-08,20.697,8.311
C-0007,2026-08-05,19,2026-08,20.787,4.938
C-0007,2026-08-05,20,2026-08,21.025,4.242
C-0007,2026-08-05,21,2026-08,20.546,3.826
C-0007,2026-08-05,22,2026-08,20.343,3.758
C-0007,2026-08-05,23,2026-08,20.539,4.489
C-0007,2026-08-06,0,2026-08,20.735,4.3
C-0007,2026-08-06,1,2026-08,19.445,3.752
C-0007,2026-08-06,2,2026-08,19.594,3.814
C-0007,2026-08-06,3,2026-08,19.483,3.76
C-0007,2026-08-06,4,2026-08,19.832,3.462
C-0007,2026-08-06,5,2026-08,19.423,6.175
C-0007,2026-08-06,6,2026-08,20.181,16.453
C-0007,2026-08-06,7,2026-08,20.159,28.414
C-0007,2026-08-06,8,2026-08,20.188,40.619
C-0007,2026-08-06,9,2026-08,20.7,51.585
C-0007,2026-08-06,10,2026-08,21.206,59.068
C-0007,2026-08-06,11,2026-08,21.264,63.168
C-0007,2026-08-06,12,2026-08,21.577,63.21
C-0007,2026-08-06,13,2026-08,21.803,59.746
C-0007,2026-08-06,14,2026-08,21.696,51.889
C-0007,2026-08-06,15,2026-08,21.201,41.837
C-0007,2026-08-06,16,2026-08,21.455,30.027
C-0007,2026-08-06,17,2026-08,21.16,17.919
C-0007,2026-08-06,18,2026-08,20.452,7.451
C-0007,2026-08-06,19,2026-08,20.727,5.207
C-0007,2026-08-06,20,2026-08,20.887,4.921
C-0007,2026-08-06,21,2026-08,20.751,4.53
C-0007,2026-08-06,22,2026-08,20.641,4.66
C-0007,2026-08-06,23,2026-08,19.694,4.135
C-0007,2026-08-07,0,2026-08,20.646,4.551
C-0007,2026-08-07,1,2026-08,19.869,4.983
C-0007,2026-08-07,2,2026-08,19.547,5.307
C-0007,2026-08-07,3,2026-08,19.662,4.754
C-0007,2026-08-07,4,2026-08,19.891,5.7
C-0007,2026-08-07,5,2026-08,19.898,7.777
C-0007,2026-08-07,6,2026-08,20.021,15.972
C-0007,2026-08-07,7,2026-08,20.737,25.548
C-0007,2026-08-07,8,2026-08,20.306,36.517
C-0007,2026-08-07,9,2026-08,20.665,45.332
C-0007,2026-08-07,10,2026-08,21.146,51.974
C-0007,2026-08-07,11,2026-08,21.659,55.449
C-0007,2026-08-07,12,2026-08,22.001,54.827
C-0007,2026-08-07,13,2026-08,22.024,52.197
C-0007,2026-08-07,14,2026-08,22.266,45.063
C-0007,2026-08-07,15,2026-08,22.283,36.946
C-0007,2026-08-07,16,2026-08,21.143,25.918
C-0007,2026-08-07,17,2026-08,20.678,15.456
C-0007,2026-08-07,18,2026-08,20.549,6.956
C-0007,2026-08-07,19,2026-08,21.765,4.503
C-0007,2026-08-07,20,2026-08,21.026,4.421
C-0007,2026-08-07,21,2026-08,20.527,4.473
C-0007,2026-08-07,22,2026-08,20.385,3.975
C-0007,2026-08-07,23,2026-08,20.629,4.009
C-0007,2026-08-08,0,2026-08,19.611,3.632
C-0007,2026-08-08,1,2026-08,19.152,3.629
C-0007,2026-08-08,2,2026-08,19.539,3.483
C-0007,2026-08-08,3,2026-08,19.627,3.403
C-0007,2026-08-08,4,2026-08,19.755,3.47
C-0007,2026-08-08,5,2026-08,20.176,5.379
C-0007,2026-08-08,6,2026-08,19.717,13.201
C-0007,2026-08-08,7,2026-08,19.754,22.574
C-0007,2026-08-08,8,2026-08,19.503,31.708
C-0007,2026-08-08,9,2026-08,20.126,38.704
C-0007,2026-08-08,10,2026-08,21.246,43.984
C-0007,2026-08-08,11,2026-08,20.902,47.509
C-0007,2026-08-08,12,2026-08,20.901,47.722
C-0007,2026-08-08,13,2026-08,21.069,43.615
C-0007,2026-08-08,14,2026-08,21.71,38.142
C-0007,2026-08-08,15,2026-08,21.166,30.674
C-0007,2026-08-08,16,2026-08,20.875,22.033
C-0007,2026-08-08,17,2026-08,20.278,13.582
C-0007,2026-08-08,18,2026-08,20.965,5.487
C-0007,2026-08-08,19,2026-08,20.576,4.315
C-0007,2026-08-08,20,2026-08,20.314,3.736
C-0007,2026-08-08,21,2026-08,20.375,3.787
C-0007,2026-08-08,22,2026-08,19.834,4.345
C-0007,2026-08-08,23,2026-08,20.136,4.345
C-0007,2026-08-09,0,2026-08,19.457,4.105
C-0007,2026-08-09,1,2026-08,19.493,4.703
C-0007,2026-08-09,2,2026-08,19.283,5.255
C-0007,2026-08-09,3,2026-08,19.345,4.595
C-0007,2026-08-09,4,2026-08,19.142,5.11
C-0007,2026-08-09,5,2026-08,19.507,7.306
C-0007,2026-08-09,6,2026-08,19.408,17.835
C-0007,2026-08-09,7,2026-08,20.192,31.45
C-0007,2026-08-09,8,2026-08,20.325,42.345
C-0007,2026-08-09,9,2026-08,20.261,52.346
C-0007,2026-08-09,10,2026-08,20.409,60.509
C-0007,2026-08-09,11,2026-08,20.883,62.862
C-0007,2026-08-09,12,2026-08,20.77,62.12
C-0007,2026-08-09,13,2026-08,20.719,58.67
C-0007,2026-08-09,14,2026-08,20.508,50.933
C-0007,2026-08-09,15,2026-08,21.07,40.895
C-0007,2026-08-09,16,2026-08,20.384,27.72
C-0007,2026-08-09,17,2026-08,20.539,16.055
C-0007,2026-08-09,18,2026-08,20.195,6.538
C-0007,2026-08-09,19,2026-08,20.541,4.566
C-0007,2026-08-09,20,2026-08,20.055,5.239
C-0007,2026-08-09,21,2026-08,20.4,4.609
C-0007,2026-08-09,22,2026-08,20.33,4.281
C-0007,2026-08-09,23,2026-08,19.346,4.05
C-0007,2026-08-10,0,2026-08,19.994,3.885
C-0007,2026-08-10,1,2026-08,19.189,4.091
C-0007,2026-08-10,2,2026-08,19.434,4.548
C-0007,2026-08-10,3,2026-08,19.765,6.032
C-0007,2026-08-10,4,2026-08,19.297,7.33
C-0007,2026-08-10,5,2026-08,19.516,7.989
C-0007,2026-08-10,6,2026-08,19.465,18.232
C-0007,2026-08-10,7,2026-08,19.881,27.628
C-0007,2026-08-10,8,2026-08,19.97,37.319
C-0007,2026-08-10,9,2026-08,20.504,45.316
C-0007,2026-08-10,10,2026-08,20.351,52.844
C-0007,2026-08-10,11,2026-08,20.829,54.669
C-0007,2026-08-10,12,2026-08,21.598,54.689
C-0007,2026-08-10,13,2026-08,22.238,51.226
C-0007,2026-08-10,14,2026-08,21.869,43.96
C-0007,2026-08-10,15,2026-08,21.389,35.145
C-0007,2026-08-10,16,2026-08,21.032,24.381
C-0007,2026-08-10,17,2026-08,20.868,14.08
C-0007,2026-08-10,18,2026-08,20.326,5.563
C-0007,2026-08-10,19,2026-08,20.282,3.734
C-0007,2026-08-10,20,2026-08,20.497,3.611
C-0007,2026-08-10,21,2026-08,19.48,3.456
C-0007,2026-08-10,22,2026-08,20.052,3.59
C-0007,2026-08-10,23,2026-08,19.989,4.168
C-0007,2026-08-11,0,2026-08,18.943,3.526
C-0007,2026-08-11,1,2026-08,19.963,3.438
C-0007,2026-08-11,2,2026-08,19.469,3.601
C-0007,2026-08-11,3,2026-08,19.289,3.597
C-0007,2026-08-11,4,2026-08,19.912,3.689
C-0007,2026-08-11,5,2026-08,19.208,5.526
C-0007,2026-08-11,6,2026-08,19.516,14.553
C-0007,2026-08-11,7,2026-08,20.892,25.374
C-0007,2026-08-11,8,2026-08,20.34,35.634
C-0007,2026-08-11,9,2026-08,19.569,44.29
C-0007,2026-08-11,10,2026-08,20.207,51.178
C-0007,2026-08-11,11,2026-08,20.348,55.053
C-0007,2026-08-11,12,2026-08,21.139,55.227
C-0007,2026-08-11,13,2026-08,21.319,51.18
C-0007,2026-08-11,14,2026-08,21.161,44.46
C-0007,2026-08-11,15,2026-08,21.439,35.899
C-0007,2026-08-11,16,2026-08,20.891,25.011
C-0007,2026-08-11,17,2026-08,20.792,14.194
C-0007,2026-08-11,18,2026-08,20.394,4.926
C-0007,2026-08-11,19,2026-08,20.333,3.15
C-0007,2026-08-11,20,2026-08,19.993,3.224
C-0007,2026-08-11,21,2026-08,19.78,3.341
C-0007,2026-08-11,22,2026-08,19.81,3.699
C-0007,2026-08-11,23,2026-08,19.212,3.85
C-0007,2026-08-12,0,2026-08,20.071,4.683
C-0007,2026-08-12,1,2026-08,19.634,4.324
C-0007,2026-08-12,2,2026-08,19.957,4.28
C-0007,2026-08-12,3,2026-08,19.786,4.302
C-0007,2026-08-12,4,2026-08,20.057,4.534
C-0007,2026-08-12,5,2026-08,20.028,7.649
C-0007,2026-08-12,6,2026-08,20.07,18.547
C-0007,2026-08-12,7,2026-08,19.583,30.84
C-0007,2026-08-12,8,2026-08,20.234,43.553
C-0007,2026-08-12,9,2026-08,20.404,54.12
C-0007,2026-08-12,10,2026-08,20.741,61.544
C-0007,2026-08-12,11,2026-08,20.882,65.326
C-0007,2026-08-12,12,2026-08,21.584,65.363
C-0007,2026-08-12,13,2026-08,22.001,61.412
C-0007,2026-08-12,14,2026-08,22.354,53.716
C-0007,2026-08-12,15,2026-08,20.974,42.691
C-0007,2026-08-12,16,2026-08,21.357,30.696
C-0007,2026-08-12,17,2026-08,21.611,18.202
C-0007,2026-08-12,18,2026-08,21.108,7.007
C-0007,2026-08-12,19,2026-08,19.958,4.752
C-0007,2026-08-12,20,2026-08,20.54,4.027
C-0007,2026-08-12,21,2026-08,20.203,4.101
C-0007,2026-08-12,22,2026-08,20.729,4.235
C-0007,2026-08-12,23,2026-08,20.378,4.069
C-0007,2026-08-13,0,2026-08,19.791,3.84
C-0007,2026-08-13,1,2026-08,20.206,3.876
C-0007,2026-08-13,2,2026-08,20.276,3.739
C-0007,2026-08-13,3,2026-08,19.838,3.306
C-0007,2026-08-13,4,2026-08,20.156,3.561
C-0007,2026-08-13,5,2026-08,19.953,3.921
C-0007,2026-08-13,6,2026-08,20.042,9.295
C-0007,2026-08-13,7,2026-08,20.565,15.794
C-0007,2026-08-13,8,2026-08,20.692,22.535
C-0007,2026-08-13,9,2026-08,20.907,27.504
C-0007,2026-08-13,10,2026-08,20.872,31.299
C-0007,2026-08-13,11,2026-08,21.52,33.132
C-0007,2026-08-13,12,2026-08,21.507,32.964
C-0007,2026-08-13,13,2026-08,22.77,31.321
C-0007,2026-08-13,14,2026-08,22.488,27.338
C-0007,2026-08-13,15,2026-08,21.579,22.248
C-0007,2026-08-13,16,2026-08,20.858,16.673
C-0007,2026-08-13,17,2026-08,21.264,10.208
C-0007,2026-08-13,18,2026-08,20.724,4.715
C-0007,2026-08-13,19,2026-08,20.709,3.586
C-0007,2026-08-13,20,2026-08,20.496,3.453
C-0007,2026-08-13,21,2026-08,20.339,3.664
C-0007,2026-08-13,22,2026-08,20.289,3.506
C-0007,2026-08-13,23,2026-08,20.299,3.052
C-0007,2026-08-14,0,2026-08,19.943,3.353
C-0007,2026-08-14,1,2026-08,20.517,3.396
C-0007,2026-08-14,2,2026-08,19.795,3.557
C-0007,2026-08-14,3,2026-08,19.726,3.748
C-0007,2026-08-14,4,2026-08,20.01,3.777
C-0007,2026-08-14,5,2026-08,20.145,5.36
C-0007,2026-08-14,6,2026-08,19.699,14.497
C-0007,2026-08-14,7,2026-08,20.362,25.509
C-0007,2026-08-14,8,2026-08,20.851,36.862
C-0007,2026-08-14,9,2026-08,20.933,46.539
C-0007,2026-08-14,10,2026-08,20.991,53.516
C-0007,2026-08-14,11,2026-08,21.232,57.336
C-0007,2026-08-14,12,2026-08,21.729,57.055
C-0007,2026-08-14,13,2026-08,22.216,52.958
C-0007,2026-08-14,14,2026-08,21.862,46.642
C-0007,2026-08-14,15,2026-08,21.799,36.894
C-0007,2026-08-14,16,2026-08,21.3,25.737
C-0007,2026-08-14,17,2026-08,20.732,14.429
C-0007,2026-08-14,18,2026-08,21.005,5.371
C-0007,2026-08-14,19,2026-08,20.664,3.923
C-0007,2026-08-14,20,2026-08,20.945,3.704
C-0007,2026-08-14,21,2026-08,20.657,4.263
C-0007,2026-08-14,22,2026-08,20.074,4.261
C-0007,2026-08-14,23,2026-08,20.305,3.897
C-0007,2026-08-15,0,2026-08,19.237,4.276
C-0007,2026-08-15,1,2026-08,19.688,4.734
C-0007,2026-08-15,2,2026-08,19.571,5.402
C-0007,2026-08-15,3,2026-08,19.938,6.243
C-0007,2026-08-15,4,2026-08,19.536,5.825
C-0007,2026-08-15,5,2026-08,19.65,6.835
C-0007,2026-08-15,6,2026-08,19.494,17.121
C-0007,2026-08-15,7,2026-08,20.395,28.785
C-0007,2026-08-15,8,2026-08,19.561,39.875
C-0007,2026-08-15,9,2026-08,20.445,49.901
C-0007,2026-08-15,10,2026-08,20.772,56.835
C-0007,2026-08-15,11,2026-08,20.72,60.202
C-0007,2026-08-15,12,2026-08,21.344,59.661
C-0007,2026-08-15,13,2026-08,21.804,55.826
C-0007,2026-08-15,14,2026-08,21.037,48.26
C-0007,2026-08-15,15,2026-08,20.943,38.155
C-0007,2026-08-15,16,2026-08,20.539,26.593
C-0007,2026-08-15,17,2026-08,21.097,15.104
C-0007,2026-08-15,18,2026-08,20.922,6.107
C-0007,2026-08-15,19,2026-08,20.498,4.313
C-0007,2026-08-15,20,2026-08,20.68,4.455
C-0007,2026-08-15,21,2026-08,19.644,4.132
C-0007,2026-08-15,22,2026-08,19.946,4.385
C-0007,2026-08-15,23,2026-08,20.189,4.109
C-0007,2026-08-16,0,2026-08,20.359,4.469
C-0007,2026-08-16,1,2026-08,20.122,4.425
C-0007,2026-08-16,2,2026-08,20.216,4.884
C-0007,2026-08-16,3,2026-08,19.349,4.71
C-0007,2026-08-16,4,2026-08,19.611,4.819
C-0007,2026-08-16,5,2026-08,19.785,5.956
C-0007,2026-08-16,6,2026-08,20.466,13.329
C-0007,2026-08-16,7,2026-08,19.758,21.446
C-0007,2026-08-16,8,2026-08,20.515,31.464
C-0007,2026-08-16,9,2026-08,19.79,39.511
C-0007,2026-08-16,10,2026-08,20.722,45.117
C-0007,2026-08-16,11,2026-08,21.396,47.375
C-0007,2026-08-16,12,2026-08,21.691,47.887
C-0007,2026-08-16,13,2026-08,21.496,44.883
C-0007,2026-08-16,14,2026-08,22.08,40.282
C-0007,2026-08-16,15,2026-08,20.909,33.987
C-0007,2026-08-16,16,2026-08,21.697,25.448
C-0007,2026-08-16,17,2026-08,21.216,17.903
C-0007,2026-08-16,18,2026-08,21.084,11.263
C-0007,2026-08-16,19,2026-08,20.358,13.24
C-0007,2026-08-16,20,2026-08,20.179,11.059
C-0007,2026-08-16,21,2026-08,20.155,11.713
C-0007,2026-08-16,22,2026-08,20.391,11.263
C-0007,2026-08-16,23,2026-08,20.349,13.407
C-0007,2026-08-17,0,2026-08,20.727,11.425
C-0007,2026-08-17,1,2026-08,19.828,12.81
C-0007,2026-08-17,2,2026-08,20.091,10.795
C-0007,2026-08-17,3,2026-08,20.003,9.277
C-0007,2026-08-17,4,2026-08,18.976,7.643
C-0007,2026-08-17,5,2026-08,20.212,8.851
C-0007,2026-08-17,6,2026-08,20.377,18.025
C-0007,2026-08-17,7,2026-08,20.914,25.67
C-0007,2026-08-17,8,2026-08,20.66,35.611
C-0007,2026-08-17,9,2026-08,20.879,48.702
C-0007,2026-08-17,10,2026-08,21.228,54.189
C-0007,2026-08-17,11,2026-08,21.305,56.893
C-0007,2026-08-17,12,2026-08,22.409,54.511
C-0007,2026-08-17,13,2026-08,22.874,53.123
C-0007,2026-08-17,14,2026-08,22.335,50.527
C-0007,2026-08-17,15,2026-08,22.754,42.601
C-0007,2026-08-17,16,2026-08,21.405,28.834
C-0007,2026-08-17,17,2026-08,20.923,15.723
C-0007,2026-08-17,18,2026-08,21.159,6.637
C-0007,2026-08-17,19,2026-08,20.318,5.244
C-0007,2026-08-17,20,2026-08,21.02,5.171
C-0007,2026-08-17,21,2026-08,21.011,4.837
C-0007,2026-08-17,22,2026-08,20.411,5.198
C-0007,2026-08-17,23,2026-08,20.178,4.531
C-0007,2026-08-18,0,2026-08,20.473,4.242
C-0007,2026-08-18,1,2026-08,20.347,4.068
C-0007,2026-08-18,2,2026-08,19.833,3.908
C-0007,2026-08-18,3,2026-08,20.045,4.553
C-0007,2026-08-18,4,2026-08,20.113,5.182
C-0007,2026-08-18,5,2026-08,20.072,6.295
C-0007,2026-08-18,6,2026-08,20.285,16.451
C-0007,2026-08-18,7,2026-08,20.229,25.415
C-0007,2026-08-18,8,2026-08,20.324,37.055
C-0007,2026-08-18,9,2026-08,20.964,46.129
C-0007,2026-08-18,10,2026-08,21.544,52.772
C-0007,2026-08-18,11,2026-08,21.361,56.08
C-0007,2026-08-18,12,2026-08,21.664,55.892
C-0007,2026-08-18,13,2026-08,21.954,51.945
C-0007,2026-08-18,14,2026-08,22.35,44.663
C-0007,2026-08-18,15,2026-08,21.74,35.179
C-0007,2026-08-18,16,2026-08,21.198,24.323
C-0007,2026-08-18,17,2026-08,21.748,14.085
C-0007,2026-08-18,18,2026-08,20.846,5.07
C-0007,2026-08-18,19,2026-08,21.734,3.952
C-0007,2026-08-18,20,2026-08,21.052,3.772
C-0007,2026-08-18,21,2026-08,21.129,3.918
C-0007,2026-08-18,22,2026-08,20.394,4.71
C-0007,2026-08-18,23,2026-08,20.271,4.886
C-0007,2026-08-19,0,2026-08,20.863,5.074
C-0007,2026-08-19,1,2026-08,20.601,5.301
C-0007,2026-08-19,2,2026-08,20.462,4.434
C-0007,2026-08-19,3,2026-08,20.778,4.807
C-0007,2026-08-19,4,2026-08,20.721,4.846
C-0007,2026-08-19,5,2026-08,20.298,5.602
C-0007,2026-08-19,6,2026-08,20.921,15.426
C-0007,2026-08-19,7,2026-08,21.223,26.566
C-0007,2026-08-19,8,2026-08,20.707,37.372
C-0007,2026-08-19,9,2026-08,20.909,45.969
C-0007,2026-08-19,10,2026-08,21.367,52.76
C-0007,2026-08-19,11,2026-08,21.558,56.642
C-0007,2026-08-19,12,2026-08,22.238,57.686
C-0007,2026-08-19,13,2026-08,23.353,56.279
C-0007,2026-08-19,14,2026-08,22.256,45.902
C-0008,2026-07-01,0,2026-07,17.773,17.138
C-0008,2026-07-01,1,2026-07,18.007,17.35
C-0008,2026-07-01,2,2026-07,18.178,17.385
C-0008,2026-07-01,3,2026-07,17.488,17.563
C-0008,2026-07-01,4,2026-07,17.939,17.591
C-0008,2026-07-01,5,2026-07,17.675,17.837
C-0008,2026-07-01,6,2026-07,17.717,18.5
C-0008,2026-07-01,7,2026-07,17.567,18.808
C-0008,2026-07-01,8,2026-07,18.084,20.984
C-0008,2026-07-01,9,2026-07,17.995,21.557
C-0008,2026-07-01,10,2026-07,18.702,21.52
C-0008,2026-07-01,11,2026-07,18.48,20.978
C-0008,2026-07-01,12,2026-07,18.759,20.967
C-0008,2026-07-01,13,2026-07,19.674,20.864
C-0008,2026-07-01,14,2026-07,19.584,20.501
C-0008,2026-07-01,15,2026-07,19.062,19.748
C-0008,2026-07-01,16,2026-07,19.171,19.08
C-0008,2026-07-01,17,2026-07,18.333,19.318
C-0008,2026-07-01,18,2026-07,18.592,18.657
C-0008,2026-07-01,19,2026-07,18.529,18.485
C-0008,2026-07-01,20,2026-07,18.163,18.464
C-0008,2026-07-01,21,2026-07,17.532,17.972
C-0008,2026-07-01,22,2026-07,17.884,17.043
C-0008,2026-07-01,23,2026-07,18.176,16.783
C-0008,2026-07-02,0,2026-07,17.897,16.963
C-0008,2026-07-02,1,2026-07,18.356,16.982
C-0008,2026-07-02,2,2026-07,17.812,16.771
C-0008,2026-07-02,3,2026-07,18.143,16.88
C-0008,2026-07-02,4,2026-07,18.012,16.918
C-0008,2026-07-02,5,2026-07,18.132,17.011
C-0008,2026-07-02,6,2026-07,17.937,17.672
C-0008,2026-07-02,7,2026-07,18.211,18.055
C-0008,2026-07-02,8,2026-07,17.886,19.853
C-0008,2026-07-02,9,2026-07,18.852,20.26
C-0008,2026-07-02,10,2026-07,18.975,20.762
C-0008,2026-07-02,11,2026-07,18.832,19.716
C-0008,2026-07-02,12,2026-07,19.8,19.7
C-0008,2026-07-02,13,2026-07,19.775,19.521
C-0008,2026-07-02,14,2026-07,19.237,19.162
C-0008,2026-07-02,15,2026-07,19.566,18.81
C-0008,2026-07-02,16,2026-07,19.592,18.203
C-0008,2026-07-02,17,2026-07,18.608,18.888
C-0008,2026-07-02,18,2026-07,18.484,18.405
C-0008,2026-07-02,19,2026-07,18.052,17.895
C-0008,2026-07-02,20,2026-07,17.863,17.915
C-0008,2026-07-02,21,2026-07,18.349,18.192
C-0008,2026-07-02,22,2026-07,17.962,16.797
C-0008,2026-07-02,23,2026-07,17.515,16.768
C-0008,2026-07-03,0,2026-07,17.965,16.648
C-0008,2026-07-03,1,2026-07,17.744,16.986
C-0008,2026-07-03,2,2026-07,17.806,16.827
C-0008,2026-07-03,3,2026-07,17.647,16.793
C-0008,2026-07-03,4,2026-07,18.028,17.073
C-0008,2026-07-03,5,2026-07,18.067,17.324
C-0008,2026-07-03,6,2026-07,18.247,17.894
C-0008,2026-07-03,7,2026-07,18.35,19.082
C-0008,2026-07-03,8,2026-07,18.334,21.063
C-0008,2026-07-03,9,2026-07,18.553,21.847
C-0008,2026-07-03,10,2026-07,18.99,22.076
C-0008,2026-07-03,11,2026-07,19.095,21.368
C-0008,2026-07-03,12,2026-07,19.088,21.463
C-0008,2026-07-03,13,2026-07,19.341,21.102
C-0008,2026-07-03,14,2026-07,20.023,20.796
C-0008,2026-07-03,15,2026-07,19.411,19.86
C-0008,2026-07-03,16,2026-07,18.675,19.138
C-0008,2026-07-03,17,2026-07,18.717,19.594
C-0008,2026-07-03,18,2026-07,18.315,18.654
C-0008,2026-07-03,19,2026-07,17.988,18.309
C-0008,2026-07-03,20,2026-07,18.191,18.237
C-0008,2026-07-03,21,2026-07,18.746,18.263
C-0008,2026-07-03,22,2026-07,17.635,16.865
C-0008,2026-07-03,23,2026-07,18.057,16.948
C-0008,2026-07-04,0,2026-07,17.808,16.823
C-0008,2026-07-04,1,2026-07,17.663,16.998
C-0008,2026-07-04,2,2026-07,17.612,17.353
C-0008,2026-07-04,3,2026-07,17.682,17.319
C-0008,2026-07-04,4,2026-07,17.699,17.654
C-0008,2026-07-04,5,2026-07,18.006,17.824
C-0008,2026-07-04,6,2026-07,17.765,18.654
C-0008,2026-07-04,7,2026-07,17.343,19.516
C-0008,2026-07-04,8,2026-07,18.254,21.354
C-0008,2026-07-04,9,2026-07,17.481,22.054
C-0008,2026-07-04,10,2026-07,18.222,22.893
C-0008,2026-07-04,11,2026-07,18.437,21.917
C-0008,2026-07-04,12,2026-07,18.228,21.927
C-0008,2026-07-04,13,2026-07,18.913,21.391
C-0008,2026-07-04,14,2026-07,18.61,21.039
C-0008,2026-07-04,15,2026-07,18.853,20.421
C-0008,2026-07-04,16,2026-07,17.759,19.303
C-0008,2026-07-04,17,2026-07,18.28,19.5
C-0008,2026-07-04,18,2026-07,17.702,18.731
C-0008,2026-07-04,19,2026-07,18.116,18.602
C-0008,2026-07-04,20,2026-07,17.876,18.284
C-0008,2026-07-04,21,2026-07,17.801,18.246
C-0008,2026-07-04,22,2026-07,17.759,17.071
C-0008,2026-07-04,23,2026-07,17.856,16.881
C-0008,2026-07-05,0,2026-07,17.878,16.992
C-0008,2026-07-05,1,2026-07,17.817,16.975
C-0008,2026-07-05,2,2026-07,17.562,17.089
C-0008,2026-07-05,3,2026-07,17.814,17.157
C-0008,2026-07-05,4,2026-07,18.218,16.926
C-0008,2026-07-05,5,2026-07,18.253,17.361
C-0008,2026-07-05,6,2026-07,17.018,18.071
C-0008,2026-07-05,7,2026-07,17.915,18.872
C-0008,2026-07-05,8,2026-07,17.852,20.73
C-0008,2026-07-05,9,2026-07,18.257,21.584
C-0008,2026-07-05,10,2026-07,17.817,21.732
C-0008,2026-07-05,11,2026-07,17.896,20.793
C-0008,2026-07-05,12,2026-07,18.357,20.99
C-0008,2026-07-05,13,2026-07,18.529,20.804
C-0008,2026-07-05,14,2026-07,19.154,20.118
C-0008,2026-07-05,15,2026-07,18.802,19.338
C-0008,2026-07-05,16,2026-07,18.793,18.823
C-0008,2026-07-05,17,2026-07,18.512,19.001
C-0008,2026-07-05,18,2026-07,18.259,18.514
C-0008,2026-07-05,19,2026-07,18.889,18.012
C-0008,2026-07-05,20,2026-07,18.55,18.055
C-0008,2026-07-05,21,2026-07,18.049,18.076
C-0008,2026-07-05,22,2026-07,17.811,16.777
C-0008,2026-07-05,23,2026-07,17.876,16.875
C-0008,2026-07-06,0,2026-07,18.242,16.741
C-0008,2026-07-06,1,2026-07,18.027,16.867
C-0008,2026-07-06,2,2026-07,17.713,17.06
C-0008,2026-07-06,3,2026-07,17.916,16.821
C-0008,2026-07-06,4,2026-07,17.994,16.7
C-0008,2026-07-06,5,2026-07,17.739,17.104
C-0008,2026-07-06,6,2026-07,18.009,17.8
C-0008,2026-07-06,7,2026-07,17.973,18.216
C-0008,2026-07-06,8,2026-07,17.698,19.895
C-0008,2026-07-06,9,2026-07,18.202,20.269
C-0008,2026-07-06,10,2026-07,17.736,20.454
C-0008,2026-07-06,11,2026-07,18.075,19.566
C-0008,2026-07-06,12,2026-07,18.875,19.594
C-0008,2026-07-06,13,2026-07,19.529,19.568
C-0008,2026-07-06,14,2026-07,19.221,19.144
C-0008,2026-07-06,15,2026-07,18.698,18.801
C-0008,2026-07-06,16,2026-07,18.842,18.257
C-0008,2026-07-06,17,2026-07,18.699,19.099
C-0008,2026-07-06,18,2026-07,18.251,18.378
C-0008,2026-07-06,19,2026-07,17.96,18.249
C-0008,2026-07-06,20,2026-07,18.011,18.554
C-0008,2026-07-06,21,2026-07,17.708,18.478
C-0008,2026-07-06,22,2026-07,18.314,16.937
C-0008,2026-07-06,23,2026-07,17.73,17.01
C-0008,2026-07-07,0,2026-07,17.549,16.91
C-0008,2026-07-07,1,2026-07,17.841,17.102
C-0008,2026-07-07,2,2026-07,17.816,17.04
C-0008,2026-07-07,3,2026-07,18.0,17.202
C-0008,2026-07-07,4,2026-07,18.242,17.093
C-0008,2026-07-07,5,2026-07,17.943,17.232
C-0008,2026-07-07,6,2026-07,17.851,17.434
C-0008,2026-07-07,7,2026-07,18.253,18.136
C-0008,2026-07-07,8,2026-07,18.02,20.03
C-0008,2026-07-07,9,2026-07,18.115,20.403
C-0008,2026-07-07,10,2026-07,17.546,20.774
C-0008,2026-07-07,11,2026-07,18.441,19.352
C-0008,2026-07-07,12,2026-07,18.784,19.169
C-0008,2026-07-07,13,2026-07,19.103,19.245
C-0008,2026-07-07,14,2026-07,18.56,18.826
C-0008,2026-07-07,15,2026-07,19.187,18.834
C-0008,2026-07-07,16,2026-07,18.605,18.115
C-0008,2026-07-07,17,2026-07,17.655,18.93
C-0008,2026-07-07,18,2026-07,17.95,18.523
C-0008,2026-07-07,19,2026-07,17.42,18.665
C-0008,2026-07-07,20,2026-07,17.999,18.665
C-0008,2026-07-07,21,2026-07,18.054,18.635
C-0008,2026-07-07,22,2026-07,18.327,17.31
C-0008,2026-07-07,23,2026-07,18.078,17.306
C-0008,2026-07-08,0,2026-07,17.921,16.917
C-0008,2026-07-08,1,2026-07,17.803,17.031
C-0008,2026-07-08,2,2026-07,17.877,17.014
C-0008,2026-07-08,3,2026-07,17.69,16.769
C-0008,2026-07-08,4,2026-07,17.478,16.897
C-0008,2026-07-08,5,2026-07,17.882,16.942
C-0008,2026-07-08,6,2026-07,18.112,17.737
C-0008,2026-07-08,7,2026-07,18.254,18.537
C-0008,2026-07-08,8,2026-07,18.211,20.47
C-0008,2026-07-08,9,2026-07,18.682,21.078
C-0008,2026-07-08,10,2026-07,18.714,21.653
C-0008,2026-07-08,11,2026-07,18.908,20.48
C-0008,2026-07-08,12,2026-07,19.604,20.404
C-0008,2026-07-08,13,2026-07,19.815,20.239
C-0008,2026-07-08,14,2026-07,19.986,19.96
C-0008,2026-07-08,15,2026-07,19.251,19.428
C-0008,2026-07-08,16,2026-07,19.179,18.726
C-0008,2026-07-08,17,2026-07,18.181,19.147
C-0008,2026-07-08,18,2026-07,18.945,18.257
C-0008,2026-07-08,19,2026-07,18.724,18.053
C-0008,2026-07-08,20,2026-07,18.343,18.046
C-0008,2026-07-08,21,2026-07,17.783,18.005
C-0008,2026-07-08,22,2026-07,18.214,16.932
C-0008,2026-07-08,23,2026-07,18.31,16.867
C-0008,2026-07-09,0,2026-07,17.626,16.866
C-0008,2026-07-09,1,2026-07,17.971,16.838
C-0008,2026-07-09,2,2026-07,17.8,16.84
C-0008,2026-07-09,3,2026-07,17.908,16.694
C-0008,2026-07-09,4,2026-07,17.81,16.85
C-0008,2026-07-09,5,2026-07,17.648,17.147
C-0008,2026-07-09,6,2026-07,18.407,17.978
C-0008,2026-07-09,7,2026-07,17.722,18.99
C-0008,2026-07-09,8,2026-07,18.47,20.75
C-0008,2026-07-09,9,2026-07,18.446,21.443
C-0008,2026-07-09,10,2026-07,18.462,21.961
C-0008,2026-07-09,11,2026-07,19.395,21.012
C-0008,2026-07-09,12,2026-07,19.115,21.578
C-0008,2026-07-09,13,2026-07,19.47,21.366
C-0008,2026-07-09,14,2026-07,19.352,21.024
C-0008,2026-07-09,15,2026-07,19.24,20.242
C-0008,2026-07-09,16,2026-07,19.058,19.395
C-0008,2026-07-09,17,2026-07,18.288,19.728
C-0008,2026-07-09,18,2026-07,18.519,18.902
C-0008,2026-07-09,19,2026-07,18.481,18.43
C-0008,2026-07-09,20,2026-07,18.401,18.255
C-0008,2026-07-09,21,2026-07,18.476,18.095
C-0008,2026-07-09,22,2026-07,17.822,16.992
C-0008,2026-07-09,23,2026-07,17.926,16.923
C-0008,2026-07-10,0,2026-07,18.08,16.851
C-0008,2026-07-10,1,2026-07,18.502,16.93
C-0008,2026-07-10,2,2026-07,18.195,17.15
C-0008,2026-07-10,3,2026-07,17.063,17.18
C-0008,2026-07-10,4,2026-07,17.893,16.873
C-0008,2026-07-10,5,2026-07,17.394,17.219
C-0008,2026-07-10,6,2026-07,17.966,18.068
C-0008,2026-07-10,7,2026-07,17.949,18.602
C-0008,2026-07-10,8,2026-07,17.856,20.685
C-0008,2026-07-10,9,2026-07,18.686,21.14
C-0008,2026-07-10,10,2026-07,18.191,21.653
C-0008,2026-07-10,11,2026-07,18.943,20.474
C-0008,2026-07-10,12,2026-07,19.135,20.673
C-0008,2026-07-10,13,2026-07,20.004,20.406
C-0008,2026-07-10,14,2026-07,19.737,19.754
C-0008,2026-07-10,15,2026-07,19.419,19.281
C-0008,2026-07-10,16,2026-07,19.333,18.529
C-0008,2026-07-10,17,2026-07,18.882,19.058
C-0008,2026-07-10,18,2026-07,18.321,18.546
C-0008,2026-07-10,19,2026-07,18.388,18.082
C-0008,2026-07-10,20,2026-07,18.627,18.059
C-0008,2026-07-10,21,2026-07,18.129,18.14
C-0008,2026-07-10,22,2026-07,18.178,17.008
C-0008,2026-07-10,23,2026-07,17.397,17.15
C-0008,2026-07-11,0,2026-07,17.47,16.921
C-0008,2026-07-11,1,2026-07,17.699,17.097
C-0008,2026-07-11,2,2026-07,17.936,16.99
C-0008,2026-07-11,3,2026-07,17.753,17.0
C-0008,2026-07-11,4,2026-07,17.425,17.293
C-0008,2026-07-11,5,2026-07,17.563,17.461
C-0008,2026-07-11,6,2026-07,18.024,18.177
C-0008,2026-07-11,7,2026-07,18.343,18.688
C-0008,2026-07-11,8,2026-07,18.499,20.937
C-0008,2026-07-11,9,2026-07,18.046,21.447
C-0008,2026-07-11,10,2026-07,18.736,21.739
C-0008,2026-07-11,11,2026-07,18.603,21.038
C-0008,2026-07-11,12,2026-07,18.982,20.761
C-0008,2026-07-11,13,2026-07,18.782,20.775
C-0008,2026-07-11,14,2026-07,18.857,20.365
C-0008,2026-07-11,15,2026-07,19.031,19.623
C-0008,2026-07-11,16,2026-07,18.334,19.492
C-0008,2026-07-11,17,2026-07,18.053,19.567
C-0008,2026-07-11,18,2026-07,18.097,19.575
C-0008,2026-07-11,19,2026-07,18.141,18.906
C-0008,2026-07-11,20,2026-07,18.05,19.048
C-0008,2026-07-11,21,2026-07,18.437,18.813
C-0008,2026-07-11,22,2026-07,17.892,17.453
C-0008,2026-07-11,23,2026-07,18.169,17.14
C-0008,2026-07-12,0,2026-07,17.639,16.994
C-0008,2026-07-12,1,2026-07,17.996,16.799
C-0008,2026-07-12,2,2026-07,17.901,16.981
C-0008,2026-07-12,3,2026-07,17.816,17.319
C-0008,2026-07-12,4,2026-07,17.816,17.198
C-0008,2026-07-12,5,2026-07,18.061,17.559
C-0008,2026-07-12,6,2026-07,17.746,18.481
C-0008,2026-07-12,7,2026-07,18.0,19.401
C-0008,2026-07-12,8,2026-07,17.788,21.394
C-0008,2026-07-12,9,2026-07,18.149,22.094
C-0008,2026-07-12,10,2026-07,17.827,22.951
C-0008,2026-07-12,11,2026-07,18.486,21.712
C-0008,2026-07-12,12,2026-07,18.44,21.821
C-0008,2026-07-12,13,2026-07,18.471,21.332
C-0008,2026-07-12,14,2026-07,18.837,20.811
C-0008,2026-07-12,15,2026-07,18.592,19.864
C-0008,2026-07-12,16,2026-07,17.966,18.967
C-0008,2026-07-12,17,2026-07,18.36,19.37
C-0008,2026-07-12,18,2026-07,18.118,18.719
C-0008,2026-07-12,19,2026-07,18.099,18.18
C-0008,2026-07-12,20,2026-07,17.619,18.258
C-0008,2026-07-12,21,2026-07,18.02,18.205
C-0008,2026-07-12,22,2026-07,17.799,16.996
C-0008,2026-07-12,23,2026-07,18.615,16.781
C-0008,2026-07-13,0,2026-07,18.163,16.872
C-0008,2026-07-13,1,2026-07,18.38,16.852
C-0008,2026-07-13,2,2026-07,17.926,16.853
C-0008,2026-07-13,3,2026-07,17.733,16.88
C-0008,2026-07-13,4,2026-07,17.805,16.822
C-0008,2026-07-13,5,2026-07,17.795,17.233
C-0008,2026-07-13,6,2026-07,18.163,17.889
C-0008,2026-07-13,7,2026-07,18.061,18.703
C-0008,2026-07-13,8,2026-07,18.081,20.703
C-0008,2026-07-13,9,2026-07,18.679,21.339
C-0008,2026-07-13,10,2026-07,18.337,21.781
C-0008,2026-07-13,11,2026-07,18.766,20.95
C-0008,2026-07-13,12,2026-07,19.291,20.914
C-0008,2026-07-13,13,2026-07,19.772,20.685
C-0008,2026-07-13,14,2026-07,19.88,20.291
C-0008,2026-07-13,15,2026-07,19.625,19.392
C-0008,2026-07-13,16,2026-07,19.486,18.695
C-0008,2026-07-13,17,2026-07,18.575,19.349
C-0008,2026-07-13,18,2026-07,18.632,18.671
C-0008,2026-07-13,19,2026-07,18.523,18.421
C-0008,2026-07-13,20,2026-07,18.536,18.212
C-0008,2026-07-13,21,2026-07,18.237,18.293
C-0008,2026-07-13,22,2026-07,18.607,17.27
C-0008,2026-07-13,23,2026-07,17.877,17.047
C-0008,2026-07-14,0,2026-07,18.236,17.368
C-0008,2026-07-14,1,2026-07,18.112,17.212
C-0008,2026-07-14,2,2026-07,17.665,17.119
C-0008,2026-07-14,3,2026-07,17.929,17.369
C-0008,2026-07-14,4,2026-07,17.911,17.226
C-0008,2026-07-14,5,2026-07,17.834,17.357
C-0008,2026-07-14,6,2026-07,18.879,17.863
C-0008,2026-07-14,7,2026-07,18.041,18.384
C-0008,2026-07-14,8,2026-07,18.608,20.188
C-0008,2026-07-14,9,2026-07,18.845,20.766
C-0008,2026-07-14,10,2026-07,18.994,20.953
C-0008,2026-07-14,11,2026-07,18.947,20.011
C-0008,2026-07-14,12,2026-07,19.644,19.893
C-0008,2026-07-14,13,2026-07,19.18,19.912
C-0008,2026-07-14,14,2026-07,20.005,19.535
C-0008,2026-07-14,15,2026-07,19.376,19.353
C-0008,2026-07-14,16,2026-07,19.401,18.81
C-0008,2026-07-14,17,2026-07,18.913,19.604
C-0008,2026-07-14,18,2026-07,19.076,19.05
C-0008,2026-07-14,19,2026-07,18.858,18.888
C-0008,2026-07-14,20,2026-07,18.412,18.502
C-0008,2026-07-14,21,2026-07,19.022,18.709
C-0008,2026-07-14,22,2026-07,17.916,17.405
C-0008,2026-07-14,23,2026-07,18.44,17.781
C-0008,2026-07-15,0,2026-07,18.362,17.574
C-0008,2026-07-15,1,2026-07,18.135,17.929
C-0008,2026-07-15,2,2026-07,18.428,17.832
C-0008,2026-07-15,3,2026-07,17.706,17.926
C-0008,2026-07-15,4,2026-07,18.192,17.513
C-0008,2026-07-15,5,2026-07,17.969,17.702
C-0008,2026-07-15,6,2026-07,17.827,18.072
C-0008,2026-07-15,7,2026-07,17.988,18.685
C-0008,2026-07-15,8,2026-07,18.223,20.388
C-0008,2026-07-15,9,2026-07,18.367,20.934
C-0008,2026-07-15,10,2026-07,19.344,20.995
C-0008,2026-07-15,11,2026-07,18.505,19.736
C-0008,2026-07-15,12,2026-07,19.079,19.761
C-0008,2026-07-15,13,2026-07,19.971,19.417
C-0008,2026-07-15,14,2026-07,19.763,19.192
C-0008,2026-07-15,15,2026-07,19.442,18.625
C-0008,2026-07-15,16,2026-07,18.936,18.064
C-0008,2026-07-15,17,2026-07,19.139,18.811
C-0008,2026-07-15,18,2026-07,19.22,18.427
C-0008,2026-07-15,19,2026-07,18.796,18.154
C-0008,2026-07-15,20,2026-07,18.174,17.918
C-0008,2026-07-15,21,2026-07,19.036,17.904
C-0008,2026-07-15,22,2026-07,17.79,16.773
C-0008,2026-07-15,23,2026-07,18.142,16.866
C-0008,2026-07-16,0,2026-07,19.005,16.533
C-0008,2026-07-16,1,2026-07,18.224,16.695
C-0008,2026-07-16,2,2026-07,18.122,16.858
C-0008,2026-07-16,3,2026-07,18.418,16.784
C-0008,2026-07-16,4,2026-07,18.743,16.99
C-0008,2026-07-16,5,2026-07,18.407,17.209
C-0008,2026-07-16,6,2026-07,18.597,18.443
C-0008,2026-07-16,7,2026-07,19.085,19.537
C-0008,2026-07-16,8,2026-07,19.267,21.616
C-0008,2026-07-16,9,2026-07,19.437,22.473
C-0008,2026-07-16,10,2026-07,19.681,23.199
C-0008,2026-07-16,11,2026-07,19.654,22.311
C-0008,2026-07-16,12,2026-07,19.509,22.274
C-0008,2026-07-16,13,2026-07,20.217,22.38
C-0008,2026-07-16,14,2026-07,20.478,21.472
C-0008,2026-07-16,15,2026-07,20.721,20.814
C-0008,2026-07-16,16,2026-07,19.607,19.318
C-0008,2026-07-16,17,2026-07,19.342,19.555
C-0008,2026-07-16,18,2026-07,19.3,18.544
C-0008,2026-07-16,19,2026-07,19.252,17.974
C-0008,2026-07-16,20,2026-07,18.389,18.313
C-0008,2026-07-16,21,2026-07,19.089,17.957
C-0008,2026-07-16,22,2026-07,19.16,17.073
C-0008,2026-07-16,23,2026-07,18.878,16.93
C-0008,2026-07-17,0,2026-07,18.705,16.761
C-0008,2026-07-17,1,2026-07,17.714,17.032
C-0008,2026-07-17,2,2026-07,18.145,17.014
C-0008,2026-07-17,3,2026-07,18.401,16.885
C-0008,2026-07-17,4,2026-07,18.094,17.141
C-0008,2026-07-17,5,2026-07,18.274,17.144
C-0008,2026-07-17,6,2026-07,17.942,17.568
C-0008,2026-07-17,7,2026-07,18.289,18.308
C-0008,2026-07-17,8,2026-07,18.578,19.745
C-0008,2026-07-17,9,2026-07,18.784,20.186
C-0008,2026-07-17,10,2026-07,19.128,20.543
C-0008,2026-07-17,11,2026-07,19.529,19.645
C-0008,2026-07-17,12,2026-07,20.05,19.651
C-0008,2026-07-17,13,2026-07,19.91,19.601
C-0008,2026-07-17,14,2026-07,20.277,19.073
C-0008,2026-07-17,15,2026-07,19.545,18.743
C-0008,2026-07-17,16,2026-07,20.113,17.989
C-0008,2026-07-17,17,2026-07,19.543,18.992
C-0008,2026-07-17,18,2026-07,19.19,18.375
C-0008,2026-07-17,19,2026-07,19.117,18.283
C-0008,2026-07-17,20,2026-07,19.477,18.326
C-0008,2026-07-17,21,2026-07,18.911,18.269
C-0008,2026-07-17,22,2026-07,17.947,17.193
C-0008,2026-07-17,23,2026-07,18.874,17.423
C-0008,2026-07-18,0,2026-07,17.991,17.044
C-0008,2026-07-18,1,2026-07,18.246,16.974
C-0008,2026-07-18,2,2026-07,17.892,16.969
C-0008,2026-07-18,3,2026-07,18.104,16.973
C-0008,2026-07-18,4,2026-07,17.802,16.793
C-0008,2026-07-18,5,2026-07,18.108,17.229
C-0008,2026-07-18,6,2026-07,17.944,18.477
C-0008,2026-07-18,7,2026-07,18.105,19.475
C-0008,2026-07-18,8,2026-07,18.487,21.712
C-0008,2026-07-18,9,2026-07,18.267,22.649
C-0008,2026-07-18,10,2026-07,18.594,23.33
C-0008,2026-07-18,11,2026-07,19.177,22.487
C-0008,2026-07-18,12,2026-07,19.412,22.26
C-0008,2026-07-18,13,2026-07,19.238,22.015
C-0008,2026-07-18,14,2026-07,19.575,21.447
C-0008,2026-07-18,15,2026-07,19.358,20.683
C-0008,2026-07-18,16,2026-07,18.89,19.486
C-0008,2026-07-18,17,2026-07,18.973,19.414
C-0008,2026-07-18,18,2026-07,18.808,18.577
C-0008,2026-07-18,19,2026-07,18.692,18.188
C-0008,2026-07-18,20,2026-07,18.776,18.213
C-0008,2026-07-18,21,2026-07,18.808,18.214
C-0008,2026-07-18,22,2026-07,18.117,17.079
C-0008,2026-07-18,23,2026-07,17.808,16.859
C-0008,2026-07-19,0,2026-07,18.111,17.004
C-0008,2026-07-19,1,2026-07,17.736,17.035
C-0008,2026-07-19,2,2026-07,18.642,16.818
C-0008,2026-07-19,3,2026-07,18.269,17.25
C-0008,2026-07-19,4,2026-07,17.593,17.399
C-0008,2026-07-19,5,2026-07,18.361,17.489
C-0008,2026-07-19,6,2026-07,18.63,18.414
C-0008,2026-07-19,7,2026-07,17.999,19.323
C-0008,2026-07-19,8,2026-07,18.51,21.604
C-0008,2026-07-19,9,2026-07,18.728,22.438
C-0008,2026-07-19,10,2026-07,18.783,23.357
C-0008,2026-07-19,11,2026-07,19.429,22.26
C-0008,2026-07-19,12,2026-07,19.487,22.137
C-0008,2026-07-19,13,2026-07,19.335,21.979
C-0008,2026-07-19,14,2026-07,19.442,21.302
C-0008,2026-07-19,15,2026-07,19.629,20.16
C-0008,2026-07-19,16,2026-07,19.048,19.21
C-0008,2026-07-19,17,2026-07,18.736,19.336
C-0008,2026-07-19,18,2026-07,18.836,18.262
C-0008,2026-07-19,19,2026-07,18.6,17.871
C-0008,2026-07-19,20,2026-07,18.596,18.065
C-0008,2026-07-19,21,2026-07,18.73,18.013
C-0008,2026-07-19,22,2026-07,18.766,16.919
C-0008,2026-07-19,23,2026-07,17.975,16.757
C-0008,2026-07-20,0,2026-07,18.148,16.886
C-0008,2026-07-20,1,2026-07,18.179,16.881
C-0008,2026-07-20,2,2026-07,17.775,17.021
C-0008,2026-07-20,3,2026-07,18.112,16.894
C-0008,2026-07-20,4,2026-07,17.757,17.146
C-0008,2026-07-20,5,2026-07,17.84,17.599
C-0008,2026-07-20,6,2026-07,17.808,17.915
C-0008,2026-07-20,7,2026-07,18.071,18.775
C-0008,2026-07-20,8,2026-07,18.29,20.477
C-0008,2026-07-20,9,2026-07,18.457,21.362
C-0008,2026-07-20,10,2026-07,18.74,21.744
C-0008,2026-07-20,11,2026-07,18.728,20.706
C-0008,2026-07-20,12,2026-07,19.514,20.64
C-0008,2026-07-20,13,2026-07,19.502,20.461
C-0008,2026-07-20,14,2026-07,19.302,19.88
C-0008,2026-07-20,15,2026-07,19.733,19.162
C-0008,2026-07-20,16,2026-07,19.017,18.834
C-0008,2026-07-20,17,2026-07,19.252,19.095
C-0008,2026-07-20,18,2026-07,18.473,18.266
C-0008,2026-07-20,19,2026-07,18.844,18.119
C-0008,2026-07-20,20,2026-07,18.467,18.164
C-0008,2026-07-20,21,2026-07,18.554,18.079
C-0008,2026-07-20,22,2026-07,18.437,16.944
C-0008,2026-07-20,23,2026-07,18.221,16.906
C-0008,2026-07-21,0,2026-07,18.257,17.003
C-0008,2026-07-21,1,2026-07,17.942,16.963
C-0008,2026-07-21,2,2026-07,18.054,16.879
C-0008,2026-07-21,3,2026-07,18.129,16.656
C-0008,2026-07-21,4,2026-07,17.489,16.769
C-0008,2026-07-21,5,2026-07,17.869,17.334
C-0008,2026-07-21,6,2026-07,17.559,18.089
C-0008,2026-07-21,7,2026-07,18.065,18.624
C-0008,2026-07-21,8,2026-07,18.358,20.693
C-0008,2026-07-21,9,2026-07,18.682,21.47
C-0008,2026-07-21,10,2026-07,18.818,21.755
C-0008,2026-07-21,11,2026-07,19.276,21.178
C-0008,2026-07-21,12,2026-07,19.276,21.47
C-0008,2026-07-21,13,2026-07,19.889,21.063
C-0008,2026-07-21,14,2026-07,19.779,20.427
C-0008,2026-07-21,15,2026-07,19.555,19.761
C-0008,2026-07-21,16,2026-07,19.203,19.147
C-0008,2026-07-21,17,2026-07,18.938,19.574
C-0008,2026-07-21,18,2026-07,19.353,19.118
C-0008,2026-07-21,19,2026-07,19.036,18.825
C-0008,2026-07-21,20,2026-07,19.076,18.789
C-0008,2026-07-21,21,2026-07,18.701,18.666
C-0008,2026-07-21,22,2026-07,18.292,17.66
C-0008,2026-07-21,23,2026-07,18.283,17.315
C-0008,2026-07-22,0,2026-07,18.151,17.102
C-0008,2026-07-22,1,2026-07,18.1,17.429
C-0008,2026-07-22,2,2026-07,18.309,17.409
C-0008,2026-07-22,3,2026-07,17.965,17.174
C-0008,2026-07-22,4,2026-07,17.752,17.248
C-0008,2026-07-22,5,2026-07,18.335,17.674
C-0008,2026-07-22,6,2026-07,18.824,18.291
C-0008,2026-07-22,7,2026-07,19.271,19.188
C-0008,2026-07-22,8,2026-07,18.665,21.24
C-0008,2026-07-22,9,2026-07,19.005,22.304
C-0008,2026-07-22,10,2026-07,19.194,22.8
C-0008,2026-07-22,11,2026-07,19.068,21.99
C-0008,2026-07-22,12,2026-07,19.448,21.878
C-0008,2026-07-22,13,2026-07,20.17,21.664
C-0008,2026-07-22,14,2026-07,20.244,20.786
C-0008,2026-07-22,15,2026-07,19.721,20.072
C-0008,2026-07-22,16,2026-07,19.506,19.062
C-0008,2026-07-22,17,2026-07,19.704,19.19
C-0008,2026-07-22,18,2026-07,19.386,18.298
C-0008,2026-07-22,19,2026-07,19.377,18.108
C-0008,2026-07-22,20,2026-07,19.303,18.083
C-0008,2026-07-22,21,2026-07,18.886,18.193
C-0008,2026-07-22,22,2026-07,18.611,16.72
C-0008,2026-07-22,23,2026-07,18.683,17.178
C-0008,2026-07-23,0,2026-07,18.351,16.707
C-0008,2026-07-23,1,2026-07,18.202,16.717
C-0008,2026-07-23,2,2026-07,18.456,16.805
C-0008,2026-07-23,3,2026-07,18.399,16.556
C-0008,2026-07-23,4,2026-07,18.085,16.726
C-0008,2026-07-23,5,2026-07,17.702,16.956
C-0008,2026-07-23,6,2026-07,18.229,17.917
C-0008,2026-07-23,7,2026-07,18.548,18.46
C-0008,2026-07-23,8,2026-07,18.968,20.691
C-0008,2026-07-23,9,2026-07,18.675,21.113
C-0008,2026-07-23,10,2026-07,18.994,21.534
C-0008,2026-07-23,11,2026-07,19.154,20.745
C-0008,2026-07-23,12,2026-07,19.539,20.688
C-0008,2026-07-23,13,2026-07,20.307,20.466
C-0008,2026-07-23,14,2026-07,20.266,20.032
C-0008,2026-07-23,15,2026-07,20.203,19.546
C-0008,2026-07-23,16,2026-07,19.392,18.53
C-0008,2026-07-23,17,2026-07,19.227,19.002
C-0008,2026-07-23,18,2026-07,19.258,18.195
C-0008,2026-07-23,19,2026-07,19.152,18.147
C-0008,2026-07-23,20,2026-07,19.355,18.325
C-0008,2026-07-23,21,2026-07,19.186,18.354
C-0008,2026-07-23,22,2026-07,19.117,17.206
C-0008,2026-07-23,23,2026-07,18.296,17.318
C-0008,2026-07-24,0,2026-07,18.318,17.395
C-0008,2026-07-24,1,2026-07,17.795,17.319
C-0008,2026-07-24,2,2026-07,18.304,17.309
C-0008,2026-07-24,3,2026-07,18.016,17.006
C-0008,2026-07-24,4,2026-07,18.051,17.146
C-0008,2026-07-24,5,2026-07,18.269,17.563
C-0008,2026-07-24,6,2026-07,18.192,18.429
C-0008,2026-07-24,7,2026-07,18.764,19.226
C-0008,2026-07-24,8,2026-07,18.611,21.152
C-0008,2026-07-24,9,2026-07,19.346,22.016
C-0008,2026-07-24,10,2026-07,18.983,22.507
C-0008,2026-07-24,11,2026-07,19.47,21.641
C-0008,2026-07-24,12,2026-07,20.363,21.564
C-0008,2026-07-24,13,2026-07,20.54,21.48
C-0008,2026-07-24,14,2026-07,20.646,20.773
C-0008,2026-07-24,15,2026-07,20.126,19.965
C-0008,2026-07-24,16,2026-07,19.807,19.09
C-0008,2026-07-24,17,2026-07,19.882,19.322
C-0008,2026-07-24,18,2026-07,19.081,18.624
C-0008,2026-07-24,19,2026-07,19.414,18.284
C-0008,2026-07-24,20,2026-07,18.956,18.118
C-0008,2026-07-24,21,2026-07,19.226,18.031
C-0008,2026-07-24,22,2026-07,19.242,16.708
C-0008,2026-07-24,23,2026-07,18.872,16.971
C-0008,2026-07-25,0,2026-07,18.543,17.02
C-0008,2026-07-25,1,2026-07,18.411,17.123
C-0008,2026-07-25,2,2026-07,18.166,16.966
C-0008,2026-07-25,3,2026-07,17.821,16.693
C-0008,2026-07-25,4,2026-07,18.152,16.74
C-0008,2026-07-25,5,2026-07,18.154,17.035
C-0008,2026-07-25,6,2026-07,18.536,18.039
C-0008,2026-07-25,7,2026-07,18.491,18.793
C-0008,2026-07-25,8,2026-07,19.091,20.767
C-0008,2026-07-25,9,2026-07,18.923,21.621
C-0008,2026-07-25,10,2026-07,18.887,22.232
C-0008,2026-07-25,11,2026-07,19.82,21.317
C-0008,2026-07-25,12,2026-07,19.345,21.223
C-0008,2026-07-25,13,2026-07,19.972,21.021
C-0008,2026-07-25,14,2026-07,19.869,20.385
C-0008,2026-07-25,15,2026-07,19.618,19.627
C-0008,2026-07-25,16,2026-07,19.523,18.787
C-0008,2026-07-25,17,2026-07,19.058,19.172
C-0008,2026-07-25,18,2026-07,19.149,18.259
C-0008,2026-07-25,19,2026-07,18.798,17.851
C-0008,2026-07-25,20,2026-07,19.074,17.853
C-0008,2026-07-25,21,2026-07,18.918,17.817
C-0008,2026-07-25,22,2026-07,18.766,16.601
C-0008,2026-07-25,23,2026-07,18.479,16.862
C-0008,2026-07-26,0,2026-07,18.447,16.661
C-0008,2026-07-26,1,2026-07,18.314,16.739
C-0008,2026-07-26,2,2026-07,17.921,16.876
C-0008,2026-07-26,3,2026-07,18.186,16.95
C-0008,2026-07-26,4,2026-07,17.466,16.705
C-0008,2026-07-26,5,2026-07,17.97,17.18
C-0008,2026-07-26,6,2026-07,18.139,18.119
C-0008,2026-07-26,7,2026-07,18.321,18.92
C-0008,2026-07-26,8,2026-07,18.025,20.868
C-0008,2026-07-26,9,2026-07,18.662,21.38
C-0008,2026-07-26,10,2026-07,18.856,22.093
C-0008,2026-07-26,11,2026-07,18.668,21.377
C-0008,2026-07-26,12,2026-07,18.831,21.217
C-0008,2026-07-26,13,2026-07,19.328,21.086
C-0008,2026-07-26,14,2026-07,19.771,20.743
C-0008,2026-07-26,15,2026-07,19.017,19.97
C-0008,2026-07-26,16,2026-07,19.022,18.747
C-0008,2026-07-26,17,2026-07,18.791,19.216
C-0008,2026-07-26,18,2026-07,18.171,18.77
C-0008,2026-07-26,19,2026-07,18.571,18.6
C-0008,2026-07-26,20,2026-07,17.935,18.441
C-0008,2026-07-26,21,2026-07,18.392,18.402
C-0008,2026-07-26,22,2026-07,18.408,17.148
C-0008,2026-07-26,23,2026-07,18.241,16.846
C-0008,2026-07-27,0,2026-07,17.836,17.145
C-0008,2026-07-27,1,2026-07,18.22,16.994
C-0008,2026-07-27,2,2026-07,18.134,16.693
C-0008,2026-07-27,3,2026-07,18.15,16.821
C-0008,2026-07-27,4,2026-07,17.536,16.864
C-0008,2026-07-27,5,2026-07,18.244,17.183
C-0008,2026-07-27,6,2026-07,17.875,17.7
C-0008,2026-07-27,7,2026-07,17.804,18.315
C-0008,2026-07-27,8,2026-07,18.683,20.466
C-0008,2026-07-27,9,2026-07,18.571,21.042
C-0008,2026-07-27,10,2026-07,18.602,21.71
C-0008,2026-07-27,11,2026-07,19.291,20.864
C-0008,2026-07-27,12,2026-07,19.4,20.879
C-0008,2026-07-27,13,2026-07,20.174,20.223
C-0008,2026-07-27,14,2026-07,20.149,19.914
C-0008,2026-07-27,15,2026-07,19.144,19.141
C-0008,2026-07-27,16,2026-07,19.254,18.381
C-0008,2026-07-27,17,2026-07,19.235,18.96
C-0008,2026-07-27,18,2026-07,18.941,18.075
C-0008,2026-07-27,19,2026-07,18.563,18.013
C-0008,2026-07-27,20,2026-07,18.577,17.928
C-0008,2026-07-27,21,2026-07,18.539,17.996
C-0008,2026-07-27,22,2026-07,18.655,16.947
C-0008,2026-07-27,23,2026-07,18.649,16.832
C-0008,2026-07-28,0,2026-07,18.567,17.116
C-0008,2026-07-28,1,2026-07,18.046,17.117
C-0008,2026-07-28,2,2026-07,18.067,16.918
C-0008,2026-07-28,3,2026-07,18.194,17.136
C-0008,2026-07-28,4,2026-07,17.947,17.058
C-0008,2026-07-28,5,2026-07,18.202,16.871
C-0008,2026-07-28,6,2026-07,18.698,17.829
C-0008,2026-07-28,7,2026-07,18.583,18.62
C-0008,2026-07-28,8,2026-07,18.356,20.428
C-0008,2026-07-28,9,2026-07,18.648,20.635
C-0008,2026-07-28,10,2026-07,19.495,21.401
C-0008,2026-07-28,11,2026-07,19.555,20.461
C-0008,2026-07-28,12,2026-07,20.182,20.326
C-0008,2026-07-28,13,2026-07,19.759,20.04
C-0008,2026-07-28,14,2026-07,20.162,19.733
C-0008,2026-07-28,15,2026-07,19.871,19.012
C-0008,2026-07-28,16,2026-07,19.225,18.473
C-0008,2026-07-28,17,2026-07,19.08,18.99
C-0008,2026-07-28,18,2026-07,18.906,18.453
C-0008,2026-07-28,19,2026-07,18.726,18.49
C-0008,2026-07-28,20,2026-07,18.927,18.011
C-0008,2026-07-28,21,2026-07,18.39,17.972
C-0008,2026-07-28,22,2026-07,18.237,17.004
C-0008,2026-07-28,23,2026-07,18.326,17.236
C-0008,2026-07-29,0,2026-07,17.891,16.727
C-0008,2026-07-29,1,2026-07,17.732,16.796
C-0008,2026-07-29,2,2026-07,18.293,16.813
C-0008,2026-07-29,3,2026-07,17.985,16.91
C-0008,2026-07-29,4,2026-07,17.938,16.897
C-0008,2026-07-29,5,2026-07,17.958,17.119
C-0008,2026-07-29,6,2026-07,18.461,17.629
C-0008,2026-07-29,7,2026-07,18.942,17.644
C-0008,2026-07-29,8,2026-07,18.389,19.255
C-0008,2026-07-29,9,2026-07,19.048,19.623
C-0008,2026-07-29,10,2026-07,19.006,19.815
C-0008,2026-07-29,11,2026-07,19.526,18.769
C-0008,2026-07-29,12,2026-07,19.662,18.752
C-0008,2026-07-29,13,2026-07,20.158,18.673
C-0008,2026-07-29,14,2026-07,20.25,18.259
C-0008,2026-07-29,15,2026-07,19.454,17.707
C-0008,2026-07-29,16,2026-07,19.637,17.404
C-0008,2026-07-29,17,2026-07,19.011,18.294
C-0008,2026-07-29,18,2026-07,19.261,17.775
C-0008,2026-07-29,19,2026-07,18.841,17.884
C-0008,2026-07-29,20,2026-07,18.492,17.968
C-0008,2026-07-29,21,2026-07,18.368,17.95
C-0008,2026-07-29,22,2026-07,18.532,16.715
C-0008,2026-07-29,23,2026-07,18.453,16.955
C-0008,2026-07-30,0,2026-07,17.905,17.058
C-0008,2026-07-30,1,2026-07,19.11,16.762
C-0008,2026-07-30,2,2026-07,18.015,17.247
C-0008,2026-07-30,3,2026-07,18.432,16.925
C-0008,2026-07-30,4,2026-07,18.255,17.085
C-0008,2026-07-30,5,2026-07,18.716,17.273
C-0008,2026-07-30,6,2026-07,18.453,18.139
C-0008,2026-07-30,7,2026-07,18.391,18.651
C-0008,2026-07-30,8,2026-07,18.592,20.968
C-0008,2026-07-30,9,2026-07,19.216,21.539
C-0008,2026-07-30,10,2026-07,19.962,22.186
C-0008,2026-07-30,11,2026-07,20.199,21.579
C-0008,2026-07-30,12,2026-07,20.033,21.503
C-0008,2026-07-30,13,2026-07,20.585,21.549
C-0008,2026-07-30,14,2026-07,20.538,20.781
C-0008,2026-07-30,15,2026-07,20.027,19.758
C-0008,2026-07-30,16,2026-07,20.061,19.127
C-0008,2026-07-30,17,2026-07,19.06,19.485
C-0008,2026-07-30,18,2026-07,20.112,18.747
C-0008,2026-07-30,19,2026-07,19.217,18.318
C-0008,2026-07-30,20,2026-07,18.944,18.398
C-0008,2026-07-30,21,2026-07,18.707,18.517
C-0008,2026-07-30,22,2026-07,19.094,17.101
C-0008,2026-07-30,23,2026-07,18.597,17.17
C-0008,2026-07-31,0,2026-07,18.579,17.047
C-0008,2026-07-31,1,2026-07,18.19,17.024
C-0008,2026-07-31,2,2026-07,18.258,16.852
C-0008,2026-07-31,3,2026-07,18.495,17.056
C-0008,2026-07-31,4,2026-07,18.284,16.907
C-0008,2026-07-31,5,2026-07,18.396,17.194
C-0008,2026-07-31,6,2026-07,18.444,17.943
C-0008,2026-07-31,7,2026-07,18.523,18.891
C-0008,2026-07-31,8,2026-07,18.409,20.856
C-0008,2026-07-31,9,2026-07,19.602,21.368
C-0008,2026-07-31,10,2026-07,18.89,21.784
C-0008,2026-07-31,11,2026-07,20.044,20.95
C-0008,2026-07-31,12,2026-07,20.186,21.052
C-0008,2026-07-31,13,2026-07,20.282,20.784
C-0008,2026-07-31,14,2026-07,20.01,20.331
C-0008,2026-07-31,15,2026-07,19.855,19.82
C-0008,2026-07-31,16,2026-07,19.523,18.878
C-0008,2026-07-31,17,2026-07,19.154,19.441
C-0008,2026-07-31,18,2026-07,19.658,18.771
C-0008,2026-07-31,19,2026-07,18.959,18.167
C-0008,2026-07-31,20,2026-07,19.304,18.14
C-0008,2026-07-31,21,2026-07,18.833,18.3
C-0008,2026-07-31,22,2026-07,18.757,17.103
C-0008,2026-07-31,23,2026-07,17.966,17.208
C-0008,2026-08-01,0,2026-08,18.465,17.315
C-0008,2026-08-01,1,2026-08,18.025,17.544
C-0008,2026-08-01,2,2026-08,18.13,17.305
C-0008,2026-08-01,3,2026-08,17.924,17.244
C-0008,2026-08-01,4,2026-08,17.663,17.3
C-0008,2026-08-01,5,2026-08,18.223,17.733
C-0008,2026-08-01,6,2026-08,18.219,18.549
C-0008,2026-08-01,7,2026-08,18.325,19.485
C-0008,2026-08-01,8,2026-08,18.783,21.65
C-0008,2026-08-01,9,2026-08,19.122,22.4
C-0008,2026-08-01,10,2026-08,19.014,23.307
C-0008,2026-08-01,11,2026-08,19.588,22.571
C-0008,2026-08-01,12,2026-08,19.436,22.579
C-0008,2026-08-01,13,2026-08,19.454,22.248
C-0008,2026-08-01,14,2026-08,19.571,21.16
C-0008,2026-08-01,15,2026-08,19.493,20.287
C-0008,2026-08-01,16,2026-08,19.725,19.282
C-0008,2026-08-01,17,2026-08,19.47,19.64
C-0008,2026-08-01,18,2026-08,19.67,18.551
C-0008,2026-08-01,19,2026-08,19.08,18.321
C-0008,2026-08-01,20,2026-08,19.151,18.262
C-0008,2026-08-01,21,2026-08,18.911,18.412
C-0008,2026-08-01,22,2026-08,19.134,17.062
C-0008,2026-08-01,23,2026-08,18.685,17.242
C-0008,2026-08-02,0,2026-08,18.761,17.546
C-0008,2026-08-02,1,2026-08,18.572,17.124
C-0008,2026-08-02,2,2026-08,17.98,17.231
C-0008,2026-08-02,3,2026-08,18.146,17.091
C-0008,2026-08-02,4,2026-08,18.382,16.928
C-0008,2026-08-02,5,2026-08,18.32,17.36
C-0008,2026-08-02,6,2026-08,18.173,18.054
C-0008,2026-08-02,7,2026-08,18.022,19.256
C-0008,2026-08-02,8,2026-08,19.084,21.554
C-0008,2026-08-02,9,2026-08,18.643,22.414
C-0008,2026-08-02,10,2026-08,19.035,23.395
C-0008,2026-08-02,11,2026-08,19.208,22.364
C-0008,2026-08-02,12,2026-08,19.507,22.144
C-0008,2026-08-02,13,2026-08,19.635,21.505
C-0008,2026-08-02,14,2026-08,19.666,21.095
C-0008,2026-08-02,15,2026-08,19.479,20.245
C-0008,2026-08-02,16,2026-08,19.519,19.01
C-0008,2026-08-02,17,2026-08,19.65,19.048
C-0008,2026-08-02,18,2026-08,18.965,18.316
C-0008,2026-08-02,19,2026-08,18.886,18.029
C-0008,2026-08-02,20,2026-08,18.835,18.049
C-0008,2026-08-02,21,2026-08,18.812,18.094
C-0008,2026-08-02,22,2026-08,18.335,16.937
C-0008,2026-08-02,23,2026-08,18.821,16.817
C-0008,2026-08-03,0,2026-08,18.62,16.918
C-0008,2026-08-03,1,2026-08,18.333,16.832
C-0008,2026-08-03,2,2026-08,17.993,16.979
C-0008,2026-08-03,3,2026-08,18.255,16.959
C-0008,2026-08-03,4,2026-08,18.892,16.864
C-0008,2026-08-03,5,2026-08,18.302,16.941
C-0008,2026-08-03,6,2026-08,17.907,17.766
C-0008,2026-08-03,7,2026-08,18.254,18.574
C-0008,2026-08-03,8,2026-08,18.87,20.613
C-0008,2026-08-03,9,2026-08,18.872,21.429
C-0008,2026-08-03,10,2026-08,18.756,22.177
C-0008,2026-08-03,11,2026-08,19.001,21.09
C-0008,2026-08-03,12,2026-08,19.972,21.295
C-0008,2026-08-03,13,2026-08,20.007,20.93
C-0008,2026-08-03,14,2026-08,19.675,20.18
C-0008,2026-08-03,15,2026-08,20.087,19.741
C-0008,2026-08-03,16,2026-08,18.748,18.756
C-0008,2026-08-03,17,2026-08,18.839,19.186
C-0008,2026-08-03,18,2026-08,19.198,18.178
C-0008,2026-08-03,19,2026-08,19.088,18.387
C-0008,2026-08-03,20,2026-08,18.824,18.123
C-0008,2026-08-03,21,2026-08,17.823,18.024
C-0008,2026-08-03,22,2026-08,18.009,17.065
C-0008,2026-08-03,23,2026-08,18.316,16.915
C-0008,2026-08-04,0,2026-08,18.365,16.868
C-0008,2026-08-04,1,2026-08,18.648,17.058
C-0008,2026-08-04,2,2026-08,18.046,17.452
C-0008,2026-08-04,3,2026-08,17.935,17.188
C-0008,2026-08-04,4,2026-08,18.295,17.218
C-0008,2026-08-04,5,2026-08,18.075,17.78
C-0008,2026-08-04,6,2026-08,18.257,18.084
C-0008,2026-08-04,7,2026-08,18.825,18.934
C-0008,2026-08-04,8,2026-08,19.046,21.07
C-0008,2026-08-04,9,2026-08,18.909,21.803
C-0008,2026-08-04,10,2026-08,18.91,22.328
C-0008,2026-08-04,11,2026-08,19.411,21.61
C-0008,2026-08-04,12,2026-08,20.237,21.854
C-0008,2026-08-04,13,2026-08,20.228,21.545
C-0008,2026-08-04,14,2026-08,20.588,20.811
C-0008,2026-08-04,15,2026-08,20.178,20.393
C-0008,2026-08-04,16,2026-08,19.371,18.99
C-0008,2026-08-04,17,2026-08,19.59,19.546
C-0008,2026-08-04,18,2026-08,19.583,18.461
C-0008,2026-08-04,19,2026-08,19.116,18.33
C-0008,2026-08-04,20,2026-08,18.927,18.474
C-0008,2026-08-04,21,2026-08,18.679,18.364
C-0008,2026-08-04,22,2026-08,18.498,17.136
C-0008,2026-08-04,23,2026-08,18.967,17.13
C-0008,2026-08-05,0,2026-08,18.686,17.146
C-0008,2026-08-05,1,2026-08,18.598,17.25
C-0008,2026-08-05,2,2026-08,18.659,17.24
C-0008,2026-08-05,3,2026-08,18.31,17.204
C-0008,2026-08-05,4,2026-08,18.362,17.025
C-0008,2026-08-05,5,2026-08,18.318,17.455
C-0008,2026-08-05,6,2026-08,18.328,18.552
C-0008,2026-08-05,7,2026-08,18.373,19.446
C-0008,2026-08-05,8,2026-08,18.916,21.86
C-0008,2026-08-05,9,2026-08,18.854,22.712
C-0008,2026-08-05,10,2026-08,19.775,23.771
C-0008,2026-08-05,11,2026-08,19.769,22.666
C-0008,2026-08-05,12,2026-08,20.25,22.964
C-0008,2026-08-05,13,2026-08,20.626,22.466
C-0008,2026-08-05,14,2026-08,19.893,21.477
C-0008,2026-08-05,15,2026-08,20.396,20.827
C-0008,2026-08-05,16,2026-08,19.701,19.673
C-0008,2026-08-05,17,2026-08,19.613,19.663
C-0008,2026-08-05,18,2026-08,19.8,18.561
C-0008,2026-08-05,19,2026-08,18.656,18.349
C-0008,2026-08-05,20,2026-08,19.508,18.244
C-0008,2026-08-05,21,2026-08,18.815,18.02
C-0008,2026-08-05,22,2026-08,18.925,16.685
C-0008,2026-08-05,23,2026-08,19.143,16.956
C-0008,2026-08-06,0,2026-08,18.49,16.855
C-0008,2026-08-06,1,2026-08,18.583,16.855
C-0008,2026-08-06,2,2026-08,18.404,16.936
C-0008,2026-08-06,3,2026-08,18.142,16.793
C-0008,2026-08-06,4,2026-08,18.498,16.731
C-0008,2026-08-06,5,2026-08,17.576,17.155
C-0008,2026-08-06,6,2026-08,18.641,17.955
C-0008,2026-08-06,7,2026-08,18.793,18.819
C-0008,2026-08-06,8,2026-08,18.413,21.489
C-0008,2026-08-06,9,2026-08,19.12,22.462
C-0008,2026-08-06,10,2026-08,19.312,23.173
C-0008,2026-08-06,11,2026-08,19.338,22.243
C-0008,2026-08-06,12,2026-08,19.573,22.279
C-0008,2026-08-06,13,2026-08,21.078,22.087
C-0008,2026-08-06,14,2026-08,20.111,21.322
C-0008,2026-08-06,15,2026-08,20.123,20.326
C-0008,2026-08-06,16,2026-08,19.764,19.481
C-0008,2026-08-06,17,2026-08,19.286,19.316
C-0008,2026-08-06,18,2026-08,18.974,18.537
C-0008,2026-08-06,19,2026-08,19.485,18.506
C-0008,2026-08-06,20,2026-08,18.855,18.182
C-0008,2026-08-06,21,2026-08,19.174,18.149
C-0008,2026-08-06,22,2026-08,18.998,17.108
C-0008,2026-08-06,23,2026-08,18.908,16.863
C-0008,2026-08-07,0,2026-08,18.487,17.017
C-0008,2026-08-07,1,2026-08,18.578,17.154
C-0008,2026-08-07,2,2026-08,18.871,17.211
C-0008,2026-08-07,3,2026-08,18.509,17.128
C-0008,2026-08-07,4,2026-08,18.311,17.236
C-0008,2026-08-07,5,2026-08,18.656,17.609
C-0008,2026-08-07,6,2026-08,18.55,18.124
C-0008,2026-08-07,7,2026-08,18.679,18.746
C-0008,2026-08-07,8,2026-08,19.692,21.235
C-0008,2026-08-07,9,2026-08,19.365,21.958
C-0008,2026-08-07,10,2026-08,19.439,22.79
C-0008,2026-08-07,11,2026-08,19.816,21.631
C-0008,2026-08-07,12,2026-08,20.389,21.518
C-0008,2026-08-07,13,2026-08,20.953,21.416
C-0008,2026-08-07,14,2026-08,20.963,20.701
C-0008,2026-08-07,15,2026-08,20.63,20.047
C-0008,2026-08-07,16,2026-08,20.07,18.906
C-0008,2026-08-07,17,2026-08,19.585,19.167
C-0008,2026-08-07,18,2026-08,20.008,18.671
C-0008,2026-08-07,19,2026-08,19.489,18.316
C-0008,2026-08-07,20,2026-08,19.295,18.303
C-0008,2026-08-07,21,2026-08,18.998,18.239
C-0008,2026-08-07,22,2026-08,19.152,16.722
C-0008,2026-08-07,23,2026-08,18.852,16.981
C-0008,2026-08-08,0,2026-08,18.417,16.744
C-0008,2026-08-08,1,2026-08,18.53,16.921
C-0008,2026-08-08,2,2026-08,18.033,16.794
C-0008,2026-08-08,3,2026-08,18.428,16.922
C-0008,2026-08-08,4,2026-08,17.856,16.707
C-0008,2026-08-08,5,2026-08,18.779,16.94
C-0008,2026-08-08,6,2026-08,18.883,17.612
C-0008,2026-08-08,7,2026-08,18.644,18.251
C-0008,2026-08-08,8,2026-08,18.846,20.391
C-0008,2026-08-08,9,2026-08,19.054,20.644
C-0008,2026-08-08,10,2026-08,19.406,21.402
C-0008,2026-08-08,11,2026-08,19.222,20.522
C-0008,2026-08-08,12,2026-08,19.304,20.523
C-0008,2026-08-08,13,2026-08,19.595,19.738
C-0008,2026-08-08,14,2026-08,20.079,19.553
C-0008,2026-08-08,15,2026-08,19.762,18.935
C-0008,2026-08-08,16,2026-08,19.572,18.302
C-0008,2026-08-08,17,2026-08,19.075,18.968
C-0008,2026-08-08,18,2026-08,19.695,18.262
C-0008,2026-08-08,19,2026-08,19.034,18.373
C-0008,2026-08-08,20,2026-08,18.692,18.036
C-0008,2026-08-08,21,2026-08,18.601,18.188
C-0008,2026-08-08,22,2026-08,18.548,17.06
C-0008,2026-08-08,23,2026-08,18.372,16.842
C-0008,2026-08-09,0,2026-08,18.298,16.936
C-0008,2026-08-09,1,2026-08,18.245,16.932
C-0008,2026-08-09,2,2026-08,18.15,17.163
C-0008,2026-08-09,3,2026-08,17.67,17.116
C-0008,2026-08-09,4,2026-08,18.16,17.172
C-0008,2026-08-09,5,2026-08,17.802,17.46
C-0008,2026-08-09,6,2026-08,18.51,18.56
C-0008,2026-08-09,7,2026-08,18.062,20.088
C-0008,2026-08-09,8,2026-08,18.645,22.206
C-0008,2026-08-09,9,2026-08,18.861,23.148
C-0008,2026-08-09,10,2026-08,18.687,23.933
C-0008,2026-08-09,11,2026-08,19.115,22.72
C-0008,2026-08-09,12,2026-08,19.535,22.858
C-0008,2026-08-09,13,2026-08,19.797,22.473
C-0008,2026-08-09,14,2026-08,19.677,21.634
C-0008,2026-08-09,15,2026-08,19.849,20.552
C-0008,2026-08-09,16,2026-08,19.214,19.087
C-0008,2026-08-09,17,2026-08,18.876,19.321
C-0008,2026-08-09,18,2026-08,19.005,18.549
C-0008,2026-08-09,19,2026-08,19.362,18.226
C-0008,2026-08-09,20,2026-08,18.376,18.451
C-0008,2026-08-09,21,2026-08,18.689,18.172
C-0008,2026-08-09,22,2026-08,18.315,16.974
C-0008,2026-08-09,23,2026-08,18.495,16.857
C-0008,2026-08-10,0,2026-08,18.161,16.867
C-0008,2026-08-10,1,2026-08,18.305,16.921
C-0008,2026-08-10,2,2026-08,18.31,17.206
C-0008,2026-08-10,3,2026-08,18.44,17.276
C-0008,2026-08-10,4,2026-08,18.613,17.831
C-0008,2026-08-10,5,2026-08,18.245,17.525
C-0008,2026-08-10,6,2026-08,18.859,18.571
C-0008,2026-08-10,7,2026-08,18.722,19.013
C-0008,2026-08-10,8,2026-08,18.562,21.363
C-0008,2026-08-10,9,2026-08,18.75,21.865
C-0008,2026-08-10,10,2026-08,18.81,22.384
C-0008,2026-08-10,11,2026-08,19.348,21.089
C-0008,2026-08-10,12,2026-08,20.279,21.181
C-0008,2026-08-10,13,2026-08,19.998,20.934
C-0008,2026-08-10,14,2026-08,20.096,20.287
C-0008,2026-08-10,15,2026-08,19.602,19.437
C-0008,2026-08-10,16,2026-08,20.035,18.376
C-0008,2026-08-10,17,2026-08,19.297,18.821
C-0008,2026-08-10,18,2026-08,19.177,18.158
C-0008,2026-08-10,19,2026-08,19.086,18.071
C-0008,2026-08-10,20,2026-08,18.724,18.084
C-0008,2026-08-10,21,2026-08,18.826,18.186
C-0008,2026-08-10,22,2026-08,18.734,16.771
C-0008,2026-08-10,23,2026-08,18.34,17.173
C-0008,2026-08-11,0,2026-08,18.406,16.661
C-0008,2026-08-11,1,2026-08,17.927,16.889
C-0008,2026-08-11,2,2026-08,18.031,16.923
C-0008,2026-08-11,3,2026-08,18.055,16.923
C-0008,2026-08-11,4,2026-08,18.299,16.835
C-0008,2026-08-11,5,2026-08,18.245,17.119
C-0008,2026-08-11,6,2026-08,17.95,17.706
C-0008,2026-08-11,7,2026-08,18.428,18.559
C-0008,2026-08-11,8,2026-08,18.676,20.462
C-0008,2026-08-11,9,2026-08,19.495,21.052
C-0008,2026-08-11,10,2026-08,19.162,21.462
C-0008,2026-08-11,11,2026-08,19.378,20.806
C-0008,2026-08-11,12,2026-08,19.451,20.87
C-0008,2026-08-11,13,2026-08,19.998,20.352
C-0008,2026-08-11,14,2026-08,20.161,20.125
C-0008,2026-08-11,15,2026-08,19.46,19.484
C-0008,2026-08-11,16,2026-08,19.866,18.525
C-0008,2026-08-11,17,2026-08,19.521,18.847
C-0008,2026-08-11,18,2026-08,19.115,18.146
C-0008,2026-08-11,19,2026-08,18.409,18.093
C-0008,2026-08-11,20,2026-08,18.455,17.989
C-0008,2026-08-11,21,2026-08,18.508,18.175
C-0008,2026-08-11,22,2026-08,18.373,16.853
C-0008,2026-08-11,23,2026-08,17.996,16.85
C-0008,2026-08-12,0,2026-08,18.569,17.309
C-0008,2026-08-12,1,2026-08,18.459,17.046
C-0008,2026-08-12,2,2026-08,18.791,16.868
C-0008,2026-08-12,3,2026-08,18.544,16.903
C-0008,2026-08-12,4,2026-08,18.463,17.084
C-0008,2026-08-12,5,2026-08,18.526,17.248
C-0008,2026-08-12,6,2026-08,18.661,18.374
C-0008,2026-08-12,7,2026-08,18.549,19.498
C-0008,2026-08-12,8,2026-08,19.152,21.7
C-0008,2026-08-12,9,2026-08,18.939,22.685
C-0008,2026-08-12,10,2026-08,19.41,23.409
C-0008,2026-08-12,11,2026-08,19.936,22.079
C-0008,2026-08-12,12,2026-08,20.293,22.26
C-0008,2026-08-12,13,2026-08,20.64,21.93
C-0008,2026-08-12,14,2026-08,20.084,21.213
C-0008,2026-08-12,15,2026-08,19.874,20.168
C-0008,2026-08-12,16,2026-08,19.897,19.465
C-0008,2026-08-12,17,2026-08,19.161,19.672
C-0008,2026-08-12,18,2026-08,19.012,18.527
C-0008,2026-08-12,19,2026-08,19.36,18.462
C-0008,2026-08-12,20,2026-08,19.199,18.195
C-0008,2026-08-12,21,2026-08,19.319,18.191
C-0008,2026-08-12,22,2026-08,18.778,17.052
C-0008,2026-08-12,23,2026-08,18.929,16.872
C-0008,2026-08-13,0,2026-08,19.116,16.88
C-0008,2026-08-13,1,2026-08,18.458,17.112
C-0008,2026-08-13,2,2026-08,18.353,16.824
C-0008,2026-08-13,3,2026-08,18.659,16.658
C-0008,2026-08-13,4,2026-08,18.468,16.839
C-0008,2026-08-13,5,2026-08,18.868,16.744
C-0008,2026-08-13,6,2026-08,18.41,17.088
C-0008,2026-08-13,7,2026-08,19.138,17.895
C-0008,2026-08-13,8,2026-08,19.395,19.459
C-0008,2026-08-13,9,2026-08,19.566,19.629
C-0008,2026-08-13,10,2026-08,20.06,20.162
C-0008,2026-08-13,11,2026-08,19.396,18.848
C-0008,2026-08-13,12,2026-08,20.892,18.801
C-0008,2026-08-13,13,2026-08,20.499,19.058
C-0008,2026-08-13,14,2026-08,20.289,18.454
C-0008,2026-08-13,15,2026-08,19.877,18.133
C-0008,2026-08-13,16,2026-08,19.856,17.879
C-0008,2026-08-13,17,2026-08,20.279,18.849
C-0008,2026-08-13,18,2026-08,19.647,18.167
C-0008,2026-08-13,19,2026-08,19.377,18.089
C-0008,2026-08-13,20,2026-08,19.636,17.881
C-0008,2026-08-13,21,2026-08,19.596,17.893
C-0008,2026-08-13,22,2026-08,18.817,16.906
C-0008,2026-08-13,23,2026-08,19.154,16.669
C-0008,2026-08-14,0,2026-08,18.43,16.743
C-0008,2026-08-14,1,2026-08,19.272,17.008
C-0008,2026-08-14,2,2026-08,18.538,16.937
C-0008,2026-08-14,3,2026-08,18.713,16.843
C-0008,2026-08-14,4,2026-08,18.868,16.798
C-0008,2026-08-14,5,2026-08,18.737,17.078
C-0008,2026-08-14,6,2026-08,18.662,17.569
C-0008,2026-08-14,7,2026-08,19.36,18.546
C-0008,2026-08-14,8,2026-08,19.233,20.567
C-0008,2026-08-14,9,2026-08,19.253,21.645
C-0008,2026-08-14,10,2026-08,19.115,21.986
C-0008,2026-08-14,11,2026-08,19.883,20.998
C-0008,2026-08-14,12,2026-08,20.543,21.081
C-0008,2026-08-14,13,2026-08,20.687,20.592
C-0008,2026-08-14,14,2026-08,20.277,20.319
C-0008,2026-08-14,15,2026-08,20.228,19.6
C-0008,2026-08-14,16,2026-08,20.129,18.436
C-0008,2026-08-14,17,2026-08,20.065,18.957
C-0008,2026-08-14,18,2026-08,19.813,18.385
C-0008,2026-08-14,19,2026-08,19.282,17.967
C-0008,2026-08-14,20,2026-08,19.117,17.95
C-0008,2026-08-14,21,2026-08,19.088,18.249
C-0008,2026-08-14,22,2026-08,18.894,16.979
C-0008,2026-08-14,23,2026-08,19.4,16.928
C-0008,2026-08-15,0,2026-08,18.572,16.804
C-0008,2026-08-15,1,2026-08,18.294,17.176
C-0008,2026-08-15,2,2026-08,18.208,17.079
C-0008,2026-08-15,3,2026-08,18.877,17.476
C-0008,2026-08-15,4,2026-08,18.376,17.298
C-0008,2026-08-15,5,2026-08,17.993,17.288
C-0008,2026-08-15,6,2026-08,18.549,18.156
C-0008,2026-08-15,7,2026-08,18.895,19.179
C-0008,2026-08-15,8,2026-08,18.251,21.134
C-0008,2026-08-15,9,2026-08,18.418,22.105
C-0008,2026-08-15,10,2026-08,19.319,22.332
C-0008,2026-08-15,11,2026-08,19.174,21.422
C-0008,2026-08-15,12,2026-08,20.137,21.397
C-0008,2026-08-15,13,2026-08,20.198,20.809
C-0008,2026-08-15,14,2026-08,20.158,20.301
C-0008,2026-08-15,15,2026-08,20.067,19.632
C-0008,2026-08-15,16,2026-08,19.823,18.734
C-0008,2026-08-15,17,2026-08,19.331,19.142
C-0008,2026-08-15,18,2026-08,18.884,18.435
C-0008,2026-08-15,19,2026-08,18.725,18.157
C-0008,2026-08-15,20,2026-08,19.126,18.104
C-0008,2026-08-15,21,2026-08,19.132,18.157
C-0008,2026-08-15,22,2026-08,18.978,16.906
C-0008,2026-08-15,23,2026-08,18.822,16.827
C-0008,2026-08-16,0,2026-08,18.704,17.051
C-0008,2026-08-16,1,2026-08,18.657,16.961
C-0008,2026-08-16,2,2026-08,18.835,17.149
C-0008,2026-08-16,3,2026-08,18.839,17.131
C-0008,2026-08-16,4,2026-08,18.791,17.115
C-0008,2026-08-16,5,2026-08,18.727,17.129
C-0008,2026-08-16,6,2026-08,18.678,17.709
C-0008,2026-08-16,7,2026-08,19.218,18.489
C-0008,2026-08-16,8,2026-08,19.501,21.007
C-0008,2026-08-16,9,2026-08,19.341,21.601
C-0008,2026-08-16,10,2026-08,19.265,22.104
C-0008,2026-08-16,11,2026-08,20.016,21.06
C-0008,2026-08-16,12,2026-08,20.203,21.028
C-0008,2026-08-16,13,2026-08,19.998,20.948
C-0008,2026-08-16,14,2026-08,20.238,20.625
C-0008,2026-08-16,15,2026-08,19.968,20.142
C-0008,2026-08-16,16,2026-08,19.929,19.408
C-0008,2026-08-16,17,2026-08,20.1,20.246
C-0008,2026-08-16,18,2026-08,19.565,19.579
C-0008,2026-08-16,19,2026-08,19.686,20.271
C-0008,2026-08-16,20,2026-08,19.055,19.86
C-0008,2026-08-16,21,2026-08,19.475,20.006
C-0008,2026-08-16,22,2026-08,18.655,18.633
C-0008,2026-08-16,23,2026-08,18.7,19.035
C-0008,2026-08-17,0,2026-08,18.812,18.601
C-0008,2026-08-17,1,2026-08,18.982,18.936
C-0008,2026-08-17,2,2026-08,19.007,18.558
C-0008,2026-08-17,3,2026-08,18.745,18.274
C-0008,2026-08-17,4,2026-08,18.713,17.652
C-0008,2026-08-17,5,2026-08,18.834,18.016
C-0008,2026-08-17,6,2026-08,19.079,18.827
C-0008,2026-08-17,7,2026-08,19.176,19.39
C-0008,2026-08-17,8,2026-08,18.808,21.628
C-0008,2026-08-17,9,2026-08,19.757,23.512
C-0008,2026-08-17,10,2026-08,19.416,23.984
C-0008,2026-08-17,11,2026-08,19.717,22.922
C-0008,2026-08-17,12,2026-08,20.462,22.279
C-0008,2026-08-17,13,2026-08,20.523,22.464
C-0008,2026-08-17,14,2026-08,21.084,22.842
C-0008,2026-08-17,15,2026-08,20.431,21.868
C-0008,2026-08-17,16,2026-08,19.529,20.217
C-0008,2026-08-17,17,2026-08,19.447,19.612
C-0008,2026-08-17,18,2026-08,19.683,18.54
C-0008,2026-08-17,19,2026-08,19.398,18.395
C-0008,2026-08-17,20,2026-08,19.566,18.353
C-0008,2026-08-17,21,2026-08,19.697,18.312
C-0008,2026-08-17,22,2026-08,19.419,17.312
C-0008,2026-08-17,23,2026-08,19.135,17.121
C-0008,2026-08-18,0,2026-08,18.987,17.005
C-0008,2026-08-18,1,2026-08,18.717,16.857
C-0008,2026-08-18,2,2026-08,18.75,16.697
C-0008,2026-08-18,3,2026-08,18.45,17.269
C-0008,2026-08-18,4,2026-08,18.972,17.31
C-0008,2026-08-18,5,2026-08,18.795,17.207
C-0008,2026-08-18,6,2026-08,18.914,18.46
C-0008,2026-08-18,7,2026-08,18.875,18.757
C-0008,2026-08-18,8,2026-08,19.116,20.975
C-0008,2026-08-18,9,2026-08,19.963,21.804
C-0008,2026-08-18,10,2026-08,19.309,22.62
C-0008,2026-08-18,11,2026-08,19.948,21.275
C-0008,2026-08-18,12,2026-08,20.749,21.439
C-0008,2026-08-18,13,2026-08,21.284,21.038
C-0008,2026-08-18,14,2026-08,20.883,20.394
C-0008,2026-08-18,15,2026-08,20.748,19.42
C-0008,2026-08-18,16,2026-08,20.466,18.489
C-0008,2026-08-18,17,2026-08,20.216,18.953
C-0008,2026-08-18,18,2026-08,20.316,18.282
C-0008,2026-08-18,19,2026-08,20.368,18.096
C-0008,2026-08-18,20,2026-08,19.72,17.992
C-0008,2026-08-18,21,2026-08,19.622,18.095
C-0008,2026-08-18,22,2026-08,19.159,17.203
C-0008,2026-08-18,23,2026-08,18.827,17.19
C-0008,2026-08-19,0,2026-08,19.081,17.342
C-0008,2026-08-19,1,2026-08,19.05,17.15
C-0008,2026-08-19,2,2026-08,18.393,17.076
C-0008,2026-08-19,3,2026-08,18.913,17.08
C-0008,2026-08-19,4,2026-08,18.294,17.124
C-0008,2026-08-19,5,2026-08,19.514,17.146
C-0008,2026-08-19,6,2026-08,19.258,18.135
C-0008,2026-08-19,7,2026-08,19.55,19.402
C-0008,2026-08-19,8,2026-08,19.413,21.621
C-0008,2026-08-19,9,2026-08,19.728,22.087
C-0008,2026-08-19,10,2026-08,19.942,22.931
C-0008,2026-08-19,11,2026-08,20.36,22.042
C-0008,2026-08-19,12,2026-08,20.845,22.533
C-0008,2026-08-19,13,2026-08,20.422,22.412
C-0008,2026-08-19,14,2026-08,21.006,21.159
C-0010,2026-07-01,0,2026-07,35.472,8.659
C-0010,2026-07-01,1,2026-07,34.787,10.047
C-0010,2026-07-01,2,2026-07,34.836,9.935
C-0010,2026-07-01,3,2026-07,36.046,9.955
C-0010,2026-07-01,4,2026-07,34.402,10.643
C-0010,2026-07-01,5,2026-07,34.897,17.669
C-0010,2026-07-01,6,2026-07,34.712,31.963
C-0010,2026-07-01,7,2026-07,35.082,47.282
C-0010,2026-07-01,8,2026-07,34.756,63.863
C-0010,2026-07-01,9,2026-07,35.576,76.607
C-0010,2026-07-01,10,2026-07,35.566,84.635
C-0010,2026-07-01,11,2026-07,35.388,90.097
C-0010,2026-07-01,12,2026-07,36.528,89.907
C-0010,2026-07-01,13,2026-07,37.472,86.894
C-0010,2026-07-01,14,2026-07,37.063,77.298
C-0010,2026-07-01,15,2026-07,36.727,64.816
C-0010,2026-07-01,16,2026-07,36.194,48.369
C-0010,2026-07-01,17,2026-07,35.921,29.703
C-0010,2026-07-01,18,2026-07,36.132,16.054
C-0010,2026-07-01,19,2026-07,36.391,8.514
C-0010,2026-07-01,20,2026-07,34.832,8.184
C-0010,2026-07-01,21,2026-07,34.053,7.03
C-0010,2026-07-01,22,2026-07,35.127,6.709
C-0010,2026-07-01,23,2026-07,34.699,6.341
C-0010,2026-07-02,0,2026-07,34.953,6.672
C-0010,2026-07-02,1,2026-07,35.34,6.048
C-0010,2026-07-02,2,2026-07,35.496,6.121
C-0010,2026-07-02,3,2026-07,34.534,5.957
C-0010,2026-07-02,4,2026-07,35.224,5.784
C-0010,2026-07-02,5,2026-07,34.622,11.514
C-0010,2026-07-02,6,2026-07,34.38,22.458
C-0010,2026-07-02,7,2026-07,35.883,34.28
C-0010,2026-07-02,8,2026-07,35.125,46.297
C-0010,2026-07-02,9,2026-07,35.762,55.827
C-0010,2026-07-02,10,2026-07,36.337,63.345
C-0010,2026-07-02,11,2026-07,35.712,66.439
C-0010,2026-07-02,12,2026-07,36.411,66.216
C-0010,2026-07-02,13,2026-07,37.728,63.201
C-0010,2026-07-02,14,2026-07,38.037,56.113
C-0010,2026-07-02,15,2026-07,36.759,46.596
C-0010,2026-07-02,16,2026-07,37.141,35.03
C-0010,2026-07-02,17,2026-07,36.712,22.573
C-0010,2026-07-02,18,2026-07,35.987,11.442
C-0010,2026-07-02,19,2026-07,35.779,5.935
C-0010,2026-07-02,20,2026-07,35.215,5.643
C-0010,2026-07-02,21,2026-07,35.144,5.939
C-0010,2026-07-02,22,2026-07,35.133,5.648
C-0010,2026-07-02,23,2026-07,35.519,5.608
C-0010,2026-07-03,0,2026-07,34.874,5.487
C-0010,2026-07-03,1,2026-07,34.45,5.623
C-0010,2026-07-03,2,2026-07,34.196,5.761
C-0010,2026-07-03,3,2026-07,33.957,6.257
C-0010,2026-07-03,4,2026-07,34.73,6.524
C-0010,2026-07-03,5,2026-07,34.514,13.867
C-0010,2026-07-03,6,2026-07,34.578,28.729
C-0010,2026-07-03,7,2026-07,34.455,45.73
C-0010,2026-07-03,8,2026-07,35.77,62.049
C-0010,2026-07-03,9,2026-07,35.555,75.852
C-0010,2026-07-03,10,2026-07,36.874,85.613
C-0010,2026-07-03,11,2026-07,36.49,91.152
C-0010,2026-07-03,12,2026-07,37.376,91.652
C-0010,2026-07-03,13,2026-07,38.028,86.492
C-0010,2026-07-03,14,2026-07,38.758,76.622
C-0010,2026-07-03,15,2026-07,38.126,63.213
C-0010,2026-07-03,16,2026-07,36.865,46.843
C-0010,2026-07-03,17,2026-07,36.326,30.6
C-0010,2026-07-03,18,2026-07,35.945,15.353
C-0010,2026-07-03,19,2026-07,36.295,8.197
C-0010,2026-07-03,20,2026-07,35.642,8.158
C-0010,2026-07-03,21,2026-07,35.064,6.932
C-0010,2026-07-03,22,2026-07,35.278,6.491
C-0010,2026-07-03,23,2026-07,35.482,6.818
C-0010,2026-07-04,0,2026-07,35.378,6.647
C-0010,2026-07-04,1,2026-07,34.88,7.737
C-0010,2026-07-04,2,2026-07,34.111,9.106
C-0010,2026-07-04,3,2026-07,34.449,9.554
C-0010,2026-07-04,4,2026-07,35.165,10.574
C-0010,2026-07-04,5,2026-07,34.579,19.068
C-0010,2026-07-04,6,2026-07,33.273,34.579
C-0010,2026-07-04,7,2026-07,34.832,52.635
C-0010,2026-07-04,8,2026-07,36.492,69.558
C-0010,2026-07-04,9,2026-07,35.1,85.2
C-0010,2026-07-04,10,2026-07,35.03,96.301
C-0010,2026-07-04,11,2026-07,35.695,102.155
C-0010,2026-07-04,12,2026-07,36.267,102.045
C-0010,2026-07-04,13,2026-07,37.732,95.513
C-0010,2026-07-04,14,2026-07,35.775,85.627
C-0010,2026-07-04,15,2026-07,36.144,70.642
C-0010,2026-07-04,16,2026-07,35.348,51.728
C-0010,2026-07-04,17,2026-07,36.649,32.323
C-0010,2026-07-04,18,2026-07,36.378,16.174
C-0010,2026-07-04,19,2026-07,35.385,8.75
C-0010,2026-07-04,20,2026-07,33.868,7.127
C-0010,2026-07-04,21,2026-07,35.135,6.903
C-0010,2026-07-04,22,2026-07,34.692,6.994
C-0010,2026-07-04,23,2026-07,36.142,7.06
C-0010,2026-07-05,0,2026-07,33.946,7.12
C-0010,2026-07-05,1,2026-07,35.356,7.277
C-0010,2026-07-05,2,2026-07,35.404,8.18
C-0010,2026-07-05,3,2026-07,33.671,7.977
C-0010,2026-07-05,4,2026-07,35.067,7.683
C-0010,2026-07-05,5,2026-07,34.187,14.109
C-0010,2026-07-05,6,2026-07,35.186,29.816
C-0010,2026-07-05,7,2026-07,34.313,45.485
C-0010,2026-07-05,8,2026-07,34.837,61.653
C-0010,2026-07-05,9,2026-07,35.095,75.247
C-0010,2026-07-05,10,2026-07,35.574,83.238
C-0010,2026-07-05,11,2026-07,36.373,88.651
C-0010,2026-07-05,12,2026-07,36.922,89.466
C-0010,2026-07-05,13,2026-07,36.705,84.558
C-0010,2026-07-05,14,2026-07,37.006,74.011
C-0010,2026-07-05,15,2026-07,36.008,59.959
C-0010,2026-07-05,16,2026-07,35.653,44.626
C-0010,2026-07-05,17,2026-07,35.657,27.83
C-0010,2026-07-05,18,2026-07,35.789,13.133
C-0010,2026-07-05,19,2026-07,35.007,6.196
C-0010,2026-07-05,20,2026-07,34.144,6.081
C-0010,2026-07-05,21,2026-07,34.208,5.728
C-0010,2026-07-05,22,2026-07,35.052,5.462
C-0010,2026-07-05,23,2026-07,34.803,5.958
C-0010,2026-07-06,0,2026-07,34.392,6.242
C-0010,2026-07-06,1,2026-07,34.77,5.79
C-0010,2026-07-06,2,2026-07,34.385,6.184
C-0010,2026-07-06,3,2026-07,34.774,5.584
C-0010,2026-07-06,4,2026-07,34.791,5.629
C-0010,2026-07-06,5,2026-07,34.802,10.952
C-0010,2026-07-06,6,2026-07,34.98,22.325
C-0010,2026-07-06,7,2026-07,34.703,34.554
C-0010,2026-07-06,8,2026-07,35.589,45.986
C-0010,2026-07-06,9,2026-07,34.669,55.937
C-0010,2026-07-06,10,2026-07,34.974,62.305
C-0010,2026-07-06,11,2026-07,36.259,66.717
C-0010,2026-07-06,12,2026-07,35.894,66.484
C-0010,2026-07-06,13,2026-07,36.205,64.101
C-0010,2026-07-06,14,2026-07,38.031,55.956
C-0010,2026-07-06,15,2026-07,36.647,46.753
C-0010,2026-07-06,16,2026-07,34.692,35.291
C-0010,2026-07-06,17,2026-07,35.479,23.205
C-0010,2026-07-06,18,2026-07,35.219,12.214
C-0010,2026-07-06,19,2026-07,34.94,8.184
C-0010,2026-07-06,20,2026-07,35.621,10.036
C-0010,2026-07-06,21,2026-07,34.118,10.113
C-0010,2026-07-06,22,2026-07,35.447,8.316
C-0010,2026-07-06,23,2026-07,35.075,7.232
C-0010,2026-07-07,0,2026-07,35.485,7.476
C-0010,2026-07-07,1,2026-07,34.626,6.558
C-0010,2026-07-07,2,2026-07,34.556,7.903
C-0010,2026-07-07,3,2026-07,34.674,8.744
C-0010,2026-07-07,4,2026-07,35.02,7.9
C-0010,2026-07-07,5,2026-07,34.854,13.443
C-0010,2026-07-07,6,2026-07,35.666,24.496
C-0010,2026-07-07,7,2026-07,35.133,38.588
C-0010,2026-07-07,8,2026-07,35.124,54.035
C-0010,2026-07-07,9,2026-07,34.993,62.83
C-0010,2026-07-07,10,2026-07,35.318,71.704
C-0010,2026-07-07,11,2026-07,35.275,74.581
C-0010,2026-07-07,12,2026-07,36.625,74.767
C-0010,2026-07-07,13,2026-07,37.204,71.659
C-0010,2026-07-07,14,2026-07,37.043,62.182
C-0010,2026-07-07,15,2026-07,36.689,53.782
C-0010,2026-07-07,16,2026-07,36.719,40.439
C-0010,2026-07-07,17,2026-07,35.55,27.265
C-0010,2026-07-07,18,2026-07,35.538,15.014
C-0010,2026-07-07,19,2026-07,34.723,9.739
C-0010,2026-07-07,20,2026-07,34.882,10.319
C-0010,2026-07-07,21,2026-07,34.425,10.803
C-0010,2026-07-07,22,2026-07,35.254,8.359
C-0010,2026-07-07,23,2026-07,34.892,8.378
C-0010,2026-07-08,0,2026-07,34.749,7.862
C-0010,2026-07-08,1,2026-07,35.102,7.714
C-0010,2026-07-08,2,2026-07,34.962,7.179
C-0010,2026-07-08,3,2026-07,35.259,6.243
C-0010,2026-07-08,4,2026-07,34.854,5.813
C-0010,2026-07-08,5,2026-07,35.156,12.888
C-0010,2026-07-08,6,2026-07,34.962,28.239
C-0010,2026-07-08,7,2026-07,35.011,44.926
C-0010,2026-07-08,8,2026-07,35.821,61.275
C-0010,2026-07-08,9,2026-07,35.786,74.36
C-0010,2026-07-08,10,2026-07,34.911,83.632
C-0010,2026-07-08,11,2026-07,37.352,88.502
C-0010,2026-07-08,12,2026-07,36.899,88.736
C-0010,2026-07-08,13,2026-07,37.569,84.111
C-0010,2026-07-08,14,2026-07,37.619,74.405
C-0010,2026-07-08,15,2026-07,37.873,60.697
C-0010,2026-07-08,16,2026-07,36.649,45.51
C-0010,2026-07-08,17,2026-07,36.619,28.112
C-0010,2026-07-08,18,2026-07,36.723,12.909
C-0010,2026-07-08,19,2026-07,34.868,5.475
C-0010,2026-07-08,20,2026-07,35.989,5.557
C-0010,2026-07-08,21,2026-07,35.982,5.528
C-0010,2026-07-08,22,2026-07,35.963,5.822
C-0010,2026-07-08,23,2026-07,35.279,5.63
C-0010,2026-07-09,0,2026-07,35.523,5.933
C-0010,2026-07-09,1,2026-07,36.052,6.152
C-0010,2026-07-09,2,2026-07,35.351,5.654
C-0010,2026-07-09,3,2026-07,34.239,5.458
C-0010,2026-07-09,4,2026-07,34.79,5.955
C-0010,2026-07-09,5,2026-07,35.842,12.48
C-0010,2026-07-09,6,2026-07,34.737,25.793
C-0010,2026-07-09,7,2026-07,35.068,40.679
C-0010,2026-07-09,8,2026-07,37.051,54.354
C-0010,2026-07-09,9,2026-07,35.845,65.553
C-0010,2026-07-09,10,2026-07,36.513,74.104
C-0010,2026-07-09,11,2026-07,37.015,78.383
C-0010,2026-07-09,12,2026-07,37.392,81.204
C-0010,2026-07-09,13,2026-07,37.684,77.721
C-0010,2026-07-09,14,2026-07,37.493,71.984
C-0010,2026-07-09,15,2026-07,38.095,57.756
C-0010,2026-07-09,16,2026-07,36.072,43.753
C-0010,2026-07-09,17,2026-07,35.895,28.993
C-0010,2026-07-09,18,2026-07,35.713,16.157
C-0010,2026-07-09,19,2026-07,36.198,9.306
C-0010,2026-07-09,20,2026-07,35.885,7.965
C-0010,2026-07-09,21,2026-07,35.403,6.856
C-0010,2026-07-09,22,2026-07,35.078,6.618
C-0010,2026-07-09,23,2026-07,34.688,6.938
C-0010,2026-07-10,0,2026-07,35.114,7.129
C-0010,2026-07-10,1,2026-07,35.091,7.132
C-0010,2026-07-10,2,2026-07,35.375,8.231
C-0010,2026-07-10,3,2026-07,34.676,7.723
C-0010,2026-07-10,4,2026-07,34.429,6.888
C-0010,2026-07-10,5,2026-07,35.121,14.535
C-0010,2026-07-10,6,2026-07,34.716,31.834
C-0010,2026-07-10,7,2026-07,34.478,49.717
C-0010,2026-07-10,8,2026-07,35.117,67.244
C-0010,2026-07-10,9,2026-07,35.309,80.697
C-0010,2026-07-10,10,2026-07,36.4,91.986
C-0010,2026-07-10,11,2026-07,36.761,96.714
C-0010,2026-07-10,12,2026-07,36.69,96.322
C-0010,2026-07-10,13,2026-07,38.361,90.989
C-0010,2026-07-10,14,2026-07,38.713,80.304
C-0010,2026-07-10,15,2026-07,37.828,65.842
C-0010,2026-07-10,16,2026-07,36.626,48.531
C-0010,2026-07-10,17,2026-07,36.197,30.914
C-0010,2026-07-10,18,2026-07,35.468,14.632
C-0010,2026-07-10,19,2026-07,35.241,7.342
C-0010,2026-07-10,20,2026-07,36.12,7.302
C-0010,2026-07-10,21,2026-07,35.477,6.754
C-0010,2026-07-10,22,2026-07,35.303,6.996
C-0010,2026-07-10,23,2026-07,35.553,7.947
C-0010,2026-07-11,0,2026-07,34.176,7.569
C-0010,2026-07-11,1,2026-07,34.918,8.472
C-0010,2026-07-11,2,2026-07,34.889,8.052
C-0010,2026-07-11,3,2026-07,34.545,7.178
C-0010,2026-07-11,4,2026-07,34.791,8.386
C-0010,2026-07-11,5,2026-07,35.62,14.653
C-0010,2026-07-11,6,2026-07,35.776,29.47
C-0010,2026-07-11,7,2026-07,34.377,45.76
C-0010,2026-07-11,8,2026-07,35.709,62.566
C-0010,2026-07-11,9,2026-07,35.796,75.007
C-0010,2026-07-11,10,2026-07,35.849,83.89
C-0010,2026-07-11,11,2026-07,37.335,90.273
C-0010,2026-07-11,12,2026-07,36.01,90.017
C-0010,2026-07-11,13,2026-07,36.365,85.482
C-0010,2026-07-11,14,2026-07,37.056,76.822
C-0010,2026-07-11,15,2026-07,35.833,63.167
C-0010,2026-07-11,16,2026-07,36.838,49.954
C-0010,2026-07-11,17,2026-07,37.704,30.664
C-0010,2026-07-11,18,2026-07,37.209,20.592
C-0010,2026-07-11,19,2026-07,35.746,12.24
C-0010,2026-07-11,20,2026-07,35.865,13.4
C-0010,2026-07-11,21,2026-07,36.351,12.498
C-0010,2026-07-11,22,2026-07,34.137,10.48
C-0010,2026-07-11,23,2026-07,34.828,8.444
C-0010,2026-07-12,0,2026-07,34.848,7.862
C-0010,2026-07-12,1,2026-07,34.475,6.99
C-0010,2026-07-12,2,2026-07,35.795,8.048
C-0010,2026-07-12,3,2026-07,35.502,9.225
C-0010,2026-07-12,4,2026-07,34.745,8.721
C-0010,2026-07-12,5,2026-07,34.778,16.981
C-0010,2026-07-12,6,2026-07,34.459,34.288
C-0010,2026-07-12,7,2026-07,34.63,53.665
C-0010,2026-07-12,8,2026-07,34.478,72.204
C-0010,2026-07-12,9,2026-07,35.241,87.964
C-0010,2026-07-12,10,2026-07,35.321,101.652
C-0010,2026-07-12,11,2026-07,35.56,107.679
C-0010,2026-07-12,12,2026-07,34.774,105.567
C-0010,2026-07-12,13,2026-07,36.794,98.526
C-0010,2026-07-12,14,2026-07,35.841,86.983
C-0010,2026-07-12,15,2026-07,35.009,70.711
C-0010,2026-07-12,16,2026-07,35.403,51.714
C-0010,2026-07-12,17,2026-07,35.913,33.159
C-0010,2026-07-12,18,2026-07,35.493,15.94
C-0010,2026-07-12,19,2026-07,35.126,7.398
C-0010,2026-07-12,20,2026-07,35.045,7.933
C-0010,2026-07-12,21,2026-07,34.495,8.383
C-0010,2026-07-12,22,2026-07,35.391,7.184
C-0010,2026-07-12,23,2026-07,35.858,6.34
C-0010,2026-07-13,0,2026-07,34.587,5.905
C-0010,2026-07-13,1,2026-07,34.732,5.869
C-0010,2026-07-13,2,2026-07,35.137,5.928
C-0010,2026-07-13,3,2026-07,34.403,6.54
C-0010,2026-07-13,4,2026-07,33.986,6.468
C-0010,2026-07-13,5,2026-07,34.269,13.138
C-0010,2026-07-13,6,2026-07,35.274,27.409
C-0010,2026-07-13,7,2026-07,34.248,42.453
C-0010,2026-07-13,8,2026-07,35.796,57.626
C-0010,2026-07-13,9,2026-07,36.033,70.127
C-0010,2026-07-13,10,2026-07,36.276,79.674
C-0010,2026-07-13,11,2026-07,37.081,84.331
C-0010,2026-07-13,12,2026-07,38.078,83.742
C-0010,2026-07-13,13,2026-07,39.14,79.044
C-0010,2026-07-13,14,2026-07,38.316,70.06
C-0010,2026-07-13,15,2026-07,38.27,57.39
C-0010,2026-07-13,16,2026-07,37.266,42.675
C-0010,2026-07-13,17,2026-07,37.739,28.334
C-0010,2026-07-13,18,2026-07,36.478,13.904
C-0010,2026-07-13,19,2026-07,35.273,7.871
C-0010,2026-07-13,20,2026-07,35.708,7.995
C-0010,2026-07-13,21,2026-07,37.164,7.851
C-0010,2026-07-13,22,2026-07,35.271,9.236
C-0010,2026-07-13,23,2026-07,34.331,8.573
C-0010,2026-07-14,0,2026-07,34.638,9.272
C-0010,2026-07-14,1,2026-07,34.409,8.634
C-0010,2026-07-14,2,2026-07,34.746,9.048
C-0010,2026-07-14,3,2026-07,36.341,10.344
C-0010,2026-07-14,4,2026-07,34.749,9.277
C-0010,2026-07-14,5,2026-07,34.969,14.774
C-0010,2026-07-14,6,2026-07,34.57,25.707
C-0010,2026-07-14,7,2026-07,36.102,38.868
C-0010,2026-07-14,8,2026-07,35.38,52.286
C-0010,2026-07-14,9,2026-07,36.438,62.642
C-0010,2026-07-14,10,2026-07,37.792,70.07
C-0010,2026-07-14,11,2026-07,37.49,73.873
C-0010,2026-07-14,12,2026-07,38.786,74.176
C-0010,2026-07-14,13,2026-07,38.818,70.651
C-0010,2026-07-14,14,2026-07,38.171,63.001
C-0010,2026-07-14,15,2026-07,37.718,53.76
C-0010,2026-07-14,16,2026-07,37.905,41.314
C-0010,2026-07-14,17,2026-07,38.451,29.847
C-0010,2026-07-14,18,2026-07,36.49,18.623
C-0010,2026-07-14,19,2026-07,37.465,13.305
C-0010,2026-07-14,20,2026-07,36.664,10.32
C-0010,2026-07-14,21,2026-07,36.1,10.324
C-0010,2026-07-14,22,2026-07,35.278,11.613
C-0010,2026-07-14,23,2026-07,36.307,12.243
C-0010,2026-07-15,0,2026-07,35.103,12.129
C-0010,2026-07-15,1,2026-07,34.945,15.128
C-0010,2026-07-15,2,2026-07,35.647,13.738
C-0010,2026-07-15,3,2026-07,34.996,13.655
C-0010,2026-07-15,4,2026-07,35.161,12.593
C-0010,2026-07-15,5,2026-07,35.43,16.646
C-0010,2026-07-15,6,2026-07,35.205,28.6
C-0010,2026-07-15,7,2026-07,35.673,42.042
C-0010,2026-07-15,8,2026-07,36.273,54.071
C-0010,2026-07-15,9,2026-07,36.41,64.412
C-0010,2026-07-15,10,2026-07,36.921,70.591
C-0010,2026-07-15,11,2026-07,37.009,74.668
C-0010,2026-07-15,12,2026-07,39.324,73.802
C-0010,2026-07-15,13,2026-07,39.875,69.618
C-0010,2026-07-15,14,2026-07,38.441,60.925
C-0010,2026-07-15,15,2026-07,38.301,49.859
C-0010,2026-07-15,16,2026-07,37.401,37.578
C-0010,2026-07-15,17,2026-07,36.778,24.141
C-0010,2026-07-15,18,2026-07,36.884,12.287
C-0010,2026-07-15,19,2026-07,36.284,6.732
C-0010,2026-07-15,20,2026-07,35.999,6.077
C-0010,2026-07-15,21,2026-07,36.14,6.108
C-0010,2026-07-15,22,2026-07,34.736,6.221
C-0010,2026-07-15,23,2026-07,35.184,5.515
C-0010,2026-07-16,0,2026-07,35.379,5.674
C-0010,2026-07-16,1,2026-07,36.202,6.246
C-0010,2026-07-16,2,2026-07,35.354,6.716
C-0010,2026-07-16,3,2026-07,35.076,6.083
C-0010,2026-07-16,4,2026-07,36.527,7.482
C-0010,2026-07-16,5,2026-07,35.721,13.918
C-0010,2026-07-16,6,2026-07,35.909,29.989
C-0010,2026-07-16,7,2026-07,36.348,48.289
C-0010,2026-07-16,8,2026-07,37.211,64.573
C-0010,2026-07-16,9,2026-07,36.632,77.94
C-0010,2026-07-16,10,2026-07,38.261,89.206
C-0010,2026-07-16,11,2026-07,37.469,94.584
C-0010,2026-07-16,12,2026-07,39.031,94.747
C-0010,2026-07-16,13,2026-07,39.62,91.437
C-0010,2026-07-16,14,2026-07,39.631,80.114
C-0010,2026-07-16,15,2026-07,39.437,65.904
C-0010,2026-07-16,16,2026-07,37.776,47.362
C-0010,2026-07-16,17,2026-07,37.547,29.76
C-0010,2026-07-16,18,2026-07,37.948,14.393
C-0010,2026-07-16,19,2026-07,36.202,6.14
C-0010,2026-07-16,20,2026-07,37.138,6.835
C-0010,2026-07-16,21,2026-07,36.471,6.304
C-0010,2026-07-16,22,2026-07,36.161,7.407
C-0010,2026-07-16,23,2026-07,36.762,7.49
C-0010,2026-07-17,0,2026-07,36.471,6.879
C-0010,2026-07-17,1,2026-07,35.661,7.212
C-0010,2026-07-17,2,2026-07,35.981,7.559
C-0010,2026-07-17,3,2026-07,35.853,6.682
C-0010,2026-07-17,4,2026-07,34.775,7.42
C-0010,2026-07-17,5,2026-07,35.711,12.127
C-0010,2026-07-17,6,2026-07,35.515,24.149
C-0010,2026-07-17,7,2026-07,35.858,37.267
C-0010,2026-07-17,8,2026-07,36.502,49.032
C-0010,2026-07-17,9,2026-07,36.724,60.093
C-0010,2026-07-17,10,2026-07,37.515,67.42
C-0010,2026-07-17,11,2026-07,38.36,72.26
C-0010,2026-07-17,12,2026-07,39.76,72.083
C-0010,2026-07-17,13,2026-07,39.94,67.382
C-0010,2026-07-17,14,2026-07,39.679,60.526
C-0010,2026-07-17,15,2026-07,39.461,49.39
C-0010,2026-07-17,16,2026-07,38.289,36.817
C-0010,2026-07-17,17,2026-07,37.216,24.363
C-0010,2026-07-17,18,2026-07,37.099,12.096
C-0010,2026-07-17,19,2026-07,36.82,8.175
C-0010,2026-07-17,20,2026-07,36.731,8.035
C-0010,2026-07-17,21,2026-07,35.815,7.534
C-0010,2026-07-17,22,2026-07,35.444,7.841
C-0010,2026-07-17,23,2026-07,35.693,9.292
C-0010,2026-07-18,0,2026-07,36.166,8.215
C-0010,2026-07-18,1,2026-07,35.431,6.695
C-0010,2026-07-18,2,2026-07,34.811,7.118
C-0010,2026-07-18,3,2026-07,35.196,7.503
C-0010,2026-07-18,4,2026-07,34.716,7.271
C-0010,2026-07-18,5,2026-07,34.254,13.832
C-0010,2026-07-18,6,2026-07,34.257,30.226
C-0010,2026-07-18,7,2026-07,35.104,49.254
C-0010,2026-07-18,8,2026-07,35.06,67.67
C-0010,2026-07-18,9,2026-07,36.752,82.659
C-0010,2026-07-18,10,2026-07,36.432,94.146
C-0010,2026-07-18,11,2026-07,37.132,100.14
C-0010,2026-07-18,12,2026-07,37.952,98.732
C-0010,2026-07-18,13,2026-07,37.106,92.869
C-0010,2026-07-18,14,2026-07,37.593,82.492
C-0010,2026-07-18,15,2026-07,38.082,68.415
C-0010,2026-07-18,16,2026-07,36.895,49.894
C-0010,2026-07-18,17,2026-07,36.556,30.561
C-0010,2026-07-18,18,2026-07,36.58,14.698
C-0010,2026-07-18,19,2026-07,36.029,7.699
C-0010,2026-07-18,20,2026-07,36.916,7.658
C-0010,2026-07-18,21,2026-07,36.267,7.999
C-0010,2026-07-18,22,2026-07,36.164,8.388
C-0010,2026-07-18,23,2026-07,35.381,7.54
C-0010,2026-07-19,0,2026-07,36.006,7.924
C-0010,2026-07-19,1,2026-07,35.839,7.356
C-0010,2026-07-19,2,2026-07,34.985,6.932
C-0010,2026-07-19,3,2026-07,34.518,8.943
C-0010,2026-07-19,4,2026-07,34.555,8.62
C-0010,2026-07-19,5,2026-07,35.035,15.869
C-0010,2026-07-19,6,2026-07,35.178,33.668
C-0010,2026-07-19,7,2026-07,36.084,52.256
C-0010,2026-07-19,8,2026-07,34.415,71.784
C-0010,2026-07-19,9,2026-07,36.323,86.29
C-0010,2026-07-19,10,2026-07,36.243,98.879
C-0010,2026-07-19,11,2026-07,36.236,105.334
C-0010,2026-07-19,12,2026-07,36.081,104.944
C-0010,2026-07-19,13,2026-07,39.271,98.737
C-0010,2026-07-19,14,2026-07,38.776,86.827
C-0010,2026-07-19,15,2026-07,36.66,69.908
C-0010,2026-07-19,16,2026-07,37.846,50.937
C-0010,2026-07-19,17,2026-07,37.95,30.537
C-0010,2026-07-19,18,2026-07,37.687,12.569
C-0010,2026-07-19,19,2026-07,37.675,5.347
C-0010,2026-07-19,20,2026-07,36.013,5.815
C-0010,2026-07-19,21,2026-07,36.598,6.101
C-0010,2026-07-19,22,2026-07,35.643,6.842
C-0010,2026-07-19,23,2026-07,35.193,6.906
C-0010,2026-07-20,0,2026-07,34.188,7.538
C-0010,2026-07-20,1,2026-07,34.635,7.222
C-0010,2026-07-20,2,2026-07,35.307,7.112
C-0010,2026-07-20,3,2026-07,35.009,6.598
C-0010,2026-07-20,4,2026-07,34.889,8.598
C-0010,2026-07-20,5,2026-07,34.899,15.865
C-0010,2026-07-20,6,2026-07,34.86,29.031
C-0010,2026-07-20,7,2026-07,33.948,45.519
C-0010,2026-07-20,8,2026-07,35.107,61.103
C-0010,2026-07-20,9,2026-07,35.998,74.912
C-0010,2026-07-20,10,2026-07,36.726,84.934
C-0010,2026-07-20,11,2026-07,37.305,90.449
C-0010,2026-07-20,12,2026-07,38.52,90.08
C-0010,2026-07-20,13,2026-07,38.786,85.002
C-0010,2026-07-20,14,2026-07,39.168,75.111
C-0010,2026-07-20,15,2026-07,38.592,60.49
C-0010,2026-07-20,16,2026-07,36.95,45.027
C-0010,2026-07-20,17,2026-07,37.145,27.277
C-0010,2026-07-20,18,2026-07,36.226,12.561
C-0010,2026-07-20,19,2026-07,36.476,6.913
C-0010,2026-07-20,20,2026-07,35.388,7.678
C-0010,2026-07-20,21,2026-07,36.233,6.992
C-0010,2026-07-20,22,2026-07,34.94,6.818
C-0010,2026-07-20,23,2026-07,35.766,6.666
C-0010,2026-07-21,0,2026-07,34.64,7.458
C-0010,2026-07-21,1,2026-07,35.103,7.21
C-0010,2026-07-21,2,2026-07,34.68,7.527
C-0010,2026-07-21,3,2026-07,34.508,6.324
C-0010,2026-07-21,4,2026-07,35.148,6.172
C-0010,2026-07-21,5,2026-07,35.012,13.201
C-0010,2026-07-21,6,2026-07,34.987,25.065
C-0010,2026-07-21,7,2026-07,36.042,38.343
C-0010,2026-07-21,8,2026-07,36.547,51.169
C-0010,2026-07-21,9,2026-07,36.796,62.536
C-0010,2026-07-21,10,2026-07,37.238,69.782
C-0010,2026-07-21,11,2026-07,37.709,75.97
C-0010,2026-07-21,12,2026-07,38.855,79.329
C-0010,2026-07-21,13,2026-07,38.442,71.717
C-0010,2026-07-21,14,2026-07,39.04,62.689
C-0010,2026-07-21,15,2026-07,38.625,52.355
C-0010,2026-07-21,16,2026-07,38.095,39.826
C-0010,2026-07-21,17,2026-07,37.723,28.343
C-0010,2026-07-21,18,2026-07,36.817,16.795
C-0010,2026-07-21,19,2026-07,37.441,11.478
C-0010,2026-07-21,20,2026-07,35.04,11.214
C-0010,2026-07-21,21,2026-07,36.307,11.915
C-0010,2026-07-21,22,2026-07,35.178,12.378
C-0010,2026-07-21,23,2026-07,36.121,10.662
C-0010,2026-07-22,0,2026-07,36.107,9.312
C-0010,2026-07-22,1,2026-07,35.74,10.304
C-0010,2026-07-22,2,2026-07,36.151,10.092
C-0010,2026-07-22,3,2026-07,35.35,8.892
C-0010,2026-07-22,4,2026-07,35.632,8.872
C-0010,2026-07-22,5,2026-07,35.497,16.542
C-0010,2026-07-22,6,2026-07,35.132,31.251
C-0010,2026-07-22,7,2026-07,36.155,48.485
C-0010,2026-07-22,8,2026-07,36.183,65.789
C-0010,2026-07-22,9,2026-07,37.083,81.769
C-0010,2026-07-22,10,2026-07,36.737,92.069
C-0010,2026-07-22,11,2026-07,38.032,96.725
C-0010,2026-07-22,12,2026-07,39.348,96.938
C-0010,2026-07-22,13,2026-07,39.232,91.447
C-0010,2026-07-22,14,2026-07,39.16,80.85
C-0010,2026-07-22,15,2026-07,40.392,64.719
C-0010,2026-07-22,16,2026-07,38.947,47.261
C-0010,2026-07-22,17,2026-07,38.929,28.736
C-0010,2026-07-22,18,2026-07,39.235,12.39
C-0010,2026-07-22,19,2026-07,38.163,6.273
C-0010,2026-07-22,20,2026-07,37.221,7.238
C-0010,2026-07-22,21,2026-07,36.733,5.823
C-0010,2026-07-22,22,2026-07,37.224,6.1
C-0010,2026-07-22,23,2026-07,36.296,6.165
C-0010,2026-07-23,0,2026-07,35.834,6.312
C-0010,2026-07-23,1,2026-07,35.323,6.165
C-0010,2026-07-23,2,2026-07,35.519,6.14
C-0010,2026-07-23,3,2026-07,34.951,6.357
C-0010,2026-07-23,4,2026-07,35.385,5.742
C-0010,2026-07-23,5,2026-07,36.66,12.113
C-0010,2026-07-23,6,2026-07,36.211,28.608
C-0010,2026-07-23,7,2026-07,35.849,46.8
C-0010,2026-07-23,8,2026-07,36.715,64.304
C-0010,2026-07-23,9,2026-07,37.266,78.228
C-0010,2026-07-23,10,2026-07,38.224,88.075
C-0010,2026-07-23,11,2026-07,37.42,93.605
C-0010,2026-07-23,12,2026-07,40.222,93.729
C-0010,2026-07-23,13,2026-07,38.356,88.556
C-0010,2026-07-23,14,2026-07,39.321,77.995
C-0010,2026-07-23,15,2026-07,38.236,63.788
C-0010,2026-07-23,16,2026-07,39.457,46.728
C-0010,2026-07-23,17,2026-07,38.073,28.853
C-0010,2026-07-23,18,2026-07,36.855,12.509
C-0010,2026-07-23,19,2026-07,36.946,6.848
C-0010,2026-07-23,20,2026-07,38.291,7.029
C-0010,2026-07-23,21,2026-07,36.26,8.432
C-0010,2026-07-23,22,2026-07,35.817,9.31
C-0010,2026-07-23,23,2026-07,36.673,10.057
C-0010,2026-07-24,0,2026-07,35.8,9.558
C-0010,2026-07-24,1,2026-07,35.412,9.659
C-0010,2026-07-24,2,2026-07,34.857,8.955
C-0010,2026-07-24,3,2026-07,35.542,7.963
C-0010,2026-07-24,4,2026-07,35.181,9.172
C-0010,2026-07-24,5,2026-07,35.668,15.256
C-0010,2026-07-24,6,2026-07,36.359,32.775
C-0010,2026-07-24,7,2026-07,37.033,50.36
C-0010,2026-07-24,8,2026-07,36.616,68.674
C-0010,2026-07-24,9,2026-07,37.401,85.097
C-0010,2026-07-24,10,2026-07,37.07,95.785
C-0010,2026-07-24,11,2026-07,37.977,101.548
C-0010,2026-07-24,12,2026-07,39.557,100.912
C-0010,2026-07-24,13,2026-07,38.81,95.436
C-0010,2026-07-24,14,2026-07,38.991,84.355
C-0010,2026-07-24,15,2026-07,38.85,68.955
C-0010,2026-07-24,16,2026-07,37.854,50.726
C-0010,2026-07-24,17,2026-07,38.283,30.955
C-0010,2026-07-24,18,2026-07,38.277,14.968
C-0010,2026-07-24,19,2026-07,37.134,8.43
C-0010,2026-07-24,20,2026-07,36.67,7.089
C-0010,2026-07-24,21,2026-07,36.904,6.304
C-0010,2026-07-24,22,2026-07,35.912,6.243
C-0010,2026-07-24,23,2026-07,35.871,8.108
C-0010,2026-07-25,0,2026-07,35.598,7.769
C-0010,2026-07-25,1,2026-07,34.958,7.756
C-0010,2026-07-25,2,2026-07,35.559,6.932
C-0010,2026-07-25,3,2026-07,34.984,5.574
C-0010,2026-07-25,4,2026-07,34.932,6.004
C-0010,2026-07-25,5,2026-07,35.513,11.356
C-0010,2026-07-25,6,2026-07,36.389,27.501
C-0010,2026-07-25,7,2026-07,36.343,45.893
C-0010,2026-07-25,8,2026-07,35.464,62.938
C-0010,2026-07-25,9,2026-07,36.317,78.078
C-0010,2026-07-25,10,2026-07,37.357,89.052
C-0010,2026-07-25,11,2026-07,37.146,94.488
C-0010,2026-07-25,12,2026-07,37.319,94.504
C-0010,2026-07-25,13,2026-07,38.565,89.159
C-0010,2026-07-25,14,2026-07,39.016,77.616
C-0010,2026-07-25,15,2026-07,38.355,62.778
C-0010,2026-07-25,16,2026-07,37.116,45.449
C-0010,2026-07-25,17,2026-07,37.153,27.333
C-0010,2026-07-25,18,2026-07,37.404,10.748
C-0010,2026-07-25,19,2026-07,36.727,4.924
C-0010,2026-07-25,20,2026-07,36.59,5.46
C-0010,2026-07-25,21,2026-07,37.678,5.233
C-0010,2026-07-25,22,2026-07,36.071,5.98
C-0010,2026-07-25,23,2026-07,35.591,6.147
C-0010,2026-07-26,0,2026-07,35.027,7.146
C-0010,2026-07-26,1,2026-07,35.99,6.526
C-0010,2026-07-26,2,2026-07,34.817,6.327
C-0010,2026-07-26,3,2026-07,34.68,7.099
C-0010,2026-07-26,4,2026-07,34.514,6.554
C-0010,2026-07-26,5,2026-07,35.945,12.866
C-0010,2026-07-26,6,2026-07,34.73,30.39
C-0010,2026-07-26,7,2026-07,34.943,49.665
C-0010,2026-07-26,8,2026-07,35.865,66.454
C-0010,2026-07-26,9,2026-07,36.963,81.388
C-0010,2026-07-26,10,2026-07,36.741,92.725
C-0010,2026-07-26,11,2026-07,36.977,99.478
C-0010,2026-07-26,12,2026-07,37.256,100.161
C-0010,2026-07-26,13,2026-07,37.754,94.867
C-0010,2026-07-26,14,2026-07,37.899,84.765
C-0010,2026-07-26,15,2026-07,38.03,67.345
C-0010,2026-07-26,16,2026-07,37.003,48.564
C-0010,2026-07-26,17,2026-07,37.897,31.396
C-0010,2026-07-26,18,2026-07,36.695,15.028
C-0010,2026-07-26,19,2026-07,35.516,9.849
C-0010,2026-07-26,20,2026-07,36.121,9.426
C-0010,2026-07-26,21,2026-07,35.731,9.516
C-0010,2026-07-26,22,2026-07,34.831,8.314
C-0010,2026-07-26,23,2026-07,36.211,7.449
C-0010,2026-07-27,0,2026-07,35.27,7.563
C-0010,2026-07-27,1,2026-07,34.995,7.227
C-0010,2026-07-27,2,2026-07,34.316,6.033
C-0010,2026-07-27,3,2026-07,34.158,6.318
C-0010,2026-07-27,4,2026-07,35.767,6.287
C-0010,2026-07-27,5,2026-07,35.297,11.426
C-0010,2026-07-27,6,2026-07,34.482,26.526
C-0010,2026-07-27,7,2026-07,35.022,43.113
C-0010,2026-07-27,8,2026-07,36.361,60.576
C-0010,2026-07-27,9,2026-07,36.378,74.323
C-0010,2026-07-27,10,2026-07,35.937,85.363
C-0010,2026-07-27,11,2026-07,37.315,91.008
C-0010,2026-07-27,12,2026-07,38.486,90.892
C-0010,2026-07-27,13,2026-07,39.341,84.218
C-0010,2026-07-27,14,2026-07,38.309,73.979
C-0010,2026-07-27,15,2026-07,38.06,59.67
C-0010,2026-07-27,16,2026-07,37.535,43.183
C-0010,2026-07-27,17,2026-07,37.213,26.1
C-0010,2026-07-27,18,2026-07,37.176,10.879
C-0010,2026-07-27,19,2026-07,36.545,5.774
C-0010,2026-07-27,20,2026-07,37.12,5.997
C-0010,2026-07-27,21,2026-07,35.388,6.084
C-0010,2026-07-27,22,2026-07,35.868,6.837
C-0010,2026-07-27,23,2026-07,36.998,7.421
C-0010,2026-07-28,0,2026-07,35.124,7.441
C-0010,2026-07-28,1,2026-07,35.089,6.721
C-0010,2026-07-28,2,2026-07,35.831,6.967
C-0010,2026-07-28,3,2026-07,35.692,7.985
C-0010,2026-07-28,4,2026-07,35.552,7.439
C-0010,2026-07-28,5,2026-07,36.109,11.115
C-0010,2026-07-28,6,2026-07,35.43,24.434
C-0010,2026-07-28,7,2026-07,35.676,39.008
C-0010,2026-07-28,8,2026-07,35.856,52.153
C-0010,2026-07-28,9,2026-07,36.152,62.431
C-0010,2026-07-28,10,2026-07,36.515,71.691
C-0010,2026-07-28,11,2026-07,37.806,77.366
C-0010,2026-07-28,12,2026-07,38.111,76.503
C-0010,2026-07-28,13,2026-07,39.997,71.292
C-0010,2026-07-28,14,2026-07,39.114,62.881
C-0010,2026-07-28,15,2026-07,37.752,50.683
C-0010,2026-07-28,16,2026-07,37.11,37.485
C-0010,2026-07-28,17,2026-07,36.483,23.724
C-0010,2026-07-28,18,2026-07,36.77,11.661
C-0010,2026-07-28,19,2026-07,37.374,7.087
C-0010,2026-07-28,20,2026-07,37.29,7.012
C-0010,2026-07-28,21,2026-07,36.607,6.294
C-0010,2026-07-28,22,2026-07,35.637,7.562
C-0010,2026-07-28,23,2026-07,36.448,7.833
C-0010,2026-07-29,0,2026-07,33.937,6.809
C-0010,2026-07-29,1,2026-07,35.786,7.442
C-0010,2026-07-29,2,2026-07,35.952,6.433
C-0010,2026-07-29,3,2026-07,35.028,6.231
C-0010,2026-07-29,4,2026-07,35.324,6.636
C-0010,2026-07-29,5,2026-07,35.267,10.023
C-0010,2026-07-29,6,2026-07,35.64,19.22
C-0010,2026-07-29,7,2026-07,35.956,27.338
C-0010,2026-07-29,8,2026-07,36.97,36.586
C-0010,2026-07-29,9,2026-07,36.763,45.821
C-0010,2026-07-29,10,2026-07,37.003,51.295
C-0010,2026-07-29,11,2026-07,37.8,54.136
C-0010,2026-07-29,12,2026-07,38.153,54.141
C-0010,2026-07-29,13,2026-07,39.261,51.302
C-0010,2026-07-29,14,2026-07,40.338,44.476
C-0010,2026-07-29,15,2026-07,39.642,35.244
C-0010,2026-07-29,16,2026-07,38.44,25.503
C-0010,2026-07-29,17,2026-07,37.384,16.05
C-0010,2026-07-29,18,2026-07,37.25,7.89
C-0010,2026-07-29,19,2026-07,36.883,5.354
C-0010,2026-07-29,20,2026-07,36.718,5.863
C-0010,2026-07-29,21,2026-07,35.901,6.148
C-0010,2026-07-29,22,2026-07,35.55,6.001
C-0010,2026-07-29,23,2026-07,35.978,7.328
C-0010,2026-07-30,0,2026-07,35.966,8.281
C-0010,2026-07-30,1,2026-07,36.158,8.038
C-0010,2026-07-30,2,2026-07,36.205,9.365
C-0010,2026-07-30,3,2026-07,35.738,8.019
C-0010,2026-07-30,4,2026-07,36.762,7.773
C-0010,2026-07-30,5,2026-07,35.532,12.729
C-0010,2026-07-30,6,2026-07,37.123,28.247
C-0010,2026-07-30,7,2026-07,36.205,44.211
C-0010,2026-07-30,8,2026-07,36.76,61.536
C-0010,2026-07-30,9,2026-07,38.094,75.14
C-0010,2026-07-30,10,2026-07,38.025,85.624
C-0010,2026-07-30,11,2026-07,38.615,91.983
C-0010,2026-07-30,12,2026-07,40.413,94.696
C-0010,2026-07-30,13,2026-07,39.3,89.404
C-0010,2026-07-30,14,2026-07,40.357,78.262
C-0010,2026-07-30,15,2026-07,39.422,62.221
C-0010,2026-07-30,16,2026-07,39.045,47.319
C-0010,2026-07-30,17,2026-07,37.481,29.579
C-0010,2026-07-30,18,2026-07,38.683,14.74
C-0010,2026-07-30,19,2026-07,37.367,8.97
C-0010,2026-07-30,20,2026-07,37.639,7.875
C-0010,2026-07-30,21,2026-07,36.53,8.735
C-0010,2026-07-30,22,2026-07,36.026,8.642
C-0010,2026-07-30,23,2026-07,36.167,8.162
C-0010,2026-07-31,0,2026-07,34.813,7.781
C-0010,2026-07-31,1,2026-07,36.912,7.379
C-0010,2026-07-31,2,2026-07,35.093,7.797
C-0010,2026-07-31,3,2026-07,36.072,7.511
C-0010,2026-07-31,4,2026-07,35.608,7.015
C-0010,2026-07-31,5,2026-07,35.595,12.622
C-0010,2026-07-31,6,2026-07,35.165,26.974
C-0010,2026-07-31,7,2026-07,35.914,43.766
C-0010,2026-07-31,8,2026-07,35.671,60.201
C-0010,2026-07-31,9,2026-07,36.753,73.093
C-0010,2026-07-31,10,2026-07,36.288,82.887
C-0010,2026-07-31,11,2026-07,38.192,89.293
C-0010,2026-07-31,12,2026-07,38.375,90.153
C-0010,2026-07-31,13,2026-07,39.424,84.506
C-0010,2026-07-31,14,2026-07,39.295,75.682
C-0010,2026-07-31,15,2026-07,39.492,62.539
C-0010,2026-07-31,16,2026-07,38.506,44.208
C-0010,2026-07-31,17,2026-07,37.069,29.641
C-0010,2026-07-31,18,2026-07,36.834,14.414
C-0010,2026-07-31,19,2026-07,37.462,8.657
C-0010,2026-07-31,20,2026-07,36.793,8.255
C-0010,2026-07-31,21,2026-07,37.081,8.995
C-0010,2026-07-31,22,2026-07,36.666,8.804
C-0010,2026-07-31,23,2026-07,36.325,8.94
C-0010,2026-08-01,0,2026-08,36.376,10.041
C-0010,2026-08-01,1,2026-08,36.614,12.337
C-0010,2026-08-01,2,2026-08,35.364,10.769
C-0010,2026-08-01,3,2026-08,35.39,8.643
C-0010,2026-08-01,4,2026-08,36.09,10.057
C-0010,2026-08-01,5,2026-08,35.674,15.474
C-0010,2026-08-01,6,2026-08,36.953,31.566
C-0010,2026-08-01,7,2026-08,36.421,49.759
C-0010,2026-08-01,8,2026-08,37.457,67.587
C-0010,2026-08-01,9,2026-08,37.45,83.431
C-0010,2026-08-01,10,2026-08,38.463,94.458
C-0010,2026-08-01,11,2026-08,37.449,101.67
C-0010,2026-08-01,12,2026-08,38.677,102.527
C-0010,2026-08-01,13,2026-08,38.197,96.998
C-0010,2026-08-01,14,2026-08,38.022,82.32
C-0010,2026-08-01,15,2026-08,38.718,65.698
C-0010,2026-08-01,16,2026-08,38.7,47.704
C-0010,2026-08-01,17,2026-08,38.307,30.41
C-0010,2026-08-01,18,2026-08,37.133,13.355
C-0010,2026-08-01,19,2026-08,38.272,8.22
C-0010,2026-08-01,20,2026-08,36.86,8.902
C-0010,2026-08-01,21,2026-08,36.497,8.441
C-0010,2026-08-01,22,2026-08,37.175,8.128
C-0010,2026-08-01,23,2026-08,36.082,9.131
C-0010,2026-08-02,0,2026-08,35.855,10.952
C-0010,2026-08-02,1,2026-08,36.615,8.8
C-0010,2026-08-02,2,2026-08,36.032,8.896
C-0010,2026-08-02,3,2026-08,36.646,8.085
C-0010,2026-08-02,4,2026-08,35.919,8.057
C-0010,2026-08-02,5,2026-08,36.549,14.123
C-0010,2026-08-02,6,2026-08,36.756,32.384
C-0010,2026-08-02,7,2026-08,36.574,55.177
C-0010,2026-08-02,8,2026-08,36.826,76.777
C-0010,2026-08-02,9,2026-08,38.519,94.666
C-0010,2026-08-02,10,2026-08,37.427,109.449
C-0010,2026-08-02,11,2026-08,38.089,117.364
C-0010,2026-08-02,12,2026-08,38.253,114.404
C-0010,2026-08-02,13,2026-08,38.911,106.601
C-0010,2026-08-02,14,2026-08,39.535,92.752
C-0010,2026-08-02,15,2026-08,38.515,74.315
C-0010,2026-08-02,16,2026-08,38.705,52.753
C-0010,2026-08-02,17,2026-08,38.108,30.612
C-0010,2026-08-02,18,2026-08,38.491,11.562
C-0010,2026-08-02,19,2026-08,37.702,5.891
C-0010,2026-08-02,20,2026-08,37.11,5.924
C-0010,2026-08-02,21,2026-08,36.905,6.277
C-0010,2026-08-02,22,2026-08,36.472,6.649
C-0010,2026-08-02,23,2026-08,36.584,6.622
C-0010,2026-08-03,0,2026-08,35.446,6.453
C-0010,2026-08-03,1,2026-08,36.13,6.179
C-0010,2026-08-03,2,2026-08,35.819,6.862
C-0010,2026-08-03,3,2026-08,35.339,7.074
C-0010,2026-08-03,4,2026-08,35.517,6.879
C-0010,2026-08-03,5,2026-08,35.35,10.871
C-0010,2026-08-03,6,2026-08,35.658,27.306
C-0010,2026-08-03,7,2026-08,35.183,46.591
C-0010,2026-08-03,8,2026-08,36.65,64.839
C-0010,2026-08-03,9,2026-08,36.817,80.105
C-0010,2026-08-03,10,2026-08,37.701,91.565
C-0010,2026-08-03,11,2026-08,37.621,97.124
C-0010,2026-08-03,12,2026-08,38.286,97.351
C-0010,2026-08-03,13,2026-08,39.806,91.206
C-0010,2026-08-03,14,2026-08,39.135,80.848
C-0010,2026-08-03,15,2026-08,38.969,66.178
C-0010,2026-08-03,16,2026-08,38.087,47.516
C-0010,2026-08-03,17,2026-08,39.199,28.194
C-0010,2026-08-03,18,2026-08,36.458,11.468
C-0010,2026-08-03,19,2026-08,36.531,8.258
C-0010,2026-08-03,20,2026-08,35.747,7.972
C-0010,2026-08-03,21,2026-08,36.073,7.566
C-0010,2026-08-03,22,2026-08,36.623,7.801
C-0010,2026-08-03,23,2026-08,35.593,7.174
C-0010,2026-08-04,0,2026-08,36.62,7.937
C-0010,2026-08-04,1,2026-08,35.787,8.726
C-0010,2026-08-04,2,2026-08,35.62,10.388
C-0010,2026-08-04,3,2026-08,35.462,9.462
C-0010,2026-08-04,4,2026-08,36.143,9.937
C-0010,2026-08-04,5,2026-08,35.78,15.288
C-0010,2026-08-04,6,2026-08,34.434,31.517
C-0010,2026-08-04,7,2026-08,36.205,50.654
C-0010,2026-08-04,8,2026-08,37.686,70.441
C-0010,2026-08-04,9,2026-08,37.424,88.211
C-0010,2026-08-04,10,2026-08,38.072,99.513
C-0010,2026-08-04,11,2026-08,37.595,107.521
C-0010,2026-08-04,12,2026-08,39.562,109.353
C-0010,2026-08-04,13,2026-08,40.357,102.716
C-0010,2026-08-04,14,2026-08,39.439,90.073
C-0010,2026-08-04,15,2026-08,39.058,74.45
C-0010,2026-08-04,16,2026-08,39.365,51.376
C-0010,2026-08-04,17,2026-08,38.659,32.202
C-0010,2026-08-04,18,2026-08,37.64,13.251
C-0010,2026-08-04,19,2026-08,38.243,7.796
C-0010,2026-08-04,20,2026-08,36.614,8.722
C-0010,2026-08-04,21,2026-08,37.072,8.983
C-0010,2026-08-04,22,2026-08,37.515,9.069
C-0010,2026-08-04,23,2026-08,36.555,8.444
C-0010,2026-08-05,0,2026-08,36.386,8.912
C-0010,2026-08-05,1,2026-08,36.536,8.933
C-0010,2026-08-05,2,2026-08,35.778,8.362
C-0010,2026-08-05,3,2026-08,35.975,9.392
C-0010,2026-08-05,4,2026-08,35.979,9.594
C-0010,2026-08-05,5,2026-08,35.669,14.184
C-0010,2026-08-05,6,2026-08,35.104,35.188
C-0010,2026-08-05,7,2026-08,36.988,56.694
C-0010,2026-08-05,8,2026-08,39.062,77.983
C-0010,2026-08-05,9,2026-08,38.027,97.598
C-0010,2026-08-05,10,2026-08,37.938,113.648
C-0010,2026-08-05,11,2026-08,39.23,120.135
C-0010,2026-08-05,12,2026-08,40.37,120.772
C-0010,2026-08-05,13,2026-08,40.622,112.803
C-0010,2026-08-05,14,2026-08,40.03,97.283
C-0010,2026-08-05,15,2026-08,39.16,78.631
C-0010,2026-08-05,16,2026-08,39.413,57.111
C-0010,2026-08-05,17,2026-08,37.527,34.552
C-0010,2026-08-05,18,2026-08,39.333,15.02
C-0010,2026-08-05,19,2026-08,37.597,8.925
C-0010,2026-08-05,20,2026-08,37.733,7.666
C-0010,2026-08-05,21,2026-08,37.898,6.915
C-0010,2026-08-05,22,2026-08,37.357,6.792
C-0010,2026-08-05,23,2026-08,37.696,8.112
C-0010,2026-08-06,0,2026-08,36.174,7.772
C-0010,2026-08-06,1,2026-08,36.222,6.782
C-0010,2026-08-06,2,2026-08,37.172,6.893
C-0010,2026-08-06,3,2026-08,34.759,6.796
C-0010,2026-08-06,4,2026-08,36.289,6.257
C-0010,2026-08-06,5,2026-08,36.218,11.16
C-0010,2026-08-06,6,2026-08,35.354,29.736
C-0010,2026-08-06,7,2026-08,37.0,51.353
C-0010,2026-08-06,8,2026-08,37.172,73.411
C-0010,2026-08-06,9,2026-08,38.141,93.231
C-0010,2026-08-06,10,2026-08,38.509,106.755
C-0010,2026-08-06,11,2026-08,39.234,114.166
C-0010,2026-08-06,12,2026-08,39.197,114.242
C-0010,2026-08-06,13,2026-08,40.286,107.98
C-0010,2026-08-06,14,2026-08,40.2,93.781
C-0010,2026-08-06,15,2026-08,39.766,75.613
C-0010,2026-08-06,16,2026-08,38.576,54.269
C-0010,2026-08-06,17,2026-08,38.148,32.386
C-0010,2026-08-06,18,2026-08,37.523,13.467
C-0010,2026-08-06,19,2026-08,37.73,9.411
C-0010,2026-08-06,20,2026-08,37.573,8.893
C-0010,2026-08-06,21,2026-08,37.279,8.187
C-0010,2026-08-06,22,2026-08,37.342,8.423
C-0010,2026-08-06,23,2026-08,37.193,7.473
C-0010,2026-08-07,0,2026-08,36.74,8.226
C-0010,2026-08-07,1,2026-08,36.368,9.006
C-0010,2026-08-07,2,2026-08,37.094,9.592
C-0010,2026-08-07,3,2026-08,36.361,8.592
C-0010,2026-08-07,4,2026-08,36.248,10.302
C-0010,2026-08-07,5,2026-08,36.409,14.056
C-0010,2026-08-07,6,2026-08,35.986,28.867
C-0010,2026-08-07,7,2026-08,38.056,46.174
C-0010,2026-08-07,8,2026-08,37.691,65.998
C-0010,2026-08-07,9,2026-08,38.552,81.93
C-0010,2026-08-07,10,2026-08,38.038,93.935
C-0010,2026-08-07,11,2026-08,38.404,100.215
C-0010,2026-08-07,12,2026-08,40.162,99.091
C-0010,2026-08-07,13,2026-08,41.818,94.338
C-0010,2026-08-07,14,2026-08,41.306,81.444
C-0010,2026-08-07,15,2026-08,40.161,66.773
C-0010,2026-08-07,16,2026-08,38.566,46.843
C-0010,2026-08-07,17,2026-08,38.607,27.933
C-0010,2026-08-07,18,2026-08,38.873,12.573
C-0010,2026-08-07,19,2026-08,38.205,8.139
C-0010,2026-08-07,20,2026-08,38.525,7.99
C-0010,2026-08-07,21,2026-08,37.768,8.085
C-0010,2026-08-07,22,2026-08,37.685,7.185
C-0010,2026-08-07,23,2026-08,36.754,7.245
C-0010,2026-08-08,0,2026-08,37.083,6.564
C-0010,2026-08-08,1,2026-08,36.013,6.559
C-0010,2026-08-08,2,2026-08,36.881,6.295
C-0010,2026-08-08,3,2026-08,36.568,6.15
C-0010,2026-08-08,4,2026-08,36.055,6.272
C-0010,2026-08-08,5,2026-08,36.25,9.722
C-0010,2026-08-08,6,2026-08,35.59,23.858
C-0010,2026-08-08,7,2026-08,36.702,40.799
C-0010,2026-08-08,8,2026-08,37.011,57.307
C-0010,2026-08-08,9,2026-08,38.268,69.951
C-0010,2026-08-08,10,2026-08,37.714,79.493
C-0010,2026-08-08,11,2026-08,37.303,85.864
C-0010,2026-08-08,12,2026-08,39.036,86.249
C-0010,2026-08-08,13,2026-08,39.19,78.826
C-0010,2026-08-08,14,2026-08,38.495,68.935
C-0010,2026-08-08,15,2026-08,38.684,55.438
C-0010,2026-08-08,16,2026-08,38.052,39.822
C-0010,2026-08-08,17,2026-08,39.009,24.548
C-0010,2026-08-08,18,2026-08,37.958,9.917
C-0010,2026-08-08,19,2026-08,37.259,7.799
C-0010,2026-08-08,20,2026-08,37.361,6.751
C-0010,2026-08-08,21,2026-08,37.601,6.845
C-0010,2026-08-08,22,2026-08,37.35,7.853
C-0010,2026-08-08,23,2026-08,36.449,7.854
C-0010,2026-08-09,0,2026-08,35.724,7.418
C-0010,2026-08-09,1,2026-08,35.032,8.5
C-0010,2026-08-09,2,2026-08,36.626,9.497
C-0010,2026-08-09,3,2026-08,35.328,8.305
C-0010,2026-08-09,4,2026-08,35.914,9.236
C-0010,2026-08-09,5,2026-08,35.768,13.204
C-0010,2026-08-09,6,2026-08,35.977,32.233
C-0010,2026-08-09,7,2026-08,36.385,56.84
C-0010,2026-08-09,8,2026-08,36.32,76.532
C-0010,2026-08-09,9,2026-08,36.88,94.607
C-0010,2026-08-09,10,2026-08,37.631,109.359
C-0010,2026-08-09,11,2026-08,38.095,113.613
C-0010,2026-08-09,12,2026-08,38.222,112.271
C-0010,2026-08-09,13,2026-08,38.095,106.035
C-0010,2026-08-09,14,2026-08,39.126,92.052
C-0010,2026-08-09,15,2026-08,38.005,73.91
C-0010,2026-08-09,16,2026-08,37.207,50.098
C-0010,2026-08-09,17,2026-08,38.236,29.016
C-0010,2026-08-09,18,2026-08,38.051,11.817
C-0010,2026-08-09,19,2026-08,35.9,8.252
C-0010,2026-08-09,20,2026-08,37.208,9.469
C-0010,2026-08-09,21,2026-08,35.428,8.33
C-0010,2026-08-09,22,2026-08,36.106,7.737
C-0010,2026-08-09,23,2026-08,35.708,7.32
C-0010,2026-08-10,0,2026-08,36.786,7.021
C-0010,2026-08-10,1,2026-08,35.936,7.395
C-0010,2026-08-10,2,2026-08,35.45,8.219
C-0010,2026-08-10,3,2026-08,35.616,10.903
C-0010,2026-08-10,4,2026-08,35.872,13.247
C-0010,2026-08-10,5,2026-08,35.249,14.439
C-0010,2026-08-10,6,2026-08,37.77,32.952
C-0010,2026-08-10,7,2026-08,36.75,49.933
C-0010,2026-08-10,8,2026-08,36.932,67.448
C-0010,2026-08-10,9,2026-08,37.445,81.901
C-0010,2026-08-10,10,2026-08,38.1,95.506
C-0010,2026-08-10,11,2026-08,38.648,98.805
C-0010,2026-08-10,12,2026-08,39.962,98.84
C-0010,2026-08-10,13,2026-08,38.358,92.583
C-0010,2026-08-10,14,2026-08,39.75,79.45
C-0010,2026-08-10,15,2026-08,40.295,63.519
C-0010,2026-08-10,16,2026-08,38.75,44.064
C-0010,2026-08-10,17,2026-08,38.283,25.447
C-0010,2026-08-10,18,2026-08,38.682,10.054
C-0010,2026-08-10,19,2026-08,37.613,6.748
C-0010,2026-08-10,20,2026-08,36.512,6.527
C-0010,2026-08-10,21,2026-08,38.278,6.245
C-0010,2026-08-10,22,2026-08,37.025,6.488
C-0010,2026-08-10,23,2026-08,36.981,7.532
C-0010,2026-08-11,0,2026-08,35.435,6.372
C-0010,2026-08-11,1,2026-08,35.279,6.214
C-0010,2026-08-11,2,2026-08,34.417,6.508
C-0010,2026-08-11,3,2026-08,34.908,6.502
C-0010,2026-08-11,4,2026-08,34.909,6.667
C-0010,2026-08-11,5,2026-08,35.678,9.987
C-0010,2026-08-11,6,2026-08,36.313,26.302
C-0010,2026-08-11,7,2026-08,35.765,45.859
C-0010,2026-08-11,8,2026-08,37.748,64.402
C-0010,2026-08-11,9,2026-08,36.812,80.046
C-0010,2026-08-11,10,2026-08,38.83,92.495
C-0010,2026-08-11,11,2026-08,38.93,99.5
C-0010,2026-08-11,12,2026-08,38.812,99.814
C-0010,2026-08-11,13,2026-08,41.305,92.5
C-0010,2026-08-11,14,2026-08,39.169,80.353
C-0010,2026-08-11,15,2026-08,39.153,64.881
C-0010,2026-08-11,16,2026-08,38.256,45.203
C-0010,2026-08-11,17,2026-08,37.915,25.652
C-0010,2026-08-11,18,2026-08,37.464,8.903
C-0010,2026-08-11,19,2026-08,37.891,5.693
C-0010,2026-08-11,20,2026-08,37.016,5.827
C-0010,2026-08-11,21,2026-08,36.834,6.038
C-0010,2026-08-11,22,2026-08,35.688,6.686
C-0010,2026-08-11,23,2026-08,35.762,6.957
C-0010,2026-08-12,0,2026-08,36.013,8.463
C-0010,2026-08-12,1,2026-08,35.99,7.814
C-0010,2026-08-12,2,2026-08,36.667,7.735
C-0010,2026-08-12,3,2026-08,35.784,7.775
C-0010,2026-08-12,4,2026-08,36.145,8.195
C-0010,2026-08-12,5,2026-08,36.63,13.825
C-0010,2026-08-12,6,2026-08,35.523,33.521
C-0010,2026-08-12,7,2026-08,36.546,55.737
C-0010,2026-08-12,8,2026-08,38.052,78.715
C-0010,2026-08-12,9,2026-08,37.784,97.813
C-0010,2026-08-12,10,2026-08,38.625,111.23
C-0010,2026-08-12,11,2026-08,39.039,118.065
C-0010,2026-08-12,12,2026-08,39.782,118.132
C-0010,2026-08-12,13,2026-08,40.249,110.991
C-0010,2026-08-12,14,2026-08,39.733,97.082
C-0010,2026-08-12,15,2026-08,40.334,77.157
C-0010,2026-08-12,16,2026-08,39.617,55.478
C-0010,2026-08-12,17,2026-08,38.329,32.898
C-0010,2026-08-12,18,2026-08,38.403,12.664
C-0010,2026-08-12,19,2026-08,38.141,8.588
C-0010,2026-08-12,20,2026-08,37.215,7.278
C-0010,2026-08-12,21,2026-08,37.537,7.412
C-0010,2026-08-12,22,2026-08,37.117,7.654
C-0010,2026-08-12,23,2026-08,36.609,7.354
C-0010,2026-08-13,0,2026-08,36.808,6.94
C-0010,2026-08-13,1,2026-08,36.489,7.005
C-0010,2026-08-13,2,2026-08,36.808,6.757
C-0010,2026-08-13,3,2026-08,36.416,5.974
C-0010,2026-08-13,4,2026-08,36.544,6.436
C-0010,2026-08-13,5,2026-08,36.79,7.087
C-0010,2026-08-13,6,2026-08,38.432,16.799
C-0010,2026-08-13,7,2026-08,38.069,28.545
C-0010,2026-08-13,8,2026-08,37.704,40.729
C-0010,2026-08-13,9,2026-08,38.317,49.708
C-0010,2026-08-13,10,2026-08,38.355,56.567
C-0010,2026-08-13,11,2026-08,39.259,59.88
C-0010,2026-08-13,12,2026-08,39.26,59.577
C-0010,2026-08-13,13,2026-08,40.243,56.607
C-0010,2026-08-13,14,2026-08,40.879,49.408
C-0010,2026-08-13,15,2026-08,40.46,40.209
C-0010,2026-08-13,16,2026-08,39.598,30.133
C-0010,2026-08-13,17,2026-08,39.033,18.449
C-0010,2026-08-13,18,2026-08,38.797,8.521
C-0010,2026-08-13,19,2026-08,38.915,6.48
C-0010,2026-08-13,20,2026-08,38.871,6.241
C-0010,2026-08-13,21,2026-08,36.153,6.622
C-0010,2026-08-13,22,2026-08,37.932,6.336
C-0010,2026-08-13,23,2026-08,37.68,5.516
C-0010,2026-08-14,0,2026-08,37.838,6.061
C-0010,2026-08-14,1,2026-08,36.936,6.137
C-0010,2026-08-14,2,2026-08,36.581,6.429
C-0010,2026-08-14,3,2026-08,36.527,6.773
C-0010,2026-08-14,4,2026-08,36.599,6.826
C-0010,2026-08-14,5,2026-08,37.2,9.686
C-0010,2026-08-14,6,2026-08,36.634,26.202
C-0010,2026-08-14,7,2026-08,37.172,46.103
C-0010,2026-08-14,8,2026-08,38.792,66.622
C-0010,2026-08-14,9,2026-08,37.701,84.111
C-0010,2026-08-14,10,2026-08,38.248,96.721
C-0010,2026-08-14,11,2026-08,39.213,103.625
C-0010,2026-08-14,12,2026-08,40.254,103.117
C-0010,2026-08-14,13,2026-08,40.876,95.713
C-0010,2026-08-14,14,2026-08,40.418,84.298
C-0010,2026-08-14,15,2026-08,39.913,66.679
C-0010,2026-08-14,16,2026-08,39.079,46.515
C-0010,2026-08-14,17,2026-08,38.541,26.078
C-0010,2026-08-14,18,2026-08,37.832,9.708
C-0010,2026-08-14,19,2026-08,38.77,7.09
C-0010,2026-08-14,20,2026-08,38.207,6.695
C-0010,2026-08-14,21,2026-08,37.68,7.704
C-0010,2026-08-14,22,2026-08,37.325,7.701
C-0010,2026-08-14,23,2026-08,36.997,7.043
C-0010,2026-08-15,0,2026-08,37.16,7.728
C-0010,2026-08-15,1,2026-08,36.008,8.555
C-0010,2026-08-15,2,2026-08,36.789,9.764
C-0010,2026-08-15,3,2026-08,36.488,11.283
C-0010,2026-08-15,4,2026-08,35.976,10.528
C-0010,2026-08-15,5,2026-08,35.858,12.353
C-0010,2026-08-15,6,2026-08,35.939,30.943
C-0010,2026-08-15,7,2026-08,37.818,52.024
C-0010,2026-08-15,8,2026-08,36.817,72.067
C-0010,2026-08-15,9,2026-08,37.628,90.187
C-0010,2026-08-15,10,2026-08,39.006,102.719
C-0010,2026-08-15,11,2026-08,38.087,108.804
C-0010,2026-08-15,12,2026-08,38.907,107.827
C-0010,2026-08-15,13,2026-08,40.09,100.896
C-0010,2026-08-15,14,2026-08,39.317,87.222
C-0010,2026-08-15,15,2026-08,39.725,68.959
C-0010,2026-08-15,16,2026-08,39.143,48.063
C-0010,2026-08-15,17,2026-08,38.281,27.298
C-0010,2026-08-15,18,2026-08,37.826,11.037
C-0010,2026-08-15,19,2026-08,38.415,7.795
C-0010,2026-08-15,20,2026-08,36.485,8.052
C-0010,2026-08-15,21,2026-08,37.855,7.468
C-0010,2026-08-15,22,2026-08,36.83,7.925
C-0010,2026-08-15,23,2026-08,36.815,7.426
C-0010,2026-08-16,0,2026-08,37.059,8.078
C-0010,2026-08-16,1,2026-08,35.934,7.997
C-0010,2026-08-16,2,2026-08,37.012,8.828
C-0010,2026-08-16,3,2026-08,36.976,8.512
C-0010,2026-08-16,4,2026-08,35.092,8.71
C-0010,2026-08-16,5,2026-08,36.594,10.765
C-0010,2026-08-16,6,2026-08,36.475,24.09
C-0010,2026-08-16,7,2026-08,37.85,38.76
C-0010,2026-08-16,8,2026-08,37.485,56.865
C-0010,2026-08-16,9,2026-08,37.447,71.41
C-0010,2026-08-16,10,2026-08,37.59,81.542
C-0010,2026-08-16,11,2026-08,38.264,85.622
C-0010,2026-08-16,12,2026-08,39.326,86.548
C-0010,2026-08-16,13,2026-08,38.629,81.118
C-0010,2026-08-16,14,2026-08,39.869,72.803
C-0010,2026-08-16,15,2026-08,39.012,61.426
C-0010,2026-08-16,16,2026-08,39.001,45.994
C-0010,2026-08-16,17,2026-08,38.901,32.356
C-0010,2026-08-16,18,2026-08,38.931,20.357
C-0010,2026-08-16,19,2026-08,38.037,23.93
C-0010,2026-08-16,20,2026-08,38.279,19.988
C-0010,2026-08-16,21,2026-08,37.215,21.168
C-0010,2026-08-16,22,2026-08,37.259,20.357
C-0010,2026-08-16,23,2026-08,37.587,24.231
C-0010,2026-08-17,0,2026-08,36.703,20.649
C-0010,2026-08-17,1,2026-08,35.895,23.152
C-0010,2026-08-17,2,2026-08,35.395,19.51
C-0010,2026-08-17,3,2026-08,35.886,16.767
C-0010,2026-08-17,4,2026-08,37.494,13.813
C-0010,2026-08-17,5,2026-08,36.251,15.996
C-0010,2026-08-17,6,2026-08,35.956,32.577
C-0010,2026-08-17,7,2026-08,37.974,46.395
C-0010,2026-08-17,8,2026-08,36.44,64.36
C-0010,2026-08-17,9,2026-08,38.852,88.021
C-0010,2026-08-17,10,2026-08,39.085,97.937
C-0010,2026-08-17,11,2026-08,37.6,102.825
C-0010,2026-08-17,12,2026-08,41.329,98.519
C-0010,2026-08-17,13,2026-08,40.703,96.011
C-0010,2026-08-17,14,2026-08,40.436,91.319
C-0010,2026-08-17,15,2026-08,40.482,76.995
C-0010,2026-08-17,16,2026-08,39.43,52.112
C-0010,2026-08-17,17,2026-08,39.521,28.417
C-0010,2026-08-17,18,2026-08,39.191,11.995
C-0010,2026-08-17,19,2026-08,38.547,9.477
C-0010,2026-08-17,20,2026-08,38.41,9.345
C-0010,2026-08-17,21,2026-08,38.274,8.742
C-0010,2026-08-17,22,2026-08,38.386,9.395
C-0010,2026-08-17,23,2026-08,36.797,8.19
C-0010,2026-08-18,0,2026-08,36.903,7.666
C-0010,2026-08-18,1,2026-08,38.058,7.353
C-0010,2026-08-18,2,2026-08,37.355,7.063
C-0010,2026-08-18,3,2026-08,37.339,8.229
C-0010,2026-08-18,4,2026-08,36.218,9.366
C-0010,2026-08-18,5,2026-08,37.382,11.377
C-0010,2026-08-18,6,2026-08,37.698,29.732
C-0010,2026-08-18,7,2026-08,37.432,45.933
C-0010,2026-08-18,8,2026-08,37.535,66.971
C-0010,2026-08-18,9,2026-08,38.197,83.37
C-0010,2026-08-18,10,2026-08,39.029,95.376
C-0010,2026-08-18,11,2026-08,39.726,101.356
C-0010,2026-08-18,12,2026-08,40.143,101.015
C-0010,2026-08-18,13,2026-08,41.785,93.881
C-0010,2026-08-18,14,2026-08,42.135,80.721
C-0010,2026-08-18,15,2026-08,40.108,63.581
C-0010,2026-08-18,16,2026-08,39.16,43.959
C-0010,2026-08-18,17,2026-08,39.454,25.457
C-0010,2026-08-18,18,2026-08,39.075,9.163
C-0010,2026-08-18,19,2026-08,39.462,7.142
C-0010,2026-08-18,20,2026-08,38.776,6.818
C-0010,2026-08-18,21,2026-08,37.741,7.08
C-0010,2026-08-18,22,2026-08,38.395,8.513
C-0010,2026-08-18,23,2026-08,38.461,8.83
C-0010,2026-08-19,0,2026-08,38.472,9.17
C-0010,2026-08-19,1,2026-08,36.948,9.58
C-0010,2026-08-19,2,2026-08,37.282,8.013
C-0010,2026-08-19,3,2026-08,36.564,8.688
C-0010,2026-08-19,4,2026-08,37.341,8.758
C-0010,2026-08-19,5,2026-08,37.075,10.126
C-0010,2026-08-19,6,2026-08,38.247,27.879
C-0010,2026-08-19,7,2026-08,37.831,48.013
C-0010,2026-08-19,8,2026-08,37.747,67.543
C-0010,2026-08-19,9,2026-08,39.805,83.081
C-0010,2026-08-19,10,2026-08,39.133,95.355
C-0010,2026-08-19,11,2026-08,40.908,102.37
C-0010,2026-08-19,12,2026-08,41.306,104.258
C-0010,2026-08-19,13,2026-08,42.108,101.714
C-0010,2026-08-19,14,2026-08,41.041,82.96
C-0014,2026-07-01,0,2026-07,51.903,12.719
C-0014,2026-07-01,1,2026-07,52.237,14.758
C-0014,2026-07-01,2,2026-07,54.027,14.594
C-0014,2026-07-01,3,2026-07,50.804,14.623
C-0014,2026-07-01,4,2026-07,52.671,15.634
C-0014,2026-07-01,5,2026-07,52.005,25.955
C-0014,2026-07-01,6,2026-07,53.378,46.951
C-0014,2026-07-01,7,2026-07,52.341,69.454
C-0014,2026-07-01,8,2026-07,51.266,93.811
C-0014,2026-07-01,9,2026-07,52.961,112.53
C-0014,2026-07-01,10,2026-07,52.192,124.323
C-0014,2026-07-01,11,2026-07,53.316,132.347
C-0014,2026-07-01,12,2026-07,53.343,132.068
C-0014,2026-07-01,13,2026-07,52.792,127.642
C-0014,2026-07-01,14,2026-07,53.578,113.546
C-0014,2026-07-01,15,2026-07,53.242,95.211
C-0014,2026-07-01,16,2026-07,52.915,71.051
C-0014,2026-07-01,17,2026-07,53.624,43.633
C-0014,2026-07-01,18,2026-07,52.664,23.583
C-0014,2026-07-01,19,2026-07,53.277,12.506
C-0014,2026-07-01,20,2026-07,53.464,12.022
C-0014,2026-07-01,21,2026-07,53.649,10.327
C-0014,2026-07-01,22,2026-07,53.112,9.855
C-0014,2026-07-01,23,2026-07,51.956,9.315
C-0014,2026-07-02,0,2026-07,53.112,9.8
C-0014,2026-07-02,1,2026-07,52.439,8.884
C-0014,2026-07-02,2,2026-07,51.333,8.991
C-0014,2026-07-02,3,2026-07,51.679,8.75
C-0014,2026-07-02,4,2026-07,53.564,8.496
C-0014,2026-07-02,5,2026-07,52.341,16.913
C-0014,2026-07-02,6,2026-07,53.401,32.989
C-0014,2026-07-02,7,2026-07,52.167,50.356
C-0014,2026-07-02,8,2026-07,51.688,68.008
C-0014,2026-07-02,9,2026-07,53.137,82.006
C-0014,2026-07-02,10,2026-07,54.65,93.05
C-0014,2026-07-02,11,2026-07,53.093,97.594
C-0014,2026-07-02,12,2026-07,53.047,97.267
C-0014,2026-07-02,13,2026-07,52.898,92.838
C-0014,2026-07-02,14,2026-07,54.287,82.426
C-0014,2026-07-02,15,2026-07,52.692,68.447
C-0014,2026-07-02,16,2026-07,54.169,51.456
C-0014,2026-07-02,17,2026-07,54.192,33.158
C-0014,2026-07-02,18,2026-07,53.709,16.808
C-0014,2026-07-02,19,2026-07,52.97,8.719
C-0014,2026-07-02,20,2026-07,51.578,8.289
C-0014,2026-07-02,21,2026-07,53.475,8.724
C-0014,2026-07-02,22,2026-07,52.996,8.297
C-0014,2026-07-02,23,2026-07,52.445,8.238
C-0014,2026-07-03,0,2026-07,52.102,8.06
C-0014,2026-07-03,1,2026-07,51.746,8.26
C-0014,2026-07-03,2,2026-07,53.127,8.462
C-0014,2026-07-03,3,2026-07,52.629,9.191
C-0014,2026-07-03,4,2026-07,52.666,9.583
C-0014,2026-07-03,5,2026-07,52.798,20.37
C-0014,2026-07-03,6,2026-07,52.858,42.201
C-0014,2026-07-03,7,2026-07,51.959,67.175
C-0014,2026-07-03,8,2026-07,52.031,91.146
C-0014,2026-07-03,9,2026-07,53.813,111.422
C-0014,2026-07-03,10,2026-07,53.239,125.76
C-0014,2026-07-03,11,2026-07,54.929,133.897
C-0014,2026-07-03,12,2026-07,52.459,134.632
C-0014,2026-07-03,13,2026-07,55.702,127.051
C-0014,2026-07-03,14,2026-07,54.271,112.553
C-0014,2026-07-03,15,2026-07,53.162,92.855
C-0014,2026-07-03,16,2026-07,54.415,68.81
C-0014,2026-07-03,17,2026-07,54.167,44.949
C-0014,2026-07-03,18,2026-07,52.71,22.553
C-0014,2026-07-03,19,2026-07,54.876,12.041
C-0014,2026-07-03,20,2026-07,52.078,11.983
C-0014,2026-07-03,21,2026-07,52.37,10.182
C-0014,2026-07-03,22,2026-07,51.919,9.535
C-0014,2026-07-03,23,2026-07,51.656,10.015
C-0014,2026-07-04,0,2026-07,51.452,9.764
C-0014,2026-07-04,1,2026-07,50.664,11.365
C-0014,2026-07-04,2,2026-07,51.701,13.375
C-0014,2026-07-04,3,2026-07,51.034,14.034
C-0014,2026-07-04,4,2026-07,51.074,15.533
C-0014,2026-07-04,5,2026-07,50.502,28.01
C-0014,2026-07-04,6,2026-07,51.049,50.794
C-0014,2026-07-04,7,2026-07,51.445,77.318
C-0014,2026-07-04,8,2026-07,52.341,102.177
C-0014,2026-07-04,9,2026-07,51.299,125.154
C-0014,2026-07-04,10,2026-07,51.187,141.46
C-0014,2026-07-04,11,2026-07,53.087,150.06
C-0014,2026-07-04,12,2026-07,52.354,149.898
C-0014,2026-07-04,13,2026-07,53.783,140.302
C-0014,2026-07-04,14,2026-07,53.143,125.781
C-0014,2026-07-04,15,2026-07,52.116,103.769
C-0014,2026-07-04,16,2026-07,52.576,75.986
C-0014,2026-07-04,17,2026-07,52.077,47.481
C-0014,2026-07-04,18,2026-07,51.468,23.758
C-0014,2026-07-04,19,2026-07,51.884,12.853
C-0014,2026-07-04,20,2026-07,50.816,10.469
C-0014,2026-07-04,21,2026-07,51.71,10.141
C-0014,2026-07-04,22,2026-07,51.565,10.274
C-0014,2026-07-04,23,2026-07,50.182,10.371
C-0014,2026-07-05,0,2026-07,52.498,10.458
C-0014,2026-07-05,1,2026-07,50.507,10.69
C-0014,2026-07-05,2,2026-07,50.879,12.016
C-0014,2026-07-05,3,2026-07,50.832,11.717
C-0014,2026-07-05,4,2026-07,50.538,11.286
C-0014,2026-07-05,5,2026-07,52.429,20.726
C-0014,2026-07-05,6,2026-07,50.357,43.798
C-0014,2026-07-05,7,2026-07,51.529,66.815
C-0014,2026-07-05,8,2026-07,52.117,90.565
C-0014,2026-07-05,9,2026-07,52.92,110.532
C-0014,2026-07-05,10,2026-07,49.573,122.271
C-0014,2026-07-05,11,2026-07,53.094,130.223
C-0014,2026-07-05,12,2026-07,52.831,131.42
C-0014,2026-07-05,13,2026-07,53.542,124.211
C-0014,2026-07-05,14,2026-07,53.181,108.717
C-0014,2026-07-05,15,2026-07,53.452,88.076
C-0014,2026-07-05,16,2026-07,51.406,65.552
C-0014,2026-07-05,17,2026-07,52.952,40.881
C-0014,2026-07-05,18,2026-07,51.416,19.292
C-0014,2026-07-05,19,2026-07,52.232,9.102
C-0014,2026-07-05,20,2026-07,50.247,8.933
C-0014,2026-07-05,21,2026-07,51.671,8.414
C-0014,2026-07-05,22,2026-07,51.587,8.024
C-0014,2026-07-05,23,2026-07,51.561,8.752
C-0014,2026-07-06,0,2026-07,52.875,9.169
C-0014,2026-07-06,1,2026-07,52.865,8.505
C-0014,2026-07-06,2,2026-07,52.673,9.083
C-0014,2026-07-06,3,2026-07,52.078,8.203
C-0014,2026-07-06,4,2026-07,52.163,8.269
C-0014,2026-07-06,5,2026-07,51.782,16.088
C-0014,2026-07-06,6,2026-07,52.522,32.795
C-0014,2026-07-06,7,2026-07,51.026,50.757
C-0014,2026-07-06,8,2026-07,51.842,67.551
C-0014,2026-07-06,9,2026-07,52.208,82.167
C-0014,2026-07-06,10,2026-07,52.638,91.521
C-0014,2026-07-06,11,2026-07,51.705,98.003
C-0014,2026-07-06,12,2026-07,54.404,97.661
C-0014,2026-07-06,13,2026-07,52.728,94.161
C-0014,2026-07-06,14,2026-07,53.582,82.196
C-0014,2026-07-06,15,2026-07,52.784,68.677
C-0014,2026-07-06,16,2026-07,54.788,51.84
C-0014,2026-07-06,17,2026-07,53.759,34.087
C-0014,2026-07-06,18,2026-07,54.296,17.942
C-0014,2026-07-06,19,2026-07,51.233,12.021
C-0014,2026-07-06,20,2026-07,52.727,14.743
C-0014,2026-07-06,21,2026-07,52.184,14.855
C-0014,2026-07-06,22,2026-07,53.739,12.215
C-0014,2026-07-06,23,2026-07,53.403,10.624
C-0014,2026-07-07,0,2026-07,53.817,10.981
C-0014,2026-07-07,1,2026-07,52.435,9.634
C-0014,2026-07-07,2,2026-07,50.484,11.609
C-0014,2026-07-07,3,2026-07,53.033,12.844
C-0014,2026-07-07,4,2026-07,50.726,11.605
C-0014,2026-07-07,5,2026-07,52.58,19.747
C-0014,2026-07-07,6,2026-07,51.628,35.983
C-0014,2026-07-07,7,2026-07,51.722,56.683
C-0014,2026-07-07,8,2026-07,52.667,79.373
C-0014,2026-07-07,9,2026-07,52.456,92.293
C-0014,2026-07-07,10,2026-07,52.489,105.329
C-0014,2026-07-07,11,2026-07,51.685,109.555
C-0014,2026-07-07,12,2026-07,52.386,109.828
C-0014,2026-07-07,13,2026-07,53.578,105.263
C-0014,2026-07-07,14,2026-07,52.403,91.341
C-0014,2026-07-07,15,2026-07,52.778,79.002
C-0014,2026-07-07,16,2026-07,54.342,59.402
C-0014,2026-07-07,17,2026-07,53.202,40.05
C-0014,2026-07-07,18,2026-07,52.275,22.055
C-0014,2026-07-07,19,2026-07,52.857,14.306
C-0014,2026-07-07,20,2026-07,51.737,15.158
C-0014,2026-07-07,21,2026-07,52.358,15.87
C-0014,2026-07-07,22,2026-07,51.471,12.279
C-0014,2026-07-07,23,2026-07,51.953,12.306
C-0014,2026-07-08,0,2026-07,52.34,11.549
C-0014,2026-07-08,1,2026-07,51.14,11.331
C-0014,2026-07-08,2,2026-07,50.515,10.546
C-0014,2026-07-08,3,2026-07,52.371,9.171
C-0014,2026-07-08,4,2026-07,52.536,8.539
C-0014,2026-07-08,5,2026-07,52.655,18.932
C-0014,2026-07-08,6,2026-07,52.59,41.481
C-0014,2026-07-08,7,2026-07,52.629,65.993
C-0014,2026-07-08,8,2026-07,54.685,90.009
C-0014,2026-07-08,9,2026-07,51.944,109.23
C-0014,2026-07-08,10,2026-07,54.466,122.85
C-0014,2026-07-08,11,2026-07,54.184,130.005
C-0014,2026-07-08,12,2026-07,54.254,130.348
C-0014,2026-07-08,13,2026-07,53.755,123.554
C-0014,2026-07-08,14,2026-07,54.83,109.297
C-0014,2026-07-08,15,2026-07,52.825,89.16
C-0014,2026-07-08,16,2026-07,54.602,66.852
C-0014,2026-07-08,17,2026-07,53.872,41.294
C-0014,2026-07-08,18,2026-07,53.895,18.963
C-0014,2026-07-08,19,2026-07,52.959,8.043
C-0014,2026-07-08,20,2026-07,51.584,8.163
C-0014,2026-07-08,21,2026-07,53.12,8.12
C-0014,2026-07-08,22,2026-07,51.835,8.552
C-0014,2026-07-08,23,2026-07,51.715,8.27
C-0014,2026-07-09,0,2026-07,51.672,8.715
C-0014,2026-07-09,1,2026-07,53.347,9.038
C-0014,2026-07-09,2,2026-07,52.297,8.305
C-0014,2026-07-09,3,2026-07,54.011,8.018
C-0014,2026-07-09,4,2026-07,52.642,8.748
C-0014,2026-07-09,5,2026-07,53.314,18.333
C-0014,2026-07-09,6,2026-07,52.585,37.888
C-0014,2026-07-09,7,2026-07,53.001,59.755
C-0014,2026-07-09,8,2026-07,53.425,79.843
C-0014,2026-07-09,9,2026-07,53.091,96.293
C-0014,2026-07-09,10,2026-07,52.417,108.855
C-0014,2026-07-09,11,2026-07,54.108,115.14
C-0014,2026-07-09,12,2026-07,53.36,119.284
C-0014,2026-07-09,13,2026-07,53.218,114.168
C-0014,2026-07-09,14,2026-07,52.954,105.74
C-0014,2026-07-09,15,2026-07,53.878,84.84
C-0014,2026-07-09,16,2026-07,54.291,64.271
C-0014,2026-07-09,17,2026-07,52.786,42.589
C-0014,2026-07-09,18,2026-07,53.466,23.733
C-0014,2026-07-09,19,2026-07,52.921,13.67
C-0014,2026-07-09,20,2026-07,53.32,11.7
C-0014,2026-07-09,21,2026-07,52.091,10.071
C-0014,2026-07-09,22,2026-07,53.14,9.721
C-0014,2026-07-09,23,2026-07,52.016,10.192
C-0014,2026-07-10,0,2026-07,51.981,10.472
C-0014,2026-07-10,1,2026-07,51.995,10.476
C-0014,2026-07-10,2,2026-07,52.293,12.092
C-0014,2026-07-10,3,2026-07,53.528,11.345
C-0014,2026-07-10,4,2026-07,52.72,10.118
C-0014,2026-07-10,5,2026-07,53.452,21.351
C-0014,2026-07-10,6,2026-07,52.613,46.762
C-0014,2026-07-10,7,2026-07,52.36,73.031
C-0014,2026-07-10,8,2026-07,51.772,98.778
C-0014,2026-07-10,9,2026-07,52.67,118.538
C-0014,2026-07-10,10,2026-07,53.609,135.122
C-0014,2026-07-10,11,2026-07,53.402,142.066
C-0014,2026-07-10,12,2026-07,53.504,141.491
C-0014,2026-07-10,13,2026-07,53.487,133.657
C-0014,2026-07-10,14,2026-07,54.912,117.962
C-0014,2026-07-10,15,2026-07,52.143,96.718
C-0014,2026-07-10,16,2026-07,52.483,71.289
C-0014,2026-07-10,17,2026-07,53.444,45.411
C-0014,2026-07-10,18,2026-07,52.936,21.494
C-0014,2026-07-10,19,2026-07,53.26,10.785
C-0014,2026-07-10,20,2026-07,51.708,10.727
C-0014,2026-07-10,21,2026-07,51.818,9.921
C-0014,2026-07-10,22,2026-07,53.083,10.277
C-0014,2026-07-10,23,2026-07,53.21,11.674
C-0014,2026-07-11,0,2026-07,52.454,11.118
C-0014,2026-07-11,1,2026-07,52.942,12.445
C-0014,2026-07-11,2,2026-07,51.535,11.828
C-0014,2026-07-11,3,2026-07,51.517,10.544
C-0014,2026-07-11,4,2026-07,51.689,12.319
C-0014,2026-07-11,5,2026-07,51.475,21.524
C-0014,2026-07-11,6,2026-07,50.827,43.29
C-0014,2026-07-11,7,2026-07,52.3,67.219
C-0014,2026-07-11,8,2026-07,52.727,91.906
C-0014,2026-07-11,9,2026-07,53.277,110.181
C-0014,2026-07-11,10,2026-07,52.52,123.23
C-0014,2026-07-11,11,2026-07,52.733,132.605
C-0014,2026-07-11,12,2026-07,53.757,132.23
C-0014,2026-07-11,13,2026-07,53.595,125.568
C-0014,2026-07-11,14,2026-07,53.137,112.847
C-0014,2026-07-11,15,2026-07,53.593,92.788
C-0014,2026-07-11,16,2026-07,52.64,73.379
C-0014,2026-07-11,17,2026-07,51.683,45.043
C-0014,2026-07-11,18,2026-07,52.193,30.248
C-0014,2026-07-11,19,2026-07,51.904,17.979
C-0014,2026-07-11,20,2026-07,51.778,19.683
C-0014,2026-07-11,21,2026-07,50.013,18.358
C-0014,2026-07-11,22,2026-07,51.526,15.394
C-0014,2026-07-11,23,2026-07,52.042,12.404
C-0014,2026-07-12,0,2026-07,51.447,11.549
C-0014,2026-07-12,1,2026-07,50.665,10.268
C-0014,2026-07-12,2,2026-07,50.943,11.823
C-0014,2026-07-12,3,2026-07,52.553,13.551
C-0014,2026-07-12,4,2026-07,50.813,12.81
C-0014,2026-07-12,5,2026-07,51.111,24.943
C-0014,2026-07-12,6,2026-07,50.456,50.367
C-0014,2026-07-12,7,2026-07,52.245,78.831
C-0014,2026-07-12,8,2026-07,50.886,106.063
C-0014,2026-07-12,9,2026-07,50.418,129.214
C-0014,2026-07-12,10,2026-07,52.222,149.32
C-0014,2026-07-12,11,2026-07,50.715,158.174
C-0014,2026-07-12,12,2026-07,52.61,155.071
C-0014,2026-07-12,13,2026-07,51.707,144.729
C-0014,2026-07-12,14,2026-07,53.226,127.772
C-0014,2026-07-12,15,2026-07,51.821,103.87
C-0014,2026-07-12,16,2026-07,52.45,75.964
C-0014,2026-07-12,17,2026-07,51.567,48.708
C-0014,2026-07-12,18,2026-07,50.415,23.415
C-0014,2026-07-12,19,2026-07,50.843,10.867
C-0014,2026-07-12,20,2026-07,53.575,11.653
C-0014,2026-07-12,21,2026-07,51.822,12.314
C-0014,2026-07-12,22,2026-07,51.22,10.553
C-0014,2026-07-12,23,2026-07,52.093,9.314
C-0014,2026-07-13,0,2026-07,52.628,8.674
C-0014,2026-07-13,1,2026-07,50.662,8.621
C-0014,2026-07-13,2,2026-07,54.288,8.708
C-0014,2026-07-13,3,2026-07,51.437,9.606
C-0014,2026-07-13,4,2026-07,53.557,9.501
C-0014,2026-07-13,5,2026-07,52.335,19.299
C-0014,2026-07-13,6,2026-07,51.656,40.262
C-0014,2026-07-13,7,2026-07,52.113,62.361
C-0014,2026-07-13,8,2026-07,53.916,84.649
C-0014,2026-07-13,9,2026-07,53.0,103.013
C-0014,2026-07-13,10,2026-07,53.445,117.036
C-0014,2026-07-13,11,2026-07,52.988,123.876
C-0014,2026-07-13,12,2026-07,53.93,123.011
C-0014,2026-07-13,13,2026-07,56.64,116.111
C-0014,2026-07-13,14,2026-07,54.069,102.914
C-0014,2026-07-13,15,2026-07,55.341,84.302
C-0014,2026-07-13,16,2026-07,54.216,62.686
C-0014,2026-07-13,17,2026-07,52.787,41.62
C-0014,2026-07-13,18,2026-07,54.361,20.424
C-0014,2026-07-13,19,2026-07,51.888,11.563
C-0014,2026-07-13,20,2026-07,52.722,11.744
C-0014,2026-07-13,21,2026-07,53.59,11.532
C-0014,2026-07-13,22,2026-07,52.779,13.568
C-0014,2026-07-13,23,2026-07,52.456,12.593
C-0014,2026-07-14,0,2026-07,52.078,13.62
C-0014,2026-07-14,1,2026-07,53.047,12.683
C-0014,2026-07-14,2,2026-07,53.486,13.29
C-0014,2026-07-14,3,2026-07,51.123,15.194
C-0014,2026-07-14,4,2026-07,51.986,13.627
C-0014,2026-07-14,5,2026-07,53.215,21.702
C-0014,2026-07-14,6,2026-07,51.965,37.762
C-0014,2026-07-14,7,2026-07,51.219,57.095
C-0014,2026-07-14,8,2026-07,52.932,76.805
C-0014,2026-07-14,9,2026-07,53.046,92.018
C-0014,2026-07-14,10,2026-07,53.88,102.929
C-0014,2026-07-14,11,2026-07,54.753,108.515
C-0014,2026-07-14,12,2026-07,54.217,108.96
C-0014,2026-07-14,13,2026-07,54.345,103.782
C-0014,2026-07-14,14,2026-07,54.363,92.545
C-0014,2026-07-14,15,2026-07,52.991,78.97
C-0014,2026-07-14,16,2026-07,54.129,60.688
C-0014,2026-07-14,17,2026-07,53.971,43.843
C-0014,2026-07-14,18,2026-07,54.136,27.355
C-0014,2026-07-14,19,2026-07,53.713,19.544
C-0014,2026-07-14,20,2026-07,51.359,15.16
C-0014,2026-07-14,21,2026-07,54.09,15.165
C-0014,2026-07-14,22,2026-07,52.709,17.059
C-0014,2026-07-14,23,2026-07,52.812,17.984
C-0014,2026-07-15,0,2026-07,52.938,17.816
C-0014,2026-07-15,1,2026-07,52.657,22.223
C-0014,2026-07-15,2,2026-07,52.37,20.181
C-0014,2026-07-15,3,2026-07,51.908,20.058
C-0014,2026-07-15,4,2026-07,52.125,18.498
C-0014,2026-07-15,5,2026-07,51.52,24.452
C-0014,2026-07-15,6,2026-07,52.303,42.012
C-0014,2026-07-15,7,2026-07,52.747,61.758
C-0014,2026-07-15,8,2026-07,52.598,79.427
C-0014,2026-07-15,9,2026-07,54.005,94.617
C-0014,2026-07-15,10,2026-07,53.678,103.693
C-0014,2026-07-15,11,2026-07,52.817,109.683
C-0014,2026-07-15,12,2026-07,53.973,108.411
C-0014,2026-07-15,13,2026-07,55.245,102.264
C-0014,2026-07-15,14,2026-07,53.342,89.496
C-0014,2026-07-15,15,2026-07,53.981,73.24
C-0014,2026-07-15,16,2026-07,52.77,55.2
C-0014,2026-07-15,17,2026-07,53.884,35.462
C-0014,2026-07-15,18,2026-07,53.782,18.049
C-0014,2026-07-15,19,2026-07,54.269,9.89
C-0014,2026-07-15,20,2026-07,54.464,8.926
C-0014,2026-07-15,21,2026-07,53.4,8.973
C-0014,2026-07-15,22,2026-07,53.767,9.138
C-0014,2026-07-15,23,2026-07,53.165,8.101
C-0014,2026-07-16,0,2026-07,53.575,8.335
C-0014,2026-07-16,1,2026-07,52.786,9.175
C-0014,2026-07-16,2,2026-07,52.625,9.865
C-0014,2026-07-16,3,2026-07,53.084,8.936
C-0014,2026-07-16,4,2026-07,53.047,10.99
C-0014,2026-07-16,5,2026-07,53.262,20.445
C-0014,2026-07-16,6,2026-07,52.022,44.052
C-0014,2026-07-16,7,2026-07,52.983,70.934
C-0014,2026-07-16,8,2026-07,52.566,94.854
C-0014,2026-07-16,9,2026-07,53.474,114.488
C-0014,2026-07-16,10,2026-07,53.154,131.038
C-0014,2026-07-16,11,2026-07,53.683,138.938
C-0014,2026-07-16,12,2026-07,54.316,139.177
C-0014,2026-07-16,13,2026-07,55.736,134.315
C-0014,2026-07-16,14,2026-07,55.91,117.682
C-0014,2026-07-16,15,2026-07,54.756,96.809
C-0014,2026-07-16,16,2026-07,54.115,69.572
C-0014,2026-07-16,17,2026-07,54.134,43.716
C-0014,2026-07-16,18,2026-07,54.248,21.143
C-0014,2026-07-16,19,2026-07,53.849,9.02
C-0014,2026-07-16,20,2026-07,54.545,10.041
C-0014,2026-07-16,21,2026-07,54.585,9.26
C-0014,2026-07-16,22,2026-07,53.425,10.881
C-0014,2026-07-16,23,2026-07,53.822,11.002
C-0014,2026-07-17,0,2026-07,52.672,10.105
C-0014,2026-07-17,1,2026-07,51.803,10.595
C-0014,2026-07-17,2,2026-07,51.992,11.104
C-0014,2026-07-17,3,2026-07,54.341,9.816
C-0014,2026-07-17,4,2026-07,52.205,10.9
C-0014,2026-07-17,5,2026-07,52.789,17.814
C-0014,2026-07-17,6,2026-07,53.401,35.474
C-0014,2026-07-17,7,2026-07,53.028,54.743
C-0014,2026-07-17,8,2026-07,53.843,72.025
C-0014,2026-07-17,9,2026-07,53.588,88.273
C-0014,2026-07-17,10,2026-07,54.446,99.036
C-0014,2026-07-17,11,2026-07,54.44,106.146
C-0014,2026-07-17,12,2026-07,54.343,105.886
C-0014,2026-07-17,13,2026-07,55.899,98.98
C-0014,2026-07-17,14,2026-07,56.124,88.909
C-0014,2026-07-17,15,2026-07,54.777,72.551
C-0014,2026-07-17,16,2026-07,54.855,54.082
C-0014,2026-07-17,17,2026-07,54.378,35.788
C-0014,2026-07-17,18,2026-07,54.768,17.768
C-0014,2026-07-17,19,2026-07,52.568,12.009
C-0014,2026-07-17,20,2026-07,54.894,11.804
C-0014,2026-07-17,21,2026-07,53.423,11.066
C-0014,2026-07-17,22,2026-07,53.855,11.518
C-0014,2026-07-17,23,2026-07,54.059,13.649
C-0014,2026-07-18,0,2026-07,51.683,12.068
C-0014,2026-07-18,1,2026-07,50.155,9.834
C-0014,2026-07-18,2,2026-07,52.35,10.455
C-0014,2026-07-18,3,2026-07,51.951,11.022
C-0014,2026-07-18,4,2026-07,51.174,10.68
C-0014,2026-07-18,5,2026-07,51.602,20.318
C-0014,2026-07-18,6,2026-07,52.589,44.4
C-0014,2026-07-18,7,2026-07,51.608,72.351
C-0014,2026-07-18,8,2026-07,52.237,99.403
C-0014,2026-07-18,9,2026-07,51.502,121.421
C-0014,2026-07-18,10,2026-07,51.185,138.295
C-0014,2026-07-18,11,2026-07,53.108,147.1
C-0014,2026-07-18,12,2026-07,53.161,145.031
C-0014,2026-07-18,13,2026-07,54.067,136.418
C-0014,2026-07-18,14,2026-07,53.218,121.176
C-0014,2026-07-18,15,2026-07,52.662,100.498
C-0014,2026-07-18,16,2026-07,53.281,73.292
C-0014,2026-07-18,17,2026-07,51.937,44.892
C-0014,2026-07-18,18,2026-07,53.798,21.59
C-0014,2026-07-18,19,2026-07,52.478,11.309
C-0014,2026-07-18,20,2026-07,52.11,11.248
C-0014,2026-07-18,21,2026-07,50.605,11.75
C-0014,2026-07-18,22,2026-07,53.613,12.321
C-0014,2026-07-18,23,2026-07,51.334,11.075
C-0014,2026-07-19,0,2026-07,52.376,11.639
C-0014,2026-07-19,1,2026-07,52.39,10.805
C-0014,2026-07-19,2,2026-07,51.694,10.182
C-0014,2026-07-19,3,2026-07,52.151,13.137
C-0014,2026-07-19,4,2026-07,51.343,12.662
C-0014,2026-07-19,5,2026-07,52.22,23.31
C-0014,2026-07-19,6,2026-07,51.182,49.456
C-0014,2026-07-19,7,2026-07,51.44,76.761
C-0014,2026-07-19,8,2026-07,52.579,105.446
C-0014,2026-07-19,9,2026-07,52.468,126.755
C-0014,2026-07-19,10,2026-07,54.046,145.246
C-0014,2026-07-19,11,2026-07,53.544,154.728
C-0014,2026-07-19,12,2026-07,52.785,154.156
C-0014,2026-07-19,13,2026-07,54.151,145.039
C-0014,2026-07-19,14,2026-07,54.324,127.543
C-0014,2026-07-19,15,2026-07,52.315,102.69
C-0014,2026-07-19,16,2026-07,53.002,74.823
C-0014,2026-07-19,17,2026-07,54.816,44.857
C-0014,2026-07-19,18,2026-07,52.836,18.464
C-0014,2026-07-19,19,2026-07,52.233,7.854
C-0014,2026-07-19,20,2026-07,52.485,8.542
C-0014,2026-07-19,21,2026-07,51.063,8.962
C-0014,2026-07-19,22,2026-07,52.928,10.051
C-0014,2026-07-19,23,2026-07,51.987,10.145
C-0014,2026-07-20,0,2026-07,51.179,11.073
C-0014,2026-07-20,1,2026-07,52.419,10.608
C-0014,2026-07-20,2,2026-07,51.847,10.448
C-0014,2026-07-20,3,2026-07,52.126,9.692
C-0014,2026-07-20,4,2026-07,53.22,12.63
C-0014,2026-07-20,5,2026-07,52.974,23.305
C-0014,2026-07-20,6,2026-07,53.147,42.645
C-0014,2026-07-20,7,2026-07,53.411,66.864
C-0014,2026-07-20,8,2026-07,52.793,89.756
C-0014,2026-07-20,9,2026-07,53.845,110.041
C-0014,2026-07-20,10,2026-07,55.384,124.763
C-0014,2026-07-20,11,2026-07,54.278,132.864
C-0014,2026-07-20,12,2026-07,53.396,132.321
C-0014,2026-07-20,13,2026-07,56.054,124.863
C-0014,2026-07-20,14,2026-07,54.395,110.334
C-0014,2026-07-20,15,2026-07,53.983,88.856
C-0014,2026-07-20,16,2026-07,54.894,66.142
C-0014,2026-07-20,17,2026-07,53.657,40.068
C-0014,2026-07-20,18,2026-07,54.855,18.451
C-0014,2026-07-20,19,2026-07,52.338,10.155
C-0014,2026-07-20,20,2026-07,52.701,11.278
C-0014,2026-07-20,21,2026-07,52.628,10.271
C-0014,2026-07-20,22,2026-07,52.86,10.015
C-0014,2026-07-20,23,2026-07,53.461,9.792
C-0014,2026-07-21,0,2026-07,52.519,10.955
C-0014,2026-07-21,1,2026-07,54.013,10.591
C-0014,2026-07-21,2,2026-07,52.294,11.056
C-0014,2026-07-21,3,2026-07,53.171,9.29
C-0014,2026-07-21,4,2026-07,52.937,9.067
C-0014,2026-07-21,5,2026-07,53.403,19.391
C-0014,2026-07-21,6,2026-07,51.149,36.818
C-0014,2026-07-21,7,2026-07,52.274,56.323
C-0014,2026-07-21,8,2026-07,52.572,75.164
C-0014,2026-07-21,9,2026-07,52.631,91.862
C-0014,2026-07-21,10,2026-07,53.158,102.505
C-0014,2026-07-21,11,2026-07,53.793,111.596
C-0014,2026-07-21,12,2026-07,52.749,116.529
C-0014,2026-07-21,13,2026-07,54.111,105.348
C-0014,2026-07-21,14,2026-07,55.399,92.087
C-0014,2026-07-21,15,2026-07,53.601,76.907
C-0014,2026-07-21,16,2026-07,54.301,58.502
C-0014,2026-07-21,17,2026-07,53.504,41.635
C-0014,2026-07-21,18,2026-07,55.398,24.671
C-0014,2026-07-21,19,2026-07,52.316,16.86
C-0014,2026-07-21,20,2026-07,55.147,16.473
C-0014,2026-07-21,21,2026-07,53.314,17.502
C-0014,2026-07-21,22,2026-07,53.272,18.183
C-0014,2026-07-21,23,2026-07,52.312,15.661
C-0014,2026-07-22,0,2026-07,52.546,13.679
C-0014,2026-07-22,1,2026-07,52.415,15.136
C-0014,2026-07-22,2,2026-07,53.577,14.824
C-0014,2026-07-22,3,2026-07,53.31,13.061
C-0014,2026-07-22,4,2026-07,51.65,13.032
C-0014,2026-07-22,5,2026-07,53.515,24.299
C-0014,2026-07-22,6,2026-07,54.03,45.906
C-0014,2026-07-22,7,2026-07,52.363,71.222
C-0014,2026-07-22,8,2026-07,52.588,96.639
C-0014,2026-07-22,9,2026-07,52.486,120.113
C-0014,2026-07-22,10,2026-07,52.689,135.244
C-0014,2026-07-22,11,2026-07,55.664,142.083
C-0014,2026-07-22,12,2026-07,53.638,142.396
C-0014,2026-07-22,13,2026-07,57.258,134.33
C-0014,2026-07-22,14,2026-07,55.147,118.764
C-0014,2026-07-22,15,2026-07,54.046,95.068
C-0014,2026-07-22,16,2026-07,54.589,69.423
C-0014,2026-07-22,17,2026-07,54.192,42.211
C-0014,2026-07-22,18,2026-07,54.819,18.2
C-0014,2026-07-22,19,2026-07,54.092,9.215
C-0014,2026-07-22,20,2026-07,53.72,10.633
C-0014,2026-07-22,21,2026-07,54.001,8.553
C-0014,2026-07-22,22,2026-07,52.431,8.961
C-0014,2026-07-22,23,2026-07,53.407,9.056
C-0014,2026-07-23,0,2026-07,52.36,9.271
C-0014,2026-07-23,1,2026-07,52.478,9.056
C-0014,2026-07-23,2,2026-07,53.242,9.019
C-0014,2026-07-23,3,2026-07,54.068,9.338
C-0014,2026-07-23,4,2026-07,54.106,8.435
C-0014,2026-07-23,5,2026-07,51.733,17.794
C-0014,2026-07-23,6,2026-07,53.23,42.023
C-0014,2026-07-23,7,2026-07,52.923,68.746
C-0014,2026-07-23,8,2026-07,53.767,94.458
C-0014,2026-07-23,9,2026-07,54.668,114.913
C-0014,2026-07-23,10,2026-07,53.299,129.376
C-0014,2026-07-23,11,2026-07,53.352,137.5
C-0014,2026-07-23,12,2026-07,53.658,137.682
C-0014,2026-07-23,13,2026-07,55.869,130.083
C-0014,2026-07-23,14,2026-07,56.298,114.57
C-0014,2026-07-23,15,2026-07,55.305,93.7
C-0014,2026-07-23,16,2026-07,53.594,68.64
C-0014,2026-07-23,17,2026-07,52.935,42.384
C-0014,2026-07-23,18,2026-07,53.681,18.375
C-0014,2026-07-23,19,2026-07,54.909,10.06
C-0014,2026-07-23,20,2026-07,53.19,10.325
C-0014,2026-07-23,21,2026-07,52.846,12.386
C-0014,2026-07-23,22,2026-07,52.024,13.676
C-0014,2026-07-23,23,2026-07,52.606,14.772
C-0014,2026-07-24,0,2026-07,53.041,14.04
C-0014,2026-07-24,1,2026-07,53.032,14.188
C-0014,2026-07-24,2,2026-07,52.94,13.154
C-0014,2026-07-24,3,2026-07,52.418,11.697
C-0014,2026-07-24,4,2026-07,51.398,13.473
C-0014,2026-07-24,5,2026-07,52.73,22.41
C-0014,2026-07-24,6,2026-07,52.63,48.144
C-0014,2026-07-24,7,2026-07,53.331,73.975
C-0014,2026-07-24,8,2026-07,53.231,100.878
C-0014,2026-07-24,9,2026-07,53.647,125.002
C-0014,2026-07-24,10,2026-07,54.956,140.701
C-0014,2026-07-24,11,2026-07,53.439,149.168
C-0014,2026-07-24,12,2026-07,54.889,148.233
C-0014,2026-07-24,13,2026-07,56.282,140.19
C-0014,2026-07-24,14,2026-07,56.132,123.912
C-0014,2026-07-24,15,2026-07,54.85,101.291
C-0014,2026-07-24,16,2026-07,54.872,74.513
C-0014,2026-07-24,17,2026-07,54.174,45.471
C-0014,2026-07-24,18,2026-07,54.958,21.987
C-0014,2026-07-24,19,2026-07,53.635,12.383
C-0014,2026-07-24,20,2026-07,53.157,10.414
C-0014,2026-07-24,21,2026-07,52.887,9.26
C-0014,2026-07-24,22,2026-07,53.358,9.171
C-0014,2026-07-24,23,2026-07,53.024,11.91
C-0014,2026-07-25,0,2026-07,50.722,11.413
C-0014,2026-07-25,1,2026-07,51.861,11.393
C-0014,2026-07-25,2,2026-07,52.065,10.182
C-0014,2026-07-25,3,2026-07,51.175,8.188
C-0014,2026-07-25,4,2026-07,52.842,8.82
C-0014,2026-07-25,5,2026-07,51.657,16.681
C-0014,2026-07-25,6,2026-07,52.285,40.398
C-0014,2026-07-25,7,2026-07,52.825,67.414
C-0014,2026-07-25,8,2026-07,52.743,92.453
C-0014,2026-07-25,9,2026-07,51.561,114.691
C-0014,2026-07-25,10,2026-07,53.107,130.812
C-0014,2026-07-25,11,2026-07,54.18,138.797
C-0014,2026-07-25,12,2026-07,52.951,138.82
C-0014,2026-07-25,13,2026-07,54.133,130.968
C-0014,2026-07-25,14,2026-07,53.93,114.013
C-0014,2026-07-25,15,2026-07,53.776,92.217
C-0014,2026-07-25,16,2026-07,51.84,66.762
C-0014,2026-07-25,17,2026-07,52.551,40.15
C-0014,2026-07-25,18,2026-07,53.9,15.788
C-0014,2026-07-25,19,2026-07,53.214,7.233
C-0014,2026-07-25,20,2026-07,51.544,8.021
C-0014,2026-07-25,21,2026-07,52.587,7.687
C-0014,2026-07-25,22,2026-07,53.06,8.784
C-0014,2026-07-25,23,2026-07,51.672,9.03
C-0014,2026-07-26,0,2026-07,51.948,10.496
C-0014,2026-07-26,1,2026-07,53.694,9.587
C-0014,2026-07-26,2,2026-07,50.935,9.294
C-0014,2026-07-26,3,2026-07,50.867,10.429
C-0014,2026-07-26,4,2026-07,50.446,9.628
C-0014,2026-07-26,5,2026-07,51.842,18.899
C-0014,2026-07-26,6,2026-07,51.39,44.64
C-0014,2026-07-26,7,2026-07,53.287,72.955
C-0014,2026-07-26,8,2026-07,52.434,97.617
C-0014,2026-07-26,9,2026-07,53.887,119.554
C-0014,2026-07-26,10,2026-07,54.094,136.207
C-0014,2026-07-26,11,2026-07,53.614,146.127
C-0014,2026-07-26,12,2026-07,53.068,147.131
C-0014,2026-07-26,13,2026-07,53.357,139.353
C-0014,2026-07-26,14,2026-07,52.309,124.514
C-0014,2026-07-26,15,2026-07,53.477,98.926
C-0014,2026-07-26,16,2026-07,51.917,71.337
C-0014,2026-07-26,17,2026-07,53.552,46.118
C-0014,2026-07-26,18,2026-07,52.841,22.075
C-0014,2026-07-26,19,2026-07,51.591,14.468
C-0014,2026-07-26,20,2026-07,51.823,13.846
C-0014,2026-07-26,21,2026-07,50.811,13.978
C-0014,2026-07-26,22,2026-07,53.074,12.213
C-0014,2026-07-26,23,2026-07,52.048,10.943
C-0014,2026-07-27,0,2026-07,52.408,11.11
C-0014,2026-07-27,1,2026-07,50.432,10.616
C-0014,2026-07-27,2,2026-07,52.427,8.862
C-0014,2026-07-27,3,2026-07,52.364,9.281
C-0014,2026-07-27,4,2026-07,52.503,9.235
C-0014,2026-07-27,5,2026-07,52.562,16.785
C-0014,2026-07-27,6,2026-07,52.251,38.966
C-0014,2026-07-27,7,2026-07,54.434,63.331
C-0014,2026-07-27,8,2026-07,53.201,88.982
C-0014,2026-07-27,9,2026-07,54.137,109.176
C-0014,2026-07-27,10,2026-07,52.618,125.393
C-0014,2026-07-27,11,2026-07,54.283,133.685
C-0014,2026-07-27,12,2026-07,52.873,133.515
C-0014,2026-07-27,13,2026-07,55.708,123.711
C-0014,2026-07-27,14,2026-07,53.475,108.671
C-0014,2026-07-27,15,2026-07,53.492,87.652
C-0014,2026-07-27,16,2026-07,53.324,63.433
C-0014,2026-07-27,17,2026-07,53.527,38.339
C-0014,2026-07-27,18,2026-07,53.71,15.98
C-0014,2026-07-27,19,2026-07,53.351,8.482
C-0014,2026-07-27,20,2026-07,53.711,8.81
C-0014,2026-07-27,21,2026-07,52.602,8.937
C-0014,2026-07-27,22,2026-07,53.259,10.043
C-0014,2026-07-27,23,2026-07,52.572,10.901
C-0014,2026-07-28,0,2026-07,51.678,10.93
C-0014,2026-07-28,1,2026-07,54.405,9.872
C-0014,2026-07-28,2,2026-07,53.105,10.234
C-0014,2026-07-28,3,2026-07,53.229,11.729
C-0014,2026-07-28,4,2026-07,52.7,10.927
C-0014,2026-07-28,5,2026-07,52.805,16.327
C-0014,2026-07-28,6,2026-07,51.916,35.892
C-0014,2026-07-28,7,2026-07,51.288,57.301
C-0014,2026-07-28,8,2026-07,53.065,76.609
C-0014,2026-07-28,9,2026-07,52.458,91.707
C-0014,2026-07-28,10,2026-07,54.266,105.309
C-0014,2026-07-28,11,2026-07,53.883,113.646
C-0014,2026-07-28,12,2026-07,55.044,112.379
C-0014,2026-07-28,13,2026-07,53.837,104.723
C-0014,2026-07-28,14,2026-07,54.766,92.369
C-0014,2026-07-28,15,2026-07,55.252,74.45
C-0014,2026-07-28,16,2026-07,53.868,55.063
C-0014,2026-07-28,17,2026-07,56.408,34.849
C-0014,2026-07-28,18,2026-07,54.839,17.13
C-0014,2026-07-28,19,2026-07,53.538,10.41
C-0014,2026-07-28,20,2026-07,53.669,10.3
C-0014,2026-07-28,21,2026-07,53.071,9.246
C-0014,2026-07-28,22,2026-07,53.542,11.109
C-0014,2026-07-28,23,2026-07,52.761,11.506
C-0014,2026-07-29,0,2026-07,52.747,10.002
C-0014,2026-07-29,1,2026-07,52.684,10.932
C-0014,2026-07-29,2,2026-07,51.214,9.449
C-0014,2026-07-29,3,2026-07,52.489,9.152
C-0014,2026-07-29,4,2026-07,50.94,9.748
C-0014,2026-07-29,5,2026-07,53.032,14.722
C-0014,2026-07-29,6,2026-07,52.89,28.233
C-0014,2026-07-29,7,2026-07,51.772,40.158
C-0014,2026-07-29,8,2026-07,51.36,53.743
C-0014,2026-07-29,9,2026-07,54.955,67.308
C-0014,2026-07-29,10,2026-07,54.068,75.35
C-0014,2026-07-29,11,2026-07,55.046,79.523
C-0014,2026-07-29,12,2026-07,54.315,79.529
C-0014,2026-07-29,13,2026-07,55.259,75.359
C-0014,2026-07-29,14,2026-07,54.778,65.332
C-0014,2026-07-29,15,2026-07,53.323,51.771
C-0014,2026-07-29,16,2026-07,54.332,37.463
C-0014,2026-07-29,17,2026-07,54.377,23.576
C-0014,2026-07-29,18,2026-07,55.106,11.589
C-0014,2026-07-29,19,2026-07,53.625,7.864
C-0014,2026-07-29,20,2026-07,51.351,8.612
C-0014,2026-07-29,21,2026-07,51.945,9.031
C-0014,2026-07-29,22,2026-07,54.075,8.815
C-0014,2026-07-29,23,2026-07,52.892,10.764
C-0014,2026-07-30,0,2026-07,53.377,12.164
C-0014,2026-07-30,1,2026-07,52.705,11.808
C-0014,2026-07-30,2,2026-07,52.624,13.756
C-0014,2026-07-30,3,2026-07,52.455,11.779
C-0014,2026-07-30,4,2026-07,51.974,11.418
C-0014,2026-07-30,5,2026-07,51.382,18.698
C-0014,2026-07-30,6,2026-07,52.772,41.493
C-0014,2026-07-30,7,2026-07,53.332,64.942
C-0014,2026-07-30,8,2026-07,54.08,90.392
C-0014,2026-07-30,9,2026-07,53.515,110.376
C-0014,2026-07-30,10,2026-07,55.413,125.776
C-0014,2026-07-30,11,2026-07,54.393,135.117
C-0014,2026-07-30,12,2026-07,54.612,139.102
C-0014,2026-07-30,13,2026-07,55.805,131.329
C-0014,2026-07-30,14,2026-07,55.968,114.962
C-0014,2026-07-30,15,2026-07,56.081,91.399
C-0014,2026-07-30,16,2026-07,54.461,69.509
C-0014,2026-07-30,17,2026-07,53.173,43.45
C-0014,2026-07-30,18,2026-07,53.094,21.652
C-0014,2026-07-30,19,2026-07,54.338,13.177
C-0014,2026-07-30,20,2026-07,53.03,11.568
C-0014,2026-07-30,21,2026-07,52.55,12.832
C-0014,2026-07-30,22,2026-07,52.232,12.694
C-0014,2026-07-30,23,2026-07,54.26,11.989
C-0014,2026-07-31,0,2026-07,52.434,11.429
C-0014,2026-07-31,1,2026-07,53.208,10.839
C-0014,2026-07-31,2,2026-07,51.011,11.453
C-0014,2026-07-31,3,2026-07,53.336,11.034
C-0014,2026-07-31,4,2026-07,52.823,10.304
C-0014,2026-07-31,5,2026-07,52.399,18.541
C-0014,2026-07-31,6,2026-07,53.545,39.623
C-0014,2026-07-31,7,2026-07,54.131,64.289
C-0014,2026-07-31,8,2026-07,55.168,88.431
C-0014,2026-07-31,9,2026-07,53.655,107.369
C-0014,2026-07-31,10,2026-07,52.015,121.756
C-0014,2026-07-31,11,2026-07,53.756,131.165
C-0014,2026-07-31,12,2026-07,54.906,132.429
C-0014,2026-07-31,13,2026-07,54.746,124.133
C-0014,2026-07-31,14,2026-07,55.659,111.172
C-0014,2026-07-31,15,2026-07,55.12,91.866
C-0014,2026-07-31,16,2026-07,53.967,64.938
C-0014,2026-07-31,17,2026-07,54.191,43.54
C-0014,2026-07-31,18,2026-07,53.688,21.174
C-0014,2026-07-31,19,2026-07,53.156,12.716
C-0014,2026-07-31,20,2026-07,52.979,12.127
C-0014,2026-07-31,21,2026-07,53.572,13.212
C-0014,2026-07-31,22,2026-07,52.677,12.933
C-0014,2026-07-31,23,2026-07,53.398,13.132
C-0014,2026-08-01,0,2026-08,53.166,14.75
C-0014,2026-08-01,1,2026-08,51.495,18.122
C-0014,2026-08-01,2,2026-08,51.792,15.819
C-0014,2026-08-01,3,2026-08,53.074,12.696
C-0014,2026-08-01,4,2026-08,51.232,14.773
C-0014,2026-08-01,5,2026-08,52.052,22.73
C-0014,2026-08-01,6,2026-08,53.665,46.368
C-0014,2026-08-01,7,2026-08,52.078,73.093
C-0014,2026-08-01,8,2026-08,54.139,99.281
C-0014,2026-08-01,9,2026-08,53.872,122.555
C-0014,2026-08-01,10,2026-08,53.913,138.753
C-0014,2026-08-01,11,2026-08,52.851,149.347
C-0014,2026-08-01,12,2026-08,55.434,150.606
C-0014,2026-08-01,13,2026-08,56.292,142.484
C-0014,2026-08-01,14,2026-08,55.308,120.923
C-0014,2026-08-01,15,2026-08,54.691,96.507
C-0014,2026-08-01,16,2026-08,54.878,70.074
C-0014,2026-08-01,17,2026-08,54.18,44.671
C-0014,2026-08-01,18,2026-08,54.053,19.617
C-0014,2026-08-01,19,2026-08,55.316,12.075
C-0014,2026-08-01,20,2026-08,53.165,13.076
C-0014,2026-08-01,21,2026-08,54.033,12.399
C-0014,2026-08-01,22,2026-08,51.626,11.939
C-0014,2026-08-01,23,2026-08,52.577,13.413
C-0014,2026-08-02,0,2026-08,52.759,16.087
C-0014,2026-08-02,1,2026-08,53.109,12.927
C-0014,2026-08-02,2,2026-08,54.658,13.068
C-0014,2026-08-02,3,2026-08,52.047,11.876
C-0014,2026-08-02,4,2026-08,50.941,11.836
C-0014,2026-08-02,5,2026-08,51.04,20.746
C-0014,2026-08-02,6,2026-08,51.988,47.57
C-0014,2026-08-02,7,2026-08,52.522,81.051
C-0014,2026-08-02,8,2026-08,52.686,112.781
C-0014,2026-08-02,9,2026-08,52.322,139.058
C-0014,2026-08-02,10,2026-08,52.449,160.773
C-0014,2026-08-02,11,2026-08,53.373,172.4
C-0014,2026-08-02,12,2026-08,55.589,168.052
C-0014,2026-08-02,13,2026-08,54.412,156.59
C-0014,2026-08-02,14,2026-08,55.31,136.246
C-0014,2026-08-02,15,2026-08,53.904,109.164
C-0014,2026-08-02,16,2026-08,54.303,77.491
C-0014,2026-08-02,17,2026-08,53.987,44.967
C-0014,2026-08-02,18,2026-08,53.441,16.984
C-0014,2026-08-02,19,2026-08,53.092,8.653
C-0014,2026-08-02,20,2026-08,53.436,8.702
C-0014,2026-08-02,21,2026-08,53.437,9.22
C-0014,2026-08-02,22,2026-08,52.375,9.767
C-0014,2026-08-02,23,2026-08,53.298,9.727
C-0014,2026-08-03,0,2026-08,53.038,9.479
C-0014,2026-08-03,1,2026-08,51.788,9.077
C-0014,2026-08-03,2,2026-08,51.903,10.08
C-0014,2026-08-03,3,2026-08,54.136,10.391
C-0014,2026-08-03,4,2026-08,52.503,10.106
C-0014,2026-08-03,5,2026-08,51.561,15.968
C-0014,2026-08-03,6,2026-08,53.21,40.111
C-0014,2026-08-03,7,2026-08,52.763,68.439
C-0014,2026-08-03,8,2026-08,52.773,95.244
C-0014,2026-08-03,9,2026-08,54.757,117.67
C-0014,2026-08-03,10,2026-08,53.386,134.504
C-0014,2026-08-03,11,2026-08,53.352,142.668
C-0014,2026-08-03,12,2026-08,53.562,143.002
C-0014,2026-08-03,13,2026-08,55.173,133.976
C-0014,2026-08-03,14,2026-08,55.868,118.76
C-0014,2026-08-03,15,2026-08,53.185,97.211
C-0014,2026-08-03,16,2026-08,53.403,69.799
C-0014,2026-08-03,17,2026-08,54.704,41.415
C-0014,2026-08-03,18,2026-08,53.183,16.845
C-0014,2026-08-03,19,2026-08,52.355,12.13
C-0014,2026-08-03,20,2026-08,52.149,11.71
C-0014,2026-08-03,21,2026-08,54.451,11.114
C-0014,2026-08-03,22,2026-08,53.864,11.459
C-0014,2026-08-03,23,2026-08,52.755,10.538
C-0014,2026-08-04,0,2026-08,53.887,11.66
C-0014,2026-08-04,1,2026-08,52.313,12.818
C-0014,2026-08-04,2,2026-08,52.404,15.259
C-0014,2026-08-04,3,2026-08,54.217,13.9
C-0014,2026-08-04,4,2026-08,52.963,14.598
C-0014,2026-08-04,5,2026-08,53.083,22.457
C-0014,2026-08-04,6,2026-08,54.292,46.296
C-0014,2026-08-04,7,2026-08,54.58,74.408
C-0014,2026-08-04,8,2026-08,53.609,103.474
C-0014,2026-08-04,9,2026-08,54.209,129.576
C-0014,2026-08-04,10,2026-08,55.016,146.179
C-0014,2026-08-04,11,2026-08,55.036,157.942
C-0014,2026-08-04,12,2026-08,55.835,160.633
C-0014,2026-08-04,13,2026-08,55.707,150.883
C-0014,2026-08-04,14,2026-08,55.055,132.311
C-0014,2026-08-04,15,2026-08,53.188,109.363
C-0014,2026-08-04,16,2026-08,54.912,75.469
C-0014,2026-08-04,17,2026-08,55.219,47.302
C-0014,2026-08-04,18,2026-08,52.761,19.464
C-0014,2026-08-04,19,2026-08,55.218,11.452
C-0014,2026-08-04,20,2026-08,53.52,12.812
C-0014,2026-08-04,21,2026-08,53.393,13.195
C-0014,2026-08-04,22,2026-08,52.486,13.322
C-0014,2026-08-04,23,2026-08,52.259,12.403
C-0014,2026-08-05,0,2026-08,52.803,13.091
C-0014,2026-08-05,1,2026-08,52.296,13.122
C-0014,2026-08-05,2,2026-08,52.366,12.283
C-0014,2026-08-05,3,2026-08,54.151,13.796
C-0014,2026-08-05,4,2026-08,52.932,14.093
C-0014,2026-08-05,5,2026-08,54.259,20.835
C-0014,2026-08-05,6,2026-08,53.506,51.689
C-0014,2026-08-05,7,2026-08,54.217,83.28
C-0014,2026-08-05,8,2026-08,54.36,114.552
C-0014,2026-08-05,9,2026-08,54.892,143.366
C-0014,2026-08-05,10,2026-08,56.932,166.941
C-0014,2026-08-05,11,2026-08,54.516,176.471
C-0014,2026-08-05,12,2026-08,54.586,177.406
C-0014,2026-08-05,13,2026-08,56.187,165.701
C-0014,2026-08-05,14,2026-08,56.051,142.902
C-0014,2026-08-05,15,2026-08,55.08,115.503
C-0014,2026-08-05,16,2026-08,54.776,83.892
C-0014,2026-08-05,17,2026-08,52.773,50.754
C-0014,2026-08-05,18,2026-08,53.72,22.064
C-0014,2026-08-05,19,2026-08,55.012,13.111
C-0014,2026-08-05,20,2026-08,52.458,11.262
C-0014,2026-08-05,21,2026-08,53.612,10.158
C-0014,2026-08-05,22,2026-08,54.681,9.976
C-0014,2026-08-05,23,2026-08,54.883,11.916
C-0014,2026-08-06,0,2026-08,54.052,11.416
C-0014,2026-08-06,1,2026-08,52.936,9.962
C-0014,2026-08-06,2,2026-08,53.493,10.126
C-0014,2026-08-06,3,2026-08,53.634,9.983
C-0014,2026-08-06,4,2026-08,52.218,9.191
C-0014,2026-08-06,5,2026-08,52.837,16.394
C-0014,2026-08-06,6,2026-08,53.847,43.681
C-0014,2026-08-06,7,2026-08,54.778,75.434
C-0014,2026-08-06,8,2026-08,53.716,107.836
C-0014,2026-08-06,9,2026-08,53.252,136.95
C-0014,2026-08-06,10,2026-08,54.214,156.816
C-0014,2026-08-06,11,2026-08,54.371,167.703
C-0014,2026-08-06,12,2026-08,53.843,167.814
C-0014,2026-08-06,13,2026-08,54.979,158.616
C-0014,2026-08-06,14,2026-08,56.481,137.759
C-0014,2026-08-06,15,2026-08,55.019,111.071
C-0014,2026-08-06,16,2026-08,55.367,79.718
C-0014,2026-08-06,17,2026-08,55.592,47.573
C-0014,2026-08-06,18,2026-08,55.095,19.782
C-0014,2026-08-06,19,2026-08,55.298,13.824
C-0014,2026-08-06,20,2026-08,54.433,13.064
C-0014,2026-08-06,21,2026-08,53.681,12.026
C-0014,2026-08-06,22,2026-08,52.456,12.373
C-0014,2026-08-06,23,2026-08,53.304,10.977
C-0014,2026-08-07,0,2026-08,52.109,12.083
C-0014,2026-08-07,1,2026-08,54.498,13.229
C-0014,2026-08-07,2,2026-08,52.879,14.09
C-0014,2026-08-07,3,2026-08,52.932,12.622
C-0014,2026-08-07,4,2026-08,51.522,15.133
C-0014,2026-08-07,5,2026-08,54.733,20.648
C-0014,2026-08-07,6,2026-08,53.489,42.404
C-0014,2026-08-07,7,2026-08,53.378,67.827
C-0014,2026-08-07,8,2026-08,55.324,96.947
C-0014,2026-08-07,9,2026-08,54.689,120.35
C-0014,2026-08-07,10,2026-08,53.004,137.985
C-0014,2026-08-07,11,2026-08,54.837,147.209
C-0014,2026-08-07,12,2026-08,54.738,145.558
C-0014,2026-08-07,13,2026-08,54.759,138.576
C-0014,2026-08-07,14,2026-08,55.416,119.636
C-0014,2026-08-07,15,2026-08,55.71,98.086
C-0014,2026-08-07,16,2026-08,54.897,68.809
C-0014,2026-08-07,17,2026-08,55.26,41.032
C-0014,2026-08-07,18,2026-08,54.444,18.468
C-0014,2026-08-07,19,2026-08,54.89,11.956
C-0014,2026-08-07,20,2026-08,53.729,11.736
C-0014,2026-08-07,21,2026-08,54.475,11.876
C-0014,2026-08-07,22,2026-08,55.098,10.554
C-0014,2026-08-07,23,2026-08,54.409,10.643
C-0014,2026-08-08,0,2026-08,52.976,9.641
C-0014,2026-08-08,1,2026-08,51.573,9.635
C-0014,2026-08-08,2,2026-08,52.474,9.246
C-0014,2026-08-08,3,2026-08,52.026,9.033
C-0014,2026-08-08,4,2026-08,51.794,9.213
C-0014,2026-08-08,5,2026-08,51.036,14.281
C-0014,2026-08-08,6,2026-08,53.179,35.046
C-0014,2026-08-08,7,2026-08,52.781,59.931
C-0014,2026-08-08,8,2026-08,53.481,84.18
C-0014,2026-08-08,9,2026-08,52.611,102.753
C-0014,2026-08-08,10,2026-08,52.95,116.77
C-0014,2026-08-08,11,2026-08,52.748,126.129
C-0014,2026-08-08,12,2026-08,53.372,126.694
C-0014,2026-08-08,13,2026-08,53.709,115.79
C-0014,2026-08-08,14,2026-08,55.347,101.261
C-0014,2026-08-08,15,2026-08,55.252,81.435
C-0014,2026-08-08,16,2026-08,54.756,58.496
C-0014,2026-08-08,17,2026-08,54.083,36.059
C-0014,2026-08-08,18,2026-08,52.818,14.567
C-0014,2026-08-08,19,2026-08,53.424,11.456
C-0014,2026-08-08,20,2026-08,55.155,9.917
C-0014,2026-08-08,21,2026-08,54.399,10.054
C-0014,2026-08-08,22,2026-08,53.807,11.536
C-0014,2026-08-08,23,2026-08,52.793,11.537
C-0014,2026-08-09,0,2026-08,51.611,10.897
C-0014,2026-08-09,1,2026-08,52.734,12.486
C-0014,2026-08-09,2,2026-08,51.173,13.95
C-0014,2026-08-09,3,2026-08,53.552,12.2
C-0014,2026-08-09,4,2026-08,51.639,13.567
C-0014,2026-08-09,5,2026-08,51.994,19.395
C-0014,2026-08-09,6,2026-08,52.531,47.348
C-0014,2026-08-09,7,2026-08,53.183,83.494
C-0014,2026-08-09,8,2026-08,52.609,112.421
C-0014,2026-08-09,9,2026-08,53.682,138.972
C-0014,2026-08-09,10,2026-08,55.492,160.642
C-0014,2026-08-09,11,2026-08,53.535,166.89
C-0014,2026-08-09,12,2026-08,53.114,164.919
C-0014,2026-08-09,13,2026-08,54.391,155.759
C-0014,2026-08-09,14,2026-08,55.442,135.218
C-0014,2026-08-09,15,2026-08,53.529,108.57
C-0014,2026-08-09,16,2026-08,52.642,73.591
C-0014,2026-08-09,17,2026-08,53.105,42.623
C-0014,2026-08-09,18,2026-08,54.777,17.358
C-0014,2026-08-09,19,2026-08,54.488,12.121
C-0014,2026-08-09,20,2026-08,53.332,13.909
C-0014,2026-08-09,21,2026-08,53.036,12.236
C-0014,2026-08-09,22,2026-08,52.179,11.365
C-0014,2026-08-09,23,2026-08,53.618,10.753
C-0014,2026-08-10,0,2026-08,51.453,10.313
C-0014,2026-08-10,1,2026-08,52.828,10.862
C-0014,2026-08-10,2,2026-08,53.353,12.073
C-0014,2026-08-10,3,2026-08,52.742,16.015
C-0014,2026-08-10,4,2026-08,51.57,19.46
C-0014,2026-08-10,5,2026-08,53.052,21.21
C-0014,2026-08-10,6,2026-08,52.829,48.404
C-0014,2026-08-10,7,2026-08,54.097,73.348
C-0014,2026-08-10,8,2026-08,55.586,99.077
C-0014,2026-08-10,9,2026-08,53.026,120.307
C-0014,2026-08-10,10,2026-08,55.875,140.292
C-0014,2026-08-10,11,2026-08,54.8,145.138
C-0014,2026-08-10,12,2026-08,54.492,145.19
C-0014,2026-08-10,13,2026-08,55.881,135.998
C-0014,2026-08-10,14,2026-08,55.282,116.707
C-0014,2026-08-10,15,2026-08,53.669,93.305
C-0014,2026-08-10,16,2026-08,54.825,64.727
C-0014,2026-08-10,17,2026-08,54.219,37.38
C-0014,2026-08-10,18,2026-08,53.066,14.769
C-0014,2026-08-10,19,2026-08,53.665,9.913
C-0014,2026-08-10,20,2026-08,54.976,9.588
C-0014,2026-08-10,21,2026-08,52.651,9.174
C-0014,2026-08-10,22,2026-08,54.459,9.531
C-0014,2026-08-10,23,2026-08,52.734,11.065
C-0014,2026-08-11,0,2026-08,51.878,9.36
C-0014,2026-08-11,1,2026-08,53.771,9.128
C-0014,2026-08-11,2,2026-08,54.646,9.56
C-0014,2026-08-11,3,2026-08,51.973,9.55
C-0014,2026-08-11,4,2026-08,52.014,9.794
C-0014,2026-08-11,5,2026-08,51.805,14.67
C-0014,2026-08-11,6,2026-08,52.07,38.636
C-0014,2026-08-11,7,2026-08,52.841,67.364
C-0014,2026-08-11,8,2026-08,53.675,94.602
C-0014,2026-08-11,9,2026-08,52.496,117.583
C-0014,2026-08-11,10,2026-08,55.623,135.869
C-0014,2026-08-11,11,2026-08,54.244,146.159
C-0014,2026-08-11,12,2026-08,53.052,146.621
C-0014,2026-08-11,13,2026-08,55.44,135.876
C-0014,2026-08-11,14,2026-08,53.761,118.034
C-0014,2026-08-11,15,2026-08,53.763,95.306
C-0014,2026-08-11,16,2026-08,54.073,66.4
C-0014,2026-08-11,17,2026-08,54.468,37.682
C-0014,2026-08-11,18,2026-08,55.382,13.078
C-0014,2026-08-11,19,2026-08,53.862,8.362
C-0014,2026-08-11,20,2026-08,54.192,8.56
C-0014,2026-08-11,21,2026-08,54.096,8.87
C-0014,2026-08-11,22,2026-08,52.487,9.821
C-0014,2026-08-11,23,2026-08,52.358,10.22
C-0014,2026-08-12,0,2026-08,55.547,12.432
C-0014,2026-08-12,1,2026-08,54.396,11.479
C-0014,2026-08-12,2,2026-08,52.363,11.362
C-0014,2026-08-12,3,2026-08,53.433,11.421
C-0014,2026-08-12,4,2026-08,51.318,12.038
C-0014,2026-08-12,5,2026-08,53.067,20.308
C-0014,2026-08-12,6,2026-08,53.119,49.241
C-0014,2026-08-12,7,2026-08,54.214,81.875
C-0014,2026-08-12,8,2026-08,53.148,115.627
C-0014,2026-08-12,9,2026-08,54.497,143.681
C-0014,2026-08-12,10,2026-08,54.601,163.389
C-0014,2026-08-12,11,2026-08,55.817,173.431
C-0014,2026-08-12,12,2026-08,55.023,173.528
C-0014,2026-08-12,13,2026-08,55.043,163.039
C-0014,2026-08-12,14,2026-08,54.298,142.607
C-0014,2026-08-12,15,2026-08,55.402,113.339
C-0014,2026-08-12,16,2026-08,54.937,81.494
C-0014,2026-08-12,17,2026-08,55.809,48.325
C-0014,2026-08-12,18,2026-08,55.608,18.603
C-0014,2026-08-12,19,2026-08,52.862,12.615
C-0014,2026-08-12,20,2026-08,53.988,10.691
C-0014,2026-08-12,21,2026-08,55.34,10.888
C-0014,2026-08-12,22,2026-08,53.791,11.243
C-0014,2026-08-12,23,2026-08,53.236,10.803
C-0014,2026-08-13,0,2026-08,54.918,10.194
C-0014,2026-08-13,1,2026-08,52.228,10.29
C-0014,2026-08-13,2,2026-08,53.928,9.926
C-0014,2026-08-13,3,2026-08,53.451,8.776
C-0014,2026-08-13,4,2026-08,52.755,9.454
C-0014,2026-08-13,5,2026-08,53.484,10.41
C-0014,2026-08-13,6,2026-08,54.84,24.677
C-0014,2026-08-13,7,2026-08,54.482,41.932
C-0014,2026-08-13,8,2026-08,53.938,59.828
C-0014,2026-08-13,9,2026-08,53.628,73.018
C-0014,2026-08-13,10,2026-08,56.125,83.094
C-0014,2026-08-13,11,2026-08,57.278,87.96
C-0014,2026-08-13,12,2026-08,55.983,87.514
C-0014,2026-08-13,13,2026-08,55.638,83.152
C-0014,2026-08-13,14,2026-08,54.515,72.577
C-0014,2026-08-13,15,2026-08,55.83,59.065
C-0014,2026-08-13,16,2026-08,54.573,44.264
C-0014,2026-08-13,17,2026-08,54.765,27.1
C-0014,2026-08-13,18,2026-08,54.531,12.517
C-0014,2026-08-13,19,2026-08,54.807,9.519
C-0014,2026-08-13,20,2026-08,54.127,9.168
C-0014,2026-08-13,21,2026-08,55.168,9.727
C-0014,2026-08-13,22,2026-08,55.162,9.307
C-0014,2026-08-13,23,2026-08,54.023,8.102
C-0014,2026-08-14,0,2026-08,53.329,8.903
C-0014,2026-08-14,1,2026-08,53.735,9.015
C-0014,2026-08-14,2,2026-08,53.861,9.443
C-0014,2026-08-14,3,2026-08,53.935,9.949
C-0014,2026-08-14,4,2026-08,52.646,10.027
C-0014,2026-08-14,5,2026-08,54.142,14.229
C-0014,2026-08-14,6,2026-08,52.939,38.488
C-0014,2026-08-14,7,2026-08,54.144,67.723
C-0014,2026-08-14,8,2026-08,52.938,97.863
C-0014,2026-08-14,9,2026-08,54.169,123.554
C-0014,2026-08-14,10,2026-08,57.098,142.077
C-0014,2026-08-14,11,2026-08,54.297,152.218
C-0014,2026-08-14,12,2026-08,54.689,151.473
C-0014,2026-08-14,13,2026-08,55.559,140.596
C-0014,2026-08-14,14,2026-08,56.474,123.829
C-0014,2026-08-14,15,2026-08,55.568,97.947
C-0014,2026-08-14,16,2026-08,55.578,68.328
C-0014,2026-08-14,17,2026-08,53.838,38.306
C-0014,2026-08-14,18,2026-08,54.249,14.26
C-0014,2026-08-14,19,2026-08,55.16,10.414
C-0014,2026-08-14,20,2026-08,55.246,9.834
C-0014,2026-08-14,21,2026-08,53.604,11.317
C-0014,2026-08-14,22,2026-08,53.97,11.313
C-0014,2026-08-14,23,2026-08,52.845,10.346
C-0014,2026-08-15,0,2026-08,51.979,11.353
C-0014,2026-08-15,1,2026-08,53.93,12.567
C-0014,2026-08-15,2,2026-08,52.618,14.342
C-0014,2026-08-15,3,2026-08,53.224,16.574
C-0014,2026-08-15,4,2026-08,53.023,15.465
C-0014,2026-08-15,5,2026-08,52.967,18.146
C-0014,2026-08-15,6,2026-08,53.073,45.454
C-0014,2026-08-15,7,2026-08,53.031,76.419
C-0014,2026-08-15,8,2026-08,52.312,105.862
C-0014,2026-08-15,9,2026-08,53.756,132.48
C-0014,2026-08-15,10,2026-08,53.006,150.888
C-0014,2026-08-15,11,2026-08,55.095,159.826
C-0014,2026-08-15,12,2026-08,53.745,158.392
C-0014,2026-08-15,13,2026-08,54.536,148.209
C-0014,2026-08-15,14,2026-08,54.685,128.123
C-0014,2026-08-15,15,2026-08,54.538,101.297
C-0014,2026-08-15,16,2026-08,53.966,70.602
C-0014,2026-08-15,17,2026-08,54.001,40.099
C-0014,2026-08-15,18,2026-08,54.241,16.212
C-0014,2026-08-15,19,2026-08,54.39,11.45
C-0014,2026-08-15,20,2026-08,53.229,11.829
C-0014,2026-08-15,21,2026-08,53.578,10.97
C-0014,2026-08-15,22,2026-08,53.288,11.641
C-0014,2026-08-15,23,2026-08,52.689,10.908
C-0014,2026-08-16,0,2026-08,52.569,11.865
C-0014,2026-08-16,1,2026-08,52.319,11.747
C-0014,2026-08-16,2,2026-08,52.758,12.968
C-0014,2026-08-16,3,2026-08,54.225,12.504
C-0014,2026-08-16,4,2026-08,53.222,12.795
C-0014,2026-08-16,5,2026-08,52.393,15.814
C-0014,2026-08-16,6,2026-08,52.169,35.387
C-0014,2026-08-16,7,2026-08,53.33,56.937
C-0014,2026-08-16,8,2026-08,53.974,83.531
C-0014,2026-08-16,9,2026-08,54.395,104.897
C-0014,2026-08-16,10,2026-08,53.704,119.78
C-0014,2026-08-16,11,2026-08,55.219,125.773
C-0014,2026-08-16,12,2026-08,55.694,127.134
C-0014,2026-08-16,13,2026-08,53.737,119.157
C-0014,2026-08-16,14,2026-08,55.06,106.943
C-0014,2026-08-16,15,2026-08,53.757,90.231
C-0014,2026-08-16,16,2026-08,55.155,67.562
C-0014,2026-08-16,17,2026-08,55.143,47.529
C-0014,2026-08-16,18,2026-08,55.299,29.903
C-0014,2026-08-16,19,2026-08,53.458,35.151
C-0014,2026-08-16,20,2026-08,54.172,29.361
C-0014,2026-08-16,21,2026-08,52.526,31.095
C-0014,2026-08-16,22,2026-08,52.759,29.903
C-0014,2026-08-16,23,2026-08,53.163,35.593
C-0014,2026-08-17,0,2026-08,55.949,30.332
C-0014,2026-08-17,1,2026-08,54.824,34.009
C-0014,2026-08-17,2,2026-08,54.426,28.66
C-0014,2026-08-17,3,2026-08,52.845,24.63
C-0014,2026-08-17,4,2026-08,53.098,20.29
C-0014,2026-08-17,5,2026-08,54.674,23.497
C-0014,2026-08-17,6,2026-08,52.542,47.854
C-0014,2026-08-17,7,2026-08,52.694,68.151
C-0014,2026-08-17,8,2026-08,54.63,94.541
C-0014,2026-08-17,9,2026-08,54.339,129.297
C-0014,2026-08-17,10,2026-08,55.049,143.864
C-0014,2026-08-17,11,2026-08,54.784,151.043
C-0014,2026-08-17,12,2026-08,56.623,144.718
C-0014,2026-08-17,13,2026-08,55.95,141.034
C-0014,2026-08-17,14,2026-08,54.918,134.142
C-0014,2026-08-17,15,2026-08,56.683,113.1
C-0014,2026-08-17,16,2026-08,56.026,76.55
C-0014,2026-08-17,17,2026-08,55.809,41.743
C-0014,2026-08-17,18,2026-08,54.976,17.62
C-0014,2026-08-17,19,2026-08,54.672,13.922
C-0014,2026-08-17,20,2026-08,56.092,13.727
C-0014,2026-08-17,21,2026-08,53.73,12.841
C-0014,2026-08-17,22,2026-08,55.33,13.801
C-0014,2026-08-17,23,2026-08,55.399,12.03
C-0014,2026-08-18,0,2026-08,53.553,11.261
C-0014,2026-08-18,1,2026-08,53.855,10.801
C-0014,2026-08-18,2,2026-08,53.149,10.375
C-0014,2026-08-18,3,2026-08,54.442,12.088
C-0014,2026-08-18,4,2026-08,53.558,13.758
C-0014,2026-08-18,5,2026-08,54.354,16.712
C-0014,2026-08-18,6,2026-08,53.893,43.674
C-0014,2026-08-18,7,2026-08,55.262,67.473
C-0014,2026-08-18,8,2026-08,53.437,98.376
C-0014,2026-08-18,9,2026-08,54.021,122.465
C-0014,2026-08-18,10,2026-08,54.228,140.101
C-0014,2026-08-18,11,2026-08,55.06,148.885
C-0014,2026-08-18,12,2026-08,55.421,148.385
C-0014,2026-08-18,13,2026-08,54.841,137.905
C-0014,2026-08-18,14,2026-08,55.711,118.574
C-0014,2026-08-18,15,2026-08,55.744,93.396
C-0014,2026-08-18,16,2026-08,54.515,64.573
C-0014,2026-08-18,17,2026-08,56.359,37.395
C-0014,2026-08-18,18,2026-08,54.726,13.46
C-0014,2026-08-18,19,2026-08,54.786,10.491
C-0014,2026-08-18,20,2026-08,55.245,10.015
C-0014,2026-08-18,21,2026-08,54.55,10.401
C-0014,2026-08-18,22,2026-08,53.913,12.505
C-0014,2026-08-18,23,2026-08,53.487,12.971
C-0014,2026-08-19,0,2026-08,54.0,13.471
C-0014,2026-08-19,1,2026-08,53.858,14.073
C-0014,2026-08-19,2,2026-08,53.833,11.771
C-0014,2026-08-19,3,2026-08,55.559,12.762
C-0014,2026-08-19,4,2026-08,53.835,12.865
C-0014,2026-08-19,5,2026-08,52.336,14.874
C-0014,2026-08-19,6,2026-08,54.467,40.953
C-0014,2026-08-19,7,2026-08,55.3,70.528
C-0014,2026-08-19,8,2026-08,54.996,99.216
C-0014,2026-08-19,9,2026-08,56.998,122.041
C-0014,2026-08-19,10,2026-08,54.937,140.07
C-0014,2026-08-19,11,2026-08,56.769,150.376
C-0014,2026-08-19,12,2026-08,55.939,153.148
C-0014,2026-08-19,13,2026-08,55.412,149.411
C-0014,2026-08-19,14,2026-08,55.713,121.863
C-0017,2026-07-01,0,2026-07,45.553,42.537
C-0017,2026-07-01,1,2026-07,45.396,43.063
C-0017,2026-07-01,2,2026-07,45.904,43.15
C-0017,2026-07-01,3,2026-07,44.459,43.592
C-0017,2026-07-01,4,2026-07,45.18,43.662
C-0017,2026-07-01,5,2026-07,45.406,44.271
C-0017,2026-07-01,6,2026-07,46.729,45.916
C-0017,2026-07-01,7,2026-07,44.716,46.681
C-0017,2026-07-01,8,2026-07,45.799,52.082
C-0017,2026-07-01,9,2026-07,46.383,53.504
C-0017,2026-07-01,10,2026-07,45.755,53.413
C-0017,2026-07-01,11,2026-07,45.85,52.067
C-0017,2026-07-01,12,2026-07,46.367,52.04
C-0017,2026-07-01,13,2026-07,45.336,51.785
C-0017,2026-07-01,14,2026-07,46.83,50.883
C-0017,2026-07-01,15,2026-07,46.349,49.016
C-0017,2026-07-01,16,2026-07,46.066,47.358
C-0017,2026-07-01,17,2026-07,45.677,47.947
C-0017,2026-07-01,18,2026-07,45.997,46.306
C-0017,2026-07-01,19,2026-07,46.387,45.88
C-0017,2026-07-01,20,2026-07,45.221,45.829
C-0017,2026-07-01,21,2026-07,45.749,44.607
C-0017,2026-07-01,22,2026-07,46.341,42.302
C-0017,2026-07-01,23,2026-07,45.44,41.657
C-0017,2026-07-02,0,2026-07,45.09,42.104
C-0017,2026-07-02,1,2026-07,45.432,42.149
C-0017,2026-07-02,2,2026-07,44.967,41.626
C-0017,2026-07-02,3,2026-07,44.162,41.897
C-0017,2026-07-02,4,2026-07,44.94,41.991
C-0017,2026-07-02,5,2026-07,44.241,42.221
C-0017,2026-07-02,6,2026-07,46.34,43.862
C-0017,2026-07-02,7,2026-07,46.082,44.812
C-0017,2026-07-02,8,2026-07,45.239,49.275
C-0017,2026-07-02,9,2026-07,46.826,50.287
C-0017,2026-07-02,10,2026-07,45.336,51.532
C-0017,2026-07-02,11,2026-07,45.686,48.937
C-0017,2026-07-02,12,2026-07,46.24,48.897
C-0017,2026-07-02,13,2026-07,46.289,48.451
C-0017,2026-07-02,14,2026-07,47.221,47.561
C-0017,2026-07-02,15,2026-07,47.305,46.687
C-0017,2026-07-02,16,2026-07,45.963,45.18
C-0017,2026-07-02,17,2026-07,45.415,46.881
C-0017,2026-07-02,18,2026-07,46.02,45.681
C-0017,2026-07-02,19,2026-07,45.328,44.416
C-0017,2026-07-02,20,2026-07,44.534,44.465
C-0017,2026-07-02,21,2026-07,47.176,45.154
C-0017,2026-07-02,22,2026-07,45.866,41.691
C-0017,2026-07-02,23,2026-07,45.287,41.618
C-0017,2026-07-03,0,2026-07,43.884,41.322
C-0017,2026-07-03,1,2026-07,45.43,42.159
C-0017,2026-07-03,2,2026-07,45.033,41.765
C-0017,2026-07-03,3,2026-07,44.573,41.68
C-0017,2026-07-03,4,2026-07,44.473,42.376
C-0017,2026-07-03,5,2026-07,45.358,42.999
C-0017,2026-07-03,6,2026-07,44.184,44.413
C-0017,2026-07-03,7,2026-07,45.731,47.361
C-0017,2026-07-03,8,2026-07,44.97,52.279
C-0017,2026-07-03,9,2026-07,46.446,54.225
C-0017,2026-07-03,10,2026-07,45.803,54.793
C-0017,2026-07-03,11,2026-07,47.469,53.036
C-0017,2026-07-03,12,2026-07,46.334,53.27
C-0017,2026-07-03,13,2026-07,45.668,52.375
C-0017,2026-07-03,14,2026-07,47.467,51.615
C-0017,2026-07-03,15,2026-07,46.407,49.293
C-0017,2026-07-03,16,2026-07,46.006,47.5
C-0017,2026-07-03,17,2026-07,44.794,48.634
C-0017,2026-07-03,18,2026-07,46.131,46.299
C-0017,2026-07-03,19,2026-07,46.533,45.443
C-0017,2026-07-03,20,2026-07,46.744,45.264
C-0017,2026-07-03,21,2026-07,45.628,45.328
C-0017,2026-07-03,22,2026-07,45.504,41.859
C-0017,2026-07-03,23,2026-07,45.725,42.065
C-0017,2026-07-04,0,2026-07,44.891,41.754
C-0017,2026-07-04,1,2026-07,44.831,42.19
C-0017,2026-07-04,2,2026-07,44.58,43.071
C-0017,2026-07-04,3,2026-07,44.019,42.986
C-0017,2026-07-04,4,2026-07,44.484,43.818
C-0017,2026-07-04,5,2026-07,44.608,44.24
C-0017,2026-07-04,6,2026-07,44.496,46.3
C-0017,2026-07-04,7,2026-07,45.538,48.439
C-0017,2026-07-04,8,2026-07,45.186,53.002
C-0017,2026-07-04,9,2026-07,44.698,54.739
C-0017,2026-07-04,10,2026-07,46.169,56.82
C-0017,2026-07-04,11,2026-07,45.375,54.4
C-0017,2026-07-04,12,2026-07,45.134,54.423
C-0017,2026-07-04,13,2026-07,44.575,53.094
C-0017,2026-07-04,14,2026-07,46.423,52.22
C-0017,2026-07-04,15,2026-07,46.743,50.684
C-0017,2026-07-04,16,2026-07,45.275,47.91
C-0017,2026-07-04,17,2026-07,44.707,48.399
C-0017,2026-07-04,18,2026-07,44.918,46.492
C-0017,2026-07-04,19,2026-07,45.533,46.171
C-0017,2026-07-04,20,2026-07,44.566,45.38
C-0017,2026-07-04,21,2026-07,43.5,45.286
C-0017,2026-07-04,22,2026-07,44.182,42.371
C-0017,2026-07-04,23,2026-07,44.245,41.899
C-0017,2026-07-05,0,2026-07,45.019,42.175
C-0017,2026-07-05,1,2026-07,44.527,42.133
C-0017,2026-07-05,2,2026-07,44.959,42.416
C-0017,2026-07-05,3,2026-07,43.732,42.584
C-0017,2026-07-05,4,2026-07,46.369,42.01
C-0017,2026-07-05,5,2026-07,45.343,43.09
C-0017,2026-07-05,6,2026-07,43.924,44.853
C-0017,2026-07-05,7,2026-07,45.727,46.842
C-0017,2026-07-05,8,2026-07,45.307,51.451
C-0017,2026-07-05,9,2026-07,43.9,53.572
C-0017,2026-07-05,10,2026-07,45.59,53.94
C-0017,2026-07-05,11,2026-07,43.939,51.61
C-0017,2026-07-05,12,2026-07,45.155,52.098
C-0017,2026-07-05,13,2026-07,44.735,51.636
C-0017,2026-07-05,14,2026-07,45.967,49.933
C-0017,2026-07-05,15,2026-07,44.157,47.997
C-0017,2026-07-05,16,2026-07,45.598,46.72
C-0017,2026-07-05,17,2026-07,45.736,47.161
C-0017,2026-07-05,18,2026-07,44.433,45.952
C-0017,2026-07-05,19,2026-07,45.488,44.707
C-0017,2026-07-05,20,2026-07,45.085,44.812
C-0017,2026-07-05,21,2026-07,44.79,44.864
C-0017,2026-07-05,22,2026-07,44.716,41.641
C-0017,2026-07-05,23,2026-07,43.536,41.884
C-0017,2026-07-06,0,2026-07,45.627,41.55
C-0017,2026-07-06,1,2026-07,46.836,41.865
C-0017,2026-07-06,2,2026-07,45.484,42.344
C-0017,2026-07-06,3,2026-07,45.383,41.751
C-0017,2026-07-06,4,2026-07,44.448,41.449
C-0017,2026-07-06,5,2026-07,45.773,42.453
C-0017,2026-07-06,6,2026-07,45.853,44.179
C-0017,2026-07-06,7,2026-07,44.054,45.213
C-0017,2026-07-06,8,2026-07,45.674,49.38
C-0017,2026-07-06,9,2026-07,43.93,50.309
C-0017,2026-07-06,10,2026-07,44.732,50.768
C-0017,2026-07-06,11,2026-07,46.803,48.563
C-0017,2026-07-06,12,2026-07,46.335,48.634
C-0017,2026-07-06,13,2026-07,46.455,48.569
C-0017,2026-07-06,14,2026-07,45.98,47.516
C-0017,2026-07-06,15,2026-07,46.513,46.664
C-0017,2026-07-06,16,2026-07,46.12,45.315
C-0017,2026-07-06,17,2026-07,46.507,47.404
C-0017,2026-07-06,18,2026-07,45.74,45.615
C-0017,2026-07-06,19,2026-07,45.627,45.293
C-0017,2026-07-06,20,2026-07,44.722,46.052
C-0017,2026-07-06,21,2026-07,45.972,45.863
C-0017,2026-07-06,22,2026-07,45.039,42.039
C-0017,2026-07-06,23,2026-07,45.354,42.218
C-0017,2026-07-07,0,2026-07,44.863,41.97
C-0017,2026-07-07,1,2026-07,44.783,42.448
C-0017,2026-07-07,2,2026-07,45.814,42.293
C-0017,2026-07-07,3,2026-07,44.593,42.696
C-0017,2026-07-07,4,2026-07,45.672,42.425
C-0017,2026-07-07,5,2026-07,43.746,42.77
C-0017,2026-07-07,6,2026-07,45.055,43.273
C-0017,2026-07-07,7,2026-07,45.438,45.014
C-0017,2026-07-07,8,2026-07,44.764,49.716
C-0017,2026-07-07,9,2026-07,44.775,50.641
C-0017,2026-07-07,10,2026-07,45.189,51.562
C-0017,2026-07-07,11,2026-07,44.702,48.033
C-0017,2026-07-07,12,2026-07,44.319,47.578
C-0017,2026-07-07,13,2026-07,46.235,47.767
C-0017,2026-07-07,14,2026-07,45.198,46.727
C-0017,2026-07-07,15,2026-07,46.196,46.748
C-0017,2026-07-07,16,2026-07,44.539,44.963
C-0017,2026-07-07,17,2026-07,46.16,46.986
C-0017,2026-07-07,18,2026-07,45.054,45.974
C-0017,2026-07-07,19,2026-07,45.919,46.326
C-0017,2026-07-07,20,2026-07,46.07,46.328
C-0017,2026-07-07,21,2026-07,45.37,46.252
C-0017,2026-07-07,22,2026-07,45.346,42.963
C-0017,2026-07-07,23,2026-07,45.248,42.954
C-0017,2026-07-08,0,2026-07,44.713,41.989
C-0017,2026-07-08,1,2026-07,45.328,42.271
C-0017,2026-07-08,2,2026-07,45.02,42.23
C-0017,2026-07-08,3,2026-07,45.177,41.62
C-0017,2026-07-08,4,2026-07,44.506,41.94
C-0017,2026-07-08,5,2026-07,44.668,42.05
C-0017,2026-07-08,6,2026-07,45.17,44.025
C-0017,2026-07-08,7,2026-07,45.429,46.01
C-0017,2026-07-08,8,2026-07,45.083,50.806
C-0017,2026-07-08,9,2026-07,45.314,52.317
C-0017,2026-07-08,10,2026-07,46.039,53.743
C-0017,2026-07-08,11,2026-07,46.16,50.833
C-0017,2026-07-08,12,2026-07,46.749,50.644
C-0017,2026-07-08,13,2026-07,46.529,50.233
C-0017,2026-07-08,14,2026-07,45.845,49.54
C-0017,2026-07-08,15,2026-07,47.152,48.221
C-0017,2026-07-08,16,2026-07,46.869,46.478
C-0017,2026-07-08,17,2026-07,46.302,47.522
C-0017,2026-07-08,18,2026-07,48.338,45.315
C-0017,2026-07-08,19,2026-07,45.599,44.809
C-0017,2026-07-08,20,2026-07,47.34,44.789
C-0017,2026-07-08,21,2026-07,46.337,44.688
C-0017,2026-07-08,22,2026-07,45.115,42.026
C-0017,2026-07-08,23,2026-07,44.868,41.865
C-0017,2026-07-09,0,2026-07,45.311,41.863
C-0017,2026-07-09,1,2026-07,44.212,41.791
C-0017,2026-07-09,2,2026-07,47.238,41.796
C-0017,2026-07-09,3,2026-07,44.977,41.436
C-0017,2026-07-09,4,2026-07,45.428,41.822
C-0017,2026-07-09,5,2026-07,44.116,42.56
C-0017,2026-07-09,6,2026-07,45.071,44.623
C-0017,2026-07-09,7,2026-07,45.498,47.133
C-0017,2026-07-09,8,2026-07,45.983,51.501
C-0017,2026-07-09,9,2026-07,45.532,53.223
C-0017,2026-07-09,10,2026-07,46.304,54.507
C-0017,2026-07-09,11,2026-07,46.533,52.151
C-0017,2026-07-09,12,2026-07,45.936,53.558
C-0017,2026-07-09,13,2026-07,46.581,53.03
C-0017,2026-07-09,14,2026-07,45.945,52.182
C-0017,2026-07-09,15,2026-07,45.846,50.241
C-0017,2026-07-09,16,2026-07,46.74,48.138
C-0017,2026-07-09,17,2026-07,46.691,48.965
C-0017,2026-07-09,18,2026-07,45.795,46.915
C-0017,2026-07-09,19,2026-07,45.929,45.745
C-0017,2026-07-09,20,2026-07,46.213,45.309
C-0017,2026-07-09,21,2026-07,46.537,44.913
C-0017,2026-07-09,22,2026-07,45.356,42.174
C-0017,2026-07-09,23,2026-07,46.474,42.003
C-0017,2026-07-10,0,2026-07,46.532,41.825
C-0017,2026-07-10,1,2026-07,45.505,42.022
C-0017,2026-07-10,2,2026-07,44.967,42.567
C-0017,2026-07-10,3,2026-07,45.671,42.641
C-0017,2026-07-10,4,2026-07,45.697,41.879
C-0017,2026-07-10,5,2026-07,45.245,42.739
C-0017,2026-07-10,6,2026-07,45.539,44.845
C-0017,2026-07-10,7,2026-07,45.628,46.17
C-0017,2026-07-10,8,2026-07,46.209,51.341
C-0017,2026-07-10,9,2026-07,45.532,52.471
C-0017,2026-07-10,10,2026-07,46.489,53.742
C-0017,2026-07-10,11,2026-07,46.059,50.816
C-0017,2026-07-10,12,2026-07,47.223,51.311
C-0017,2026-07-10,13,2026-07,48.654,50.648
C-0017,2026-07-10,14,2026-07,46.435,49.03
C-0017,2026-07-10,15,2026-07,47.571,47.855
C-0017,2026-07-10,16,2026-07,46.253,45.99
C-0017,2026-07-10,17,2026-07,46.647,47.302
C-0017,2026-07-10,18,2026-07,44.736,46.032
C-0017,2026-07-10,19,2026-07,45.606,44.879
C-0017,2026-07-10,20,2026-07,46.53,44.822
C-0017,2026-07-10,21,2026-07,44.855,45.023
C-0017,2026-07-10,22,2026-07,44.783,42.213
C-0017,2026-07-10,23,2026-07,45.526,42.566
C-0017,2026-07-11,0,2026-07,45.071,41.999
C-0017,2026-07-11,1,2026-07,45.726,42.436
C-0017,2026-07-11,2,2026-07,44.276,42.169
C-0017,2026-07-11,3,2026-07,44.717,42.194
C-0017,2026-07-11,4,2026-07,45.461,42.921
C-0017,2026-07-11,5,2026-07,44.098,43.338
C-0017,2026-07-11,6,2026-07,45.772,45.116
C-0017,2026-07-11,7,2026-07,44.453,46.384
C-0017,2026-07-11,8,2026-07,45.211,51.965
C-0017,2026-07-11,9,2026-07,44.463,53.232
C-0017,2026-07-11,10,2026-07,45.317,53.956
C-0017,2026-07-11,11,2026-07,46.313,52.218
C-0017,2026-07-11,12,2026-07,46.14,51.528
C-0017,2026-07-11,13,2026-07,45.462,51.565
C-0017,2026-07-11,14,2026-07,45.687,50.548
C-0017,2026-07-11,15,2026-07,46.349,48.706
C-0017,2026-07-11,16,2026-07,46.06,48.379
C-0017,2026-07-11,17,2026-07,45.761,48.567
C-0017,2026-07-11,18,2026-07,44.032,48.586
C-0017,2026-07-11,19,2026-07,45.619,46.925
C-0017,2026-07-11,20,2026-07,44.108,47.277
C-0017,2026-07-11,21,2026-07,44.106,46.695
C-0017,2026-07-11,22,2026-07,45.048,43.318
C-0017,2026-07-11,23,2026-07,45.595,42.541
C-0017,2026-07-12,0,2026-07,44.568,42.18
C-0017,2026-07-12,1,2026-07,45.107,41.696
C-0017,2026-07-12,2,2026-07,43.843,42.147
C-0017,2026-07-12,3,2026-07,45.547,42.986
C-0017,2026-07-12,4,2026-07,45.27,42.686
C-0017,2026-07-12,5,2026-07,44.327,43.583
C-0017,2026-07-12,6,2026-07,45.062,45.871
C-0017,2026-07-12,7,2026-07,46.271,48.155
C-0017,2026-07-12,8,2026-07,44.46,53.101
C-0017,2026-07-12,9,2026-07,45.057,54.838
C-0017,2026-07-12,10,2026-07,45.399,56.964
C-0017,2026-07-12,11,2026-07,45.499,53.89
C-0017,2026-07-12,12,2026-07,46.17,54.161
C-0017,2026-07-12,13,2026-07,45.941,52.947
C-0017,2026-07-12,14,2026-07,45.979,51.653
C-0017,2026-07-12,15,2026-07,46.353,49.303
C-0017,2026-07-12,16,2026-07,45.936,47.076
C-0017,2026-07-12,17,2026-07,45.793,48.077
C-0017,2026-07-12,18,2026-07,45.512,46.461
C-0017,2026-07-12,19,2026-07,45.06,45.124
C-0017,2026-07-12,20,2026-07,44.683,45.316
C-0017,2026-07-12,21,2026-07,44.506,45.186
C-0017,2026-07-12,22,2026-07,44.379,42.184
C-0017,2026-07-12,23,2026-07,44.47,41.65
C-0017,2026-07-13,0,2026-07,43.776,41.876
C-0017,2026-07-13,1,2026-07,45.342,41.826
C-0017,2026-07-13,2,2026-07,45.669,41.83
C-0017,2026-07-13,3,2026-07,45.381,41.896
C-0017,2026-07-13,4,2026-07,46.717,41.752
C-0017,2026-07-13,5,2026-07,45.234,42.772
C-0017,2026-07-13,6,2026-07,45.765,44.401
C-0017,2026-07-13,7,2026-07,44.258,46.422
C-0017,2026-07-13,8,2026-07,45.947,51.385
C-0017,2026-07-13,9,2026-07,46.239,52.965
C-0017,2026-07-13,10,2026-07,46.118,54.06
C-0017,2026-07-13,11,2026-07,46.32,51.999
C-0017,2026-07-13,12,2026-07,47.012,51.909
C-0017,2026-07-13,13,2026-07,47.307,51.341
C-0017,2026-07-13,14,2026-07,45.878,50.363
C-0017,2026-07-13,15,2026-07,47.318,48.13
C-0017,2026-07-13,16,2026-07,47.202,46.4
C-0017,2026-07-13,17,2026-07,46.083,48.025
C-0017,2026-07-13,18,2026-07,46.95,46.343
C-0017,2026-07-13,19,2026-07,45.632,45.722
C-0017,2026-07-13,20,2026-07,47.219,45.203
C-0017,2026-07-13,21,2026-07,45.55,45.404
C-0017,2026-07-13,22,2026-07,45.687,42.864
C-0017,2026-07-13,23,2026-07,45.447,42.311
C-0017,2026-07-14,0,2026-07,44.589,43.109
C-0017,2026-07-14,1,2026-07,46.296,42.719
C-0017,2026-07-14,2,2026-07,45.043,42.49
C-0017,2026-07-14,3,2026-07,44.719,43.11
C-0017,2026-07-14,4,2026-07,45.553,42.755
C-0017,2026-07-14,5,2026-07,45.875,43.082
C-0017,2026-07-14,6,2026-07,45.502,44.337
C-0017,2026-07-14,7,2026-07,46.634,45.629
C-0017,2026-07-14,8,2026-07,45.857,50.107
C-0017,2026-07-14,9,2026-07,45.07,51.542
C-0017,2026-07-14,10,2026-07,46.818,52.005
C-0017,2026-07-14,11,2026-07,47.298,49.669
C-0017,2026-07-14,12,2026-07,47.654,49.374
C-0017,2026-07-14,13,2026-07,47.837,49.423
C-0017,2026-07-14,14,2026-07,46.676,48.487
C-0017,2026-07-14,15,2026-07,47.429,48.035
C-0017,2026-07-14,16,2026-07,46.761,46.688
C-0017,2026-07-14,17,2026-07,44.911,48.658
C-0017,2026-07-14,18,2026-07,46.899,47.284
C-0017,2026-07-14,19,2026-07,46.467,46.881
C-0017,2026-07-14,20,2026-07,46.916,45.921
C-0017,2026-07-14,21,2026-07,45.478,46.435
C-0017,2026-07-14,22,2026-07,45.323,43.199
C-0017,2026-07-14,23,2026-07,45.253,44.133
C-0017,2026-07-15,0,2026-07,45.241,43.619
C-0017,2026-07-15,1,2026-07,45.284,44.501
C-0017,2026-07-15,2,2026-07,45.691,44.261
C-0017,2026-07-15,3,2026-07,44.84,44.494
C-0017,2026-07-15,4,2026-07,44.59,43.467
C-0017,2026-07-15,5,2026-07,44.451,43.936
C-0017,2026-07-15,6,2026-07,45.693,44.856
C-0017,2026-07-15,7,2026-07,45.943,46.377
C-0017,2026-07-15,8,2026-07,46.49,50.604
C-0017,2026-07-15,9,2026-07,47.446,51.959
C-0017,2026-07-15,10,2026-07,46.239,52.109
C-0017,2026-07-15,11,2026-07,45.13,48.986
C-0017,2026-07-15,12,2026-07,47.171,49.047
C-0017,2026-07-15,13,2026-07,46.468,48.193
C-0017,2026-07-15,14,2026-07,46.904,47.635
C-0017,2026-07-15,15,2026-07,46.969,46.227
C-0017,2026-07-15,16,2026-07,46.602,44.835
C-0017,2026-07-15,17,2026-07,46.233,46.69
C-0017,2026-07-15,18,2026-07,45.16,45.737
C-0017,2026-07-15,19,2026-07,45.161,45.059
C-0017,2026-07-15,20,2026-07,45.698,44.474
C-0017,2026-07-15,21,2026-07,46.982,44.438
C-0017,2026-07-15,22,2026-07,46.038,41.632
C-0017,2026-07-15,23,2026-07,45.16,41.861
C-0017,2026-07-16,0,2026-07,46.16,41.035
C-0017,2026-07-16,1,2026-07,45.555,41.437
C-0017,2026-07-16,2,2026-07,44.869,41.842
C-0017,2026-07-16,3,2026-07,45.804,41.658
C-0017,2026-07-16,4,2026-07,46.135,42.17
C-0017,2026-07-16,5,2026-07,44.618,42.713
C-0017,2026-07-16,6,2026-07,45.849,45.775
C-0017,2026-07-16,7,2026-07,47.145,48.492
C-0017,2026-07-16,8,2026-07,46.078,53.652
C-0017,2026-07-16,9,2026-07,46.165,55.778
C-0017,2026-07-16,10,2026-07,46.222,57.581
C-0017,2026-07-16,11,2026-07,47.732,55.376
C-0017,2026-07-16,12,2026-07,47.716,55.284
C-0017,2026-07-16,13,2026-07,48.742,55.547
C-0017,2026-07-16,14,2026-07,46.895,53.295
C-0017,2026-07-16,15,2026-07,48.155,51.66
C-0017,2026-07-16,16,2026-07,47.643,47.948
C-0017,2026-07-16,17,2026-07,47.118,48.536
C-0017,2026-07-16,18,2026-07,46.403,46.026
C-0017,2026-07-16,19,2026-07,47.476,44.612
C-0017,2026-07-16,20,2026-07,46.45,45.454
C-0017,2026-07-16,21,2026-07,45.727,44.569
C-0017,2026-07-16,22,2026-07,46.14,42.374
C-0017,2026-07-16,23,2026-07,46.436,42.02
C-0017,2026-07-17,0,2026-07,44.828,41.601
C-0017,2026-07-17,1,2026-07,46.239,42.275
C-0017,2026-07-17,2,2026-07,46.07,42.23
C-0017,2026-07-17,3,2026-07,45.518,41.91
C-0017,2026-07-17,4,2026-07,45.759,42.544
C-0017,2026-07-17,5,2026-07,46.091,42.551
C-0017,2026-07-17,6,2026-07,45.642,43.605
C-0017,2026-07-17,7,2026-07,46.329,45.441
C-0017,2026-07-17,8,2026-07,45.711,49.009
C-0017,2026-07-17,9,2026-07,46.403,50.103
C-0017,2026-07-17,10,2026-07,47.057,50.988
C-0017,2026-07-17,11,2026-07,46.522,48.758
C-0017,2026-07-17,12,2026-07,46.482,48.775
C-0017,2026-07-17,13,2026-07,47.866,48.65
C-0017,2026-07-17,14,2026-07,47.315,47.34
C-0017,2026-07-17,15,2026-07,47.655,46.521
C-0017,2026-07-17,16,2026-07,47.506,44.648
C-0017,2026-07-17,17,2026-07,47.508,47.138
C-0017,2026-07-17,18,2026-07,46.196,45.606
C-0017,2026-07-17,19,2026-07,46.498,45.38
C-0017,2026-07-17,20,2026-07,45.89,45.486
C-0017,2026-07-17,21,2026-07,46.584,45.345
C-0017,2026-07-17,22,2026-07,46.886,42.674
C-0017,2026-07-17,23,2026-07,46.706,43.245
C-0017,2026-07-18,0,2026-07,44.177,42.305
C-0017,2026-07-18,1,2026-07,45.449,42.13
C-0017,2026-07-18,2,2026-07,45.951,42.117
C-0017,2026-07-18,3,2026-07,44.136,42.127
C-0017,2026-07-18,4,2026-07,44.561,41.68
C-0017,2026-07-18,5,2026-07,43.805,42.763
C-0017,2026-07-18,6,2026-07,44.471,45.861
C-0017,2026-07-18,7,2026-07,44.597,48.336
C-0017,2026-07-18,8,2026-07,45.339,53.889
C-0017,2026-07-18,9,2026-07,46.247,56.215
C-0017,2026-07-18,10,2026-07,45.824,57.904
C-0017,2026-07-18,11,2026-07,45.279,55.814
C-0017,2026-07-18,12,2026-07,46.563,55.251
C-0017,2026-07-18,13,2026-07,46.213,54.642
C-0017,2026-07-18,14,2026-07,46.001,53.233
C-0017,2026-07-18,15,2026-07,44.862,51.336
C-0017,2026-07-18,16,2026-07,45.89,48.365
C-0017,2026-07-18,17,2026-07,47.142,48.187
C-0017,2026-07-18,18,2026-07,45.379,46.107
C-0017,2026-07-18,19,2026-07,45.978,45.142
C-0017,2026-07-18,20,2026-07,46.182,45.206
C-0017,2026-07-18,21,2026-07,45.98,45.208
C-0017,2026-07-18,22,2026-07,45.139,42.392
C-0017,2026-07-18,23,2026-07,44.213,41.843
C-0017,2026-07-19,0,2026-07,44.78,42.204
C-0017,2026-07-19,1,2026-07,45.192,42.28
C-0017,2026-07-19,2,2026-07,44.125,41.743
C-0017,2026-07-19,3,2026-07,43.972,42.815
C-0017,2026-07-19,4,2026-07,45.18,43.185
C-0017,2026-07-19,5,2026-07,43.669,43.408
C-0017,2026-07-19,6,2026-07,44.438,45.703
C-0017,2026-07-19,7,2026-07,44.794,47.96
C-0017,2026-07-19,8,2026-07,44.922,53.623
C-0017,2026-07-19,9,2026-07,45.667,55.691
C-0017,2026-07-19,10,2026-07,46.076,57.974
C-0017,2026-07-19,11,2026-07,46.962,55.249
C-0017,2026-07-19,12,2026-07,47.191,54.945
C-0017,2026-07-19,13,2026-07,47.771,54.552
C-0017,2026-07-19,14,2026-07,46.161,52.873
C-0017,2026-07-19,15,2026-07,45.851,50.038
C-0017,2026-07-19,16,2026-07,45.212,47.679
C-0017,2026-07-19,17,2026-07,45.755,47.993
C-0017,2026-07-19,18,2026-07,44.424,45.327
C-0017,2026-07-19,19,2026-07,45.85,44.357
C-0017,2026-07-19,20,2026-07,45.596,44.838
C-0017,2026-07-19,21,2026-07,45.515,44.708
C-0017,2026-07-19,22,2026-07,45.223,41.992
C-0017,2026-07-19,23,2026-07,45.258,41.591
C-0017,2026-07-20,0,2026-07,45.928,41.912
C-0017,2026-07-20,1,2026-07,46.085,41.899
C-0017,2026-07-20,2,2026-07,45.269,42.246
C-0017,2026-07-20,3,2026-07,45.836,41.93
C-0017,2026-07-20,4,2026-07,45.721,42.556
C-0017,2026-07-20,5,2026-07,44.666,43.681
C-0017,2026-07-20,6,2026-07,44.342,44.465
C-0017,2026-07-20,7,2026-07,46.315,46.6
C-0017,2026-07-20,8,2026-07,45.176,50.824
C-0017,2026-07-20,9,2026-07,45.725,53.02
C-0017,2026-07-20,10,2026-07,47.104,53.97
C-0017,2026-07-20,11,2026-07,47.093,51.393
C-0017,2026-07-20,12,2026-07,46.96,51.23
C-0017,2026-07-20,13,2026-07,47.276,50.785
C-0017,2026-07-20,14,2026-07,47.741,49.342
C-0017,2026-07-20,15,2026-07,47.514,47.559
C-0017,2026-07-20,16,2026-07,47.097,46.746
C-0017,2026-07-20,17,2026-07,46.032,47.394
C-0017,2026-07-20,18,2026-07,47.164,45.336
C-0017,2026-07-20,19,2026-07,45.775,44.972
C-0017,2026-07-20,20,2026-07,45.663,45.083
C-0017,2026-07-20,21,2026-07,45.271,44.874
C-0017,2026-07-20,22,2026-07,46.418,42.054
C-0017,2026-07-20,23,2026-07,46.007,41.96
C-0017,2026-07-21,0,2026-07,45.373,42.202
C-0017,2026-07-21,1,2026-07,44.475,42.103
C-0017,2026-07-21,2,2026-07,44.805,41.893
C-0017,2026-07-21,3,2026-07,45.589,41.342
C-0017,2026-07-21,4,2026-07,46.226,41.62
C-0017,2026-07-21,5,2026-07,45.77,43.023
C-0017,2026-07-21,6,2026-07,44.629,44.897
C-0017,2026-07-21,7,2026-07,45.361,46.226
C-0017,2026-07-21,8,2026-07,46.537,51.36
C-0017,2026-07-21,9,2026-07,46.468,53.29
C-0017,2026-07-21,10,2026-07,46.895,53.996
C-0017,2026-07-21,11,2026-07,46.585,52.565
C-0017,2026-07-21,12,2026-07,46.617,53.288
C-0017,2026-07-21,13,2026-07,48.204,52.279
C-0017,2026-07-21,14,2026-07,47.014,50.699
C-0017,2026-07-21,15,2026-07,46.921,49.047
C-0017,2026-07-21,16,2026-07,46.33,47.524
C-0017,2026-07-21,17,2026-07,46.088,48.584
C-0017,2026-07-21,18,2026-07,44.678,47.452
C-0017,2026-07-21,19,2026-07,45.924,46.724
C-0017,2026-07-21,20,2026-07,46.747,46.635
C-0017,2026-07-21,21,2026-07,46.155,46.328
C-0017,2026-07-21,22,2026-07,44.046,43.832
C-0017,2026-07-21,23,2026-07,46.092,42.977
C-0017,2026-07-22,0,2026-07,45.995,42.446
C-0017,2026-07-22,1,2026-07,46.818,43.259
C-0017,2026-07-22,2,2026-07,45.314,43.21
C-0017,2026-07-22,3,2026-07,45.53,42.626
C-0017,2026-07-22,4,2026-07,45.66,42.811
C-0017,2026-07-22,5,2026-07,45.029,43.867
C-0017,2026-07-22,6,2026-07,45.725,45.398
C-0017,2026-07-22,7,2026-07,46.325,47.626
C-0017,2026-07-22,8,2026-07,47.246,52.718
C-0017,2026-07-22,9,2026-07,45.359,55.359
C-0017,2026-07-22,10,2026-07,47.254,56.589
C-0017,2026-07-22,11,2026-07,46.869,54.579
C-0017,2026-07-22,12,2026-07,47.374,54.302
C-0017,2026-07-22,13,2026-07,48.269,53.77
C-0017,2026-07-22,14,2026-07,47.762,51.592
C-0017,2026-07-22,15,2026-07,47.893,49.819
C-0017,2026-07-22,16,2026-07,46.853,47.313
C-0017,2026-07-22,17,2026-07,46.17,47.629
C-0017,2026-07-22,18,2026-07,47.455,45.415
C-0017,2026-07-22,19,2026-07,46.69,44.944
C-0017,2026-07-22,20,2026-07,47.792,44.882
C-0017,2026-07-22,21,2026-07,46.552,45.155
C-0017,2026-07-22,22,2026-07,46.967,41.5
C-0017,2026-07-22,23,2026-07,46.558,42.636
C-0017,2026-07-23,0,2026-07,44.942,41.467
C-0017,2026-07-23,1,2026-07,46.247,41.492
C-0017,2026-07-23,2,2026-07,46.22,41.71
C-0017,2026-07-23,3,2026-07,45.968,41.091
C-0017,2026-07-23,4,2026-07,45.653,41.513
C-0017,2026-07-23,5,2026-07,44.882,42.086
C-0017,2026-07-23,6,2026-07,46.576,44.471
C-0017,2026-07-23,7,2026-07,47.76,45.818
C-0017,2026-07-23,8,2026-07,45.87,51.354
C-0017,2026-07-23,9,2026-07,44.534,52.404
C-0017,2026-07-23,10,2026-07,46.389,53.448
C-0017,2026-07-23,11,2026-07,45.999,51.49
C-0017,2026-07-23,12,2026-07,46.176,51.347
C-0017,2026-07-23,13,2026-07,47.764,50.797
C-0017,2026-07-23,14,2026-07,46.461,49.719
C-0017,2026-07-23,15,2026-07,48.112,48.513
C-0017,2026-07-23,16,2026-07,47.315,45.991
C-0017,2026-07-23,17,2026-07,47.507,47.163
C-0017,2026-07-23,18,2026-07,47.861,45.16
C-0017,2026-07-23,19,2026-07,46.192,45.042
C-0017,2026-07-23,20,2026-07,46.026,45.483
C-0017,2026-07-23,21,2026-07,47.66,45.555
C-0017,2026-07-23,22,2026-07,46.224,42.705
C-0017,2026-07-23,23,2026-07,46.866,42.983
C-0017,2026-07-24,0,2026-07,46.366,43.174
C-0017,2026-07-24,1,2026-07,45.665,42.986
C-0017,2026-07-24,2,2026-07,45.793,42.961
C-0017,2026-07-24,3,2026-07,45.426,42.209
C-0017,2026-07-24,4,2026-07,45.707,42.557
C-0017,2026-07-24,5,2026-07,45.865,43.592
C-0017,2026-07-24,6,2026-07,45.353,45.74
C-0017,2026-07-24,7,2026-07,45.837,47.719
C-0017,2026-07-24,8,2026-07,46.615,52.5
C-0017,2026-07-24,9,2026-07,47.093,54.645
C-0017,2026-07-24,10,2026-07,46.169,55.864
C-0017,2026-07-24,11,2026-07,46.912,53.715
C-0017,2026-07-24,12,2026-07,46.259,53.523
C-0017,2026-07-24,13,2026-07,47.767,53.313
C-0017,2026-07-24,14,2026-07,47.282,51.558
C-0017,2026-07-24,15,2026-07,48.128,49.553
C-0017,2026-07-24,16,2026-07,47.133,47.382
C-0017,2026-07-24,17,2026-07,46.499,47.957
C-0017,2026-07-24,18,2026-07,46.298,46.225
C-0017,2026-07-24,19,2026-07,47.498,45.381
C-0017,2026-07-24,20,2026-07,45.828,44.97
C-0017,2026-07-24,21,2026-07,47.181,44.754
C-0017,2026-07-24,22,2026-07,47.472,41.469
C-0017,2026-07-24,23,2026-07,45.736,42.122
C-0017,2026-07-25,0,2026-07,44.554,42.245
C-0017,2026-07-25,1,2026-07,44.917,42.5
C-0017,2026-07-25,2,2026-07,43.706,42.109
C-0017,2026-07-25,3,2026-07,45.209,41.432
C-0017,2026-07-25,4,2026-07,43.961,41.549
C-0017,2026-07-25,5,2026-07,45.418,42.281
C-0017,2026-07-25,6,2026-07,45.286,44.774
C-0017,2026-07-25,7,2026-07,45.087,46.644
C-0017,2026-07-25,8,2026-07,46.747,51.545
C-0017,2026-07-25,9,2026-07,46.045,53.665
C-0017,2026-07-25,10,2026-07,45.818,55.181
C-0017,2026-07-25,11,2026-07,46.073,52.908
C-0017,2026-07-25,12,2026-07,46.676,52.677
C-0017,2026-07-25,13,2026-07,46.532,52.175
C-0017,2026-07-25,14,2026-07,46.985,50.597
C-0017,2026-07-25,15,2026-07,45.628,48.714
C-0017,2026-07-25,16,2026-07,45.875,46.629
C-0017,2026-07-25,17,2026-07,47.176,47.585
C-0017,2026-07-25,18,2026-07,46.82,45.319
C-0017,2026-07-25,19,2026-07,46.036,44.307
C-0017,2026-07-25,20,2026-07,46.319,44.311
C-0017,2026-07-25,21,2026-07,45.766,44.223
C-0017,2026-07-25,22,2026-07,44.551,41.205
C-0017,2026-07-25,23,2026-07,45.028,41.851
C-0017,2026-07-26,0,2026-07,45.055,41.353
C-0017,2026-07-26,1,2026-07,44.424,41.547
C-0017,2026-07-26,2,2026-07,44.51,41.887
C-0017,2026-07-26,3,2026-07,45.772,42.071
C-0017,2026-07-26,4,2026-07,44.107,41.461
C-0017,2026-07-26,5,2026-07,43.397,42.64
C-0017,2026-07-26,6,2026-07,45.112,44.971
C-0017,2026-07-26,7,2026-07,44.8,46.961
C-0017,2026-07-26,8,2026-07,45.216,51.796
C-0017,2026-07-26,9,2026-07,45.933,53.066
C-0017,2026-07-26,10,2026-07,44.703,54.836
C-0017,2026-07-26,11,2026-07,45.264,53.058
C-0017,2026-07-26,12,2026-07,45.79,52.661
C-0017,2026-07-26,13,2026-07,45.791,52.336
C-0017,2026-07-26,14,2026-07,46.791,51.485
C-0017,2026-07-26,15,2026-07,46.309,49.565
C-0017,2026-07-26,16,2026-07,45.636,46.531
C-0017,2026-07-26,17,2026-07,45.607,47.695
C-0017,2026-07-26,18,2026-07,45.62,46.588
C-0017,2026-07-26,19,2026-07,45.326,46.167
C-0017,2026-07-26,20,2026-07,45.416,45.771
C-0017,2026-07-26,21,2026-07,45.135,45.674
C-0017,2026-07-26,22,2026-07,44.62,42.561
C-0017,2026-07-26,23,2026-07,45.443,41.811
C-0017,2026-07-27,0,2026-07,44.247,42.555
C-0017,2026-07-27,1,2026-07,45.652,42.18
C-0017,2026-07-27,2,2026-07,44.382,41.432
C-0017,2026-07-27,3,2026-07,45.239,41.749
C-0017,2026-07-27,4,2026-07,45.782,41.856
C-0017,2026-07-27,5,2026-07,45.724,42.65
C-0017,2026-07-27,6,2026-07,44.878,43.931
C-0017,2026-07-27,7,2026-07,46.483,45.458
C-0017,2026-07-27,8,2026-07,46.678,50.797
C-0017,2026-07-27,9,2026-07,47.11,52.226
C-0017,2026-07-27,10,2026-07,47.317,53.884
C-0017,2026-07-27,11,2026-07,46.792,51.785
C-0017,2026-07-27,12,2026-07,47.971,51.823
C-0017,2026-07-27,13,2026-07,48.352,50.195
C-0017,2026-07-27,14,2026-07,47.23,49.428
C-0017,2026-07-27,15,2026-07,46.795,47.507
C-0017,2026-07-27,16,2026-07,47.084,45.622
C-0017,2026-07-27,17,2026-07,46.678,47.059
C-0017,2026-07-27,18,2026-07,47.506,44.862
C-0017,2026-07-27,19,2026-07,48.606,44.708
C-0017,2026-07-27,20,2026-07,45.954,44.498
C-0017,2026-07-27,21,2026-07,46.158,44.667
C-0017,2026-07-27,22,2026-07,46.286,42.063
C-0017,2026-07-27,23,2026-07,46.198,41.777
C-0017,2026-07-28,0,2026-07,44.787,42.482
C-0017,2026-07-28,1,2026-07,44.908,42.485
C-0017,2026-07-28,2,2026-07,45.964,41.991
C-0017,2026-07-28,3,2026-07,45.287,42.531
C-0017,2026-07-28,4,2026-07,46.645,42.338
C-0017,2026-07-28,5,2026-07,44.119,41.874
C-0017,2026-07-28,6,2026-07,45.935,44.251
C-0017,2026-07-28,7,2026-07,45.328,46.214
C-0017,2026-07-28,8,2026-07,45.98,50.703
C-0017,2026-07-28,9,2026-07,47.096,51.216
C-0017,2026-07-28,10,2026-07,46.602,53.118
C-0017,2026-07-28,11,2026-07,45.715,50.785
C-0017,2026-07-28,12,2026-07,47.429,50.451
C-0017,2026-07-28,13,2026-07,47.412,49.739
C-0017,2026-07-28,14,2026-07,47.711,48.977
C-0017,2026-07-28,15,2026-07,47.512,47.187
C-0017,2026-07-28,16,2026-07,45.571,45.85
C-0017,2026-07-28,17,2026-07,47.652,47.133
C-0017,2026-07-28,18,2026-07,46.782,45.802
C-0017,2026-07-28,19,2026-07,46.306,45.892
C-0017,2026-07-28,20,2026-07,46.17,44.705
C-0017,2026-07-28,21,2026-07,44.797,44.606
C-0017,2026-07-28,22,2026-07,44.902,42.205
C-0017,2026-07-28,23,2026-07,45.691,42.781
C-0017,2026-07-29,0,2026-07,44.865,41.516
C-0017,2026-07-29,1,2026-07,46.405,41.688
C-0017,2026-07-29,2,2026-07,45.897,41.729
C-0017,2026-07-29,3,2026-07,46.31,41.972
C-0017,2026-07-29,4,2026-07,44.752,41.938
C-0017,2026-07-29,5,2026-07,46.073,42.49
C-0017,2026-07-29,6,2026-07,46.536,43.757
C-0017,2026-07-29,7,2026-07,45.459,43.794
C-0017,2026-07-29,8,2026-07,46.737,47.79
C-0017,2026-07-29,9,2026-07,46.138,48.706
C-0017,2026-07-29,10,2026-07,46.604,49.182
C-0017,2026-07-29,11,2026-07,46.399,46.585
C-0017,2026-07-29,12,2026-07,47.046,46.542
C-0017,2026-07-29,13,2026-07,47.109,46.347
C-0017,2026-07-29,14,2026-07,47.026,45.32
C-0017,2026-07-29,15,2026-07,48.52,43.948
C-0017,2026-07-29,16,2026-07,46.777,43.196
C-0017,2026-07-29,17,2026-07,46.855,45.407
C-0017,2026-07-29,18,2026-07,47.503,44.117
C-0017,2026-07-29,19,2026-07,45.992,44.389
C-0017,2026-07-29,20,2026-07,46.285,44.597
C-0017,2026-07-29,21,2026-07,45.782,44.553
C-0017,2026-07-29,22,2026-07,45.084,41.486
C-0017,2026-07-29,23,2026-07,46.481,42.084
C-0017,2026-07-30,0,2026-07,45.009,42.339
C-0017,2026-07-30,1,2026-07,47.25,41.604
C-0017,2026-07-30,2,2026-07,46.784,42.807
C-0017,2026-07-30,3,2026-07,47.11,42.009
C-0017,2026-07-30,4,2026-07,46.754,42.406
C-0017,2026-07-30,5,2026-07,45.9,42.871
C-0017,2026-07-30,6,2026-07,45.902,45.022
C-0017,2026-07-30,7,2026-07,47.445,46.292
C-0017,2026-07-30,8,2026-07,45.637,52.043
C-0017,2026-07-30,9,2026-07,45.094,53.461
C-0017,2026-07-30,10,2026-07,46.921,55.066
C-0017,2026-07-30,11,2026-07,46.96,53.56
C-0017,2026-07-30,12,2026-07,48.325,53.371
C-0017,2026-07-30,13,2026-07,47.03,53.486
C-0017,2026-07-30,14,2026-07,46.956,51.578
C-0017,2026-07-30,15,2026-07,47.649,49.04
C-0017,2026-07-30,16,2026-07,48.013,47.475
C-0017,2026-07-30,17,2026-07,47.528,48.362
C-0017,2026-07-30,18,2026-07,47.749,46.529
C-0017,2026-07-30,19,2026-07,46.657,45.466
C-0017,2026-07-30,20,2026-07,47.809,45.665
C-0017,2026-07-30,21,2026-07,45.962,45.961
C-0017,2026-07-30,22,2026-07,47.23,42.444
C-0017,2026-07-30,23,2026-07,46.029,42.616
C-0017,2026-07-31,0,2026-07,46.867,42.312
C-0017,2026-07-31,1,2026-07,46.064,42.255
C-0017,2026-07-31,2,2026-07,44.488,41.826
C-0017,2026-07-31,3,2026-07,45.26,42.333
C-0017,2026-07-31,4,2026-07,45.19,41.963
C-0017,2026-07-31,5,2026-07,44.549,42.677
C-0017,2026-07-31,6,2026-07,45.52,44.535
C-0017,2026-07-31,7,2026-07,46.066,46.888
C-0017,2026-07-31,8,2026-07,45.046,51.764
C-0017,2026-07-31,9,2026-07,45.636,53.036
C-0017,2026-07-31,10,2026-07,47.538,54.067
C-0017,2026-07-31,11,2026-07,46.495,51.999
C-0017,2026-07-31,12,2026-07,47.953,52.253
C-0017,2026-07-31,13,2026-07,47.361,51.588
C-0017,2026-07-31,14,2026-07,46.975,50.463
C-0017,2026-07-31,15,2026-07,45.892,49.193
C-0017,2026-07-31,16,2026-07,47.945,46.855
C-0017,2026-07-31,17,2026-07,47.257,48.252
C-0017,2026-07-31,18,2026-07,47.141,46.591
C-0017,2026-07-31,19,2026-07,46.532,45.091
C-0017,2026-07-31,20,2026-07,47.249,45.023
C-0017,2026-07-31,21,2026-07,46.906,45.421
C-0017,2026-07-31,22,2026-07,44.934,42.449
C-0017,2026-07-31,23,2026-07,46.068,42.71
C-0017,2026-08-01,0,2026-08,45.979,42.977
C-0017,2026-08-01,1,2026-08,44.719,43.544
C-0017,2026-08-01,2,2026-08,45.336,42.951
C-0017,2026-08-01,3,2026-08,45.509,42.801
C-0017,2026-08-01,4,2026-08,44.822,42.939
C-0017,2026-08-01,5,2026-08,45.421,44.013
C-0017,2026-08-01,6,2026-08,47.178,46.039
C-0017,2026-08-01,7,2026-08,47.136,48.362
C-0017,2026-08-01,8,2026-08,45.063,53.735
C-0017,2026-08-01,9,2026-08,46.369,55.598
C-0017,2026-08-01,10,2026-08,46.009,57.848
C-0017,2026-08-01,11,2026-08,45.982,56.022
C-0017,2026-08-01,12,2026-08,47.313,56.041
C-0017,2026-08-01,13,2026-08,46.148,55.219
C-0017,2026-08-01,14,2026-08,47.227,52.52
C-0017,2026-08-01,15,2026-08,47.87,50.353
C-0017,2026-08-01,16,2026-08,48.215,47.857
C-0017,2026-08-01,17,2026-08,46.73,48.746
C-0017,2026-08-01,18,2026-08,46.226,46.045
C-0017,2026-08-01,19,2026-08,47.472,45.472
C-0017,2026-08-01,20,2026-08,44.857,45.326
C-0017,2026-08-01,21,2026-08,46.447,45.7
C-0017,2026-08-01,22,2026-08,45.825,42.349
C-0017,2026-08-01,23,2026-08,46.001,42.795
C-0017,2026-08-02,0,2026-08,45.691,43.55
C-0017,2026-08-02,1,2026-08,46.664,42.502
C-0017,2026-08-02,2,2026-08,46.593,42.767
C-0017,2026-08-02,3,2026-08,44.995,42.419
C-0017,2026-08-02,4,2026-08,44.84,42.015
C-0017,2026-08-02,5,2026-08,45.896,43.089
C-0017,2026-08-02,6,2026-08,46.189,44.811
C-0017,2026-08-02,7,2026-08,46.498,47.794
C-0017,2026-08-02,8,2026-08,46.703,53.497
C-0017,2026-08-02,9,2026-08,46.725,55.632
C-0017,2026-08-02,10,2026-08,46.465,58.067
C-0017,2026-08-02,11,2026-08,46.943,55.509
C-0017,2026-08-02,12,2026-08,47.862,54.961
C-0017,2026-08-02,13,2026-08,46.327,53.376
C-0017,2026-08-02,14,2026-08,47.707,52.358
C-0017,2026-08-02,15,2026-08,46.839,50.248
C-0017,2026-08-02,16,2026-08,47.16,47.182
C-0017,2026-08-02,17,2026-08,46.786,47.277
C-0017,2026-08-02,18,2026-08,44.916,45.46
C-0017,2026-08-02,19,2026-08,46.454,44.747
C-0017,2026-08-02,20,2026-08,46.952,44.797
C-0017,2026-08-02,21,2026-08,45.758,44.91
C-0017,2026-08-02,22,2026-08,46.06,42.038
C-0017,2026-08-02,23,2026-08,45.641,41.739
C-0017,2026-08-03,0,2026-08,45.268,41.99
C-0017,2026-08-03,1,2026-08,47.138,41.777
C-0017,2026-08-03,2,2026-08,44.449,42.141
C-0017,2026-08-03,3,2026-08,45.775,42.092
C-0017,2026-08-03,4,2026-08,45.812,41.857
C-0017,2026-08-03,5,2026-08,45.493,42.049
C-0017,2026-08-03,6,2026-08,47.091,44.096
C-0017,2026-08-03,7,2026-08,45.561,46.1
C-0017,2026-08-03,8,2026-08,46.63,51.162
C-0017,2026-08-03,9,2026-08,47.228,53.186
C-0017,2026-08-03,10,2026-08,47.367,55.043
C-0017,2026-08-03,11,2026-08,46.556,52.347
C-0017,2026-08-03,12,2026-08,45.999,52.855
C-0017,2026-08-03,13,2026-08,47.393,51.948
C-0017,2026-08-03,14,2026-08,47.988,50.087
C-0017,2026-08-03,15,2026-08,48.427,48.997
C-0017,2026-08-03,16,2026-08,46.744,46.554
C-0017,2026-08-03,17,2026-08,45.585,47.62
C-0017,2026-08-03,18,2026-08,46.215,45.118
C-0017,2026-08-03,19,2026-08,46.036,45.638
C-0017,2026-08-03,20,2026-08,45.627,44.982
C-0017,2026-08-03,21,2026-08,46.359,44.737
C-0017,2026-08-03,22,2026-08,44.789,42.355
C-0017,2026-08-03,23,2026-08,45.177,41.983
C-0017,2026-08-04,0,2026-08,46.635,41.868
C-0017,2026-08-04,1,2026-08,47.282,42.337
C-0017,2026-08-04,2,2026-08,44.844,43.317
C-0017,2026-08-04,3,2026-08,44.352,42.661
C-0017,2026-08-04,4,2026-08,45.416,42.736
C-0017,2026-08-04,5,2026-08,45.504,44.13
C-0017,2026-08-04,6,2026-08,47.105,44.885
C-0017,2026-08-04,7,2026-08,46.689,46.994
C-0017,2026-08-04,8,2026-08,46.621,52.296
C-0017,2026-08-04,9,2026-08,47.159,54.115
C-0017,2026-08-04,10,2026-08,47.857,55.418
C-0017,2026-08-04,11,2026-08,46.472,53.638
C-0017,2026-08-04,12,2026-08,45.895,54.242
C-0017,2026-08-04,13,2026-08,49.081,53.475
C-0017,2026-08-04,14,2026-08,46.939,51.653
C-0017,2026-08-04,15,2026-08,47.472,50.615
C-0017,2026-08-04,16,2026-08,47.497,47.135
C-0017,2026-08-04,17,2026-08,47.025,48.513
C-0017,2026-08-04,18,2026-08,47.349,45.821
C-0017,2026-08-04,19,2026-08,47.425,45.496
C-0017,2026-08-04,20,2026-08,46.131,45.852
C-0017,2026-08-04,21,2026-08,47.39,45.579
C-0017,2026-08-04,22,2026-08,47.062,42.533
C-0017,2026-08-04,23,2026-08,46.841,42.518
C-0017,2026-08-05,0,2026-08,46.481,42.556
C-0017,2026-08-05,1,2026-08,46.336,42.816
C-0017,2026-08-05,2,2026-08,45.84,42.791
C-0017,2026-08-05,3,2026-08,44.941,42.701
C-0017,2026-08-05,4,2026-08,45.233,42.256
C-0017,2026-08-05,5,2026-08,45.994,43.325
C-0017,2026-08-05,6,2026-08,45.521,46.046
C-0017,2026-08-05,7,2026-08,46.844,48.266
C-0017,2026-08-05,8,2026-08,46.646,54.258
C-0017,2026-08-05,9,2026-08,46.659,56.371
C-0017,2026-08-05,10,2026-08,47.749,59.001
C-0017,2026-08-05,11,2026-08,48.167,56.258
C-0017,2026-08-05,12,2026-08,47.394,56.998
C-0017,2026-08-05,13,2026-08,48.499,55.761
C-0017,2026-08-05,14,2026-08,48.013,53.306
C-0017,2026-08-05,15,2026-08,47.662,51.692
C-0017,2026-08-05,16,2026-08,47.459,48.83
C-0017,2026-08-05,17,2026-08,47.65,48.804
C-0017,2026-08-05,18,2026-08,48.014,46.069
C-0017,2026-08-05,19,2026-08,46.927,45.542
C-0017,2026-08-05,20,2026-08,46.257,45.282
C-0017,2026-08-05,21,2026-08,45.942,44.727
C-0017,2026-08-05,22,2026-08,45.839,41.413
C-0017,2026-08-05,23,2026-08,47.53,42.086
C-0017,2026-08-06,0,2026-08,45.909,41.834
C-0017,2026-08-06,1,2026-08,44.699,41.834
C-0017,2026-08-06,2,2026-08,45.961,42.036
C-0017,2026-08-06,3,2026-08,45.527,41.679
C-0017,2026-08-06,4,2026-08,45.827,41.526
C-0017,2026-08-06,5,2026-08,45.31,42.58
C-0017,2026-08-06,6,2026-08,45.937,44.565
C-0017,2026-08-06,7,2026-08,45.132,46.709
C-0017,2026-08-06,8,2026-08,46.901,53.336
C-0017,2026-08-06,9,2026-08,47.575,55.752
C-0017,2026-08-06,10,2026-08,46.923,57.517
C-0017,2026-08-06,11,2026-08,48.209,55.209
C-0017,2026-08-06,12,2026-08,47.167,55.296
C-0017,2026-08-06,13,2026-08,49.152,54.821
C-0017,2026-08-06,14,2026-08,48.22,52.921
C-0017,2026-08-06,15,2026-08,47.541,50.448
C-0017,2026-08-06,16,2026-08,47.103,48.353
C-0017,2026-08-06,17,2026-08,47.217,47.942
C-0017,2026-08-06,18,2026-08,48.035,46.01
C-0017,2026-08-06,19,2026-08,46.348,45.932
C-0017,2026-08-06,20,2026-08,47.179,45.127
C-0017,2026-08-06,21,2026-08,46.959,45.046
C-0017,2026-08-06,22,2026-08,46.765,42.462
C-0017,2026-08-06,23,2026-08,46.062,41.855
C-0017,2026-08-07,0,2026-08,46.574,42.235
C-0017,2026-08-07,1,2026-08,45.71,42.577
C-0017,2026-08-07,2,2026-08,45.967,42.718
C-0017,2026-08-07,3,2026-08,45.963,42.513
C-0017,2026-08-07,4,2026-08,46.229,42.78
C-0017,2026-08-07,5,2026-08,46.838,43.707
C-0017,2026-08-07,6,2026-08,46.134,44.984
C-0017,2026-08-07,7,2026-08,45.568,46.527
C-0017,2026-08-07,8,2026-08,45.785,52.707
C-0017,2026-08-07,9,2026-08,47.307,54.5
C-0017,2026-08-07,10,2026-08,49.058,56.564
C-0017,2026-08-07,11,2026-08,46.621,53.688
C-0017,2026-08-07,12,2026-08,49.372,53.409
C-0017,2026-08-07,13,2026-08,48.304,53.156
C-0017,2026-08-07,14,2026-08,48.514,51.379
C-0017,2026-08-07,15,2026-08,48.524,49.758
C-0017,2026-08-07,16,2026-08,47.236,46.925
C-0017,2026-08-07,17,2026-08,48.183,47.572
C-0017,2026-08-07,18,2026-08,48.066,46.341
C-0017,2026-08-07,19,2026-08,48.76,45.461
C-0017,2026-08-07,20,2026-08,47.949,45.428
C-0017,2026-08-07,21,2026-08,47.787,45.269
C-0017,2026-08-07,22,2026-08,47.36,41.505
C-0017,2026-08-07,23,2026-08,48.362,42.147
C-0017,2026-08-08,0,2026-08,44.643,41.56
C-0017,2026-08-08,1,2026-08,44.416,41.999
C-0017,2026-08-08,2,2026-08,45.52,41.682
C-0017,2026-08-08,3,2026-08,45.162,42.001
C-0017,2026-08-08,4,2026-08,45.238,41.466
C-0017,2026-08-08,5,2026-08,44.51,42.045
C-0017,2026-08-08,6,2026-08,46.601,43.713
C-0017,2026-08-08,7,2026-08,46.123,45.299
C-0017,2026-08-08,8,2026-08,46.488,50.611
C-0017,2026-08-08,9,2026-08,46.469,51.239
C-0017,2026-08-08,10,2026-08,45.793,53.12
C-0017,2026-08-08,11,2026-08,46.864,50.937
C-0017,2026-08-08,12,2026-08,47.167,50.938
C-0017,2026-08-08,13,2026-08,45.7,48.99
C-0017,2026-08-08,14,2026-08,47.435,48.53
C-0017,2026-08-08,15,2026-08,47.82,46.997
C-0017,2026-08-08,16,2026-08,45.13,45.426
C-0017,2026-08-08,17,2026-08,47.475,47.08
C-0017,2026-08-08,18,2026-08,46.469,45.328
C-0017,2026-08-08,19,2026-08,45.801,45.602
C-0017,2026-08-08,20,2026-08,46.31,44.765
C-0017,2026-08-08,21,2026-08,44.052,45.142
C-0017,2026-08-08,22,2026-08,46.392,42.343
C-0017,2026-08-08,23,2026-08,46.042,41.803
C-0017,2026-08-09,0,2026-08,44.759,42.035
C-0017,2026-08-09,1,2026-08,45.986,42.025
C-0017,2026-08-09,2,2026-08,46.409,42.6
C-0017,2026-08-09,3,2026-08,44.479,42.483
C-0017,2026-08-09,4,2026-08,45.615,42.621
C-0017,2026-08-09,5,2026-08,43.299,43.336
C-0017,2026-08-09,6,2026-08,45.72,46.065
C-0017,2026-08-09,7,2026-08,46.158,49.859
C-0017,2026-08-09,8,2026-08,45.774,55.117
C-0017,2026-08-09,9,2026-08,45.658,57.455
C-0017,2026-08-09,10,2026-08,46.558,59.402
C-0017,2026-08-09,11,2026-08,45.925,56.392
C-0017,2026-08-09,12,2026-08,46.006,56.735
C-0017,2026-08-09,13,2026-08,46.798,55.778
C-0017,2026-08-09,14,2026-08,46.884,53.696
C-0017,2026-08-09,15,2026-08,45.708,51.01
C-0017,2026-08-09,16,2026-08,47.033,47.373
C-0017,2026-08-09,17,2026-08,46.351,47.954
C-0017,2026-08-09,18,2026-08,46.129,46.038
C-0017,2026-08-09,19,2026-08,45.972,45.238
C-0017,2026-08-09,20,2026-08,45.338,45.796
C-0017,2026-08-09,21,2026-08,46.807,45.103
C-0017,2026-08-09,22,2026-08,45.037,42.13
C-0017,2026-08-09,23,2026-08,46.726,41.841
C-0017,2026-08-10,0,2026-08,45.877,41.864
C-0017,2026-08-10,1,2026-08,45.01,41.998
C-0017,2026-08-10,2,2026-08,45.697,42.705
C-0017,2026-08-10,3,2026-08,46.132,42.879
C-0017,2026-08-10,4,2026-08,45.905,44.256
C-0017,2026-08-10,5,2026-08,45.756,43.497
C-0017,2026-08-10,6,2026-08,45.921,46.094
C-0017,2026-08-10,7,2026-08,46.697,47.19
C-0017,2026-08-10,8,2026-08,46.342,53.023
C-0017,2026-08-10,9,2026-08,47.131,54.269
C-0017,2026-08-10,10,2026-08,46.071,55.557
C-0017,2026-08-10,11,2026-08,47.258,52.344
C-0017,2026-08-10,12,2026-08,46.662,52.572
C-0017,2026-08-10,13,2026-08,47.239,51.959
C-0017,2026-08-10,14,2026-08,47.164,50.353
C-0017,2026-08-10,15,2026-08,46.263,48.244
C-0017,2026-08-10,16,2026-08,46.214,45.61
C-0017,2026-08-10,17,2026-08,46.674,46.715
C-0017,2026-08-10,18,2026-08,47.646,45.067
C-0017,2026-08-10,19,2026-08,48.452,44.853
C-0017,2026-08-10,20,2026-08,47.235,44.884
C-0017,2026-08-10,21,2026-08,46.505,45.139
C-0017,2026-08-10,22,2026-08,45.025,41.626
C-0017,2026-08-10,23,2026-08,46.181,42.624
C-0017,2026-08-11,0,2026-08,44.561,41.353
C-0017,2026-08-11,1,2026-08,45.86,41.92
C-0017,2026-08-11,2,2026-08,45.683,42.002
C-0017,2026-08-11,3,2026-08,44.824,42.003
C-0017,2026-08-11,4,2026-08,47.072,41.786
C-0017,2026-08-11,5,2026-08,44.886,42.49
C-0017,2026-08-11,6,2026-08,46.037,43.946
C-0017,2026-08-11,7,2026-08,47.067,46.064
C-0017,2026-08-11,8,2026-08,46.487,50.788
C-0017,2026-08-11,9,2026-08,45.902,52.251
C-0017,2026-08-11,10,2026-08,47.51,53.269
C-0017,2026-08-11,11,2026-08,46.809,51.64
C-0017,2026-08-11,12,2026-08,47.349,51.8
C-0017,2026-08-11,13,2026-08,47.375,50.515
C-0017,2026-08-11,14,2026-08,49.297,49.951
C-0017,2026-08-11,15,2026-08,47.784,48.36
C-0017,2026-08-11,16,2026-08,47.465,45.98
C-0017,2026-08-11,17,2026-08,46.541,46.778
C-0017,2026-08-11,18,2026-08,45.792,45.039
C-0017,2026-08-11,19,2026-08,46.426,44.906
C-0017,2026-08-11,20,2026-08,46.563,44.649
C-0017,2026-08-11,21,2026-08,46.031,45.11
C-0017,2026-08-11,22,2026-08,46.252,41.828
C-0017,2026-08-11,23,2026-08,44.454,41.821
C-0017,2026-08-12,0,2026-08,46.563,42.961
C-0017,2026-08-12,1,2026-08,46.674,42.309
C-0017,2026-08-12,2,2026-08,45.811,41.866
C-0017,2026-08-12,3,2026-08,46.341,41.954
C-0017,2026-08-12,4,2026-08,45.524,42.403
C-0017,2026-08-12,5,2026-08,46.46,42.81
C-0017,2026-08-12,6,2026-08,45.991,45.604
C-0017,2026-08-12,7,2026-08,46.993,48.395
C-0017,2026-08-12,8,2026-08,45.971,53.861
C-0017,2026-08-12,9,2026-08,47.298,56.305
C-0017,2026-08-12,10,2026-08,47.98,58.101
C-0017,2026-08-12,11,2026-08,47.981,54.8
C-0017,2026-08-12,12,2026-08,48.087,55.251
C-0017,2026-08-12,13,2026-08,49.806,54.431
C-0017,2026-08-12,14,2026-08,48.695,52.65
C-0017,2026-08-12,15,2026-08,47.59,50.058
C-0017,2026-08-12,16,2026-08,47.745,48.314
C-0017,2026-08-12,17,2026-08,46.786,48.826
C-0017,2026-08-12,18,2026-08,45.313,45.983
C-0017,2026-08-12,19,2026-08,47.476,45.822
C-0017,2026-08-12,20,2026-08,47.286,45.161
C-0017,2026-08-12,21,2026-08,47.15,45.151
C-0017,2026-08-12,22,2026-08,46.65,42.322
C-0017,2026-08-12,23,2026-08,46.635,41.876
C-0017,2026-08-13,0,2026-08,46.615,41.895
C-0017,2026-08-13,1,2026-08,45.16,42.472
C-0017,2026-08-13,2,2026-08,46.531,41.756
C-0017,2026-08-13,3,2026-08,47.825,41.345
C-0017,2026-08-13,4,2026-08,46.066,41.795
C-0017,2026-08-13,5,2026-08,46.883,41.558
C-0017,2026-08-13,6,2026-08,47.068,42.412
C-0017,2026-08-13,7,2026-08,45.587,44.416
C-0017,2026-08-13,8,2026-08,46.953,48.298
C-0017,2026-08-13,9,2026-08,46.805,48.719
C-0017,2026-08-13,10,2026-08,46.798,50.043
C-0017,2026-08-13,11,2026-08,47.478,46.782
C-0017,2026-08-13,12,2026-08,49.191,46.663
C-0017,2026-08-13,13,2026-08,46.907,47.303
C-0017,2026-08-13,14,2026-08,47.813,45.803
C-0017,2026-08-13,15,2026-08,47.547,45.007
C-0017,2026-08-13,16,2026-08,48.168,44.375
C-0017,2026-08-13,17,2026-08,47.69,46.784
C-0017,2026-08-13,18,2026-08,48.05,45.092
C-0017,2026-08-13,19,2026-08,48.878,44.896
C-0017,2026-08-13,20,2026-08,48.971,44.38
C-0017,2026-08-13,21,2026-08,47.156,44.411
C-0017,2026-08-13,22,2026-08,47.063,41.962
C-0017,2026-08-13,23,2026-08,46.859,41.373
C-0017,2026-08-14,0,2026-08,45.463,41.556
C-0017,2026-08-14,1,2026-08,44.744,42.214
C-0017,2026-08-14,2,2026-08,46.026,42.037
C-0017,2026-08-14,3,2026-08,45.69,41.804
C-0017,2026-08-14,4,2026-08,45.846,41.694
C-0017,2026-08-14,5,2026-08,46.444,42.388
C-0017,2026-08-14,6,2026-08,47.155,43.606
C-0017,2026-08-14,7,2026-08,47.418,46.032
C-0017,2026-08-14,8,2026-08,47.651,51.047
C-0017,2026-08-14,9,2026-08,46.758,53.723
C-0017,2026-08-14,10,2026-08,48.248,54.571
C-0017,2026-08-14,11,2026-08,48.722,52.117
C-0017,2026-08-14,12,2026-08,49.036,52.323
C-0017,2026-08-14,13,2026-08,48.822,51.109
C-0017,2026-08-14,14,2026-08,47.929,50.433
C-0017,2026-08-14,15,2026-08,49.488,48.648
C-0017,2026-08-14,16,2026-08,48.802,45.759
C-0017,2026-08-14,17,2026-08,47.563,47.052
C-0017,2026-08-14,18,2026-08,47.851,45.631
C-0017,2026-08-14,19,2026-08,47.642,44.595
C-0017,2026-08-14,20,2026-08,47.385,44.552
C-0017,2026-08-14,21,2026-08,47.056,45.295
C-0017,2026-08-14,22,2026-08,46.415,42.142
C-0017,2026-08-14,23,2026-08,46.822,42.015
C-0017,2026-08-15,0,2026-08,46.153,41.708
C-0017,2026-08-15,1,2026-08,44.937,42.63
C-0017,2026-08-15,2,2026-08,46.289,42.39
C-0017,2026-08-15,3,2026-08,45.348,43.377
C-0017,2026-08-15,4,2026-08,45.954,42.933
C-0017,2026-08-15,5,2026-08,45.107,42.909
C-0017,2026-08-15,6,2026-08,45.636,45.064
C-0017,2026-08-15,7,2026-08,45.896,47.603
C-0017,2026-08-15,8,2026-08,46.366,52.454
C-0017,2026-08-15,9,2026-08,46.621,54.866
C-0017,2026-08-15,10,2026-08,45.8,55.427
C-0017,2026-08-15,11,2026-08,47.745,53.169
C-0017,2026-08-15,12,2026-08,46.834,53.108
C-0017,2026-08-15,13,2026-08,47.316,51.648
C-0017,2026-08-15,14,2026-08,46.2,50.387
C-0017,2026-08-15,15,2026-08,47.403,48.727
C-0017,2026-08-15,16,2026-08,47.153,46.499
C-0017,2026-08-15,17,2026-08,45.84,47.511
C-0017,2026-08-15,18,2026-08,47.04,45.755
C-0017,2026-08-15,19,2026-08,46.061,45.067
C-0017,2026-08-15,20,2026-08,46.157,44.935
C-0017,2026-08-15,21,2026-08,47.576,45.065
C-0017,2026-08-15,22,2026-08,47.177,41.961
C-0017,2026-08-15,23,2026-08,45.453,41.765
C-0017,2026-08-16,0,2026-08,45.484,42.32
C-0017,2026-08-16,1,2026-08,46.55,42.098
C-0017,2026-08-16,2,2026-08,44.918,42.563
C-0017,2026-08-16,3,2026-08,45.336,42.52
C-0017,2026-08-16,4,2026-08,45.206,42.479
C-0017,2026-08-16,5,2026-08,46.549,42.514
C-0017,2026-08-16,6,2026-08,45.814,43.953
C-0017,2026-08-16,7,2026-08,45.719,45.89
C-0017,2026-08-16,8,2026-08,47.016,52.139
C-0017,2026-08-16,9,2026-08,47.584,53.614
C-0017,2026-08-16,10,2026-08,47.109,54.862
C-0017,2026-08-16,11,2026-08,46.312,52.272
C-0017,2026-08-16,12,2026-08,48.967,52.193
C-0017,2026-08-16,13,2026-08,47.915,51.993
C-0017,2026-08-16,14,2026-08,48.536,51.192
C-0017,2026-08-16,15,2026-08,47.34,49.992
C-0017,2026-08-16,16,2026-08,48.122,48.17
C-0017,2026-08-16,17,2026-08,47.349,50.252
C-0017,2026-08-16,18,2026-08,47.68,48.596
C-0017,2026-08-16,19,2026-08,46.273,50.312
C-0017,2026-08-16,20,2026-08,46.288,49.293
C-0017,2026-08-16,21,2026-08,45.733,49.656
C-0017,2026-08-16,22,2026-08,45.678,46.249
C-0017,2026-08-16,23,2026-08,46.83,47.246
C-0017,2026-08-17,0,2026-08,46.374,46.168
C-0017,2026-08-17,1,2026-08,48.169,46.999
C-0017,2026-08-17,2,2026-08,45.752,46.063
C-0017,2026-08-17,3,2026-08,45.854,45.356
C-0017,2026-08-17,4,2026-08,46.283,43.812
C-0017,2026-08-17,5,2026-08,46.164,44.715
C-0017,2026-08-17,6,2026-08,46.991,46.728
C-0017,2026-08-17,7,2026-08,47.38,48.126
C-0017,2026-08-17,8,2026-08,47.464,53.681
C-0017,2026-08-17,9,2026-08,47.67,58.358
C-0017,2026-08-17,10,2026-08,48.137,59.528
C-0017,2026-08-17,11,2026-08,47.337,56.893
C-0017,2026-08-17,12,2026-08,47.361,55.296
C-0017,2026-08-17,13,2026-08,47.788,55.756
C-0017,2026-08-17,14,2026-08,47.434,56.695
C-0017,2026-08-17,15,2026-08,48.186,54.276
C-0017,2026-08-17,16,2026-08,48.13,50.179
C-0017,2026-08-17,17,2026-08,47.587,48.677
C-0017,2026-08-17,18,2026-08,47.94,46.016
C-0017,2026-08-17,19,2026-08,48.7,45.656
C-0017,2026-08-17,20,2026-08,47.757,45.552
C-0017,2026-08-17,21,2026-08,46.145,45.451
C-0017,2026-08-17,22,2026-08,47.703,42.968
C-0017,2026-08-17,23,2026-08,46.382,42.495
C-0017,2026-08-18,0,2026-08,47.628,42.207
C-0017,2026-08-18,1,2026-08,47.007,41.84
C-0017,2026-08-18,2,2026-08,46.458,41.443
C-0017,2026-08-18,3,2026-08,46.009,42.863
C-0017,2026-08-18,4,2026-08,45.971,42.963
C-0017,2026-08-18,5,2026-08,46.59,42.709
C-0017,2026-08-18,6,2026-08,45.981,45.818
C-0017,2026-08-18,7,2026-08,46.262,46.556
C-0017,2026-08-18,8,2026-08,48.354,52.061
C-0017,2026-08-18,9,2026-08,48.002,54.119
C-0017,2026-08-18,10,2026-08,47.508,56.143
C-0017,2026-08-18,11,2026-08,48.78,52.806
C-0017,2026-08-18,12,2026-08,50.017,53.211
C-0017,2026-08-18,13,2026-08,47.969,52.217
C-0017,2026-08-18,14,2026-08,48.665,50.619
C-0017,2026-08-18,15,2026-08,48.668,48.201
C-0017,2026-08-18,16,2026-08,48.312,45.89
C-0017,2026-08-18,17,2026-08,48.145,47.041
C-0017,2026-08-18,18,2026-08,47.14,45.375
C-0017,2026-08-18,19,2026-08,47.972,44.914
C-0017,2026-08-18,20,2026-08,47.336,44.657
C-0017,2026-08-18,21,2026-08,47.014,44.913
C-0017,2026-08-18,22,2026-08,46.951,42.698
C-0017,2026-08-18,23,2026-08,45.614,42.666
C-0017,2026-08-19,0,2026-08,46.471,43.044
C-0017,2026-08-19,1,2026-08,47.958,42.567
C-0017,2026-08-19,2,2026-08,47.113,42.384
C-0017,2026-08-19,3,2026-08,47.183,42.393
C-0017,2026-08-19,4,2026-08,48.394,42.503
C-0017,2026-08-19,5,2026-08,46.694,42.556
C-0017,2026-08-19,6,2026-08,46.192,45.011
C-0017,2026-08-19,7,2026-08,47.243,48.157
C-0017,2026-08-19,8,2026-08,47.056,53.664
C-0017,2026-08-19,9,2026-08,49.296,54.821
C-0017,2026-08-19,10,2026-08,47.318,56.916
C-0017,2026-08-19,11,2026-08,49.309,54.708
C-0017,2026-08-19,12,2026-08,48.471,55.927
C-0017,2026-08-19,13,2026-08,49.584,55.627
C-0017,2026-08-19,14,2026-08,47.911,52.517
