customer_id,date,month,forecast_mwh
C-0001,2026-08-20,2026-08,604.32
C-0001,2026-08-21,2026-08,577.08
C-0001,2026-08-22,2026-08,591.44
C-0001,2026-08-23,2026-08,571.99
C-0001,2026-08-24,2026-08,569.75
C-0001,2026-08-25,2026-08,583.32
C-0001,2026-08-26,2026-08,593.81
C-0001,2026-08-27,2026-08,601.59
C-0001,2026-08-28,2026-08,593.6
C-0001,2026-08-29,2026-08,579.9
C-0001,2026-08-30,2026-08,566.12
C-0001,2026-08-31,2026-08,577.62
C-0002,2026-08-20,2026-08,648.71
C-0002,2026-08-21,2026-08,645.48
C-0002,2026-08-22,2026-08,651.45
C-0002,2026-08-23,2026-08,657.11
C-0002,2026-08-24,2026-08,621.12
C-0002,2026-08-25,2026-08,637.43
C-0002,2026-08-26,2026-08,639.48
C-0002,2026-08-27,2026-08,658.93
C-0002,2026-08-28,2026-08,637.98
C-0002,2026-08-29,2026-08,628.99
C-0002,2026-08-30,2026-08,653.2
C-0002,2026-08-31,2026-08,648.71
C-0003,2026-08-20,2026-08,582.41
C-0003,2026-08-21,2026-08,574.49
C-0003,2026-08-22,2026-08,551.28
C-0003,2026-08-23,2026-08,564.31
C-0003,2026-08-24,2026-08,559.98
C-0003,2026-08-25,2026-08,564.84
C-0003,2026-08-26,2026-08,559.64
C-0003,2026-08-27,2026-08,568.52
C-0003,2026-08-28,2026-08,556.85
C-0003,2026-08-29,2026-08,549.13
C-0003,2026-08-30,2026-08,559.68
C-0003,2026-08-31,2026-08,570.39
C-0004,2026-08-20,2026-08,762.46
C-0004,2026-08-21,2026-08,792.33
C-0004,2026-08-22,2026-08,776.56
C-0004,2026-08-23,2026-08,777.29
C-0004,2026-08-24,2026-08,752.2
C-0004,2026-08-25,2026-08,775.28
C-0004,2026-08-26,2026-08,766.39
C-0004,2026-08-27,2026-08,757.4
C-0004,2026-08-28,2026-08,747.55
C-0004,2026-08-29,2026-08,774.18
C-0004,2026-08-30,2026-08,751.8
C-0004,2026-08-31,2026-08,746.67
C-0005,2026-08-20,2026-08,1632.34
C-0005,2026-08-21,2026-08,1613.84
C-0005,2026-08-22,2026-08,1588.06
C-0005,2026-08-23,2026-08,1585.84
C-0005,2026-08-24,2026-08,1617.48
C-0005,2026-08-25,2026-08,1584.24
C-0005,2026-08-26,2026-08,1612.35
C-0005,2026-08-27,2026-08,1609.31
C-0005,2026-08-28,2026-08,1597.52
C-0005,2026-08-29,2026-08,1637.41
C-0005,2026-08-30,2026-08,1600.04
C-0005,2026-08-31,2026-08,1542.54
C-0006,2026-08-20,2026-08,1417.46
C-0006,2026-08-21,2026-08,1419.82
C-0006,2026-08-22,2026-08,1416.13
C-0006,2026-08-23,2026-08,1386.78
C-0006,2026-08-24,2026-08,1432.66
C-0006,2026-08-25,2026-08,1441.32
C-0006,2026-08-26,2026-08,1443.77
C-0006,2026-08-27,2026-08,1382.01
C-0006,2026-08-28,2026-08,1395.8
C-0006,2026-08-29,2026-08,1439.86
C-0006,2026-08-30,2026-08,1413.19
C-0006,2026-08-31,2026-08,1375.91
C-0007,2026-08-20,2026-08,515.24
C-0007,2026-08-21,2026-08,513.54
C-0007,2026-08-22,2026-08,499.43
C-0007,2026-08-23,2026-08,505.35
C-0007,2026-08-24,2026-08,494.0
C-0007,2026-08-25,2026-08,477.87
C-0007,2026-08-26,2026-08,488.38
C-0007,2026-08-27,2026-08,506.94
C-0007,2026-08-28,2026-08,507.92
C-0007,2026-08-29,2026-08,497.16
C-0007,2026-08-30,2026-08,490.31
C-0007,2026-08-31,2026-08,486.37
C-0008,2026-08-20,2026-08,472.74
C-0008,2026-08-21,2026-08,467.36
C-0008,2026-08-22,2026-08,469.16
C-0008,2026-08-23,2026-08,450.78
C-0008,2026-08-24,2026-08,458.46
C-0008,2026-08-25,2026-08,465.2
C-0008,2026-08-26,2026-08,473.41
C-0008,2026-08-27,2026-08,473.41
C-0008,2026-08-28,2026-08,450.27
C-0008,2026-08-29,2026-08,465.29
C-0008,2026-08-30,2026-08,456.05
C-0008,2026-08-31,2026-08,451.62
C-0009,2026-08-20,2026-08,1001.1
C-0009,2026-08-21,2026-08,961.05
C-0009,2026-08-22,2026-08,974.09
C-0009,2026-08-23,2026-08,968.99
C-0009,2026-08-24,2026-08,976.15
C-0009,2026-08-25,2026-08,986.32
C-0009,2026-08-26,2026-08,949.12
C-0009,2026-08-27,2026-08,948.25
C-0009,2026-08-28,2026-08,980.74
C-0009,2026-08-29,2026-08,975.05
C-0009,2026-08-30,2026-08,941.84
C-0009,2026-08-31,2026-08,933.03
C-0010,2026-08-20,2026-08,924.99
C-0010,2026-08-21,2026-08,926.11
C-0010,2026-08-22,2026-08,919.25
C-0010,2026-08-23,2026-08,879.67
C-0010,2026-08-24,2026-08,886.84
C-0010,2026-08-25,2026-08,908.19
C-0010,2026-08-26,2026-08,918.11
C-0010,2026-08-27,2026-08,881.77
C-0010,2026-08-28,2026-08,885.21
C-0010,2026-08-29,2026-08,911.1
C-0010,2026-08-30,2026-08,867.21
C-0010,2026-08-31,2026-08,909.51
C-0011,2026-08-20,2026-08,788.17
C-0011,2026-08-21,2026-08,814.95
C-0011,2026-08-22,2026-08,779.24
C-0011,2026-08-23,2026-08,791.59
C-0011,2026-08-24,2026-08,813.25
C-0011,2026-08-25,2026-08,807.1
C-0011,2026-08-26,2026-08,801.75
C-0011,2026-08-27,2026-08,816.77
C-0011,2026-08-28,2026-08,808.7
C-0011,2026-08-29,2026-08,809.34
C-0011,2026-08-30,2026-08,777.47
C-0011,2026-08-31,2026-08,770.98
C-0012,2026-08-20,2026-08,641.21
C-0012,2026-08-21,2026-08,629.06
C-0012,2026-08-22,2026-08,623.54
C-0012,2026-08-23,2026-08,651.88
C-0012,2026-08-24,2026-08,643.52
C-0012,2026-08-25,2026-08,623.65
C-0012,2026-08-26,2026-08,652.86
C-0012,2026-08-27,2026-08,630.08
C-0012,2026-08-28,2026-08,650.55
C-0012,2026-08-29,2026-08,641.89
C-0012,2026-08-30,2026-08,629.9
C-0012,2026-08-31,2026-08,648.46
C-0013,2026-08-20,2026-08,1634.94
C-0013,2026-08-21,2026-08,1675.05
C-0013,2026-08-22,2026-08,1663.55
C-0013,2026-08-23,2026-08,1636.82
C-0013,2026-08-24,2026-08,1656.29
C-0013,2026-08-25,2026-08,1580.09
C-0013,2026-08-26,2026-08,1596.66
C-0013,2026-08-27,2026-08,1619.53
C-0013,2026-08-28,2026-08,1680.09
C-0013,2026-08-29,2026-08,1647.04
C-0013,2026-08-30,2026-08,1632.86
C-0013,2026-08-31,2026-08,1611.16
C-0014,2026-08-20,2026-08,1316.27
C-0014,2026-08-21,2026-08,1330.52
C-0014,2026-08-22,2026-08,1284.51
C-0014,2026-08-23,2026-08,1286.0
C-0014,2026-08-24,2026-08,1310.96
C-0014,2026-08-25,2026-08,1339.02
C-0014,2026-08-26,2026-08,1311.77
C-0014,2026-08-27,2026-08,1287.42
C-0014,2026-08-28,2026-08,1334.5
C-0014,2026-08-29,2026-08,1333.09
C-0014,2026-08-30,2026-08,1316.06
C-0014,2026-08-31,2026-08,1293.8
C-0015,2026-08-20,2026-08,729.81
C-0015,2026-08-21,2026-08,714.5
C-0015,2026-08-22,2026-08,713.09
C-0015,2026-08-23,2026-08,704.6
C-0015,2026-08-24,2026-08,707.97
C-0015,2026-08-25,2026-08,715.06
C-0015,2026-08-26,2026-08,708.56
C-0015,2026-08-27,2026-08,722.49
C-0015,2026-08-28,2026-08,720.53
C-0015,2026-08-29,2026-08,721.64
C-0015,2026-08-30,2026-08,710.57
C-0015,2026-08-31,2026-08,695.88
C-0016,2026-08-20,2026-08,854.8
C-0016,2026-08-21,2026-08,829.29
C-0016,2026-08-22,2026-08,834.03
C-0016,2026-08-23,2026-08,802.25
C-0016,2026-08-24,2026-08,841.94
C-0016,2026-08-25,2026-08,846.97
C-0016,2026-08-26,2026-08,836.41
C-0016,2026-08-27,2026-08,822.71
C-0016,2026-08-28,2026-08,816.94
C-0016,2026-08-29,2026-08,844.79
C-0016,2026-08-30,2026-08,809.18
C-0016,2026-08-31,2026-08,798.28
C-0017,2026-08-20,2026-08,1159.92
C-0017,2026-08-21,2026-08,1124.51
C-0017,2026-08-22,2026-08,1161.83
C-0017,2026-08-23,2026-08,1165.94
C-0017,2026-08-24,2026-08,1121.2
C-0017,2026-08-25,2026-08,1156.1
C-0017,2026-08-26,2026-08,1153.27
C-0017,2026-08-27,2026-08,1128.19
C-0017,2026-08-28,2026-08,1132.94
C-0017,2026-08-29,2026-08,1164.16
C-0017,2026-08-30,2026-08,1102.44
C-0017,2026-08-31,2026-08,1105.92
C-0018,2026-08-20,2026-08,459.14
C-0018,2026-08-21,2026-08,473.47
C-0018,2026-08-22,2026-08,456.8
C-0018,2026-08-23,2026-08,467.56
C-0018,2026-08-24,2026-08,474.94
C-0018,2026-08-25,2026-08,476.54
C-0018,2026-08-26,2026-08,459.7
C-0018,2026-08-27,2026-08,472.98
C-0018,2026-08-28,2026-08,469.74
C-0018,2026-08-29,2026-08,468.73
C-0018,2026-08-30,2026-08,478.26
C-0018,2026-08-31,2026-08,469.08
C-0019,2026-08-20,2026-08,1339.5
C-0019,2026-08-21,2026-08,1393.6
C-0019,2026-08-22,2026-08,1347.8
C-0019,2026-08-23,2026-08,1349.76
C-0019,2026-08-24,2026-08,1312.11
C-0019,2026-08-25,2026-08,1375.19
C-0019,2026-08-26,2026-08,1339.97
C-0019,2026-08-27,2026-08,1339.7
C-0019,2026-08-28,2026-08,1372.66
C-0019,2026-08-29,2026-08,1341.75
C-0019,2026-08-30,2026-08,1348.97
C-0019,2026-08-31,2026-08,1324.56
C-0020,2026-08-20,2026-08,621.25
C-0020,2026-08-21,2026-08,626.29
C-0020,2026-08-22,2026-08,618.61
C-0020,2026-08-23,2026-08,620.01
C-0020,2026-08-24,2026-08,627.07
C-0020,2026-08-25,2026-08,636.75
C-0020,2026-08-26,2026-08,604.36
C-0020,2026-08-27,2026-08,622.22
C-0020,2026-08-28,2026-08,625.76
C-0020,2026-08-29,2026-08,639.38
C-0020,2026-08-30,2026-08,617.78
C-0020,2026-08-31,2026-08,616.38
C-0021,2026-08-20,2026-08,98.72
C-0021,2026-08-21,2026-08,101.81
C-0021,2026-08-22,2026-08,62.89
C-0021,2026-08-23,2026-08,59.44
C-0021,2026-08-24,2026-08,96.58
C-0021,2026-08-25,2026-08,96.21
C-0021,2026-08-26,2026-08,97.99
C-0021,2026-08-27,2026-08,97.38
C-0021,2026-08-28,2026-08,98.38
C-0021,2026-08-29,2026-08,61.59
C-0021,2026-08-30,2026-08,59.49
C-0021,2026-08-31,2026-08,96.04
C-0022,2026-08-20,2026-08,120.96
C-0022,2026-08-21,2026-08,123.39
C-0022,2026-08-22,2026-08,72.73
C-0022,2026-08-23,2026-08,73.64
C-0022,2026-08-24,2026-08,120.55
C-0022,2026-08-25,2026-08,121.35
C-0022,2026-08-26,2026-08,120.0
C-0022,2026-08-27,2026-08,125.12
C-0022,2026-08-28,2026-08,122.06
C-0022,2026-08-29,2026-08,75.65
C-0022,2026-08-30,2026-08,74.78
C-0022,2026-08-31,2026-08,122.06
C-0023,2026-08-20,2026-08,133.99
C-0023,2026-08-21,2026-08,127.23
C-0023,2026-08-22,2026-08,82.35
C-0023,2026-08-23,2026-08,82.16
C-0023,2026-08-24,2026-08,125.52
C-0023,2026-08-25,2026-08,131.03
C-0023,2026-08-26,2026-08,133.52
C-0023,2026-08-27,2026-08,128.28
C-0023,2026-08-28,2026-08,133.52
C-0023,2026-08-29,2026-08,82.52
C-0023,2026-08-30,2026-08,79.49
C-0023,2026-08-31,2026-08,131.16
C-0024,2026-08-20,2026-08,122.59
C-0024,2026-08-21,2026-08,115.56
C-0024,2026-08-22,2026-08,73.12
C-0024,2026-08-23,2026-08,74.43
C-0024,2026-08-24,2026-08,117.53
C-0024,2026-08-25,2026-08,115.27
C-0024,2026-08-26,2026-08,120.9
C-0024,2026-08-27,2026-08,118.55
C-0024,2026-08-28,2026-08,113.92
C-0024,2026-08-29,2026-08,75.01
C-0024,2026-08-30,2026-08,72.37
C-0024,2026-08-31,2026-08,113.82
C-0025,2026-08-20,2026-08,129.39
C-0025,2026-08-21,2026-08,128.9
C-0025,2026-08-22,2026-08,81.27
C-0025,2026-08-23,2026-08,79.33
C-0025,2026-08-24,2026-08,127.15
C-0025,2026-08-25,2026-08,127.53
C-0025,2026-08-26,2026-08,134.91
C-0025,2026-08-27,2026-08,133.8
C-0025,2026-08-28,2026-08,132.57
C-0025,2026-08-29,2026-08,80.9
C-0025,2026-08-30,2026-08,78.65
C-0025,2026-08-31,2026-08,133.42
C-0026,2026-08-20,2026-08,103.71
C-0026,2026-08-21,2026-08,105.18
C-0026,2026-08-22,2026-08,64.18
C-0026,2026-08-23,2026-08,63.23
C-0026,2026-08-24,2026-08,100.52
C-0026,2026-08-25,2026-08,100.93
C-0026,2026-08-26,2026-08,106.38
C-0026,2026-08-27,2026-08,105.84
C-0026,2026-08-28,2026-08,103.02
C-0026,2026-08-29,2026-08,65.15
C-0026,2026-08-30,2026-08,64.45
C-0026,2026-08-31,2026-08,102.22
C-0027,2026-08-20,2026-08,55.08
C-0027,2026-08-21,2026-08,57.42
C-0027,2026-08-22,2026-08,33.67
C-0027,2026-08-23,2026-08,34.24
C-0027,2026-08-24,2026-08,55.0
C-0027,2026-08-25,2026-08,55.93
C-0027,2026-08-26,2026-08,57.09
C-0027,2026-08-27,2026-08,55.86
C-0027,2026-08-28,2026-08,55.86
C-0027,2026-08-29,2026-08,34.18
C-0027,2026-08-30,2026-08,33.27
C-0027,2026-08-31,2026-08,54.47
C-0028,2026-08-20,2026-08,185.16
C-0028,2026-08-21,2026-08,175.7
C-0028,2026-08-22,2026-08,107.71
C-0028,2026-08-23,2026-08,111.66
C-0028,2026-08-24,2026-08,180.43
C-0028,2026-08-25,2026-08,176.06
C-0028,2026-08-26,2026-08,184.57
C-0028,2026-08-27,2026-08,184.04
C-0028,2026-08-28,2026-08,174.34
C-0028,2026-08-29,2026-08,113.1
C-0028,2026-08-30,2026-08,107.67
C-0028,2026-08-31,2026-08,181.57
C-0029,2026-08-20,2026-08,123.7
C-0029,2026-08-21,2026-08,120.79
C-0029,2026-08-22,2026-08,74.34
C-0029,2026-08-23,2026-08,75.22
C-0029,2026-08-24,2026-08,120.92
C-0029,2026-08-25,2026-08,122.34
C-0029,2026-08-26,2026-08,120.48
C-0029,2026-08-27,2026-08,121.56
C-0029,2026-08-28,2026-08,119.79
C-0029,2026-08-29,2026-08,74.54
C-0029,2026-08-30,2026-08,75.34
C-0029,2026-08-31,2026-08,118.5
C-0030,2026-08-20,2026-08,90.34
C-0030,2026-08-21,2026-08,94.0
C-0030,2026-08-22,2026-08,56.19
C-0030,2026-08-23,2026-08,56.22
C-0030,2026-08-24,2026-08,91.86
C-0030,2026-08-25,2026-08,91.33
C-0030,2026-08-26,2026-08,90.86
C-0030,2026-08-27,2026-08,94.25
C-0030,2026-08-28,2026-08,89.94
C-0030,2026-08-29,2026-08,57.76
C-0030,2026-08-30,2026-08,54.58
C-0030,2026-08-31,2026-08,90.06
C-0031,2026-08-20,2026-08,133.54
C-0031,2026-08-21,2026-08,133.04
C-0031,2026-08-22,2026-08,83.51
C-0031,2026-08-23,2026-08,83.92
C-0031,2026-08-24,2026-08,130.92
C-0031,2026-08-25,2026-08,138.27
C-0031,2026-08-26,2026-08,138.73
C-0031,2026-08-27,2026-08,134.88
C-0031,2026-08-28,2026-08,136.51
C-0031,2026-08-29,2026-08,84.21
C-0031,2026-08-30,2026-08,83.46
C-0031,2026-08-31,2026-08,134.58
C-0032,2026-08-20,2026-08,117.32
C-0032,2026-08-21,2026-08,118.39
C-0032,2026-08-22,2026-08,71.3
C-0032,2026-08-23,2026-08,71.17
C-0032,2026-08-24,2026-08,118.46
C-0032,2026-08-25,2026-08,118.8
C-0032,2026-08-26,2026-08,119.89
C-0032,2026-08-27,2026-08,117.82
C-0032,2026-08-28,2026-08,117.33
C-0032,2026-08-29,2026-08,73.45
C-0032,2026-08-30,2026-08,73.2
C-0032,2026-08-31,2026-08,119.69
C-0033,2026-08-20,2026-08,176.06
C-0033,2026-08-21,2026-08,167.27
C-0033,2026-08-22,2026-08,106.43
C-0033,2026-08-23,2026-08,107.58
C-0033,2026-08-24,2026-08,173.89
C-0033,2026-08-25,2026-08,166.94
C-0033,2026-08-26,2026-08,166.57
C-0033,2026-08-27,2026-08,171.94
C-0033,2026-08-28,2026-08,166.32
C-0033,2026-08-29,2026-08,106.92
C-0033,2026-08-30,2026-08,106.09
C-0033,2026-08-31,2026-08,169.08
C-0034,2026-08-20,2026-08,194.49
C-0034,2026-08-21,2026-08,198.83
C-0034,2026-08-22,2026-08,120.59
C-0034,2026-08-23,2026-08,124.08
C-0034,2026-08-24,2026-08,196.79
C-0034,2026-08-25,2026-08,194.75
C-0034,2026-08-26,2026-08,199.56
C-0034,2026-08-27,2026-08,195.37
C-0034,2026-08-28,2026-08,193.21
C-0034,2026-08-29,2026-08,121.26
C-0034,2026-08-30,2026-08,117.77
C-0034,2026-08-31,2026-08,194.96
C-0035,2026-08-20,2026-08,99.09
C-0035,2026-08-21,2026-08,94.07
C-0035,2026-08-22,2026-08,58.16
C-0035,2026-08-23,2026-08,57.25
C-0035,2026-08-24,2026-08,96.4
C-0035,2026-08-25,2026-08,96.88
C-0035,2026-08-26,2026-08,97.07
C-0035,2026-08-27,2026-08,98.16
C-0035,2026-08-28,2026-08,95.05
C-0035,2026-08-29,2026-08,59.85
C-0035,2026-08-30,2026-08,60.12
C-0035,2026-08-31,2026-08,94.58
C-0036,2026-08-20,2026-08,165.67
C-0036,2026-08-21,2026-08,158.45
C-0036,2026-08-22,2026-08,98.96
C-0036,2026-08-23,2026-08,96.51
C-0036,2026-08-24,2026-08,155.55
C-0036,2026-08-25,2026-08,159.76
C-0036,2026-08-26,2026-08,161.42
C-0036,2026-08-27,2026-08,165.49
C-0036,2026-08-28,2026-08,160.52
C-0036,2026-08-29,2026-08,98.06
C-0036,2026-08-30,2026-08,99.28
C-0036,2026-08-31,2026-08,161.88
C-0037,2026-08-20,2026-08,91.35
C-0037,2026-08-21,2026-08,89.2
C-0037,2026-08-22,2026-08,55.79
C-0037,2026-08-23,2026-08,54.0
C-0037,2026-08-24,2026-08,85.62
C-0037,2026-08-25,2026-08,87.67
C-0037,2026-08-26,2026-08,86.45
C-0037,2026-08-27,2026-08,88.63
C-0037,2026-08-28,2026-08,90.06
C-0037,2026-08-29,2026-08,55.48
C-0037,2026-08-30,2026-08,55.26
C-0037,2026-08-31,2026-08,89.8
C-0038,2026-08-20,2026-08,173.37
C-0038,2026-08-21,2026-08,180.12
C-0038,2026-08-22,2026-08,106.12
C-0038,2026-08-23,2026-08,111.06
C-0038,2026-08-24,2026-08,179.34
C-0038,2026-08-25,2026-08,178.21
C-0038,2026-08-26,2026-08,181.78
C-0038,2026-08-27,2026-08,171.58
C-0038,2026-08-28,2026-08,172.56
C-0038,2026-08-29,2026-08,111.92
C-0038,2026-08-30,2026-08,110.37
C-0038,2026-08-31,2026-08,175.37
C-0039,2026-08-20,2026-08,158.16
C-0039,2026-08-21,2026-08,154.93
C-0039,2026-08-22,2026-08,95.65
C-0039,2026-08-23,2026-08,96.1
C-0039,2026-08-24,2026-08,152.62
C-0039,2026-08-25,2026-08,155.35
C-0039,2026-08-26,2026-08,153.69
C-0039,2026-08-27,2026-08,155.22
C-0039,2026-08-28,2026-08,154.97
C-0039,2026-08-29,2026-08,98.5
C-0039,2026-08-30,2026-08,94.32
C-0039,2026-08-31,2026-08,153.09
C-0040,2026-08-20,2026-08,57.29
C-0040,2026-08-21,2026-08,55.47
C-0040,2026-08-22,2026-08,34.22
C-0040,2026-08-23,2026-08,33.33
C-0040,2026-08-24,2026-08,53.92
C-0040,2026-08-25,2026-08,54.01
C-0040,2026-08-26,2026-08,54.16
C-0040,2026-08-27,2026-08,56.95
C-0040,2026-08-28,2026-08,55.34
C-0040,2026-08-29,2026-08,34.19
C-0040,2026-08-30,2026-08,33.84
C-0040,2026-08-31,2026-08,54.25
C-0041,2026-08-20,2026-08,104.06
C-0041,2026-08-21,2026-08,106.05
C-0041,2026-08-22,2026-08,63.14
C-0041,2026-08-23,2026-08,62.19
C-0041,2026-08-24,2026-08,99.31
C-0041,2026-08-25,2026-08,103.43
C-0041,2026-08-26,2026-08,105.22
C-0041,2026-08-27,2026-08,103.73
C-0041,2026-08-28,2026-08,104.48
C-0041,2026-08-29,2026-08,62.0
C-0041,2026-08-30,2026-08,63.58
C-0041,2026-08-31,2026-08,101.77
C-0042,2026-08-20,2026-08,187.56
C-0042,2026-08-21,2026-08,190.14
C-0042,2026-08-22,2026-08,113.61
C-0042,2026-08-23,2026-08,114.3
C-0042,2026-08-24,2026-08,182.74
C-0042,2026-08-25,2026-08,188.44
C-0042,2026-08-26,2026-08,184.84
C-0042,2026-08-27,2026-08,188.74
C-0042,2026-08-28,2026-08,184.52
C-0042,2026-08-29,2026-08,118.7
C-0042,2026-08-30,2026-08,112.42
C-0042,2026-08-31,2026-08,182.47
C-0043,2026-08-20,2026-08,202.37
C-0043,2026-08-21,2026-08,204.65
C-0043,2026-08-22,2026-08,125.84
C-0043,2026-08-23,2026-08,124.92
C-0043,2026-08-24,2026-08,199.92
C-0043,2026-08-25,2026-08,206.13
C-0043,2026-08-26,2026-08,203.11
C-0043,2026-08-27,2026-08,211.91
C-0043,2026-08-28,2026-08,202.94
C-0043,2026-08-29,2026-08,126.53
C-0043,2026-08-30,2026-08,128.9
C-0043,2026-08-31,2026-08,206.97
C-0044,2026-08-20,2026-08,81.18
C-0044,2026-08-21,2026-08,82.99
C-0044,2026-08-22,2026-08,49.44
C-0044,2026-08-23,2026-08,50.35
C-0044,2026-08-24,2026-08,82.06
C-0044,2026-08-25,2026-08,79.01
C-0044,2026-08-26,2026-08,82.33
C-0044,2026-08-27,2026-08,80.14
C-0044,2026-08-28,2026-08,82.03
C-0044,2026-08-29,2026-08,48.64
C-0044,2026-08-30,2026-08,50.24
C-0044,2026-08-31,2026-08,78.09
C-0045,2026-08-20,2026-08,110.15
C-0045,2026-08-21,2026-08,110.3
C-0045,2026-08-22,2026-08,69.5
C-0045,2026-08-23,2026-08,67.95
C-0045,2026-08-24,2026-08,112.57
C-0045,2026-08-25,2026-08,111.79
C-0045,2026-08-26,2026-08,114.01
C-0045,2026-08-27,2026-08,112.69
C-0045,2026-08-28,2026-08,113.08
C-0045,2026-08-29,2026-08,69.81
C-0045,2026-08-30,2026-08,69.15
C-0045,2026-08-31,2026-08,112.86
C-0046,2026-08-20,2026-08,184.16
C-0046,2026-08-21,2026-08,183.95
C-0046,2026-08-22,2026-08,115.15
C-0046,2026-08-23,2026-08,115.37
C-0046,2026-08-24,2026-08,190.94
C-0046,2026-08-25,2026-08,186.41
C-0046,2026-08-26,2026-08,187.6
C-0046,2026-08-27,2026-08,191.23
C-0046,2026-08-28,2026-08,191.75
C-0046,2026-08-29,2026-08,116.71
C-0046,2026-08-30,2026-08,117.27
C-0046,2026-08-31,2026-08,183.82
C-0047,2026-08-20,2026-08,87.28
C-0047,2026-08-21,2026-08,88.12
C-0047,2026-08-22,2026-08,52.64
C-0047,2026-08-23,2026-08,55.06
C-0047,2026-08-24,2026-08,85.08
C-0047,2026-08-25,2026-08,85.29
C-0047,2026-08-26,2026-08,88.02
C-0047,2026-08-27,2026-08,85.33
C-0047,2026-08-28,2026-08,87.43
C-0047,2026-08-29,2026-08,54.86
C-0047,2026-08-30,2026-08,52.21
C-0047,2026-08-31,2026-08,86.42
C-0048,2026-08-20,2026-08,120.72
C-0048,2026-08-21,2026-08,116.69
C-0048,2026-08-22,2026-08,71.64
C-0048,2026-08-23,2026-08,71.2
C-0048,2026-08-24,2026-08,119.58
C-0048,2026-08-25,2026-08,118.21
C-0048,2026-08-26,2026-08,115.63
C-0048,2026-08-27,2026-08,114.9
C-0048,2026-08-28,2026-08,118.15
C-0048,2026-08-29,2026-08,73.58
C-0048,2026-08-30,2026-08,70.38
C-0048,2026-08-31,2026-08,118.84
C-0049,2026-08-20,2026-08,77.43
C-0049,2026-08-21,2026-08,74.52
C-0049,2026-08-22,2026-08,47.23
C-0049,2026-08-23,2026-08,47.02
C-0049,2026-08-24,2026-08,75.2
C-0049,2026-08-25,2026-08,73.44
C-0049,2026-08-26,2026-08,77.02
C-0049,2026-08-27,2026-08,76.81
C-0049,2026-08-28,2026-08,74.78
C-0049,2026-08-29,2026-08,47.16
C-0049,2026-08-30,2026-08,44.54
C-0049,2026-08-31,2026-08,73.22
C-0050,2026-08-20,2026-08,155.01
C-0050,2026-08-21,2026-08,155.42
C-0050,2026-08-22,2026-08,94.33
C-0050,2026-08-23,2026-08,95.41
C-0050,2026-08-24,2026-08,151.22
C-0050,2026-08-25,2026-08,151.98
C-0050,2026-08-26,2026-08,154.08
C-0050,2026-08-27,2026-08,152.51
C-0050,2026-08-28,2026-08,153.29
C-0050,2026-08-29,2026-08,97.72
C-0050,2026-08-30,2026-08,91.8
C-0050,2026-08-31,2026-08,147.91
C-0051,2026-08-20,2026-08,73.11
C-0051,2026-08-21,2026-08,69.77
C-0051,2026-08-22,2026-08,69.49
C-0051,2026-08-23,2026-08,67.33
C-0051,2026-08-24,2026-08,70.43
C-0051,2026-08-25,2026-08,69.09
C-0051,2026-08-26,2026-08,69.17
C-0051,2026-08-27,2026-08,69.13
C-0051,2026-08-28,2026-08,70.08
C-0051,2026-08-29,2026-08,68.06
C-0051,2026-08-30,2026-08,68.01
C-0051,2026-08-31,2026-08,66.47
C-0052,2026-08-20,2026-08,77.56
C-0052,2026-08-21,2026-08,78.84
C-0052,2026-08-22,2026-08,74.89
C-0052,2026-08-23,2026-08,77.22
C-0052,2026-08-24,2026-08,76.44
C-0052,2026-08-25,2026-08,73.73
C-0052,2026-08-26,2026-08,77.9
C-0052,2026-08-27,2026-08,79.71
C-0052,2026-08-28,2026-08,75.5
C-0052,2026-08-29,2026-08,78.36
C-0052,2026-08-30,2026-08,75.66
C-0052,2026-08-31,2026-08,73.95
C-0053,2026-08-20,2026-08,42.15
C-0053,2026-08-21,2026-08,43.08
C-0053,2026-08-22,2026-08,41.81
C-0053,2026-08-23,2026-08,41.36
C-0053,2026-08-24,2026-08,41.02
C-0053,2026-08-25,2026-08,39.72
C-0053,2026-08-26,2026-08,41.7
C-0053,2026-08-27,2026-08,41.19
C-0053,2026-08-28,2026-08,41.76
C-0053,2026-08-29,2026-08,41.67
C-0053,2026-08-30,2026-08,39.84
C-0053,2026-08-31,2026-08,40.18
C-0054,2026-08-20,2026-08,48.14
C-0054,2026-08-21,2026-08,46.67
C-0054,2026-08-22,2026-08,44.67
C-0054,2026-08-23,2026-08,45.79
C-0054,2026-08-24,2026-08,45.37
C-0054,2026-08-25,2026-08,45.07
C-0054,2026-08-26,2026-08,46.27
C-0054,2026-08-27,2026-08,48.01
C-0054,2026-08-28,2026-08,46.59
C-0054,2026-08-29,2026-08,45.64
C-0054,2026-08-30,2026-08,45.7
C-0054,2026-08-31,2026-08,45.08
C-0055,2026-08-20,2026-08,86.91
C-0055,2026-08-21,2026-08,84.44
C-0055,2026-08-22,2026-08,80.31
C-0055,2026-08-23,2026-08,83.24
C-0055,2026-08-24,2026-08,82.86
C-0055,2026-08-25,2026-08,79.13
C-0055,2026-08-26,2026-08,83.12
C-0055,2026-08-27,2026-08,83.61
C-0055,2026-08-28,2026-08,83.09
C-0055,2026-08-29,2026-08,83.2
C-0055,2026-08-30,2026-08,79.52
C-0055,2026-08-31,2026-08,80.0
C-0056,2026-08-20,2026-08,49.03
C-0056,2026-08-21,2026-08,47.24
C-0056,2026-08-22,2026-08,45.15
C-0056,2026-08-23,2026-08,45.77
C-0056,2026-08-24,2026-08,45.97
C-0056,2026-08-25,2026-08,44.64
C-0056,2026-08-26,2026-08,47.37
C-0056,2026-08-27,2026-08,47.48
C-0056,2026-08-28,2026-08,46.91
C-0056,2026-08-29,2026-08,45.9
C-0056,2026-08-30,2026-08,44.9
C-0056,2026-08-31,2026-08,45.99
C-0057,2026-08-20,2026-08,101.83
C-0057,2026-08-21,2026-08,99.7
C-0057,2026-08-22,2026-08,97.05
C-0057,2026-08-23,2026-08,95.71
C-0057,2026-08-24,2026-08,93.83
C-0057,2026-08-25,2026-08,93.21
C-0057,2026-08-26,2026-08,100.47
C-0057,2026-08-27,2026-08,96.02
C-0057,2026-08-28,2026-08,96.08
C-0057,2026-08-29,2026-08,98.3
C-0057,2026-08-30,2026-08,93.56
C-0057,2026-08-31,2026-08,91.5
C-0058,2026-08-20,2026-08,36.64
C-0058,2026-08-21,2026-08,35.12
C-0058,2026-08-22,2026-08,33.44
C-0058,2026-08-23,2026-08,35.03
C-0058,2026-08-24,2026-08,33.83
C-0058,2026-08-25,2026-08,34.56
C-0058,2026-08-26,2026-08,36.17
C-0058,2026-08-27,2026-08,34.45
C-0058,2026-08-28,2026-08,33.95
C-0058,2026-08-29,2026-08,35.27
C-0058,2026-08-30,2026-08,34.25
C-0058,2026-08-31,2026-08,33.5
C-0059,2026-08-20,2026-08,90.31
C-0059,2026-08-21,2026-08,92.41
C-0059,2026-08-22,2026-08,88.22
C-0059,2026-08-23,2026-08,89.0
C-0059,2026-08-24,2026-08,88.82
C-0059,2026-08-25,2026-08,87.62
C-0059,2026-08-26,2026-08,88.43
C-0059,2026-08-27,2026-08,91.51
C-0059,2026-08-28,2026-08,85.7
C-0059,2026-08-29,2026-08,90.04
C-0059,2026-08-30,2026-08,87.46
C-0059,2026-08-31,2026-08,87.0
C-0060,2026-08-20,2026-08,25.07
C-0060,2026-08-21,2026-08,25.12
C-0060,2026-08-22,2026-08,25.25
C-0060,2026-08-23,2026-08,24.55
C-0060,2026-08-24,2026-08,24.03
C-0060,2026-08-25,2026-08,23.76
C-0060,2026-08-26,2026-08,25.25
C-0060,2026-08-27,2026-08,24.86
C-0060,2026-08-28,2026-08,24.45
C-0060,2026-08-29,2026-08,24.54
C-0060,2026-08-30,2026-08,24.78
C-0060,2026-08-31,2026-08,24.29
C-0061,2026-08-20,2026-08,88.03
C-0061,2026-08-21,2026-08,90.86
C-0061,2026-08-22,2026-08,87.16
C-0061,2026-08-23,2026-08,83.39
C-0061,2026-08-24,2026-08,83.92
C-0061,2026-08-25,2026-08,84.74
C-0061,2026-08-26,2026-08,86.49
C-0061,2026-08-27,2026-08,86.76
C-0061,2026-08-28,2026-08,85.07
C-0061,2026-08-29,2026-08,87.21
C-0061,2026-08-30,2026-08,85.33
C-0061,2026-08-31,2026-08,83.22
C-0062,2026-08-20,2026-08,103.25
C-0062,2026-08-21,2026-08,97.33
C-0062,2026-08-22,2026-08,94.99
C-0062,2026-08-23,2026-08,97.67
C-0062,2026-08-24,2026-08,99.32
C-0062,2026-08-25,2026-08,96.59
C-0062,2026-08-26,2026-08,97.59
C-0062,2026-08-27,2026-08,98.73
C-0062,2026-08-28,2026-08,96.26
C-0062,2026-08-29,2026-08,97.45
C-0062,2026-08-30,2026-08,95.65
C-0062,2026-08-31,2026-08,97.12
C-0063,2026-08-20,2026-08,66.93
C-0063,2026-08-21,2026-08,64.97
C-0063,2026-08-22,2026-08,62.7
C-0063,2026-08-23,2026-08,60.48
C-0063,2026-08-24,2026-08,63.77
C-0063,2026-08-25,2026-08,60.7
C-0063,2026-08-26,2026-08,63.47
C-0063,2026-08-27,2026-08,62.6
C-0063,2026-08-28,2026-08,62.46
C-0063,2026-08-29,2026-08,62.11
C-0063,2026-08-30,2026-08,61.44
C-0063,2026-08-31,2026-08,60.18
C-0064,2026-08-20,2026-08,95.29
C-0064,2026-08-21,2026-08,97.13
C-0064,2026-08-22,2026-08,94.01
C-0064,2026-08-23,2026-08,92.72
C-0064,2026-08-24,2026-08,94.96
C-0064,2026-08-25,2026-08,93.1
C-0064,2026-08-26,2026-08,94.84
C-0064,2026-08-27,2026-08,97.24
C-0064,2026-08-28,2026-08,96.42
C-0064,2026-08-29,2026-08,96.55
C-0064,2026-08-30,2026-08,94.68
C-0064,2026-08-31,2026-08,93.12
C-0065,2026-08-20,2026-08,33.13
C-0065,2026-08-21,2026-08,32.78
C-0065,2026-08-22,2026-08,31.32
C-0065,2026-08-23,2026-08,31.82
C-0065,2026-08-24,2026-08,31.53
C-0065,2026-08-25,2026-08,31.49
C-0065,2026-08-26,2026-08,31.18
C-0065,2026-08-27,2026-08,32.79
C-0065,2026-08-28,2026-08,32.14
C-0065,2026-08-29,2026-08,31.39
C-0065,2026-08-30,2026-08,30.83
C-0065,2026-08-31,2026-08,30.32
C-0066,2026-08-20,2026-08,58.26
C-0066,2026-08-21,2026-08,56.71
C-0066,2026-08-22,2026-08,52.96
C-0066,2026-08-23,2026-08,53.11
C-0066,2026-08-24,2026-08,55.17
C-0066,2026-08-25,2026-08,53.75
C-0066,2026-08-26,2026-08,55.12
C-0066,2026-08-27,2026-08,56.66
C-0066,2026-08-28,2026-08,54.63
C-0066,2026-08-29,2026-08,56.08
C-0066,2026-08-30,2026-08,54.49
C-0066,2026-08-31,2026-08,54.86
C-0067,2026-08-20,2026-08,73.88
C-0067,2026-08-21,2026-08,72.55
C-0067,2026-08-22,2026-08,68.24
C-0067,2026-08-23,2026-08,66.66
C-0067,2026-08-24,2026-08,68.36
C-0067,2026-08-25,2026-08,67.25
C-0067,2026-08-26,2026-08,71.23
C-0067,2026-08-27,2026-08,71.87
C-0067,2026-08-28,2026-08,68.33
C-0067,2026-08-29,2026-08,69.33
C-0067,2026-08-30,2026-08,67.47
C-0067,2026-08-31,2026-08,67.99
C-0068,2026-08-20,2026-08,65.39
C-0068,2026-08-21,2026-08,68.14
C-0068,2026-08-22,2026-08,62.69
C-0068,2026-08-23,2026-08,64.06
C-0068,2026-08-24,2026-08,63.56
C-0068,2026-08-25,2026-08,64.82
C-0068,2026-08-26,2026-08,64.84
C-0068,2026-08-27,2026-08,65.92
C-0068,2026-08-28,2026-08,63.13
C-0068,2026-08-29,2026-08,66.14
C-0068,2026-08-30,2026-08,62.51
C-0068,2026-08-31,2026-08,63.14
C-0069,2026-08-20,2026-08,47.03
C-0069,2026-08-21,2026-08,46.66
C-0069,2026-08-22,2026-08,43.79
C-0069,2026-08-23,2026-08,43.78
C-0069,2026-08-24,2026-08,43.48
C-0069,2026-08-25,2026-08,44.28
C-0069,2026-08-26,2026-08,45.12
C-0069,2026-08-27,2026-08,45.31
C-0069,2026-08-28,2026-08,44.69
C-0069,2026-08-29,2026-08,44.31
C-0069,2026-08-30,2026-08,44.92
C-0069,2026-08-31,2026-08,44.92
C-0070,2026-08-20,2026-08,71.64
C-0070,2026-08-21,2026-08,70.97
C-0070,2026-08-22,2026-08,66.34
C-0070,2026-08-23,2026-08,66.93
C-0070,2026-08-24,2026-08,69.17
C-0070,2026-08-25,2026-08,68.4
C-0070,2026-08-26,2026-08,70.62
C-0070,2026-08-27,2026-08,69.61
C-0070,2026-08-28,2026-08,68.68
C-0070,2026-08-29,2026-08,69.11
C-0070,2026-08-30,2026-08,65.17
C-0070,2026-08-31,2026-08,64.57
C-0071,2026-08-20,2026-08,38.9
C-0071,2026-08-21,2026-08,40.18
C-0071,2026-08-22,2026-08,36.95
C-0071,2026-08-23,2026-08,36.52
C-0071,2026-08-24,2026-08,37.25
C-0071,2026-08-25,2026-08,37.59
C-0071,2026-08-26,2026-08,39.22
C-0071,2026-08-27,2026-08,39.73
C-0071,2026-08-28,2026-08,38.98
C-0071,2026-08-29,2026-08,38.97
C-0071,2026-08-30,2026-08,36.63
C-0071,2026-08-31,2026-08,37.67
C-0072,2026-08-20,2026-08,103.54
C-0072,2026-08-21,2026-08,103.05
C-0072,2026-08-22,2026-08,94.44
C-0072,2026-08-23,2026-08,95.99
C-0072,2026-08-24,2026-08,94.59
C-0072,2026-08-25,2026-08,96.36
C-0072,2026-08-26,2026-08,102.41
C-0072,2026-08-27,2026-08,101.6
C-0072,2026-08-28,2026-08,100.27
C-0072,2026-08-29,2026-08,99.07
C-0072,2026-08-30,2026-08,96.48
C-0072,2026-08-31,2026-08,98.19
C-0073,2026-08-20,2026-08,46.8
C-0073,2026-08-21,2026-08,46.68
C-0073,2026-08-22,2026-08,43.61
C-0073,2026-08-23,2026-08,43.46
C-0073,2026-08-24,2026-08,44.22
C-0073,2026-08-25,2026-08,44.87
C-0073,2026-08-26,2026-08,44.77
C-0073,2026-08-27,2026-08,46.14
C-0073,2026-08-28,2026-08,44.62
C-0073,2026-08-29,2026-08,45.54
C-0073,2026-08-30,2026-08,44.65
C-0073,2026-08-31,2026-08,43.17
C-0074,2026-08-20,2026-08,52.21
C-0074,2026-08-21,2026-08,50.65
C-0074,2026-08-22,2026-08,50.22
C-0074,2026-08-23,2026-08,48.24
C-0074,2026-08-24,2026-08,48.27
C-0074,2026-08-25,2026-08,49.8
C-0074,2026-08-26,2026-08,49.84
C-0074,2026-08-27,2026-08,51.54
C-0074,2026-08-28,2026-08,49.46
C-0074,2026-08-29,2026-08,49.21
C-0074,2026-08-30,2026-08,48.93
C-0074,2026-08-31,2026-08,48.42
C-0075,2026-08-20,2026-08,33.63
C-0075,2026-08-21,2026-08,34.12
C-0075,2026-08-22,2026-08,31.81
C-0075,2026-08-23,2026-08,32.96
C-0075,2026-08-24,2026-08,31.98
C-0075,2026-08-25,2026-08,32.18
C-0075,2026-08-26,2026-08,32.82
C-0075,2026-08-27,2026-08,34.43
C-0075,2026-08-28,2026-08,32.46
C-0075,2026-08-29,2026-08,33.29
C-0075,2026-08-30,2026-08,31.62
C-0075,2026-08-31,2026-08,33.0
C-0076,2026-08-20,2026-08,38.22
C-0076,2026-08-21,2026-08,36.3
C-0076,2026-08-22,2026-08,22.26
C-0076,2026-08-23,2026-08,22.34
C-0076,2026-08-24,2026-08,36.0
C-0076,2026-08-25,2026-08,34.58
C-0076,2026-08-26,2026-08,35.61
C-0076,2026-08-27,2026-08,37.5
C-0076,2026-08-28,2026-08,36.65
C-0076,2026-08-29,2026-08,22.37
C-0076,2026-08-30,2026-08,22.05
C-0076,2026-08-31,2026-08,35.17
C-0077,2026-08-20,2026-08,42.9
C-0077,2026-08-21,2026-08,41.89
C-0077,2026-08-22,2026-08,25.85
C-0077,2026-08-23,2026-08,25.91
C-0077,2026-08-24,2026-08,41.02
C-0077,2026-08-25,2026-08,41.47
C-0077,2026-08-26,2026-08,42.7
C-0077,2026-08-27,2026-08,41.14
C-0077,2026-08-28,2026-08,40.47
C-0077,2026-08-29,2026-08,26.58
C-0077,2026-08-30,2026-08,25.0
C-0077,2026-08-31,2026-08,40.57
C-0078,2026-08-20,2026-08,15.47
C-0078,2026-08-21,2026-08,15.33
C-0078,2026-08-22,2026-08,8.89
C-0078,2026-08-23,2026-08,8.76
C-0078,2026-08-24,2026-08,14.07
C-0078,2026-08-25,2026-08,14.63
C-0078,2026-08-26,2026-08,15.24
C-0078,2026-08-27,2026-08,14.7
C-0078,2026-08-28,2026-08,14.55
C-0078,2026-08-29,2026-08,9.39
C-0078,2026-08-30,2026-08,8.78
C-0078,2026-08-31,2026-08,14.19
C-0079,2026-08-20,2026-08,44.23
C-0079,2026-08-21,2026-08,44.22
C-0079,2026-08-22,2026-08,27.52
C-0079,2026-08-23,2026-08,26.04
C-0079,2026-08-24,2026-08,43.57
C-0079,2026-08-25,2026-08,42.92
C-0079,2026-08-26,2026-08,44.72
C-0079,2026-08-27,2026-08,45.77
C-0079,2026-08-28,2026-08,44.31
C-0079,2026-08-29,2026-08,26.61
C-0079,2026-08-30,2026-08,25.77
C-0079,2026-08-31,2026-08,42.85
C-0080,2026-08-20,2026-08,10.25
C-0080,2026-08-21,2026-08,10.19
C-0080,2026-08-22,2026-08,6.05
C-0080,2026-08-23,2026-08,6.21
C-0080,2026-08-24,2026-08,10.28
C-0080,2026-08-25,2026-08,9.97
C-0080,2026-08-26,2026-08,10.42
C-0080,2026-08-27,2026-08,10.56
C-0080,2026-08-28,2026-08,10.25
C-0080,2026-08-29,2026-08,6.46
C-0080,2026-08-30,2026-08,6.26
C-0080,2026-08-31,2026-08,9.69
C-0081,2026-08-20,2026-08,8.05
C-0081,2026-08-21,2026-08,7.98
C-0081,2026-08-22,2026-08,4.8
C-0081,2026-08-23,2026-08,4.72
C-0081,2026-08-24,2026-08,7.99
C-0081,2026-08-25,2026-08,7.59
C-0081,2026-08-26,2026-08,7.99
C-0081,2026-08-27,2026-08,7.79
C-0081,2026-08-28,2026-08,7.9
C-0081,2026-08-29,2026-08,4.96
C-0081,2026-08-30,2026-08,4.86
C-0081,2026-08-31,2026-08,7.6
C-0082,2026-08-20,2026-08,26.83
C-0082,2026-08-21,2026-08,25.69
C-0082,2026-08-22,2026-08,16.15
C-0082,2026-08-23,2026-08,16.22
C-0082,2026-08-24,2026-08,26.3
C-0082,2026-08-25,2026-08,25.03
C-0082,2026-08-26,2026-08,25.99
C-0082,2026-08-27,2026-08,26.16
C-0082,2026-08-28,2026-08,25.68
C-0082,2026-08-29,2026-08,15.67
C-0082,2026-08-30,2026-08,15.78
C-0082,2026-08-31,2026-08,25.58
C-0083,2026-08-20,2026-08,55.47
C-0083,2026-08-21,2026-08,58.03
C-0083,2026-08-22,2026-08,34.56
C-0083,2026-08-23,2026-08,33.17
C-0083,2026-08-24,2026-08,53.95
C-0083,2026-08-25,2026-08,53.65
C-0083,2026-08-26,2026-08,57.55
C-0083,2026-08-27,2026-08,56.98
C-0083,2026-08-28,2026-08,53.94
C-0083,2026-08-29,2026-08,34.48
C-0083,2026-08-30,2026-08,33.68
C-0083,2026-08-31,2026-08,53.86
C-0084,2026-08-20,2026-08,16.15
C-0084,2026-08-21,2026-08,15.7
C-0084,2026-08-22,2026-08,9.82
C-0084,2026-08-23,2026-08,9.55
C-0084,2026-08-24,2026-08,15.73
C-0084,2026-08-25,2026-08,15.54
C-0084,2026-08-26,2026-08,15.77
C-0084,2026-08-27,2026-08,16.43
C-0084,2026-08-28,2026-08,15.31
C-0084,2026-08-29,2026-08,9.97
C-0084,2026-08-30,2026-08,9.48
C-0084,2026-08-31,2026-08,14.92
C-0085,2026-08-20,2026-08,6.88
C-0085,2026-08-21,2026-08,6.82
C-0085,2026-08-22,2026-08,4.01
C-0085,2026-08-23,2026-08,4.03
C-0085,2026-08-24,2026-08,6.7
C-0085,2026-08-25,2026-08,6.55
C-0085,2026-08-26,2026-08,6.7
C-0085,2026-08-27,2026-08,7.06
C-0085,2026-08-28,2026-08,6.83
C-0085,2026-08-29,2026-08,4.17
C-0085,2026-08-30,2026-08,4.15
C-0085,2026-08-31,2026-08,6.63
C-0086,2026-08-20,2026-08,39.52
C-0086,2026-08-21,2026-08,37.57
C-0086,2026-08-22,2026-08,22.81
C-0086,2026-08-23,2026-08,22.81
C-0086,2026-08-24,2026-08,37.34
C-0086,2026-08-25,2026-08,35.83
C-0086,2026-08-26,2026-08,36.79
C-0086,2026-08-27,2026-08,36.96
C-0086,2026-08-28,2026-08,37.48
C-0086,2026-08-29,2026-08,23.23
C-0086,2026-08-30,2026-08,22.1
C-0086,2026-08-31,2026-08,35.74
C-0087,2026-08-20,2026-08,51.49
C-0087,2026-08-21,2026-08,51.41
C-0087,2026-08-22,2026-08,29.79
C-0087,2026-08-23,2026-08,29.94
C-0087,2026-08-24,2026-08,48.86
C-0087,2026-08-25,2026-08,47.4
C-0087,2026-08-26,2026-08,49.96
C-0087,2026-08-27,2026-08,51.47
C-0087,2026-08-28,2026-08,48.57
C-0087,2026-08-29,2026-08,30.0
C-0087,2026-08-30,2026-08,29.85
C-0087,2026-08-31,2026-08,47.63
C-0088,2026-08-20,2026-08,40.74
C-0088,2026-08-21,2026-08,40.65
C-0088,2026-08-22,2026-08,25.25
C-0088,2026-08-23,2026-08,24.95
C-0088,2026-08-24,2026-08,40.16
C-0088,2026-08-25,2026-08,40.28
C-0088,2026-08-26,2026-08,42.29
C-0088,2026-08-27,2026-08,41.35
C-0088,2026-08-28,2026-08,39.85
C-0088,2026-08-29,2026-08,25.15
C-0088,2026-08-30,2026-08,24.97
C-0088,2026-08-31,2026-08,39.69
C-0089,2026-08-20,2026-08,17.81
C-0089,2026-08-21,2026-08,17.63
C-0089,2026-08-22,2026-08,10.63
C-0089,2026-08-23,2026-08,10.45
C-0089,2026-08-24,2026-08,16.66
C-0089,2026-08-25,2026-08,16.13
C-0089,2026-08-26,2026-08,17.53
C-0089,2026-08-27,2026-08,17.06
C-0089,2026-08-28,2026-08,16.5
C-0089,2026-08-29,2026-08,10.46
C-0089,2026-08-30,2026-08,10.45
C-0089,2026-08-31,2026-08,16.09
C-0090,2026-08-20,2026-08,44.03
C-0090,2026-08-21,2026-08,43.22
C-0090,2026-08-22,2026-08,26.0
C-0090,2026-08-23,2026-08,26.45
C-0090,2026-08-24,2026-08,43.37
C-0090,2026-08-25,2026-08,41.57
C-0090,2026-08-26,2026-08,44.45
C-0090,2026-08-27,2026-08,43.75
C-0090,2026-08-28,2026-08,42.44
C-0090,2026-08-29,2026-08,27.33
C-0090,2026-08-30,2026-08,25.24
C-0090,2026-08-31,2026-08,41.23
C-0091,2026-08-20,2026-08,37.08
C-0091,2026-08-21,2026-08,35.83
C-0091,2026-08-22,2026-08,21.72
C-0091,2026-08-23,2026-08,20.98
C-0091,2026-08-24,2026-08,34.36
C-0091,2026-08-25,2026-08,33.59
C-0091,2026-08-26,2026-08,36.41
C-0091,2026-08-27,2026-08,34.64
C-0091,2026-08-28,2026-08,34.45
C-0091,2026-08-29,2026-08,21.12
C-0091,2026-08-30,2026-08,20.73
C-0091,2026-08-31,2026-08,33.26
C-0092,2026-08-20,2026-08,35.42
C-0092,2026-08-21,2026-08,34.38
C-0092,2026-08-22,2026-08,20.34
C-0092,2026-08-23,2026-08,20.11
C-0092,2026-08-24,2026-08,33.26
C-0092,2026-08-25,2026-08,33.19
C-0092,2026-08-26,2026-08,33.67
C-0092,2026-08-27,2026-08,34.54
C-0092,2026-08-28,2026-08,33.62
C-0092,2026-08-29,2026-08,20.83
C-0092,2026-08-30,2026-08,20.26
C-0092,2026-08-31,2026-08,33.11
C-0093,2026-08-20,2026-08,45.45
C-0093,2026-08-21,2026-08,47.23
C-0093,2026-08-22,2026-08,27.15
C-0093,2026-08-23,2026-08,28.09
C-0093,2026-08-24,2026-08,43.92
C-0093,2026-08-25,2026-08,43.64
C-0093,2026-08-26,2026-08,46.77
C-0093,2026-08-27,2026-08,45.83
C-0093,2026-08-28,2026-08,45.4
C-0093,2026-08-29,2026-08,28.59
C-0093,2026-08-30,2026-08,27.0
C-0093,2026-08-31,2026-08,45.08
C-0094,2026-08-20,2026-08,8.02
C-0094,2026-08-21,2026-08,8.01
C-0094,2026-08-22,2026-08,4.83
C-0094,2026-08-23,2026-08,4.77
C-0094,2026-08-24,2026-08,7.83
C-0094,2026-08-25,2026-08,7.72
C-0094,2026-08-26,2026-08,7.93
C-0094,2026-08-27,2026-08,7.77
C-0094,2026-08-28,2026-08,7.74
C-0094,2026-08-29,2026-08,4.87
C-0094,2026-08-30,2026-08,4.78
C-0094,2026-08-31,2026-08,7.74
C-0095,2026-08-20,2026-08,50.19
C-0095,2026-08-21,2026-08,49.2
C-0095,2026-08-22,2026-08,29.46
C-0095,2026-08-23,2026-08,29.83
C-0095,2026-08-24,2026-08,46.8
C-0095,2026-08-25,2026-08,47.63
C-0095,2026-08-26,2026-08,50.15
C-0095,2026-08-27,2026-08,50.27
C-0095,2026-08-28,2026-08,49.8
C-0095,2026-08-29,2026-08,29.86
C-0095,2026-08-30,2026-08,29.98
C-0095,2026-08-31,2026-08,46.57
C-0096,2026-08-20,2026-08,53.35
C-0096,2026-08-21,2026-08,52.75
C-0096,2026-08-22,2026-08,32.05
C-0096,2026-08-23,2026-08,32.68
C-0096,2026-08-24,2026-08,52.31
C-0096,2026-08-25,2026-08,53.21
C-0096,2026-08-26,2026-08,52.7
C-0096,2026-08-27,2026-08,53.6
C-0096,2026-08-28,2026-08,52.87
C-0096,2026-08-29,2026-08,32.66
C-0096,2026-08-30,2026-08,31.03
C-0096,2026-08-31,2026-08,50.36
C-0097,2026-08-20,2026-08,40.16
C-0097,2026-08-21,2026-08,39.26
C-0097,2026-08-22,2026-08,22.75
C-0097,2026-08-23,2026-08,22.9
C-0097,2026-08-24,2026-08,37.04
C-0097,2026-08-25,2026-08,37.31
C-0097,2026-08-26,2026-08,39.17
C-0097,2026-08-27,2026-08,39.22
C-0097,2026-08-28,2026-08,38.23
C-0097,2026-08-29,2026-08,24.48
C-0097,2026-08-30,2026-08,23.72
C-0097,2026-08-31,2026-08,38.29
C-0098,2026-08-20,2026-08,42.54
C-0098,2026-08-21,2026-08,42.74
C-0098,2026-08-22,2026-08,25.61
C-0098,2026-08-23,2026-08,25.48
C-0098,2026-08-24,2026-08,40.15
C-0098,2026-08-25,2026-08,40.38
C-0098,2026-08-26,2026-08,41.9
C-0098,2026-08-27,2026-08,41.73
C-0098,2026-08-28,2026-08,41.59
C-0098,2026-08-29,2026-08,26.3
C-0098,2026-08-30,2026-08,25.6
C-0098,2026-08-31,2026-08,40.17
C-0099,2026-08-20,2026-08,57.14
C-0099,2026-08-21,2026-08,56.53
C-0099,2026-08-22,2026-08,33.88
C-0099,2026-08-23,2026-08,33.36
C-0099,2026-08-24,2026-08,53.94
C-0099,2026-08-25,2026-08,54.12
C-0099,2026-08-26,2026-08,55.66
C-0099,2026-08-27,2026-08,54.16
C-0099,2026-08-28,2026-08,54.14
C-0099,2026-08-29,2026-08,33.56
C-0099,2026-08-30,2026-08,32.34
C-0099,2026-08-31,2026-08,52.46
C-0100,2026-08-20,2026-08,11.69
C-0100,2026-08-21,2026-08,11.35
C-0100,2026-08-22,2026-08,6.72
C-0100,2026-08-23,2026-08,7.05
C-0100,2026-08-24,2026-08,11.19
C-0100,2026-08-25,2026-08,11.05
C-0100,2026-08-26,2026-08,11.13
C-0100,2026-08-27,2026-08,11.38
C-0100,2026-08-28,2026-08,11.11
C-0100,2026-08-29,2026-08,7.02
C-0100,2026-08-30,2026-08,6.74
C-0100,2026-08-31,2026-08,11.25
C-0101,2026-08-20,2026-08,55.78
C-0101,2026-08-21,2026-08,55.0
C-0101,2026-08-22,2026-08,33.32
C-0101,2026-08-23,2026-08,33.86
C-0101,2026-08-24,2026-08,52.81
C-0101,2026-08-25,2026-08,52.71
C-0101,2026-08-26,2026-08,55.09
C-0101,2026-08-27,2026-08,53.63
C-0101,2026-08-28,2026-08,55.11
C-0101,2026-08-29,2026-08,33.99
C-0101,2026-08-30,2026-08,31.98
C-0101,2026-08-31,2026-08,54.18
C-0102,2026-08-20,2026-08,56.52
C-0102,2026-08-21,2026-08,58.89
C-0102,2026-08-22,2026-08,34.06
C-0102,2026-08-23,2026-08,34.39
C-0102,2026-08-24,2026-08,57.04
C-0102,2026-08-25,2026-08,56.72
C-0102,2026-08-26,2026-08,58.11
C-0102,2026-08-27,2026-08,57.24
C-0102,2026-08-28,2026-08,55.68
C-0102,2026-08-29,2026-08,35.41
C-0102,2026-08-30,2026-08,34.39
C-0102,2026-08-31,2026-08,53.65
C-0103,2026-08-20,2026-08,17.29
C-0103,2026-08-21,2026-08,17.38
C-0103,2026-08-22,2026-08,10.17
C-0103,2026-08-23,2026-08,10.05
C-0103,2026-08-24,2026-08,16.65
C-0103,2026-08-25,2026-08,16.5
C-0103,2026-08-26,2026-08,17.04
C-0103,2026-08-27,2026-08,17.55
C-0103,2026-08-28,2026-08,17.16
C-0103,2026-08-29,2026-08,10.45
C-0103,2026-08-30,2026-08,10.44
C-0103,2026-08-31,2026-08,16.03
C-0104,2026-08-20,2026-08,55.43
C-0104,2026-08-21,2026-08,54.01
C-0104,2026-08-22,2026-08,32.56
C-0104,2026-08-23,2026-08,32.56
C-0104,2026-08-24,2026-08,54.81
C-0104,2026-08-25,2026-08,51.74
C-0104,2026-08-26,2026-08,54.19
C-0104,2026-08-27,2026-08,55.32
C-0104,2026-08-28,2026-08,55.53
C-0104,2026-08-29,2026-08,34.52
C-0104,2026-08-30,2026-08,31.79
C-0104,2026-08-31,2026-08,52.89
C-0105,2026-08-20,2026-08,51.15
C-0105,2026-08-21,2026-08,48.61
C-0105,2026-08-22,2026-08,30.26
C-0105,2026-08-23,2026-08,29.88
C-0105,2026-08-24,2026-08,47.25
C-0105,2026-08-25,2026-08,48.76
C-0105,2026-08-26,2026-08,50.43
C-0105,2026-08-27,2026-08,47.84
C-0105,2026-08-28,2026-08,48.97
C-0105,2026-08-29,2026-08,31.06
C-0105,2026-08-30,2026-08,29.34
C-0105,2026-08-31,2026-08,48.5
C-0106,2026-08-20,2026-08,23.13
C-0106,2026-08-21,2026-08,22.33
C-0106,2026-08-22,2026-08,13.92
C-0106,2026-08-23,2026-08,13.66
C-0106,2026-08-24,2026-08,22.42
C-0106,2026-08-25,2026-08,21.99
C-0106,2026-08-26,2026-08,23.32
C-0106,2026-08-27,2026-08,23.01
C-0106,2026-08-28,2026-08,22.98
C-0106,2026-08-29,2026-08,13.67
C-0106,2026-08-30,2026-08,13.77
C-0106,2026-08-31,2026-08,22.6
C-0107,2026-08-20,2026-08,56.24
C-0107,2026-08-21,2026-08,53.61
C-0107,2026-08-22,2026-08,31.48
C-0107,2026-08-23,2026-08,32.47
C-0107,2026-08-24,2026-08,52.12
C-0107,2026-08-25,2026-08,52.05
C-0107,2026-08-26,2026-08,55.11
C-0107,2026-08-27,2026-08,55.27
C-0107,2026-08-28,2026-08,51.77
C-0107,2026-08-29,2026-08,32.01
C-0107,2026-08-30,2026-08,32.57
C-0107,2026-08-31,2026-08,52.47
C-0108,2026-08-20,2026-08,40.68
C-0108,2026-08-21,2026-08,41.81
C-0108,2026-08-22,2026-08,24.36
C-0108,2026-08-23,2026-08,24.23
C-0108,2026-08-24,2026-08,40.88
C-0108,2026-08-25,2026-08,38.63
C-0108,2026-08-26,2026-08,40.16
C-0108,2026-08-27,2026-08,41.72
C-0108,2026-08-28,2026-08,39.53
C-0108,2026-08-29,2026-08,25.51
C-0108,2026-08-30,2026-08,24.01
C-0108,2026-08-31,2026-08,39.01
C-0109,2026-08-20,2026-08,58.67
C-0109,2026-08-21,2026-08,55.9
C-0109,2026-08-22,2026-08,32.83
C-0109,2026-08-23,2026-08,33.86
C-0109,2026-08-24,2026-08,53.87
C-0109,2026-08-25,2026-08,55.01
C-0109,2026-08-26,2026-08,56.72
C-0109,2026-08-27,2026-08,57.63
C-0109,2026-08-28,2026-08,56.81
C-0109,2026-08-29,2026-08,33.43
C-0109,2026-08-30,2026-08,33.17
C-0109,2026-08-31,2026-08,55.24
C-0110,2026-08-20,2026-08,9.48
C-0110,2026-08-21,2026-08,9.11
C-0110,2026-08-22,2026-08,5.4
C-0110,2026-08-23,2026-08,5.47
C-0110,2026-08-24,2026-08,9.08
C-0110,2026-08-25,2026-08,9.05
C-0110,2026-08-26,2026-08,8.89
C-0110,2026-08-27,2026-08,8.96
C-0110,2026-08-28,2026-08,8.87
C-0110,2026-08-29,2026-08,5.58
C-0110,2026-08-30,2026-08,5.61
C-0110,2026-08-31,2026-08,8.88
C-0111,2026-08-20,2026-08,5.98
C-0111,2026-08-21,2026-08,5.58
C-0111,2026-08-22,2026-08,3.47
C-0111,2026-08-23,2026-08,3.47
C-0111,2026-08-24,2026-08,5.54
C-0111,2026-08-25,2026-08,5.49
C-0111,2026-08-26,2026-08,5.6
C-0111,2026-08-27,2026-08,5.69
C-0111,2026-08-28,2026-08,5.67
C-0111,2026-08-29,2026-08,3.45
C-0111,2026-08-30,2026-08,3.35
C-0111,2026-08-31,2026-08,5.42
C-0112,2026-08-20,2026-08,23.81
C-0112,2026-08-21,2026-08,22.85
C-0112,2026-08-22,2026-08,13.42
C-0112,2026-08-23,2026-08,13.78
C-0112,2026-08-24,2026-08,22.32
C-0112,2026-08-25,2026-08,22.17
C-0112,2026-08-26,2026-08,22.63
C-0112,2026-08-27,2026-08,22.96
C-0112,2026-08-28,2026-08,21.96
C-0112,2026-08-29,2026-08,13.64
C-0112,2026-08-30,2026-08,13.37
C-0112,2026-08-31,2026-08,21.7
C-0113,2026-08-20,2026-08,5.81
C-0113,2026-08-21,2026-08,5.58
C-0113,2026-08-22,2026-08,3.44
C-0113,2026-08-23,2026-08,3.5
C-0113,2026-08-24,2026-08,5.68
C-0113,2026-08-25,2026-08,5.47
C-0113,2026-08-26,2026-08,5.85
C-0113,2026-08-27,2026-08,5.79
C-0113,2026-08-28,2026-08,5.75
C-0113,2026-08-29,2026-08,3.59
C-0113,2026-08-30,2026-08,3.3
C-0113,2026-08-31,2026-08,5.57
C-0114,2026-08-20,2026-08,47.08
C-0114,2026-08-21,2026-08,46.05
C-0114,2026-08-22,2026-08,27.83
C-0114,2026-08-23,2026-08,27.75
C-0114,2026-08-24,2026-08,44.79
C-0114,2026-08-25,2026-08,43.21
C-0114,2026-08-26,2026-08,46.93
C-0114,2026-08-27,2026-08,45.41
C-0114,2026-08-28,2026-08,44.95
C-0114,2026-08-29,2026-08,27.36
C-0114,2026-08-30,2026-08,26.6
C-0114,2026-08-31,2026-08,44.53
C-0115,2026-08-20,2026-08,5.88
C-0115,2026-08-21,2026-08,5.75
C-0115,2026-08-22,2026-08,3.52
C-0115,2026-08-23,2026-08,3.42
C-0115,2026-08-24,2026-08,5.47
C-0115,2026-08-25,2026-08,5.63
C-0115,2026-08-26,2026-08,5.88
C-0115,2026-08-27,2026-08,5.8
C-0115,2026-08-28,2026-08,5.54
C-0115,2026-08-29,2026-08,3.48
C-0115,2026-08-30,2026-08,3.49
C-0115,2026-08-31,2026-08,5.55
C-0116,2026-08-20,2026-08,20.8
C-0116,2026-08-21,2026-08,20.49
C-0116,2026-08-22,2026-08,12.26
C-0116,2026-08-23,2026-08,12.27
C-0116,2026-08-24,2026-08,20.2
C-0116,2026-08-25,2026-08,20.24
C-0116,2026-08-26,2026-08,20.32
C-0116,2026-08-27,2026-08,20.7
C-0116,2026-08-28,2026-08,19.7
C-0116,2026-08-29,2026-08,12.84
C-0116,2026-08-30,2026-08,12.35
C-0116,2026-08-31,2026-08,19.53
C-0117,2026-08-20,2026-08,37.55
C-0117,2026-08-21,2026-08,37.93
C-0117,2026-08-22,2026-08,23.13
C-0117,2026-08-23,2026-08,22.66
C-0117,2026-08-24,2026-08,37.76
C-0117,2026-08-25,2026-08,36.59
C-0117,2026-08-26,2026-08,37.83
C-0117,2026-08-27,2026-08,38.62
C-0117,2026-08-28,2026-08,36.21
C-0117,2026-08-29,2026-08,23.82
C-0117,2026-08-30,2026-08,22.53
C-0117,2026-08-31,2026-08,36.45
C-0118,2026-08-20,2026-08,56.66
C-0118,2026-08-21,2026-08,56.17
C-0118,2026-08-22,2026-08,33.46
C-0118,2026-08-23,2026-08,33.14
C-0118,2026-08-24,2026-08,54.6
C-0118,2026-08-25,2026-08,53.03
C-0118,2026-08-26,2026-08,54.45
C-0118,2026-08-27,2026-08,56.19
C-0118,2026-08-28,2026-08,53.77
C-0118,2026-08-29,2026-08,34.04
C-0118,2026-08-30,2026-08,33.59
C-0118,2026-08-31,2026-08,53.14
C-0119,2026-08-20,2026-08,48.65
C-0119,2026-08-21,2026-08,49.21
C-0119,2026-08-22,2026-08,29.37
C-0119,2026-08-23,2026-08,29.31
C-0119,2026-08-24,2026-08,47.17
C-0119,2026-08-25,2026-08,47.87
C-0119,2026-08-26,2026-08,50.02
C-0119,2026-08-27,2026-08,48.21
C-0119,2026-08-28,2026-08,48.79
C-0119,2026-08-29,2026-08,29.95
C-0119,2026-08-30,2026-08,29.24
C-0119,2026-08-31,2026-08,46.43
C-0120,2026-08-20,2026-08,21.21
C-0120,2026-08-21,2026-08,21.31
C-0120,2026-08-22,2026-08,12.37
C-0120,2026-08-23,2026-08,12.02
C-0120,2026-08-24,2026-08,20.55
C-0120,2026-08-25,2026-08,19.54
C-0120,2026-08-26,2026-08,20.33
C-0120,2026-08-27,2026-08,20.42
C-0120,2026-08-28,2026-08,20.35
C-0120,2026-08-29,2026-08,12.45
C-0120,2026-08-30,2026-08,12.4
C-0120,2026-08-31,2026-08,19.61
C-0121,2026-08-20,2026-08,43.17
C-0121,2026-08-21,2026-08,42.64
C-0121,2026-08-22,2026-08,25.91
C-0121,2026-08-23,2026-08,24.99
C-0121,2026-08-24,2026-08,40.45
C-0121,2026-08-25,2026-08,40.11
C-0121,2026-08-26,2026-08,41.59
C-0121,2026-08-27,2026-08,42.92
C-0121,2026-08-28,2026-08,41.47
C-0121,2026-08-29,2026-08,25.54
C-0121,2026-08-30,2026-08,25.43
C-0121,2026-08-31,2026-08,40.3
C-0122,2026-08-20,2026-08,22.3
C-0122,2026-08-21,2026-08,21.95
C-0122,2026-08-22,2026-08,12.95
C-0122,2026-08-23,2026-08,12.98
C-0122,2026-08-24,2026-08,20.9
C-0122,2026-08-25,2026-08,21.19
C-0122,2026-08-26,2026-08,21.59
C-0122,2026-08-27,2026-08,21.23
C-0122,2026-08-28,2026-08,21.35
C-0122,2026-08-29,2026-08,13.55
C-0122,2026-08-30,2026-08,12.6
C-0122,2026-08-31,2026-08,21.27
C-0123,2026-08-20,2026-08,44.51
C-0123,2026-08-21,2026-08,42.84
C-0123,2026-08-22,2026-08,26.05
C-0123,2026-08-23,2026-08,25.51
C-0123,2026-08-24,2026-08,41.2
C-0123,2026-08-25,2026-08,41.56
C-0123,2026-08-26,2026-08,44.54
C-0123,2026-08-27,2026-08,44.41
C-0123,2026-08-28,2026-08,42.86
C-0123,2026-08-29,2026-08,25.96
C-0123,2026-08-30,2026-08,25.1
C-0123,2026-08-31,2026-08,41.57
C-0124,2026-08-20,2026-08,56.98
C-0124,2026-08-21,2026-08,57.23
C-0124,2026-08-22,2026-08,34.34
C-0124,2026-08-23,2026-08,34.0
C-0124,2026-08-24,2026-08,56.21
C-0124,2026-08-25,2026-08,55.06
C-0124,2026-08-26,2026-08,57.49
C-0124,2026-08-27,2026-08,57.81
C-0124,2026-08-28,2026-08,56.83
C-0124,2026-08-29,2026-08,34.26
C-0124,2026-08-30,2026-08,34.42
C-0124,2026-08-31,2026-08,56.35
C-0125,2026-08-20,2026-08,15.04
C-0125,2026-08-21,2026-08,14.67
C-0125,2026-08-22,2026-08,9.19
C-0125,2026-08-23,2026-08,9.07
C-0125,2026-08-24,2026-08,14.48
C-0125,2026-08-25,2026-08,14.18
C-0125,2026-08-26,2026-08,15.04
C-0125,2026-08-27,2026-08,14.45
C-0125,2026-08-28,2026-08,14.76
C-0125,2026-08-29,2026-08,9.22
C-0125,2026-08-30,2026-08,8.7
C-0125,2026-08-31,2026-08,14.38
C-0126,2026-08-20,2026-08,36.04
C-0126,2026-08-21,2026-08,35.93
C-0126,2026-08-22,2026-08,21.78
C-0126,2026-08-23,2026-08,21.91
C-0126,2026-08-24,2026-08,35.11
C-0126,2026-08-25,2026-08,34.89
C-0126,2026-08-26,2026-08,35.06
C-0126,2026-08-27,2026-08,35.56
C-0126,2026-08-28,2026-08,34.72
C-0126,2026-08-29,2026-08,21.82
C-0126,2026-08-30,2026-08,21.62
C-0126,2026-08-31,2026-08,33.67
C-0127,2026-08-20,2026-08,29.37
C-0127,2026-08-21,2026-08,29.39
C-0127,2026-08-22,2026-08,17.58
C-0127,2026-08-23,2026-08,16.68
C-0127,2026-08-24,2026-08,28.61
C-0127,2026-08-25,2026-08,28.19
C-0127,2026-08-26,2026-08,28.35
C-0127,2026-08-27,2026-08,29.11
C-0127,2026-08-28,2026-08,28.87
C-0127,2026-08-29,2026-08,18.02
C-0127,2026-08-30,2026-08,17.11
C-0127,2026-08-31,2026-08,27.41
C-0128,2026-08-20,2026-08,36.62
C-0128,2026-08-21,2026-08,35.75
C-0128,2026-08-22,2026-08,21.28
C-0128,2026-08-23,2026-08,21.27
C-0128,2026-08-24,2026-08,34.26
C-0128,2026-08-25,2026-08,34.04
C-0128,2026-08-26,2026-08,35.63
C-0128,2026-08-27,2026-08,36.2
C-0128,2026-08-28,2026-08,35.82
C-0128,2026-08-29,2026-08,22.38
C-0128,2026-08-30,2026-08,21.41
C-0128,2026-08-31,2026-08,33.33
C-0129,2026-08-20,2026-08,34.01
C-0129,2026-08-21,2026-08,35.52
C-0129,2026-08-22,2026-08,20.2
C-0129,2026-08-23,2026-08,20.05
C-0129,2026-08-24,2026-08,33.02
C-0129,2026-08-25,2026-08,33.01
C-0129,2026-08-26,2026-08,33.29
C-0129,2026-08-27,2026-08,34.72
C-0129,2026-08-28,2026-08,33.38
C-0129,2026-08-29,2026-08,20.76
C-0129,2026-08-30,2026-08,20.8
C-0129,2026-08-31,2026-08,32.37
C-0130,2026-08-20,2026-08,48.52
C-0130,2026-08-21,2026-08,48.52
C-0130,2026-08-22,2026-08,29.12
C-0130,2026-08-23,2026-08,29.19
C-0130,2026-08-24,2026-08,46.38
C-0130,2026-08-25,2026-08,47.29
C-0130,2026-08-26,2026-08,46.58
C-0130,2026-08-27,2026-08,46.62
C-0130,2026-08-28,2026-08,48.47
C-0130,2026-08-29,2026-08,29.16
C-0130,2026-08-30,2026-08,28.81
C-0130,2026-08-31,2026-08,45.29
C-0131,2026-08-20,2026-08,14.7
C-0131,2026-08-21,2026-08,14.95
C-0131,2026-08-22,2026-08,8.91
C-0131,2026-08-23,2026-08,8.84
C-0131,2026-08-24,2026-08,14.65
C-0131,2026-08-25,2026-08,14.57
C-0131,2026-08-26,2026-08,14.9
C-0131,2026-08-27,2026-08,15.26
C-0131,2026-08-28,2026-08,14.21
C-0131,2026-08-29,2026-08,9.29
C-0131,2026-08-30,2026-08,9.05
C-0131,2026-08-31,2026-08,14.15
C-0132,2026-08-20,2026-08,9.34
C-0132,2026-08-21,2026-08,9.24
C-0132,2026-08-22,2026-08,5.38
C-0132,2026-08-23,2026-08,5.65
C-0132,2026-08-24,2026-08,9.11
C-0132,2026-08-25,2026-08,8.64
C-0132,2026-08-26,2026-08,9.12
C-0132,2026-08-27,2026-08,8.91
C-0132,2026-08-28,2026-08,8.86
C-0132,2026-08-29,2026-08,5.54
C-0132,2026-08-30,2026-08,5.42
C-0132,2026-08-31,2026-08,8.7
C-0133,2026-08-20,2026-08,54.49
C-0133,2026-08-21,2026-08,53.51
C-0133,2026-08-22,2026-08,31.58
C-0133,2026-08-23,2026-08,31.93
C-0133,2026-08-24,2026-08,52.03
C-0133,2026-08-25,2026-08,50.6
C-0133,2026-08-26,2026-08,54.24
C-0133,2026-08-27,2026-08,52.84
C-0133,2026-08-28,2026-08,53.09
C-0133,2026-08-29,2026-08,32.9
C-0133,2026-08-30,2026-08,32.86
C-0133,2026-08-31,2026-08,51.39
C-0134,2026-08-20,2026-08,12.5
C-0134,2026-08-21,2026-08,12.86
C-0134,2026-08-22,2026-08,7.37
C-0134,2026-08-23,2026-08,7.53
C-0134,2026-08-24,2026-08,11.92
C-0134,2026-08-25,2026-08,12.36
C-0134,2026-08-26,2026-08,12.23
C-0134,2026-08-27,2026-08,12.88
C-0134,2026-08-28,2026-08,12.71
C-0134,2026-08-29,2026-08,7.64
C-0134,2026-08-30,2026-08,7.61
C-0134,2026-08-31,2026-08,11.74
C-0135,2026-08-20,2026-08,59.61
C-0135,2026-08-21,2026-08,57.96
C-0135,2026-08-22,2026-08,35.18
C-0135,2026-08-23,2026-08,33.77
C-0135,2026-08-24,2026-08,57.0
C-0135,2026-08-25,2026-08,56.23
C-0135,2026-08-26,2026-08,57.59
C-0135,2026-08-27,2026-08,58.42
C-0135,2026-08-28,2026-08,54.75
C-0135,2026-08-29,2026-08,34.17
C-0135,2026-08-30,2026-08,33.53
C-0135,2026-08-31,2026-08,56.23
C-0136,2026-08-20,2026-08,37.26
C-0136,2026-08-21,2026-08,35.77
C-0136,2026-08-22,2026-08,22.17
C-0136,2026-08-23,2026-08,21.5
C-0136,2026-08-24,2026-08,35.65
C-0136,2026-08-25,2026-08,34.42
C-0136,2026-08-26,2026-08,36.85
C-0136,2026-08-27,2026-08,37.04
C-0136,2026-08-28,2026-08,36.8
C-0136,2026-08-29,2026-08,22.84
C-0136,2026-08-30,2026-08,21.87
C-0136,2026-08-31,2026-08,36.07
C-0137,2026-08-20,2026-08,36.19
C-0137,2026-08-21,2026-08,37.36
C-0137,2026-08-22,2026-08,22.09
C-0137,2026-08-23,2026-08,22.19
C-0137,2026-08-24,2026-08,35.8
C-0137,2026-08-25,2026-08,35.54
C-0137,2026-08-26,2026-08,36.62
C-0137,2026-08-27,2026-08,37.33
C-0137,2026-08-28,2026-08,35.31
C-0137,2026-08-29,2026-08,22.84
C-0137,2026-08-30,2026-08,21.3
C-0137,2026-08-31,2026-08,34.13
C-0138,2026-08-20,2026-08,49.77
C-0138,2026-08-21,2026-08,47.86
C-0138,2026-08-22,2026-08,28.98
C-0138,2026-08-23,2026-08,28.15
C-0138,2026-08-24,2026-08,46.61
C-0138,2026-08-25,2026-08,44.99
C-0138,2026-08-26,2026-08,46.83
C-0138,2026-08-27,2026-08,46.78
C-0138,2026-08-28,2026-08,48.31
C-0138,2026-08-29,2026-08,29.18
C-0138,2026-08-30,2026-08,29.42
C-0138,2026-08-31,2026-08,45.3
C-0139,2026-08-20,2026-08,24.21
C-0139,2026-08-21,2026-08,23.71
C-0139,2026-08-22,2026-08,14.63
C-0139,2026-08-23,2026-08,14.3
C-0139,2026-08-24,2026-08,23.23
C-0139,2026-08-25,2026-08,23.48
C-0139,2026-08-26,2026-08,24.66
C-0139,2026-08-27,2026-08,24.19
C-0139,2026-08-28,2026-08,23.83
C-0139,2026-08-29,2026-08,15.03
C-0139,2026-08-30,2026-08,14.71
C-0139,2026-08-31,2026-08,23.2
C-0140,2026-08-20,2026-08,10.72
C-0140,2026-08-21,2026-08,10.18
C-0140,2026-08-22,2026-08,6.21
C-0140,2026-08-23,2026-08,6.29
C-0140,2026-08-24,2026-08,9.82
C-0140,2026-08-25,2026-08,10.14
C-0140,2026-08-26,2026-08,10.38
C-0140,2026-08-27,2026-08,10.43
C-0140,2026-08-28,2026-08,10.16
C-0140,2026-08-29,2026-08,6.3
C-0140,2026-08-30,2026-08,6.24
C-0140,2026-08-31,2026-08,10.08
C-0141,2026-08-20,2026-08,18.9
C-0141,2026-08-21,2026-08,18.05
C-0141,2026-08-22,2026-08,11.14
C-0141,2026-08-23,2026-08,11.19
C-0141,2026-08-24,2026-08,18.07
C-0141,2026-08-25,2026-08,17.73
C-0141,2026-08-26,2026-08,17.95
C-0141,2026-08-27,2026-08,17.98
C-0141,2026-08-28,2026-08,18.06
C-0141,2026-08-29,2026-08,11.17
C-0141,2026-08-30,2026-08,10.87
C-0141,2026-08-31,2026-08,17.7
C-0142,2026-08-20,2026-08,44.08
C-0142,2026-08-21,2026-08,43.49
C-0142,2026-08-22,2026-08,24.72
C-0142,2026-08-23,2026-08,24.71
C-0142,2026-08-24,2026-08,40.26
C-0142,2026-08-25,2026-08,41.82
C-0142,2026-08-26,2026-08,41.52
C-0142,2026-08-27,2026-08,41.92
C-0142,2026-08-28,2026-08,40.68
C-0142,2026-08-29,2026-08,25.73
C-0142,2026-08-30,2026-08,25.73
C-0142,2026-08-31,2026-08,39.57
C-0143,2026-08-20,2026-08,33.48
C-0143,2026-08-21,2026-08,33.1
C-0143,2026-08-22,2026-08,19.46
C-0143,2026-08-23,2026-08,19.48
C-0143,2026-08-24,2026-08,31.92
C-0143,2026-08-25,2026-08,32.71
C-0143,2026-08-26,2026-08,33.75
C-0143,2026-08-27,2026-08,33.38
C-0143,2026-08-28,2026-08,33.24
C-0143,2026-08-29,2026-08,20.34
C-0143,2026-08-30,2026-08,19.18
C-0143,2026-08-31,2026-08,31.76
C-0144,2026-08-20,2026-08,57.85
C-0144,2026-08-21,2026-08,55.65
C-0144,2026-08-22,2026-08,34.65
C-0144,2026-08-23,2026-08,34.52
C-0144,2026-08-24,2026-08,55.13
C-0144,2026-08-25,2026-08,54.61
C-0144,2026-08-26,2026-08,56.92
C-0144,2026-08-27,2026-08,57.28
C-0144,2026-08-28,2026-08,54.63
C-0144,2026-08-29,2026-08,34.18
C-0144,2026-08-30,2026-08,34.01
C-0144,2026-08-31,2026-08,53.31
C-0145,2026-08-20,2026-08,9.25
C-0145,2026-08-21,2026-08,9.13
C-0145,2026-08-22,2026-08,5.65
C-0145,2026-08-23,2026-08,5.52
C-0145,2026-08-24,2026-08,9.12
C-0145,2026-08-25,2026-08,8.83
C-0145,2026-08-26,2026-08,9.36
C-0145,2026-08-27,2026-08,9.29
C-0145,2026-08-28,2026-08,9.17
C-0145,2026-08-29,2026-08,5.71
C-0145,2026-08-30,2026-08,5.49
C-0145,2026-08-31,2026-08,8.79
C-0146,2026-08-20,2026-08,14.89
C-0146,2026-08-21,2026-08,14.55
C-0146,2026-08-22,2026-08,14.56
C-0146,2026-08-23,2026-08,13.74
C-0146,2026-08-24,2026-08,14.4
C-0146,2026-08-25,2026-08,14.53
C-0146,2026-08-26,2026-08,14.35
C-0146,2026-08-27,2026-08,14.7
C-0146,2026-08-28,2026-08,14.05
C-0146,2026-08-29,2026-08,14.18
C-0146,2026-08-30,2026-08,13.78
C-0146,2026-08-31,2026-08,14.37
C-0147,2026-08-20,2026-08,6.68
C-0147,2026-08-21,2026-08,6.49
C-0147,2026-08-22,2026-08,6.38
C-0147,2026-08-23,2026-08,6.5
C-0147,2026-08-24,2026-08,6.34
C-0147,2026-08-25,2026-08,6.39
C-0147,2026-08-26,2026-08,6.56
C-0147,2026-08-27,2026-08,6.4
C-0147,2026-08-28,2026-08,6.38
C-0147,2026-08-29,2026-08,6.73
C-0147,2026-08-30,2026-08,6.31
C-0147,2026-08-31,2026-08,6.47
C-0148,2026-08-20,2026-08,23.51
C-0148,2026-08-21,2026-08,23.25
C-0148,2026-08-22,2026-08,23.9
C-0148,2026-08-23,2026-08,23.42
C-0148,2026-08-24,2026-08,23.78
C-0148,2026-08-25,2026-08,23.6
C-0148,2026-08-26,2026-08,24.25
C-0148,2026-08-27,2026-08,23.9
C-0148,2026-08-28,2026-08,22.81
C-0148,2026-08-29,2026-08,23.86
C-0148,2026-08-30,2026-08,23.28
C-0148,2026-08-31,2026-08,22.46
C-0149,2026-08-20,2026-08,37.69
C-0149,2026-08-21,2026-08,37.37
C-0149,2026-08-22,2026-08,36.64
C-0149,2026-08-23,2026-08,35.68
C-0149,2026-08-24,2026-08,36.78
C-0149,2026-08-25,2026-08,35.17
C-0149,2026-08-26,2026-08,37.6
C-0149,2026-08-27,2026-08,36.31
C-0149,2026-08-28,2026-08,35.73
C-0149,2026-08-29,2026-08,35.74
C-0149,2026-08-30,2026-08,36.13
C-0149,2026-08-31,2026-08,35.57
C-0150,2026-08-20,2026-08,16.32
C-0150,2026-08-21,2026-08,15.84
C-0150,2026-08-22,2026-08,15.4
C-0150,2026-08-23,2026-08,15.0
C-0150,2026-08-24,2026-08,15.56
C-0150,2026-08-25,2026-08,15.6
C-0150,2026-08-26,2026-08,16.13
C-0150,2026-08-27,2026-08,15.54
C-0150,2026-08-28,2026-08,15.28
C-0150,2026-08-29,2026-08,15.97
C-0150,2026-08-30,2026-08,15.1
C-0150,2026-08-31,2026-08,15.05
C-0151,2026-08-20,2026-08,42.63
C-0151,2026-08-21,2026-08,42.66
C-0151,2026-08-22,2026-08,41.11
C-0151,2026-08-23,2026-08,41.67
C-0151,2026-08-24,2026-08,41.13
C-0151,2026-08-25,2026-08,41.41
C-0151,2026-08-26,2026-08,41.46
C-0151,2026-08-27,2026-08,43.14
C-0151,2026-08-28,2026-08,42.26
C-0151,2026-08-29,2026-08,41.45
C-0151,2026-08-30,2026-08,39.9
C-0151,2026-08-31,2026-08,41.39
C-0152,2026-08-20,2026-08,40.43
C-0152,2026-08-21,2026-08,40.11
C-0152,2026-08-22,2026-08,38.78
C-0152,2026-08-23,2026-08,40.83
C-0152,2026-08-24,2026-08,41.11
C-0152,2026-08-25,2026-08,38.9
C-0152,2026-08-26,2026-08,41.3
C-0152,2026-08-27,2026-08,40.64
C-0152,2026-08-28,2026-08,39.63
C-0152,2026-08-29,2026-08,40.63
C-0152,2026-08-30,2026-08,39.02
C-0152,2026-08-31,2026-08,39.37
C-0153,2026-08-20,2026-08,13.39
C-0153,2026-08-21,2026-08,13.61
C-0153,2026-08-22,2026-08,13.23
C-0153,2026-08-23,2026-08,12.82
C-0153,2026-08-24,2026-08,13.14
C-0153,2026-08-25,2026-08,12.51
C-0153,2026-08-26,2026-08,13.39
C-0153,2026-08-27,2026-08,13.11
C-0153,2026-08-28,2026-08,12.89
C-0153,2026-08-29,2026-08,12.73
C-0153,2026-08-30,2026-08,12.45
C-0153,2026-08-31,2026-08,12.64
C-0154,2026-08-20,2026-08,17.69
C-0154,2026-08-21,2026-08,17.48
C-0154,2026-08-22,2026-08,16.35
C-0154,2026-08-23,2026-08,16.86
C-0154,2026-08-24,2026-08,17.14
C-0154,2026-08-25,2026-08,16.97
C-0154,2026-08-26,2026-08,17.31
C-0154,2026-08-27,2026-08,17.13
C-0154,2026-08-28,2026-08,16.61
C-0154,2026-08-29,2026-08,17.34
C-0154,2026-08-30,2026-08,16.2
C-0154,2026-08-31,2026-08,16.96
C-0155,2026-08-20,2026-08,43.93
C-0155,2026-08-21,2026-08,41.4
C-0155,2026-08-22,2026-08,41.01
C-0155,2026-08-23,2026-08,41.3
C-0155,2026-08-24,2026-08,42.37
C-0155,2026-08-25,2026-08,39.97
C-0155,2026-08-26,2026-08,42.64
C-0155,2026-08-27,2026-08,41.07
C-0155,2026-08-28,2026-08,41.45
C-0155,2026-08-29,2026-08,42.79
C-0155,2026-08-30,2026-08,39.92
C-0155,2026-08-31,2026-08,41.38
C-0156,2026-08-20,2026-08,48.6
C-0156,2026-08-21,2026-08,48.56
C-0156,2026-08-22,2026-08,46.24
C-0156,2026-08-23,2026-08,46.92
C-0156,2026-08-24,2026-08,45.15
C-0156,2026-08-25,2026-08,44.82
C-0156,2026-08-26,2026-08,47.3
C-0156,2026-08-27,2026-08,46.05
C-0156,2026-08-28,2026-08,46.53
C-0156,2026-08-29,2026-08,46.54
C-0156,2026-08-30,2026-08,45.62
C-0156,2026-08-31,2026-08,45.64
C-0157,2026-08-20,2026-08,54.36
C-0157,2026-08-21,2026-08,51.74
C-0157,2026-08-22,2026-08,50.41
C-0157,2026-08-23,2026-08,50.06
C-0157,2026-08-24,2026-08,52.15
C-0157,2026-08-25,2026-08,49.91
C-0157,2026-08-26,2026-08,51.5
C-0157,2026-08-27,2026-08,54.04
C-0157,2026-08-28,2026-08,50.58
C-0157,2026-08-29,2026-08,52.6
C-0157,2026-08-30,2026-08,51.05
C-0157,2026-08-31,2026-08,50.08
C-0158,2026-08-20,2026-08,23.94
C-0158,2026-08-21,2026-08,23.6
C-0158,2026-08-22,2026-08,23.24
C-0158,2026-08-23,2026-08,22.64
C-0158,2026-08-24,2026-08,23.13
C-0158,2026-08-25,2026-08,23.45
C-0158,2026-08-26,2026-08,23.97
C-0158,2026-08-27,2026-08,23.23
C-0158,2026-08-28,2026-08,24.11
C-0158,2026-08-29,2026-08,23.25
C-0158,2026-08-30,2026-08,23.22
C-0158,2026-08-31,2026-08,23.33
C-0159,2026-08-20,2026-08,41.94
C-0159,2026-08-21,2026-08,41.34
C-0159,2026-08-22,2026-08,39.81
C-0159,2026-08-23,2026-08,38.98
C-0159,2026-08-24,2026-08,40.89
C-0159,2026-08-25,2026-08,40.17
C-0159,2026-08-26,2026-08,39.99
C-0159,2026-08-27,2026-08,39.64
C-0159,2026-08-28,2026-08,40.26
C-0159,2026-08-29,2026-08,41.58
C-0159,2026-08-30,2026-08,39.23
C-0159,2026-08-31,2026-08,39.05
C-0160,2026-08-20,2026-08,22.19
C-0160,2026-08-21,2026-08,21.93
C-0160,2026-08-22,2026-08,21.34
C-0160,2026-08-23,2026-08,21.37
C-0160,2026-08-24,2026-08,22.04
C-0160,2026-08-25,2026-08,21.44
C-0160,2026-08-26,2026-08,22.4
C-0160,2026-08-27,2026-08,22.27
C-0160,2026-08-28,2026-08,22.74
C-0160,2026-08-29,2026-08,21.85
C-0160,2026-08-30,2026-08,21.86
C-0160,2026-08-31,2026-08,21.91
C-0161,2026-08-20,2026-08,32.62
C-0161,2026-08-21,2026-08,33.41
C-0161,2026-08-22,2026-08,32.01
C-0161,2026-08-23,2026-08,31.52
C-0161,2026-08-24,2026-08,32.02
C-0161,2026-08-25,2026-08,32.73
C-0161,2026-08-26,2026-08,33.01
C-0161,2026-08-27,2026-08,32.02
C-0161,2026-08-28,2026-08,32.28
C-0161,2026-08-29,2026-08,32.27
C-0161,2026-08-30,2026-08,31.9
C-0161,2026-08-31,2026-08,31.38
C-0162,2026-08-20,2026-08,53.24
C-0162,2026-08-21,2026-08,50.77
C-0162,2026-08-22,2026-08,50.24
C-0162,2026-08-23,2026-08,49.54
C-0162,2026-08-24,2026-08,49.04
C-0162,2026-08-25,2026-08,51.13
C-0162,2026-08-26,2026-08,52.22
C-0162,2026-08-27,2026-08,52.29
C-0162,2026-08-28,2026-08,50.51
C-0162,2026-08-29,2026-08,50.15
C-0162,2026-08-30,2026-08,48.44
C-0162,2026-08-31,2026-08,50.5
C-0163,2026-08-20,2026-08,31.26
C-0163,2026-08-21,2026-08,31.14
C-0163,2026-08-22,2026-08,30.2
C-0163,2026-08-23,2026-08,28.92
C-0163,2026-08-24,2026-08,30.35
C-0163,2026-08-25,2026-08,28.98
C-0163,2026-08-26,2026-08,30.06
C-0163,2026-08-27,2026-08,31.03
C-0163,2026-08-28,2026-08,30.58
C-0163,2026-08-29,2026-08,30.72
C-0163,2026-08-30,2026-08,30.15
C-0163,2026-08-31,2026-08,29.88
C-0164,2026-08-20,2026-08,34.39
C-0164,2026-08-21,2026-08,34.56
C-0164,2026-08-22,2026-08,34.31
C-0164,2026-08-23,2026-08,32.8
C-0164,2026-08-24,2026-08,33.99
C-0164,2026-08-25,2026-08,33.92
C-0164,2026-08-26,2026-08,34.52
C-0164,2026-08-27,2026-08,34.08
C-0164,2026-08-28,2026-08,33.87
C-0164,2026-08-29,2026-08,34.38
C-0164,2026-08-30,2026-08,34.08
C-0164,2026-08-31,2026-08,32.5
C-0165,2026-08-20,2026-08,44.3
C-0165,2026-08-21,2026-08,45.8
C-0165,2026-08-22,2026-08,43.38
C-0165,2026-08-23,2026-08,43.81
C-0165,2026-08-24,2026-08,43.89
C-0165,2026-08-25,2026-08,44.72
C-0165,2026-08-26,2026-08,45.49
C-0165,2026-08-27,2026-08,44.8
C-0165,2026-08-28,2026-08,43.8
C-0165,2026-08-29,2026-08,43.68
C-0165,2026-08-30,2026-08,42.73
C-0165,2026-08-31,2026-08,44.58
C-0166,2026-08-20,2026-08,16.07
C-0166,2026-08-21,2026-08,15.79
C-0166,2026-08-22,2026-08,15.55
C-0166,2026-08-23,2026-08,15.81
C-0166,2026-08-24,2026-08,15.59
C-0166,2026-08-25,2026-08,15.38
C-0166,2026-08-26,2026-08,16.12
C-0166,2026-08-27,2026-08,15.88
C-0166,2026-08-28,2026-08,15.8
C-0166,2026-08-29,2026-08,15.4
C-0166,2026-08-30,2026-08,15.37
C-0166,2026-08-31,2026-08,15.21
C-0167,2026-08-20,2026-08,21.87
C-0167,2026-08-21,2026-08,21.17
C-0167,2026-08-22,2026-08,20.56
C-0167,2026-08-23,2026-08,19.99
C-0167,2026-08-24,2026-08,20.74
C-0167,2026-08-25,2026-08,20.19
C-0167,2026-08-26,2026-08,20.59
C-0167,2026-08-27,2026-08,21.51
C-0167,2026-08-28,2026-08,20.96
C-0167,2026-08-29,2026-08,21.01
C-0167,2026-08-30,2026-08,19.93
C-0167,2026-08-31,2026-08,20.13
C-0168,2026-08-20,2026-08,32.62
C-0168,2026-08-21,2026-08,33.58
C-0168,2026-08-22,2026-08,32.91
C-0168,2026-08-23,2026-08,32.97
C-0168,2026-08-24,2026-08,31.6
C-0168,2026-08-25,2026-08,31.65
C-0168,2026-08-26,2026-08,32.58
C-0168,2026-08-27,2026-08,33.59
C-0168,2026-08-28,2026-08,32.03
C-0168,2026-08-29,2026-08,32.03
C-0168,2026-08-30,2026-08,32.46
C-0168,2026-08-31,2026-08,31.59
C-0169,2026-08-20,2026-08,28.77
C-0169,2026-08-21,2026-08,29.12
C-0169,2026-08-22,2026-08,28.33
C-0169,2026-08-23,2026-08,28.68
C-0169,2026-08-24,2026-08,28.69
C-0169,2026-08-25,2026-08,28.75
C-0169,2026-08-26,2026-08,28.23
C-0169,2026-08-27,2026-08,28.41
C-0169,2026-08-28,2026-08,28.73
C-0169,2026-08-29,2026-08,28.84
C-0169,2026-08-30,2026-08,27.54
C-0169,2026-08-31,2026-08,27.62
C-0170,2026-08-20,2026-08,48.94
C-0170,2026-08-21,2026-08,46.69
C-0170,2026-08-22,2026-08,45.11
C-0170,2026-08-23,2026-08,46.14
C-0170,2026-08-24,2026-08,45.5
C-0170,2026-08-25,2026-08,45.58
C-0170,2026-08-26,2026-08,48.14
C-0170,2026-08-27,2026-08,47.99
C-0170,2026-08-28,2026-08,46.18
C-0170,2026-08-29,2026-08,47.75
C-0170,2026-08-30,2026-08,45.32
C-0170,2026-08-31,2026-08,46.37
C-0171,2026-08-20,2026-08,9.54
C-0171,2026-08-21,2026-08,9.0
C-0171,2026-08-22,2026-08,9.05
C-0171,2026-08-23,2026-08,8.92
C-0171,2026-08-24,2026-08,8.86
C-0171,2026-08-25,2026-08,8.85
C-0171,2026-08-26,2026-08,9.09
C-0171,2026-08-27,2026-08,9.2
C-0171,2026-08-28,2026-08,8.91
C-0171,2026-08-29,2026-08,9.06
C-0171,2026-08-30,2026-08,8.88
C-0171,2026-08-31,2026-08,8.86
C-0172,2026-08-20,2026-08,28.1
C-0172,2026-08-21,2026-08,27.23
C-0172,2026-08-22,2026-08,26.5
C-0172,2026-08-23,2026-08,27.02
C-0172,2026-08-24,2026-08,27.85
C-0172,2026-08-25,2026-08,27.2
C-0172,2026-08-26,2026-08,28.09
C-0172,2026-08-27,2026-08,27.7
C-0172,2026-08-28,2026-08,28.16
C-0172,2026-08-29,2026-08,27.71
C-0172,2026-08-30,2026-08,26.11
C-0172,2026-08-31,2026-08,27.29
C-0173,2026-08-20,2026-08,49.11
C-0173,2026-08-21,2026-08,49.86
C-0173,2026-08-22,2026-08,46.62
C-0173,2026-08-23,2026-08,48.92
C-0173,2026-08-24,2026-08,47.07
C-0173,2026-08-25,2026-08,48.59
C-0173,2026-08-26,2026-08,47.45
C-0173,2026-08-27,2026-08,49.22
C-0173,2026-08-28,2026-08,46.85
C-0173,2026-08-29,2026-08,47.35
C-0173,2026-08-30,2026-08,46.38
C-0173,2026-08-31,2026-08,48.3
C-0174,2026-08-20,2026-08,36.63
C-0174,2026-08-21,2026-08,34.99
C-0174,2026-08-22,2026-08,33.86
C-0174,2026-08-23,2026-08,34.09
C-0174,2026-08-24,2026-08,34.3
C-0174,2026-08-25,2026-08,35.57
C-0174,2026-08-26,2026-08,36.54
C-0174,2026-08-27,2026-08,36.19
C-0174,2026-08-28,2026-08,35.63
C-0174,2026-08-29,2026-08,34.38
C-0174,2026-08-30,2026-08,34.4
C-0174,2026-08-31,2026-08,34.71
C-0175,2026-08-20,2026-08,23.1
C-0175,2026-08-21,2026-08,22.05
C-0175,2026-08-22,2026-08,21.27
C-0175,2026-08-23,2026-08,22.09
C-0175,2026-08-24,2026-08,22.01
C-0175,2026-08-25,2026-08,22.04
C-0175,2026-08-26,2026-08,22.41
C-0175,2026-08-27,2026-08,22.73
C-0175,2026-08-28,2026-08,22.14
C-0175,2026-08-29,2026-08,22.12
C-0175,2026-08-30,2026-08,21.24
C-0175,2026-08-31,2026-08,21.91
C-0176,2026-08-20,2026-08,36.79
C-0176,2026-08-21,2026-08,36.4
C-0176,2026-08-22,2026-08,34.63
C-0176,2026-08-23,2026-08,34.39
C-0176,2026-08-24,2026-08,35.68
C-0176,2026-08-25,2026-08,35.12
C-0176,2026-08-26,2026-08,35.73
C-0176,2026-08-27,2026-08,36.55
C-0176,2026-08-28,2026-08,35.89
C-0176,2026-08-29,2026-08,34.8
C-0176,2026-08-30,2026-08,33.62
C-0176,2026-08-31,2026-08,34.29
C-0177,2026-08-20,2026-08,52.21
C-0177,2026-08-21,2026-08,51.53
C-0177,2026-08-22,2026-08,50.15
C-0177,2026-08-23,2026-08,52.02
C-0177,2026-08-24,2026-08,51.53
C-0177,2026-08-25,2026-08,52.8
C-0177,2026-08-26,2026-08,53.24
C-0177,2026-08-27,2026-08,51.64
C-0177,2026-08-28,2026-08,51.39
C-0177,2026-08-29,2026-08,53.04
C-0177,2026-08-30,2026-08,50.74
C-0177,2026-08-31,2026-08,52.55
C-0178,2026-08-20,2026-08,28.86
C-0178,2026-08-21,2026-08,27.85
C-0178,2026-08-22,2026-08,27.86
C-0178,2026-08-23,2026-08,26.78
C-0178,2026-08-24,2026-08,27.61
C-0178,2026-08-25,2026-08,27.04
C-0178,2026-08-26,2026-08,27.21
C-0178,2026-08-27,2026-08,27.81
C-0178,2026-08-28,2026-08,27.81
C-0178,2026-08-29,2026-08,27.14
C-0178,2026-08-30,2026-08,26.62
C-0178,2026-08-31,2026-08,26.74
C-0179,2026-08-20,2026-08,25.95
C-0179,2026-08-21,2026-08,25.16
C-0179,2026-08-22,2026-08,24.16
C-0179,2026-08-23,2026-08,23.99
C-0179,2026-08-24,2026-08,24.45
C-0179,2026-08-25,2026-08,23.72
C-0179,2026-08-26,2026-08,24.46
C-0179,2026-08-27,2026-08,24.8
C-0179,2026-08-28,2026-08,24.77
C-0179,2026-08-29,2026-08,24.97
C-0179,2026-08-30,2026-08,24.78
C-0179,2026-08-31,2026-08,23.83
C-0180,2026-08-20,2026-08,21.21
C-0180,2026-08-21,2026-08,20.91
C-0180,2026-08-22,2026-08,20.11
C-0180,2026-08-23,2026-08,21.14
C-0180,2026-08-24,2026-08,20.2
C-0180,2026-08-25,2026-08,20.94
C-0180,2026-08-26,2026-08,21.17
C-0180,2026-08-27,2026-08,20.59
C-0180,2026-08-28,2026-08,20.51
C-0180,2026-08-29,2026-08,21.49
C-0180,2026-08-30,2026-08,20.44
C-0180,2026-08-31,2026-08,20.08
C-0181,2026-08-20,2026-08,43.8
C-0181,2026-08-21,2026-08,43.31
C-0181,2026-08-22,2026-08,41.5
C-0181,2026-08-23,2026-08,42.12
C-0181,2026-08-24,2026-08,41.41
C-0181,2026-08-25,2026-08,41.76
C-0181,2026-08-26,2026-08,42.41
C-0181,2026-08-27,2026-08,41.49
C-0181,2026-08-28,2026-08,41.07
C-0181,2026-08-29,2026-08,41.4
C-0181,2026-08-30,2026-08,40.97
C-0181,2026-08-31,2026-08,40.02
C-0182,2026-08-20,2026-08,22.35
C-0182,2026-08-21,2026-08,22.96
C-0182,2026-08-22,2026-08,21.29
C-0182,2026-08-23,2026-08,21.58
C-0182,2026-08-24,2026-08,22.01
C-0182,2026-08-25,2026-08,21.6
C-0182,2026-08-26,2026-08,22.35
C-0182,2026-08-27,2026-08,22.51
C-0182,2026-08-28,2026-08,21.59
C-0182,2026-08-29,2026-08,21.85
C-0182,2026-08-30,2026-08,21.75
C-0182,2026-08-31,2026-08,21.25
C-0183,2026-08-20,2026-08,34.5
C-0183,2026-08-21,2026-08,34.15
C-0183,2026-08-22,2026-08,33.52
C-0183,2026-08-23,2026-08,33.06
C-0183,2026-08-24,2026-08,33.57
C-0183,2026-08-25,2026-08,32.48
C-0183,2026-08-26,2026-08,34.87
C-0183,2026-08-27,2026-08,33.64
C-0183,2026-08-28,2026-08,34.7
C-0183,2026-08-29,2026-08,33.22
C-0183,2026-08-30,2026-08,34.21
C-0183,2026-08-31,2026-08,33.97
C-0184,2026-08-20,2026-08,35.66
C-0184,2026-08-21,2026-08,33.43
C-0184,2026-08-22,2026-08,33.73
C-0184,2026-08-23,2026-08,33.27
C-0184,2026-08-24,2026-08,32.75
C-0184,2026-08-25,2026-08,33.11
C-0184,2026-08-26,2026-08,33.69
C-0184,2026-08-27,2026-08,34.09
C-0184,2026-08-28,2026-08,33.85
C-0184,2026-08-29,2026-08,34.52
C-0184,2026-08-30,2026-08,33.45
C-0184,2026-08-31,2026-08,33.68
C-0185,2026-08-20,2026-08,48.37
C-0185,2026-08-21,2026-08,46.32
C-0185,2026-08-22,2026-08,46.13
C-0185,2026-08-23,2026-08,47.66
C-0185,2026-08-24,2026-08,45.95
C-0185,2026-08-25,2026-08,44.9
C-0185,2026-08-26,2026-08,48.82
C-0185,2026-08-27,2026-08,46.44
C-0185,2026-08-28,2026-08,48.28
C-0185,2026-08-29,2026-08,47.07
C-0185,2026-08-30,2026-08,45.18
C-0185,2026-08-31,2026-08,46.97
C-0186,2026-08-20,2026-08,85.83
C-0186,2026-08-21,2026-08,82.03
C-0186,2026-08-22,2026-08,80.2
C-0186,2026-08-23,2026-08,80.21
C-0186,2026-08-24,2026-08,83.4
C-0186,2026-08-25,2026-08,81.89
C-0186,2026-08-26,2026-08,82.57
C-0186,2026-08-27,2026-08,81.86
C-0186,2026-08-28,2026-08,83.32
C-0186,2026-08-29,2026-08,81.7
C-0186,2026-08-30,2026-08,79.61
C-0186,2026-08-31,2026-08,81.69
C-0187,2026-08-20,2026-08,40.89
C-0187,2026-08-21,2026-08,39.86
C-0187,2026-08-22,2026-08,38.59
C-0187,2026-08-23,2026-08,40.38
C-0187,2026-08-24,2026-08,38.61
C-0187,2026-08-25,2026-08,40.23
C-0187,2026-08-26,2026-08,40.18
C-0187,2026-08-27,2026-08,40.65
C-0187,2026-08-28,2026-08,39.89
C-0187,2026-08-29,2026-08,39.21
C-0187,2026-08-30,2026-08,38.31
C-0187,2026-08-31,2026-08,40.01
C-0188,2026-08-20,2026-08,73.01
C-0188,2026-08-21,2026-08,73.59
C-0188,2026-08-22,2026-08,73.65
C-0188,2026-08-23,2026-08,71.66
C-0188,2026-08-24,2026-08,73.41
C-0188,2026-08-25,2026-08,70.46
C-0188,2026-08-26,2026-08,71.58
C-0188,2026-08-27,2026-08,71.12
C-0188,2026-08-28,2026-08,73.4
C-0188,2026-08-29,2026-08,73.73
C-0188,2026-08-30,2026-08,70.17
C-0188,2026-08-31,2026-08,70.52
C-0189,2026-08-20,2026-08,71.69
C-0189,2026-08-21,2026-08,72.58
C-0189,2026-08-22,2026-08,68.98
C-0189,2026-08-23,2026-08,70.45
C-0189,2026-08-24,2026-08,70.87
C-0189,2026-08-25,2026-08,70.25
C-0189,2026-08-26,2026-08,70.91
C-0189,2026-08-27,2026-08,71.46
C-0189,2026-08-28,2026-08,71.06
C-0189,2026-08-29,2026-08,71.59
C-0189,2026-08-30,2026-08,68.27
C-0189,2026-08-31,2026-08,69.98
C-0190,2026-08-20,2026-08,28.67
C-0190,2026-08-21,2026-08,27.92
C-0190,2026-08-22,2026-08,27.06
C-0190,2026-08-23,2026-08,27.65
C-0190,2026-08-24,2026-08,28.02
C-0190,2026-08-25,2026-08,27.28
C-0190,2026-08-26,2026-08,28.49
C-0190,2026-08-27,2026-08,27.66
C-0190,2026-08-28,2026-08,28.55
C-0190,2026-08-29,2026-08,27.6
C-0190,2026-08-30,2026-08,27.44
C-0190,2026-08-31,2026-08,27.33
C-0191,2026-08-20,2026-08,32.08
C-0191,2026-08-21,2026-08,31.54
C-0191,2026-08-22,2026-08,30.01
C-0191,2026-08-23,2026-08,31.58
C-0191,2026-08-24,2026-08,29.97
C-0191,2026-08-25,2026-08,31.63
C-0191,2026-08-26,2026-08,31.34
C-0191,2026-08-27,2026-08,31.94
C-0191,2026-08-28,2026-08,30.28
C-0191,2026-08-29,2026-08,32.05
C-0191,2026-08-30,2026-08,30.25
C-0191,2026-08-31,2026-08,30.86
C-0192,2026-08-20,2026-08,83.68
C-0192,2026-08-21,2026-08,82.7
C-0192,2026-08-22,2026-08,78.59
C-0192,2026-08-23,2026-08,81.49
C-0192,2026-08-24,2026-08,79.54
C-0192,2026-08-25,2026-08,80.93
C-0192,2026-08-26,2026-08,79.57
C-0192,2026-08-27,2026-08,78.65
C-0192,2026-08-28,2026-08,79.43
C-0192,2026-08-29,2026-08,81.67
C-0192,2026-08-30,2026-08,77.18
C-0192,2026-08-31,2026-08,80.49
C-0193,2026-08-20,2026-08,55.38
C-0193,2026-08-21,2026-08,55.12
C-0193,2026-08-22,2026-08,54.56
C-0193,2026-08-23,2026-08,55.82
C-0193,2026-08-24,2026-08,54.4
C-0193,2026-08-25,2026-08,53.31
C-0193,2026-08-26,2026-08,56.65
C-0193,2026-08-27,2026-08,56.8
C-0193,2026-08-28,2026-08,53.78
C-0193,2026-08-29,2026-08,56.32
C-0193,2026-08-30,2026-08,54.53
C-0193,2026-08-31,2026-08,54.9
C-0194,2026-08-20,2026-08,44.39
C-0194,2026-08-21,2026-08,43.9
C-0194,2026-08-22,2026-08,44.5
C-0194,2026-08-23,2026-08,45.08
C-0194,2026-08-24,2026-08,43.11
C-0194,2026-08-25,2026-08,44.33
C-0194,2026-08-26,2026-08,44.13
C-0194,2026-08-27,2026-08,44.96
C-0194,2026-08-28,2026-08,44.25
C-0194,2026-08-29,2026-08,45.81
C-0194,2026-08-30,2026-08,45.05
C-0194,2026-08-31,2026-08,44.08
C-0195,2026-08-20,2026-08,44.78
C-0195,2026-08-21,2026-08,42.94
C-0195,2026-08-22,2026-08,43.19
C-0195,2026-08-23,2026-08,42.64
C-0195,2026-08-24,2026-08,43.63
C-0195,2026-08-25,2026-08,41.9
C-0195,2026-08-26,2026-08,43.57
C-0195,2026-08-27,2026-08,42.95
C-0195,2026-08-28,2026-08,41.84
C-0195,2026-08-29,2026-08,43.92
C-0195,2026-08-30,2026-08,41.73
C-0195,2026-08-31,2026-08,42.53
C-0196,2026-08-20,2026-08,24.82
C-0196,2026-08-21,2026-08,24.31
C-0196,2026-08-22,2026-08,23.14
C-0196,2026-08-23,2026-08,23.7
C-0196,2026-08-24,2026-08,23.97
C-0196,2026-08-25,2026-08,23.75
C-0196,2026-08-26,2026-08,23.48
C-0196,2026-08-27,2026-08,24.01
C-0196,2026-08-28,2026-08,23.94
C-0196,2026-08-29,2026-08,23.06
C-0196,2026-08-30,2026-08,22.8
C-0196,2026-08-31,2026-08,22.91
C-0197,2026-08-20,2026-08,70.4
C-0197,2026-08-21,2026-08,67.53
C-0197,2026-08-22,2026-08,68.02
C-0197,2026-08-23,2026-08,69.22
C-0197,2026-08-24,2026-08,68.63
C-0197,2026-08-25,2026-08,68.78
C-0197,2026-08-26,2026-08,69.32
C-0197,2026-08-27,2026-08,67.27
C-0197,2026-08-28,2026-08,66.4
C-0197,2026-08-29,2026-08,68.63
C-0197,2026-08-30,2026-08,67.33
C-0197,2026-08-31,2026-08,66.12
C-0198,2026-08-20,2026-08,88.29
C-0198,2026-08-21,2026-08,83.0
C-0198,2026-08-22,2026-08,84.99
C-0198,2026-08-23,2026-08,81.95
C-0198,2026-08-24,2026-08,83.2
C-0198,2026-08-25,2026-08,83.4
C-0198,2026-08-26,2026-08,84.97
C-0198,2026-08-27,2026-08,83.26
C-0198,2026-08-28,2026-08,82.51
C-0198,2026-08-29,2026-08,83.85
C-0198,2026-08-30,2026-08,82.06
C-0198,2026-08-31,2026-08,84.55
C-0199,2026-08-20,2026-08,63.54
C-0199,2026-08-21,2026-08,64.2
C-0199,2026-08-22,2026-08,63.09
C-0199,2026-08-23,2026-08,63.08
C-0199,2026-08-24,2026-08,61.52
C-0199,2026-08-25,2026-08,60.58
C-0199,2026-08-26,2026-08,62.02
C-0199,2026-08-27,2026-08,61.23
C-0199,2026-08-28,2026-08,60.52
C-0199,2026-08-29,2026-08,60.67
C-0199,2026-08-30,2026-08,61.36
C-0199,2026-08-31,2026-08,61.74
C-0200,2026-08-20,2026-08,29.12
C-0200,2026-08-21,2026-08,28.7
C-0200,2026-08-22,2026-08,28.46
C-0200,2026-08-23,2026-08,28.3
C-0200,2026-08-24,2026-08,28.02
C-0200,2026-08-25,2026-08,27.57
C-0200,2026-08-26,2026-08,27.79
C-0200,2026-08-27,2026-08,27.71
C-0200,2026-08-28,2026-08,28.12
C-0200,2026-08-29,2026-08,28.44
C-0200,2026-08-30,2026-08,28.16
C-0200,2026-08-31,2026-08,27.44
C-0201,2026-08-20,2026-08,32.1
C-0201,2026-08-21,2026-08,30.55
C-0201,2026-08-22,2026-08,31.23
C-0201,2026-08-23,2026-08,31.04
C-0201,2026-08-24,2026-08,31.13
C-0201,2026-08-25,2026-08,30.5
C-0201,2026-08-26,2026-08,31.75
C-0201,2026-08-27,2026-08,30.52
C-0201,2026-08-28,2026-08,30.26
C-0201,2026-08-29,2026-08,31.08
C-0201,2026-08-30,2026-08,31.07
C-0201,2026-08-31,2026-08,31.24
C-0202,2026-08-20,2026-08,51.02
C-0202,2026-08-21,2026-08,52.29
C-0202,2026-08-22,2026-08,50.66
C-0202,2026-08-23,2026-08,48.45
C-0202,2026-08-24,2026-08,50.43
C-0202,2026-08-25,2026-08,50.62
C-0202,2026-08-26,2026-08,51.52
C-0202,2026-08-27,2026-08,51.97
C-0202,2026-08-28,2026-08,49.79
C-0202,2026-08-29,2026-08,49.4
C-0202,2026-08-30,2026-08,49.19
C-0202,2026-08-31,2026-08,50.73
C-0203,2026-08-20,2026-08,63.45
C-0203,2026-08-21,2026-08,61.85
C-0203,2026-08-22,2026-08,60.49
C-0203,2026-08-23,2026-08,58.94
C-0203,2026-08-24,2026-08,61.29
C-0203,2026-08-25,2026-08,60.46
C-0203,2026-08-26,2026-08,60.34
C-0203,2026-08-27,2026-08,60.92
C-0203,2026-08-28,2026-08,59.74
C-0203,2026-08-29,2026-08,59.68
C-0203,2026-08-30,2026-08,60.62
C-0203,2026-08-31,2026-08,58.16
C-0204,2026-08-20,2026-08,79.02
C-0204,2026-08-21,2026-08,79.75
C-0204,2026-08-22,2026-08,75.77
C-0204,2026-08-23,2026-08,76.95
C-0204,2026-08-24,2026-08,76.89
C-0204,2026-08-25,2026-08,74.4
C-0204,2026-08-26,2026-08,78.44
C-0204,2026-08-27,2026-08,79.16
C-0204,2026-08-28,2026-08,77.58
C-0204,2026-08-29,2026-08,76.65
C-0204,2026-08-30,2026-08,76.17
C-0204,2026-08-31,2026-08,78.11
C-0205,2026-08-20,2026-08,35.55
C-0205,2026-08-21,2026-08,36.5
C-0205,2026-08-22,2026-08,36.02
C-0205,2026-08-23,2026-08,35.85
C-0205,2026-08-24,2026-08,34.99
C-0205,2026-08-25,2026-08,36.02
C-0205,2026-08-26,2026-08,35.01
C-0205,2026-08-27,2026-08,34.75
C-0205,2026-08-28,2026-08,35.22
C-0205,2026-08-29,2026-08,34.79
C-0205,2026-08-30,2026-08,34.23
C-0205,2026-08-31,2026-08,35.2
C-0206,2026-08-20,2026-08,30.74
C-0206,2026-08-21,2026-08,30.66
C-0206,2026-08-22,2026-08,29.98
C-0206,2026-08-23,2026-08,29.99
C-0206,2026-08-24,2026-08,29.43
C-0206,2026-08-25,2026-08,29.94
C-0206,2026-08-26,2026-08,29.6
C-0206,2026-08-27,2026-08,29.59
C-0206,2026-08-28,2026-08,28.96
C-0206,2026-08-29,2026-08,30.14
C-0206,2026-08-30,2026-08,29.54
C-0206,2026-08-31,2026-08,28.34
C-0207,2026-08-20,2026-08,81.45
C-0207,2026-08-21,2026-08,80.15
C-0207,2026-08-22,2026-08,78.39
C-0207,2026-08-23,2026-08,79.04
C-0207,2026-08-24,2026-08,77.31
C-0207,2026-08-25,2026-08,76.77
C-0207,2026-08-26,2026-08,81.92
C-0207,2026-08-27,2026-08,80.99
C-0207,2026-08-28,2026-08,81.16
C-0207,2026-08-29,2026-08,78.11
C-0207,2026-08-30,2026-08,80.49
C-0207,2026-08-31,2026-08,78.61
C-0208,2026-08-20,2026-08,28.72
C-0208,2026-08-21,2026-08,29.21
C-0208,2026-08-22,2026-08,27.29
C-0208,2026-08-23,2026-08,27.83
C-0208,2026-08-24,2026-08,28.55
C-0208,2026-08-25,2026-08,27.79
C-0208,2026-08-26,2026-08,27.8
C-0208,2026-08-27,2026-08,28.14
C-0208,2026-08-28,2026-08,28.52
C-0208,2026-08-29,2026-08,28.5
C-0208,2026-08-30,2026-08,27.02
C-0208,2026-08-31,2026-08,28.3
C-0209,2026-08-20,2026-08,71.47
C-0209,2026-08-21,2026-08,72.65
C-0209,2026-08-22,2026-08,71.95
C-0209,2026-08-23,2026-08,70.96
C-0209,2026-08-24,2026-08,70.52
C-0209,2026-08-25,2026-08,71.81
C-0209,2026-08-26,2026-08,70.01
C-0209,2026-08-27,2026-08,72.35
C-0209,2026-08-28,2026-08,72.82
C-0209,2026-08-29,2026-08,71.76
C-0209,2026-08-30,2026-08,71.26
C-0209,2026-08-31,2026-08,69.86
C-0210,2026-08-20,2026-08,85.19
C-0210,2026-08-21,2026-08,83.26
C-0210,2026-08-22,2026-08,78.65
C-0210,2026-08-23,2026-08,80.44
C-0210,2026-08-24,2026-08,80.52
C-0210,2026-08-25,2026-08,82.64
C-0210,2026-08-26,2026-08,82.66
C-0210,2026-08-27,2026-08,82.51
C-0210,2026-08-28,2026-08,82.05
C-0210,2026-08-29,2026-08,82.17
C-0210,2026-08-30,2026-08,80.22
C-0210,2026-08-31,2026-08,81.86
C-0211,2026-08-20,2026-08,91.25
C-0211,2026-08-21,2026-08,90.29
C-0211,2026-08-22,2026-08,85.64
C-0211,2026-08-23,2026-08,87.46
C-0211,2026-08-24,2026-08,85.95
C-0211,2026-08-25,2026-08,85.42
C-0211,2026-08-26,2026-08,87.05
C-0211,2026-08-27,2026-08,90.48
C-0211,2026-08-28,2026-08,88.86
C-0211,2026-08-29,2026-08,90.88
C-0211,2026-08-30,2026-08,89.98
C-0211,2026-08-31,2026-08,88.24
C-0212,2026-08-20,2026-08,80.86
C-0212,2026-08-21,2026-08,78.76
C-0212,2026-08-22,2026-08,76.94
C-0212,2026-08-23,2026-08,76.82
C-0212,2026-08-24,2026-08,78.14
C-0212,2026-08-25,2026-08,78.82
C-0212,2026-08-26,2026-08,82.62
C-0212,2026-08-27,2026-08,78.71
C-0212,2026-08-28,2026-08,80.74
C-0212,2026-08-29,2026-08,77.75
C-0212,2026-08-30,2026-08,79.38
C-0212,2026-08-31,2026-08,79.53
C-0213,2026-08-20,2026-08,15.5
C-0213,2026-08-21,2026-08,15.34
C-0213,2026-08-22,2026-08,14.28
C-0213,2026-08-23,2026-08,14.95
C-0213,2026-08-24,2026-08,14.32
C-0213,2026-08-25,2026-08,14.32
C-0213,2026-08-26,2026-08,14.94
C-0213,2026-08-27,2026-08,15.04
C-0213,2026-08-28,2026-08,15.17
C-0213,2026-08-29,2026-08,14.95
C-0213,2026-08-30,2026-08,14.49
C-0213,2026-08-31,2026-08,14.69
C-0214,2026-08-20,2026-08,33.64
C-0214,2026-08-21,2026-08,34.14
C-0214,2026-08-22,2026-08,33.29
C-0214,2026-08-23,2026-08,33.4
C-0214,2026-08-24,2026-08,33.67
C-0214,2026-08-25,2026-08,33.72
C-0214,2026-08-26,2026-08,33.47
C-0214,2026-08-27,2026-08,34.85
C-0214,2026-08-28,2026-08,34.47
C-0214,2026-08-29,2026-08,34.58
C-0214,2026-08-30,2026-08,34.12
C-0214,2026-08-31,2026-08,34.01
C-0215,2026-08-20,2026-08,54.7
C-0215,2026-08-21,2026-08,53.61
C-0215,2026-08-22,2026-08,53.01
C-0215,2026-08-23,2026-08,53.39
C-0215,2026-08-24,2026-08,52.13
C-0215,2026-08-25,2026-08,51.41
C-0215,2026-08-26,2026-08,53.45
C-0215,2026-08-27,2026-08,53.34
C-0215,2026-08-28,2026-08,53.31
C-0215,2026-08-29,2026-08,52.58
C-0215,2026-08-30,2026-08,53.27
C-0215,2026-08-31,2026-08,53.03
C-0216,2026-08-20,2026-08,31.14
C-0216,2026-08-21,2026-08,31.62
C-0216,2026-08-22,2026-08,18.88
C-0216,2026-08-23,2026-08,18.86
C-0216,2026-08-24,2026-08,30.96
C-0216,2026-08-25,2026-08,30.02
C-0216,2026-08-26,2026-08,31.25
C-0216,2026-08-27,2026-08,31.17
C-0216,2026-08-28,2026-08,30.39
C-0216,2026-08-29,2026-08,19.25
C-0216,2026-08-30,2026-08,18.35
C-0216,2026-08-31,2026-08,30.8
C-0217,2026-08-20,2026-08,77.45
C-0217,2026-08-21,2026-08,78.85
C-0217,2026-08-22,2026-08,48.06
C-0217,2026-08-23,2026-08,47.98
C-0217,2026-08-24,2026-08,78.65
C-0217,2026-08-25,2026-08,75.05
C-0217,2026-08-26,2026-08,78.46
C-0217,2026-08-27,2026-08,76.98
C-0217,2026-08-28,2026-08,78.44
C-0217,2026-08-29,2026-08,49.65
C-0217,2026-08-30,2026-08,48.95
C-0217,2026-08-31,2026-08,78.67
C-0218,2026-08-20,2026-08,72.48
C-0218,2026-08-21,2026-08,72.8
C-0218,2026-08-22,2026-08,44.14
C-0218,2026-08-23,2026-08,44.2
C-0218,2026-08-24,2026-08,69.03
C-0218,2026-08-25,2026-08,69.83
C-0218,2026-08-26,2026-08,72.45
C-0218,2026-08-27,2026-08,73.15
C-0218,2026-08-28,2026-08,72.12
C-0218,2026-08-29,2026-08,44.49
C-0218,2026-08-30,2026-08,43.57
C-0218,2026-08-31,2026-08,68.39
C-0219,2026-08-20,2026-08,29.05
C-0219,2026-08-21,2026-08,27.76
C-0219,2026-08-22,2026-08,17.69
C-0219,2026-08-23,2026-08,17.27
C-0219,2026-08-24,2026-08,28.12
C-0219,2026-08-25,2026-08,27.64
C-0219,2026-08-26,2026-08,27.96
C-0219,2026-08-27,2026-08,28.27
C-0219,2026-08-28,2026-08,27.08
C-0219,2026-08-29,2026-08,17.27
C-0219,2026-08-30,2026-08,17.21
C-0219,2026-08-31,2026-08,27.03
C-0220,2026-08-20,2026-08,23.34
C-0220,2026-08-21,2026-08,22.75
C-0220,2026-08-22,2026-08,14.46
C-0220,2026-08-23,2026-08,13.97
C-0220,2026-08-24,2026-08,23.42
C-0220,2026-08-25,2026-08,22.93
C-0220,2026-08-26,2026-08,23.4
C-0220,2026-08-27,2026-08,22.86
C-0220,2026-08-28,2026-08,22.72
C-0220,2026-08-29,2026-08,14.4
C-0220,2026-08-30,2026-08,14.53
C-0220,2026-08-31,2026-08,22.38
C-0221,2026-08-20,2026-08,76.47
C-0221,2026-08-21,2026-08,79.24
C-0221,2026-08-22,2026-08,48.53
C-0221,2026-08-23,2026-08,48.61
C-0221,2026-08-24,2026-08,74.71
C-0221,2026-08-25,2026-08,75.1
C-0221,2026-08-26,2026-08,77.51
C-0221,2026-08-27,2026-08,78.0
C-0221,2026-08-28,2026-08,75.56
C-0221,2026-08-29,2026-08,48.43
C-0221,2026-08-30,2026-08,47.18
C-0221,2026-08-31,2026-08,74.26
C-0222,2026-08-20,2026-08,67.42
C-0222,2026-08-21,2026-08,66.92
C-0222,2026-08-22,2026-08,42.44
C-0222,2026-08-23,2026-08,41.94
C-0222,2026-08-24,2026-08,65.94
C-0222,2026-08-25,2026-08,66.55
C-0222,2026-08-26,2026-08,66.79
C-0222,2026-08-27,2026-08,67.05
C-0222,2026-08-28,2026-08,67.41
C-0222,2026-08-29,2026-08,43.01
C-0222,2026-08-30,2026-08,40.55
C-0222,2026-08-31,2026-08,66.62
C-0223,2026-08-20,2026-08,30.18
C-0223,2026-08-21,2026-08,30.68
C-0223,2026-08-22,2026-08,18.7
C-0223,2026-08-23,2026-08,18.55
C-0223,2026-08-24,2026-08,30.49
C-0223,2026-08-25,2026-08,28.82
C-0223,2026-08-26,2026-08,30.04
C-0223,2026-08-27,2026-08,29.58
C-0223,2026-08-28,2026-08,30.15
C-0223,2026-08-29,2026-08,18.73
C-0223,2026-08-30,2026-08,18.46
C-0223,2026-08-31,2026-08,28.93
C-0224,2026-08-20,2026-08,47.63
C-0224,2026-08-21,2026-08,48.09
C-0224,2026-08-22,2026-08,28.49
C-0224,2026-08-23,2026-08,28.89
C-0224,2026-08-24,2026-08,47.98
C-0224,2026-08-25,2026-08,47.91
C-0224,2026-08-26,2026-08,47.49
C-0224,2026-08-27,2026-08,46.24
C-0224,2026-08-28,2026-08,47.24
C-0224,2026-08-29,2026-08,29.38
C-0224,2026-08-30,2026-08,29.19
C-0224,2026-08-31,2026-08,47.57
C-0225,2026-08-20,2026-08,90.49
C-0225,2026-08-21,2026-08,90.59
C-0225,2026-08-22,2026-08,55.15
C-0225,2026-08-23,2026-08,52.54
C-0225,2026-08-24,2026-08,85.49
C-0225,2026-08-25,2026-08,85.96
C-0225,2026-08-26,2026-08,87.71
C-0225,2026-08-27,2026-08,85.94
C-0225,2026-08-28,2026-08,86.97
C-0225,2026-08-29,2026-08,54.45
C-0225,2026-08-30,2026-08,54.78
C-0225,2026-08-31,2026-08,86.7
C-0226,2026-08-20,2026-08,62.87
C-0226,2026-08-21,2026-08,65.76
C-0226,2026-08-22,2026-08,39.69
C-0226,2026-08-23,2026-08,39.85
C-0226,2026-08-24,2026-08,63.68
C-0226,2026-08-25,2026-08,63.77
C-0226,2026-08-26,2026-08,63.71
C-0226,2026-08-27,2026-08,64.12
C-0226,2026-08-28,2026-08,64.03
C-0226,2026-08-29,2026-08,40.13
C-0226,2026-08-30,2026-08,38.62
C-0226,2026-08-31,2026-08,62.86
C-0227,2026-08-20,2026-08,83.85
C-0227,2026-08-21,2026-08,85.39
C-0227,2026-08-22,2026-08,49.56
C-0227,2026-08-23,2026-08,50.26
C-0227,2026-08-24,2026-08,83.27
C-0227,2026-08-25,2026-08,83.33
C-0227,2026-08-26,2026-08,81.08
C-0227,2026-08-27,2026-08,81.26
C-0227,2026-08-28,2026-08,82.05
C-0227,2026-08-29,2026-08,52.88
C-0227,2026-08-30,2026-08,51.68
C-0227,2026-08-31,2026-08,79.97
C-0228,2026-08-20,2026-08,75.85
C-0228,2026-08-21,2026-08,77.18
C-0228,2026-08-22,2026-08,47.22
C-0228,2026-08-23,2026-08,45.73
C-0228,2026-08-24,2026-08,75.97
C-0228,2026-08-25,2026-08,74.49
C-0228,2026-08-26,2026-08,77.26
C-0228,2026-08-27,2026-08,78.6
C-0228,2026-08-28,2026-08,76.94
C-0228,2026-08-29,2026-08,46.02
C-0228,2026-08-30,2026-08,46.67
C-0228,2026-08-31,2026-08,74.37
C-0229,2026-08-20,2026-08,79.4
C-0229,2026-08-21,2026-08,79.44
C-0229,2026-08-22,2026-08,46.67
C-0229,2026-08-23,2026-08,48.54
C-0229,2026-08-24,2026-08,79.46
C-0229,2026-08-25,2026-08,77.93
C-0229,2026-08-26,2026-08,78.15
C-0229,2026-08-27,2026-08,76.22
C-0229,2026-08-28,2026-08,79.79
C-0229,2026-08-29,2026-08,47.65
C-0229,2026-08-30,2026-08,48.75
C-0229,2026-08-31,2026-08,77.05
C-0230,2026-08-20,2026-08,47.3
C-0230,2026-08-21,2026-08,46.44
C-0230,2026-08-22,2026-08,28.6
C-0230,2026-08-23,2026-08,28.35
C-0230,2026-08-24,2026-08,46.51
C-0230,2026-08-25,2026-08,46.82
C-0230,2026-08-26,2026-08,45.25
C-0230,2026-08-27,2026-08,47.8
C-0230,2026-08-28,2026-08,46.32
C-0230,2026-08-29,2026-08,28.09
C-0230,2026-08-30,2026-08,27.54
C-0230,2026-08-31,2026-08,44.75
C-0231,2026-08-20,2026-08,65.35
C-0231,2026-08-21,2026-08,63.73
C-0231,2026-08-22,2026-08,37.96
C-0231,2026-08-23,2026-08,37.61
C-0231,2026-08-24,2026-08,62.28
C-0231,2026-08-25,2026-08,63.25
C-0231,2026-08-26,2026-08,61.42
C-0231,2026-08-27,2026-08,61.28
C-0231,2026-08-28,2026-08,62.05
C-0231,2026-08-29,2026-08,39.54
C-0231,2026-08-30,2026-08,37.23
C-0231,2026-08-31,2026-08,61.0
C-0232,2026-08-20,2026-08,47.42
C-0232,2026-08-21,2026-08,46.87
C-0232,2026-08-22,2026-08,29.41
C-0232,2026-08-23,2026-08,28.12
C-0232,2026-08-24,2026-08,47.55
C-0232,2026-08-25,2026-08,45.6
C-0232,2026-08-26,2026-08,48.39
C-0232,2026-08-27,2026-08,46.12
C-0232,2026-08-28,2026-08,46.63
C-0232,2026-08-29,2026-08,28.85
C-0232,2026-08-30,2026-08,28.58
C-0232,2026-08-31,2026-08,45.3
C-0233,2026-08-20,2026-08,77.08
C-0233,2026-08-21,2026-08,75.34
C-0233,2026-08-22,2026-08,45.54
C-0233,2026-08-23,2026-08,46.2
C-0233,2026-08-24,2026-08,76.88
C-0233,2026-08-25,2026-08,73.85
C-0233,2026-08-26,2026-08,74.89
C-0233,2026-08-27,2026-08,77.29
C-0233,2026-08-28,2026-08,76.1
C-0233,2026-08-29,2026-08,46.28
C-0233,2026-08-30,2026-08,46.55
C-0233,2026-08-31,2026-08,74.16
C-0234,2026-08-20,2026-08,38.09
C-0234,2026-08-21,2026-08,38.0
C-0234,2026-08-22,2026-08,22.62
C-0234,2026-08-23,2026-08,22.38
C-0234,2026-08-24,2026-08,35.82
C-0234,2026-08-25,2026-08,36.77
C-0234,2026-08-26,2026-08,37.7
C-0234,2026-08-27,2026-08,37.3
C-0234,2026-08-28,2026-08,37.09
C-0234,2026-08-29,2026-08,22.53
C-0234,2026-08-30,2026-08,22.59
C-0234,2026-08-31,2026-08,35.1
C-0235,2026-08-20,2026-08,52.04
C-0235,2026-08-21,2026-08,52.47
C-0235,2026-08-22,2026-08,31.88
C-0235,2026-08-23,2026-08,32.15
C-0235,2026-08-24,2026-08,50.7
C-0235,2026-08-25,2026-08,51.94
C-0235,2026-08-26,2026-08,52.71
C-0235,2026-08-27,2026-08,51.45
C-0235,2026-08-28,2026-08,51.51
C-0235,2026-08-29,2026-08,31.55
C-0235,2026-08-30,2026-08,31.62
C-0235,2026-08-31,2026-08,49.59
C-0236,2026-08-20,2026-08,50.9
C-0236,2026-08-21,2026-08,50.33
C-0236,2026-08-22,2026-08,47.69
C-0236,2026-08-23,2026-08,49.88
C-0236,2026-08-24,2026-08,50.59
C-0236,2026-08-25,2026-08,49.31
C-0236,2026-08-26,2026-08,49.86
C-0236,2026-08-27,2026-08,51.08
C-0236,2026-08-28,2026-08,48.87
C-0236,2026-08-29,2026-08,50.29
C-0236,2026-08-30,2026-08,47.84
C-0236,2026-08-31,2026-08,49.68
C-0237,2026-08-20,2026-08,29.78
C-0237,2026-08-21,2026-08,31.08
C-0237,2026-08-22,2026-08,29.17
C-0237,2026-08-23,2026-08,29.61
C-0237,2026-08-24,2026-08,29.96
C-0237,2026-08-25,2026-08,29.14
C-0237,2026-08-26,2026-08,30.64
C-0237,2026-08-27,2026-08,30.77
C-0237,2026-08-28,2026-08,30.1
C-0237,2026-08-29,2026-08,29.88
C-0237,2026-08-30,2026-08,30.1
C-0237,2026-08-31,2026-08,30.3
C-0238,2026-08-20,2026-08,43.67
C-0238,2026-08-21,2026-08,43.81
C-0238,2026-08-22,2026-08,42.62
C-0238,2026-08-23,2026-08,42.83
C-0238,2026-08-24,2026-08,41.55
C-0238,2026-08-25,2026-08,41.48
C-0238,2026-08-26,2026-08,41.44
C-0238,2026-08-27,2026-08,41.61
C-0238,2026-08-28,2026-08,43.06
C-0238,2026-08-29,2026-08,43.38
C-0238,2026-08-30,2026-08,41.56
C-0238,2026-08-31,2026-08,41.74
C-0239,2026-08-20,2026-08,31.64
C-0239,2026-08-21,2026-08,30.85
C-0239,2026-08-22,2026-08,31.16
C-0239,2026-08-23,2026-08,31.28
C-0239,2026-08-24,2026-08,31.46
C-0239,2026-08-25,2026-08,31.07
C-0239,2026-08-26,2026-08,31.18
C-0239,2026-08-27,2026-08,30.85
C-0239,2026-08-28,2026-08,32.27
C-0239,2026-08-29,2026-08,31.05
C-0239,2026-08-30,2026-08,31.55
C-0239,2026-08-31,2026-08,30.61
C-0240,2026-08-20,2026-08,47.93
C-0240,2026-08-21,2026-08,47.87
C-0240,2026-08-22,2026-08,45.57
C-0240,2026-08-23,2026-08,45.8
C-0240,2026-08-24,2026-08,45.52
C-0240,2026-08-25,2026-08,46.65
C-0240,2026-08-26,2026-08,46.74
C-0240,2026-08-27,2026-08,47.3
C-0240,2026-08-28,2026-08,46.18
C-0240,2026-08-29,2026-08,47.43
C-0240,2026-08-30,2026-08,47.13
C-0240,2026-08-31,2026-08,45.96
C-0241,2026-08-20,2026-08,11.25
C-0241,2026-08-21,2026-08,11.28
C-0241,2026-08-22,2026-08,10.88
C-0241,2026-08-23,2026-08,10.93
C-0241,2026-08-24,2026-08,10.9
C-0241,2026-08-25,2026-08,11.08
C-0241,2026-08-26,2026-08,10.79
C-0241,2026-08-27,2026-08,11.04
C-0241,2026-08-28,2026-08,10.89
C-0241,2026-08-29,2026-08,10.92
C-0241,2026-08-30,2026-08,10.45
C-0241,2026-08-31,2026-08,10.7
C-0242,2026-08-20,2026-08,46.01
C-0242,2026-08-21,2026-08,45.5
C-0242,2026-08-22,2026-08,46.08
C-0242,2026-08-23,2026-08,46.73
C-0242,2026-08-24,2026-08,45.71
C-0242,2026-08-25,2026-08,45.2
C-0242,2026-08-26,2026-08,45.46
C-0242,2026-08-27,2026-08,44.99
C-0242,2026-08-28,2026-08,45.76
C-0242,2026-08-29,2026-08,46.2
C-0242,2026-08-30,2026-08,46.15
C-0242,2026-08-31,2026-08,44.88
C-0243,2026-08-20,2026-08,17.12
C-0243,2026-08-21,2026-08,17.0
C-0243,2026-08-22,2026-08,17.01
C-0243,2026-08-23,2026-08,16.58
C-0243,2026-08-24,2026-08,17.06
C-0243,2026-08-25,2026-08,16.34
C-0243,2026-08-26,2026-08,16.67
C-0243,2026-08-27,2026-08,17.01
C-0243,2026-08-28,2026-08,17.08
C-0243,2026-08-29,2026-08,16.86
C-0243,2026-08-30,2026-08,16.29
C-0243,2026-08-31,2026-08,16.88
C-0244,2026-08-20,2026-08,18.58
C-0244,2026-08-21,2026-08,18.5
C-0244,2026-08-22,2026-08,17.66
C-0244,2026-08-23,2026-08,17.52
C-0244,2026-08-24,2026-08,18.39
C-0244,2026-08-25,2026-08,18.44
C-0244,2026-08-26,2026-08,18.69
C-0244,2026-08-27,2026-08,18.23
C-0244,2026-08-28,2026-08,17.65
C-0244,2026-08-29,2026-08,18.46
C-0244,2026-08-30,2026-08,17.91
C-0244,2026-08-31,2026-08,18.44
C-0245,2026-08-20,2026-08,49.52
C-0245,2026-08-21,2026-08,47.41
C-0245,2026-08-22,2026-08,49.27
C-0245,2026-08-23,2026-08,49.0
C-0245,2026-08-24,2026-08,47.24
C-0245,2026-08-25,2026-08,48.05
C-0245,2026-08-26,2026-08,48.75
C-0245,2026-08-27,2026-08,47.8
C-0245,2026-08-28,2026-08,46.99
C-0245,2026-08-29,2026-08,48.17
C-0245,2026-08-30,2026-08,48.49
C-0245,2026-08-31,2026-08,47.43
C-0246,2026-08-20,2026-08,58.38
C-0246,2026-08-21,2026-08,57.94
C-0246,2026-08-22,2026-08,59.39
C-0246,2026-08-23,2026-08,59.51
C-0246,2026-08-24,2026-08,58.15
C-0246,2026-08-25,2026-08,57.91
C-0246,2026-08-26,2026-08,58.77
C-0246,2026-08-27,2026-08,60.64
C-0246,2026-08-28,2026-08,57.94
C-0246,2026-08-29,2026-08,58.46
C-0246,2026-08-30,2026-08,58.54
C-0246,2026-08-31,2026-08,59.61
C-0247,2026-08-20,2026-08,7.24
C-0247,2026-08-21,2026-08,7.52
C-0247,2026-08-22,2026-08,7.26
C-0247,2026-08-23,2026-08,7.18
C-0247,2026-08-24,2026-08,7.3
C-0247,2026-08-25,2026-08,7.35
C-0247,2026-08-26,2026-08,7.39
C-0247,2026-08-27,2026-08,7.31
C-0247,2026-08-28,2026-08,7.17
C-0247,2026-08-29,2026-08,7.23
C-0247,2026-08-30,2026-08,6.97
C-0247,2026-08-31,2026-08,7.03
C-0248,2026-08-20,2026-08,30.23
C-0248,2026-08-21,2026-08,29.95
C-0248,2026-08-22,2026-08,29.98
C-0248,2026-08-23,2026-08,29.55
C-0248,2026-08-24,2026-08,30.89
C-0248,2026-08-25,2026-08,30.64
C-0248,2026-08-26,2026-08,30.66
C-0248,2026-08-27,2026-08,30.8
C-0248,2026-08-28,2026-08,29.84
C-0248,2026-08-29,2026-08,30.78
C-0248,2026-08-30,2026-08,29.03
C-0248,2026-08-31,2026-08,30.17
C-0249,2026-08-20,2026-08,46.31
C-0249,2026-08-21,2026-08,45.28
C-0249,2026-08-22,2026-08,44.22
C-0249,2026-08-23,2026-08,46.19
C-0249,2026-08-24,2026-08,46.74
C-0249,2026-08-25,2026-08,46.41
C-0249,2026-08-26,2026-08,45.86
C-0249,2026-08-27,2026-08,46.2
C-0249,2026-08-28,2026-08,45.77
C-0249,2026-08-29,2026-08,45.75
C-0249,2026-08-30,2026-08,46.62
C-0249,2026-08-31,2026-08,44.63
C-0250,2026-08-20,2026-08,29.66
C-0250,2026-08-21,2026-08,29.95
C-0250,2026-08-22,2026-08,29.23
C-0250,2026-08-23,2026-08,28.49
C-0250,2026-08-24,2026-08,28.36
C-0250,2026-08-25,2026-08,28.0
C-0250,2026-08-26,2026-08,28.91
C-0250,2026-08-27,2026-08,29.87
C-0250,2026-08-28,2026-08,28.84
C-0250,2026-08-29,2026-08,29.65
C-0250,2026-08-30,2026-08,29.02
C-0250,2026-08-31,2026-08,27.92
C-0251,2026-08-20,2026-08,51.22
C-0251,2026-08-21,2026-08,52.41
C-0251,2026-08-22,2026-08,50.63
C-0251,2026-08-23,2026-08,50.61
C-0251,2026-08-24,2026-08,52.51
C-0251,2026-08-25,2026-08,52.77
C-0251,2026-08-26,2026-08,51.16
C-0251,2026-08-27,2026-08,51.75
C-0251,2026-08-28,2026-08,52.59
C-0251,2026-08-29,2026-08,51.87
C-0251,2026-08-30,2026-08,50.01
C-0251,2026-08-31,2026-08,50.99
C-0252,2026-08-20,2026-08,37.7
C-0252,2026-08-21,2026-08,38.65
C-0252,2026-08-22,2026-08,37.49
C-0252,2026-08-23,2026-08,36.86
C-0252,2026-08-24,2026-08,36.7
C-0252,2026-08-25,2026-08,36.29
C-0252,2026-08-26,2026-08,38.0
C-0252,2026-08-27,2026-08,38.2
C-0252,2026-08-28,2026-08,38.29
C-0252,2026-08-29,2026-08,37.76
C-0252,2026-08-30,2026-08,37.93
C-0252,2026-08-31,2026-08,36.74
C-0253,2026-08-20,2026-08,23.14
C-0253,2026-08-21,2026-08,23.43
C-0253,2026-08-22,2026-08,23.19
C-0253,2026-08-23,2026-08,22.69
C-0253,2026-08-24,2026-08,23.25
C-0253,2026-08-25,2026-08,22.99
C-0253,2026-08-26,2026-08,23.08
C-0253,2026-08-27,2026-08,23.71
C-0253,2026-08-28,2026-08,23.38
C-0253,2026-08-29,2026-08,22.81
C-0253,2026-08-30,2026-08,22.14
C-0253,2026-08-31,2026-08,22.57
C-0254,2026-08-20,2026-08,30.04
C-0254,2026-08-21,2026-08,28.86
C-0254,2026-08-22,2026-08,28.32
C-0254,2026-08-23,2026-08,29.33
C-0254,2026-08-24,2026-08,29.55
C-0254,2026-08-25,2026-08,28.92
C-0254,2026-08-26,2026-08,29.9
C-0254,2026-08-27,2026-08,28.42
C-0254,2026-08-28,2026-08,28.5
C-0254,2026-08-29,2026-08,28.95
C-0254,2026-08-30,2026-08,28.08
C-0254,2026-08-31,2026-08,27.98
C-0255,2026-08-20,2026-08,8.78
C-0255,2026-08-21,2026-08,8.69
C-0255,2026-08-22,2026-08,8.39
C-0255,2026-08-23,2026-08,8.22
C-0255,2026-08-24,2026-08,8.53
C-0255,2026-08-25,2026-08,8.52
C-0255,2026-08-26,2026-08,8.5
C-0255,2026-08-27,2026-08,8.46
C-0255,2026-08-28,2026-08,8.37
C-0255,2026-08-29,2026-08,8.64
C-0255,2026-08-30,2026-08,8.48
C-0255,2026-08-31,2026-08,8.35
C-0256,2026-08-20,2026-08,19.68
C-0256,2026-08-21,2026-08,19.08
C-0256,2026-08-22,2026-08,19.52
C-0256,2026-08-23,2026-08,18.62
C-0256,2026-08-24,2026-08,19.73
C-0256,2026-08-25,2026-08,18.68
C-0256,2026-08-26,2026-08,19.71
C-0256,2026-08-27,2026-08,19.59
C-0256,2026-08-28,2026-08,19.09
C-0256,2026-08-29,2026-08,19.8
C-0256,2026-08-30,2026-08,18.78
C-0256,2026-08-31,2026-08,19.45
C-0257,2026-08-20,2026-08,58.56
C-0257,2026-08-21,2026-08,57.89
C-0257,2026-08-22,2026-08,56.63
C-0257,2026-08-23,2026-08,55.92
C-0257,2026-08-24,2026-08,58.04
C-0257,2026-08-25,2026-08,55.95
C-0257,2026-08-26,2026-08,59.77
C-0257,2026-08-27,2026-08,58.41
C-0257,2026-08-28,2026-08,59.33
C-0257,2026-08-29,2026-08,57.5
C-0257,2026-08-30,2026-08,57.73
C-0257,2026-08-31,2026-08,57.84
C-0258,2026-08-20,2026-08,21.21
C-0258,2026-08-21,2026-08,20.9
C-0258,2026-08-22,2026-08,20.33
C-0258,2026-08-23,2026-08,20.96
C-0258,2026-08-24,2026-08,20.62
C-0258,2026-08-25,2026-08,20.3
C-0258,2026-08-26,2026-08,20.71
C-0258,2026-08-27,2026-08,20.43
C-0258,2026-08-28,2026-08,19.97
C-0258,2026-08-29,2026-08,21.03
C-0258,2026-08-30,2026-08,20.34
C-0258,2026-08-31,2026-08,20.44
C-0259,2026-08-20,2026-08,9.8
C-0259,2026-08-21,2026-08,9.63
C-0259,2026-08-22,2026-08,9.44
C-0259,2026-08-23,2026-08,9.42
C-0259,2026-08-24,2026-08,9.77
C-0259,2026-08-25,2026-08,9.36
C-0259,2026-08-26,2026-08,9.69
C-0259,2026-08-27,2026-08,9.61
C-0259,2026-08-28,2026-08,9.65
C-0259,2026-08-29,2026-08,9.95
C-0259,2026-08-30,2026-08,9.55
C-0259,2026-08-31,2026-08,9.78
C-0260,2026-08-20,2026-08,38.69
C-0260,2026-08-21,2026-08,36.68
C-0260,2026-08-22,2026-08,36.6
C-0260,2026-08-23,2026-08,36.98
C-0260,2026-08-24,2026-08,36.89
C-0260,2026-08-25,2026-08,37.74
C-0260,2026-08-26,2026-08,38.2
C-0260,2026-08-27,2026-08,36.58
C-0260,2026-08-28,2026-08,37.8
C-0260,2026-08-29,2026-08,38.1
C-0260,2026-08-30,2026-08,37.42
C-0260,2026-08-31,2026-08,36.6
C-0261,2026-08-20,2026-08,57.12
C-0261,2026-08-21,2026-08,55.35
C-0261,2026-08-22,2026-08,54.27
C-0261,2026-08-23,2026-08,54.36
C-0261,2026-08-24,2026-08,55.81
C-0261,2026-08-25,2026-08,54.88
C-0261,2026-08-26,2026-08,55.07
C-0261,2026-08-27,2026-08,56.34
C-0261,2026-08-28,2026-08,57.1
C-0261,2026-08-29,2026-08,55.86
C-0261,2026-08-30,2026-08,56.01
C-0261,2026-08-31,2026-08,55.94
C-0262,2026-08-20,2026-08,17.21
C-0262,2026-08-21,2026-08,16.66
C-0262,2026-08-22,2026-08,17.18
C-0262,2026-08-23,2026-08,16.4
C-0262,2026-08-24,2026-08,17.28
C-0262,2026-08-25,2026-08,16.4
C-0262,2026-08-26,2026-08,17.28
C-0262,2026-08-27,2026-08,17.26
C-0262,2026-08-28,2026-08,16.97
C-0262,2026-08-29,2026-08,16.87
C-0262,2026-08-30,2026-08,16.75
C-0262,2026-08-31,2026-08,16.88
C-0263,2026-08-20,2026-08,26.77
C-0263,2026-08-21,2026-08,26.39
C-0263,2026-08-22,2026-08,25.74
C-0263,2026-08-23,2026-08,26.67
C-0263,2026-08-24,2026-08,26.03
C-0263,2026-08-25,2026-08,25.62
C-0263,2026-08-26,2026-08,26.04
C-0263,2026-08-27,2026-08,25.94
C-0263,2026-08-28,2026-08,26.67
C-0263,2026-08-29,2026-08,26.71
C-0263,2026-08-30,2026-08,25.57
C-0263,2026-08-31,2026-08,25.79
C-0264,2026-08-20,2026-08,34.65
C-0264,2026-08-21,2026-08,35.71
C-0264,2026-08-22,2026-08,35.22
C-0264,2026-08-23,2026-08,34.04
C-0264,2026-08-24,2026-08,34.42
C-0264,2026-08-25,2026-08,34.67
C-0264,2026-08-26,2026-08,34.77
C-0264,2026-08-27,2026-08,35.26
C-0264,2026-08-28,2026-08,35.91
C-0264,2026-08-29,2026-08,35.4
C-0264,2026-08-30,2026-08,35.22
C-0264,2026-08-31,2026-08,35.17
C-0265,2026-08-20,2026-08,42.21
C-0265,2026-08-21,2026-08,42.53
C-0265,2026-08-22,2026-08,43.14
C-0265,2026-08-23,2026-08,41.72
C-0265,2026-08-24,2026-08,41.59
C-0265,2026-08-25,2026-08,41.52
C-0265,2026-08-26,2026-08,42.21
C-0265,2026-08-27,2026-08,42.23
C-0265,2026-08-28,2026-08,41.26
C-0265,2026-08-29,2026-08,41.32
C-0265,2026-08-30,2026-08,40.6
C-0265,2026-08-31,2026-08,42.4
C-0266,2026-08-20,2026-08,17.4
C-0266,2026-08-21,2026-08,17.52
C-0266,2026-08-22,2026-08,16.46
C-0266,2026-08-23,2026-08,16.55
C-0266,2026-08-24,2026-08,17.03
C-0266,2026-08-25,2026-08,16.99
C-0266,2026-08-26,2026-08,16.56
C-0266,2026-08-27,2026-08,17.03
C-0266,2026-08-28,2026-08,16.62
C-0266,2026-08-29,2026-08,16.56
C-0266,2026-08-30,2026-08,16.77
C-0266,2026-08-31,2026-08,16.93
C-0267,2026-08-20,2026-08,26.89
C-0267,2026-08-21,2026-08,26.81
C-0267,2026-08-22,2026-08,26.92
C-0267,2026-08-23,2026-08,25.87
C-0267,2026-08-24,2026-08,25.88
C-0267,2026-08-25,2026-08,26.32
C-0267,2026-08-26,2026-08,27.37
C-0267,2026-08-27,2026-08,26.58
C-0267,2026-08-28,2026-08,27.3
C-0267,2026-08-29,2026-08,26.24
C-0267,2026-08-30,2026-08,25.83
C-0267,2026-08-31,2026-08,25.79
C-0268,2026-08-20,2026-08,31.22
C-0268,2026-08-21,2026-08,30.7
C-0268,2026-08-22,2026-08,30.68
C-0268,2026-08-23,2026-08,29.94
C-0268,2026-08-24,2026-08,29.93
C-0268,2026-08-25,2026-08,29.21
C-0268,2026-08-26,2026-08,29.81
C-0268,2026-08-27,2026-08,30.62
C-0268,2026-08-28,2026-08,29.83
C-0268,2026-08-29,2026-08,30.17
C-0268,2026-08-30,2026-08,30.37
C-0268,2026-08-31,2026-08,29.68
C-0269,2026-08-20,2026-08,40.3
C-0269,2026-08-21,2026-08,37.95
C-0269,2026-08-22,2026-08,37.68
C-0269,2026-08-23,2026-08,38.56
C-0269,2026-08-24,2026-08,39.12
C-0269,2026-08-25,2026-08,38.72
C-0269,2026-08-26,2026-08,39.1
C-0269,2026-08-27,2026-08,38.68
C-0269,2026-08-28,2026-08,38.12
C-0269,2026-08-29,2026-08,39.67
C-0269,2026-08-30,2026-08,37.56
C-0269,2026-08-31,2026-08,37.61
C-0270,2026-08-20,2026-08,12.08
C-0270,2026-08-21,2026-08,12.28
C-0270,2026-08-22,2026-08,11.64
C-0270,2026-08-23,2026-08,11.69
C-0270,2026-08-24,2026-08,11.65
C-0270,2026-08-25,2026-08,11.89
C-0270,2026-08-26,2026-08,11.8
C-0270,2026-08-27,2026-08,12.21
C-0270,2026-08-28,2026-08,12.3
C-0270,2026-08-29,2026-08,12.24
C-0270,2026-08-30,2026-08,12.04
C-0270,2026-08-31,2026-08,11.84
C-0271,2026-08-20,2026-08,19.66
C-0271,2026-08-21,2026-08,19.04
C-0271,2026-08-22,2026-08,19.36
C-0271,2026-08-23,2026-08,18.77
C-0271,2026-08-24,2026-08,18.89
C-0271,2026-08-25,2026-08,18.92
C-0271,2026-08-26,2026-08,19.57
C-0271,2026-08-27,2026-08,19.91
C-0271,2026-08-28,2026-08,19.26
C-0271,2026-08-29,2026-08,19.6
C-0271,2026-08-30,2026-08,18.78
C-0271,2026-08-31,2026-08,19.46
C-0272,2026-08-20,2026-08,33.84
C-0272,2026-08-21,2026-08,34.94
C-0272,2026-08-22,2026-08,33.14
C-0272,2026-08-23,2026-08,32.93
C-0272,2026-08-24,2026-08,32.97
C-0272,2026-08-25,2026-08,33.56
C-0272,2026-08-26,2026-08,33.29
C-0272,2026-08-27,2026-08,34.84
C-0272,2026-08-28,2026-08,34.09
C-0272,2026-08-29,2026-08,34.45
C-0272,2026-08-30,2026-08,32.94
C-0272,2026-08-31,2026-08,33.86
C-0273,2026-08-20,2026-08,36.15
C-0273,2026-08-21,2026-08,35.82
C-0273,2026-08-22,2026-08,36.53
C-0273,2026-08-23,2026-08,35.77
C-0273,2026-08-24,2026-08,36.02
C-0273,2026-08-25,2026-08,35.26
C-0273,2026-08-26,2026-08,36.72
C-0273,2026-08-27,2026-08,37.08
C-0273,2026-08-28,2026-08,35.75
C-0273,2026-08-29,2026-08,37.16
C-0273,2026-08-30,2026-08,35.1
C-0273,2026-08-31,2026-08,36.38
C-0274,2026-08-20,2026-08,48.82
C-0274,2026-08-21,2026-08,47.37
C-0274,2026-08-22,2026-08,47.7
C-0274,2026-08-23,2026-08,45.78
C-0274,2026-08-24,2026-08,45.99
C-0274,2026-08-25,2026-08,45.47
C-0274,2026-08-26,2026-08,46.73
C-0274,2026-08-27,2026-08,46.05
C-0274,2026-08-28,2026-08,47.69
C-0274,2026-08-29,2026-08,47.73
C-0274,2026-08-30,2026-08,47.51
C-0274,2026-08-31,2026-08,45.71
C-0275,2026-08-20,2026-08,26.64
C-0275,2026-08-21,2026-08,27.22
C-0275,2026-08-22,2026-08,26.44
C-0275,2026-08-23,2026-08,25.73
C-0275,2026-08-24,2026-08,25.65
C-0275,2026-08-25,2026-08,26.48
C-0275,2026-08-26,2026-08,25.97
C-0275,2026-08-27,2026-08,26.98
C-0275,2026-08-28,2026-08,27.05
C-0275,2026-08-29,2026-08,26.95
C-0275,2026-08-30,2026-08,26.72
C-0275,2026-08-31,2026-08,27.04
C-0276,2026-08-20,2026-08,9.37
C-0276,2026-08-21,2026-08,9.75
C-0276,2026-08-22,2026-08,9.14
C-0276,2026-08-23,2026-08,9.49
C-0276,2026-08-24,2026-08,9.52
C-0276,2026-08-25,2026-08,9.35
C-0276,2026-08-26,2026-08,9.62
C-0276,2026-08-27,2026-08,9.58
C-0276,2026-08-28,2026-08,9.4
C-0276,2026-08-29,2026-08,9.1
C-0276,2026-08-30,2026-08,9.36
C-0276,2026-08-31,2026-08,9.01
C-0277,2026-08-20,2026-08,27.99
C-0277,2026-08-21,2026-08,28.23
C-0277,2026-08-22,2026-08,27.32
C-0277,2026-08-23,2026-08,27.13
C-0277,2026-08-24,2026-08,27.09
C-0277,2026-08-25,2026-08,27.68
C-0277,2026-08-26,2026-08,27.92
C-0277,2026-08-27,2026-08,27.85
C-0277,2026-08-28,2026-08,27.63
C-0277,2026-08-29,2026-08,27.86
C-0277,2026-08-30,2026-08,27.93
C-0277,2026-08-31,2026-08,26.82
C-0278,2026-08-20,2026-08,37.27
C-0278,2026-08-21,2026-08,37.56
C-0278,2026-08-22,2026-08,36.24
C-0278,2026-08-23,2026-08,38.05
C-0278,2026-08-24,2026-08,37.27
C-0278,2026-08-25,2026-08,37.56
C-0278,2026-08-26,2026-08,38.44
C-0278,2026-08-27,2026-08,37.58
C-0278,2026-08-28,2026-08,37.51
C-0278,2026-08-29,2026-08,38.24
C-0278,2026-08-30,2026-08,37.5
C-0278,2026-08-31,2026-08,35.92
C-0279,2026-08-20,2026-08,39.81
C-0279,2026-08-21,2026-08,39.01
C-0279,2026-08-22,2026-08,37.69
C-0279,2026-08-23,2026-08,38.22
C-0279,2026-08-24,2026-08,38.83
C-0279,2026-08-25,2026-08,37.46
C-0279,2026-08-26,2026-08,39.53
C-0279,2026-08-27,2026-08,38.9
C-0279,2026-08-28,2026-08,38.03
C-0279,2026-08-29,2026-08,39.06
C-0279,2026-08-30,2026-08,39.04
C-0279,2026-08-31,2026-08,37.6
C-0280,2026-08-20,2026-08,40.21
C-0280,2026-08-21,2026-08,41.76
C-0280,2026-08-22,2026-08,39.77
C-0280,2026-08-23,2026-08,39.65
C-0280,2026-08-24,2026-08,40.95
C-0280,2026-08-25,2026-08,39.27
C-0280,2026-08-26,2026-08,40.11
C-0280,2026-08-27,2026-08,40.06
C-0280,2026-08-28,2026-08,40.81
C-0280,2026-08-29,2026-08,40.12
C-0280,2026-08-30,2026-08,40.51
C-0280,2026-08-31,2026-08,38.62
C-0281,2026-08-20,2026-08,48.22
C-0281,2026-08-21,2026-08,48.69
C-0281,2026-08-22,2026-08,46.78
C-0281,2026-08-23,2026-08,46.26
C-0281,2026-08-24,2026-08,47.53
C-0281,2026-08-25,2026-08,47.71
C-0281,2026-08-26,2026-08,49.68
C-0281,2026-08-27,2026-08,47.64
C-0281,2026-08-28,2026-08,49.29
C-0281,2026-08-29,2026-08,47.67
C-0281,2026-08-30,2026-08,48.23
C-0281,2026-08-31,2026-08,48.66
C-0282,2026-08-20,2026-08,41.97
C-0282,2026-08-21,2026-08,41.89
C-0282,2026-08-22,2026-08,40.71
C-0282,2026-08-23,2026-08,40.35
C-0282,2026-08-24,2026-08,41.91
C-0282,2026-08-25,2026-08,40.84
C-0282,2026-08-26,2026-08,42.33
C-0282,2026-08-27,2026-08,41.49
C-0282,2026-08-28,2026-08,42.58
C-0282,2026-08-29,2026-08,41.41
C-0282,2026-08-30,2026-08,39.96
C-0282,2026-08-31,2026-08,40.93
C-0283,2026-08-20,2026-08,15.41
C-0283,2026-08-21,2026-08,15.23
C-0283,2026-08-22,2026-08,14.48
C-0283,2026-08-23,2026-08,14.74
C-0283,2026-08-24,2026-08,14.15
C-0283,2026-08-25,2026-08,14.2
C-0283,2026-08-26,2026-08,15.21
C-0283,2026-08-27,2026-08,14.73
C-0283,2026-08-28,2026-08,14.35
C-0283,2026-08-29,2026-08,14.55
C-0283,2026-08-30,2026-08,14.1
C-0283,2026-08-31,2026-08,14.71
C-0284,2026-08-20,2026-08,19.09
C-0284,2026-08-21,2026-08,19.31
C-0284,2026-08-22,2026-08,19.07
C-0284,2026-08-23,2026-08,18.56
C-0284,2026-08-24,2026-08,18.4
C-0284,2026-08-25,2026-08,18.89
C-0284,2026-08-26,2026-08,19.02
C-0284,2026-08-27,2026-08,18.32
C-0284,2026-08-28,2026-08,19.2
C-0284,2026-08-29,2026-08,18.59
C-0284,2026-08-30,2026-08,18.3
C-0284,2026-08-31,2026-08,18.11
C-0285,2026-08-20,2026-08,33.72
C-0285,2026-08-21,2026-08,34.23
C-0285,2026-08-22,2026-08,32.46
C-0285,2026-08-23,2026-08,32.87
C-0285,2026-08-24,2026-08,32.91
C-0285,2026-08-25,2026-08,33.23
C-0285,2026-08-26,2026-08,34.6
C-0285,2026-08-27,2026-08,32.78
C-0285,2026-08-28,2026-08,33.79
C-0285,2026-08-29,2026-08,34.4
C-0285,2026-08-30,2026-08,32.47
C-0285,2026-08-31,2026-08,32.53
C-0286,2026-08-20,2026-08,48.29
C-0286,2026-08-21,2026-08,49.31
C-0286,2026-08-22,2026-08,47.95
C-0286,2026-08-23,2026-08,48.56
C-0286,2026-08-24,2026-08,46.78
C-0286,2026-08-25,2026-08,46.38
C-0286,2026-08-26,2026-08,47.38
C-0286,2026-08-27,2026-08,49.37
C-0286,2026-08-28,2026-08,49.46
C-0286,2026-08-29,2026-08,46.83
C-0286,2026-08-30,2026-08,48.11
C-0286,2026-08-31,2026-08,47.98
C-0287,2026-08-20,2026-08,51.44
C-0287,2026-08-21,2026-08,51.94
C-0287,2026-08-22,2026-08,48.96
C-0287,2026-08-23,2026-08,48.94
C-0287,2026-08-24,2026-08,50.17
C-0287,2026-08-25,2026-08,48.63
C-0287,2026-08-26,2026-08,51.61
C-0287,2026-08-27,2026-08,50.01
C-0287,2026-08-28,2026-08,49.38
C-0287,2026-08-29,2026-08,50.39
C-0287,2026-08-30,2026-08,49.98
C-0287,2026-08-31,2026-08,49.38
C-0288,2026-08-20,2026-08,29.52
C-0288,2026-08-21,2026-08,30.25
C-0288,2026-08-22,2026-08,29.76
C-0288,2026-08-23,2026-08,29.84
C-0288,2026-08-24,2026-08,28.79
C-0288,2026-08-25,2026-08,28.8
C-0288,2026-08-26,2026-08,29.96
C-0288,2026-08-27,2026-08,28.78
C-0288,2026-08-28,2026-08,28.74
C-0288,2026-08-29,2026-08,29.71
C-0288,2026-08-30,2026-08,28.49
C-0288,2026-08-31,2026-08,29.28
C-0289,2026-08-20,2026-08,9.62
C-0289,2026-08-21,2026-08,9.75
C-0289,2026-08-22,2026-08,9.35
C-0289,2026-08-23,2026-08,9.46
C-0289,2026-08-24,2026-08,9.25
C-0289,2026-08-25,2026-08,9.21
C-0289,2026-08-26,2026-08,9.21
C-0289,2026-08-27,2026-08,9.64
C-0289,2026-08-28,2026-08,9.11
C-0289,2026-08-29,2026-08,9.25
C-0289,2026-08-30,2026-08,9.29
C-0289,2026-08-31,2026-08,9.13
C-0290,2026-08-20,2026-08,39.25
C-0290,2026-08-21,2026-08,37.19
C-0290,2026-08-22,2026-08,36.13
C-0290,2026-08-23,2026-08,37.21
C-0290,2026-08-24,2026-08,36.39
C-0290,2026-08-25,2026-08,36.32
C-0290,2026-08-26,2026-08,37.07
C-0290,2026-08-27,2026-08,38.86
C-0290,2026-08-28,2026-08,37.09
C-0290,2026-08-29,2026-08,38.02
C-0290,2026-08-30,2026-08,36.09
C-0290,2026-08-31,2026-08,35.89
C-0291,2026-08-20,2026-08,40.0
C-0291,2026-08-21,2026-08,40.2
C-0291,2026-08-22,2026-08,38.86
C-0291,2026-08-23,2026-08,38.57
C-0291,2026-08-24,2026-08,39.37
C-0291,2026-08-25,2026-08,37.96
C-0291,2026-08-26,2026-08,38.92
C-0291,2026-08-27,2026-08,38.28
C-0291,2026-08-28,2026-08,38.16
C-0291,2026-08-29,2026-08,38.86
C-0291,2026-08-30,2026-08,37.99
C-0291,2026-08-31,2026-08,38.83
C-0292,2026-08-20,2026-08,13.96
C-0292,2026-08-21,2026-08,13.64
C-0292,2026-08-22,2026-08,13.59
C-0292,2026-08-23,2026-08,13.3
C-0292,2026-08-24,2026-08,12.93
C-0292,2026-08-25,2026-08,13.09
C-0292,2026-08-26,2026-08,13.13
C-0292,2026-08-27,2026-08,13.09
C-0292,2026-08-28,2026-08,13.4
C-0292,2026-08-29,2026-08,13.68
C-0292,2026-08-30,2026-08,13.07
C-0292,2026-08-31,2026-08,13.53
C-0293,2026-08-20,2026-08,48.54
C-0293,2026-08-21,2026-08,48.78
C-0293,2026-08-22,2026-08,49.07
C-0293,2026-08-23,2026-08,48.39
C-0293,2026-08-24,2026-08,48.85
C-0293,2026-08-25,2026-08,47.24
C-0293,2026-08-26,2026-08,48.63
C-0293,2026-08-27,2026-08,48.98
C-0293,2026-08-28,2026-08,48.91
C-0293,2026-08-29,2026-08,48.9
C-0293,2026-08-30,2026-08,47.14
C-0293,2026-08-31,2026-08,46.56
C-0294,2026-08-20,2026-08,9.83
C-0294,2026-08-21,2026-08,9.67
C-0294,2026-08-22,2026-08,9.32
C-0294,2026-08-23,2026-08,9.13
C-0294,2026-08-24,2026-08,9.01
C-0294,2026-08-25,2026-08,9.28
C-0294,2026-08-26,2026-08,9.23
C-0294,2026-08-27,2026-08,9.69
C-0294,2026-08-28,2026-08,9.15
C-0294,2026-08-29,2026-08,9.23
C-0294,2026-08-30,2026-08,9.06
C-0294,2026-08-31,2026-08,9.42
C-0295,2026-08-20,2026-08,17.52
C-0295,2026-08-21,2026-08,17.45
C-0295,2026-08-22,2026-08,17.06
C-0295,2026-08-23,2026-08,17.13
C-0295,2026-08-24,2026-08,17.68
C-0295,2026-08-25,2026-08,16.93
C-0295,2026-08-26,2026-08,17.69
C-0295,2026-08-27,2026-08,17.49
C-0295,2026-08-28,2026-08,17.33
C-0295,2026-08-29,2026-08,17.54
C-0295,2026-08-30,2026-08,17.27
C-0295,2026-08-31,2026-08,16.77
C-0296,2026-08-20,2026-08,10.96
C-0296,2026-08-21,2026-08,10.61
C-0296,2026-08-22,2026-08,10.4
C-0296,2026-08-23,2026-08,10.49
C-0296,2026-08-24,2026-08,10.38
C-0296,2026-08-25,2026-08,10.87
C-0296,2026-08-26,2026-08,10.59
C-0296,2026-08-27,2026-08,10.81
C-0296,2026-08-28,2026-08,10.87
C-0296,2026-08-29,2026-08,10.54
C-0296,2026-08-30,2026-08,10.52
C-0296,2026-08-31,2026-08,10.56
C-0297,2026-08-20,2026-08,6.92
C-0297,2026-08-21,2026-08,6.75
C-0297,2026-08-22,2026-08,6.54
C-0297,2026-08-23,2026-08,6.53
C-0297,2026-08-24,2026-08,6.55
C-0297,2026-08-25,2026-08,6.72
C-0297,2026-08-26,2026-08,6.62
C-0297,2026-08-27,2026-08,6.78
C-0297,2026-08-28,2026-08,6.75
C-0297,2026-08-29,2026-08,6.77
C-0297,2026-08-30,2026-08,6.68
C-0297,2026-08-31,2026-08,6.46
C-0298,2026-08-20,2026-08,49.15
C-0298,2026-08-21,2026-08,49.6
C-0298,2026-08-22,2026-08,46.82
C-0298,2026-08-23,2026-08,48.94
C-0298,2026-08-24,2026-08,48.1
C-0298,2026-08-25,2026-08,46.11
C-0298,2026-08-26,2026-08,48.21
C-0298,2026-08-27,2026-08,48.99
C-0298,2026-08-28,2026-08,48.34
C-0298,2026-08-29,2026-08,47.98
C-0298,2026-08-30,2026-08,47.56
C-0298,2026-08-31,2026-08,46.61
C-0299,2026-08-20,2026-08,11.03
C-0299,2026-08-21,2026-08,10.5
C-0299,2026-08-22,2026-08,10.61
C-0299,2026-08-23,2026-08,10.29
C-0299,2026-08-24,2026-08,10.5
C-0299,2026-08-25,2026-08,10.34
C-0299,2026-08-26,2026-08,10.89
C-0299,2026-08-27,2026-08,10.52
C-0299,2026-08-28,2026-08,10.67
C-0299,2026-08-29,2026-08,10.85
C-0299,2026-08-30,2026-08,10.22
C-0299,2026-08-31,2026-08,10.41
C-0300,2026-08-20,2026-08,15.04
C-0300,2026-08-21,2026-08,14.79
C-0300,2026-08-22,2026-08,14.55
C-0300,2026-08-23,2026-08,14.19
C-0300,2026-08-24,2026-08,14.84
C-0300,2026-08-25,2026-08,14.27
C-0300,2026-08-26,2026-08,14.5
C-0300,2026-08-27,2026-08,14.52
C-0300,2026-08-28,2026-08,14.5
C-0300,2026-08-29,2026-08,14.58
C-0300,2026-08-30,2026-08,14.29
C-0300,2026-08-31,2026-08,14.54
