date,slot,hour,month,start_time,reserve_margin_pct,imbalance_price_jpy_kwh,imbalance_p10_jpy_kwh,imbalance_p90_jpy_kwh,scarcity_flag,is_forecast
2026-06-01,1,0,2026-06,2026-06-01T00:00,19.48,16.73,16.73,16.73,false,false
2026-06-01,2,0,2026-06,2026-06-01T00:30,19.81,17.28,17.28,17.28,false,false
2026-06-01,3,1,2026-06,2026-06-01T01:00,18.46,16.28,16.28,16.28,false,false
2026-06-01,4,1,2026-06,2026-06-01T01:30,19.11,17.42,17.42,17.42,false,false
2026-06-01,5,2,2026-06,2026-06-01T02:00,18.8,16.74,16.74,16.74,false,false
2026-06-01,6,2,2026-06,2026-06-01T02:30,18.94,16.06,16.06,16.06,false,false
2026-06-01,7,3,2026-06,2026-06-01T03:00,19.21,19.75,19.75,19.75,false,false
2026-06-01,8,3,2026-06,2026-06-01T03:30,18.02,14.67,14.67,14.67,false,false
2026-06-01,9,4,2026-06,2026-06-01T04:00,19.4,17.55,17.55,17.55,false,false
2026-06-01,10,4,2026-06,2026-06-01T04:30,18.99,16.8,16.8,16.8,false,false
2026-06-01,11,5,2026-06,2026-06-01T05:00,19.74,14.48,14.48,14.48,false,false
2026-06-01,12,5,2026-06,2026-06-01T05:30,18.51,17.4,17.4,17.4,false,false
2026-06-01,13,6,2026-06,2026-06-01T06:00,18.45,14.44,14.44,14.44,false,false
2026-06-01,14,6,2026-06,2026-06-01T06:30,18.73,15.42,15.42,15.42,false,false
2026-06-01,15,7,2026-06,2026-06-01T07:00,19.4,15.29,15.29,15.29,false,false
2026-06-01,16,7,2026-06,2026-06-01T07:30,18.43,14.65,14.65,14.65,false,false
2026-06-01,17,8,2026-06,2026-06-01T08:00,19.33,15.98,15.98,15.98,false,false
2026-06-01,18,8,2026-06,2026-06-01T08:30,18.21,20.27,20.27,20.27,false,false
2026-06-01,19,9,2026-06,2026-06-01T09:00,18.1,19.35,19.35,19.35,false,false
2026-06-01,20,9,2026-06,2026-06-01T09:30,20.0,17.74,17.74,17.74,false,false
2026-06-01,21,10,2026-06,2026-06-01T10:00,20.18,17.9,17.9,17.9,false,false
2026-06-01,22,10,2026-06,2026-06-01T10:30,18.67,19.04,19.04,19.04,false,false
2026-06-01,23,11,2026-06,2026-06-01T11:00,19.3,20.8,20.8,20.8,false,false
2026-06-01,24,11,2026-06,2026-06-01T11:30,20.61,17.5,17.5,17.5,false,false
2026-06-01,25,12,2026-06,2026-06-01T12:00,21.56,20.82,20.82,20.82,false,false
2026-06-01,26,12,2026-06,2026-06-01T12:30,20.51,22.66,22.66,22.66,false,false
2026-06-01,27,13,2026-06,2026-06-01T13:00,20.44,18.65,18.65,18.65,false,false
2026-06-01,28,13,2026-06,2026-06-01T13:30,20.85,21.42,21.42,21.42,false,false
2026-06-01,29,14,2026-06,2026-06-01T14:00,19.95,21.68,21.68,21.68,false,false
2026-06-01,30,14,2026-06,2026-06-01T14:30,20.08,22.17,22.17,22.17,false,false
2026-06-01,31,15,2026-06,2026-06-01T15:00,18.4,23.61,23.61,23.61,false,false
2026-06-01,32,15,2026-06,2026-06-01T15:30,17.31,27.06,27.06,27.06,false,false
2026-06-01,33,16,2026-06,2026-06-01T16:00,17.81,29.45,29.45,29.45,false,false
2026-06-01,34,16,2026-06,2026-06-01T16:30,16.55,25.33,25.33,25.33,false,false
2026-06-01,35,17,2026-06,2026-06-01T17:00,15.69,30.36,30.36,30.36,false,false
2026-06-01,36,17,2026-06,2026-06-01T17:30,14.0,31.55,31.55,31.55,false,false
2026-06-01,37,18,2026-06,2026-06-01T18:00,14.27,29.7,29.7,29.7,false,false
2026-06-01,38,18,2026-06,2026-06-01T18:30,15.88,27.38,27.38,27.38,false,false
2026-06-01,39,19,2026-06,2026-06-01T19:00,15.04,28.04,28.04,28.04,false,false
2026-06-01,40,19,2026-06,2026-06-01T19:30,15.5,28.54,28.54,28.54,false,false
2026-06-01,41,20,2026-06,2026-06-01T20:00,16.79,19.49,19.49,19.49,false,false
2026-06-01,42,20,2026-06,2026-06-01T20:30,19.29,20.81,20.81,20.81,false,false
2026-06-01,43,21,2026-06,2026-06-01T21:00,18.53,17.23,17.23,17.23,false,false
2026-06-01,44,21,2026-06,2026-06-01T21:30,18.56,19.67,19.67,19.67,false,false
2026-06-01,45,22,2026-06,2026-06-01T22:00,19.46,22.44,22.44,22.44,false,false
2026-06-01,46,22,2026-06,2026-06-01T22:30,18.09,23.52,23.52,23.52,false,false
2026-06-01,47,23,2026-06,2026-06-01T23:00,19.0,17.01,17.01,17.01,false,false
2026-06-01,48,23,2026-06,2026-06-01T23:30,19.09,17.16,17.16,17.16,false,false
2026-06-02,1,0,2026-06,2026-06-02T00:00,17.48,17.47,17.47,17.47,false,false
2026-06-02,2,0,2026-06,2026-06-02T00:30,18.49,17.46,17.46,17.46,false,false
2026-06-02,3,1,2026-06,2026-06-02T01:00,18.06,16.61,16.61,16.61,false,false
2026-06-02,4,1,2026-06,2026-06-02T01:30,18.21,13.22,13.22,13.22,false,false
2026-06-02,5,2,2026-06,2026-06-02T02:00,18.57,12.81,12.81,12.81,false,false
2026-06-02,6,2,2026-06,2026-06-02T02:30,17.98,15.99,15.99,15.99,false,false
2026-06-02,7,3,2026-06,2026-06-02T03:00,18.04,11.8,11.8,11.8,false,false
2026-06-02,8,3,2026-06,2026-06-02T03:30,17.6,18.31,18.31,18.31,false,false
2026-06-02,9,4,2026-06,2026-06-02T04:00,19.28,14.53,14.53,14.53,false,false
2026-06-02,10,4,2026-06,2026-06-02T04:30,16.8,13.3,13.3,13.3,false,false
2026-06-02,11,5,2026-06,2026-06-02T05:00,18.72,15.54,15.54,15.54,false,false
2026-06-02,12,5,2026-06,2026-06-02T05:30,18.41,12.44,12.44,12.44,false,false
2026-06-02,13,6,2026-06,2026-06-02T06:00,17.43,14.05,14.05,14.05,false,false
2026-06-02,14,6,2026-06,2026-06-02T06:30,17.92,11.64,11.64,11.64,false,false
2026-06-02,15,7,2026-06,2026-06-02T07:00,18.51,14.81,14.81,14.81,false,false
2026-06-02,16,7,2026-06,2026-06-02T07:30,17.88,17.33,17.33,17.33,false,false
2026-06-02,17,8,2026-06,2026-06-02T08:00,18.86,14.02,14.02,14.02,false,false
2026-06-02,18,8,2026-06,2026-06-02T08:30,18.31,13.32,13.32,13.32,false,false
2026-06-02,19,9,2026-06,2026-06-02T09:00,17.76,12.62,12.62,12.62,false,false
2026-06-02,20,9,2026-06,2026-06-02T09:30,19.23,15.43,15.43,15.43,false,false
2026-06-02,21,10,2026-06,2026-06-02T10:00,18.8,18.07,18.07,18.07,false,false
2026-06-02,22,10,2026-06,2026-06-02T10:30,19.35,17.94,17.94,17.94,false,false
2026-06-02,23,11,2026-06,2026-06-02T11:00,20.59,17.54,17.54,17.54,false,false
2026-06-02,24,11,2026-06,2026-06-02T11:30,20.49,15.39,15.39,15.39,false,false
2026-06-02,25,12,2026-06,2026-06-02T12:00,20.36,16.68,16.68,16.68,false,false
2026-06-02,26,12,2026-06,2026-06-02T12:30,20.37,18.48,18.48,18.48,false,false
2026-06-02,27,13,2026-06,2026-06-02T13:00,20.59,20.38,20.38,20.38,false,false
2026-06-02,28,13,2026-06,2026-06-02T13:30,19.96,15.78,15.78,15.78,false,false
2026-06-02,29,14,2026-06,2026-06-02T14:00,18.88,17.5,17.5,17.5,false,false
2026-06-02,30,14,2026-06,2026-06-02T14:30,18.5,19.13,19.13,19.13,false,false
2026-06-02,31,15,2026-06,2026-06-02T15:00,18.7,20.87,20.87,20.87,false,false
2026-06-02,32,15,2026-06,2026-06-02T15:30,16.56,26.02,26.02,26.02,false,false
2026-06-02,33,16,2026-06,2026-06-02T16:00,16.44,29.78,29.78,29.78,false,false
2026-06-02,34,16,2026-06,2026-06-02T16:30,15.01,21.89,21.89,21.89,false,false
2026-06-02,35,17,2026-06,2026-06-02T17:00,14.71,21.86,21.86,21.86,false,false
2026-06-02,36,17,2026-06,2026-06-02T17:30,13.06,26.39,26.39,26.39,false,false
2026-06-02,37,18,2026-06,2026-06-02T18:00,12.89,21.44,21.44,21.44,false,false
2026-06-02,38,18,2026-06,2026-06-02T18:30,14.08,23.44,23.44,23.44,false,false
2026-06-02,39,19,2026-06,2026-06-02T19:00,15.41,27.04,27.04,27.04,false,false
2026-06-02,40,19,2026-06,2026-06-02T19:30,16.01,20.43,20.43,20.43,false,false
2026-06-02,41,20,2026-06,2026-06-02T20:00,15.86,19.28,19.28,19.28,false,false
2026-06-02,42,20,2026-06,2026-06-02T20:30,17.26,14.99,14.99,14.99,false,false
2026-06-02,43,21,2026-06,2026-06-02T21:00,18.26,15.75,15.75,15.75,false,false
2026-06-02,44,21,2026-06,2026-06-02T21:30,18.73,16.0,16.0,16.0,false,false
2026-06-02,45,22,2026-06,2026-06-02T22:00,17.39,20.5,20.5,20.5,false,false
2026-06-02,46,22,2026-06,2026-06-02T22:30,17.53,15.77,15.77,15.77,false,false
2026-06-02,47,23,2026-06,2026-06-02T23:00,17.86,14.24,14.24,14.24,false,false
2026-06-02,48,23,2026-06,2026-06-02T23:30,17.88,17.01,17.01,17.01,false,false
2026-06-03,1,0,2026-06,2026-06-03T00:00,17.37,17.12,17.12,17.12,false,false
2026-06-03,2,0,2026-06,2026-06-03T00:30,17.11,19.61,19.61,19.61,false,false
2026-06-03,3,1,2026-06,2026-06-03T01:00,17.13,19.92,19.92,19.92,false,false
2026-06-03,4,1,2026-06,2026-06-03T01:30,16.59,16.21,16.21,16.21,false,false
2026-06-03,5,2,2026-06,2026-06-03T02:00,15.9,14.07,14.07,14.07,false,false
2026-06-03,6,2,2026-06,2026-06-03T02:30,16.9,16.21,16.21,16.21,false,false
2026-06-03,7,3,2026-06,2026-06-03T03:00,16.75,18.51,18.51,18.51,false,false
2026-06-03,8,3,2026-06,2026-06-03T03:30,16.49,16.56,16.56,16.56,false,false
2026-06-03,9,4,2026-06,2026-06-03T04:00,16.79,19.56,19.56,19.56,false,false
2026-06-03,10,4,2026-06,2026-06-03T04:30,16.51,17.22,17.22,17.22,false,false
2026-06-03,11,5,2026-06,2026-06-03T05:00,16.32,18.02,18.02,18.02,false,false
2026-06-03,12,5,2026-06,2026-06-03T05:30,15.94,17.06,17.06,17.06,false,false
2026-06-03,13,6,2026-06,2026-06-03T06:00,16.76,18.4,18.4,18.4,false,false
2026-06-03,14,6,2026-06,2026-06-03T06:30,16.94,16.11,16.11,16.11,false,false
2026-06-03,15,7,2026-06,2026-06-03T07:00,16.69,15.46,15.46,15.46,false,false
2026-06-03,16,7,2026-06,2026-06-03T07:30,17.31,15.79,15.79,15.79,false,false
2026-06-03,17,8,2026-06,2026-06-03T08:00,16.75,17.02,17.02,17.02,false,false
2026-06-03,18,8,2026-06,2026-06-03T08:30,17.08,17.4,17.4,17.4,false,false
2026-06-03,19,9,2026-06,2026-06-03T09:00,17.29,18.47,18.47,18.47,false,false
2026-06-03,20,9,2026-06,2026-06-03T09:30,17.95,21.96,21.96,21.96,false,false
2026-06-03,21,10,2026-06,2026-06-03T10:00,17.85,21.25,21.25,21.25,false,false
2026-06-03,22,10,2026-06,2026-06-03T10:30,18.98,21.1,21.1,21.1,false,false
2026-06-03,23,11,2026-06,2026-06-03T11:00,17.31,18.47,18.47,18.47,false,false
2026-06-03,24,11,2026-06,2026-06-03T11:30,18.98,20.95,20.95,20.95,false,false
2026-06-03,25,12,2026-06,2026-06-03T12:00,17.96,19.45,19.45,19.45,false,false
2026-06-03,26,12,2026-06,2026-06-03T12:30,17.6,20.55,20.55,20.55,false,false
2026-06-03,27,13,2026-06,2026-06-03T13:00,18.34,25.85,25.85,25.85,false,false
2026-06-03,28,13,2026-06,2026-06-03T13:30,18.96,21.1,21.1,21.1,false,false
2026-06-03,29,14,2026-06,2026-06-03T14:00,17.29,22.41,22.41,22.41,false,false
2026-06-03,30,14,2026-06,2026-06-03T14:30,18.11,25.77,25.77,25.77,false,false
2026-06-03,31,15,2026-06,2026-06-03T15:00,16.41,28.51,28.51,28.51,false,false
2026-06-03,32,15,2026-06,2026-06-03T15:30,16.47,26.16,26.16,26.16,false,false
2026-06-03,33,16,2026-06,2026-06-03T16:00,14.37,39.14,39.14,39.14,false,false
2026-06-03,34,16,2026-06,2026-06-03T16:30,14.11,32.11,32.11,32.11,false,false
2026-06-03,35,17,2026-06,2026-06-03T17:00,13.04,33.51,33.51,33.51,false,false
2026-06-03,36,17,2026-06,2026-06-03T17:30,12.27,32.97,32.97,32.97,false,false
2026-06-03,37,18,2026-06,2026-06-03T18:00,12.31,27.59,27.59,27.59,false,false
2026-06-03,38,18,2026-06,2026-06-03T18:30,12.49,28.38,28.38,28.38,false,false
2026-06-03,39,19,2026-06,2026-06-03T19:00,13.21,25.71,25.71,25.71,false,false
2026-06-03,40,19,2026-06,2026-06-03T19:30,14.93,24.42,24.42,24.42,false,false
2026-06-03,41,20,2026-06,2026-06-03T20:00,15.08,22.89,22.89,22.89,false,false
2026-06-03,42,20,2026-06,2026-06-03T20:30,16.85,26.37,26.37,26.37,false,false
2026-06-03,43,21,2026-06,2026-06-03T21:00,16.95,19.8,19.8,19.8,false,false
2026-06-03,44,21,2026-06,2026-06-03T21:30,17.08,25.15,25.15,25.15,false,false
2026-06-03,45,22,2026-06,2026-06-03T22:00,15.49,20.79,20.79,20.79,false,false
2026-06-03,46,22,2026-06,2026-06-03T22:30,16.6,19.54,19.54,19.54,false,false
2026-06-03,47,23,2026-06,2026-06-03T23:00,17.33,19.94,19.94,19.94,false,false
2026-06-03,48,23,2026-06,2026-06-03T23:30,16.7,17.84,17.84,17.84,false,false
2026-06-04,1,0,2026-06,2026-06-04T00:00,15.49,16.32,16.32,16.32,false,false
2026-06-04,2,0,2026-06,2026-06-04T00:30,15.38,17.07,17.07,17.07,false,false
2026-06-04,3,1,2026-06,2026-06-04T01:00,16.47,15.91,15.91,15.91,false,false
2026-06-04,4,1,2026-06,2026-06-04T01:30,15.3,15.66,15.66,15.66,false,false
2026-06-04,5,2,2026-06,2026-06-04T02:00,15.13,13.53,13.53,13.53,false,false
2026-06-04,6,2,2026-06,2026-06-04T02:30,16.14,15.88,15.88,15.88,false,false
2026-06-04,7,3,2026-06,2026-06-04T03:00,14.95,14.74,14.74,14.74,false,false
2026-06-04,8,3,2026-06,2026-06-04T03:30,15.84,15.11,15.11,15.11,false,false
2026-06-04,9,4,2026-06,2026-06-04T04:00,15.4,14.72,14.72,14.72,false,false
2026-06-04,10,4,2026-06,2026-06-04T04:30,16.41,13.05,13.05,13.05,false,false
2026-06-04,11,5,2026-06,2026-06-04T05:00,16.49,16.8,16.8,16.8,false,false
2026-06-04,12,5,2026-06,2026-06-04T05:30,16.09,12.09,12.09,12.09,false,false
2026-06-04,13,6,2026-06,2026-06-04T06:00,15.27,17.58,17.58,17.58,false,false
2026-06-04,14,6,2026-06,2026-06-04T06:30,15.58,18.51,18.51,18.51,false,false
2026-06-04,15,7,2026-06,2026-06-04T07:00,16.23,15.23,15.23,15.23,false,false
2026-06-04,16,7,2026-06,2026-06-04T07:30,15.45,15.14,15.14,15.14,false,false
2026-06-04,17,8,2026-06,2026-06-04T08:00,15.73,14.02,14.02,14.02,false,false
2026-06-04,18,8,2026-06,2026-06-04T08:30,15.95,14.29,14.29,14.29,false,false
2026-06-04,19,9,2026-06,2026-06-04T09:00,16.4,14.3,14.3,14.3,false,false
2026-06-04,20,9,2026-06,2026-06-04T09:30,15.82,17.61,17.61,17.61,false,false
2026-06-04,21,10,2026-06,2026-06-04T10:00,16.07,13.33,13.33,13.33,false,false
2026-06-04,22,10,2026-06,2026-06-04T10:30,16.64,18.45,18.45,18.45,false,false
2026-06-04,23,11,2026-06,2026-06-04T11:00,17.81,14.12,14.12,14.12,false,false
2026-06-04,24,11,2026-06,2026-06-04T11:30,17.27,14.89,14.89,14.89,false,false
2026-06-04,25,12,2026-06,2026-06-04T12:00,17.23,14.8,14.8,14.8,false,false
2026-06-04,26,12,2026-06,2026-06-04T12:30,18.46,18.2,18.2,18.2,false,false
2026-06-04,27,13,2026-06,2026-06-04T13:00,17.06,18.08,18.08,18.08,false,false
2026-06-04,28,13,2026-06,2026-06-04T13:30,16.66,21.03,21.03,21.03,false,false
2026-06-04,29,14,2026-06,2026-06-04T14:00,16.16,20.71,20.71,20.71,false,false
2026-06-04,30,14,2026-06,2026-06-04T14:30,16.59,25.34,25.34,25.34,false,false
2026-06-04,31,15,2026-06,2026-06-04T15:00,15.37,22.04,22.04,22.04,false,false
2026-06-04,32,15,2026-06,2026-06-04T15:30,14.97,23.83,23.83,23.83,false,false
2026-06-04,33,16,2026-06,2026-06-04T16:00,12.53,23.19,23.19,23.19,false,false
2026-06-04,34,16,2026-06,2026-06-04T16:30,11.74,24.25,24.25,24.25,false,false
2026-06-04,35,17,2026-06,2026-06-04T17:00,12.46,23.51,23.51,23.51,false,false
2026-06-04,36,17,2026-06,2026-06-04T17:30,11.36,26.91,26.91,26.91,false,false
2026-06-04,37,18,2026-06,2026-06-04T18:00,10.96,24.13,24.13,24.13,false,false
2026-06-04,38,18,2026-06,2026-06-04T18:30,12.41,27.79,27.79,27.79,false,false
2026-06-04,39,19,2026-06,2026-06-04T19:00,13.03,21.93,21.93,21.93,false,false
2026-06-04,40,19,2026-06,2026-06-04T19:30,14.57,21.15,21.15,21.15,false,false
2026-06-04,41,20,2026-06,2026-06-04T20:00,14.8,21.48,21.48,21.48,false,false
2026-06-04,42,20,2026-06,2026-06-04T20:30,15.64,20.66,20.66,20.66,false,false
2026-06-04,43,21,2026-06,2026-06-04T21:00,15.61,16.95,16.95,16.95,false,false
2026-06-04,44,21,2026-06,2026-06-04T21:30,15.31,17.17,17.17,17.17,false,false
2026-06-04,45,22,2026-06,2026-06-04T22:00,15.44,18.78,18.78,18.78,false,false
2026-06-04,46,22,2026-06,2026-06-04T22:30,15.77,20.56,20.56,20.56,false,false
2026-06-04,47,23,2026-06,2026-06-04T23:00,15.03,13.95,13.95,13.95,false,false
2026-06-04,48,23,2026-06,2026-06-04T23:30,15.92,15.89,15.89,15.89,false,false
2026-06-05,1,0,2026-06,2026-06-05T00:00,16.25,16.26,16.26,16.26,false,false
2026-06-05,2,0,2026-06,2026-06-05T00:30,14.77,18.24,18.24,18.24,false,false
2026-06-05,3,1,2026-06,2026-06-05T01:00,15.89,16.86,16.86,16.86,false,false
2026-06-05,4,1,2026-06,2026-06-05T01:30,15.45,18.68,18.68,18.68,false,false
2026-06-05,5,2,2026-06,2026-06-05T02:00,15.35,21.46,21.46,21.46,false,false
2026-06-05,6,2,2026-06,2026-06-05T02:30,16.88,17.44,17.44,17.44,false,false
2026-06-05,7,3,2026-06,2026-06-05T03:00,15.89,16.84,16.84,16.84,false,false
2026-06-05,8,3,2026-06,2026-06-05T03:30,15.26,22.5,22.5,22.5,false,false
2026-06-05,9,4,2026-06,2026-06-05T04:00,16.58,18.27,18.27,18.27,false,false
2026-06-05,10,4,2026-06,2026-06-05T04:30,16.18,16.97,16.97,16.97,false,false
2026-06-05,11,5,2026-06,2026-06-05T05:00,15.97,17.55,17.55,17.55,false,false
2026-06-05,12,5,2026-06,2026-06-05T05:30,16.63,17.05,17.05,17.05,false,false
2026-06-05,13,6,2026-06,2026-06-05T06:00,15.5,16.45,16.45,16.45,false,false
2026-06-05,14,6,2026-06,2026-06-05T06:30,16.52,15.28,15.28,15.28,false,false
2026-06-05,15,7,2026-06,2026-06-05T07:00,15.82,17.99,17.99,17.99,false,false
2026-06-05,16,7,2026-06,2026-06-05T07:30,15.6,19.04,19.04,19.04,false,false
2026-06-05,17,8,2026-06,2026-06-05T08:00,15.92,17.05,17.05,17.05,false,false
2026-06-05,18,8,2026-06,2026-06-05T08:30,16.85,21.33,21.33,21.33,false,false
2026-06-05,19,9,2026-06,2026-06-05T09:00,15.77,22.42,22.42,22.42,false,false
2026-06-05,20,9,2026-06,2026-06-05T09:30,16.46,18.2,18.2,18.2,false,false
2026-06-05,21,10,2026-06,2026-06-05T10:00,16.95,17.39,17.39,17.39,false,false
2026-06-05,22,10,2026-06,2026-06-05T10:30,17.23,15.74,15.74,15.74,false,false
2026-06-05,23,11,2026-06,2026-06-05T11:00,17.42,21.09,21.09,21.09,false,false
2026-06-05,24,11,2026-06,2026-06-05T11:30,18.2,17.76,17.76,17.76,false,false
2026-06-05,25,12,2026-06,2026-06-05T12:00,17.11,17.06,17.06,17.06,false,false
2026-06-05,26,12,2026-06,2026-06-05T12:30,17.86,21.28,21.28,21.28,false,false
2026-06-05,27,13,2026-06,2026-06-05T13:00,16.66,22.31,22.31,22.31,false,false
2026-06-05,28,13,2026-06,2026-06-05T13:30,16.85,22.45,22.45,22.45,false,false
2026-06-05,29,14,2026-06,2026-06-05T14:00,17.35,23.37,23.37,23.37,false,false
2026-06-05,30,14,2026-06,2026-06-05T14:30,17.55,26.67,26.67,26.67,false,false
2026-06-05,31,15,2026-06,2026-06-05T15:00,15.13,28.87,28.87,28.87,false,false
2026-06-05,32,15,2026-06,2026-06-05T15:30,15.85,28.18,28.18,28.18,false,false
2026-06-05,33,16,2026-06,2026-06-05T16:00,14.2,30.2,30.2,30.2,false,false
2026-06-05,34,16,2026-06,2026-06-05T16:30,12.6,27.7,27.7,27.7,false,false
2026-06-05,35,17,2026-06,2026-06-05T17:00,11.01,30.19,30.19,30.19,false,false
2026-06-05,36,17,2026-06,2026-06-05T17:30,10.31,24.9,24.9,24.9,false,false
2026-06-05,37,18,2026-06,2026-06-05T18:00,9.66,27.93,27.93,27.93,true,false
2026-06-05,38,18,2026-06,2026-06-05T18:30,11.22,26.95,26.95,26.95,false,false
2026-06-05,39,19,2026-06,2026-06-05T19:00,12.11,24.94,24.94,24.94,false,false
2026-06-05,40,19,2026-06,2026-06-05T19:30,13.94,26.86,26.86,26.86,false,false
2026-06-05,41,20,2026-06,2026-06-05T20:00,14.5,20.03,20.03,20.03,false,false
2026-06-05,42,20,2026-06,2026-06-05T20:30,16.34,19.72,19.72,19.72,false,false
2026-06-05,43,21,2026-06,2026-06-05T21:00,16.43,23.71,23.71,23.71,false,false
2026-06-05,44,21,2026-06,2026-06-05T21:30,15.62,19.93,19.93,19.93,false,false
2026-06-05,45,22,2026-06,2026-06-05T22:00,16.18,19.46,19.46,19.46,false,false
2026-06-05,46,22,2026-06,2026-06-05T22:30,15.93,20.9,20.9,20.9,false,false
2026-06-05,47,23,2026-06,2026-06-05T23:00,15.5,22.22,22.22,22.22,false,false
2026-06-05,48,23,2026-06,2026-06-05T23:30,16.32,16.38,16.38,16.38,false,false
2026-06-06,1,0,2026-06,2026-06-06T00:00,21.65,17.11,17.11,17.11,false,false
2026-06-06,2,0,2026-06,2026-06-06T00:30,21.76,15.31,15.31,15.31,false,false
2026-06-06,3,1,2026-06,2026-06-06T01:00,21.38,15.78,15.78,15.78,false,false
2026-06-06,4,1,2026-06,2026-06-06T01:30,21.33,14.77,14.77,14.77,false,false
2026-06-06,5,2,2026-06,2026-06-06T02:00,21.04,17.28,17.28,17.28,false,false
2026-06-06,6,2,2026-06,2026-06-06T02:30,21.4,15.0,15.0,15.0,false,false
2026-06-06,7,3,2026-06,2026-06-06T03:00,20.2,16.3,16.3,16.3,false,false
2026-06-06,8,3,2026-06,2026-06-06T03:30,20.5,12.13,12.13,12.13,false,false
2026-06-06,9,4,2026-06,2026-06-06T04:00,20.18,12.52,12.52,12.52,false,false
2026-06-06,10,4,2026-06,2026-06-06T04:30,20.11,11.72,11.72,11.72,false,false
2026-06-06,11,5,2026-06,2026-06-06T05:00,21.05,14.36,14.36,14.36,false,false
2026-06-06,12,5,2026-06,2026-06-06T05:30,20.59,11.11,11.11,11.11,false,false
2026-06-06,13,6,2026-06,2026-06-06T06:00,20.41,13.54,13.54,13.54,false,false
2026-06-06,14,6,2026-06,2026-06-06T06:30,20.52,12.92,12.92,12.92,false,false
2026-06-06,15,7,2026-06,2026-06-06T07:00,21.29,14.91,14.91,14.91,false,false
2026-06-06,16,7,2026-06,2026-06-06T07:30,19.76,11.92,11.92,11.92,false,false
2026-06-06,17,8,2026-06,2026-06-06T08:00,21.2,15.75,15.75,15.75,false,false
2026-06-06,18,8,2026-06,2026-06-06T08:30,21.11,13.37,13.37,13.37,false,false
2026-06-06,19,9,2026-06,2026-06-06T09:00,20.89,13.2,13.2,13.2,false,false
2026-06-06,20,9,2026-06,2026-06-06T09:30,21.27,16.35,16.35,16.35,false,false
2026-06-06,21,10,2026-06,2026-06-06T10:00,22.45,12.2,12.2,12.2,false,false
2026-06-06,22,10,2026-06,2026-06-06T10:30,22.26,14.9,14.9,14.9,false,false
2026-06-06,23,11,2026-06,2026-06-06T11:00,22.8,16.23,16.23,16.23,false,false
2026-06-06,24,11,2026-06,2026-06-06T11:30,21.21,11.69,11.69,11.69,false,false
2026-06-06,25,12,2026-06,2026-06-06T12:00,23.74,16.14,16.14,16.14,false,false
2026-06-06,26,12,2026-06,2026-06-06T12:30,23.15,14.09,14.09,14.09,false,false
2026-06-06,27,13,2026-06,2026-06-06T13:00,23.13,17.96,17.96,17.96,false,false
2026-06-06,28,13,2026-06,2026-06-06T13:30,21.57,16.81,16.81,16.81,false,false
2026-06-06,29,14,2026-06,2026-06-06T14:00,22.07,16.7,16.7,16.7,false,false
2026-06-06,30,14,2026-06,2026-06-06T14:30,21.62,19.73,19.73,19.73,false,false
2026-06-06,31,15,2026-06,2026-06-06T15:00,20.37,19.6,19.6,19.6,false,false
2026-06-06,32,15,2026-06,2026-06-06T15:30,19.63,24.69,24.69,24.69,false,false
2026-06-06,33,16,2026-06,2026-06-06T16:00,18.72,25.81,25.81,25.81,false,false
2026-06-06,34,16,2026-06,2026-06-06T16:30,18.72,22.17,22.17,22.17,false,false
2026-06-06,35,17,2026-06,2026-06-06T17:00,15.93,26.44,26.44,26.44,false,false
2026-06-06,36,17,2026-06,2026-06-06T17:30,16.61,25.07,25.07,25.07,false,false
2026-06-06,37,18,2026-06,2026-06-06T18:00,16.84,23.66,23.66,23.66,false,false
2026-06-06,38,18,2026-06,2026-06-06T18:30,17.33,22.0,22.0,22.0,false,false
2026-06-06,39,19,2026-06,2026-06-06T19:00,17.38,20.43,20.43,20.43,false,false
2026-06-06,40,19,2026-06,2026-06-06T19:30,18.22,19.02,19.02,19.02,false,false
2026-06-06,41,20,2026-06,2026-06-06T20:00,18.8,21.95,21.95,21.95,false,false
2026-06-06,42,20,2026-06,2026-06-06T20:30,20.41,15.34,15.34,15.34,false,false
2026-06-06,43,21,2026-06,2026-06-06T21:00,20.17,15.19,15.19,15.19,false,false
2026-06-06,44,21,2026-06,2026-06-06T21:30,19.98,16.76,16.76,16.76,false,false
2026-06-06,45,22,2026-06,2026-06-06T22:00,20.96,17.97,17.97,17.97,false,false
2026-06-06,46,22,2026-06,2026-06-06T22:30,20.47,16.34,16.34,16.34,false,false
2026-06-06,47,23,2026-06,2026-06-06T23:00,21.59,12.56,12.56,12.56,false,false
2026-06-06,48,23,2026-06,2026-06-06T23:30,21.67,16.68,16.68,16.68,false,false
2026-06-07,1,0,2026-06,2026-06-07T00:00,15.96,15.57,15.57,15.57,false,false
2026-06-07,2,0,2026-06,2026-06-07T00:30,15.85,13.48,13.48,13.48,false,false
2026-06-07,3,1,2026-06,2026-06-07T01:00,16.21,13.71,13.71,13.71,false,false
2026-06-07,4,1,2026-06,2026-06-07T01:30,15.1,15.38,15.38,15.38,false,false
2026-06-07,5,2,2026-06,2026-06-07T02:00,15.87,11.31,11.31,11.31,false,false
2026-06-07,6,2,2026-06,2026-06-07T02:30,15.9,14.0,14.0,14.0,false,false
2026-06-07,7,3,2026-06,2026-06-07T03:00,16.2,12.25,12.25,12.25,false,false
2026-06-07,8,3,2026-06,2026-06-07T03:30,15.41,13.0,13.0,13.0,false,false
2026-06-07,9,4,2026-06,2026-06-07T04:00,16.43,13.7,13.7,13.7,false,false
2026-06-07,10,4,2026-06,2026-06-07T04:30,15.95,16.39,16.39,16.39,false,false
2026-06-07,11,5,2026-06,2026-06-07T05:00,16.41,11.47,11.47,11.47,false,false
2026-06-07,12,5,2026-06,2026-06-07T05:30,16.46,11.03,11.03,11.03,false,false
2026-06-07,13,6,2026-06,2026-06-07T06:00,16.37,14.49,14.49,14.49,false,false
2026-06-07,14,6,2026-06,2026-06-07T06:30,16.57,11.06,11.06,11.06,false,false
2026-06-07,15,7,2026-06,2026-06-07T07:00,15.51,12.83,12.83,12.83,false,false
2026-06-07,16,7,2026-06,2026-06-07T07:30,16.61,12.33,12.33,12.33,false,false
2026-06-07,17,8,2026-06,2026-06-07T08:00,16.93,11.18,11.18,11.18,false,false
2026-06-07,18,8,2026-06,2026-06-07T08:30,15.88,16.33,16.33,16.33,false,false
2026-06-07,19,9,2026-06,2026-06-07T09:00,17.2,14.5,14.5,14.5,false,false
2026-06-07,20,9,2026-06,2026-06-07T09:30,15.43,15.16,15.16,15.16,false,false
2026-06-07,21,10,2026-06,2026-06-07T10:00,16.48,14.12,14.12,14.12,false,false
2026-06-07,22,10,2026-06,2026-06-07T10:30,17.45,15.76,15.76,15.76,false,false
2026-06-07,23,11,2026-06,2026-06-07T11:00,18.13,16.55,16.55,16.55,false,false
2026-06-07,24,11,2026-06,2026-06-07T11:30,18.39,13.16,13.16,13.16,false,false
2026-06-07,25,12,2026-06,2026-06-07T12:00,18.39,12.85,12.85,12.85,false,false
2026-06-07,26,12,2026-06,2026-06-07T12:30,18.55,14.33,14.33,14.33,false,false
2026-06-07,27,13,2026-06,2026-06-07T13:00,18.31,13.9,13.9,13.9,false,false
2026-06-07,28,13,2026-06,2026-06-07T13:30,17.83,18.28,18.28,18.28,false,false
2026-06-07,29,14,2026-06,2026-06-07T14:00,16.43,18.7,18.7,18.7,false,false
2026-06-07,30,14,2026-06,2026-06-07T14:30,16.53,23.51,23.51,23.51,false,false
2026-06-07,31,15,2026-06,2026-06-07T15:00,17.05,22.93,22.93,22.93,false,false
2026-06-07,32,15,2026-06,2026-06-07T15:30,15.29,18.86,18.86,18.86,false,false
2026-06-07,33,16,2026-06,2026-06-07T16:00,13.58,20.32,20.32,20.32,false,false
2026-06-07,34,16,2026-06,2026-06-07T16:30,13.38,21.8,21.8,21.8,false,false
2026-06-07,35,17,2026-06,2026-06-07T17:00,12.17,19.7,19.7,19.7,false,false
2026-06-07,36,17,2026-06,2026-06-07T17:30,10.27,22.16,22.16,22.16,false,false
2026-06-07,37,18,2026-06,2026-06-07T18:00,10.23,21.24,21.24,21.24,false,false
2026-06-07,38,18,2026-06,2026-06-07T18:30,13.51,23.13,23.13,23.13,false,false
2026-06-07,39,19,2026-06,2026-06-07T19:00,12.86,20.3,20.3,20.3,false,false
2026-06-07,40,19,2026-06,2026-06-07T19:30,14.23,16.92,16.92,16.92,false,false
2026-06-07,41,20,2026-06,2026-06-07T20:00,15.61,20.32,20.32,20.32,false,false
2026-06-07,42,20,2026-06,2026-06-07T20:30,15.89,17.6,17.6,17.6,false,false
2026-06-07,43,21,2026-06,2026-06-07T21:00,16.39,19.35,19.35,19.35,false,false
2026-06-07,44,21,2026-06,2026-06-07T21:30,15.76,18.4,18.4,18.4,false,false
2026-06-07,45,22,2026-06,2026-06-07T22:00,16.61,14.76,14.76,14.76,false,false
2026-06-07,46,22,2026-06,2026-06-07T22:30,15.78,14.08,14.08,14.08,false,false
2026-06-07,47,23,2026-06,2026-06-07T23:00,15.09,14.52,14.52,14.52,false,false
2026-06-07,48,23,2026-06,2026-06-07T23:30,16.64,12.85,12.85,12.85,false,false
2026-06-08,1,0,2026-06,2026-06-08T00:00,14.29,17.45,17.45,17.45,false,false
2026-06-08,2,0,2026-06,2026-06-08T00:30,13.91,17.73,17.73,17.73,false,false
2026-06-08,3,1,2026-06,2026-06-08T01:00,15.03,13.4,13.4,13.4,false,false
2026-06-08,4,1,2026-06,2026-06-08T01:30,15.22,18.34,18.34,18.34,false,false
2026-06-08,5,2,2026-06,2026-06-08T02:00,14.83,19.66,19.66,19.66,false,false
2026-06-08,6,2,2026-06,2026-06-08T02:30,14.64,18.19,18.19,18.19,false,false
2026-06-08,7,3,2026-06,2026-06-08T03:00,15.01,17.6,17.6,17.6,false,false
2026-06-08,8,3,2026-06,2026-06-08T03:30,14.94,14.09,14.09,14.09,false,false
2026-06-08,9,4,2026-06,2026-06-08T04:00,15.13,15.95,15.95,15.95,false,false
2026-06-08,10,4,2026-06,2026-06-08T04:30,14.83,13.87,13.87,13.87,false,false
2026-06-08,11,5,2026-06,2026-06-08T05:00,14.41,18.9,18.9,18.9,false,false
2026-06-08,12,5,2026-06,2026-06-08T05:30,13.87,14.93,14.93,14.93,false,false
2026-06-08,13,6,2026-06,2026-06-08T06:00,14.97,18.5,18.5,18.5,false,false
2026-06-08,14,6,2026-06,2026-06-08T06:30,14.65,13.91,13.91,13.91,false,false
2026-06-08,15,7,2026-06,2026-06-08T07:00,14.59,13.06,13.06,13.06,false,false
2026-06-08,16,7,2026-06,2026-06-08T07:30,14.78,17.27,17.27,17.27,false,false
2026-06-08,17,8,2026-06,2026-06-08T08:00,14.64,15.88,15.88,15.88,false,false
2026-06-08,18,8,2026-06,2026-06-08T08:30,14.76,13.87,13.87,13.87,false,false
2026-06-08,19,9,2026-06,2026-06-08T09:00,16.27,17.31,17.31,17.31,false,false
2026-06-08,20,9,2026-06,2026-06-08T09:30,15.29,14.18,14.18,14.18,false,false
2026-06-08,21,10,2026-06,2026-06-08T10:00,15.2,19.35,19.35,19.35,false,false
2026-06-08,22,10,2026-06,2026-06-08T10:30,16.48,20.39,20.39,20.39,false,false
2026-06-08,23,11,2026-06,2026-06-08T11:00,16.57,14.81,14.81,14.81,false,false
2026-06-08,24,11,2026-06,2026-06-08T11:30,16.66,18.61,18.61,18.61,false,false
2026-06-08,25,12,2026-06,2026-06-08T12:00,16.38,18.56,18.56,18.56,false,false
2026-06-08,26,12,2026-06,2026-06-08T12:30,16.31,20.28,20.28,20.28,false,false
2026-06-08,27,13,2026-06,2026-06-08T13:00,16.31,21.2,21.2,21.2,false,false
2026-06-08,28,13,2026-06,2026-06-08T13:30,15.05,18.38,18.38,18.38,false,false
2026-06-08,29,14,2026-06,2026-06-08T14:00,15.81,18.22,18.22,18.22,false,false
2026-06-08,30,14,2026-06,2026-06-08T14:30,15.62,23.17,23.17,23.17,false,false
2026-06-08,31,15,2026-06,2026-06-08T15:00,15.38,19.09,19.09,19.09,false,false
2026-06-08,32,15,2026-06,2026-06-08T15:30,14.75,24.59,24.59,24.59,false,false
2026-06-08,33,16,2026-06,2026-06-08T16:00,13.03,22.98,22.98,22.98,false,false
2026-06-08,34,16,2026-06,2026-06-08T16:30,11.55,23.42,23.42,23.42,false,false
2026-06-08,35,17,2026-06,2026-06-08T17:00,10.07,29.8,29.8,29.8,false,false
2026-06-08,36,17,2026-06,2026-06-08T17:30,10.96,26.72,26.72,26.72,false,false
2026-06-08,37,18,2026-06,2026-06-08T18:00,9.71,24.75,24.75,24.75,true,false
2026-06-08,38,18,2026-06,2026-06-08T18:30,9.96,20.35,20.35,20.35,true,false
2026-06-08,39,19,2026-06,2026-06-08T19:00,11.48,24.73,24.73,24.73,false,false
2026-06-08,40,19,2026-06,2026-06-08T19:30,12.65,22.4,22.4,22.4,false,false
2026-06-08,41,20,2026-06,2026-06-08T20:00,13.25,21.65,21.65,21.65,false,false
2026-06-08,42,20,2026-06,2026-06-08T20:30,14.32,18.37,18.37,18.37,false,false
2026-06-08,43,21,2026-06,2026-06-08T21:00,15.2,21.19,21.19,21.19,false,false
2026-06-08,44,21,2026-06,2026-06-08T21:30,15.11,19.89,19.89,19.89,false,false
2026-06-08,45,22,2026-06,2026-06-08T22:00,15.3,16.05,16.05,16.05,false,false
2026-06-08,46,22,2026-06,2026-06-08T22:30,14.87,20.95,20.95,20.95,false,false
2026-06-08,47,23,2026-06,2026-06-08T23:00,15.45,19.51,19.51,19.51,false,false
2026-06-08,48,23,2026-06,2026-06-08T23:30,13.97,17.58,17.58,17.58,false,false
2026-06-09,1,0,2026-06,2026-06-09T00:00,19.55,18.31,18.31,18.31,false,false
2026-06-09,2,0,2026-06,2026-06-09T00:30,18.72,15.75,15.75,15.75,false,false
2026-06-09,3,1,2026-06,2026-06-09T01:00,18.39,18.12,18.12,18.12,false,false
2026-06-09,4,1,2026-06,2026-06-09T01:30,19.06,15.95,15.95,15.95,false,false
2026-06-09,5,2,2026-06,2026-06-09T02:00,17.87,18.46,18.46,18.46,false,false
2026-06-09,6,2,2026-06,2026-06-09T02:30,18.32,19.63,19.63,19.63,false,false
2026-06-09,7,3,2026-06,2026-06-09T03:00,18.78,13.84,13.84,13.84,false,false
2026-06-09,8,3,2026-06,2026-06-09T03:30,19.38,16.8,16.8,16.8,false,false
2026-06-09,9,4,2026-06,2026-06-09T04:00,18.76,14.51,14.51,14.51,false,false
2026-06-09,10,4,2026-06,2026-06-09T04:30,18.46,15.91,15.91,15.91,false,false
2026-06-09,11,5,2026-06,2026-06-09T05:00,18.2,14.76,14.76,14.76,false,false
2026-06-09,12,5,2026-06,2026-06-09T05:30,19.16,15.74,15.74,15.74,false,false
2026-06-09,13,6,2026-06,2026-06-09T06:00,20.2,16.23,16.23,16.23,false,false
2026-06-09,14,6,2026-06,2026-06-09T06:30,17.98,17.61,17.61,17.61,false,false
2026-06-09,15,7,2026-06,2026-06-09T07:00,18.88,19.26,19.26,19.26,false,false
2026-06-09,16,7,2026-06,2026-06-09T07:30,18.82,16.13,16.13,16.13,false,false
2026-06-09,17,8,2026-06,2026-06-09T08:00,18.77,16.39,16.39,16.39,false,false
2026-06-09,18,8,2026-06,2026-06-09T08:30,18.93,16.12,16.12,16.12,false,false
2026-06-09,19,9,2026-06,2026-06-09T09:00,19.02,16.33,16.33,16.33,false,false
2026-06-09,20,9,2026-06,2026-06-09T09:30,19.63,17.08,17.08,17.08,false,false
2026-06-09,21,10,2026-06,2026-06-09T10:00,19.1,15.55,15.55,15.55,false,false
2026-06-09,22,10,2026-06,2026-06-09T10:30,19.9,18.07,18.07,18.07,false,false
2026-06-09,23,11,2026-06,2026-06-09T11:00,20.34,18.64,18.64,18.64,false,false
2026-06-09,24,11,2026-06,2026-06-09T11:30,19.84,17.0,17.0,17.0,false,false
2026-06-09,25,12,2026-06,2026-06-09T12:00,21.06,20.43,20.43,20.43,false,false
2026-06-09,26,12,2026-06,2026-06-09T12:30,20.61,22.93,22.93,22.93,false,false
2026-06-09,27,13,2026-06,2026-06-09T13:00,19.5,19.7,19.7,19.7,false,false
2026-06-09,28,13,2026-06,2026-06-09T13:30,19.95,20.25,20.25,20.25,false,false
2026-06-09,29,14,2026-06,2026-06-09T14:00,20.48,21.1,21.1,21.1,false,false
2026-06-09,30,14,2026-06,2026-06-09T14:30,19.2,23.55,23.55,23.55,false,false
2026-06-09,31,15,2026-06,2026-06-09T15:00,17.74,23.05,23.05,23.05,false,false
2026-06-09,32,15,2026-06,2026-06-09T15:30,16.81,24.07,24.07,24.07,false,false
2026-06-09,33,16,2026-06,2026-06-09T16:00,16.09,27.6,27.6,27.6,false,false
2026-06-09,34,16,2026-06,2026-06-09T16:30,15.29,22.6,22.6,22.6,false,false
2026-06-09,35,17,2026-06,2026-06-09T17:00,14.57,29.78,29.78,29.78,false,false
2026-06-09,36,17,2026-06,2026-06-09T17:30,13.19,27.13,27.13,27.13,false,false
2026-06-09,37,18,2026-06,2026-06-09T18:00,13.57,28.06,28.06,28.06,false,false
2026-06-09,38,18,2026-06,2026-06-09T18:30,13.67,22.92,22.92,22.92,false,false
2026-06-09,39,19,2026-06,2026-06-09T19:00,15.37,26.16,26.16,26.16,false,false
2026-06-09,40,19,2026-06,2026-06-09T19:30,16.29,26.48,26.48,26.48,false,false
2026-06-09,41,20,2026-06,2026-06-09T20:00,16.45,20.32,20.32,20.32,false,false
2026-06-09,42,20,2026-06,2026-06-09T20:30,18.3,20.5,20.5,20.5,false,false
2026-06-09,43,21,2026-06,2026-06-09T21:00,18.15,17.85,17.85,17.85,false,false
2026-06-09,44,21,2026-06,2026-06-09T21:30,18.18,21.37,21.37,21.37,false,false
2026-06-09,45,22,2026-06,2026-06-09T22:00,18.55,16.44,16.44,16.44,false,false
2026-06-09,46,22,2026-06,2026-06-09T22:30,17.63,19.04,19.04,19.04,false,false
2026-06-09,47,23,2026-06,2026-06-09T23:00,19.01,15.38,15.38,15.38,false,false
2026-06-09,48,23,2026-06,2026-06-09T23:30,19.3,17.46,17.46,17.46,false,false
2026-06-10,1,0,2026-06,2026-06-10T00:00,16.5,18.98,18.98,18.98,false,false
2026-06-10,2,0,2026-06,2026-06-10T00:30,16.42,18.74,18.74,18.74,false,false
2026-06-10,3,1,2026-06,2026-06-10T01:00,16.53,18.27,18.27,18.27,false,false
2026-06-10,4,1,2026-06,2026-06-10T01:30,16.52,19.92,19.92,19.92,false,false
2026-06-10,5,2,2026-06,2026-06-10T02:00,15.96,18.61,18.61,18.61,false,false
2026-06-10,6,2,2026-06,2026-06-10T02:30,16.91,20.02,20.02,20.02,false,false
2026-06-10,7,3,2026-06,2026-06-10T03:00,16.54,16.63,16.63,16.63,false,false
2026-06-10,8,3,2026-06,2026-06-10T03:30,17.19,16.2,16.2,16.2,false,false
2026-06-10,9,4,2026-06,2026-06-10T04:00,16.67,18.17,18.17,18.17,false,false
2026-06-10,10,4,2026-06,2026-06-10T04:30,16.16,21.22,21.22,21.22,false,false
2026-06-10,11,5,2026-06,2026-06-10T05:00,16.92,15.65,15.65,15.65,false,false
2026-06-10,12,5,2026-06,2026-06-10T05:30,16.18,14.08,14.08,14.08,false,false
2026-06-10,13,6,2026-06,2026-06-10T06:00,16.92,17.64,17.64,17.64,false,false
2026-06-10,14,6,2026-06,2026-06-10T06:30,16.58,19.24,19.24,19.24,false,false
2026-06-10,15,7,2026-06,2026-06-10T07:00,16.43,21.1,21.1,21.1,false,false
2026-06-10,16,7,2026-06,2026-06-10T07:30,16.98,19.98,19.98,19.98,false,false
2026-06-10,17,8,2026-06,2026-06-10T08:00,17.25,17.29,17.29,17.29,false,false
2026-06-10,18,8,2026-06,2026-06-10T08:30,17.57,17.59,17.59,17.59,false,false
2026-06-10,19,9,2026-06,2026-06-10T09:00,17.18,18.2,18.2,18.2,false,false
2026-06-10,20,9,2026-06,2026-06-10T09:30,17.31,19.86,19.86,19.86,false,false
2026-06-10,21,10,2026-06,2026-06-10T10:00,17.53,18.88,18.88,18.88,false,false
2026-06-10,22,10,2026-06,2026-06-10T10:30,17.01,19.58,19.58,19.58,false,false
2026-06-10,23,11,2026-06,2026-06-10T11:00,18.48,15.84,15.84,15.84,false,false
2026-06-10,24,11,2026-06,2026-06-10T11:30,18.22,15.82,15.82,15.82,false,false
2026-06-10,25,12,2026-06,2026-06-10T12:00,18.29,18.65,18.65,18.65,false,false
2026-06-10,26,12,2026-06,2026-06-10T12:30,18.88,19.93,19.93,19.93,false,false
2026-06-10,27,13,2026-06,2026-06-10T13:00,19.15,20.95,20.95,20.95,false,false
2026-06-10,28,13,2026-06,2026-06-10T13:30,17.45,24.57,24.57,24.57,false,false
2026-06-10,29,14,2026-06,2026-06-10T14:00,17.93,21.53,21.53,21.53,false,false
2026-06-10,30,14,2026-06,2026-06-10T14:30,17.52,23.88,23.88,23.88,false,false
2026-06-10,31,15,2026-06,2026-06-10T15:00,17.9,23.68,23.68,23.68,false,false
2026-06-10,32,15,2026-06,2026-06-10T15:30,15.77,28.12,28.12,28.12,false,false
2026-06-10,33,16,2026-06,2026-06-10T16:00,14.31,30.58,30.58,30.58,false,false
2026-06-10,34,16,2026-06,2026-06-10T16:30,14.46,29.06,29.06,29.06,false,false
2026-06-10,35,17,2026-06,2026-06-10T17:00,12.8,31.3,31.3,31.3,false,false
2026-06-10,36,17,2026-06,2026-06-10T17:30,10.8,30.63,30.63,30.63,false,false
2026-06-10,37,18,2026-06,2026-06-10T18:00,12.32,28.98,28.98,28.98,false,false
2026-06-10,38,18,2026-06,2026-06-10T18:30,12.9,29.7,29.7,29.7,false,false
2026-06-10,39,19,2026-06,2026-06-10T19:00,13.85,29.09,29.09,29.09,false,false
2026-06-10,40,19,2026-06,2026-06-10T19:30,14.47,24.21,24.21,24.21,false,false
2026-06-10,41,20,2026-06,2026-06-10T20:00,15.72,22.17,22.17,22.17,false,false
2026-06-10,42,20,2026-06,2026-06-10T20:30,16.45,22.36,22.36,22.36,false,false
2026-06-10,43,21,2026-06,2026-06-10T21:00,16.66,24.64,24.64,24.64,false,false
2026-06-10,44,21,2026-06,2026-06-10T21:30,17.47,18.62,18.62,18.62,false,false
2026-06-10,45,22,2026-06,2026-06-10T22:00,16.68,17.45,17.45,17.45,false,false
2026-06-10,46,22,2026-06,2026-06-10T22:30,16.32,19.51,19.51,19.51,false,false
2026-06-10,47,23,2026-06,2026-06-10T23:00,17.25,22.11,22.11,22.11,false,false
2026-06-10,48,23,2026-06,2026-06-10T23:30,15.66,16.27,16.27,16.27,false,false
2026-06-11,1,0,2026-06,2026-06-11T00:00,15.1,22.18,22.18,22.18,false,false
2026-06-11,2,0,2026-06,2026-06-11T00:30,16.19,16.75,16.75,16.75,false,false
2026-06-11,3,1,2026-06,2026-06-11T01:00,14.78,19.47,19.47,19.47,false,false
2026-06-11,4,1,2026-06,2026-06-11T01:30,14.83,16.27,16.27,16.27,false,false
2026-06-11,5,2,2026-06,2026-06-11T02:00,14.77,20.13,20.13,20.13,false,false
2026-06-11,6,2,2026-06,2026-06-11T02:30,15.93,17.04,17.04,17.04,false,false
2026-06-11,7,3,2026-06,2026-06-11T03:00,15.26,23.97,23.97,23.97,false,false
2026-06-11,8,3,2026-06,2026-06-11T03:30,15.36,21.78,21.78,21.78,false,false
2026-06-11,9,4,2026-06,2026-06-11T04:00,15.02,17.73,17.73,17.73,false,false
2026-06-11,10,4,2026-06,2026-06-11T04:30,15.13,20.43,20.43,20.43,false,false
2026-06-11,11,5,2026-06,2026-06-11T05:00,15.83,22.07,22.07,22.07,false,false
2026-06-11,12,5,2026-06,2026-06-11T05:30,15.67,21.62,21.62,21.62,false,false
2026-06-11,13,6,2026-06,2026-06-11T06:00,14.34,20.96,20.96,20.96,false,false
2026-06-11,14,6,2026-06,2026-06-11T06:30,15.92,16.59,16.59,16.59,false,false
2026-06-11,15,7,2026-06,2026-06-11T07:00,15.48,21.14,21.14,21.14,false,false
2026-06-11,16,7,2026-06,2026-06-11T07:30,15.19,16.25,16.25,16.25,false,false
2026-06-11,17,8,2026-06,2026-06-11T08:00,15.82,21.69,21.69,21.69,false,false
2026-06-11,18,8,2026-06,2026-06-11T08:30,15.56,18.67,18.67,18.67,false,false
2026-06-11,19,9,2026-06,2026-06-11T09:00,15.16,19.24,19.24,19.24,false,false
2026-06-11,20,9,2026-06,2026-06-11T09:30,16.69,20.96,20.96,20.96,false,false
2026-06-11,21,10,2026-06,2026-06-11T10:00,16.45,19.62,19.62,19.62,false,false
2026-06-11,22,10,2026-06,2026-06-11T10:30,16.1,17.91,17.91,17.91,false,false
2026-06-11,23,11,2026-06,2026-06-11T11:00,16.43,24.19,24.19,24.19,false,false
2026-06-11,24,11,2026-06,2026-06-11T11:30,16.73,18.96,18.96,18.96,false,false
2026-06-11,25,12,2026-06,2026-06-11T12:00,16.33,17.96,17.96,17.96,false,false
2026-06-11,26,12,2026-06,2026-06-11T12:30,17.43,27.1,27.1,27.1,false,false
2026-06-11,27,13,2026-06,2026-06-11T13:00,16.89,22.92,22.92,22.92,false,false
2026-06-11,28,13,2026-06,2026-06-11T13:30,16.39,21.36,21.36,21.36,false,false
2026-06-11,29,14,2026-06,2026-06-11T14:00,16.11,28.94,28.94,28.94,false,false
2026-06-11,30,14,2026-06,2026-06-11T14:30,16.62,26.93,26.93,26.93,false,false
2026-06-11,31,15,2026-06,2026-06-11T15:00,16.77,27.52,27.52,27.52,false,false
2026-06-11,32,15,2026-06,2026-06-11T15:30,14.43,27.54,27.54,27.54,false,false
2026-06-11,33,16,2026-06,2026-06-11T16:00,13.33,36.4,36.4,36.4,false,false
2026-06-11,34,16,2026-06,2026-06-11T16:30,12.83,34.65,34.65,34.65,false,false
2026-06-11,35,17,2026-06,2026-06-11T17:00,11.31,41.32,41.32,41.32,false,false
2026-06-11,36,17,2026-06,2026-06-11T17:30,10.82,27.08,27.08,27.08,false,false
2026-06-11,37,18,2026-06,2026-06-11T18:00,10.25,34.74,34.74,34.74,false,false
2026-06-11,38,18,2026-06,2026-06-11T18:30,10.84,31.97,31.97,31.97,false,false
2026-06-11,39,19,2026-06,2026-06-11T19:00,11.8,30.42,30.42,30.42,false,false
2026-06-11,40,19,2026-06,2026-06-11T19:30,13.48,26.66,26.66,26.66,false,false
2026-06-11,41,20,2026-06,2026-06-11T20:00,13.59,28.93,28.93,28.93,false,false
2026-06-11,42,20,2026-06,2026-06-11T20:30,14.16,30.15,30.15,30.15,false,false
2026-06-11,43,21,2026-06,2026-06-11T21:00,15.48,25.75,25.75,25.75,false,false
2026-06-11,44,21,2026-06,2026-06-11T21:30,14.85,27.25,27.25,27.25,false,false
2026-06-11,45,22,2026-06,2026-06-11T22:00,14.92,19.15,19.15,19.15,false,false
2026-06-11,46,22,2026-06,2026-06-11T22:30,15.37,24.94,24.94,24.94,false,false
2026-06-11,47,23,2026-06,2026-06-11T23:00,15.47,21.69,21.69,21.69,false,false
2026-06-11,48,23,2026-06,2026-06-11T23:30,15.29,22.88,22.88,22.88,false,false
2026-06-12,1,0,2026-06,2026-06-12T00:00,13.8,22.96,22.96,22.96,false,false
2026-06-12,2,0,2026-06,2026-06-12T00:30,14.7,21.32,21.32,21.32,false,false
2026-06-12,3,1,2026-06,2026-06-12T01:00,14.91,19.39,19.39,19.39,false,false
2026-06-12,4,1,2026-06,2026-06-12T01:30,15.54,19.19,19.19,19.19,false,false
2026-06-12,5,2,2026-06,2026-06-12T02:00,15.1,19.62,19.62,19.62,false,false
2026-06-12,6,2,2026-06,2026-06-12T02:30,14.46,18.12,18.12,18.12,false,false
2026-06-12,7,3,2026-06,2026-06-12T03:00,13.9,16.43,16.43,16.43,false,false
2026-06-12,8,3,2026-06,2026-06-12T03:30,13.9,18.64,18.64,18.64,false,false
2026-06-12,9,4,2026-06,2026-06-12T04:00,14.55,20.11,20.11,20.11,false,false
2026-06-12,10,4,2026-06,2026-06-12T04:30,13.67,15.68,15.68,15.68,false,false
2026-06-12,11,5,2026-06,2026-06-12T05:00,14.56,16.87,16.87,16.87,false,false
2026-06-12,12,5,2026-06,2026-06-12T05:30,14.52,18.13,18.13,18.13,false,false
2026-06-12,13,6,2026-06,2026-06-12T06:00,13.72,18.58,18.58,18.58,false,false
2026-06-12,14,6,2026-06,2026-06-12T06:30,14.08,19.18,19.18,19.18,false,false
2026-06-12,15,7,2026-06,2026-06-12T07:00,13.93,14.95,14.95,14.95,false,false
2026-06-12,16,7,2026-06,2026-06-12T07:30,13.67,19.53,19.53,19.53,false,false
2026-06-12,17,8,2026-06,2026-06-12T08:00,13.59,17.71,17.71,17.71,false,false
2026-06-12,18,8,2026-06,2026-06-12T08:30,13.71,17.04,17.04,17.04,false,false
2026-06-12,19,9,2026-06,2026-06-12T09:00,14.47,24.15,24.15,24.15,false,false
2026-06-12,20,9,2026-06,2026-06-12T09:30,14.38,19.15,19.15,19.15,false,false
2026-06-12,21,10,2026-06,2026-06-12T10:00,14.61,19.81,19.81,19.81,false,false
2026-06-12,22,10,2026-06,2026-06-12T10:30,15.01,20.28,20.28,20.28,false,false
2026-06-12,23,11,2026-06,2026-06-12T11:00,15.11,21.43,21.43,21.43,false,false
2026-06-12,24,11,2026-06,2026-06-12T11:30,15.15,19.75,19.75,19.75,false,false
2026-06-12,25,12,2026-06,2026-06-12T12:00,15.58,17.38,17.38,17.38,false,false
2026-06-12,26,12,2026-06,2026-06-12T12:30,16.17,20.43,20.43,20.43,false,false
2026-06-12,27,13,2026-06,2026-06-12T13:00,15.63,22.08,22.08,22.08,false,false
2026-06-12,28,13,2026-06,2026-06-12T13:30,16.02,22.29,22.29,22.29,false,false
2026-06-12,29,14,2026-06,2026-06-12T14:00,14.72,21.12,21.12,21.12,false,false
2026-06-12,30,14,2026-06,2026-06-12T14:30,15.98,25.06,25.06,25.06,false,false
2026-06-12,31,15,2026-06,2026-06-12T15:00,13.51,24.33,24.33,24.33,false,false
2026-06-12,32,15,2026-06,2026-06-12T15:30,13.89,32.27,32.27,32.27,false,false
2026-06-12,33,16,2026-06,2026-06-12T16:00,12.44,33.32,33.32,33.32,false,false
2026-06-12,34,16,2026-06,2026-06-12T16:30,11.4,25.87,25.87,25.87,false,false
2026-06-12,35,17,2026-06,2026-06-12T17:00,10.56,26.53,26.53,26.53,false,false
2026-06-12,36,17,2026-06,2026-06-12T17:30,8.12,42.3,42.3,42.3,true,false
2026-06-12,37,18,2026-06,2026-06-12T18:00,8.93,31.31,31.31,31.31,true,false
2026-06-12,38,18,2026-06,2026-06-12T18:30,9.27,28.26,28.26,28.26,true,false
2026-06-12,39,19,2026-06,2026-06-12T19:00,10.83,29.02,29.02,29.02,false,false
2026-06-12,40,19,2026-06,2026-06-12T19:30,11.44,26.28,26.28,26.28,false,false
2026-06-12,41,20,2026-06,2026-06-12T20:00,13.29,27.7,27.7,27.7,false,false
2026-06-12,42,20,2026-06,2026-06-12T20:30,13.68,23.43,23.43,23.43,false,false
2026-06-12,43,21,2026-06,2026-06-12T21:00,14.03,19.76,19.76,19.76,false,false
2026-06-12,44,21,2026-06,2026-06-12T21:30,14.53,22.13,22.13,22.13,false,false
2026-06-12,45,22,2026-06,2026-06-12T22:00,14.13,23.98,23.98,23.98,false,false
2026-06-12,46,22,2026-06,2026-06-12T22:30,13.55,17.59,17.59,17.59,false,false
2026-06-12,47,23,2026-06,2026-06-12T23:00,13.24,20.65,20.65,20.65,false,false
2026-06-12,48,23,2026-06,2026-06-12T23:30,12.99,20.23,20.23,20.23,false,false
2026-06-13,1,0,2026-06,2026-06-13T00:00,17.27,16.3,16.3,16.3,false,false
2026-06-13,2,0,2026-06,2026-06-13T00:30,16.61,16.97,16.97,16.97,false,false
2026-06-13,3,1,2026-06,2026-06-13T01:00,16.52,14.97,14.97,14.97,false,false
2026-06-13,4,1,2026-06,2026-06-13T01:30,18.29,18.18,18.18,18.18,false,false
2026-06-13,5,2,2026-06,2026-06-13T02:00,17.4,14.15,14.15,14.15,false,false
2026-06-13,6,2,2026-06,2026-06-13T02:30,17.05,17.69,17.69,17.69,false,false
2026-06-13,7,3,2026-06,2026-06-13T03:00,17.73,12.56,12.56,12.56,false,false
2026-06-13,8,3,2026-06,2026-06-13T03:30,17.53,13.29,13.29,13.29,false,false
2026-06-13,9,4,2026-06,2026-06-13T04:00,16.61,15.46,15.46,15.46,false,false
2026-06-13,10,4,2026-06,2026-06-13T04:30,16.75,14.84,14.84,14.84,false,false
2026-06-13,11,5,2026-06,2026-06-13T05:00,17.37,17.27,17.27,17.27,false,false
2026-06-13,12,5,2026-06,2026-06-13T05:30,17.09,16.89,16.89,16.89,false,false
2026-06-13,13,6,2026-06,2026-06-13T06:00,16.36,14.39,14.39,14.39,false,false
2026-06-13,14,6,2026-06,2026-06-13T06:30,17.04,13.57,13.57,13.57,false,false
2026-06-13,15,7,2026-06,2026-06-13T07:00,16.7,12.62,12.62,12.62,false,false
2026-06-13,16,7,2026-06,2026-06-13T07:30,16.19,14.37,14.37,14.37,false,false
2026-06-13,17,8,2026-06,2026-06-13T08:00,17.53,14.11,14.11,14.11,false,false
2026-06-13,18,8,2026-06,2026-06-13T08:30,16.88,12.8,12.8,12.8,false,false
2026-06-13,19,9,2026-06,2026-06-13T09:00,16.56,17.69,17.69,17.69,false,false
2026-06-13,20,9,2026-06,2026-06-13T09:30,17.85,17.15,17.15,17.15,false,false
2026-06-13,21,10,2026-06,2026-06-13T10:00,18.14,14.12,14.12,14.12,false,false
2026-06-13,22,10,2026-06,2026-06-13T10:30,18.58,16.75,16.75,16.75,false,false
2026-06-13,23,11,2026-06,2026-06-13T11:00,18.32,15.06,15.06,15.06,false,false
2026-06-13,24,11,2026-06,2026-06-13T11:30,18.68,19.09,19.09,19.09,false,false
2026-06-13,25,12,2026-06,2026-06-13T12:00,19.96,17.57,17.57,17.57,false,false
2026-06-13,26,12,2026-06,2026-06-13T12:30,18.19,20.51,20.51,20.51,false,false
2026-06-13,27,13,2026-06,2026-06-13T13:00,17.93,21.52,21.52,21.52,false,false
2026-06-13,28,13,2026-06,2026-06-13T13:30,18.8,18.71,18.71,18.71,false,false
2026-06-13,29,14,2026-06,2026-06-13T14:00,19.08,17.39,17.39,17.39,false,false
2026-06-13,30,14,2026-06,2026-06-13T14:30,18.27,19.95,19.95,19.95,false,false
2026-06-13,31,15,2026-06,2026-06-13T15:00,17.38,23.33,23.33,23.33,false,false
2026-06-13,32,15,2026-06,2026-06-13T15:30,16.82,23.39,23.39,23.39,false,false
2026-06-13,33,16,2026-06,2026-06-13T16:00,14.68,23.51,23.51,23.51,false,false
2026-06-13,34,16,2026-06,2026-06-13T16:30,13.84,27.3,27.3,27.3,false,false
2026-06-13,35,17,2026-06,2026-06-13T17:00,12.96,22.39,22.39,22.39,false,false
2026-06-13,36,17,2026-06,2026-06-13T17:30,12.4,29.56,29.56,29.56,false,false
2026-06-13,37,18,2026-06,2026-06-13T18:00,11.98,23.09,23.09,23.09,false,false
2026-06-13,38,18,2026-06,2026-06-13T18:30,13.31,27.87,27.87,27.87,false,false
2026-06-13,39,19,2026-06,2026-06-13T19:00,14.12,27.13,27.13,27.13,false,false
2026-06-13,40,19,2026-06,2026-06-13T19:30,14.2,19.44,19.44,19.44,false,false
2026-06-13,41,20,2026-06,2026-06-13T20:00,15.74,18.41,18.41,18.41,false,false
2026-06-13,42,20,2026-06,2026-06-13T20:30,17.22,23.71,23.71,23.71,false,false
2026-06-13,43,21,2026-06,2026-06-13T21:00,17.07,17.05,17.05,17.05,false,false
2026-06-13,44,21,2026-06,2026-06-13T21:30,17.51,23.05,23.05,23.05,false,false
2026-06-13,45,22,2026-06,2026-06-13T22:00,18.08,17.31,17.31,17.31,false,false
2026-06-13,46,22,2026-06,2026-06-13T22:30,17.82,18.24,18.24,18.24,false,false
2026-06-13,47,23,2026-06,2026-06-13T23:00,18.43,16.42,16.42,16.42,false,false
2026-06-13,48,23,2026-06,2026-06-13T23:30,17.1,17.77,17.77,17.77,false,false
2026-06-14,1,0,2026-06,2026-06-14T00:00,15.62,17.4,17.4,17.4,false,false
2026-06-14,2,0,2026-06,2026-06-14T00:30,17.14,15.52,15.52,15.52,false,false
2026-06-14,3,1,2026-06,2026-06-14T01:00,15.75,18.35,18.35,18.35,false,false
2026-06-14,4,1,2026-06,2026-06-14T01:30,17.07,18.26,18.26,18.26,false,false
2026-06-14,5,2,2026-06,2026-06-14T02:00,16.69,18.19,18.19,18.19,false,false
2026-06-14,6,2,2026-06,2026-06-14T02:30,17.24,17.18,17.18,17.18,false,false
2026-06-14,7,3,2026-06,2026-06-14T03:00,16.11,13.09,13.09,13.09,false,false
2026-06-14,8,3,2026-06,2026-06-14T03:30,16.44,15.97,15.97,15.97,false,false
2026-06-14,9,4,2026-06,2026-06-14T04:00,15.89,18.05,18.05,18.05,false,false
2026-06-14,10,4,2026-06,2026-06-14T04:30,15.88,13.52,13.52,13.52,false,false
2026-06-14,11,5,2026-06,2026-06-14T05:00,15.97,15.21,15.21,15.21,false,false
2026-06-14,12,5,2026-06,2026-06-14T05:30,16.62,16.25,16.25,16.25,false,false
2026-06-14,13,6,2026-06,2026-06-14T06:00,16.29,15.74,15.74,15.74,false,false
2026-06-14,14,6,2026-06,2026-06-14T06:30,15.51,15.39,15.39,15.39,false,false
2026-06-14,15,7,2026-06,2026-06-14T07:00,16.29,17.43,17.43,17.43,false,false
2026-06-14,16,7,2026-06,2026-06-14T07:30,16.76,16.81,16.81,16.81,false,false
2026-06-14,17,8,2026-06,2026-06-14T08:00,16.27,14.04,14.04,14.04,false,false
2026-06-14,18,8,2026-06,2026-06-14T08:30,16.84,16.95,16.95,16.95,false,false
2026-06-14,19,9,2026-06,2026-06-14T09:00,17.35,18.75,18.75,18.75,false,false
2026-06-14,20,9,2026-06,2026-06-14T09:30,17.18,16.95,16.95,16.95,false,false
2026-06-14,21,10,2026-06,2026-06-14T10:00,18.39,15.54,15.54,15.54,false,false
2026-06-14,22,10,2026-06,2026-06-14T10:30,17.01,18.02,18.02,18.02,false,false
2026-06-14,23,11,2026-06,2026-06-14T11:00,18.66,17.01,17.01,17.01,false,false
2026-06-14,24,11,2026-06,2026-06-14T11:30,17.34,16.86,16.86,16.86,false,false
2026-06-14,25,12,2026-06,2026-06-14T12:00,17.92,15.73,15.73,15.73,false,false
2026-06-14,26,12,2026-06,2026-06-14T12:30,17.71,19.28,19.28,19.28,false,false
2026-06-14,27,13,2026-06,2026-06-14T13:00,17.56,19.73,19.73,19.73,false,false
2026-06-14,28,13,2026-06,2026-06-14T13:30,17.64,19.95,19.95,19.95,false,false
2026-06-14,29,14,2026-06,2026-06-14T14:00,16.33,19.07,19.07,19.07,false,false
2026-06-14,30,14,2026-06,2026-06-14T14:30,17.11,21.0,21.0,21.0,false,false
2026-06-14,31,15,2026-06,2026-06-14T15:00,15.82,21.72,21.72,21.72,false,false
2026-06-14,32,15,2026-06,2026-06-14T15:30,13.75,25.88,25.88,25.88,false,false
2026-06-14,33,16,2026-06,2026-06-14T16:00,14.17,26.3,26.3,26.3,false,false
2026-06-14,34,16,2026-06,2026-06-14T16:30,14.38,30.0,30.0,30.0,false,false
2026-06-14,35,17,2026-06,2026-06-14T17:00,11.97,30.3,30.3,30.3,false,false
2026-06-14,36,17,2026-06,2026-06-14T17:30,11.42,21.45,21.45,21.45,false,false
2026-06-14,37,18,2026-06,2026-06-14T18:00,11.53,23.75,23.75,23.75,false,false
2026-06-14,38,18,2026-06,2026-06-14T18:30,12.93,24.13,24.13,24.13,false,false
2026-06-14,39,19,2026-06,2026-06-14T19:00,13.07,24.66,24.66,24.66,false,false
2026-06-14,40,19,2026-06,2026-06-14T19:30,14.69,24.73,24.73,24.73,false,false
2026-06-14,41,20,2026-06,2026-06-14T20:00,14.25,21.97,21.97,21.97,false,false
2026-06-14,42,20,2026-06,2026-06-14T20:30,16.74,21.77,21.77,21.77,false,false
2026-06-14,43,21,2026-06,2026-06-14T21:00,16.55,21.52,21.52,21.52,false,false
2026-06-14,44,21,2026-06,2026-06-14T21:30,15.56,17.05,17.05,17.05,false,false
2026-06-14,45,22,2026-06,2026-06-14T22:00,16.97,19.53,19.53,19.53,false,false
2026-06-14,46,22,2026-06,2026-06-14T22:30,16.28,16.04,16.04,16.04,false,false
2026-06-14,47,23,2026-06,2026-06-14T23:00,17.0,19.01,19.01,19.01,false,false
2026-06-14,48,23,2026-06,2026-06-14T23:30,15.17,14.46,14.46,14.46,false,false
2026-06-15,1,0,2026-06,2026-06-15T00:00,15.48,19.91,19.91,19.91,false,false
2026-06-15,2,0,2026-06,2026-06-15T00:30,14.45,17.66,17.66,17.66,false,false
2026-06-15,3,1,2026-06,2026-06-15T01:00,15.12,15.96,15.96,15.96,false,false
2026-06-15,4,1,2026-06,2026-06-15T01:30,15.73,18.69,18.69,18.69,false,false
2026-06-15,5,2,2026-06,2026-06-15T02:00,16.07,15.16,15.16,15.16,false,false
2026-06-15,6,2,2026-06,2026-06-15T02:30,15.47,14.89,14.89,14.89,false,false
2026-06-15,7,3,2026-06,2026-06-15T03:00,16.55,13.83,13.83,13.83,false,false
2026-06-15,8,3,2026-06,2026-06-15T03:30,15.52,18.39,18.39,18.39,false,false
2026-06-15,9,4,2026-06,2026-06-15T04:00,15.36,16.1,16.1,16.1,false,false
2026-06-15,10,4,2026-06,2026-06-15T04:30,15.01,18.31,18.31,18.31,false,false
2026-06-15,11,5,2026-06,2026-06-15T05:00,15.24,14.36,14.36,14.36,false,false
2026-06-15,12,5,2026-06,2026-06-15T05:30,16.1,15.46,15.46,15.46,false,false
2026-06-15,13,6,2026-06,2026-06-15T06:00,15.81,16.1,16.1,16.1,false,false
2026-06-15,14,6,2026-06,2026-06-15T06:30,15.85,16.64,16.64,16.64,false,false
2026-06-15,15,7,2026-06,2026-06-15T07:00,16.69,16.86,16.86,16.86,false,false
2026-06-15,16,7,2026-06,2026-06-15T07:30,15.5,15.09,15.09,15.09,false,false
2026-06-15,17,8,2026-06,2026-06-15T08:00,15.52,18.78,18.78,18.78,false,false
2026-06-15,18,8,2026-06,2026-06-15T08:30,16.28,15.57,15.57,15.57,false,false
2026-06-15,19,9,2026-06,2026-06-15T09:00,16.22,16.23,16.23,16.23,false,false
2026-06-15,20,9,2026-06,2026-06-15T09:30,16.7,19.42,19.42,19.42,false,false
2026-06-15,21,10,2026-06,2026-06-15T10:00,16.59,17.85,17.85,17.85,false,false
2026-06-15,22,10,2026-06,2026-06-15T10:30,15.86,16.12,16.12,16.12,false,false
2026-06-15,23,11,2026-06,2026-06-15T11:00,17.36,16.85,16.85,16.85,false,false
2026-06-15,24,11,2026-06,2026-06-15T11:30,17.37,19.01,19.01,19.01,false,false
2026-06-15,25,12,2026-06,2026-06-15T12:00,16.29,15.52,15.52,15.52,false,false
2026-06-15,26,12,2026-06,2026-06-15T12:30,17.96,22.47,22.47,22.47,false,false
2026-06-15,27,13,2026-06,2026-06-15T13:00,17.95,23.21,23.21,23.21,false,false
2026-06-15,28,13,2026-06,2026-06-15T13:30,17.22,21.76,21.76,21.76,false,false
2026-06-15,29,14,2026-06,2026-06-15T14:00,17.43,23.44,23.44,23.44,false,false
2026-06-15,30,14,2026-06,2026-06-15T14:30,16.59,24.83,24.83,24.83,false,false
2026-06-15,31,15,2026-06,2026-06-15T15:00,15.44,25.31,25.31,25.31,false,false
2026-06-15,32,15,2026-06,2026-06-15T15:30,15.22,31.37,31.37,31.37,false,false
2026-06-15,33,16,2026-06,2026-06-15T16:00,13.09,31.41,31.41,31.41,false,false
2026-06-15,34,16,2026-06,2026-06-15T16:30,12.23,29.06,29.06,29.06,false,false
2026-06-15,35,17,2026-06,2026-06-15T17:00,10.12,29.78,29.78,29.78,false,false
2026-06-15,36,17,2026-06,2026-06-15T17:30,11.12,24.06,24.06,24.06,false,false
2026-06-15,37,18,2026-06,2026-06-15T18:00,9.92,29.49,29.49,29.49,true,false
2026-06-15,38,18,2026-06,2026-06-15T18:30,13.09,27.92,27.92,27.92,false,false
2026-06-15,39,19,2026-06,2026-06-15T19:00,12.08,29.32,29.32,29.32,false,false
2026-06-15,40,19,2026-06,2026-06-15T19:30,13.96,26.01,26.01,26.01,false,false
2026-06-15,41,20,2026-06,2026-06-15T20:00,13.56,22.03,22.03,22.03,false,false
2026-06-15,42,20,2026-06,2026-06-15T20:30,16.54,21.15,21.15,21.15,false,false
2026-06-15,43,21,2026-06,2026-06-15T21:00,14.69,25.73,25.73,25.73,false,false
2026-06-15,44,21,2026-06,2026-06-15T21:30,15.6,22.32,22.32,22.32,false,false
2026-06-15,45,22,2026-06,2026-06-15T22:00,15.63,21.35,21.35,21.35,false,false
2026-06-15,46,22,2026-06,2026-06-15T22:30,16.24,18.53,18.53,18.53,false,false
2026-06-15,47,23,2026-06,2026-06-15T23:00,14.42,20.71,20.71,20.71,false,false
2026-06-15,48,23,2026-06,2026-06-15T23:30,16.16,20.89,20.89,20.89,false,false
2026-06-16,1,0,2026-06,2026-06-16T00:00,19.19,18.01,18.01,18.01,false,false
2026-06-16,2,0,2026-06,2026-06-16T00:30,19.61,16.5,16.5,16.5,false,false
2026-06-16,3,1,2026-06,2026-06-16T01:00,19.76,22.46,22.46,22.46,false,false
2026-06-16,4,1,2026-06,2026-06-16T01:30,19.68,22.0,22.0,22.0,false,false
2026-06-16,5,2,2026-06,2026-06-16T02:00,19.93,21.36,21.36,21.36,false,false
2026-06-16,6,2,2026-06,2026-06-16T02:30,19.77,18.23,18.23,18.23,false,false
2026-06-16,7,3,2026-06,2026-06-16T03:00,19.85,20.11,20.11,20.11,false,false
2026-06-16,8,3,2026-06,2026-06-16T03:30,19.4,18.85,18.85,18.85,false,false
2026-06-16,9,4,2026-06,2026-06-16T04:00,19.2,21.71,21.71,21.71,false,false
2026-06-16,10,4,2026-06,2026-06-16T04:30,20.03,21.44,21.44,21.44,false,false
2026-06-16,11,5,2026-06,2026-06-16T05:00,20.22,20.9,20.9,20.9,false,false
2026-06-16,12,5,2026-06,2026-06-16T05:30,19.37,20.75,20.75,20.75,false,false
2026-06-16,13,6,2026-06,2026-06-16T06:00,19.09,17.14,17.14,17.14,false,false
2026-06-16,14,6,2026-06,2026-06-16T06:30,19.71,16.14,16.14,16.14,false,false
2026-06-16,15,7,2026-06,2026-06-16T07:00,19.53,20.74,20.74,20.74,false,false
2026-06-16,16,7,2026-06,2026-06-16T07:30,20.1,20.39,20.39,20.39,false,false
2026-06-16,17,8,2026-06,2026-06-16T08:00,19.72,22.9,22.9,22.9,false,false
2026-06-16,18,8,2026-06,2026-06-16T08:30,19.07,20.73,20.73,20.73,false,false
2026-06-16,19,9,2026-06,2026-06-16T09:00,20.59,20.2,20.2,20.2,false,false
2026-06-16,20,9,2026-06,2026-06-16T09:30,19.33,20.05,20.05,20.05,false,false
2026-06-16,21,10,2026-06,2026-06-16T10:00,20.49,22.82,22.82,22.82,false,false
2026-06-16,22,10,2026-06,2026-06-16T10:30,22.09,22.27,22.27,22.27,false,false
2026-06-16,23,11,2026-06,2026-06-16T11:00,21.1,20.95,20.95,20.95,false,false
2026-06-16,24,11,2026-06,2026-06-16T11:30,20.87,22.7,22.7,22.7,false,false
2026-06-16,25,12,2026-06,2026-06-16T12:00,21.09,23.94,23.94,23.94,false,false
2026-06-16,26,12,2026-06,2026-06-16T12:30,20.09,19.49,19.49,19.49,false,false
2026-06-16,27,13,2026-06,2026-06-16T13:00,21.7,23.11,23.11,23.11,false,false
2026-06-16,28,13,2026-06,2026-06-16T13:30,21.4,30.32,30.32,30.32,false,false
2026-06-16,29,14,2026-06,2026-06-16T14:00,20.05,26.98,26.98,26.98,false,false
2026-06-16,30,14,2026-06,2026-06-16T14:30,20.72,28.14,28.14,28.14,false,false
2026-06-16,31,15,2026-06,2026-06-16T15:00,19.37,31.06,31.06,31.06,false,false
2026-06-16,32,15,2026-06,2026-06-16T15:30,19.07,30.28,30.28,30.28,false,false
2026-06-16,33,16,2026-06,2026-06-16T16:00,17.58,40.88,40.88,40.88,false,false
2026-06-16,34,16,2026-06,2026-06-16T16:30,16.87,38.28,38.28,38.28,false,false
2026-06-16,35,17,2026-06,2026-06-16T17:00,15.77,34.8,34.8,34.8,false,false
2026-06-16,36,17,2026-06,2026-06-16T17:30,15.25,34.05,34.05,34.05,false,false
2026-06-16,37,18,2026-06,2026-06-16T18:00,15.53,25.9,25.9,25.9,false,false
2026-06-16,38,18,2026-06,2026-06-16T18:30,16.91,33.87,33.87,33.87,false,false
2026-06-16,39,19,2026-06,2026-06-16T19:00,16.16,27.92,27.92,27.92,false,false
2026-06-16,40,19,2026-06,2026-06-16T19:30,17.43,24.41,24.41,24.41,false,false
2026-06-16,41,20,2026-06,2026-06-16T20:00,18.29,22.4,22.4,22.4,false,false
2026-06-16,42,20,2026-06,2026-06-16T20:30,18.36,26.28,26.28,26.28,false,false
2026-06-16,43,21,2026-06,2026-06-16T21:00,20.33,23.57,23.57,23.57,false,false
2026-06-16,44,21,2026-06,2026-06-16T21:30,18.8,24.24,24.24,24.24,false,false
2026-06-16,45,22,2026-06,2026-06-16T22:00,18.56,23.54,23.54,23.54,false,false
2026-06-16,46,22,2026-06,2026-06-16T22:30,19.01,22.46,22.46,22.46,false,false
2026-06-16,47,23,2026-06,2026-06-16T23:00,18.64,18.58,18.58,18.58,false,false
2026-06-16,48,23,2026-06,2026-06-16T23:30,19.94,23.75,23.75,23.75,false,false
2026-06-17,1,0,2026-06,2026-06-17T00:00,15.94,19.21,19.21,19.21,false,false
2026-06-17,2,0,2026-06,2026-06-17T00:30,17.21,19.01,19.01,19.01,false,false
2026-06-17,3,1,2026-06,2026-06-17T01:00,16.97,22.25,22.25,22.25,false,false
2026-06-17,4,1,2026-06,2026-06-17T01:30,17.41,20.15,20.15,20.15,false,false
2026-06-17,5,2,2026-06,2026-06-17T02:00,17.37,23.22,23.22,23.22,false,false
2026-06-17,6,2,2026-06,2026-06-17T02:30,17.35,20.64,20.64,20.64,false,false
2026-06-17,7,3,2026-06,2026-06-17T03:00,17.34,20.75,20.75,20.75,false,false
2026-06-17,8,3,2026-06,2026-06-17T03:30,16.5,18.57,18.57,18.57,false,false
2026-06-17,9,4,2026-06,2026-06-17T04:00,18.12,20.9,20.9,20.9,false,false
2026-06-17,10,4,2026-06,2026-06-17T04:30,16.81,17.23,17.23,17.23,false,false
2026-06-17,11,5,2026-06,2026-06-17T05:00,17.36,21.0,21.0,21.0,false,false
2026-06-17,12,5,2026-06,2026-06-17T05:30,17.2,17.93,17.93,17.93,false,false
2026-06-17,13,6,2026-06,2026-06-17T06:00,17.74,23.5,23.5,23.5,false,false
2026-06-17,14,6,2026-06,2026-06-17T06:30,17.21,21.62,21.62,21.62,false,false
2026-06-17,15,7,2026-06,2026-06-17T07:00,16.7,17.32,17.32,17.32,false,false
2026-06-17,16,7,2026-06,2026-06-17T07:30,15.85,21.61,21.61,21.61,false,false
2026-06-17,17,8,2026-06,2026-06-17T08:00,17.77,20.65,20.65,20.65,false,false
2026-06-17,18,8,2026-06,2026-06-17T08:30,16.99,20.76,20.76,20.76,false,false
2026-06-17,19,9,2026-06,2026-06-17T09:00,17.44,22.2,22.2,22.2,false,false
2026-06-17,20,9,2026-06,2026-06-17T09:30,18.41,20.33,20.33,20.33,false,false
2026-06-17,21,10,2026-06,2026-06-17T10:00,18.01,22.83,22.83,22.83,false,false
2026-06-17,22,10,2026-06,2026-06-17T10:30,18.66,20.51,20.51,20.51,false,false
2026-06-17,23,11,2026-06,2026-06-17T11:00,18.34,19.85,19.85,19.85,false,false
2026-06-17,24,11,2026-06,2026-06-17T11:30,19.22,19.94,19.94,19.94,false,false
2026-06-17,25,12,2026-06,2026-06-17T12:00,19.24,22.49,22.49,22.49,false,false
2026-06-17,26,12,2026-06,2026-06-17T12:30,18.59,28.54,28.54,28.54,false,false
2026-06-17,27,13,2026-06,2026-06-17T13:00,19.29,22.4,22.4,22.4,false,false
2026-06-17,28,13,2026-06,2026-06-17T13:30,18.22,27.69,27.69,27.69,false,false
2026-06-17,29,14,2026-06,2026-06-17T14:00,18.52,27.87,27.87,27.87,false,false
2026-06-17,30,14,2026-06,2026-06-17T14:30,18.17,35.11,35.11,35.11,false,false
2026-06-17,31,15,2026-06,2026-06-17T15:00,17.48,29.81,29.81,29.81,false,false
2026-06-17,32,15,2026-06,2026-06-17T15:30,17.41,36.53,36.53,36.53,false,false
2026-06-17,33,16,2026-06,2026-06-17T16:00,14.6,38.95,38.95,38.95,false,false
2026-06-17,34,16,2026-06,2026-06-17T16:30,14.23,36.22,36.22,36.22,false,false
2026-06-17,35,17,2026-06,2026-06-17T17:00,12.34,37.71,37.71,37.71,false,false
2026-06-17,36,17,2026-06,2026-06-17T17:30,12.65,33.84,33.84,33.84,false,false
2026-06-17,37,18,2026-06,2026-06-17T18:00,12.0,33.12,33.12,33.12,false,false
2026-06-17,38,18,2026-06,2026-06-17T18:30,11.88,33.0,33.0,33.0,false,false
2026-06-17,39,19,2026-06,2026-06-17T19:00,13.69,34.92,34.92,34.92,false,false
2026-06-17,40,19,2026-06,2026-06-17T19:30,16.08,30.69,30.69,30.69,false,false
2026-06-17,41,20,2026-06,2026-06-17T20:00,15.15,31.71,31.71,31.71,false,false
2026-06-17,42,20,2026-06,2026-06-17T20:30,17.76,27.36,27.36,27.36,false,false
2026-06-17,43,21,2026-06,2026-06-17T21:00,17.71,21.96,21.96,21.96,false,false
2026-06-17,44,21,2026-06,2026-06-17T21:30,17.8,27.04,27.04,27.04,false,false
2026-06-17,45,22,2026-06,2026-06-17T22:00,17.45,23.01,23.01,23.01,false,false
2026-06-17,46,22,2026-06,2026-06-17T22:30,16.63,22.84,22.84,22.84,false,false
2026-06-17,47,23,2026-06,2026-06-17T23:00,17.56,25.94,25.94,25.94,false,false
2026-06-17,48,23,2026-06,2026-06-17T23:30,17.23,21.92,21.92,21.92,false,false
2026-06-18,1,0,2026-06,2026-06-18T00:00,20.22,24.63,24.63,24.63,false,false
2026-06-18,2,0,2026-06,2026-06-18T00:30,20.26,18.41,18.41,18.41,false,false
2026-06-18,3,1,2026-06,2026-06-18T01:00,21.92,22.02,22.02,22.02,false,false
2026-06-18,4,1,2026-06,2026-06-18T01:30,21.26,19.7,19.7,19.7,false,false
2026-06-18,5,2,2026-06,2026-06-18T02:00,20.05,23.28,23.28,23.28,false,false
2026-06-18,6,2,2026-06,2026-06-18T02:30,20.26,19.45,19.45,19.45,false,false
2026-06-18,7,3,2026-06,2026-06-18T03:00,21.58,21.1,21.1,21.1,false,false
2026-06-18,8,3,2026-06,2026-06-18T03:30,21.3,22.45,22.45,22.45,false,false
2026-06-18,9,4,2026-06,2026-06-18T04:00,20.24,21.4,21.4,21.4,false,false
2026-06-18,10,4,2026-06,2026-06-18T04:30,20.78,19.68,19.68,19.68,false,false
2026-06-18,11,5,2026-06,2026-06-18T05:00,19.98,21.19,21.19,21.19,false,false
2026-06-18,12,5,2026-06,2026-06-18T05:30,20.84,23.99,23.99,23.99,false,false
2026-06-18,13,6,2026-06,2026-06-18T06:00,19.99,21.35,21.35,21.35,false,false
2026-06-18,14,6,2026-06,2026-06-18T06:30,20.94,23.74,23.74,23.74,false,false
2026-06-18,15,7,2026-06,2026-06-18T07:00,19.72,21.79,21.79,21.79,false,false
2026-06-18,16,7,2026-06,2026-06-18T07:30,21.07,20.88,20.88,20.88,false,false
2026-06-18,17,8,2026-06,2026-06-18T08:00,20.6,19.84,19.84,19.84,false,false
2026-06-18,18,8,2026-06,2026-06-18T08:30,20.04,21.1,21.1,21.1,false,false
2026-06-18,19,9,2026-06,2026-06-18T09:00,21.5,23.72,23.72,23.72,false,false
2026-06-18,20,9,2026-06,2026-06-18T09:30,22.34,21.42,21.42,21.42,false,false
2026-06-18,21,10,2026-06,2026-06-18T10:00,21.9,20.65,20.65,20.65,false,false
2026-06-18,22,10,2026-06,2026-06-18T10:30,22.17,23.9,23.9,23.9,false,false
2026-06-18,23,11,2026-06,2026-06-18T11:00,22.0,25.74,25.74,25.74,false,false
2026-06-18,24,11,2026-06,2026-06-18T11:30,22.54,20.24,20.24,20.24,false,false
2026-06-18,25,12,2026-06,2026-06-18T12:00,23.2,24.99,24.99,24.99,false,false
2026-06-18,26,12,2026-06,2026-06-18T12:30,21.99,23.18,23.18,23.18,false,false
2026-06-18,27,13,2026-06,2026-06-18T13:00,22.24,29.59,29.59,29.59,false,false
2026-06-18,28,13,2026-06,2026-06-18T13:30,22.81,24.24,24.24,24.24,false,false
2026-06-18,29,14,2026-06,2026-06-18T14:00,23.11,30.98,30.98,30.98,false,false
2026-06-18,30,14,2026-06,2026-06-18T14:30,22.44,27.09,27.09,27.09,false,false
2026-06-18,31,15,2026-06,2026-06-18T15:00,20.26,34.67,34.67,34.67,false,false
2026-06-18,32,15,2026-06,2026-06-18T15:30,19.38,38.94,38.94,38.94,false,false
2026-06-18,33,16,2026-06,2026-06-18T16:00,17.36,38.03,38.03,38.03,false,false
2026-06-18,34,16,2026-06,2026-06-18T16:30,16.84,31.73,31.73,31.73,false,false
2026-06-18,35,17,2026-06,2026-06-18T17:00,17.15,34.95,34.95,34.95,false,false
2026-06-18,36,17,2026-06,2026-06-18T17:30,15.7,39.15,39.15,39.15,false,false
2026-06-18,37,18,2026-06,2026-06-18T18:00,15.14,32.91,32.91,32.91,false,false
2026-06-18,38,18,2026-06,2026-06-18T18:30,15.9,39.05,39.05,39.05,false,false
2026-06-18,39,19,2026-06,2026-06-18T19:00,17.26,32.77,32.77,32.77,false,false
2026-06-18,40,19,2026-06,2026-06-18T19:30,18.79,32.64,32.64,32.64,false,false
2026-06-18,41,20,2026-06,2026-06-18T20:00,19.68,23.79,23.79,23.79,false,false
2026-06-18,42,20,2026-06,2026-06-18T20:30,20.41,29.54,29.54,29.54,false,false
2026-06-18,43,21,2026-06,2026-06-18T21:00,20.18,28.88,28.88,28.88,false,false
2026-06-18,44,21,2026-06,2026-06-18T21:30,20.52,25.72,25.72,25.72,false,false
2026-06-18,45,22,2026-06,2026-06-18T22:00,20.94,24.63,24.63,24.63,false,false
2026-06-18,46,22,2026-06,2026-06-18T22:30,21.1,19.39,19.39,19.39,false,false
2026-06-18,47,23,2026-06,2026-06-18T23:00,20.8,24.47,24.47,24.47,false,false
2026-06-18,48,23,2026-06,2026-06-18T23:30,20.59,19.41,19.41,19.41,false,false
2026-06-19,1,0,2026-06,2026-06-19T00:00,16.85,22.73,22.73,22.73,false,false
2026-06-19,2,0,2026-06,2026-06-19T00:30,16.87,22.8,22.8,22.8,false,false
2026-06-19,3,1,2026-06,2026-06-19T01:00,17.54,22.75,22.75,22.75,false,false
2026-06-19,4,1,2026-06,2026-06-19T01:30,16.3,17.35,17.35,17.35,false,false
2026-06-19,5,2,2026-06,2026-06-19T02:00,17.76,21.55,21.55,21.55,false,false
2026-06-19,6,2,2026-06,2026-06-19T02:30,17.05,23.5,23.5,23.5,false,false
2026-06-19,7,3,2026-06,2026-06-19T03:00,16.97,19.13,19.13,19.13,false,false
2026-06-19,8,3,2026-06,2026-06-19T03:30,16.1,18.2,18.2,18.2,false,false
2026-06-19,9,4,2026-06,2026-06-19T04:00,18.32,23.93,23.93,23.93,false,false
2026-06-19,10,4,2026-06,2026-06-19T04:30,17.59,22.7,22.7,22.7,false,false
2026-06-19,11,5,2026-06,2026-06-19T05:00,18.0,19.33,19.33,19.33,false,false
2026-06-19,12,5,2026-06,2026-06-19T05:30,17.72,15.88,15.88,15.88,false,false
2026-06-19,13,6,2026-06,2026-06-19T06:00,18.65,17.35,17.35,17.35,false,false
2026-06-19,14,6,2026-06,2026-06-19T06:30,17.42,19.45,19.45,19.45,false,false
2026-06-19,15,7,2026-06,2026-06-19T07:00,16.65,22.68,22.68,22.68,false,false
2026-06-19,16,7,2026-06,2026-06-19T07:30,17.07,19.02,19.02,19.02,false,false
2026-06-19,17,8,2026-06,2026-06-19T08:00,17.09,23.48,23.48,23.48,false,false
2026-06-19,18,8,2026-06,2026-06-19T08:30,16.89,19.72,19.72,19.72,false,false
2026-06-19,19,9,2026-06,2026-06-19T09:00,17.38,23.92,23.92,23.92,false,false
2026-06-19,20,9,2026-06,2026-06-19T09:30,17.14,20.46,20.46,20.46,false,false
2026-06-19,21,10,2026-06,2026-06-19T10:00,17.38,24.62,24.62,24.62,false,false
2026-06-19,22,10,2026-06,2026-06-19T10:30,18.85,17.65,17.65,17.65,false,false
2026-06-19,23,11,2026-06,2026-06-19T11:00,17.47,20.9,20.9,20.9,false,false
2026-06-19,24,11,2026-06,2026-06-19T11:30,18.5,20.78,20.78,20.78,false,false
2026-06-19,25,12,2026-06,2026-06-19T12:00,19.25,22.16,22.16,22.16,false,false
2026-06-19,26,12,2026-06,2026-06-19T12:30,19.84,21.71,21.71,21.71,false,false
2026-06-19,27,13,2026-06,2026-06-19T13:00,18.21,23.73,23.73,23.73,false,false
2026-06-19,28,13,2026-06,2026-06-19T13:30,17.66,25.38,25.38,25.38,false,false
2026-06-19,29,14,2026-06,2026-06-19T14:00,18.59,28.87,28.87,28.87,false,false
2026-06-19,30,14,2026-06,2026-06-19T14:30,17.33,27.26,27.26,27.26,false,false
2026-06-19,31,15,2026-06,2026-06-19T15:00,16.52,30.04,30.04,30.04,false,false
2026-06-19,32,15,2026-06,2026-06-19T15:30,15.99,31.75,31.75,31.75,false,false
2026-06-19,33,16,2026-06,2026-06-19T16:00,15.54,34.07,34.07,34.07,false,false
2026-06-19,34,16,2026-06,2026-06-19T16:30,13.09,38.37,38.37,38.37,false,false
2026-06-19,35,17,2026-06,2026-06-19T17:00,12.73,39.87,39.87,39.87,false,false
2026-06-19,36,17,2026-06,2026-06-19T17:30,12.18,36.81,36.81,36.81,false,false
2026-06-19,37,18,2026-06,2026-06-19T18:00,11.37,36.57,36.57,36.57,false,false
2026-06-19,38,18,2026-06,2026-06-19T18:30,12.99,34.27,34.27,34.27,false,false
2026-06-19,39,19,2026-06,2026-06-19T19:00,12.76,32.53,32.53,32.53,false,false
2026-06-19,40,19,2026-06,2026-06-19T19:30,15.69,27.54,27.54,27.54,false,false
2026-06-19,41,20,2026-06,2026-06-19T20:00,16.99,22.09,22.09,22.09,false,false
2026-06-19,42,20,2026-06,2026-06-19T20:30,17.84,29.48,29.48,29.48,false,false
2026-06-19,43,21,2026-06,2026-06-19T21:00,17.6,25.65,25.65,25.65,false,false
2026-06-19,44,21,2026-06,2026-06-19T21:30,16.73,22.4,22.4,22.4,false,false
2026-06-19,45,22,2026-06,2026-06-19T22:00,17.88,27.02,27.02,27.02,false,false
2026-06-19,46,22,2026-06,2026-06-19T22:30,17.52,21.72,21.72,21.72,false,false
2026-06-19,47,23,2026-06,2026-06-19T23:00,15.61,23.77,23.77,23.77,false,false
2026-06-19,48,23,2026-06,2026-06-19T23:30,18.02,20.54,20.54,20.54,false,false
2026-06-20,1,0,2026-06,2026-06-20T00:00,20.23,17.89,17.89,17.89,false,false
2026-06-20,2,0,2026-06,2026-06-20T00:30,21.38,17.38,17.38,17.38,false,false
2026-06-20,3,1,2026-06,2026-06-20T01:00,21.02,18.11,18.11,18.11,false,false
2026-06-20,4,1,2026-06,2026-06-20T01:30,21.07,17.78,17.78,17.78,false,false
2026-06-20,5,2,2026-06,2026-06-20T02:00,19.63,18.59,18.59,18.59,false,false
2026-06-20,6,2,2026-06,2026-06-20T02:30,21.28,16.93,16.93,16.93,false,false
2026-06-20,7,3,2026-06,2026-06-20T03:00,20.53,19.89,19.89,19.89,false,false
2026-06-20,8,3,2026-06,2026-06-20T03:30,20.64,14.87,14.87,14.87,false,false
2026-06-20,9,4,2026-06,2026-06-20T04:00,20.52,15.6,15.6,15.6,false,false
2026-06-20,10,4,2026-06,2026-06-20T04:30,20.99,20.09,20.09,20.09,false,false
2026-06-20,11,5,2026-06,2026-06-20T05:00,20.41,15.22,15.22,15.22,false,false
2026-06-20,12,5,2026-06,2026-06-20T05:30,21.16,19.69,19.69,19.69,false,false
2026-06-20,13,6,2026-06,2026-06-20T06:00,20.3,23.76,23.76,23.76,false,false
2026-06-20,14,6,2026-06,2026-06-20T06:30,20.08,17.55,17.55,17.55,false,false
2026-06-20,15,7,2026-06,2026-06-20T07:00,21.29,16.32,16.32,16.32,false,false
2026-06-20,16,7,2026-06,2026-06-20T07:30,20.84,19.89,19.89,19.89,false,false
2026-06-20,17,8,2026-06,2026-06-20T08:00,20.6,18.24,18.24,18.24,false,false
2026-06-20,18,8,2026-06,2026-06-20T08:30,21.36,16.95,16.95,16.95,false,false
2026-06-20,19,9,2026-06,2026-06-20T09:00,19.86,22.52,22.52,22.52,false,false
2026-06-20,20,9,2026-06,2026-06-20T09:30,22.37,21.06,21.06,21.06,false,false
2026-06-20,21,10,2026-06,2026-06-20T10:00,21.11,15.63,15.63,15.63,false,false
2026-06-20,22,10,2026-06,2026-06-20T10:30,22.29,16.47,16.47,16.47,false,false
2026-06-20,23,11,2026-06,2026-06-20T11:00,22.38,19.37,19.37,19.37,false,false
2026-06-20,24,11,2026-06,2026-06-20T11:30,23.06,21.7,21.7,21.7,false,false
2026-06-20,25,12,2026-06,2026-06-20T12:00,22.8,19.79,19.79,19.79,false,false
2026-06-20,26,12,2026-06,2026-06-20T12:30,23.12,21.75,21.75,21.75,false,false
2026-06-20,27,13,2026-06,2026-06-20T13:00,23.22,24.98,24.98,24.98,false,false
2026-06-20,28,13,2026-06,2026-06-20T13:30,21.83,26.02,26.02,26.02,false,false
2026-06-20,29,14,2026-06,2026-06-20T14:00,22.97,29.82,29.82,29.82,false,false
2026-06-20,30,14,2026-06,2026-06-20T14:30,21.59,27.18,27.18,27.18,false,false
2026-06-20,31,15,2026-06,2026-06-20T15:00,20.29,30.54,30.54,30.54,false,false
2026-06-20,32,15,2026-06,2026-06-20T15:30,20.36,24.86,24.86,24.86,false,false
2026-06-20,33,16,2026-06,2026-06-20T16:00,17.69,32.36,32.36,32.36,false,false
2026-06-20,34,16,2026-06,2026-06-20T16:30,17.25,28.84,28.84,28.84,false,false
2026-06-20,35,17,2026-06,2026-06-20T17:00,16.99,31.18,31.18,31.18,false,false
2026-06-20,36,17,2026-06,2026-06-20T17:30,15.85,33.96,33.96,33.96,false,false
2026-06-20,37,18,2026-06,2026-06-20T18:00,14.96,28.3,28.3,28.3,false,false
2026-06-20,38,18,2026-06,2026-06-20T18:30,16.75,27.38,27.38,27.38,false,false
2026-06-20,39,19,2026-06,2026-06-20T19:00,17.68,25.63,25.63,25.63,false,false
2026-06-20,40,19,2026-06,2026-06-20T19:30,19.19,24.39,24.39,24.39,false,false
2026-06-20,41,20,2026-06,2026-06-20T20:00,20.5,21.69,21.69,21.69,false,false
2026-06-20,42,20,2026-06,2026-06-20T20:30,19.76,22.47,22.47,22.47,false,false
2026-06-20,43,21,2026-06,2026-06-20T21:00,20.1,21.39,21.39,21.39,false,false
2026-06-20,44,21,2026-06,2026-06-20T21:30,20.99,23.06,23.06,23.06,false,false
2026-06-20,45,22,2026-06,2026-06-20T22:00,19.85,22.78,22.78,22.78,false,false
2026-06-20,46,22,2026-06,2026-06-20T22:30,21.45,18.13,18.13,18.13,false,false
2026-06-20,47,23,2026-06,2026-06-20T23:00,20.91,22.28,22.28,22.28,false,false
2026-06-20,48,23,2026-06,2026-06-20T23:30,20.66,22.52,22.52,22.52,false,false
2026-06-21,1,0,2026-06,2026-06-21T00:00,16.04,16.58,16.58,16.58,false,false
2026-06-21,2,0,2026-06,2026-06-21T00:30,17.02,13.64,13.64,13.64,false,false
2026-06-21,3,1,2026-06,2026-06-21T01:00,15.7,14.57,14.57,14.57,false,false
2026-06-21,4,1,2026-06,2026-06-21T01:30,16.49,18.21,18.21,18.21,false,false
2026-06-21,5,2,2026-06,2026-06-21T02:00,16.75,15.59,15.59,15.59,false,false
2026-06-21,6,2,2026-06,2026-06-21T02:30,16.45,14.32,14.32,14.32,false,false
2026-06-21,7,3,2026-06,2026-06-21T03:00,16.44,13.42,13.42,13.42,false,false
2026-06-21,8,3,2026-06,2026-06-21T03:30,15.44,16.23,16.23,16.23,false,false
2026-06-21,9,4,2026-06,2026-06-21T04:00,16.86,13.1,13.1,13.1,false,false
2026-06-21,10,4,2026-06,2026-06-21T04:30,16.64,15.05,15.05,15.05,false,false
2026-06-21,11,5,2026-06,2026-06-21T05:00,16.66,16.5,16.5,16.5,false,false
2026-06-21,12,5,2026-06,2026-06-21T05:30,16.45,14.81,14.81,14.81,false,false
2026-06-21,13,6,2026-06,2026-06-21T06:00,15.96,17.53,17.53,17.53,false,false
2026-06-21,14,6,2026-06,2026-06-21T06:30,16.18,15.51,15.51,15.51,false,false
2026-06-21,15,7,2026-06,2026-06-21T07:00,17.06,14.23,14.23,14.23,false,false
2026-06-21,16,7,2026-06,2026-06-21T07:30,16.3,13.78,13.78,13.78,false,false
2026-06-21,17,8,2026-06,2026-06-21T08:00,16.65,14.57,14.57,14.57,false,false
2026-06-21,18,8,2026-06,2026-06-21T08:30,16.44,13.41,13.41,13.41,false,false
2026-06-21,19,9,2026-06,2026-06-21T09:00,17.29,18.52,18.52,18.52,false,false
2026-06-21,20,9,2026-06,2026-06-21T09:30,16.98,12.61,12.61,12.61,false,false
2026-06-21,21,10,2026-06,2026-06-21T10:00,17.81,17.94,17.94,17.94,false,false
2026-06-21,22,10,2026-06,2026-06-21T10:30,18.22,14.68,14.68,14.68,false,false
2026-06-21,23,11,2026-06,2026-06-21T11:00,18.2,18.8,18.8,18.8,false,false
2026-06-21,24,11,2026-06,2026-06-21T11:30,18.4,16.84,16.84,16.84,false,false
2026-06-21,25,12,2026-06,2026-06-21T12:00,18.58,15.26,15.26,15.26,false,false
2026-06-21,26,12,2026-06,2026-06-21T12:30,17.28,16.47,16.47,16.47,false,false
2026-06-21,27,13,2026-06,2026-06-21T13:00,17.52,19.02,19.02,19.02,false,false
2026-06-21,28,13,2026-06,2026-06-21T13:30,18.84,22.12,22.12,22.12,false,false
2026-06-21,29,14,2026-06,2026-06-21T14:00,17.36,18.28,18.28,18.28,false,false
2026-06-21,30,14,2026-06,2026-06-21T14:30,17.08,23.05,23.05,23.05,false,false
2026-06-21,31,15,2026-06,2026-06-21T15:00,15.92,21.73,21.73,21.73,false,false
2026-06-21,32,15,2026-06,2026-06-21T15:30,15.4,20.89,20.89,20.89,false,false
2026-06-21,33,16,2026-06,2026-06-21T16:00,14.36,26.97,26.97,26.97,false,false
2026-06-21,34,16,2026-06,2026-06-21T16:30,11.8,25.34,25.34,25.34,false,false
2026-06-21,35,17,2026-06,2026-06-21T17:00,12.21,24.02,24.02,24.02,false,false
2026-06-21,36,17,2026-06,2026-06-21T17:30,12.93,26.11,26.11,26.11,false,false
2026-06-21,37,18,2026-06,2026-06-21T18:00,11.12,25.78,25.78,25.78,false,false
2026-06-21,38,18,2026-06,2026-06-21T18:30,11.99,21.18,21.18,21.18,false,false
2026-06-21,39,19,2026-06,2026-06-21T19:00,12.74,26.57,26.57,26.57,false,false
2026-06-21,40,19,2026-06,2026-06-21T19:30,13.98,21.17,21.17,21.17,false,false
2026-06-21,41,20,2026-06,2026-06-21T20:00,15.7,20.26,20.26,20.26,false,false
2026-06-21,42,20,2026-06,2026-06-21T20:30,14.7,16.31,16.31,16.31,false,false
2026-06-21,43,21,2026-06,2026-06-21T21:00,15.34,19.98,19.98,19.98,false,false
2026-06-21,44,21,2026-06,2026-06-21T21:30,16.13,19.25,19.25,19.25,false,false
2026-06-21,45,22,2026-06,2026-06-21T22:00,15.72,19.54,19.54,19.54,false,false
2026-06-21,46,22,2026-06,2026-06-21T22:30,15.86,19.3,19.3,19.3,false,false
2026-06-21,47,23,2026-06,2026-06-21T23:00,16.15,17.77,17.77,17.77,false,false
2026-06-21,48,23,2026-06,2026-06-21T23:30,16.86,14.34,14.34,14.34,false,false
2026-06-22,1,0,2026-06,2026-06-22T00:00,18.11,14.19,14.19,14.19,false,false
2026-06-22,2,0,2026-06,2026-06-22T00:30,17.19,16.94,16.94,16.94,false,false
2026-06-22,3,1,2026-06,2026-06-22T01:00,17.39,14.37,14.37,14.37,false,false
2026-06-22,4,1,2026-06,2026-06-22T01:30,17.0,14.46,14.46,14.46,false,false
2026-06-22,5,2,2026-06,2026-06-22T02:00,17.35,11.45,11.45,11.45,false,false
2026-06-22,6,2,2026-06,2026-06-22T02:30,16.89,13.76,13.76,13.76,false,false
2026-06-22,7,3,2026-06,2026-06-22T03:00,17.92,14.99,14.99,14.99,false,false
2026-06-22,8,3,2026-06,2026-06-22T03:30,17.97,15.1,15.1,15.1,false,false
2026-06-22,9,4,2026-06,2026-06-22T04:00,17.72,11.76,11.76,11.76,false,false
2026-06-22,10,4,2026-06,2026-06-22T04:30,17.59,14.05,14.05,14.05,false,false
2026-06-22,11,5,2026-06,2026-06-22T05:00,17.86,14.51,14.51,14.51,false,false
2026-06-22,12,5,2026-06,2026-06-22T05:30,16.4,13.3,13.3,13.3,false,false
2026-06-22,13,6,2026-06,2026-06-22T06:00,17.94,11.89,11.89,11.89,false,false
2026-06-22,14,6,2026-06,2026-06-22T06:30,18.03,14.38,14.38,14.38,false,false
2026-06-22,15,7,2026-06,2026-06-22T07:00,17.57,12.74,12.74,12.74,false,false
2026-06-22,16,7,2026-06,2026-06-22T07:30,19.39,14.93,14.93,14.93,false,false
2026-06-22,17,8,2026-06,2026-06-22T08:00,17.52,13.75,13.75,13.75,false,false
2026-06-22,18,8,2026-06,2026-06-22T08:30,17.22,17.15,17.15,17.15,false,false
2026-06-22,19,9,2026-06,2026-06-22T09:00,17.07,13.12,13.12,13.12,false,false
2026-06-22,20,9,2026-06,2026-06-22T09:30,17.96,15.11,15.11,15.11,false,false
2026-06-22,21,10,2026-06,2026-06-22T10:00,17.97,13.45,13.45,13.45,false,false
2026-06-22,22,10,2026-06,2026-06-22T10:30,18.28,14.48,14.48,14.48,false,false
2026-06-22,23,11,2026-06,2026-06-22T11:00,18.57,14.28,14.28,14.28,false,false
2026-06-22,24,11,2026-06,2026-06-22T11:30,18.62,13.86,13.86,13.86,false,false
2026-06-22,25,12,2026-06,2026-06-22T12:00,18.55,14.23,14.23,14.23,false,false
2026-06-22,26,12,2026-06,2026-06-22T12:30,18.71,19.51,19.51,19.51,false,false
2026-06-22,27,13,2026-06,2026-06-22T13:00,18.48,17.65,17.65,17.65,false,false
2026-06-22,28,13,2026-06,2026-06-22T13:30,19.21,16.74,16.74,16.74,false,false
2026-06-22,29,14,2026-06,2026-06-22T14:00,18.43,14.44,14.44,14.44,false,false
2026-06-22,30,14,2026-06,2026-06-22T14:30,18.81,16.05,16.05,16.05,false,false
2026-06-22,31,15,2026-06,2026-06-22T15:00,17.15,21.45,21.45,21.45,false,false
2026-06-22,32,15,2026-06,2026-06-22T15:30,17.15,19.78,19.78,19.78,false,false
2026-06-22,33,16,2026-06,2026-06-22T16:00,15.34,26.64,26.64,26.64,false,false
2026-06-22,34,16,2026-06,2026-06-22T16:30,14.48,22.99,22.99,22.99,false,false
2026-06-22,35,17,2026-06,2026-06-22T17:00,13.19,22.26,22.26,22.26,false,false
2026-06-22,36,17,2026-06,2026-06-22T17:30,12.55,20.73,20.73,20.73,false,false
2026-06-22,37,18,2026-06,2026-06-22T18:00,12.37,19.61,19.61,19.61,false,false
2026-06-22,38,18,2026-06,2026-06-22T18:30,12.83,25.79,25.79,25.79,false,false
2026-06-22,39,19,2026-06,2026-06-22T19:00,14.79,24.38,24.38,24.38,false,false
2026-06-22,40,19,2026-06,2026-06-22T19:30,16.17,18.6,18.6,18.6,false,false
2026-06-22,41,20,2026-06,2026-06-22T20:00,15.94,22.81,22.81,22.81,false,false
2026-06-22,42,20,2026-06,2026-06-22T20:30,17.21,20.02,20.02,20.02,false,false
2026-06-22,43,21,2026-06,2026-06-22T21:00,16.12,18.12,18.12,18.12,false,false
2026-06-22,44,21,2026-06,2026-06-22T21:30,17.14,15.66,15.66,15.66,false,false
2026-06-22,45,22,2026-06,2026-06-22T22:00,17.99,14.23,14.23,14.23,false,false
2026-06-22,46,22,2026-06,2026-06-22T22:30,16.49,17.24,17.24,17.24,false,false
2026-06-22,47,23,2026-06,2026-06-22T23:00,19.33,14.91,14.91,14.91,false,false
2026-06-22,48,23,2026-06,2026-06-22T23:30,17.45,14.98,14.98,14.98,false,false
2026-06-23,1,0,2026-06,2026-06-23T00:00,20.29,13.92,13.92,13.92,false,false
2026-06-23,2,0,2026-06,2026-06-23T00:30,20.54,12.25,12.25,12.25,false,false
2026-06-23,3,1,2026-06,2026-06-23T01:00,19.46,15.54,15.54,15.54,false,false
2026-06-23,4,1,2026-06,2026-06-23T01:30,20.79,15.3,15.3,15.3,false,false
2026-06-23,5,2,2026-06,2026-06-23T02:00,21.34,11.16,11.16,11.16,false,false
2026-06-23,6,2,2026-06,2026-06-23T02:30,18.95,12.13,12.13,12.13,false,false
2026-06-23,7,3,2026-06,2026-06-23T03:00,19.82,14.86,14.86,14.86,false,false
2026-06-23,8,3,2026-06,2026-06-23T03:30,19.98,14.33,14.33,14.33,false,false
2026-06-23,9,4,2026-06,2026-06-23T04:00,20.56,11.04,11.04,11.04,false,false
2026-06-23,10,4,2026-06,2026-06-23T04:30,19.46,16.24,16.24,16.24,false,false
2026-06-23,11,5,2026-06,2026-06-23T05:00,21.45,14.38,14.38,14.38,false,false
2026-06-23,12,5,2026-06,2026-06-23T05:30,20.1,13.7,13.7,13.7,false,false
2026-06-23,13,6,2026-06,2026-06-23T06:00,19.24,12.61,12.61,12.61,false,false
2026-06-23,14,6,2026-06,2026-06-23T06:30,20.56,12.5,12.5,12.5,false,false
2026-06-23,15,7,2026-06,2026-06-23T07:00,20.52,15.14,15.14,15.14,false,false
2026-06-23,16,7,2026-06,2026-06-23T07:30,20.15,11.83,11.83,11.83,false,false
2026-06-23,17,8,2026-06,2026-06-23T08:00,19.49,12.26,12.26,12.26,false,false
2026-06-23,18,8,2026-06,2026-06-23T08:30,20.77,15.86,15.86,15.86,false,false
2026-06-23,19,9,2026-06,2026-06-23T09:00,20.77,13.67,13.67,13.67,false,false
2026-06-23,20,9,2026-06,2026-06-23T09:30,20.62,14.83,14.83,14.83,false,false
2026-06-23,21,10,2026-06,2026-06-23T10:00,20.78,12.51,12.51,12.51,false,false
2026-06-23,22,10,2026-06,2026-06-23T10:30,21.23,16.1,16.1,16.1,false,false
2026-06-23,23,11,2026-06,2026-06-23T11:00,21.62,14.34,14.34,14.34,false,false
2026-06-23,24,11,2026-06,2026-06-23T11:30,21.68,11.79,11.79,11.79,false,false
2026-06-23,25,12,2026-06,2026-06-23T12:00,22.94,13.15,13.15,13.15,false,false
2026-06-23,26,12,2026-06,2026-06-23T12:30,21.4,16.95,16.95,16.95,false,false
2026-06-23,27,13,2026-06,2026-06-23T13:00,21.75,14.95,14.95,14.95,false,false
2026-06-23,28,13,2026-06,2026-06-23T13:30,20.58,22.93,22.93,22.93,false,false
2026-06-23,29,14,2026-06,2026-06-23T14:00,20.67,17.64,17.64,17.64,false,false
2026-06-23,30,14,2026-06,2026-06-23T14:30,20.76,17.71,17.71,17.71,false,false
2026-06-23,31,15,2026-06,2026-06-23T15:00,19.26,20.4,20.4,20.4,false,false
2026-06-23,32,15,2026-06,2026-06-23T15:30,18.44,25.3,25.3,25.3,false,false
2026-06-23,33,16,2026-06,2026-06-23T16:00,16.66,27.5,27.5,27.5,false,false
2026-06-23,34,16,2026-06,2026-06-23T16:30,17.22,21.96,21.96,21.96,false,false
2026-06-23,35,17,2026-06,2026-06-23T17:00,15.38,21.44,21.44,21.44,false,false
2026-06-23,36,17,2026-06,2026-06-23T17:30,15.86,21.67,21.67,21.67,false,false
2026-06-23,37,18,2026-06,2026-06-23T18:00,15.31,20.25,20.25,20.25,false,false
2026-06-23,38,18,2026-06,2026-06-23T18:30,14.84,20.55,20.55,20.55,false,false
2026-06-23,39,19,2026-06,2026-06-23T19:00,17.05,21.76,21.76,21.76,false,false
2026-06-23,40,19,2026-06,2026-06-23T19:30,18.39,16.85,16.85,16.85,false,false
2026-06-23,41,20,2026-06,2026-06-23T20:00,17.98,20.1,20.1,20.1,false,false
2026-06-23,42,20,2026-06,2026-06-23T20:30,19.87,16.91,16.91,16.91,false,false
2026-06-23,43,21,2026-06,2026-06-23T21:00,20.12,16.87,16.87,16.87,false,false
2026-06-23,44,21,2026-06,2026-06-23T21:30,20.48,16.84,16.84,16.84,false,false
2026-06-23,45,22,2026-06,2026-06-23T22:00,21.2,16.43,16.43,16.43,false,false
2026-06-23,46,22,2026-06,2026-06-23T22:30,20.64,14.84,14.84,14.84,false,false
2026-06-23,47,23,2026-06,2026-06-23T23:00,20.32,17.21,17.21,17.21,false,false
2026-06-23,48,23,2026-06,2026-06-23T23:30,21.03,15.8,15.8,15.8,false,false
2026-06-24,1,0,2026-06,2026-06-24T00:00,18.73,19.4,19.4,19.4,false,false
2026-06-24,2,0,2026-06,2026-06-24T00:30,17.79,21.79,21.79,21.79,false,false
2026-06-24,3,1,2026-06,2026-06-24T01:00,17.74,21.85,21.85,21.85,false,false
2026-06-24,4,1,2026-06,2026-06-24T01:30,16.29,17.69,17.69,17.69,false,false
2026-06-24,5,2,2026-06,2026-06-24T02:00,18.76,19.0,19.0,19.0,false,false
2026-06-24,6,2,2026-06,2026-06-24T02:30,17.49,22.01,22.01,22.01,false,false
2026-06-24,7,3,2026-06,2026-06-24T03:00,18.42,15.93,15.93,15.93,false,false
2026-06-24,8,3,2026-06,2026-06-24T03:30,17.93,17.47,17.47,17.47,false,false
2026-06-24,9,4,2026-06,2026-06-24T04:00,17.21,17.64,17.64,17.64,false,false
2026-06-24,10,4,2026-06,2026-06-24T04:30,16.71,20.43,20.43,20.43,false,false
2026-06-24,11,5,2026-06,2026-06-24T05:00,18.11,15.59,15.59,15.59,false,false
2026-06-24,12,5,2026-06,2026-06-24T05:30,17.88,15.67,15.67,15.67,false,false
2026-06-24,13,6,2026-06,2026-06-24T06:00,17.23,19.59,19.59,19.59,false,false
2026-06-24,14,6,2026-06,2026-06-24T06:30,17.07,17.81,17.81,17.81,false,false
2026-06-24,15,7,2026-06,2026-06-24T07:00,17.44,17.06,17.06,17.06,false,false
2026-06-24,16,7,2026-06,2026-06-24T07:30,17.35,18.11,18.11,18.11,false,false
2026-06-24,17,8,2026-06,2026-06-24T08:00,17.59,21.44,21.44,21.44,false,false
2026-06-24,18,8,2026-06,2026-06-24T08:30,16.54,16.89,16.89,16.89,false,false
2026-06-24,19,9,2026-06,2026-06-24T09:00,17.43,22.15,22.15,22.15,false,false
2026-06-24,20,9,2026-06,2026-06-24T09:30,18.46,16.36,16.36,16.36,false,false
2026-06-24,21,10,2026-06,2026-06-24T10:00,17.77,21.79,21.79,21.79,false,false
2026-06-24,22,10,2026-06,2026-06-24T10:30,18.51,17.6,17.6,17.6,false,false
2026-06-24,23,11,2026-06,2026-06-24T11:00,19.37,21.63,21.63,21.63,false,false
2026-06-24,24,11,2026-06,2026-06-24T11:30,18.87,20.0,20.0,20.0,false,false
2026-06-24,25,12,2026-06,2026-06-24T12:00,19.64,18.53,18.53,18.53,false,false
2026-06-24,26,12,2026-06,2026-06-24T12:30,19.46,24.94,24.94,24.94,false,false
2026-06-24,27,13,2026-06,2026-06-24T13:00,18.86,21.37,21.37,21.37,false,false
2026-06-24,28,13,2026-06,2026-06-24T13:30,18.58,29.57,29.57,29.57,false,false
2026-06-24,29,14,2026-06,2026-06-24T14:00,18.34,25.1,25.1,25.1,false,false
2026-06-24,30,14,2026-06,2026-06-24T14:30,19.07,22.95,22.95,22.95,false,false
2026-06-24,31,15,2026-06,2026-06-24T15:00,17.42,23.05,23.05,23.05,false,false
2026-06-24,32,15,2026-06,2026-06-24T15:30,17.77,26.6,26.6,26.6,false,false
2026-06-24,33,16,2026-06,2026-06-24T16:00,15.59,32.85,32.85,32.85,false,false
2026-06-24,34,16,2026-06,2026-06-24T16:30,13.85,35.29,35.29,35.29,false,false
2026-06-24,35,17,2026-06,2026-06-24T17:00,12.88,32.83,32.83,32.83,false,false
2026-06-24,36,17,2026-06,2026-06-24T17:30,12.67,25.53,25.53,25.53,false,false
2026-06-24,37,18,2026-06,2026-06-24T18:00,12.05,36.57,36.57,36.57,false,false
2026-06-24,38,18,2026-06,2026-06-24T18:30,13.18,25.04,25.04,25.04,false,false
2026-06-24,39,19,2026-06,2026-06-24T19:00,14.46,32.16,32.16,32.16,false,false
2026-06-24,40,19,2026-06,2026-06-24T19:30,16.1,27.35,27.35,27.35,false,false
2026-06-24,41,20,2026-06,2026-06-24T20:00,15.27,21.83,21.83,21.83,false,false
2026-06-24,42,20,2026-06,2026-06-24T20:30,17.64,21.55,21.55,21.55,false,false
2026-06-24,43,21,2026-06,2026-06-24T21:00,17.43,24.86,24.86,24.86,false,false
2026-06-24,44,21,2026-06,2026-06-24T21:30,18.56,19.09,19.09,19.09,false,false
2026-06-24,45,22,2026-06,2026-06-24T22:00,17.96,23.72,23.72,23.72,false,false
2026-06-24,46,22,2026-06,2026-06-24T22:30,18.29,18.15,18.15,18.15,false,false
2026-06-24,47,23,2026-06,2026-06-24T23:00,17.3,23.61,23.61,23.61,false,false
2026-06-24,48,23,2026-06,2026-06-24T23:30,17.32,21.26,21.26,21.26,false,false
2026-06-25,1,0,2026-06,2026-06-25T00:00,15.38,19.63,19.63,19.63,false,false
2026-06-25,2,0,2026-06,2026-06-25T00:30,14.88,18.63,18.63,18.63,false,false
2026-06-25,3,1,2026-06,2026-06-25T01:00,15.35,14.7,14.7,14.7,false,false
2026-06-25,4,1,2026-06,2026-06-25T01:30,14.43,21.06,21.06,21.06,false,false
2026-06-25,5,2,2026-06,2026-06-25T02:00,14.69,19.98,19.98,19.98,false,false
2026-06-25,6,2,2026-06,2026-06-25T02:30,14.61,19.28,19.28,19.28,false,false
2026-06-25,7,3,2026-06,2026-06-25T03:00,14.61,14.43,14.43,14.43,false,false
2026-06-25,8,3,2026-06,2026-06-25T03:30,14.75,16.06,16.06,16.06,false,false
2026-06-25,9,4,2026-06,2026-06-25T04:00,14.38,15.78,15.78,15.78,false,false
2026-06-25,10,4,2026-06,2026-06-25T04:30,14.85,16.09,16.09,16.09,false,false
2026-06-25,11,5,2026-06,2026-06-25T05:00,15.09,18.03,18.03,18.03,false,false
2026-06-25,12,5,2026-06,2026-06-25T05:30,14.95,18.12,18.12,18.12,false,false
2026-06-25,13,6,2026-06,2026-06-25T06:00,14.29,18.41,18.41,18.41,false,false
2026-06-25,14,6,2026-06,2026-06-25T06:30,14.84,17.13,17.13,17.13,false,false
2026-06-25,15,7,2026-06,2026-06-25T07:00,15.21,16.43,16.43,16.43,false,false
2026-06-25,16,7,2026-06,2026-06-25T07:30,15.04,17.31,17.31,17.31,false,false
2026-06-25,17,8,2026-06,2026-06-25T08:00,14.35,20.32,20.32,20.32,false,false
2026-06-25,18,8,2026-06,2026-06-25T08:30,15.85,19.11,19.11,19.11,false,false
2026-06-25,19,9,2026-06,2026-06-25T09:00,15.64,19.35,19.35,19.35,false,false
2026-06-25,20,9,2026-06,2026-06-25T09:30,16.18,19.17,19.17,19.17,false,false
2026-06-25,21,10,2026-06,2026-06-25T10:00,16.4,20.2,20.2,20.2,false,false
2026-06-25,22,10,2026-06,2026-06-25T10:30,15.19,19.84,19.84,19.84,false,false
2026-06-25,23,11,2026-06,2026-06-25T11:00,15.99,19.05,19.05,19.05,false,false
2026-06-25,24,11,2026-06,2026-06-25T11:30,16.53,16.63,16.63,16.63,false,false
2026-06-25,25,12,2026-06,2026-06-25T12:00,16.85,22.57,22.57,22.57,false,false
2026-06-25,26,12,2026-06,2026-06-25T12:30,17.25,19.2,19.2,19.2,false,false
2026-06-25,27,13,2026-06,2026-06-25T13:00,17.71,21.2,21.2,21.2,false,false
2026-06-25,28,13,2026-06,2026-06-25T13:30,16.93,23.43,23.43,23.43,false,false
2026-06-25,29,14,2026-06,2026-06-25T14:00,16.38,23.59,23.59,23.59,false,false
2026-06-25,30,14,2026-06,2026-06-25T14:30,16.25,22.01,22.01,22.01,false,false
2026-06-25,31,15,2026-06,2026-06-25T15:00,16.04,23.1,23.1,23.1,false,false
2026-06-25,32,15,2026-06,2026-06-25T15:30,14.04,32.54,32.54,32.54,false,false
2026-06-25,33,16,2026-06,2026-06-25T16:00,13.42,28.03,28.03,28.03,false,false
2026-06-25,34,16,2026-06,2026-06-25T16:30,12.22,29.02,29.02,29.02,false,false
2026-06-25,35,17,2026-06,2026-06-25T17:00,10.65,33.01,33.01,33.01,false,false
2026-06-25,36,17,2026-06,2026-06-25T17:30,10.74,34.15,34.15,34.15,false,false
2026-06-25,37,18,2026-06,2026-06-25T18:00,9.43,31.1,31.1,31.1,true,false
2026-06-25,38,18,2026-06,2026-06-25T18:30,11.53,23.6,23.6,23.6,false,false
2026-06-25,39,19,2026-06,2026-06-25T19:00,10.77,25.1,25.1,25.1,false,false
2026-06-25,40,19,2026-06,2026-06-25T19:30,12.77,25.59,25.59,25.59,false,false
2026-06-25,41,20,2026-06,2026-06-25T20:00,14.09,22.85,22.85,22.85,false,false
2026-06-25,42,20,2026-06,2026-06-25T20:30,14.69,20.04,20.04,20.04,false,false
2026-06-25,43,21,2026-06,2026-06-25T21:00,15.27,21.8,21.8,21.8,false,false
2026-06-25,44,21,2026-06,2026-06-25T21:30,15.84,21.46,21.46,21.46,false,false
2026-06-25,45,22,2026-06,2026-06-25T22:00,14.63,20.96,20.96,20.96,false,false
2026-06-25,46,22,2026-06,2026-06-25T22:30,15.88,21.76,21.76,21.76,false,false
2026-06-25,47,23,2026-06,2026-06-25T23:00,14.77,19.39,19.39,19.39,false,false
2026-06-25,48,23,2026-06,2026-06-25T23:30,14.35,16.83,16.83,16.83,false,false
2026-06-26,1,0,2026-06,2026-06-26T00:00,14.5,13.24,13.24,13.24,false,false
2026-06-26,2,0,2026-06,2026-06-26T00:30,15.37,14.82,14.82,14.82,false,false
2026-06-26,3,1,2026-06,2026-06-26T01:00,14.42,12.77,12.77,12.77,false,false
2026-06-26,4,1,2026-06,2026-06-26T01:30,14.7,15.43,15.43,15.43,false,false
2026-06-26,5,2,2026-06,2026-06-26T02:00,15.16,12.24,12.24,12.24,false,false
2026-06-26,6,2,2026-06,2026-06-26T02:30,14.13,16.07,16.07,16.07,false,false
2026-06-26,7,3,2026-06,2026-06-26T03:00,14.73,15.74,15.74,15.74,false,false
2026-06-26,8,3,2026-06,2026-06-26T03:30,14.33,14.91,14.91,14.91,false,false
2026-06-26,9,4,2026-06,2026-06-26T04:00,14.9,12.82,12.82,12.82,false,false
2026-06-26,10,4,2026-06,2026-06-26T04:30,13.82,17.19,17.19,17.19,false,false
2026-06-26,11,5,2026-06,2026-06-26T05:00,14.35,14.44,14.44,14.44,false,false
2026-06-26,12,5,2026-06,2026-06-26T05:30,13.43,16.15,16.15,16.15,false,false
2026-06-26,13,6,2026-06,2026-06-26T06:00,14.24,17.54,17.54,17.54,false,false
2026-06-26,14,6,2026-06,2026-06-26T06:30,14.36,16.36,16.36,16.36,false,false
2026-06-26,15,7,2026-06,2026-06-26T07:00,14.24,16.07,16.07,16.07,false,false
2026-06-26,16,7,2026-06,2026-06-26T07:30,14.27,14.17,14.17,14.17,false,false
2026-06-26,17,8,2026-06,2026-06-26T08:00,15.28,12.67,12.67,12.67,false,false
2026-06-26,18,8,2026-06,2026-06-26T08:30,14.14,15.55,15.55,15.55,false,false
2026-06-26,19,9,2026-06,2026-06-26T09:00,14.59,12.84,12.84,12.84,false,false
2026-06-26,20,9,2026-06,2026-06-26T09:30,15.99,15.38,15.38,15.38,false,false
2026-06-26,21,10,2026-06,2026-06-26T10:00,15.37,13.51,13.51,13.51,false,false
2026-06-26,22,10,2026-06,2026-06-26T10:30,14.82,15.23,15.23,15.23,false,false
2026-06-26,23,11,2026-06,2026-06-26T11:00,15.26,16.97,16.97,16.97,false,false
2026-06-26,24,11,2026-06,2026-06-26T11:30,15.57,16.84,16.84,16.84,false,false
2026-06-26,25,12,2026-06,2026-06-26T12:00,15.59,13.05,13.05,13.05,false,false
2026-06-26,26,12,2026-06,2026-06-26T12:30,15.74,19.5,19.5,19.5,false,false
2026-06-26,27,13,2026-06,2026-06-26T13:00,16.24,18.05,18.05,18.05,false,false
2026-06-26,28,13,2026-06,2026-06-26T13:30,14.92,15.92,15.92,15.92,false,false
2026-06-26,29,14,2026-06,2026-06-26T14:00,16.8,16.16,16.16,16.16,false,false
2026-06-26,30,14,2026-06,2026-06-26T14:30,15.87,18.35,18.35,18.35,false,false
2026-06-26,31,15,2026-06,2026-06-26T15:00,15.67,25.91,25.91,25.91,false,false
2026-06-26,32,15,2026-06,2026-06-26T15:30,12.97,23.86,23.86,23.86,false,false
2026-06-26,33,16,2026-06,2026-06-26T16:00,12.32,20.52,20.52,20.52,false,false
2026-06-26,34,16,2026-06,2026-06-26T16:30,10.54,22.88,22.88,22.88,false,false
2026-06-26,35,17,2026-06,2026-06-26T17:00,10.05,23.71,23.71,23.71,false,false
2026-06-26,36,17,2026-06,2026-06-26T17:30,9.94,22.79,22.79,22.79,true,false
2026-06-26,37,18,2026-06,2026-06-26T18:00,9.56,21.34,21.34,21.34,true,false
2026-06-26,38,18,2026-06,2026-06-26T18:30,10.58,27.34,27.34,27.34,false,false
2026-06-26,39,19,2026-06,2026-06-26T19:00,10.79,24.56,24.56,24.56,false,false
2026-06-26,40,19,2026-06,2026-06-26T19:30,11.71,17.5,17.5,17.5,false,false
2026-06-26,41,20,2026-06,2026-06-26T20:00,13.24,20.8,20.8,20.8,false,false
2026-06-26,42,20,2026-06,2026-06-26T20:30,14.36,19.97,19.97,19.97,false,false
2026-06-26,43,21,2026-06,2026-06-26T21:00,15.1,19.59,19.59,19.59,false,false
2026-06-26,44,21,2026-06,2026-06-26T21:30,13.99,17.64,17.64,17.64,false,false
2026-06-26,45,22,2026-06,2026-06-26T22:00,14.96,17.43,17.43,17.43,false,false
2026-06-26,46,22,2026-06,2026-06-26T22:30,13.55,17.7,17.7,17.7,false,false
2026-06-26,47,23,2026-06,2026-06-26T23:00,15.15,15.02,15.02,15.02,false,false
2026-06-26,48,23,2026-06,2026-06-26T23:30,14.73,14.57,14.57,14.57,false,false
2026-06-27,1,0,2026-06,2026-06-27T00:00,16.74,12.66,12.66,12.66,false,false
2026-06-27,2,0,2026-06,2026-06-27T00:30,18.49,12.5,12.5,12.5,false,false
2026-06-27,3,1,2026-06,2026-06-27T01:00,17.07,15.3,15.3,15.3,false,false
2026-06-27,4,1,2026-06,2026-06-27T01:30,16.74,12.33,12.33,12.33,false,false
2026-06-27,5,2,2026-06,2026-06-27T02:00,17.41,11.76,11.76,11.76,false,false
2026-06-27,6,2,2026-06,2026-06-27T02:30,17.35,12.79,12.79,12.79,false,false
2026-06-27,7,3,2026-06,2026-06-27T03:00,16.0,14.07,14.07,14.07,false,false
2026-06-27,8,3,2026-06,2026-06-27T03:30,17.48,13.62,13.62,13.62,false,false
2026-06-27,9,4,2026-06,2026-06-27T04:00,15.92,12.07,12.07,12.07,false,false
2026-06-27,10,4,2026-06,2026-06-27T04:30,17.38,14.36,14.36,14.36,false,false
2026-06-27,11,5,2026-06,2026-06-27T05:00,17.35,11.04,11.04,11.04,false,false
2026-06-27,12,5,2026-06,2026-06-27T05:30,17.96,12.18,12.18,12.18,false,false
2026-06-27,13,6,2026-06,2026-06-27T06:00,17.72,12.93,12.93,12.93,false,false
2026-06-27,14,6,2026-06,2026-06-27T06:30,16.71,12.76,12.76,12.76,false,false
2026-06-27,15,7,2026-06,2026-06-27T07:00,17.81,11.25,11.25,11.25,false,false
2026-06-27,16,7,2026-06,2026-06-27T07:30,17.65,11.88,11.88,11.88,false,false
2026-06-27,17,8,2026-06,2026-06-27T08:00,16.45,10.54,10.54,10.54,false,false
2026-06-27,18,8,2026-06,2026-06-27T08:30,18.05,11.07,11.07,11.07,false,false
2026-06-27,19,9,2026-06,2026-06-27T09:00,17.71,15.1,15.1,15.1,false,false
2026-06-27,20,9,2026-06,2026-06-27T09:30,17.95,10.37,10.37,10.37,false,false
2026-06-27,21,10,2026-06,2026-06-27T10:00,18.06,11.2,11.2,11.2,false,false
2026-06-27,22,10,2026-06,2026-06-27T10:30,18.85,10.35,10.35,10.35,false,false
2026-06-27,23,11,2026-06,2026-06-27T11:00,18.08,12.42,12.42,12.42,false,false
2026-06-27,24,11,2026-06,2026-06-27T11:30,18.59,12.63,12.63,12.63,false,false
2026-06-27,25,12,2026-06,2026-06-27T12:00,19.2,12.3,12.3,12.3,false,false
2026-06-27,26,12,2026-06,2026-06-27T12:30,19.72,14.4,14.4,14.4,false,false
2026-06-27,27,13,2026-06,2026-06-27T13:00,18.46,17.45,17.45,17.45,false,false
2026-06-27,28,13,2026-06,2026-06-27T13:30,19.21,17.61,17.61,17.61,false,false
2026-06-27,29,14,2026-06,2026-06-27T14:00,18.16,18.0,18.0,18.0,false,false
2026-06-27,30,14,2026-06,2026-06-27T14:30,17.75,18.3,18.3,18.3,false,false
2026-06-27,31,15,2026-06,2026-06-27T15:00,17.43,15.4,15.4,15.4,false,false
2026-06-27,32,15,2026-06,2026-06-27T15:30,16.37,22.71,22.71,22.71,false,false
2026-06-27,33,16,2026-06,2026-06-27T16:00,14.97,17.26,17.26,17.26,false,false
2026-06-27,34,16,2026-06,2026-06-27T16:30,15.74,18.53,18.53,18.53,false,false
2026-06-27,35,17,2026-06,2026-06-27T17:00,13.56,18.32,18.32,18.32,false,false
2026-06-27,36,17,2026-06,2026-06-27T17:30,12.18,22.72,22.72,22.72,false,false
2026-06-27,37,18,2026-06,2026-06-27T18:00,12.67,18.22,18.22,18.22,false,false
2026-06-27,38,18,2026-06,2026-06-27T18:30,13.03,16.02,16.02,16.02,false,false
2026-06-27,39,19,2026-06,2026-06-27T19:00,12.69,18.78,18.78,18.78,false,false
2026-06-27,40,19,2026-06,2026-06-27T19:30,14.72,18.55,18.55,18.55,false,false
2026-06-27,41,20,2026-06,2026-06-27T20:00,15.69,14.64,14.64,14.64,false,false
2026-06-27,42,20,2026-06,2026-06-27T20:30,15.9,14.76,14.76,14.76,false,false
2026-06-27,43,21,2026-06,2026-06-27T21:00,18.35,14.68,14.68,14.68,false,false
2026-06-27,44,21,2026-06,2026-06-27T21:30,17.17,12.39,12.39,12.39,false,false
2026-06-27,45,22,2026-06,2026-06-27T22:00,16.89,14.95,14.95,14.95,false,false
2026-06-27,46,22,2026-06,2026-06-27T22:30,17.07,14.16,14.16,14.16,false,false
2026-06-27,47,23,2026-06,2026-06-27T23:00,16.42,11.92,11.92,11.92,false,false
2026-06-27,48,23,2026-06,2026-06-27T23:30,17.2,11.25,11.25,11.25,false,false
2026-06-28,1,0,2026-06,2026-06-28T00:00,19.91,15.6,15.6,15.6,false,false
2026-06-28,2,0,2026-06,2026-06-28T00:30,19.52,12.4,12.4,12.4,false,false
2026-06-28,3,1,2026-06,2026-06-28T01:00,20.06,15.14,15.14,15.14,false,false
2026-06-28,4,1,2026-06,2026-06-28T01:30,20.02,13.64,13.64,13.64,false,false
2026-06-28,5,2,2026-06,2026-06-28T02:00,19.79,13.66,13.66,13.66,false,false
2026-06-28,6,2,2026-06,2026-06-28T02:30,19.19,17.35,17.35,17.35,false,false
2026-06-28,7,3,2026-06,2026-06-28T03:00,18.58,13.35,13.35,13.35,false,false
2026-06-28,8,3,2026-06,2026-06-28T03:30,19.45,11.96,11.96,11.96,false,false
2026-06-28,9,4,2026-06,2026-06-28T04:00,19.2,16.07,16.07,16.07,false,false
2026-06-28,10,4,2026-06,2026-06-28T04:30,19.63,13.33,13.33,13.33,false,false
2026-06-28,11,5,2026-06,2026-06-28T05:00,20.48,14.36,14.36,14.36,false,false
2026-06-28,12,5,2026-06,2026-06-28T05:30,19.72,14.05,14.05,14.05,false,false
2026-06-28,13,6,2026-06,2026-06-28T06:00,19.77,12.96,12.96,12.96,false,false
2026-06-28,14,6,2026-06,2026-06-28T06:30,19.63,12.39,12.39,12.39,false,false
2026-06-28,15,7,2026-06,2026-06-28T07:00,20.36,13.6,13.6,13.6,false,false
2026-06-28,16,7,2026-06,2026-06-28T07:30,20.82,15.58,15.58,15.58,false,false
2026-06-28,17,8,2026-06,2026-06-28T08:00,20.09,12.97,12.97,12.97,false,false
2026-06-28,18,8,2026-06,2026-06-28T08:30,19.43,16.73,16.73,16.73,false,false
2026-06-28,19,9,2026-06,2026-06-28T09:00,20.27,14.74,14.74,14.74,false,false
2026-06-28,20,9,2026-06,2026-06-28T09:30,20.57,12.27,12.27,12.27,false,false
2026-06-28,21,10,2026-06,2026-06-28T10:00,21.92,17.89,17.89,17.89,false,false
2026-06-28,22,10,2026-06,2026-06-28T10:30,21.3,17.35,17.35,17.35,false,false
2026-06-28,23,11,2026-06,2026-06-28T11:00,21.58,15.18,15.18,15.18,false,false
2026-06-28,24,11,2026-06,2026-06-28T11:30,22.66,14.69,14.69,14.69,false,false
2026-06-28,25,12,2026-06,2026-06-28T12:00,21.62,14.68,14.68,14.68,false,false
2026-06-28,26,12,2026-06,2026-06-28T12:30,21.54,14.05,14.05,14.05,false,false
2026-06-28,27,13,2026-06,2026-06-28T13:00,22.01,16.32,16.32,16.32,false,false
2026-06-28,28,13,2026-06,2026-06-28T13:30,21.88,23.46,23.46,23.46,false,false
2026-06-28,29,14,2026-06,2026-06-28T14:00,20.17,16.83,16.83,16.83,false,false
2026-06-28,30,14,2026-06,2026-06-28T14:30,19.41,22.6,22.6,22.6,false,false
2026-06-28,31,15,2026-06,2026-06-28T15:00,20.28,23.92,23.92,23.92,false,false
2026-06-28,32,15,2026-06,2026-06-28T15:30,18.46,23.23,23.23,23.23,false,false
2026-06-28,33,16,2026-06,2026-06-28T16:00,17.1,27.26,27.26,27.26,false,false
2026-06-28,34,16,2026-06,2026-06-28T16:30,16.2,21.61,21.61,21.61,false,false
2026-06-28,35,17,2026-06,2026-06-28T17:00,15.44,26.7,26.7,26.7,false,false
2026-06-28,36,17,2026-06,2026-06-28T17:30,14.68,24.73,24.73,24.73,false,false
2026-06-28,37,18,2026-06,2026-06-28T18:00,14.44,19.88,19.88,19.88,false,false
2026-06-28,38,18,2026-06,2026-06-28T18:30,16.64,22.13,22.13,22.13,false,false
2026-06-28,39,19,2026-06,2026-06-28T19:00,15.3,19.54,19.54,19.54,false,false
2026-06-28,40,19,2026-06,2026-06-28T19:30,17.35,24.24,24.24,24.24,false,false
2026-06-28,41,20,2026-06,2026-06-28T20:00,17.39,20.04,20.04,20.04,false,false
2026-06-28,42,20,2026-06,2026-06-28T20:30,19.4,21.28,21.28,21.28,false,false
2026-06-28,43,21,2026-06,2026-06-28T21:00,19.75,19.69,19.69,19.69,false,false
2026-06-28,44,21,2026-06,2026-06-28T21:30,19.53,17.73,17.73,17.73,false,false
2026-06-28,45,22,2026-06,2026-06-28T22:00,20.38,18.56,18.56,18.56,false,false
2026-06-28,46,22,2026-06,2026-06-28T22:30,20.03,13.27,13.27,13.27,false,false
2026-06-28,47,23,2026-06,2026-06-28T23:00,20.2,14.54,14.54,14.54,false,false
2026-06-28,48,23,2026-06,2026-06-28T23:30,19.59,15.81,15.81,15.81,false,false
2026-06-29,1,0,2026-06,2026-06-29T00:00,16.74,21.14,21.14,21.14,false,false
2026-06-29,2,0,2026-06,2026-06-29T00:30,17.77,21.89,21.89,21.89,false,false
2026-06-29,3,1,2026-06,2026-06-29T01:00,16.7,20.47,20.47,20.47,false,false
2026-06-29,4,1,2026-06,2026-06-29T01:30,16.1,22.26,22.26,22.26,false,false
2026-06-29,5,2,2026-06,2026-06-29T02:00,17.09,24.24,24.24,24.24,false,false
2026-06-29,6,2,2026-06,2026-06-29T02:30,16.56,20.97,20.97,20.97,false,false
2026-06-29,7,3,2026-06,2026-06-29T03:00,16.95,17.77,17.77,17.77,false,false
2026-06-29,8,3,2026-06,2026-06-29T03:30,16.27,21.07,21.07,21.07,false,false
2026-06-29,9,4,2026-06,2026-06-29T04:00,16.96,23.0,23.0,23.0,false,false
2026-06-29,10,4,2026-06,2026-06-29T04:30,16.66,20.08,20.08,20.08,false,false
2026-06-29,11,5,2026-06,2026-06-29T05:00,16.79,22.55,22.55,22.55,false,false
2026-06-29,12,5,2026-06,2026-06-29T05:30,16.8,20.52,20.52,20.52,false,false
2026-06-29,13,6,2026-06,2026-06-29T06:00,15.93,21.75,21.75,21.75,false,false
2026-06-29,14,6,2026-06,2026-06-29T06:30,15.74,22.51,22.51,22.51,false,false
2026-06-29,15,7,2026-06,2026-06-29T07:00,17.42,18.13,18.13,18.13,false,false
2026-06-29,16,7,2026-06,2026-06-29T07:30,15.57,19.21,19.21,19.21,false,false
2026-06-29,17,8,2026-06,2026-06-29T08:00,16.83,21.31,21.31,21.31,false,false
2026-06-29,18,8,2026-06,2026-06-29T08:30,17.17,17.92,17.92,17.92,false,false
2026-06-29,19,9,2026-06,2026-06-29T09:00,16.0,19.46,19.46,19.46,false,false
2026-06-29,20,9,2026-06,2026-06-29T09:30,17.89,24.08,24.08,24.08,false,false
2026-06-29,21,10,2026-06,2026-06-29T10:00,16.98,27.13,27.13,27.13,false,false
2026-06-29,22,10,2026-06,2026-06-29T10:30,17.27,19.22,19.22,19.22,false,false
2026-06-29,23,11,2026-06,2026-06-29T11:00,16.98,22.81,22.81,22.81,false,false
2026-06-29,24,11,2026-06,2026-06-29T11:30,17.81,22.28,22.28,22.28,false,false
2026-06-29,25,12,2026-06,2026-06-29T12:00,18.23,21.78,21.78,21.78,false,false
2026-06-29,26,12,2026-06,2026-06-29T12:30,18.78,20.43,20.43,20.43,false,false
2026-06-29,27,13,2026-06,2026-06-29T13:00,18.35,26.02,26.02,26.02,false,false
2026-06-29,28,13,2026-06,2026-06-29T13:30,17.83,29.84,29.84,29.84,false,false
2026-06-29,29,14,2026-06,2026-06-29T14:00,17.32,27.72,27.72,27.72,false,false
2026-06-29,30,14,2026-06,2026-06-29T14:30,18.51,31.13,31.13,31.13,false,false
2026-06-29,31,15,2026-06,2026-06-29T15:00,16.9,28.28,28.28,28.28,false,false
2026-06-29,32,15,2026-06,2026-06-29T15:30,15.4,29.56,29.56,29.56,false,false
2026-06-29,33,16,2026-06,2026-06-29T16:00,13.85,31.85,31.85,31.85,false,false
2026-06-29,34,16,2026-06,2026-06-29T16:30,13.25,28.08,28.08,28.08,false,false
2026-06-29,35,17,2026-06,2026-06-29T17:00,13.34,31.41,31.41,31.41,false,false
2026-06-29,36,17,2026-06,2026-06-29T17:30,10.79,30.73,30.73,30.73,false,false
2026-06-29,37,18,2026-06,2026-06-29T18:00,11.85,26.61,26.61,26.61,false,false
2026-06-29,38,18,2026-06,2026-06-29T18:30,13.13,32.37,32.37,32.37,false,false
2026-06-29,39,19,2026-06,2026-06-29T19:00,12.06,27.86,27.86,27.86,false,false
2026-06-29,40,19,2026-06,2026-06-29T19:30,15.0,26.17,26.17,26.17,false,false
2026-06-29,41,20,2026-06,2026-06-29T20:00,16.72,26.04,26.04,26.04,false,false
2026-06-29,42,20,2026-06,2026-06-29T20:30,17.23,27.69,27.69,27.69,false,false
2026-06-29,43,21,2026-06,2026-06-29T21:00,16.54,26.26,26.26,26.26,false,false
2026-06-29,44,21,2026-06,2026-06-29T21:30,17.91,26.6,26.6,26.6,false,false
2026-06-29,45,22,2026-06,2026-06-29T22:00,16.85,22.59,22.59,22.59,false,false
2026-06-29,46,22,2026-06,2026-06-29T22:30,16.16,22.86,22.86,22.86,false,false
2026-06-29,47,23,2026-06,2026-06-29T23:00,17.39,26.66,26.66,26.66,false,false
2026-06-29,48,23,2026-06,2026-06-29T23:30,16.09,23.92,23.92,23.92,false,false
2026-06-30,1,0,2026-06,2026-06-30T00:00,14.46,24.86,24.86,24.86,false,false
2026-06-30,2,0,2026-06,2026-06-30T00:30,15.17,24.46,24.46,24.46,false,false
2026-06-30,3,1,2026-06,2026-06-30T01:00,13.98,23.12,23.12,23.12,false,false
2026-06-30,4,1,2026-06,2026-06-30T01:30,15.18,18.77,18.77,18.77,false,false
2026-06-30,5,2,2026-06,2026-06-30T02:00,14.43,18.58,18.58,18.58,false,false
2026-06-30,6,2,2026-06,2026-06-30T02:30,14.71,19.41,19.41,19.41,false,false
2026-06-30,7,3,2026-06,2026-06-30T03:00,14.43,18.48,18.48,18.48,false,false
2026-06-30,8,3,2026-06,2026-06-30T03:30,15.13,22.28,22.28,22.28,false,false
2026-06-30,9,4,2026-06,2026-06-30T04:00,15.11,17.77,17.77,17.77,false,false
2026-06-30,10,4,2026-06,2026-06-30T04:30,14.36,21.37,21.37,21.37,false,false
2026-06-30,11,5,2026-06,2026-06-30T05:00,14.96,22.16,22.16,22.16,false,false
2026-06-30,12,5,2026-06,2026-06-30T05:30,14.17,20.42,20.42,20.42,false,false
2026-06-30,13,6,2026-06,2026-06-30T06:00,14.42,19.6,19.6,19.6,false,false
2026-06-30,14,6,2026-06,2026-06-30T06:30,13.72,18.17,18.17,18.17,false,false
2026-06-30,15,7,2026-06,2026-06-30T07:00,15.41,24.23,24.23,24.23,false,false
2026-06-30,16,7,2026-06,2026-06-30T07:30,14.35,20.41,20.41,20.41,false,false
2026-06-30,17,8,2026-06,2026-06-30T08:00,13.86,23.42,23.42,23.42,false,false
2026-06-30,18,8,2026-06,2026-06-30T08:30,14.82,18.93,18.93,18.93,false,false
2026-06-30,19,9,2026-06,2026-06-30T09:00,15.53,22.2,22.2,22.2,false,false
2026-06-30,20,9,2026-06,2026-06-30T09:30,14.67,19.59,19.59,19.59,false,false
2026-06-30,21,10,2026-06,2026-06-30T10:00,15.02,21.49,21.49,21.49,false,false
2026-06-30,22,10,2026-06,2026-06-30T10:30,15.38,24.06,24.06,24.06,false,false
2026-06-30,23,11,2026-06,2026-06-30T11:00,15.72,25.3,25.3,25.3,false,false
2026-06-30,24,11,2026-06,2026-06-30T11:30,16.65,21.85,21.85,21.85,false,false
2026-06-30,25,12,2026-06,2026-06-30T12:00,15.99,24.8,24.8,24.8,false,false
2026-06-30,26,12,2026-06,2026-06-30T12:30,15.64,22.81,22.81,22.81,false,false
2026-06-30,27,13,2026-06,2026-06-30T13:00,16.57,32.64,32.64,32.64,false,false
2026-06-30,28,13,2026-06,2026-06-30T13:30,15.76,31.12,31.12,31.12,false,false
2026-06-30,29,14,2026-06,2026-06-30T14:00,15.6,27.68,27.68,27.68,false,false
2026-06-30,30,14,2026-06,2026-06-30T14:30,15.95,24.88,24.88,24.88,false,false
2026-06-30,31,15,2026-06,2026-06-30T15:00,14.0,27.04,27.04,27.04,false,false
2026-06-30,32,15,2026-06,2026-06-30T15:30,12.93,36.36,36.36,36.36,false,false
2026-06-30,33,16,2026-06,2026-06-30T16:00,11.87,32.5,32.5,32.5,false,false
2026-06-30,34,16,2026-06,2026-06-30T16:30,11.97,36.29,36.29,36.29,false,false
2026-06-30,35,17,2026-06,2026-06-30T17:00,10.65,38.33,38.33,38.33,false,false
2026-06-30,36,17,2026-06,2026-06-30T17:30,9.09,38.9,38.9,38.9,true,false
2026-06-30,37,18,2026-06,2026-06-30T18:00,9.49,33.55,33.55,33.55,true,false
2026-06-30,38,18,2026-06,2026-06-30T18:30,10.24,30.92,30.92,30.92,false,false
2026-06-30,39,19,2026-06,2026-06-30T19:00,10.32,27.93,27.93,27.93,false,false
2026-06-30,40,19,2026-06,2026-06-30T19:30,12.29,36.49,36.49,36.49,false,false
2026-06-30,41,20,2026-06,2026-06-30T20:00,12.98,25.13,25.13,25.13,false,false
2026-06-30,42,20,2026-06,2026-06-30T20:30,14.3,25.46,25.46,25.46,false,false
2026-06-30,43,21,2026-06,2026-06-30T21:00,13.68,27.2,27.2,27.2,false,false
2026-06-30,44,21,2026-06,2026-06-30T21:30,14.85,26.35,26.35,26.35,false,false
2026-06-30,45,22,2026-06,2026-06-30T22:00,14.61,25.05,25.05,25.05,false,false
2026-06-30,46,22,2026-06,2026-06-30T22:30,13.21,18.4,18.4,18.4,false,false
2026-06-30,47,23,2026-06,2026-06-30T23:00,14.47,20.97,20.97,20.97,false,false
2026-06-30,48,23,2026-06,2026-06-30T23:30,13.88,24.04,24.04,24.04,false,false
2026-07-01,1,0,2026-07,2026-07-01T00:00,18.21,17.91,17.91,17.91,false,false
2026-07-01,2,0,2026-07,2026-07-01T00:30,19.45,17.52,17.52,17.52,false,false
2026-07-01,3,1,2026-07,2026-07-01T01:00,17.67,14.72,14.72,14.72,false,false
2026-07-01,4,1,2026-07,2026-07-01T01:30,18.81,16.53,16.53,16.53,false,false
2026-07-01,5,2,2026-07,2026-07-01T02:00,19.08,16.39,16.39,16.39,false,false
2026-07-01,6,2,2026-07,2026-07-01T02:30,18.64,19.8,19.8,19.8,false,false
2026-07-01,7,3,2026-07,2026-07-01T03:00,18.8,16.76,16.76,16.76,false,false
2026-07-01,8,3,2026-07,2026-07-01T03:30,18.92,17.96,17.96,17.96,false,false
2026-07-01,9,4,2026-07,2026-07-01T04:00,19.41,15.59,15.59,15.59,false,false
2026-07-01,10,4,2026-07,2026-07-01T04:30,17.93,15.28,15.28,15.28,false,false
2026-07-01,11,5,2026-07,2026-07-01T05:00,18.55,13.15,13.15,13.15,false,false
2026-07-01,12,5,2026-07,2026-07-01T05:30,18.15,13.3,13.3,13.3,false,false
2026-07-01,13,6,2026-07,2026-07-01T06:00,18.05,17.06,17.06,17.06,false,false
2026-07-01,14,6,2026-07,2026-07-01T06:30,18.86,16.99,16.99,16.99,false,false
2026-07-01,15,7,2026-07,2026-07-01T07:00,18.68,15.84,15.84,15.84,false,false
2026-07-01,16,7,2026-07,2026-07-01T07:30,17.99,14.0,14.0,14.0,false,false
2026-07-01,17,8,2026-07,2026-07-01T08:00,18.56,17.58,17.58,17.58,false,false
2026-07-01,18,8,2026-07,2026-07-01T08:30,18.29,14.75,14.75,14.75,false,false
2026-07-01,19,9,2026-07,2026-07-01T09:00,18.79,16.01,16.01,16.01,false,false
2026-07-01,20,9,2026-07,2026-07-01T09:30,19.16,14.38,14.38,14.38,false,false
2026-07-01,21,10,2026-07,2026-07-01T10:00,18.98,18.48,18.48,18.48,false,false
2026-07-01,22,10,2026-07,2026-07-01T10:30,19.4,18.25,18.25,18.25,false,false
2026-07-01,23,11,2026-07,2026-07-01T11:00,19.5,14.12,14.12,14.12,false,false
2026-07-01,24,11,2026-07,2026-07-01T11:30,20.3,15.93,15.93,15.93,false,false
2026-07-01,25,12,2026-07,2026-07-01T12:00,20.7,14.24,14.24,14.24,false,false
2026-07-01,26,12,2026-07,2026-07-01T12:30,21.03,18.23,18.23,18.23,false,false
2026-07-01,27,13,2026-07,2026-07-01T13:00,19.82,18.82,18.82,18.82,false,false
2026-07-01,28,13,2026-07,2026-07-01T13:30,19.38,19.9,19.9,19.9,false,false
2026-07-01,29,14,2026-07,2026-07-01T14:00,20.4,18.47,18.47,18.47,false,false
2026-07-01,30,14,2026-07,2026-07-01T14:30,19.3,20.7,20.7,20.7,false,false
2026-07-01,31,15,2026-07,2026-07-01T15:00,18.47,21.55,21.55,21.55,false,false
2026-07-01,32,15,2026-07,2026-07-01T15:30,16.34,25.22,25.22,25.22,false,false
2026-07-01,33,16,2026-07,2026-07-01T16:00,16.42,23.22,23.22,23.22,false,false
2026-07-01,34,16,2026-07,2026-07-01T16:30,15.26,24.17,24.17,24.17,false,false
2026-07-01,35,17,2026-07,2026-07-01T17:00,13.89,27.62,27.62,27.62,false,false
2026-07-01,36,17,2026-07,2026-07-01T17:30,12.15,28.22,28.22,28.22,false,false
2026-07-01,37,18,2026-07,2026-07-01T18:00,13.83,28.22,28.22,28.22,false,false
2026-07-01,38,18,2026-07,2026-07-01T18:30,14.69,27.09,27.09,27.09,false,false
2026-07-01,39,19,2026-07,2026-07-01T19:00,15.57,20.24,20.24,20.24,false,false
2026-07-01,40,19,2026-07,2026-07-01T19:30,15.5,22.62,22.62,22.62,false,false
2026-07-01,41,20,2026-07,2026-07-01T20:00,16.83,18.56,18.56,18.56,false,false
2026-07-01,42,20,2026-07,2026-07-01T20:30,18.6,21.04,21.04,21.04,false,false
2026-07-01,43,21,2026-07,2026-07-01T21:00,18.58,20.36,20.36,20.36,false,false
2026-07-01,44,21,2026-07,2026-07-01T21:30,17.63,21.17,21.17,21.17,false,false
2026-07-01,45,22,2026-07,2026-07-01T22:00,17.36,21.21,21.21,21.21,false,false
2026-07-01,46,22,2026-07,2026-07-01T22:30,18.15,17.56,17.56,17.56,false,false
2026-07-01,47,23,2026-07,2026-07-01T23:00,19.53,18.4,18.4,18.4,false,false
2026-07-01,48,23,2026-07,2026-07-01T23:30,17.96,16.04,16.04,16.04,false,false
2026-07-02,1,0,2026-07,2026-07-02T00:00,14.61,14.7,14.7,14.7,false,false
2026-07-02,2,0,2026-07,2026-07-02T00:30,15.22,13.32,13.32,13.32,false,false
2026-07-02,3,1,2026-07,2026-07-02T01:00,14.2,13.64,13.64,13.64,false,false
2026-07-02,4,1,2026-07,2026-07-02T01:30,15.84,13.39,13.39,13.39,false,false
2026-07-02,5,2,2026-07,2026-07-02T02:00,14.88,14.55,14.55,14.55,false,false
2026-07-02,6,2,2026-07,2026-07-02T02:30,14.4,17.37,17.37,17.37,false,false
2026-07-02,7,3,2026-07,2026-07-02T03:00,14.14,14.81,14.81,14.81,false,false
2026-07-02,8,3,2026-07,2026-07-02T03:30,15.18,15.71,15.71,15.71,false,false
2026-07-02,9,4,2026-07,2026-07-02T04:00,14.88,17.08,17.08,17.08,false,false
2026-07-02,10,4,2026-07,2026-07-02T04:30,15.17,15.47,15.47,15.47,false,false
2026-07-02,11,5,2026-07,2026-07-02T05:00,14.6,16.06,16.06,16.06,false,false
2026-07-02,12,5,2026-07,2026-07-02T05:30,15.97,13.85,13.85,13.85,false,false
2026-07-02,13,6,2026-07,2026-07-02T06:00,14.85,16.98,16.98,16.98,false,false
2026-07-02,14,6,2026-07,2026-07-02T06:30,14.02,15.03,15.03,15.03,false,false
2026-07-02,15,7,2026-07,2026-07-02T07:00,13.47,13.48,13.48,13.48,false,false
2026-07-02,16,7,2026-07,2026-07-02T07:30,15.32,14.22,14.22,14.22,false,false
2026-07-02,17,8,2026-07,2026-07-02T08:00,14.43,14.11,14.11,14.11,false,false
2026-07-02,18,8,2026-07,2026-07-02T08:30,15.03,14.42,14.42,14.42,false,false
2026-07-02,19,9,2026-07,2026-07-02T09:00,15.04,14.32,14.32,14.32,false,false
2026-07-02,20,9,2026-07,2026-07-02T09:30,16.05,15.97,15.97,15.97,false,false
2026-07-02,21,10,2026-07,2026-07-02T10:00,15.81,14.74,14.74,14.74,false,false
2026-07-02,22,10,2026-07,2026-07-02T10:30,16.43,15.98,15.98,15.98,false,false
2026-07-02,23,11,2026-07,2026-07-02T11:00,16.93,13.18,13.18,13.18,false,false
2026-07-02,24,11,2026-07,2026-07-02T11:30,17.27,14.46,14.46,14.46,false,false
2026-07-02,25,12,2026-07,2026-07-02T12:00,17.63,19.6,19.6,19.6,false,false
2026-07-02,26,12,2026-07,2026-07-02T12:30,16.07,18.05,18.05,18.05,false,false
2026-07-02,27,13,2026-07,2026-07-02T13:00,16.84,18.97,18.97,18.97,false,false
2026-07-02,28,13,2026-07,2026-07-02T13:30,17.03,18.88,18.88,18.88,false,false
2026-07-02,29,14,2026-07,2026-07-02T14:00,17.0,18.56,18.56,18.56,false,false
2026-07-02,30,14,2026-07,2026-07-02T14:30,16.24,21.25,21.25,21.25,false,false
2026-07-02,31,15,2026-07,2026-07-02T15:00,15.58,24.39,24.39,24.39,false,false
2026-07-02,32,15,2026-07,2026-07-02T15:30,13.22,24.34,24.34,24.34,false,false
2026-07-02,33,16,2026-07,2026-07-02T16:00,13.66,22.54,22.54,22.54,false,false
2026-07-02,34,16,2026-07,2026-07-02T16:30,11.93,24.47,24.47,24.47,false,false
2026-07-02,35,17,2026-07,2026-07-02T17:00,11.12,22.38,22.38,22.38,false,false
2026-07-02,36,17,2026-07,2026-07-02T17:30,9.23,22.37,22.37,22.37,true,false
2026-07-02,37,18,2026-07,2026-07-02T18:00,9.63,29.59,29.59,29.59,true,false
2026-07-02,38,18,2026-07,2026-07-02T18:30,10.59,25.16,25.16,25.16,false,false
2026-07-02,39,19,2026-07,2026-07-02T19:00,11.74,27.09,27.09,27.09,false,false
2026-07-02,40,19,2026-07,2026-07-02T19:30,13.45,27.24,27.24,27.24,false,false
2026-07-02,41,20,2026-07,2026-07-02T20:00,12.51,23.08,23.08,23.08,false,false
2026-07-02,42,20,2026-07,2026-07-02T20:30,13.87,19.35,19.35,19.35,false,false
2026-07-02,43,21,2026-07,2026-07-02T21:00,15.85,21.22,21.22,21.22,false,false
2026-07-02,44,21,2026-07,2026-07-02T21:30,14.66,17.56,17.56,17.56,false,false
2026-07-02,45,22,2026-07,2026-07-02T22:00,15.28,16.08,16.08,16.08,false,false
2026-07-02,46,22,2026-07,2026-07-02T22:30,15.96,17.89,17.89,17.89,false,false
2026-07-02,47,23,2026-07,2026-07-02T23:00,15.64,18.66,18.66,18.66,false,false
2026-07-02,48,23,2026-07,2026-07-02T23:30,15.17,14.43,14.43,14.43,false,false
2026-07-03,1,0,2026-07,2026-07-03T00:00,17.09,18.01,18.01,18.01,false,false
2026-07-03,2,0,2026-07,2026-07-03T00:30,16.95,17.65,17.65,17.65,false,false
2026-07-03,3,1,2026-07,2026-07-03T01:00,17.36,13.0,13.0,13.0,false,false
2026-07-03,4,1,2026-07,2026-07-03T01:30,16.33,14.95,14.95,14.95,false,false
2026-07-03,5,2,2026-07,2026-07-03T02:00,16.79,15.39,15.39,15.39,false,false
2026-07-03,6,2,2026-07,2026-07-03T02:30,16.55,14.97,14.97,14.97,false,false
2026-07-03,7,3,2026-07,2026-07-03T03:00,17.2,15.23,15.23,15.23,false,false
2026-07-03,8,3,2026-07,2026-07-03T03:30,16.68,14.78,14.78,14.78,false,false
2026-07-03,9,4,2026-07,2026-07-03T04:00,17.04,19.06,19.06,19.06,false,false
2026-07-03,10,4,2026-07,2026-07-03T04:30,18.46,14.67,14.67,14.67,false,false
2026-07-03,11,5,2026-07,2026-07-03T05:00,16.54,15.64,15.64,15.64,false,false
2026-07-03,12,5,2026-07,2026-07-03T05:30,16.6,12.58,12.58,12.58,false,false
2026-07-03,13,6,2026-07,2026-07-03T06:00,17.15,16.77,16.77,16.77,false,false
2026-07-03,14,6,2026-07,2026-07-03T06:30,15.58,17.26,17.26,17.26,false,false
2026-07-03,15,7,2026-07,2026-07-03T07:00,16.09,15.87,15.87,15.87,false,false
2026-07-03,16,7,2026-07,2026-07-03T07:30,16.71,13.06,13.06,13.06,false,false
2026-07-03,17,8,2026-07,2026-07-03T08:00,16.42,14.67,14.67,14.67,false,false
2026-07-03,18,8,2026-07,2026-07-03T08:30,16.58,13.0,13.0,13.0,false,false
2026-07-03,19,9,2026-07,2026-07-03T09:00,17.34,18.74,18.74,18.74,false,false
2026-07-03,20,9,2026-07,2026-07-03T09:30,17.83,14.77,14.77,14.77,false,false
2026-07-03,21,10,2026-07,2026-07-03T10:00,17.95,19.31,19.31,19.31,false,false
2026-07-03,22,10,2026-07,2026-07-03T10:30,17.1,17.64,17.64,17.64,false,false
2026-07-03,23,11,2026-07,2026-07-03T11:00,18.45,15.59,15.59,15.59,false,false
2026-07-03,24,11,2026-07,2026-07-03T11:30,19.37,18.4,18.4,18.4,false,false
2026-07-03,25,12,2026-07,2026-07-03T12:00,19.48,17.98,17.98,17.98,false,false
2026-07-03,26,12,2026-07,2026-07-03T12:30,19.78,22.05,22.05,22.05,false,false
2026-07-03,27,13,2026-07,2026-07-03T13:00,17.99,18.31,18.31,18.31,false,false
2026-07-03,28,13,2026-07,2026-07-03T13:30,18.24,17.51,17.51,17.51,false,false
2026-07-03,29,14,2026-07,2026-07-03T14:00,18.47,25.47,25.47,25.47,false,false
2026-07-03,30,14,2026-07,2026-07-03T14:30,17.35,25.35,25.35,25.35,false,false
2026-07-03,31,15,2026-07,2026-07-03T15:00,16.95,21.86,21.86,21.86,false,false
2026-07-03,32,15,2026-07,2026-07-03T15:30,16.14,24.54,24.54,24.54,false,false
2026-07-03,33,16,2026-07,2026-07-03T16:00,15.06,22.04,22.04,22.04,false,false
2026-07-03,34,16,2026-07,2026-07-03T16:30,13.13,26.01,26.01,26.01,false,false
2026-07-03,35,17,2026-07,2026-07-03T17:00,12.45,26.68,26.68,26.68,false,false
2026-07-03,36,17,2026-07,2026-07-03T17:30,13.38,28.22,28.22,28.22,false,false
2026-07-03,37,18,2026-07,2026-07-03T18:00,11.87,27.56,27.56,27.56,false,false
2026-07-03,38,18,2026-07,2026-07-03T18:30,12.72,26.31,26.31,26.31,false,false
2026-07-03,39,19,2026-07,2026-07-03T19:00,13.25,28.15,28.15,28.15,false,false
2026-07-03,40,19,2026-07,2026-07-03T19:30,14.6,20.22,20.22,20.22,false,false
2026-07-03,41,20,2026-07,2026-07-03T20:00,15.99,21.5,21.5,21.5,false,false
2026-07-03,42,20,2026-07,2026-07-03T20:30,16.49,18.36,18.36,18.36,false,false
2026-07-03,43,21,2026-07,2026-07-03T21:00,16.92,20.74,20.74,20.74,false,false
2026-07-03,44,21,2026-07,2026-07-03T21:30,17.13,19.7,19.7,19.7,false,false
2026-07-03,45,22,2026-07,2026-07-03T22:00,15.97,20.28,20.28,20.28,false,false
2026-07-03,46,22,2026-07,2026-07-03T22:30,17.21,19.73,19.73,19.73,false,false
2026-07-03,47,23,2026-07,2026-07-03T23:00,17.28,18.54,18.54,18.54,false,false
2026-07-03,48,23,2026-07,2026-07-03T23:30,17.43,13.94,13.94,13.94,false,false
2026-07-04,1,0,2026-07,2026-07-04T00:00,21.22,13.85,13.85,13.85,false,false
2026-07-04,2,0,2026-07,2026-07-04T00:30,20.03,14.26,14.26,14.26,false,false
2026-07-04,3,1,2026-07,2026-07-04T01:00,19.65,16.75,16.75,16.75,false,false
2026-07-04,4,1,2026-07,2026-07-04T01:30,19.78,13.59,13.59,13.59,false,false
2026-07-04,5,2,2026-07,2026-07-04T02:00,21.14,14.12,14.12,14.12,false,false
2026-07-04,6,2,2026-07,2026-07-04T02:30,20.09,14.24,14.24,14.24,false,false
2026-07-04,7,3,2026-07,2026-07-04T03:00,19.35,14.79,14.79,14.79,false,false
2026-07-04,8,3,2026-07,2026-07-04T03:30,19.49,11.05,11.05,11.05,false,false
2026-07-04,9,4,2026-07,2026-07-04T04:00,19.51,11.59,11.59,11.59,false,false
2026-07-04,10,4,2026-07,2026-07-04T04:30,19.46,14.06,14.06,14.06,false,false
2026-07-04,11,5,2026-07,2026-07-04T05:00,19.48,12.03,12.03,12.03,false,false
2026-07-04,12,5,2026-07,2026-07-04T05:30,19.99,11.17,11.17,11.17,false,false
2026-07-04,13,6,2026-07,2026-07-04T06:00,19.0,12.27,12.27,12.27,false,false
2026-07-04,14,6,2026-07,2026-07-04T06:30,19.39,11.73,11.73,11.73,false,false
2026-07-04,15,7,2026-07,2026-07-04T07:00,20.38,14.24,14.24,14.24,false,false
2026-07-04,16,7,2026-07,2026-07-04T07:30,20.0,11.5,11.5,11.5,false,false
2026-07-04,17,8,2026-07,2026-07-04T08:00,20.11,13.98,13.98,13.98,false,false
2026-07-04,18,8,2026-07,2026-07-04T08:30,20.26,12.98,12.98,12.98,false,false
2026-07-04,19,9,2026-07,2026-07-04T09:00,19.55,14.44,14.44,14.44,false,false
2026-07-04,20,9,2026-07,2026-07-04T09:30,19.99,13.51,13.51,13.51,false,false
2026-07-04,21,10,2026-07,2026-07-04T10:00,20.15,11.5,11.5,11.5,false,false
2026-07-04,22,10,2026-07,2026-07-04T10:30,20.67,13.2,13.2,13.2,false,false
2026-07-04,23,11,2026-07,2026-07-04T11:00,21.04,12.04,12.04,12.04,false,false
2026-07-04,24,11,2026-07,2026-07-04T11:30,20.84,12.22,12.22,12.22,false,false
2026-07-04,25,12,2026-07,2026-07-04T12:00,21.72,11.89,11.89,11.89,false,false
2026-07-04,26,12,2026-07,2026-07-04T12:30,22.15,15.57,15.57,15.57,false,false
2026-07-04,27,13,2026-07,2026-07-04T13:00,21.26,17.64,17.64,17.64,false,false
2026-07-04,28,13,2026-07,2026-07-04T13:30,21.89,17.55,17.55,17.55,false,false
2026-07-04,29,14,2026-07,2026-07-04T14:00,20.83,19.65,19.65,19.65,false,false
2026-07-04,30,14,2026-07,2026-07-04T14:30,20.07,20.09,20.09,20.09,false,false
2026-07-04,31,15,2026-07,2026-07-04T15:00,19.88,21.65,21.65,21.65,false,false
2026-07-04,32,15,2026-07,2026-07-04T15:30,18.83,25.3,25.3,25.3,false,false
2026-07-04,33,16,2026-07,2026-07-04T16:00,17.21,18.65,18.65,18.65,false,false
2026-07-04,34,16,2026-07,2026-07-04T16:30,16.71,25.58,25.58,25.58,false,false
2026-07-04,35,17,2026-07,2026-07-04T17:00,15.71,18.24,18.24,18.24,false,false
2026-07-04,36,17,2026-07,2026-07-04T17:30,14.87,22.61,22.61,22.61,false,false
2026-07-04,37,18,2026-07,2026-07-04T18:00,14.86,17.74,17.74,17.74,false,false
2026-07-04,38,18,2026-07,2026-07-04T18:30,16.13,19.99,19.99,19.99,false,false
2026-07-04,39,19,2026-07,2026-07-04T19:00,16.16,18.46,18.46,18.46,false,false
2026-07-04,40,19,2026-07,2026-07-04T19:30,17.7,17.41,17.41,17.41,false,false
2026-07-04,41,20,2026-07,2026-07-04T20:00,18.53,19.99,19.99,19.99,false,false
2026-07-04,42,20,2026-07,2026-07-04T20:30,18.67,15.04,15.04,15.04,false,false
2026-07-04,43,21,2026-07,2026-07-04T21:00,20.32,16.25,16.25,16.25,false,false
2026-07-04,44,21,2026-07,2026-07-04T21:30,19.19,15.73,15.73,15.73,false,false
2026-07-04,45,22,2026-07,2026-07-04T22:00,20.45,18.03,18.03,18.03,false,false
2026-07-04,46,22,2026-07,2026-07-04T22:30,20.06,13.53,13.53,13.53,false,false
2026-07-04,47,23,2026-07,2026-07-04T23:00,19.7,13.02,13.02,13.02,false,false
2026-07-04,48,23,2026-07,2026-07-04T23:30,19.89,12.07,12.07,12.07,false,false
2026-07-05,1,0,2026-07,2026-07-05T00:00,19.99,13.42,13.42,13.42,false,false
2026-07-05,2,0,2026-07,2026-07-05T00:30,18.81,16.14,16.14,16.14,false,false
2026-07-05,3,1,2026-07,2026-07-05T01:00,20.2,13.84,13.84,13.84,false,false
2026-07-05,4,1,2026-07,2026-07-05T01:30,21.22,14.01,14.01,14.01,false,false
2026-07-05,5,2,2026-07,2026-07-05T02:00,20.34,14.32,14.32,14.32,false,false
2026-07-05,6,2,2026-07,2026-07-05T02:30,20.27,11.79,11.79,11.79,false,false
2026-07-05,7,3,2026-07,2026-07-05T03:00,19.07,14.14,14.14,14.14,false,false
2026-07-05,8,3,2026-07,2026-07-05T03:30,19.88,14.08,14.08,14.08,false,false
2026-07-05,9,4,2026-07,2026-07-05T04:00,21.57,14.09,14.09,14.09,false,false
2026-07-05,10,4,2026-07,2026-07-05T04:30,20.46,12.45,12.45,12.45,false,false
2026-07-05,11,5,2026-07,2026-07-05T05:00,19.79,11.67,11.67,11.67,false,false
2026-07-05,12,5,2026-07,2026-07-05T05:30,19.2,15.41,15.41,15.41,false,false
2026-07-05,13,6,2026-07,2026-07-05T06:00,19.42,12.87,12.87,12.87,false,false
2026-07-05,14,6,2026-07,2026-07-05T06:30,21.09,15.2,15.2,15.2,false,false
2026-07-05,15,7,2026-07,2026-07-05T07:00,20.5,12.75,12.75,12.75,false,false
2026-07-05,16,7,2026-07,2026-07-05T07:30,20.28,14.74,14.74,14.74,false,false
2026-07-05,17,8,2026-07,2026-07-05T08:00,19.91,13.44,13.44,13.44,false,false
2026-07-05,18,8,2026-07,2026-07-05T08:30,19.25,12.53,12.53,12.53,false,false
2026-07-05,19,9,2026-07,2026-07-05T09:00,21.36,17.53,17.53,17.53,false,false
2026-07-05,20,9,2026-07,2026-07-05T09:30,20.72,14.22,14.22,14.22,false,false
2026-07-05,21,10,2026-07,2026-07-05T10:00,21.97,12.65,12.65,12.65,false,false
2026-07-05,22,10,2026-07,2026-07-05T10:30,21.73,16.57,16.57,16.57,false,false
2026-07-05,23,11,2026-07,2026-07-05T11:00,21.59,13.73,13.73,13.73,false,false
2026-07-05,24,11,2026-07,2026-07-05T11:30,21.15,13.97,13.97,13.97,false,false
2026-07-05,25,12,2026-07,2026-07-05T12:00,22.26,15.44,15.44,15.44,false,false
2026-07-05,26,12,2026-07,2026-07-05T12:30,21.49,14.74,14.74,14.74,false,false
2026-07-05,27,13,2026-07,2026-07-05T13:00,21.86,23.2,23.2,23.2,false,false
2026-07-05,28,13,2026-07,2026-07-05T13:30,21.9,18.79,18.79,18.79,false,false
2026-07-05,29,14,2026-07,2026-07-05T14:00,20.37,21.18,21.18,21.18,false,false
2026-07-05,30,14,2026-07,2026-07-05T14:30,21.61,18.83,18.83,18.83,false,false
2026-07-05,31,15,2026-07,2026-07-05T15:00,19.44,19.62,19.62,19.62,false,false
2026-07-05,32,15,2026-07,2026-07-05T15:30,19.6,18.53,18.53,18.53,false,false
2026-07-05,33,16,2026-07,2026-07-05T16:00,18.64,25.25,25.25,25.25,false,false
2026-07-05,34,16,2026-07,2026-07-05T16:30,17.17,23.67,23.67,23.67,false,false
2026-07-05,35,17,2026-07,2026-07-05T17:00,16.52,23.1,23.1,23.1,false,false
2026-07-05,36,17,2026-07,2026-07-05T17:30,14.85,26.12,26.12,26.12,false,false
2026-07-05,37,18,2026-07,2026-07-05T18:00,14.67,23.58,23.58,23.58,false,false
2026-07-05,38,18,2026-07,2026-07-05T18:30,15.6,18.09,18.09,18.09,false,false
2026-07-05,39,19,2026-07,2026-07-05T19:00,15.97,16.89,16.89,16.89,false,false
2026-07-05,40,19,2026-07,2026-07-05T19:30,16.72,21.7,21.7,21.7,false,false
2026-07-05,41,20,2026-07,2026-07-05T20:00,18.5,15.94,15.94,15.94,false,false
2026-07-05,42,20,2026-07,2026-07-05T20:30,19.86,14.98,14.98,14.98,false,false
2026-07-05,43,21,2026-07,2026-07-05T21:00,19.3,16.03,16.03,16.03,false,false
2026-07-05,44,21,2026-07,2026-07-05T21:30,19.37,15.53,15.53,15.53,false,false
2026-07-05,45,22,2026-07,2026-07-05T22:00,20.26,18.46,18.46,18.46,false,false
2026-07-05,46,22,2026-07,2026-07-05T22:30,20.14,14.25,14.25,14.25,false,false
2026-07-05,47,23,2026-07,2026-07-05T23:00,20.12,14.69,14.69,14.69,false,false
2026-07-05,48,23,2026-07,2026-07-05T23:30,19.48,15.94,15.94,15.94,false,false
2026-07-06,1,0,2026-07,2026-07-06T00:00,17.01,17.68,17.68,17.68,false,false
2026-07-06,2,0,2026-07,2026-07-06T00:30,15.28,14.07,14.07,14.07,false,false
2026-07-06,3,1,2026-07,2026-07-06T01:00,14.83,17.73,17.73,17.73,false,false
2026-07-06,4,1,2026-07,2026-07-06T01:30,15.31,18.66,18.66,18.66,false,false
2026-07-06,5,2,2026-07,2026-07-06T02:00,14.59,15.4,15.4,15.4,false,false
2026-07-06,6,2,2026-07,2026-07-06T02:30,16.03,17.11,17.11,17.11,false,false
2026-07-06,7,3,2026-07,2026-07-06T03:00,15.29,17.82,17.82,17.82,false,false
2026-07-06,8,3,2026-07,2026-07-06T03:30,15.09,16.56,16.56,16.56,false,false
2026-07-06,9,4,2026-07,2026-07-06T04:00,16.23,16.01,16.01,16.01,false,false
2026-07-06,10,4,2026-07,2026-07-06T04:30,16.02,19.32,19.32,19.32,false,false
2026-07-06,11,5,2026-07,2026-07-06T05:00,15.06,20.6,20.6,20.6,false,false
2026-07-06,12,5,2026-07,2026-07-06T05:30,14.14,15.68,15.68,15.68,false,false
2026-07-06,13,6,2026-07,2026-07-06T06:00,15.04,18.0,18.0,18.0,false,false
2026-07-06,14,6,2026-07,2026-07-06T06:30,15.05,14.53,14.53,14.53,false,false
2026-07-06,15,7,2026-07,2026-07-06T07:00,14.93,15.42,15.42,15.42,false,false
2026-07-06,16,7,2026-07,2026-07-06T07:30,15.19,18.02,18.02,18.02,false,false
2026-07-06,17,8,2026-07,2026-07-06T08:00,15.38,17.15,17.15,17.15,false,false
2026-07-06,18,8,2026-07,2026-07-06T08:30,15.92,21.88,21.88,21.88,false,false
2026-07-06,19,9,2026-07,2026-07-06T09:00,15.52,14.2,14.2,14.2,false,false
2026-07-06,20,9,2026-07,2026-07-06T09:30,15.76,15.45,15.45,15.45,false,false
2026-07-06,21,10,2026-07,2026-07-06T10:00,16.33,15.95,15.95,15.95,false,false
2026-07-06,22,10,2026-07,2026-07-06T10:30,17.22,19.73,19.73,19.73,false,false
2026-07-06,23,11,2026-07,2026-07-06T11:00,17.12,21.59,21.59,21.59,false,false
2026-07-06,24,11,2026-07,2026-07-06T11:30,17.58,17.54,17.54,17.54,false,false
2026-07-06,25,12,2026-07,2026-07-06T12:00,18.01,22.21,22.21,22.21,false,false
2026-07-06,26,12,2026-07,2026-07-06T12:30,17.75,22.88,22.88,22.88,false,false
2026-07-06,27,13,2026-07,2026-07-06T13:00,16.76,23.62,23.62,23.62,false,false
2026-07-06,28,13,2026-07,2026-07-06T13:30,16.21,23.58,23.58,23.58,false,false
2026-07-06,29,14,2026-07,2026-07-06T14:00,17.17,25.76,25.76,25.76,false,false
2026-07-06,30,14,2026-07,2026-07-06T14:30,17.19,25.89,25.89,25.89,false,false
2026-07-06,31,15,2026-07,2026-07-06T15:00,16.99,25.55,25.55,25.55,false,false
2026-07-06,32,15,2026-07,2026-07-06T15:30,14.91,29.21,29.21,29.21,false,false
2026-07-06,33,16,2026-07,2026-07-06T16:00,14.03,24.21,24.21,24.21,false,false
2026-07-06,34,16,2026-07,2026-07-06T16:30,11.57,26.95,26.95,26.95,false,false
2026-07-06,35,17,2026-07,2026-07-06T17:00,11.25,33.89,33.89,33.89,false,false
2026-07-06,36,17,2026-07,2026-07-06T17:30,9.77,28.16,28.16,28.16,true,false
2026-07-06,37,18,2026-07,2026-07-06T18:00,9.53,28.5,28.5,28.5,true,false
2026-07-06,38,18,2026-07,2026-07-06T18:30,10.96,27.66,27.66,27.66,false,false
2026-07-06,39,19,2026-07,2026-07-06T19:00,12.36,26.82,26.82,26.82,false,false
2026-07-06,40,19,2026-07,2026-07-06T19:30,14.23,28.31,28.31,28.31,false,false
2026-07-06,41,20,2026-07,2026-07-06T20:00,14.82,26.75,26.75,26.75,false,false
2026-07-06,42,20,2026-07,2026-07-06T20:30,14.57,19.84,19.84,19.84,false,false
2026-07-06,43,21,2026-07,2026-07-06T21:00,15.47,19.15,19.15,19.15,false,false
2026-07-06,44,21,2026-07,2026-07-06T21:30,15.48,22.23,22.23,22.23,false,false
2026-07-06,45,22,2026-07,2026-07-06T22:00,15.55,20.69,20.69,20.69,false,false
2026-07-06,46,22,2026-07,2026-07-06T22:30,14.7,20.63,20.63,20.63,false,false
2026-07-06,47,23,2026-07,2026-07-06T23:00,15.4,18.92,18.92,18.92,false,false
2026-07-06,48,23,2026-07,2026-07-06T23:30,15.0,19.01,19.01,19.01,false,false
2026-07-07,1,0,2026-07,2026-07-07T00:00,17.02,17.1,17.1,17.1,false,false
2026-07-07,2,0,2026-07,2026-07-07T00:30,16.19,20.19,20.19,20.19,false,false
2026-07-07,3,1,2026-07,2026-07-07T01:00,15.48,16.98,16.98,16.98,false,false
2026-07-07,4,1,2026-07,2026-07-07T01:30,16.65,15.64,15.64,15.64,false,false
2026-07-07,5,2,2026-07,2026-07-07T02:00,15.93,17.77,17.77,17.77,false,false
2026-07-07,6,2,2026-07,2026-07-07T02:30,16.81,14.91,14.91,14.91,false,false
2026-07-07,7,3,2026-07,2026-07-07T03:00,16.04,14.83,14.83,14.83,false,false
2026-07-07,8,3,2026-07,2026-07-07T03:30,16.89,12.27,12.27,12.27,false,false
2026-07-07,9,4,2026-07,2026-07-07T04:00,16.8,17.66,17.66,17.66,false,false
2026-07-07,10,4,2026-07,2026-07-07T04:30,16.99,18.64,18.64,18.64,false,false
2026-07-07,11,5,2026-07,2026-07-07T05:00,16.28,17.04,17.04,17.04,false,false
2026-07-07,12,5,2026-07,2026-07-07T05:30,17.07,14.61,14.61,14.61,false,false
2026-07-07,13,6,2026-07,2026-07-07T06:00,15.68,17.58,17.58,17.58,false,false
2026-07-07,14,6,2026-07,2026-07-07T06:30,16.34,14.95,14.95,14.95,false,false
2026-07-07,15,7,2026-07,2026-07-07T07:00,15.56,19.06,19.06,19.06,false,false
2026-07-07,16,7,2026-07,2026-07-07T07:30,15.92,16.47,16.47,16.47,false,false
2026-07-07,17,8,2026-07,2026-07-07T08:00,16.87,19.11,19.11,19.11,false,false
2026-07-07,18,8,2026-07,2026-07-07T08:30,15.69,17.66,17.66,17.66,false,false
2026-07-07,19,9,2026-07,2026-07-07T09:00,16.34,19.68,19.68,19.68,false,false
2026-07-07,20,9,2026-07,2026-07-07T09:30,16.65,18.38,18.38,18.38,false,false
2026-07-07,21,10,2026-07,2026-07-07T10:00,17.13,15.22,15.22,15.22,false,false
2026-07-07,22,10,2026-07,2026-07-07T10:30,17.85,14.89,14.89,14.89,false,false
2026-07-07,23,11,2026-07,2026-07-07T11:00,18.08,14.24,14.24,14.24,false,false
2026-07-07,24,11,2026-07,2026-07-07T11:30,17.49,13.71,13.71,13.71,false,false
2026-07-07,25,12,2026-07,2026-07-07T12:00,17.44,13.78,13.78,13.78,false,false
2026-07-07,26,12,2026-07,2026-07-07T12:30,18.2,14.43,14.43,14.43,false,false
2026-07-07,27,13,2026-07,2026-07-07T13:00,17.73,16.13,16.13,16.13,false,false
2026-07-07,28,13,2026-07,2026-07-07T13:30,17.68,25.16,25.16,25.16,false,false
2026-07-07,29,14,2026-07,2026-07-07T14:00,17.43,20.58,20.58,20.58,false,false
2026-07-07,30,14,2026-07,2026-07-07T14:30,17.03,24.15,24.15,24.15,false,false
2026-07-07,31,15,2026-07,2026-07-07T15:00,16.23,20.67,20.67,20.67,false,false
2026-07-07,32,15,2026-07,2026-07-07T15:30,15.07,29.67,29.67,29.67,false,false
2026-07-07,33,16,2026-07,2026-07-07T16:00,14.86,31.56,31.56,31.56,false,false
2026-07-07,34,16,2026-07,2026-07-07T16:30,13.01,24.28,24.28,24.28,false,false
2026-07-07,35,17,2026-07,2026-07-07T17:00,12.77,23.76,23.76,23.76,false,false
2026-07-07,36,17,2026-07,2026-07-07T17:30,10.69,23.36,23.36,23.36,false,false
2026-07-07,37,18,2026-07,2026-07-07T18:00,11.51,23.6,23.6,23.6,false,false
2026-07-07,38,18,2026-07,2026-07-07T18:30,11.26,23.54,23.54,23.54,false,false
2026-07-07,39,19,2026-07,2026-07-07T19:00,12.97,24.21,24.21,24.21,false,false
2026-07-07,40,19,2026-07,2026-07-07T19:30,14.3,25.12,25.12,25.12,false,false
2026-07-07,41,20,2026-07,2026-07-07T20:00,14.98,23.0,23.0,23.0,false,false
2026-07-07,42,20,2026-07,2026-07-07T20:30,16.62,21.8,21.8,21.8,false,false
2026-07-07,43,21,2026-07,2026-07-07T21:00,16.81,21.21,21.21,21.21,false,false
2026-07-07,44,21,2026-07,2026-07-07T21:30,15.61,18.26,18.26,18.26,false,false
2026-07-07,45,22,2026-07,2026-07-07T22:00,16.68,18.85,18.85,18.85,false,false
2026-07-07,46,22,2026-07,2026-07-07T22:30,16.56,18.87,18.87,18.87,false,false
2026-07-07,47,23,2026-07,2026-07-07T23:00,16.21,16.54,16.54,16.54,false,false
2026-07-07,48,23,2026-07,2026-07-07T23:30,16.34,16.87,16.87,16.87,false,false
2026-07-08,1,0,2026-07,2026-07-08T00:00,14.54,16.15,16.15,16.15,false,false
2026-07-08,2,0,2026-07,2026-07-08T00:30,16.98,14.08,14.08,14.08,false,false
2026-07-08,3,1,2026-07,2026-07-08T01:00,14.67,16.41,16.41,16.41,false,false
2026-07-08,4,1,2026-07,2026-07-08T01:30,15.03,15.63,15.63,15.63,false,false
2026-07-08,5,2,2026-07,2026-07-08T02:00,15.72,17.35,17.35,17.35,false,false
2026-07-08,6,2,2026-07,2026-07-08T02:30,15.0,15.6,15.6,15.6,false,false
2026-07-08,7,3,2026-07,2026-07-08T03:00,14.9,17.15,17.15,17.15,false,false
2026-07-08,8,3,2026-07,2026-07-08T03:30,14.1,18.15,18.15,18.15,false,false
2026-07-08,9,4,2026-07,2026-07-08T04:00,15.8,16.36,16.36,16.36,false,false
2026-07-08,10,4,2026-07,2026-07-08T04:30,15.44,12.34,12.34,12.34,false,false
2026-07-08,11,5,2026-07,2026-07-08T05:00,15.6,14.01,14.01,14.01,false,false
2026-07-08,12,5,2026-07,2026-07-08T05:30,16.24,12.5,12.5,12.5,false,false
2026-07-08,13,6,2026-07,2026-07-08T06:00,15.49,14.13,14.13,14.13,false,false
2026-07-08,14,6,2026-07,2026-07-08T06:30,15.04,13.54,13.54,13.54,false,false
2026-07-08,15,7,2026-07,2026-07-08T07:00,15.14,13.35,13.35,13.35,false,false
2026-07-08,16,7,2026-07,2026-07-08T07:30,15.84,16.97,16.97,16.97,false,false
2026-07-08,17,8,2026-07,2026-07-08T08:00,15.64,13.05,13.05,13.05,false,false
2026-07-08,18,8,2026-07,2026-07-08T08:30,15.43,15.57,15.57,15.57,false,false
2026-07-08,19,9,2026-07,2026-07-08T09:00,15.18,14.98,14.98,14.98,false,false
2026-07-08,20,9,2026-07,2026-07-08T09:30,15.88,15.58,15.58,15.58,false,false
2026-07-08,21,10,2026-07,2026-07-08T10:00,16.71,19.43,19.43,19.43,false,false
2026-07-08,22,10,2026-07,2026-07-08T10:30,16.12,15.13,15.13,15.13,false,false
2026-07-08,23,11,2026-07,2026-07-08T11:00,16.18,20.02,20.02,20.02,false,false
2026-07-08,24,11,2026-07,2026-07-08T11:30,17.98,17.75,17.75,17.75,false,false
2026-07-08,25,12,2026-07,2026-07-08T12:00,17.28,19.6,19.6,19.6,false,false
2026-07-08,26,12,2026-07,2026-07-08T12:30,18.15,18.96,18.96,18.96,false,false
2026-07-08,27,13,2026-07,2026-07-08T13:00,15.91,19.02,19.02,19.02,false,false
2026-07-08,28,13,2026-07,2026-07-08T13:30,16.65,20.27,20.27,20.27,false,false
2026-07-08,29,14,2026-07,2026-07-08T14:00,15.11,24.8,24.8,24.8,false,false
2026-07-08,30,14,2026-07,2026-07-08T14:30,15.07,24.11,24.11,24.11,false,false
2026-07-08,31,15,2026-07,2026-07-08T15:00,15.79,20.61,20.61,20.61,false,false
2026-07-08,32,15,2026-07,2026-07-08T15:30,13.87,25.51,25.51,25.51,false,false
2026-07-08,33,16,2026-07,2026-07-08T16:00,13.89,28.52,28.52,28.52,false,false
2026-07-08,34,16,2026-07,2026-07-08T16:30,12.27,21.28,21.28,21.28,false,false
2026-07-08,35,17,2026-07,2026-07-08T17:00,11.84,26.41,26.41,26.41,false,false
2026-07-08,36,17,2026-07,2026-07-08T17:30,10.16,25.58,25.58,25.58,false,false
2026-07-08,37,18,2026-07,2026-07-08T18:00,9.79,26.45,26.45,26.45,true,false
2026-07-08,38,18,2026-07,2026-07-08T18:30,12.64,27.45,27.45,27.45,false,false
2026-07-08,39,19,2026-07,2026-07-08T19:00,12.72,19.46,19.46,19.46,false,false
2026-07-08,40,19,2026-07,2026-07-08T19:30,14.19,20.82,20.82,20.82,false,false
2026-07-08,41,20,2026-07,2026-07-08T20:00,14.5,21.39,21.39,21.39,false,false
2026-07-08,42,20,2026-07,2026-07-08T20:30,13.99,22.84,22.84,22.84,false,false
2026-07-08,43,21,2026-07,2026-07-08T21:00,14.57,22.74,22.74,22.74,false,false
2026-07-08,44,21,2026-07,2026-07-08T21:30,16.15,20.65,20.65,20.65,false,false
2026-07-08,45,22,2026-07,2026-07-08T22:00,15.66,18.46,18.46,18.46,false,false
2026-07-08,46,22,2026-07,2026-07-08T22:30,15.12,18.31,18.31,18.31,false,false
2026-07-08,47,23,2026-07,2026-07-08T23:00,16.56,17.56,17.56,17.56,false,false
2026-07-08,48,23,2026-07,2026-07-08T23:30,16.33,15.72,15.72,15.72,false,false
2026-07-09,1,0,2026-07,2026-07-09T00:00,19.33,19.45,19.45,19.45,false,false
2026-07-09,2,0,2026-07,2026-07-09T00:30,18.57,15.16,15.16,15.16,false,false
2026-07-09,3,1,2026-07,2026-07-09T01:00,19.47,14.14,14.14,14.14,false,false
2026-07-09,4,1,2026-07,2026-07-09T01:30,18.91,15.5,15.5,15.5,false,false
2026-07-09,5,2,2026-07,2026-07-09T02:00,19.22,17.01,17.01,17.01,false,false
2026-07-09,6,2,2026-07,2026-07-09T02:30,19.88,17.41,17.41,17.41,false,false
2026-07-09,7,3,2026-07,2026-07-09T03:00,19.07,14.47,14.47,14.47,false,false
2026-07-09,8,3,2026-07,2026-07-09T03:30,18.92,12.65,12.65,12.65,false,false
2026-07-09,9,4,2026-07,2026-07-09T04:00,18.3,18.17,18.17,18.17,false,false
2026-07-09,10,4,2026-07,2026-07-09T04:30,18.21,17.99,17.99,17.99,false,false
2026-07-09,11,5,2026-07,2026-07-09T05:00,18.89,12.96,12.96,12.96,false,false
2026-07-09,12,5,2026-07,2026-07-09T05:30,18.0,17.65,17.65,17.65,false,false
2026-07-09,13,6,2026-07,2026-07-09T06:00,19.65,14.52,14.52,14.52,false,false
2026-07-09,14,6,2026-07,2026-07-09T06:30,19.5,19.48,19.48,19.48,false,false
2026-07-09,15,7,2026-07,2026-07-09T07:00,19.43,14.47,14.47,14.47,false,false
2026-07-09,16,7,2026-07,2026-07-09T07:30,20.36,13.92,13.92,13.92,false,false
2026-07-09,17,8,2026-07,2026-07-09T08:00,19.26,14.63,14.63,14.63,false,false
2026-07-09,18,8,2026-07,2026-07-09T08:30,18.82,19.02,19.02,19.02,false,false
2026-07-09,19,9,2026-07,2026-07-09T09:00,20.31,17.66,17.66,17.66,false,false
2026-07-09,20,9,2026-07,2026-07-09T09:30,19.87,13.76,13.76,13.76,false,false
2026-07-09,21,10,2026-07,2026-07-09T10:00,20.45,16.19,16.19,16.19,false,false
2026-07-09,22,10,2026-07,2026-07-09T10:30,20.95,15.67,15.67,15.67,false,false
2026-07-09,23,11,2026-07,2026-07-09T11:00,20.35,16.66,16.66,16.66,false,false
2026-07-09,24,11,2026-07,2026-07-09T11:30,19.94,14.0,14.0,14.0,false,false
2026-07-09,25,12,2026-07,2026-07-09T12:00,20.78,13.94,13.94,13.94,false,false
2026-07-09,26,12,2026-07,2026-07-09T12:30,20.98,15.81,15.81,15.81,false,false
2026-07-09,27,13,2026-07,2026-07-09T13:00,21.01,20.3,20.3,20.3,false,false
2026-07-09,28,13,2026-07,2026-07-09T13:30,20.07,21.02,21.02,21.02,false,false
2026-07-09,29,14,2026-07,2026-07-09T14:00,19.0,22.1,22.1,22.1,false,false
2026-07-09,30,14,2026-07,2026-07-09T14:30,20.16,23.1,23.1,23.1,false,false
2026-07-09,31,15,2026-07,2026-07-09T15:00,19.95,25.7,25.7,25.7,false,false
2026-07-09,32,15,2026-07,2026-07-09T15:30,17.49,21.81,21.81,21.81,false,false
2026-07-09,33,16,2026-07,2026-07-09T16:00,17.35,22.26,22.26,22.26,false,false
2026-07-09,34,16,2026-07,2026-07-09T16:30,16.8,26.06,26.06,26.06,false,false
2026-07-09,35,17,2026-07,2026-07-09T17:00,15.24,28.8,28.8,28.8,false,false
2026-07-09,36,17,2026-07,2026-07-09T17:30,13.51,21.26,21.26,21.26,false,false
2026-07-09,37,18,2026-07,2026-07-09T18:00,13.82,21.64,21.64,21.64,false,false
2026-07-09,38,18,2026-07,2026-07-09T18:30,14.54,24.88,24.88,24.88,false,false
2026-07-09,39,19,2026-07,2026-07-09T19:00,17.68,24.57,24.57,24.57,false,false
2026-07-09,40,19,2026-07,2026-07-09T19:30,17.77,19.81,19.81,19.81,false,false
2026-07-09,41,20,2026-07,2026-07-09T20:00,18.55,24.04,24.04,24.04,false,false
2026-07-09,42,20,2026-07,2026-07-09T20:30,18.29,20.76,20.76,20.76,false,false
2026-07-09,43,21,2026-07,2026-07-09T21:00,18.4,19.83,19.83,19.83,false,false
2026-07-09,44,21,2026-07,2026-07-09T21:30,19.66,17.57,17.57,17.57,false,false
2026-07-09,45,22,2026-07,2026-07-09T22:00,18.88,20.86,20.86,20.86,false,false
2026-07-09,46,22,2026-07,2026-07-09T22:30,18.74,15.77,15.77,15.77,false,false
2026-07-09,47,23,2026-07,2026-07-09T23:00,19.2,17.89,17.89,17.89,false,false
2026-07-09,48,23,2026-07,2026-07-09T23:30,19.56,16.42,16.42,16.42,false,false
2026-07-10,1,0,2026-07,2026-07-10T00:00,17.48,15.93,15.93,15.93,false,false
2026-07-10,2,0,2026-07,2026-07-10T00:30,17.01,17.85,17.85,17.85,false,false
2026-07-10,3,1,2026-07,2026-07-10T01:00,16.34,17.37,17.37,17.37,false,false
2026-07-10,4,1,2026-07,2026-07-10T01:30,16.51,12.89,12.89,12.89,false,false
2026-07-10,5,2,2026-07,2026-07-10T02:00,15.99,16.25,16.25,16.25,false,false
2026-07-10,6,2,2026-07,2026-07-10T02:30,16.05,16.43,16.43,16.43,false,false
2026-07-10,7,3,2026-07,2026-07-10T03:00,16.51,14.33,14.33,14.33,false,false
2026-07-10,8,3,2026-07,2026-07-10T03:30,17.08,15.42,15.42,15.42,false,false
2026-07-10,9,4,2026-07,2026-07-10T04:00,16.75,17.35,17.35,17.35,false,false
2026-07-10,10,4,2026-07,2026-07-10T04:30,16.8,13.26,13.26,13.26,false,false
2026-07-10,11,5,2026-07,2026-07-10T05:00,16.07,17.38,17.38,17.38,false,false
2026-07-10,12,5,2026-07,2026-07-10T05:30,16.43,15.98,15.98,15.98,false,false
2026-07-10,13,6,2026-07,2026-07-10T06:00,15.3,17.33,17.33,17.33,false,false
2026-07-10,14,6,2026-07,2026-07-10T06:30,16.11,14.45,14.45,14.45,false,false
2026-07-10,15,7,2026-07,2026-07-10T07:00,16.22,12.6,12.6,12.6,false,false
2026-07-10,16,7,2026-07,2026-07-10T07:30,17.48,16.93,16.93,16.93,false,false
2026-07-10,17,8,2026-07,2026-07-10T08:00,17.52,14.02,14.02,14.02,false,false
2026-07-10,18,8,2026-07,2026-07-10T08:30,15.94,17.62,17.62,17.62,false,false
2026-07-10,19,9,2026-07,2026-07-10T09:00,16.69,13.7,13.7,13.7,false,false
2026-07-10,20,9,2026-07,2026-07-10T09:30,18.03,17.32,17.32,17.32,false,false
2026-07-10,21,10,2026-07,2026-07-10T10:00,16.92,16.85,16.85,16.85,false,false
2026-07-10,22,10,2026-07,2026-07-10T10:30,17.33,17.17,17.17,17.17,false,false
2026-07-10,23,11,2026-07,2026-07-10T11:00,17.64,16.06,16.06,16.06,false,false
2026-07-10,24,11,2026-07,2026-07-10T11:30,18.63,14.51,14.51,14.51,false,false
2026-07-10,25,12,2026-07,2026-07-10T12:00,18.55,18.04,18.04,18.04,false,false
2026-07-10,26,12,2026-07,2026-07-10T12:30,18.37,20.41,20.41,20.41,false,false
2026-07-10,27,13,2026-07,2026-07-10T13:00,19.16,19.64,19.64,19.64,false,false
2026-07-10,28,13,2026-07,2026-07-10T13:30,17.37,21.83,21.83,21.83,false,false
2026-07-10,29,14,2026-07,2026-07-10T14:00,17.1,22.68,22.68,22.68,false,false
2026-07-10,30,14,2026-07,2026-07-10T14:30,16.99,25.02,25.02,25.02,false,false
2026-07-10,31,15,2026-07,2026-07-10T15:00,16.78,29.07,29.07,29.07,false,false
2026-07-10,32,15,2026-07,2026-07-10T15:30,15.99,24.93,24.93,24.93,false,false
2026-07-10,33,16,2026-07,2026-07-10T16:00,13.62,30.19,30.19,30.19,false,false
2026-07-10,34,16,2026-07,2026-07-10T16:30,13.67,28.55,28.55,28.55,false,false
2026-07-10,35,17,2026-07,2026-07-10T17:00,12.76,29.28,29.28,29.28,false,false
2026-07-10,36,17,2026-07,2026-07-10T17:30,12.09,27.68,27.68,27.68,false,false
2026-07-10,37,18,2026-07,2026-07-10T18:00,11.75,28.7,28.7,28.7,false,false
2026-07-10,38,18,2026-07,2026-07-10T18:30,12.47,26.92,26.92,26.92,false,false
2026-07-10,39,19,2026-07,2026-07-10T19:00,13.04,24.96,24.96,24.96,false,false
2026-07-10,40,19,2026-07,2026-07-10T19:30,14.75,23.63,23.63,23.63,false,false
2026-07-10,41,20,2026-07,2026-07-10T20:00,15.23,22.06,22.06,22.06,false,false
2026-07-10,42,20,2026-07,2026-07-10T20:30,16.11,18.23,18.23,18.23,false,false
2026-07-10,43,21,2026-07,2026-07-10T21:00,16.59,21.18,21.18,21.18,false,false
2026-07-10,44,21,2026-07,2026-07-10T21:30,16.14,19.43,19.43,19.43,false,false
2026-07-10,45,22,2026-07,2026-07-10T22:00,17.25,15.86,15.86,15.86,false,false
2026-07-10,46,22,2026-07,2026-07-10T22:30,17.78,20.76,20.76,20.76,false,false
2026-07-10,47,23,2026-07,2026-07-10T23:00,15.6,15.58,15.58,15.58,false,false
2026-07-10,48,23,2026-07,2026-07-10T23:30,17.86,18.74,18.74,18.74,false,false
2026-07-11,1,0,2026-07,2026-07-11T00:00,17.36,11.59,11.59,11.59,false,false
2026-07-11,2,0,2026-07,2026-07-11T00:30,18.7,13.37,13.37,13.37,false,false
2026-07-11,3,1,2026-07,2026-07-11T01:00,17.1,14.5,14.5,14.5,false,false
2026-07-11,4,1,2026-07,2026-07-11T01:30,17.92,11.79,11.79,11.79,false,false
2026-07-11,5,2,2026-07,2026-07-11T02:00,18.33,15.84,15.84,15.84,false,false
2026-07-11,6,2,2026-07,2026-07-11T02:30,18.33,11.98,11.98,11.98,false,false
2026-07-11,7,3,2026-07,2026-07-11T03:00,18.08,14.09,14.09,14.09,false,false
2026-07-11,8,3,2026-07,2026-07-11T03:30,17.36,14.41,14.41,14.41,false,false
2026-07-11,9,4,2026-07,2026-07-11T04:00,18.11,13.44,13.44,13.44,false,false
2026-07-11,10,4,2026-07,2026-07-11T04:30,18.73,14.73,14.73,14.73,false,false
2026-07-11,11,5,2026-07,2026-07-11T05:00,18.24,14.53,14.53,14.53,false,false
2026-07-11,12,5,2026-07,2026-07-11T05:30,18.67,12.86,12.86,12.86,false,false
2026-07-11,13,6,2026-07,2026-07-11T06:00,18.35,13.71,13.71,13.71,false,false
2026-07-11,14,6,2026-07,2026-07-11T06:30,17.81,11.1,11.1,11.1,false,false
2026-07-11,15,7,2026-07,2026-07-11T07:00,17.24,13.46,13.46,13.46,false,false
2026-07-11,16,7,2026-07,2026-07-11T07:30,16.81,15.58,15.58,15.58,false,false
2026-07-11,17,8,2026-07,2026-07-11T08:00,18.97,12.59,12.59,12.59,false,false
2026-07-11,18,8,2026-07,2026-07-11T08:30,17.04,13.11,13.11,13.11,false,false
2026-07-11,19,9,2026-07,2026-07-11T09:00,17.63,13.43,13.43,13.43,false,false
2026-07-11,20,9,2026-07,2026-07-11T09:30,19.3,16.06,16.06,16.06,false,false
2026-07-11,21,10,2026-07,2026-07-11T10:00,18.48,15.5,15.5,15.5,false,false
2026-07-11,22,10,2026-07,2026-07-11T10:30,20.51,12.7,12.7,12.7,false,false
2026-07-11,23,11,2026-07,2026-07-11T11:00,19.62,13.03,13.03,13.03,false,false
2026-07-11,24,11,2026-07,2026-07-11T11:30,19.68,13.0,13.0,13.0,false,false
2026-07-11,25,12,2026-07,2026-07-11T12:00,19.81,16.49,16.49,16.49,false,false
2026-07-11,26,12,2026-07,2026-07-11T12:30,20.2,16.53,16.53,16.53,false,false
2026-07-11,27,13,2026-07,2026-07-11T13:00,20.34,17.62,17.62,17.62,false,false
2026-07-11,28,13,2026-07,2026-07-11T13:30,19.16,18.78,18.78,18.78,false,false
2026-07-11,29,14,2026-07,2026-07-11T14:00,19.51,17.01,17.01,17.01,false,false
2026-07-11,30,14,2026-07,2026-07-11T14:30,19.39,20.33,20.33,20.33,false,false
2026-07-11,31,15,2026-07,2026-07-11T15:00,17.89,21.62,21.62,21.62,false,false
2026-07-11,32,15,2026-07,2026-07-11T15:30,17.09,22.11,22.11,22.11,false,false
2026-07-11,33,16,2026-07,2026-07-11T16:00,15.99,23.3,23.3,23.3,false,false
2026-07-11,34,16,2026-07,2026-07-11T16:30,15.2,21.35,21.35,21.35,false,false
2026-07-11,35,17,2026-07,2026-07-11T17:00,12.77,20.99,20.99,20.99,false,false
2026-07-11,36,17,2026-07,2026-07-11T17:30,13.46,24.16,24.16,24.16,false,false
2026-07-11,37,18,2026-07,2026-07-11T18:00,12.72,19.27,19.27,19.27,false,false
2026-07-11,38,18,2026-07,2026-07-11T18:30,14.69,21.69,21.69,21.69,false,false
2026-07-11,39,19,2026-07,2026-07-11T19:00,15.18,22.91,22.91,22.91,false,false
2026-07-11,40,19,2026-07,2026-07-11T19:30,15.1,23.5,23.5,23.5,false,false
2026-07-11,41,20,2026-07,2026-07-11T20:00,17.05,21.1,21.1,21.1,false,false
2026-07-11,42,20,2026-07,2026-07-11T20:30,17.4,18.53,18.53,18.53,false,false
2026-07-11,43,21,2026-07,2026-07-11T21:00,18.5,18.41,18.41,18.41,false,false
2026-07-11,44,21,2026-07,2026-07-11T21:30,17.59,16.59,16.59,16.59,false,false
2026-07-11,45,22,2026-07,2026-07-11T22:00,18.81,14.83,14.83,14.83,false,false
2026-07-11,46,22,2026-07,2026-07-11T22:30,18.04,12.57,12.57,12.57,false,false
2026-07-11,47,23,2026-07,2026-07-11T23:00,16.49,14.47,14.47,14.47,false,false
2026-07-11,48,23,2026-07,2026-07-11T23:30,17.46,12.53,12.53,12.53,false,false
2026-07-12,1,0,2026-07,2026-07-12T00:00,15.5,15.48,15.48,15.48,false,false
2026-07-12,2,0,2026-07,2026-07-12T00:30,14.87,11.23,11.23,11.23,false,false
2026-07-12,3,1,2026-07,2026-07-12T01:00,15.19,14.53,14.53,14.53,false,false
2026-07-12,4,1,2026-07,2026-07-12T01:30,13.85,16.52,16.52,16.52,false,false
2026-07-12,5,2,2026-07,2026-07-12T02:00,16.58,16.35,16.35,16.35,false,false
2026-07-12,6,2,2026-07,2026-07-12T02:30,15.66,14.5,14.5,14.5,false,false
2026-07-12,7,3,2026-07,2026-07-12T03:00,14.78,12.06,12.06,12.06,false,false
2026-07-12,8,3,2026-07,2026-07-12T03:30,14.37,15.06,15.06,15.06,false,false
2026-07-12,9,4,2026-07,2026-07-12T04:00,15.79,12.79,12.79,12.79,false,false
2026-07-12,10,4,2026-07,2026-07-12T04:30,14.74,12.93,12.93,12.93,false,false
2026-07-12,11,5,2026-07,2026-07-12T05:00,15.14,11.65,11.65,11.65,false,false
2026-07-12,12,5,2026-07,2026-07-12T05:30,15.65,12.11,12.11,12.11,false,false
2026-07-12,13,6,2026-07,2026-07-12T06:00,15.78,11.64,11.64,11.64,false,false
2026-07-12,14,6,2026-07,2026-07-12T06:30,15.77,14.93,14.93,14.93,false,false
2026-07-12,15,7,2026-07,2026-07-12T07:00,15.52,14.65,14.65,14.65,false,false
2026-07-12,16,7,2026-07,2026-07-12T07:30,13.72,12.32,12.32,12.32,false,false
2026-07-12,17,8,2026-07,2026-07-12T08:00,16.09,11.62,11.62,11.62,false,false
2026-07-12,18,8,2026-07,2026-07-12T08:30,15.84,14.07,14.07,14.07,false,false
2026-07-12,19,9,2026-07,2026-07-12T09:00,15.81,15.19,15.19,15.19,false,false
2026-07-12,20,9,2026-07,2026-07-12T09:30,15.47,14.66,14.66,14.66,false,false
2026-07-12,21,10,2026-07,2026-07-12T10:00,15.9,12.85,12.85,12.85,false,false
2026-07-12,22,10,2026-07,2026-07-12T10:30,15.71,12.75,12.75,12.75,false,false
2026-07-12,23,11,2026-07,2026-07-12T11:00,16.84,15.07,15.07,15.07,false,false
2026-07-12,24,11,2026-07,2026-07-12T11:30,16.28,14.4,14.4,14.4,false,false
2026-07-12,25,12,2026-07,2026-07-12T12:00,17.45,13.28,13.28,13.28,false,false
2026-07-12,26,12,2026-07,2026-07-12T12:30,17.48,13.04,13.04,13.04,false,false
2026-07-12,27,13,2026-07,2026-07-12T13:00,16.76,14.08,14.08,14.08,false,false
2026-07-12,28,13,2026-07,2026-07-12T13:30,16.15,16.68,16.68,16.68,false,false
2026-07-12,29,14,2026-07,2026-07-12T14:00,16.86,16.4,16.4,16.4,false,false
2026-07-12,30,14,2026-07,2026-07-12T14:30,17.42,18.02,18.02,18.02,false,false
2026-07-12,31,15,2026-07,2026-07-12T15:00,14.75,22.08,22.08,22.08,false,false
2026-07-12,32,15,2026-07,2026-07-12T15:30,13.46,21.84,21.84,21.84,false,false
2026-07-12,33,16,2026-07,2026-07-12T16:00,11.7,21.49,21.49,21.49,false,false
2026-07-12,34,16,2026-07,2026-07-12T16:30,11.62,26.14,26.14,26.14,false,false
2026-07-12,35,17,2026-07,2026-07-12T17:00,11.68,22.9,22.9,22.9,false,false
2026-07-12,36,17,2026-07,2026-07-12T17:30,9.03,21.83,21.83,21.83,true,false
2026-07-12,37,18,2026-07,2026-07-12T18:00,10.35,20.21,20.21,20.21,false,false
2026-07-12,38,18,2026-07,2026-07-12T18:30,10.56,17.49,17.49,17.49,false,false
2026-07-12,39,19,2026-07,2026-07-12T19:00,11.37,25.5,25.5,25.5,false,false
2026-07-12,40,19,2026-07,2026-07-12T19:30,14.06,16.84,16.84,16.84,false,false
2026-07-12,41,20,2026-07,2026-07-12T20:00,14.2,19.83,19.83,19.83,false,false
2026-07-12,42,20,2026-07,2026-07-12T20:30,14.79,14.46,14.46,14.46,false,false
2026-07-12,43,21,2026-07,2026-07-12T21:00,14.52,21.05,21.05,21.05,false,false
2026-07-12,44,21,2026-07,2026-07-12T21:30,16.81,15.94,15.94,15.94,false,false
2026-07-12,45,22,2026-07,2026-07-12T22:00,16.09,13.42,13.42,13.42,false,false
2026-07-12,46,22,2026-07,2026-07-12T22:30,15.43,12.52,12.52,12.52,false,false
2026-07-12,47,23,2026-07,2026-07-12T23:00,15.76,12.22,12.22,12.22,false,false
2026-07-12,48,23,2026-07,2026-07-12T23:30,14.8,13.7,13.7,13.7,false,false
2026-07-13,1,0,2026-07,2026-07-13T00:00,20.24,17.77,17.77,17.77,false,false
2026-07-13,2,0,2026-07,2026-07-13T00:30,20.87,15.11,15.11,15.11,false,false
2026-07-13,3,1,2026-07,2026-07-13T01:00,20.58,18.04,18.04,18.04,false,false
2026-07-13,4,1,2026-07,2026-07-13T01:30,20.65,14.95,14.95,14.95,false,false
2026-07-13,5,2,2026-07,2026-07-13T02:00,18.97,17.58,17.58,17.58,false,false
2026-07-13,6,2,2026-07,2026-07-13T02:30,20.31,16.81,16.81,16.81,false,false
2026-07-13,7,3,2026-07,2026-07-13T03:00,19.46,18.74,18.74,18.74,false,false
2026-07-13,8,3,2026-07,2026-07-13T03:30,19.38,15.91,15.91,15.91,false,false
2026-07-13,9,4,2026-07,2026-07-13T04:00,20.2,16.62,16.62,16.62,false,false
2026-07-13,10,4,2026-07,2026-07-13T04:30,19.38,18.9,18.9,18.9,false,false
2026-07-13,11,5,2026-07,2026-07-13T05:00,20.35,13.07,13.07,13.07,false,false
2026-07-13,12,5,2026-07,2026-07-13T05:30,19.9,14.49,14.49,14.49,false,false
2026-07-13,13,6,2026-07,2026-07-13T06:00,20.2,17.15,17.15,17.15,false,false
2026-07-13,14,6,2026-07,2026-07-13T06:30,18.57,16.65,16.65,16.65,false,false
2026-07-13,15,7,2026-07,2026-07-13T07:00,20.19,12.78,12.78,12.78,false,false
2026-07-13,16,7,2026-07,2026-07-13T07:30,19.97,17.44,17.44,17.44,false,false
2026-07-13,17,8,2026-07,2026-07-13T08:00,19.55,12.88,12.88,12.88,false,false
2026-07-13,18,8,2026-07,2026-07-13T08:30,19.9,16.46,16.46,16.46,false,false
2026-07-13,19,9,2026-07,2026-07-13T09:00,20.62,16.71,16.71,16.71,false,false
2026-07-13,20,9,2026-07,2026-07-13T09:30,21.93,17.07,17.07,17.07,false,false
2026-07-13,21,10,2026-07,2026-07-13T10:00,20.79,15.48,15.48,15.48,false,false
2026-07-13,22,10,2026-07,2026-07-13T10:30,21.71,17.14,17.14,17.14,false,false
2026-07-13,23,11,2026-07,2026-07-13T11:00,22.27,18.38,18.38,18.38,false,false
2026-07-13,24,11,2026-07,2026-07-13T11:30,22.14,16.62,16.62,16.62,false,false
2026-07-13,25,12,2026-07,2026-07-13T12:00,21.33,18.17,18.17,18.17,false,false
2026-07-13,26,12,2026-07,2026-07-13T12:30,21.57,21.02,21.02,21.02,false,false
2026-07-13,27,13,2026-07,2026-07-13T13:00,21.68,18.87,18.87,18.87,false,false
2026-07-13,28,13,2026-07,2026-07-13T13:30,21.27,19.29,19.29,19.29,false,false
2026-07-13,29,14,2026-07,2026-07-13T14:00,21.01,21.16,21.16,21.16,false,false
2026-07-13,30,14,2026-07,2026-07-13T14:30,20.69,27.1,27.1,27.1,false,false
2026-07-13,31,15,2026-07,2026-07-13T15:00,20.62,23.26,23.26,23.26,false,false
2026-07-13,32,15,2026-07,2026-07-13T15:30,18.75,28.89,28.89,28.89,false,false
2026-07-13,33,16,2026-07,2026-07-13T16:00,17.17,26.19,26.19,26.19,false,false
2026-07-13,34,16,2026-07,2026-07-13T16:30,17.36,28.26,28.26,28.26,false,false
2026-07-13,35,17,2026-07,2026-07-13T17:00,14.85,26.75,26.75,26.75,false,false
2026-07-13,36,17,2026-07,2026-07-13T17:30,14.36,31.81,31.81,31.81,false,false
2026-07-13,37,18,2026-07,2026-07-13T18:00,15.33,29.11,29.11,29.11,false,false
2026-07-13,38,18,2026-07,2026-07-13T18:30,15.11,28.53,28.53,28.53,false,false
2026-07-13,39,19,2026-07,2026-07-13T19:00,17.06,27.51,27.51,27.51,false,false
2026-07-13,40,19,2026-07,2026-07-13T19:30,17.2,24.63,24.63,24.63,false,false
2026-07-13,41,20,2026-07,2026-07-13T20:00,18.59,23.39,23.39,23.39,false,false
2026-07-13,42,20,2026-07,2026-07-13T20:30,19.73,17.84,17.84,17.84,false,false
2026-07-13,43,21,2026-07,2026-07-13T21:00,19.89,19.5,19.5,19.5,false,false
2026-07-13,44,21,2026-07,2026-07-13T21:30,20.71,17.41,17.41,17.41,false,false
2026-07-13,45,22,2026-07,2026-07-13T22:00,20.07,24.17,24.17,24.17,false,false
2026-07-13,46,22,2026-07,2026-07-13T22:30,19.77,15.16,15.16,15.16,false,false
2026-07-13,47,23,2026-07,2026-07-13T23:00,19.95,20.11,20.11,20.11,false,false
2026-07-13,48,23,2026-07,2026-07-13T23:30,19.56,20.26,20.26,20.26,false,false
2026-07-14,1,0,2026-07,2026-07-14T00:00,18.08,19.83,19.83,19.83,false,false
2026-07-14,2,0,2026-07,2026-07-14T00:30,17.09,16.18,16.18,16.18,false,false
2026-07-14,3,1,2026-07,2026-07-14T01:00,17.05,18.86,18.86,18.86,false,false
2026-07-14,4,1,2026-07,2026-07-14T01:30,16.13,18.75,18.75,18.75,false,false
2026-07-14,5,2,2026-07,2026-07-14T02:00,17.95,14.85,14.85,14.85,false,false
2026-07-14,6,2,2026-07,2026-07-14T02:30,17.36,16.54,16.54,16.54,false,false
2026-07-14,7,3,2026-07,2026-07-14T03:00,18.09,20.17,20.17,20.17,false,false
2026-07-14,8,3,2026-07,2026-07-14T03:30,16.12,20.36,20.36,20.36,false,false
2026-07-14,9,4,2026-07,2026-07-14T04:00,17.35,15.92,15.92,15.92,false,false
2026-07-14,10,4,2026-07,2026-07-14T04:30,17.86,17.22,17.22,17.22,false,false
2026-07-14,11,5,2026-07,2026-07-14T05:00,17.47,19.07,19.07,19.07,false,false
2026-07-14,12,5,2026-07,2026-07-14T05:30,16.93,17.66,17.66,17.66,false,false
2026-07-14,13,6,2026-07,2026-07-14T06:00,16.39,18.13,18.13,18.13,false,false
2026-07-14,14,6,2026-07,2026-07-14T06:30,17.37,19.1,19.1,19.1,false,false
2026-07-14,15,7,2026-07,2026-07-14T07:00,16.23,18.37,18.37,18.37,false,false
2026-07-14,16,7,2026-07,2026-07-14T07:30,17.23,14.81,14.81,14.81,false,false
2026-07-14,17,8,2026-07,2026-07-14T08:00,17.19,16.43,16.43,16.43,false,false
2026-07-14,18,8,2026-07,2026-07-14T08:30,15.81,17.71,17.71,17.71,false,false
2026-07-14,19,9,2026-07,2026-07-14T09:00,18.49,22.45,22.45,22.45,false,false
2026-07-14,20,9,2026-07,2026-07-14T09:30,17.67,16.24,16.24,16.24,false,false
2026-07-14,21,10,2026-07,2026-07-14T10:00,18.54,18.62,18.62,18.62,false,false
2026-07-14,22,10,2026-07,2026-07-14T10:30,18.37,17.91,17.91,17.91,false,false
2026-07-14,23,11,2026-07,2026-07-14T11:00,18.73,19.02,19.02,19.02,false,false
2026-07-14,24,11,2026-07,2026-07-14T11:30,18.46,17.32,17.32,17.32,false,false
2026-07-14,25,12,2026-07,2026-07-14T12:00,18.4,15.84,15.84,15.84,false,false
2026-07-14,26,12,2026-07,2026-07-14T12:30,19.25,20.03,20.03,20.03,false,false
2026-07-14,27,13,2026-07,2026-07-14T13:00,18.62,19.83,19.83,19.83,false,false
2026-07-14,28,13,2026-07,2026-07-14T13:30,18.01,20.69,20.69,20.69,false,false
2026-07-14,29,14,2026-07,2026-07-14T14:00,18.0,24.73,24.73,24.73,false,false
2026-07-14,30,14,2026-07,2026-07-14T14:30,18.6,23.57,23.57,23.57,false,false
2026-07-14,31,15,2026-07,2026-07-14T15:00,17.58,21.71,21.71,21.71,false,false
2026-07-14,32,15,2026-07,2026-07-14T15:30,15.83,27.99,27.99,27.99,false,false
2026-07-14,33,16,2026-07,2026-07-14T16:00,13.67,31.58,31.58,31.58,false,false
2026-07-14,34,16,2026-07,2026-07-14T16:30,12.89,27.36,27.36,27.36,false,false
2026-07-14,35,17,2026-07,2026-07-14T17:00,12.5,35.22,35.22,35.22,false,false
2026-07-14,36,17,2026-07,2026-07-14T17:30,10.91,25.28,25.28,25.28,false,false
2026-07-14,37,18,2026-07,2026-07-14T18:00,11.95,26.78,26.78,26.78,false,false
2026-07-14,38,18,2026-07,2026-07-14T18:30,13.12,27.15,27.15,27.15,false,false
2026-07-14,39,19,2026-07,2026-07-14T19:00,14.77,25.14,25.14,25.14,false,false
2026-07-14,40,19,2026-07,2026-07-14T19:30,14.79,28.95,28.95,28.95,false,false
2026-07-14,41,20,2026-07,2026-07-14T20:00,14.94,25.16,25.16,25.16,false,false
2026-07-14,42,20,2026-07,2026-07-14T20:30,16.63,21.05,21.05,21.05,false,false
2026-07-14,43,21,2026-07,2026-07-14T21:00,17.52,18.23,18.23,18.23,false,false
2026-07-14,44,21,2026-07,2026-07-14T21:30,16.7,22.05,22.05,22.05,false,false
2026-07-14,45,22,2026-07,2026-07-14T22:00,17.0,25.01,25.01,25.01,false,false
2026-07-14,46,22,2026-07,2026-07-14T22:30,18.81,16.45,16.45,16.45,false,false
2026-07-14,47,23,2026-07,2026-07-14T23:00,17.69,20.16,20.16,20.16,false,false
2026-07-14,48,23,2026-07,2026-07-14T23:30,15.96,16.48,16.48,16.48,false,false
2026-07-15,1,0,2026-07,2026-07-15T00:00,15.74,17.53,17.53,17.53,false,false
2026-07-15,2,0,2026-07,2026-07-15T00:30,15.9,21.33,21.33,21.33,false,false
2026-07-15,3,1,2026-07,2026-07-15T01:00,16.66,18.32,18.32,18.32,false,false
2026-07-15,4,1,2026-07,2026-07-15T01:30,16.11,17.78,17.78,17.78,false,false
2026-07-15,5,2,2026-07,2026-07-15T02:00,16.11,19.15,19.15,19.15,false,false
2026-07-15,6,2,2026-07,2026-07-15T02:30,16.98,16.26,16.26,16.26,false,false
2026-07-15,7,3,2026-07,2026-07-15T03:00,16.47,15.73,15.73,15.73,false,false
2026-07-15,8,3,2026-07,2026-07-15T03:30,15.65,16.69,16.69,16.69,false,false
2026-07-15,9,4,2026-07,2026-07-15T04:00,16.93,16.96,16.96,16.96,false,false
2026-07-15,10,4,2026-07,2026-07-15T04:30,15.44,16.45,16.45,16.45,false,false
2026-07-15,11,5,2026-07,2026-07-15T05:00,16.81,17.94,17.94,17.94,false,false
2026-07-15,12,5,2026-07,2026-07-15T05:30,16.85,18.85,18.85,18.85,false,false
2026-07-15,13,6,2026-07,2026-07-15T06:00,16.69,15.08,15.08,15.08,false,false
2026-07-15,14,6,2026-07,2026-07-15T06:30,17.28,15.57,15.57,15.57,false,false
2026-07-15,15,7,2026-07,2026-07-15T07:00,16.56,16.07,16.07,16.07,false,false
2026-07-15,16,7,2026-07,2026-07-15T07:30,16.53,16.35,16.35,16.35,false,false
2026-07-15,17,8,2026-07,2026-07-15T08:00,17.3,19.83,19.83,19.83,false,false
2026-07-15,18,8,2026-07,2026-07-15T08:30,16.8,21.66,21.66,21.66,false,false
2026-07-15,19,9,2026-07,2026-07-15T09:00,17.47,16.73,16.73,16.73,false,false
2026-07-15,20,9,2026-07,2026-07-15T09:30,16.14,18.75,18.75,18.75,false,false
2026-07-15,21,10,2026-07,2026-07-15T10:00,17.45,20.16,20.16,20.16,false,false
2026-07-15,22,10,2026-07,2026-07-15T10:30,16.93,18.5,18.5,18.5,false,false
2026-07-15,23,11,2026-07,2026-07-15T11:00,19.07,17.31,17.31,17.31,false,false
2026-07-15,24,11,2026-07,2026-07-15T11:30,18.39,19.46,19.46,19.46,false,false
2026-07-15,25,12,2026-07,2026-07-15T12:00,18.61,16.56,16.56,16.56,false,false
2026-07-15,26,12,2026-07,2026-07-15T12:30,17.74,20.07,20.07,20.07,false,false
2026-07-15,27,13,2026-07,2026-07-15T13:00,17.76,23.64,23.64,23.64,false,false
2026-07-15,28,13,2026-07,2026-07-15T13:30,17.94,24.88,24.88,24.88,false,false
2026-07-15,29,14,2026-07,2026-07-15T14:00,17.7,20.24,20.24,20.24,false,false
2026-07-15,30,14,2026-07,2026-07-15T14:30,17.63,22.03,22.03,22.03,false,false
2026-07-15,31,15,2026-07,2026-07-15T15:00,17.48,24.14,24.14,24.14,false,false
2026-07-15,32,15,2026-07,2026-07-15T15:30,14.35,23.88,23.88,23.88,false,false
2026-07-15,33,16,2026-07,2026-07-15T16:00,14.23,28.78,28.78,28.78,false,false
2026-07-15,34,16,2026-07,2026-07-15T16:30,11.63,22.43,22.43,22.43,false,false
2026-07-15,35,17,2026-07,2026-07-15T17:00,12.45,23.72,23.72,23.72,false,false
2026-07-15,36,17,2026-07,2026-07-15T17:30,10.03,29.87,29.87,29.87,false,false
2026-07-15,37,18,2026-07,2026-07-15T18:00,10.38,24.51,24.51,24.51,false,false
2026-07-15,38,18,2026-07,2026-07-15T18:30,11.49,24.01,24.01,24.01,false,false
2026-07-15,39,19,2026-07,2026-07-15T19:00,12.39,30.13,30.13,30.13,false,false
2026-07-15,40,19,2026-07,2026-07-15T19:30,15.02,23.32,23.32,23.32,false,false
2026-07-15,41,20,2026-07,2026-07-15T20:00,14.7,25.08,25.08,25.08,false,false
2026-07-15,42,20,2026-07,2026-07-15T20:30,15.55,23.48,23.48,23.48,false,false
2026-07-15,43,21,2026-07,2026-07-15T21:00,17.22,20.42,20.42,20.42,false,false
2026-07-15,44,21,2026-07,2026-07-15T21:30,16.22,17.98,17.98,17.98,false,false
2026-07-15,45,22,2026-07,2026-07-15T22:00,16.54,17.86,17.86,17.86,false,false
2026-07-15,46,22,2026-07,2026-07-15T22:30,17.19,17.86,17.86,17.86,false,false
2026-07-15,47,23,2026-07,2026-07-15T23:00,16.77,18.78,18.78,18.78,false,false
2026-07-15,48,23,2026-07,2026-07-15T23:30,17.07,17.63,17.63,17.63,false,false
2026-07-16,1,0,2026-07,2026-07-16T00:00,20.18,22.78,22.78,22.78,false,false
2026-07-16,2,0,2026-07,2026-07-16T00:30,20.76,22.44,22.44,22.44,false,false
2026-07-16,3,1,2026-07,2026-07-16T01:00,19.99,20.76,20.76,20.76,false,false
2026-07-16,4,1,2026-07,2026-07-16T01:30,19.65,25.1,25.1,25.1,false,false
2026-07-16,5,2,2026-07,2026-07-16T02:00,19.49,23.39,23.39,23.39,false,false
2026-07-16,6,2,2026-07,2026-07-16T02:30,20.46,25.38,25.38,25.38,false,false
2026-07-16,7,3,2026-07,2026-07-16T03:00,19.15,21.24,21.24,21.24,false,false
2026-07-16,8,3,2026-07,2026-07-16T03:30,19.44,23.59,23.59,23.59,false,false
2026-07-16,9,4,2026-07,2026-07-16T04:00,20.73,22.83,22.83,22.83,false,false
2026-07-16,10,4,2026-07,2026-07-16T04:30,19.94,24.18,24.18,24.18,false,false
2026-07-16,11,5,2026-07,2026-07-16T05:00,19.85,20.07,20.07,20.07,false,false
2026-07-16,12,5,2026-07,2026-07-16T05:30,20.02,17.53,17.53,17.53,false,false
2026-07-16,13,6,2026-07,2026-07-16T06:00,19.47,24.16,24.16,24.16,false,false
2026-07-16,14,6,2026-07,2026-07-16T06:30,20.6,18.54,18.54,18.54,false,false
2026-07-16,15,7,2026-07,2026-07-16T07:00,19.75,21.0,21.0,21.0,false,false
2026-07-16,16,7,2026-07,2026-07-16T07:30,19.12,21.78,21.78,21.78,false,false
2026-07-16,17,8,2026-07,2026-07-16T08:00,20.09,23.79,23.79,23.79,false,false
2026-07-16,18,8,2026-07,2026-07-16T08:30,20.48,19.71,19.71,19.71,false,false
2026-07-16,19,9,2026-07,2026-07-16T09:00,19.28,21.54,21.54,21.54,false,false
2026-07-16,20,9,2026-07,2026-07-16T09:30,21.09,25.44,25.44,25.44,false,false
2026-07-16,21,10,2026-07,2026-07-16T10:00,21.88,24.95,24.95,24.95,false,false
2026-07-16,22,10,2026-07,2026-07-16T10:30,19.61,20.49,20.49,20.49,false,false
2026-07-16,23,11,2026-07,2026-07-16T11:00,22.04,24.3,24.3,24.3,false,false
2026-07-16,24,11,2026-07,2026-07-16T11:30,21.33,19.56,19.56,19.56,false,false
2026-07-16,25,12,2026-07,2026-07-16T12:00,22.19,21.79,21.79,21.79,false,false
2026-07-16,26,12,2026-07,2026-07-16T12:30,21.85,23.72,23.72,23.72,false,false
2026-07-16,27,13,2026-07,2026-07-16T13:00,21.0,29.92,29.92,29.92,false,false
2026-07-16,28,13,2026-07,2026-07-16T13:30,21.22,33.51,33.51,33.51,false,false
2026-07-16,29,14,2026-07,2026-07-16T14:00,21.59,33.94,33.94,33.94,false,false
2026-07-16,30,14,2026-07,2026-07-16T14:30,20.67,32.27,32.27,32.27,false,false
2026-07-16,31,15,2026-07,2026-07-16T15:00,20.39,38.82,38.82,38.82,false,false
2026-07-16,32,15,2026-07,2026-07-16T15:30,19.57,36.89,36.89,36.89,false,false
2026-07-16,33,16,2026-07,2026-07-16T16:00,16.95,40.45,40.45,40.45,false,false
2026-07-16,34,16,2026-07,2026-07-16T16:30,15.23,32.64,32.64,32.64,false,false
2026-07-16,35,17,2026-07,2026-07-16T17:00,15.74,43.35,43.35,43.35,false,false
2026-07-16,36,17,2026-07,2026-07-16T17:30,12.54,39.76,39.76,39.76,false,false
2026-07-16,37,18,2026-07,2026-07-16T18:00,13.66,33.88,33.88,33.88,false,false
2026-07-16,38,18,2026-07,2026-07-16T18:30,15.32,39.51,39.51,39.51,false,false
2026-07-16,39,19,2026-07,2026-07-16T19:00,15.03,37.39,37.39,37.39,false,false
2026-07-16,40,19,2026-07,2026-07-16T19:30,15.85,36.25,36.25,36.25,false,false
2026-07-16,41,20,2026-07,2026-07-16T20:00,19.09,34.01,34.01,34.01,false,false
2026-07-16,42,20,2026-07,2026-07-16T20:30,19.04,30.25,30.25,30.25,false,false
2026-07-16,43,21,2026-07,2026-07-16T21:00,19.68,25.41,25.41,25.41,false,false
2026-07-16,44,21,2026-07,2026-07-16T21:30,20.4,29.14,29.14,29.14,false,false
2026-07-16,45,22,2026-07,2026-07-16T22:00,19.82,24.79,24.79,24.79,false,false
2026-07-16,46,22,2026-07,2026-07-16T22:30,20.2,26.35,26.35,26.35,false,false
2026-07-16,47,23,2026-07,2026-07-16T23:00,19.86,23.11,23.11,23.11,false,false
2026-07-16,48,23,2026-07,2026-07-16T23:30,19.75,20.15,20.15,20.15,false,false
2026-07-17,1,0,2026-07,2026-07-17T00:00,14.95,19.61,19.61,19.61,false,false
2026-07-17,2,0,2026-07,2026-07-17T00:30,16.36,21.24,21.24,21.24,false,false
2026-07-17,3,1,2026-07,2026-07-17T01:00,16.02,22.41,22.41,22.41,false,false
2026-07-17,4,1,2026-07,2026-07-17T01:30,15.68,18.73,18.73,18.73,false,false
2026-07-17,5,2,2026-07,2026-07-17T02:00,15.38,18.69,18.69,18.69,false,false
2026-07-17,6,2,2026-07,2026-07-17T02:30,15.28,17.34,17.34,17.34,false,false
2026-07-17,7,3,2026-07,2026-07-17T03:00,15.03,18.53,18.53,18.53,false,false
2026-07-17,8,3,2026-07,2026-07-17T03:30,16.2,17.36,17.36,17.36,false,false
2026-07-17,9,4,2026-07,2026-07-17T04:00,15.62,22.08,22.08,22.08,false,false
2026-07-17,10,4,2026-07,2026-07-17T04:30,15.37,23.33,23.33,23.33,false,false
2026-07-17,11,5,2026-07,2026-07-17T05:00,15.86,18.07,18.07,18.07,false,false
2026-07-17,12,5,2026-07,2026-07-17T05:30,14.96,17.55,17.55,17.55,false,false
2026-07-17,13,6,2026-07,2026-07-17T06:00,15.0,19.7,19.7,19.7,false,false
2026-07-17,14,6,2026-07,2026-07-17T06:30,15.61,19.18,19.18,19.18,false,false
2026-07-17,15,7,2026-07,2026-07-17T07:00,15.61,17.94,17.94,17.94,false,false
2026-07-17,16,7,2026-07,2026-07-17T07:30,15.48,17.14,17.14,17.14,false,false
2026-07-17,17,8,2026-07,2026-07-17T08:00,15.08,18.85,18.85,18.85,false,false
2026-07-17,18,8,2026-07,2026-07-17T08:30,14.7,18.14,18.14,18.14,false,false
2026-07-17,19,9,2026-07,2026-07-17T09:00,16.18,20.76,20.76,20.76,false,false
2026-07-17,20,9,2026-07,2026-07-17T09:30,17.59,16.93,16.93,16.93,false,false
2026-07-17,21,10,2026-07,2026-07-17T10:00,15.58,21.33,21.33,21.33,false,false
2026-07-17,22,10,2026-07,2026-07-17T10:30,17.23,19.12,19.12,19.12,false,false
2026-07-17,23,11,2026-07,2026-07-17T11:00,16.78,20.87,20.87,20.87,false,false
2026-07-17,24,11,2026-07,2026-07-17T11:30,17.37,18.92,18.92,18.92,false,false
2026-07-17,25,12,2026-07,2026-07-17T12:00,16.68,24.14,24.14,24.14,false,false
2026-07-17,26,12,2026-07,2026-07-17T12:30,18.35,24.84,24.84,24.84,false,false
2026-07-17,27,13,2026-07,2026-07-17T13:00,17.56,27.99,27.99,27.99,false,false
2026-07-17,28,13,2026-07,2026-07-17T13:30,17.77,30.67,30.67,30.67,false,false
2026-07-17,29,14,2026-07,2026-07-17T14:00,17.6,23.9,23.9,23.9,false,false
2026-07-17,30,14,2026-07,2026-07-17T14:30,16.18,28.88,28.88,28.88,false,false
2026-07-17,31,15,2026-07,2026-07-17T15:00,16.06,28.59,28.59,28.59,false,false
2026-07-17,32,15,2026-07,2026-07-17T15:30,15.2,27.43,27.43,27.43,false,false
2026-07-17,33,16,2026-07,2026-07-17T16:00,12.11,28.44,28.44,28.44,false,false
2026-07-17,34,16,2026-07,2026-07-17T16:30,11.79,27.85,27.85,27.85,false,false
2026-07-17,35,17,2026-07,2026-07-17T17:00,10.82,31.58,31.58,31.58,false,false
2026-07-17,36,17,2026-07,2026-07-17T17:30,8.95,40.34,40.34,40.34,true,false
2026-07-17,37,18,2026-07,2026-07-17T18:00,9.1,31.0,31.0,31.0,true,false
2026-07-17,38,18,2026-07,2026-07-17T18:30,9.55,31.66,31.66,31.66,true,false
2026-07-17,39,19,2026-07,2026-07-17T19:00,12.42,33.13,33.13,33.13,false,false
2026-07-17,40,19,2026-07,2026-07-17T19:30,12.76,23.48,23.48,23.48,false,false
2026-07-17,41,20,2026-07,2026-07-17T20:00,14.41,26.84,26.84,26.84,false,false
2026-07-17,42,20,2026-07,2026-07-17T20:30,14.59,27.71,27.71,27.71,false,false
2026-07-17,43,21,2026-07,2026-07-17T21:00,16.27,26.33,26.33,26.33,false,false
2026-07-17,44,21,2026-07,2026-07-17T21:30,15.46,25.6,25.6,25.6,false,false
2026-07-17,45,22,2026-07,2026-07-17T22:00,16.26,23.73,23.73,23.73,false,false
2026-07-17,46,22,2026-07,2026-07-17T22:30,15.98,17.83,17.83,17.83,false,false
2026-07-17,47,23,2026-07,2026-07-17T23:00,15.65,20.51,20.51,20.51,false,false
2026-07-17,48,23,2026-07,2026-07-17T23:30,15.9,21.02,21.02,21.02,false,false
2026-07-18,1,0,2026-07,2026-07-18T00:00,19.98,18.43,18.43,18.43,false,false
2026-07-18,2,0,2026-07,2026-07-18T00:30,20.38,18.02,18.02,18.02,false,false
2026-07-18,3,1,2026-07,2026-07-18T01:00,19.59,14.15,14.15,14.15,false,false
2026-07-18,4,1,2026-07,2026-07-18T01:30,20.93,15.0,15.0,15.0,false,false
2026-07-18,5,2,2026-07,2026-07-18T02:00,19.67,16.57,16.57,16.57,false,false
2026-07-18,6,2,2026-07,2026-07-18T02:30,19.21,18.76,18.76,18.76,false,false
2026-07-18,7,3,2026-07,2026-07-18T03:00,19.27,15.08,15.08,15.08,false,false
2026-07-18,8,3,2026-07,2026-07-18T03:30,19.77,14.01,14.01,14.01,false,false
2026-07-18,9,4,2026-07,2026-07-18T04:00,20.09,18.97,18.97,18.97,false,false
2026-07-18,10,4,2026-07,2026-07-18T04:30,18.45,14.6,14.6,14.6,false,false
2026-07-18,11,5,2026-07,2026-07-18T05:00,20.78,12.85,12.85,12.85,false,false
2026-07-18,12,5,2026-07,2026-07-18T05:30,19.27,14.06,14.06,14.06,false,false
2026-07-18,13,6,2026-07,2026-07-18T06:00,18.77,14.84,14.84,14.84,false,false
2026-07-18,14,6,2026-07,2026-07-18T06:30,20.45,14.45,14.45,14.45,false,false
2026-07-18,15,7,2026-07,2026-07-18T07:00,19.09,13.47,13.47,13.47,false,false
2026-07-18,16,7,2026-07,2026-07-18T07:30,19.24,13.36,13.36,13.36,false,false
2026-07-18,17,8,2026-07,2026-07-18T08:00,20.85,13.72,13.72,13.72,false,false
2026-07-18,18,8,2026-07,2026-07-18T08:30,18.84,17.01,17.01,17.01,false,false
2026-07-18,19,9,2026-07,2026-07-18T09:00,21.38,15.32,15.32,15.32,false,false
2026-07-18,20,9,2026-07,2026-07-18T09:30,20.36,15.2,15.2,15.2,false,false
2026-07-18,21,10,2026-07,2026-07-18T10:00,19.94,14.82,14.82,14.82,false,false
2026-07-18,22,10,2026-07,2026-07-18T10:30,20.44,17.17,17.17,17.17,false,false
2026-07-18,23,11,2026-07,2026-07-18T11:00,21.47,13.89,13.89,13.89,false,false
2026-07-18,24,11,2026-07,2026-07-18T11:30,20.7,13.89,13.89,13.89,false,false
2026-07-18,25,12,2026-07,2026-07-18T12:00,22.02,14.56,14.56,14.56,false,false
2026-07-18,26,12,2026-07,2026-07-18T12:30,21.42,16.79,16.79,16.79,false,false
2026-07-18,27,13,2026-07,2026-07-18T13:00,22.29,18.11,18.11,18.11,false,false
2026-07-18,28,13,2026-07,2026-07-18T13:30,21.07,20.14,20.14,20.14,false,false
2026-07-18,29,14,2026-07,2026-07-18T14:00,20.29,20.16,20.16,20.16,false,false
2026-07-18,30,14,2026-07,2026-07-18T14:30,21.69,19.61,19.61,19.61,false,false
2026-07-18,31,15,2026-07,2026-07-18T15:00,19.23,24.65,24.65,24.65,false,false
2026-07-18,32,15,2026-07,2026-07-18T15:30,18.06,24.26,24.26,24.26,false,false
2026-07-18,33,16,2026-07,2026-07-18T16:00,17.86,28.64,28.64,28.64,false,false
2026-07-18,34,16,2026-07,2026-07-18T16:30,16.09,20.47,20.47,20.47,false,false
2026-07-18,35,17,2026-07,2026-07-18T17:00,16.17,24.19,24.19,24.19,false,false
2026-07-18,36,17,2026-07,2026-07-18T17:30,14.79,22.42,22.42,22.42,false,false
2026-07-18,37,18,2026-07,2026-07-18T18:00,14.84,25.25,25.25,25.25,false,false
2026-07-18,38,18,2026-07,2026-07-18T18:30,15.41,27.02,27.02,27.02,false,false
2026-07-18,39,19,2026-07,2026-07-18T19:00,16.59,24.79,24.79,24.79,false,false
2026-07-18,40,19,2026-07,2026-07-18T19:30,17.72,23.28,23.28,23.28,false,false
2026-07-18,41,20,2026-07,2026-07-18T20:00,19.1,23.59,23.59,23.59,false,false
2026-07-18,42,20,2026-07,2026-07-18T20:30,18.21,17.93,17.93,17.93,false,false
2026-07-18,43,21,2026-07,2026-07-18T21:00,20.27,16.14,16.14,16.14,false,false
2026-07-18,44,21,2026-07,2026-07-18T21:30,20.7,15.62,15.62,15.62,false,false
2026-07-18,45,22,2026-07,2026-07-18T22:00,20.35,18.95,18.95,18.95,false,false
2026-07-18,46,22,2026-07,2026-07-18T22:30,20.13,14.53,14.53,14.53,false,false
2026-07-18,47,23,2026-07,2026-07-18T23:00,20.42,16.08,16.08,16.08,false,false
2026-07-18,48,23,2026-07,2026-07-18T23:30,19.88,13.95,13.95,13.95,false,false
2026-07-19,1,0,2026-07,2026-07-19T00:00,15.39,17.31,17.31,17.31,false,false
2026-07-19,2,0,2026-07,2026-07-19T00:30,16.87,18.64,18.64,18.64,false,false
2026-07-19,3,1,2026-07,2026-07-19T01:00,16.51,19.69,19.69,19.69,false,false
2026-07-19,4,1,2026-07,2026-07-19T01:30,15.68,16.45,16.45,16.45,false,false
2026-07-19,5,2,2026-07,2026-07-19T02:00,16.7,16.19,16.19,16.19,false,false
2026-07-19,6,2,2026-07,2026-07-19T02:30,15.03,18.23,18.23,18.23,false,false
2026-07-19,7,3,2026-07,2026-07-19T03:00,17.39,14.71,14.71,14.71,false,false
2026-07-19,8,3,2026-07,2026-07-19T03:30,16.19,18.27,18.27,18.27,false,false
2026-07-19,9,4,2026-07,2026-07-19T04:00,16.09,16.18,16.18,16.18,false,false
2026-07-19,10,4,2026-07,2026-07-19T04:30,15.8,14.11,14.11,14.11,false,false
2026-07-19,11,5,2026-07,2026-07-19T05:00,16.53,13.65,13.65,13.65,false,false
2026-07-19,12,5,2026-07,2026-07-19T05:30,15.99,15.83,15.83,15.83,false,false
2026-07-19,13,6,2026-07,2026-07-19T06:00,16.22,16.0,16.0,16.0,false,false
2026-07-19,14,6,2026-07,2026-07-19T06:30,16.16,13.0,13.0,13.0,false,false
2026-07-19,15,7,2026-07,2026-07-19T07:00,16.07,13.24,13.24,13.24,false,false
2026-07-19,16,7,2026-07,2026-07-19T07:30,16.31,13.44,13.44,13.44,false,false
2026-07-19,17,8,2026-07,2026-07-19T08:00,15.2,15.86,15.86,15.86,false,false
2026-07-19,18,8,2026-07,2026-07-19T08:30,15.85,17.53,17.53,17.53,false,false
2026-07-19,19,9,2026-07,2026-07-19T09:00,16.13,17.39,17.39,17.39,false,false
2026-07-19,20,9,2026-07,2026-07-19T09:30,16.99,15.7,15.7,15.7,false,false
2026-07-19,21,10,2026-07,2026-07-19T10:00,15.94,16.74,16.74,16.74,false,false
2026-07-19,22,10,2026-07,2026-07-19T10:30,17.1,18.86,18.86,18.86,false,false
2026-07-19,23,11,2026-07,2026-07-19T11:00,17.27,16.35,16.35,16.35,false,false
2026-07-19,24,11,2026-07,2026-07-19T11:30,18.04,16.57,16.57,16.57,false,false
2026-07-19,25,12,2026-07,2026-07-19T12:00,18.58,16.72,16.72,16.72,false,false
2026-07-19,26,12,2026-07,2026-07-19T12:30,17.48,16.68,16.68,16.68,false,false
2026-07-19,27,13,2026-07,2026-07-19T13:00,17.78,21.63,21.63,21.63,false,false
2026-07-19,28,13,2026-07,2026-07-19T13:30,16.74,22.57,22.57,22.57,false,false
2026-07-19,29,14,2026-07,2026-07-19T14:00,17.69,22.93,22.93,22.93,false,false
2026-07-19,30,14,2026-07,2026-07-19T14:30,16.7,20.99,20.99,20.99,false,false
2026-07-19,31,15,2026-07,2026-07-19T15:00,16.45,20.14,20.14,20.14,false,false
2026-07-19,32,15,2026-07,2026-07-19T15:30,13.68,29.59,29.59,29.59,false,false
2026-07-19,33,16,2026-07,2026-07-19T16:00,13.48,26.45,26.45,26.45,false,false
2026-07-19,34,16,2026-07,2026-07-19T16:30,11.99,23.68,23.68,23.68,false,false
2026-07-19,35,17,2026-07,2026-07-19T17:00,10.98,26.95,26.95,26.95,false,false
2026-07-19,36,17,2026-07,2026-07-19T17:30,9.71,27.71,27.71,27.71,true,false
2026-07-19,37,18,2026-07,2026-07-19T18:00,11.01,28.6,28.6,28.6,false,false
2026-07-19,38,18,2026-07,2026-07-19T18:30,10.22,27.3,27.3,27.3,false,false
2026-07-19,39,19,2026-07,2026-07-19T19:00,12.0,25.39,25.39,25.39,false,false
2026-07-19,40,19,2026-07,2026-07-19T19:30,13.1,22.56,22.56,22.56,false,false
2026-07-19,41,20,2026-07,2026-07-19T20:00,14.96,25.84,25.84,25.84,false,false
2026-07-19,42,20,2026-07,2026-07-19T20:30,16.34,19.15,19.15,19.15,false,false
2026-07-19,43,21,2026-07,2026-07-19T21:00,15.88,18.41,18.41,18.41,false,false
2026-07-19,44,21,2026-07,2026-07-19T21:30,15.99,18.15,18.15,18.15,false,false
2026-07-19,45,22,2026-07,2026-07-19T22:00,15.92,14.91,14.91,14.91,false,false
2026-07-19,46,22,2026-07,2026-07-19T22:30,17.07,18.27,18.27,18.27,false,false
2026-07-19,47,23,2026-07,2026-07-19T23:00,15.61,17.93,17.93,17.93,false,false
2026-07-19,48,23,2026-07,2026-07-19T23:30,15.98,14.2,14.2,14.2,false,false
2026-07-20,1,0,2026-07,2026-07-20T00:00,14.95,21.99,21.99,21.99,false,false
2026-07-20,2,0,2026-07,2026-07-20T00:30,13.75,19.21,19.21,19.21,false,false
2026-07-20,3,1,2026-07,2026-07-20T01:00,15.14,22.22,22.22,22.22,false,false
2026-07-20,4,1,2026-07,2026-07-20T01:30,16.19,22.58,22.58,22.58,false,false
2026-07-20,5,2,2026-07,2026-07-20T02:00,14.64,17.91,17.91,17.91,false,false
2026-07-20,6,2,2026-07,2026-07-20T02:30,14.15,21.31,21.31,21.31,false,false
2026-07-20,7,3,2026-07,2026-07-20T03:00,14.9,19.62,19.62,19.62,false,false
2026-07-20,8,3,2026-07,2026-07-20T03:30,15.59,16.26,16.26,16.26,false,false
2026-07-20,9,4,2026-07,2026-07-20T04:00,14.97,22.55,22.55,22.55,false,false
2026-07-20,10,4,2026-07,2026-07-20T04:30,15.39,22.06,22.06,22.06,false,false
2026-07-20,11,5,2026-07,2026-07-20T05:00,15.33,22.62,22.62,22.62,false,false
2026-07-20,12,5,2026-07,2026-07-20T05:30,14.88,19.76,19.76,19.76,false,false
2026-07-20,13,6,2026-07,2026-07-20T06:00,15.08,15.56,15.56,15.56,false,false
2026-07-20,14,6,2026-07,2026-07-20T06:30,15.82,18.31,18.31,18.31,false,false
2026-07-20,15,7,2026-07,2026-07-20T07:00,14.36,16.75,16.75,16.75,false,false
2026-07-20,16,7,2026-07,2026-07-20T07:30,15.05,17.11,17.11,17.11,false,false
2026-07-20,17,8,2026-07,2026-07-20T08:00,15.66,21.83,21.83,21.83,false,false
2026-07-20,18,8,2026-07,2026-07-20T08:30,14.97,22.79,22.79,22.79,false,false
2026-07-20,19,9,2026-07,2026-07-20T09:00,16.06,17.55,17.55,17.55,false,false
2026-07-20,20,9,2026-07,2026-07-20T09:30,14.25,18.93,18.93,18.93,false,false
2026-07-20,21,10,2026-07,2026-07-20T10:00,16.08,20.69,20.69,20.69,false,false
2026-07-20,22,10,2026-07,2026-07-20T10:30,15.01,19.64,19.64,19.64,false,false
2026-07-20,23,11,2026-07,2026-07-20T11:00,15.92,20.25,20.25,20.25,false,false
2026-07-20,24,11,2026-07,2026-07-20T11:30,16.94,20.29,20.29,20.29,false,false
2026-07-20,25,12,2026-07,2026-07-20T12:00,17.29,22.26,22.26,22.26,false,false
2026-07-20,26,12,2026-07,2026-07-20T12:30,17.13,24.68,24.68,24.68,false,false
2026-07-20,27,13,2026-07,2026-07-20T13:00,17.0,27.65,27.65,27.65,false,false
2026-07-20,28,13,2026-07,2026-07-20T13:30,15.71,24.07,24.07,24.07,false,false
2026-07-20,29,14,2026-07,2026-07-20T14:00,15.75,23.65,23.65,23.65,false,false
2026-07-20,30,14,2026-07,2026-07-20T14:30,16.43,32.46,32.46,32.46,false,false
2026-07-20,31,15,2026-07,2026-07-20T15:00,14.91,35.02,35.02,35.02,false,false
2026-07-20,32,15,2026-07,2026-07-20T15:30,14.48,26.05,26.05,26.05,false,false
2026-07-20,33,16,2026-07,2026-07-20T16:00,13.21,37.0,37.0,37.0,false,false
2026-07-20,34,16,2026-07,2026-07-20T16:30,11.67,29.83,29.83,29.83,false,false
2026-07-20,35,17,2026-07,2026-07-20T17:00,11.02,30.91,30.91,30.91,false,false
2026-07-20,36,17,2026-07,2026-07-20T17:30,10.45,29.76,29.76,29.76,false,false
2026-07-20,37,18,2026-07,2026-07-20T18:00,10.15,32.2,32.2,32.2,false,false
2026-07-20,38,18,2026-07,2026-07-20T18:30,11.47,35.94,35.94,35.94,false,false
2026-07-20,39,19,2026-07,2026-07-20T19:00,12.0,33.19,33.19,33.19,false,false
2026-07-20,40,19,2026-07,2026-07-20T19:30,12.93,34.98,34.98,34.98,false,false
2026-07-20,41,20,2026-07,2026-07-20T20:00,13.53,30.08,30.08,30.08,false,false
2026-07-20,42,20,2026-07,2026-07-20T20:30,14.54,25.32,25.32,25.32,false,false
2026-07-20,43,21,2026-07,2026-07-20T21:00,14.92,20.92,20.92,20.92,false,false
2026-07-20,44,21,2026-07,2026-07-20T21:30,15.53,22.82,22.82,22.82,false,false
2026-07-20,45,22,2026-07,2026-07-20T22:00,15.24,20.79,20.79,20.79,false,false
2026-07-20,46,22,2026-07,2026-07-20T22:30,14.59,21.64,21.64,21.64,false,false
2026-07-20,47,23,2026-07,2026-07-20T23:00,15.66,18.81,18.81,18.81,false,false
2026-07-20,48,23,2026-07,2026-07-20T23:30,14.57,19.35,19.35,19.35,false,false
2026-07-21,1,0,2026-07,2026-07-21T00:00,16.24,22.0,22.0,22.0,false,false
2026-07-21,2,0,2026-07,2026-07-21T00:30,16.59,26.0,26.0,26.0,false,false
2026-07-21,3,1,2026-07,2026-07-21T01:00,15.95,18.77,18.77,18.77,false,false
2026-07-21,4,1,2026-07,2026-07-21T01:30,16.12,20.46,20.46,20.46,false,false
2026-07-21,5,2,2026-07,2026-07-21T02:00,16.8,20.03,20.03,20.03,false,false
2026-07-21,6,2,2026-07,2026-07-21T02:30,16.07,17.94,17.94,17.94,false,false
2026-07-21,7,3,2026-07,2026-07-21T03:00,15.85,21.9,21.9,21.9,false,false
2026-07-21,8,3,2026-07,2026-07-21T03:30,16.17,21.01,21.01,21.01,false,false
2026-07-21,9,4,2026-07,2026-07-21T04:00,15.8,19.06,19.06,19.06,false,false
2026-07-21,10,4,2026-07,2026-07-21T04:30,15.87,18.96,18.96,18.96,false,false
2026-07-21,11,5,2026-07,2026-07-21T05:00,16.09,17.18,17.18,17.18,false,false
2026-07-21,12,5,2026-07,2026-07-21T05:30,16.98,19.44,19.44,19.44,false,false
2026-07-21,13,6,2026-07,2026-07-21T06:00,16.32,17.16,17.16,17.16,false,false
2026-07-21,14,6,2026-07,2026-07-21T06:30,17.09,21.74,21.74,21.74,false,false
2026-07-21,15,7,2026-07,2026-07-21T07:00,16.64,19.04,19.04,19.04,false,false
2026-07-21,16,7,2026-07,2026-07-21T07:30,16.43,19.7,19.7,19.7,false,false
2026-07-21,17,8,2026-07,2026-07-21T08:00,16.61,19.09,19.09,19.09,false,false
2026-07-21,18,8,2026-07,2026-07-21T08:30,16.16,24.86,24.86,24.86,false,false
2026-07-21,19,9,2026-07,2026-07-21T09:00,17.17,20.46,20.46,20.46,false,false
2026-07-21,20,9,2026-07,2026-07-21T09:30,16.88,21.08,21.08,21.08,false,false
2026-07-21,21,10,2026-07,2026-07-21T10:00,18.43,19.53,19.53,19.53,false,false
2026-07-21,22,10,2026-07,2026-07-21T10:30,18.31,21.77,21.77,21.77,false,false
2026-07-21,23,11,2026-07,2026-07-21T11:00,17.15,21.78,21.78,21.78,false,false
2026-07-21,24,11,2026-07,2026-07-21T11:30,17.92,18.45,18.45,18.45,false,false
2026-07-21,25,12,2026-07,2026-07-21T12:00,18.3,24.31,24.31,24.31,false,false
2026-07-21,26,12,2026-07,2026-07-21T12:30,17.32,19.17,19.17,19.17,false,false
2026-07-21,27,13,2026-07,2026-07-21T13:00,19.14,28.41,28.41,28.41,false,false
2026-07-21,28,13,2026-07,2026-07-21T13:30,17.32,31.84,31.84,31.84,false,false
2026-07-21,29,14,2026-07,2026-07-21T14:00,17.12,22.64,22.64,22.64,false,false
2026-07-21,30,14,2026-07,2026-07-21T14:30,17.4,25.55,25.55,25.55,false,false
2026-07-21,31,15,2026-07,2026-07-21T15:00,15.44,30.09,30.09,30.09,false,false
2026-07-21,32,15,2026-07,2026-07-21T15:30,14.87,36.63,36.63,36.63,false,false
2026-07-21,33,16,2026-07,2026-07-21T16:00,13.86,32.35,32.35,32.35,false,false
2026-07-21,34,16,2026-07,2026-07-21T16:30,12.77,38.65,38.65,38.65,false,false
2026-07-21,35,17,2026-07,2026-07-21T17:00,12.76,32.98,32.98,32.98,false,false
2026-07-21,36,17,2026-07,2026-07-21T17:30,10.9,34.83,34.83,34.83,false,false
2026-07-21,37,18,2026-07,2026-07-21T18:00,10.37,30.57,30.57,30.57,false,false
2026-07-21,38,18,2026-07,2026-07-21T18:30,11.47,35.29,35.29,35.29,false,false
2026-07-21,39,19,2026-07,2026-07-21T19:00,13.72,34.2,34.2,34.2,false,false
2026-07-21,40,19,2026-07,2026-07-21T19:30,13.92,31.26,31.26,31.26,false,false
2026-07-21,41,20,2026-07,2026-07-21T20:00,15.88,29.99,29.99,29.99,false,false
2026-07-21,42,20,2026-07,2026-07-21T20:30,16.17,23.97,23.97,23.97,false,false
2026-07-21,43,21,2026-07,2026-07-21T21:00,16.41,29.28,29.28,29.28,false,false
2026-07-21,44,21,2026-07,2026-07-21T21:30,16.62,23.5,23.5,23.5,false,false
2026-07-21,45,22,2026-07,2026-07-21T22:00,16.21,25.95,25.95,25.95,false,false
2026-07-21,46,22,2026-07,2026-07-21T22:30,16.43,22.98,22.98,22.98,false,false
2026-07-21,47,23,2026-07,2026-07-21T23:00,15.46,24.18,24.18,24.18,false,false
2026-07-21,48,23,2026-07,2026-07-21T23:30,16.33,26.22,26.22,26.22,false,false
2026-07-22,1,0,2026-07,2026-07-22T00:00,14.66,23.52,23.52,23.52,false,false
2026-07-22,2,0,2026-07,2026-07-22T00:30,14.24,18.69,18.69,18.69,false,false
2026-07-22,3,1,2026-07,2026-07-22T01:00,14.05,25.86,25.86,25.86,false,false
2026-07-22,4,1,2026-07,2026-07-22T01:30,13.05,22.95,22.95,22.95,false,false
2026-07-22,5,2,2026-07,2026-07-22T02:00,13.93,18.34,18.34,18.34,false,false
2026-07-22,6,2,2026-07,2026-07-22T02:30,12.8,21.28,21.28,21.28,false,false
2026-07-22,7,3,2026-07,2026-07-22T03:00,14.29,18.45,18.45,18.45,false,false
2026-07-22,8,3,2026-07,2026-07-22T03:30,14.41,19.61,19.61,19.61,false,false
2026-07-22,9,4,2026-07,2026-07-22T04:00,12.58,17.34,17.34,17.34,false,false
2026-07-22,10,4,2026-07,2026-07-22T04:30,14.44,24.18,24.18,24.18,false,false
2026-07-22,11,5,2026-07,2026-07-22T05:00,13.65,21.39,21.39,21.39,false,false
2026-07-22,12,5,2026-07,2026-07-22T05:30,13.24,19.95,19.95,19.95,false,false
2026-07-22,13,6,2026-07,2026-07-22T06:00,12.56,20.73,20.73,20.73,false,false
2026-07-22,14,6,2026-07,2026-07-22T06:30,13.92,17.12,17.12,17.12,false,false
2026-07-22,15,7,2026-07,2026-07-22T07:00,12.86,24.97,24.97,24.97,false,false
2026-07-22,16,7,2026-07,2026-07-22T07:30,13.86,20.25,20.25,20.25,false,false
2026-07-22,17,8,2026-07,2026-07-22T08:00,13.58,19.56,19.56,19.56,false,false
2026-07-22,18,8,2026-07,2026-07-22T08:30,13.49,21.8,21.8,21.8,false,false
2026-07-22,19,9,2026-07,2026-07-22T09:00,15.64,25.42,25.42,25.42,false,false
2026-07-22,20,9,2026-07,2026-07-22T09:30,14.51,18.65,18.65,18.65,false,false
2026-07-22,21,10,2026-07,2026-07-22T10:00,13.85,26.36,26.36,26.36,false,false
2026-07-22,22,10,2026-07,2026-07-22T10:30,15.19,22.71,22.71,22.71,false,false
2026-07-22,23,11,2026-07,2026-07-22T11:00,14.2,21.84,21.84,21.84,false,false
2026-07-22,24,11,2026-07,2026-07-22T11:30,15.79,21.09,21.09,21.09,false,false
2026-07-22,25,12,2026-07,2026-07-22T12:00,15.33,26.27,26.27,26.27,false,false
2026-07-22,26,12,2026-07,2026-07-22T12:30,15.57,21.01,21.01,21.01,false,false
2026-07-22,27,13,2026-07,2026-07-22T13:00,15.69,24.73,24.73,24.73,false,false
2026-07-22,28,13,2026-07,2026-07-22T13:30,16.41,23.57,23.57,23.57,false,false
2026-07-22,29,14,2026-07,2026-07-22T14:00,15.56,30.76,30.76,30.76,false,false
2026-07-22,30,14,2026-07,2026-07-22T14:30,14.89,35.21,35.21,35.21,false,false
2026-07-22,31,15,2026-07,2026-07-22T15:00,13.66,31.97,31.97,31.97,false,false
2026-07-22,32,15,2026-07,2026-07-22T15:30,12.78,38.06,38.06,38.06,false,false
2026-07-22,33,16,2026-07,2026-07-22T16:00,10.4,40.78,40.78,40.78,false,false
2026-07-22,34,16,2026-07,2026-07-22T16:30,8.76,32.68,32.68,32.68,true,false
2026-07-22,35,17,2026-07,2026-07-22T17:00,8.27,38.93,38.93,38.93,true,false
2026-07-22,36,17,2026-07,2026-07-22T17:30,8.67,36.54,36.54,36.54,true,false
2026-07-22,37,18,2026-07,2026-07-22T18:00,6.73,84.37,84.37,84.37,true,false
2026-07-22,38,18,2026-07,2026-07-22T18:30,8.73,31.42,31.42,31.42,true,false
2026-07-22,39,19,2026-07,2026-07-22T19:00,9.84,34.67,34.67,34.67,true,false
2026-07-22,40,19,2026-07,2026-07-22T19:30,10.29,32.88,32.88,32.88,false,false
2026-07-22,41,20,2026-07,2026-07-22T20:00,12.63,29.21,29.21,29.21,false,false
2026-07-22,42,20,2026-07,2026-07-22T20:30,12.57,28.69,28.69,28.69,false,false
2026-07-22,43,21,2026-07,2026-07-22T21:00,13.79,29.18,29.18,29.18,false,false
2026-07-22,44,21,2026-07,2026-07-22T21:30,13.92,25.69,25.69,25.69,false,false
2026-07-22,45,22,2026-07,2026-07-22T22:00,13.51,28.3,28.3,28.3,false,false
2026-07-22,46,22,2026-07,2026-07-22T22:30,14.16,24.08,24.08,24.08,false,false
2026-07-22,47,23,2026-07,2026-07-22T23:00,13.49,21.3,21.3,21.3,false,false
2026-07-22,48,23,2026-07,2026-07-22T23:30,15.37,24.37,24.37,24.37,false,false
2026-07-23,1,0,2026-07,2026-07-23T00:00,20.41,18.71,18.71,18.71,false,false
2026-07-23,2,0,2026-07,2026-07-23T00:30,19.91,12.23,12.23,12.23,false,false
2026-07-23,3,1,2026-07,2026-07-23T01:00,20.44,18.32,18.32,18.32,false,false
2026-07-23,4,1,2026-07,2026-07-23T01:30,20.46,14.19,14.19,14.19,false,false
2026-07-23,5,2,2026-07,2026-07-23T02:00,20.0,13.52,13.52,13.52,false,false
2026-07-23,6,2,2026-07,2026-07-23T02:30,19.17,14.84,14.84,14.84,false,false
2026-07-23,7,3,2026-07,2026-07-23T03:00,19.98,15.22,15.22,15.22,false,false
2026-07-23,8,3,2026-07,2026-07-23T03:30,19.86,17.5,17.5,17.5,false,false
2026-07-23,9,4,2026-07,2026-07-23T04:00,19.71,13.03,13.03,13.03,false,false
2026-07-23,10,4,2026-07,2026-07-23T04:30,19.21,16.72,16.72,16.72,false,false
2026-07-23,11,5,2026-07,2026-07-23T05:00,19.63,18.35,18.35,18.35,false,false
2026-07-23,12,5,2026-07,2026-07-23T05:30,19.9,12.68,12.68,12.68,false,false
2026-07-23,13,6,2026-07,2026-07-23T06:00,19.05,14.29,14.29,14.29,false,false
2026-07-23,14,6,2026-07,2026-07-23T06:30,19.51,14.62,14.62,14.62,false,false
2026-07-23,15,7,2026-07,2026-07-23T07:00,19.56,13.45,13.45,13.45,false,false
2026-07-23,16,7,2026-07,2026-07-23T07:30,18.98,16.89,16.89,16.89,false,false
2026-07-23,17,8,2026-07,2026-07-23T08:00,20.12,17.86,17.86,17.86,false,false
2026-07-23,18,8,2026-07,2026-07-23T08:30,20.11,13.7,13.7,13.7,false,false
2026-07-23,19,9,2026-07,2026-07-23T09:00,20.89,14.57,14.57,14.57,false,false
2026-07-23,20,9,2026-07,2026-07-23T09:30,20.85,15.54,15.54,15.54,false,false
2026-07-23,21,10,2026-07,2026-07-23T10:00,21.16,14.25,14.25,14.25,false,false
2026-07-23,22,10,2026-07,2026-07-23T10:30,20.85,16.23,16.23,16.23,false,false
2026-07-23,23,11,2026-07,2026-07-23T11:00,21.53,13.77,13.77,13.77,false,false
2026-07-23,24,11,2026-07,2026-07-23T11:30,21.18,16.46,16.46,16.46,false,false
2026-07-23,25,12,2026-07,2026-07-23T12:00,21.83,13.03,13.03,13.03,false,false
2026-07-23,26,12,2026-07,2026-07-23T12:30,22.66,17.77,17.77,17.77,false,false
2026-07-23,27,13,2026-07,2026-07-23T13:00,20.22,16.77,16.77,16.77,false,false
2026-07-23,28,13,2026-07,2026-07-23T13:30,21.57,21.79,21.79,21.79,false,false
2026-07-23,29,14,2026-07,2026-07-23T14:00,21.0,17.39,17.39,17.39,false,false
2026-07-23,30,14,2026-07,2026-07-23T14:30,21.09,22.27,22.27,22.27,false,false
2026-07-23,31,15,2026-07,2026-07-23T15:00,20.26,23.63,23.63,23.63,false,false
2026-07-23,32,15,2026-07,2026-07-23T15:30,19.47,23.31,23.31,23.31,false,false
2026-07-23,33,16,2026-07,2026-07-23T16:00,17.45,25.62,25.62,25.62,false,false
2026-07-23,34,16,2026-07,2026-07-23T16:30,15.75,25.95,25.95,25.95,false,false
2026-07-23,35,17,2026-07,2026-07-23T17:00,14.35,27.92,27.92,27.92,false,false
2026-07-23,36,17,2026-07,2026-07-23T17:30,13.7,20.22,20.22,20.22,false,false
2026-07-23,37,18,2026-07,2026-07-23T18:00,13.85,29.69,29.69,29.69,false,false
2026-07-23,38,18,2026-07,2026-07-23T18:30,14.24,24.84,24.84,24.84,false,false
2026-07-23,39,19,2026-07,2026-07-23T19:00,15.96,23.29,23.29,23.29,false,false
2026-07-23,40,19,2026-07,2026-07-23T19:30,18.39,19.83,19.83,19.83,false,false
2026-07-23,41,20,2026-07,2026-07-23T20:00,18.98,22.53,22.53,22.53,false,false
2026-07-23,42,20,2026-07,2026-07-23T20:30,19.79,19.15,19.15,19.15,false,false
2026-07-23,43,21,2026-07,2026-07-23T21:00,19.66,17.32,17.32,17.32,false,false
2026-07-23,44,21,2026-07,2026-07-23T21:30,20.52,17.49,17.49,17.49,false,false
2026-07-23,45,22,2026-07,2026-07-23T22:00,19.93,19.11,19.11,19.11,false,false
2026-07-23,46,22,2026-07,2026-07-23T22:30,19.71,18.85,18.85,18.85,false,false
2026-07-23,47,23,2026-07,2026-07-23T23:00,19.66,14.73,14.73,14.73,false,false
2026-07-23,48,23,2026-07,2026-07-23T23:30,19.88,16.85,16.85,16.85,false,false
2026-07-24,1,0,2026-07,2026-07-24T00:00,13.64,16.83,16.83,16.83,false,false
2026-07-24,2,0,2026-07,2026-07-24T00:30,13.81,16.38,16.38,16.38,false,false
2026-07-24,3,1,2026-07,2026-07-24T01:00,14.01,16.2,16.2,16.2,false,false
2026-07-24,4,1,2026-07,2026-07-24T01:30,14.55,15.1,15.1,15.1,false,false
2026-07-24,5,2,2026-07,2026-07-24T02:00,14.07,12.09,12.09,12.09,false,false
2026-07-24,6,2,2026-07,2026-07-24T02:30,14.45,17.07,17.07,17.07,false,false
2026-07-24,7,3,2026-07,2026-07-24T03:00,13.22,14.34,14.34,14.34,false,false
2026-07-24,8,3,2026-07,2026-07-24T03:30,14.71,14.94,14.94,14.94,false,false
2026-07-24,9,4,2026-07,2026-07-24T04:00,13.1,16.63,16.63,16.63,false,false
2026-07-24,10,4,2026-07,2026-07-24T04:30,14.61,13.85,13.85,13.85,false,false
2026-07-24,11,5,2026-07,2026-07-24T05:00,13.62,13.55,13.55,13.55,false,false
2026-07-24,12,5,2026-07,2026-07-24T05:30,13.62,15.62,15.62,15.62,false,false
2026-07-24,13,6,2026-07,2026-07-24T06:00,14.36,15.18,15.18,15.18,false,false
2026-07-24,14,6,2026-07,2026-07-24T06:30,13.9,15.74,15.74,15.74,false,false
2026-07-24,15,7,2026-07,2026-07-24T07:00,13.46,13.09,13.09,13.09,false,false
2026-07-24,16,7,2026-07,2026-07-24T07:30,13.48,16.27,16.27,16.27,false,false
2026-07-24,17,8,2026-07,2026-07-24T08:00,14.06,16.06,16.06,16.06,false,false
2026-07-24,18,8,2026-07,2026-07-24T08:30,13.42,13.65,13.65,13.65,false,false
2026-07-24,19,9,2026-07,2026-07-24T09:00,15.14,12.75,12.75,12.75,false,false
2026-07-24,20,9,2026-07,2026-07-24T09:30,14.18,14.42,14.42,14.42,false,false
2026-07-24,21,10,2026-07,2026-07-24T10:00,14.59,14.94,14.94,14.94,false,false
2026-07-24,22,10,2026-07,2026-07-24T10:30,14.6,16.43,16.43,16.43,false,false
2026-07-24,23,11,2026-07,2026-07-24T11:00,14.91,13.84,13.84,13.84,false,false
2026-07-24,24,11,2026-07,2026-07-24T11:30,16.48,13.86,13.86,13.86,false,false
2026-07-24,25,12,2026-07,2026-07-24T12:00,16.27,16.64,16.64,16.64,false,false
2026-07-24,26,12,2026-07,2026-07-24T12:30,16.37,14.43,14.43,14.43,false,false
2026-07-24,27,13,2026-07,2026-07-24T13:00,15.93,21.19,21.19,21.19,false,false
2026-07-24,28,13,2026-07,2026-07-24T13:30,15.05,15.8,15.8,15.8,false,false
2026-07-24,29,14,2026-07,2026-07-24T14:00,14.71,24.09,24.09,24.09,false,false
2026-07-24,30,14,2026-07,2026-07-24T14:30,14.35,21.81,21.81,21.81,false,false
2026-07-24,31,15,2026-07,2026-07-24T15:00,14.33,20.53,20.53,20.53,false,false
2026-07-24,32,15,2026-07,2026-07-24T15:30,12.4,27.05,27.05,27.05,false,false
2026-07-24,33,16,2026-07,2026-07-24T16:00,11.8,30.62,30.62,30.62,false,false
2026-07-24,34,16,2026-07,2026-07-24T16:30,8.46,34.65,34.65,34.65,true,false
2026-07-24,35,17,2026-07,2026-07-24T17:00,9.45,26.7,26.7,26.7,true,false
2026-07-24,36,17,2026-07,2026-07-24T17:30,6.93,78.17,78.17,78.17,true,false
2026-07-24,37,18,2026-07,2026-07-24T18:00,6.84,80.96,80.96,80.96,true,false
2026-07-24,38,18,2026-07,2026-07-24T18:30,8.05,43.87,43.87,43.87,true,false
2026-07-24,39,19,2026-07,2026-07-24T19:00,10.22,25.72,25.72,25.72,false,false
2026-07-24,40,19,2026-07,2026-07-24T19:30,10.49,18.56,18.56,18.56,false,false
2026-07-24,41,20,2026-07,2026-07-24T20:00,11.91,21.22,21.22,21.22,false,false
2026-07-24,42,20,2026-07,2026-07-24T20:30,13.52,19.73,19.73,19.73,false,false
2026-07-24,43,21,2026-07,2026-07-24T21:00,13.75,17.85,17.85,17.85,false,false
2026-07-24,44,21,2026-07,2026-07-24T21:30,13.91,21.21,21.21,21.21,false,false
2026-07-24,45,22,2026-07,2026-07-24T22:00,13.53,20.77,20.77,20.77,false,false
2026-07-24,46,22,2026-07,2026-07-24T22:30,14.14,16.58,16.58,16.58,false,false
2026-07-24,47,23,2026-07,2026-07-24T23:00,13.95,17.35,17.35,17.35,false,false
2026-07-24,48,23,2026-07,2026-07-24T23:30,14.12,13.49,13.49,13.49,false,false
2026-07-25,1,0,2026-07,2026-07-25T00:00,18.67,14.88,14.88,14.88,false,false
2026-07-25,2,0,2026-07,2026-07-25T00:30,18.63,13.0,13.0,13.0,false,false
2026-07-25,3,1,2026-07,2026-07-25T01:00,17.59,12.43,12.43,12.43,false,false
2026-07-25,4,1,2026-07,2026-07-25T01:30,17.98,17.85,17.85,17.85,false,false
2026-07-25,5,2,2026-07,2026-07-25T02:00,19.1,17.58,17.58,17.58,false,false
2026-07-25,6,2,2026-07,2026-07-25T02:30,18.57,15.98,15.98,15.98,false,false
2026-07-25,7,3,2026-07,2026-07-25T03:00,19.11,15.2,15.2,15.2,false,false
2026-07-25,8,3,2026-07,2026-07-25T03:30,18.48,15.28,15.28,15.28,false,false
2026-07-25,9,4,2026-07,2026-07-25T04:00,19.61,12.4,12.4,12.4,false,false
2026-07-25,10,4,2026-07,2026-07-25T04:30,18.46,13.27,13.27,13.27,false,false
2026-07-25,11,5,2026-07,2026-07-25T05:00,17.62,14.85,14.85,14.85,false,false
2026-07-25,12,5,2026-07,2026-07-25T05:30,19.48,17.38,17.38,17.38,false,false
2026-07-25,13,6,2026-07,2026-07-25T06:00,17.86,15.61,15.61,15.61,false,false
2026-07-25,14,6,2026-07,2026-07-25T06:30,18.17,16.06,16.06,16.06,false,false
2026-07-25,15,7,2026-07,2026-07-25T07:00,19.6,12.84,12.84,12.84,false,false
2026-07-25,16,7,2026-07,2026-07-25T07:30,17.88,15.81,15.81,15.81,false,false
2026-07-25,17,8,2026-07,2026-07-25T08:00,17.26,15.35,15.35,15.35,false,false
2026-07-25,18,8,2026-07,2026-07-25T08:30,18.23,16.52,16.52,16.52,false,false
2026-07-25,19,9,2026-07,2026-07-25T09:00,18.99,14.36,14.36,14.36,false,false
2026-07-25,20,9,2026-07,2026-07-25T09:30,19.83,14.15,14.15,14.15,false,false
2026-07-25,21,10,2026-07,2026-07-25T10:00,19.68,13.47,13.47,13.47,false,false
2026-07-25,22,10,2026-07,2026-07-25T10:30,19.53,14.34,14.34,14.34,false,false
2026-07-25,23,11,2026-07,2026-07-25T11:00,20.9,12.64,12.64,12.64,false,false
2026-07-25,24,11,2026-07,2026-07-25T11:30,20.56,14.36,14.36,14.36,false,false
2026-07-25,25,12,2026-07,2026-07-25T12:00,20.53,16.48,16.48,16.48,false,false
2026-07-25,26,12,2026-07,2026-07-25T12:30,21.02,15.8,15.8,15.8,false,false
2026-07-25,27,13,2026-07,2026-07-25T13:00,19.8,18.24,18.24,18.24,false,false
2026-07-25,28,13,2026-07,2026-07-25T13:30,19.03,20.39,20.39,20.39,false,false
2026-07-25,29,14,2026-07,2026-07-25T14:00,18.33,19.07,19.07,19.07,false,false
2026-07-25,30,14,2026-07,2026-07-25T14:30,19.45,19.2,19.2,19.2,false,false
2026-07-25,31,15,2026-07,2026-07-25T15:00,18.28,25.42,25.42,25.42,false,false
2026-07-25,32,15,2026-07,2026-07-25T15:30,17.21,26.74,26.74,26.74,false,false
2026-07-25,33,16,2026-07,2026-07-25T16:00,16.36,31.29,31.29,31.29,false,false
2026-07-25,34,16,2026-07,2026-07-25T16:30,15.27,22.98,22.98,22.98,false,false
2026-07-25,35,17,2026-07,2026-07-25T17:00,13.69,25.42,25.42,25.42,false,false
2026-07-25,36,17,2026-07,2026-07-25T17:30,10.53,29.24,29.24,29.24,false,false
2026-07-25,37,18,2026-07,2026-07-25T18:00,13.32,25.54,25.54,25.54,false,false
2026-07-25,38,18,2026-07,2026-07-25T18:30,14.91,21.19,21.19,21.19,false,false
2026-07-25,39,19,2026-07,2026-07-25T19:00,15.58,25.34,25.34,25.34,false,false
2026-07-25,40,19,2026-07,2026-07-25T19:30,16.42,18.88,18.88,18.88,false,false
2026-07-25,41,20,2026-07,2026-07-25T20:00,15.85,22.87,22.87,22.87,false,false
2026-07-25,42,20,2026-07,2026-07-25T20:30,17.6,21.15,21.15,21.15,false,false
2026-07-25,43,21,2026-07,2026-07-25T21:00,18.64,23.21,23.21,23.21,false,false
2026-07-25,44,21,2026-07,2026-07-25T21:30,19.66,17.74,17.74,17.74,false,false
2026-07-25,45,22,2026-07,2026-07-25T22:00,18.18,14.47,14.47,14.47,false,false
2026-07-25,46,22,2026-07,2026-07-25T22:30,18.9,16.88,16.88,16.88,false,false
2026-07-25,47,23,2026-07,2026-07-25T23:00,18.11,15.62,15.62,15.62,false,false
2026-07-25,48,23,2026-07,2026-07-25T23:30,19.09,14.21,14.21,14.21,false,false
2026-07-26,1,0,2026-07,2026-07-26T00:00,16.9,11.66,11.66,11.66,false,false
2026-07-26,2,0,2026-07,2026-07-26T00:30,17.8,15.79,15.79,15.79,false,false
2026-07-26,3,1,2026-07,2026-07-26T01:00,17.36,15.26,15.26,15.26,false,false
2026-07-26,4,1,2026-07,2026-07-26T01:30,16.8,13.62,13.62,13.62,false,false
2026-07-26,5,2,2026-07,2026-07-26T02:00,16.38,11.65,11.65,11.65,false,false
2026-07-26,6,2,2026-07,2026-07-26T02:30,18.28,13.86,13.86,13.86,false,false
2026-07-26,7,3,2026-07,2026-07-26T03:00,16.15,14.58,14.58,14.58,false,false
2026-07-26,8,3,2026-07,2026-07-26T03:30,16.83,12.7,12.7,12.7,false,false
2026-07-26,9,4,2026-07,2026-07-26T04:00,17.24,14.47,14.47,14.47,false,false
2026-07-26,10,4,2026-07,2026-07-26T04:30,16.39,13.63,13.63,13.63,false,false
2026-07-26,11,5,2026-07,2026-07-26T05:00,17.26,14.86,14.86,14.86,false,false
2026-07-26,12,5,2026-07,2026-07-26T05:30,17.33,11.74,11.74,11.74,false,false
2026-07-26,13,6,2026-07,2026-07-26T06:00,16.65,13.87,13.87,13.87,false,false
2026-07-26,14,6,2026-07,2026-07-26T06:30,18.13,10.99,10.99,10.99,false,false
2026-07-26,15,7,2026-07,2026-07-26T07:00,17.91,14.72,14.72,14.72,false,false
2026-07-26,16,7,2026-07,2026-07-26T07:30,18.24,13.29,13.29,13.29,false,false
2026-07-26,17,8,2026-07,2026-07-26T08:00,15.93,15.84,15.84,15.84,false,false
2026-07-26,18,8,2026-07,2026-07-26T08:30,17.01,13.07,13.07,13.07,false,false
2026-07-26,19,9,2026-07,2026-07-26T09:00,16.82,15.77,15.77,15.77,false,false
2026-07-26,20,9,2026-07,2026-07-26T09:30,18.39,13.4,13.4,13.4,false,false
2026-07-26,21,10,2026-07,2026-07-26T10:00,17.01,13.63,13.63,13.63,false,false
2026-07-26,22,10,2026-07,2026-07-26T10:30,18.99,13.15,13.15,13.15,false,false
2026-07-26,23,11,2026-07,2026-07-26T11:00,17.87,11.83,11.83,11.83,false,false
2026-07-26,24,11,2026-07,2026-07-26T11:30,18.87,12.6,12.6,12.6,false,false
2026-07-26,25,12,2026-07,2026-07-26T12:00,18.9,16.2,16.2,16.2,false,false
2026-07-26,26,12,2026-07,2026-07-26T12:30,19.56,17.47,17.47,17.47,false,false
2026-07-26,27,13,2026-07,2026-07-26T13:00,18.32,16.15,16.15,16.15,false,false
2026-07-26,28,13,2026-07,2026-07-26T13:30,18.62,18.47,18.47,18.47,false,false
2026-07-26,29,14,2026-07,2026-07-26T14:00,17.93,16.52,16.52,16.52,false,false
2026-07-26,30,14,2026-07,2026-07-26T14:30,17.43,18.26,18.26,18.26,false,false
2026-07-26,31,15,2026-07,2026-07-26T15:00,18.0,16.87,16.87,16.87,false,false
2026-07-26,32,15,2026-07,2026-07-26T15:30,15.07,25.54,25.54,25.54,false,false
2026-07-26,33,16,2026-07,2026-07-26T16:00,14.72,22.75,22.75,22.75,false,false
2026-07-26,34,16,2026-07,2026-07-26T16:30,13.62,21.9,21.9,21.9,false,false
2026-07-26,35,17,2026-07,2026-07-26T17:00,13.95,20.99,20.99,20.99,false,false
2026-07-26,36,17,2026-07,2026-07-26T17:30,12.44,25.85,25.85,25.85,false,false
2026-07-26,37,18,2026-07,2026-07-26T18:00,12.62,23.75,23.75,23.75,false,false
2026-07-26,38,18,2026-07,2026-07-26T18:30,12.43,24.96,24.96,24.96,false,false
2026-07-26,39,19,2026-07,2026-07-26T19:00,15.31,19.13,19.13,19.13,false,false
2026-07-26,40,19,2026-07,2026-07-26T19:30,13.47,20.52,20.52,20.52,false,false
2026-07-26,41,20,2026-07,2026-07-26T20:00,15.26,20.89,20.89,20.89,false,false
2026-07-26,42,20,2026-07,2026-07-26T20:30,16.26,17.09,17.09,17.09,false,false
2026-07-26,43,21,2026-07,2026-07-26T21:00,17.72,19.03,19.03,19.03,false,false
2026-07-26,44,21,2026-07,2026-07-26T21:30,16.77,15.97,15.97,15.97,false,false
2026-07-26,45,22,2026-07,2026-07-26T22:00,16.91,13.48,13.48,13.48,false,false
2026-07-26,46,22,2026-07,2026-07-26T22:30,16.75,18.75,18.75,18.75,false,false
2026-07-26,47,23,2026-07,2026-07-26T23:00,17.12,17.15,17.15,17.15,false,false
2026-07-26,48,23,2026-07,2026-07-26T23:30,16.49,13.39,13.39,13.39,false,false
2026-07-27,1,0,2026-07,2026-07-27T00:00,20.72,15.92,15.92,15.92,false,false
2026-07-27,2,0,2026-07,2026-07-27T00:30,19.73,17.3,17.3,17.3,false,false
2026-07-27,3,1,2026-07,2026-07-27T01:00,19.32,19.14,19.14,19.14,false,false
2026-07-27,4,1,2026-07,2026-07-27T01:30,20.39,19.31,19.31,19.31,false,false
2026-07-27,5,2,2026-07,2026-07-27T02:00,20.36,20.02,20.02,20.02,false,false
2026-07-27,6,2,2026-07,2026-07-27T02:30,20.66,19.91,19.91,19.91,false,false
2026-07-27,7,3,2026-07,2026-07-27T03:00,19.34,14.55,14.55,14.55,false,false
2026-07-27,8,3,2026-07,2026-07-27T03:30,20.66,15.01,15.01,15.01,false,false
2026-07-27,9,4,2026-07,2026-07-27T04:00,19.27,18.31,18.31,18.31,false,false
2026-07-27,10,4,2026-07,2026-07-27T04:30,20.49,17.01,17.01,17.01,false,false
2026-07-27,11,5,2026-07,2026-07-27T05:00,20.0,14.84,14.84,14.84,false,false
2026-07-27,12,5,2026-07,2026-07-27T05:30,20.02,17.16,17.16,17.16,false,false
2026-07-27,13,6,2026-07,2026-07-27T06:00,19.17,13.77,13.77,13.77,false,false
2026-07-27,14,6,2026-07,2026-07-27T06:30,20.15,14.76,14.76,14.76,false,false
2026-07-27,15,7,2026-07,2026-07-27T07:00,20.47,15.57,15.57,15.57,false,false
2026-07-27,16,7,2026-07,2026-07-27T07:30,20.26,16.81,16.81,16.81,false,false
2026-07-27,17,8,2026-07,2026-07-27T08:00,20.39,15.23,15.23,15.23,false,false
2026-07-27,18,8,2026-07,2026-07-27T08:30,21.81,16.88,16.88,16.88,false,false
2026-07-27,19,9,2026-07,2026-07-27T09:00,19.8,19.31,19.31,19.31,false,false
2026-07-27,20,9,2026-07,2026-07-27T09:30,21.14,14.51,14.51,14.51,false,false
2026-07-27,21,10,2026-07,2026-07-27T10:00,19.77,18.07,18.07,18.07,false,false
2026-07-27,22,10,2026-07,2026-07-27T10:30,21.27,16.79,16.79,16.79,false,false
2026-07-27,23,11,2026-07,2026-07-27T11:00,22.02,18.39,18.39,18.39,false,false
2026-07-27,24,11,2026-07,2026-07-27T11:30,21.93,17.93,17.93,17.93,false,false
2026-07-27,25,12,2026-07,2026-07-27T12:00,21.79,17.27,17.27,17.27,false,false
2026-07-27,26,12,2026-07,2026-07-27T12:30,22.14,19.4,19.4,19.4,false,false
2026-07-27,27,13,2026-07,2026-07-27T13:00,22.96,21.4,21.4,21.4,false,false
2026-07-27,28,13,2026-07,2026-07-27T13:30,22.03,19.86,19.86,19.86,false,false
2026-07-27,29,14,2026-07,2026-07-27T14:00,21.31,24.45,24.45,24.45,false,false
2026-07-27,30,14,2026-07,2026-07-27T14:30,20.99,22.44,22.44,22.44,false,false
2026-07-27,31,15,2026-07,2026-07-27T15:00,19.76,23.06,23.06,23.06,false,false
2026-07-27,32,15,2026-07,2026-07-27T15:30,18.71,23.86,23.86,23.86,false,false
2026-07-27,33,16,2026-07,2026-07-27T16:00,18.44,26.37,26.37,26.37,false,false
2026-07-27,34,16,2026-07,2026-07-27T16:30,16.71,21.57,21.57,21.57,false,false
2026-07-27,35,17,2026-07,2026-07-27T17:00,15.86,31.55,31.55,31.55,false,false
2026-07-27,36,17,2026-07,2026-07-27T17:30,14.61,26.19,26.19,26.19,false,false
2026-07-27,37,18,2026-07,2026-07-27T18:00,14.91,30.29,30.29,30.29,false,false
2026-07-27,38,18,2026-07,2026-07-27T18:30,15.19,23.05,23.05,23.05,false,false
2026-07-27,39,19,2026-07,2026-07-27T19:00,16.76,25.59,25.59,25.59,false,false
2026-07-27,40,19,2026-07,2026-07-27T19:30,17.26,22.68,22.68,22.68,false,false
2026-07-27,41,20,2026-07,2026-07-27T20:00,18.43,23.32,23.32,23.32,false,false
2026-07-27,42,20,2026-07,2026-07-27T20:30,20.34,19.04,19.04,19.04,false,false
2026-07-27,43,21,2026-07,2026-07-27T21:00,19.89,18.14,18.14,18.14,false,false
2026-07-27,44,21,2026-07,2026-07-27T21:30,20.23,17.41,17.41,17.41,false,false
2026-07-27,45,22,2026-07,2026-07-27T22:00,20.84,17.54,17.54,17.54,false,false
2026-07-27,46,22,2026-07,2026-07-27T22:30,20.46,17.5,17.5,17.5,false,false
2026-07-27,47,23,2026-07,2026-07-27T23:00,20.23,18.68,18.68,18.68,false,false
2026-07-27,48,23,2026-07,2026-07-27T23:30,18.72,17.02,17.02,17.02,false,false
2026-07-28,1,0,2026-07,2026-07-28T00:00,13.75,17.38,17.38,17.38,false,false
2026-07-28,2,0,2026-07,2026-07-28T00:30,14.67,16.6,16.6,16.6,false,false
2026-07-28,3,1,2026-07,2026-07-28T01:00,14.39,20.43,20.43,20.43,false,false
2026-07-28,4,1,2026-07,2026-07-28T01:30,15.19,17.88,17.88,17.88,false,false
2026-07-28,5,2,2026-07,2026-07-28T02:00,15.01,17.25,17.25,17.25,false,false
2026-07-28,6,2,2026-07,2026-07-28T02:30,15.23,17.69,17.69,17.69,false,false
2026-07-28,7,3,2026-07,2026-07-28T03:00,13.64,15.97,15.97,15.97,false,false
2026-07-28,8,3,2026-07,2026-07-28T03:30,14.02,16.38,16.38,16.38,false,false
2026-07-28,9,4,2026-07,2026-07-28T04:00,14.92,19.68,19.68,19.68,false,false
2026-07-28,10,4,2026-07,2026-07-28T04:30,14.16,16.28,16.28,16.28,false,false
2026-07-28,11,5,2026-07,2026-07-28T05:00,13.85,22.38,22.38,22.38,false,false
2026-07-28,12,5,2026-07,2026-07-28T05:30,14.96,16.88,16.88,16.88,false,false
2026-07-28,13,6,2026-07,2026-07-28T06:00,14.88,16.56,16.56,16.56,false,false
2026-07-28,14,6,2026-07,2026-07-28T06:30,14.07,16.18,16.18,16.18,false,false
2026-07-28,15,7,2026-07,2026-07-28T07:00,13.57,19.6,19.6,19.6,false,false
2026-07-28,16,7,2026-07,2026-07-28T07:30,14.65,19.24,19.24,19.24,false,false
2026-07-28,17,8,2026-07,2026-07-28T08:00,14.57,19.67,19.67,19.67,false,false
2026-07-28,18,8,2026-07,2026-07-28T08:30,13.96,23.08,23.08,23.08,false,false
2026-07-28,19,9,2026-07,2026-07-28T09:00,14.96,18.6,18.6,18.6,false,false
2026-07-28,20,9,2026-07,2026-07-28T09:30,14.76,19.7,19.7,19.7,false,false
2026-07-28,21,10,2026-07,2026-07-28T10:00,14.62,17.34,17.34,17.34,false,false
2026-07-28,22,10,2026-07,2026-07-28T10:30,15.11,21.2,21.2,21.2,false,false
2026-07-28,23,11,2026-07,2026-07-28T11:00,15.0,17.17,17.17,17.17,false,false
2026-07-28,24,11,2026-07,2026-07-28T11:30,16.28,20.83,20.83,20.83,false,false
2026-07-28,25,12,2026-07,2026-07-28T12:00,16.02,21.17,21.17,21.17,false,false
2026-07-28,26,12,2026-07,2026-07-28T12:30,16.2,19.25,19.25,19.25,false,false
2026-07-28,27,13,2026-07,2026-07-28T13:00,15.77,26.34,26.34,26.34,false,false
2026-07-28,28,13,2026-07,2026-07-28T13:30,15.72,21.64,21.64,21.64,false,false
2026-07-28,29,14,2026-07,2026-07-28T14:00,15.48,23.13,23.13,23.13,false,false
2026-07-28,30,14,2026-07,2026-07-28T14:30,15.35,26.34,26.34,26.34,false,false
2026-07-28,31,15,2026-07,2026-07-28T15:00,15.41,29.59,29.59,29.59,false,false
2026-07-28,32,15,2026-07,2026-07-28T15:30,13.5,28.75,28.75,28.75,false,false
2026-07-28,33,16,2026-07,2026-07-28T16:00,12.36,28.82,28.82,28.82,false,false
2026-07-28,34,16,2026-07,2026-07-28T16:30,11.63,27.7,27.7,27.7,false,false
2026-07-28,35,17,2026-07,2026-07-28T17:00,9.87,27.56,27.56,27.56,true,false
2026-07-28,36,17,2026-07,2026-07-28T17:30,8.28,38.7,38.7,38.7,true,false
2026-07-28,37,18,2026-07,2026-07-28T18:00,7.75,52.75,52.75,52.75,true,false
2026-07-28,38,18,2026-07,2026-07-28T18:30,9.99,24.21,24.21,24.21,true,false
2026-07-28,39,19,2026-07,2026-07-28T19:00,11.12,29.62,29.62,29.62,false,false
2026-07-28,40,19,2026-07,2026-07-28T19:30,11.09,31.0,31.0,31.0,false,false
2026-07-28,41,20,2026-07,2026-07-28T20:00,12.92,31.43,31.43,31.43,false,false
2026-07-28,42,20,2026-07,2026-07-28T20:30,14.17,28.38,28.38,28.38,false,false
2026-07-28,43,21,2026-07,2026-07-28T21:00,14.7,23.39,23.39,23.39,false,false
2026-07-28,44,21,2026-07,2026-07-28T21:30,14.19,25.52,25.52,25.52,false,false
2026-07-28,45,22,2026-07,2026-07-28T22:00,14.56,23.73,23.73,23.73,false,false
2026-07-28,46,22,2026-07,2026-07-28T22:30,15.37,17.52,17.52,17.52,false,false
2026-07-28,47,23,2026-07,2026-07-28T23:00,14.51,22.67,22.67,22.67,false,false
2026-07-28,48,23,2026-07,2026-07-28T23:30,13.3,18.9,18.9,18.9,false,false
2026-07-29,1,0,2026-07,2026-07-29T00:00,14.66,20.89,20.89,20.89,false,false
2026-07-29,2,0,2026-07,2026-07-29T00:30,15.01,16.09,16.09,16.09,false,false
2026-07-29,3,1,2026-07,2026-07-29T01:00,13.47,16.71,16.71,16.71,false,false
2026-07-29,4,1,2026-07,2026-07-29T01:30,14.88,15.71,15.71,15.71,false,false
2026-07-29,5,2,2026-07,2026-07-29T02:00,14.82,16.77,16.77,16.77,false,false
2026-07-29,6,2,2026-07,2026-07-29T02:30,15.96,15.85,15.85,15.85,false,false
2026-07-29,7,3,2026-07,2026-07-29T03:00,14.99,15.67,15.67,15.67,false,false
2026-07-29,8,3,2026-07,2026-07-29T03:30,14.42,19.67,19.67,19.67,false,false
2026-07-29,9,4,2026-07,2026-07-29T04:00,14.81,16.73,16.73,16.73,false,false
2026-07-29,10,4,2026-07,2026-07-29T04:30,14.44,19.64,19.64,19.64,false,false
2026-07-29,11,5,2026-07,2026-07-29T05:00,15.09,15.97,15.97,15.97,false,false
2026-07-29,12,5,2026-07,2026-07-29T05:30,14.58,19.25,19.25,19.25,false,false
2026-07-29,13,6,2026-07,2026-07-29T06:00,14.88,19.67,19.67,19.67,false,false
2026-07-29,14,6,2026-07,2026-07-29T06:30,15.27,18.93,18.93,18.93,false,false
2026-07-29,15,7,2026-07,2026-07-29T07:00,14.74,14.81,14.81,14.81,false,false
2026-07-29,16,7,2026-07,2026-07-29T07:30,14.6,13.19,13.19,13.19,false,false
2026-07-29,17,8,2026-07,2026-07-29T08:00,13.39,17.19,17.19,17.19,false,false
2026-07-29,18,8,2026-07,2026-07-29T08:30,15.3,19.91,19.91,19.91,false,false
2026-07-29,19,9,2026-07,2026-07-29T09:00,14.59,19.27,19.27,19.27,false,false
2026-07-29,20,9,2026-07,2026-07-29T09:30,14.47,16.55,16.55,16.55,false,false
2026-07-29,21,10,2026-07,2026-07-29T10:00,15.3,14.67,14.67,14.67,false,false
2026-07-29,22,10,2026-07,2026-07-29T10:30,16.15,16.02,16.02,16.02,false,false
2026-07-29,23,11,2026-07,2026-07-29T11:00,15.72,20.5,20.5,20.5,false,false
2026-07-29,24,11,2026-07,2026-07-29T11:30,17.09,21.38,21.38,21.38,false,false
2026-07-29,25,12,2026-07,2026-07-29T12:00,15.38,16.79,16.79,16.79,false,false
2026-07-29,26,12,2026-07,2026-07-29T12:30,16.59,22.51,22.51,22.51,false,false
2026-07-29,27,13,2026-07,2026-07-29T13:00,17.28,18.87,18.87,18.87,false,false
2026-07-29,28,13,2026-07,2026-07-29T13:30,16.94,23.05,23.05,23.05,false,false
2026-07-29,29,14,2026-07,2026-07-29T14:00,16.03,28.42,28.42,28.42,false,false
2026-07-29,30,14,2026-07,2026-07-29T14:30,16.53,24.72,24.72,24.72,false,false
2026-07-29,31,15,2026-07,2026-07-29T15:00,13.72,24.22,24.22,24.22,false,false
2026-07-29,32,15,2026-07,2026-07-29T15:30,12.56,34.32,34.32,34.32,false,false
2026-07-29,33,16,2026-07,2026-07-29T16:00,12.66,32.43,32.43,32.43,false,false
2026-07-29,34,16,2026-07,2026-07-29T16:30,10.41,29.17,29.17,29.17,false,false
2026-07-29,35,17,2026-07,2026-07-29T17:00,9.59,34.02,34.02,34.02,true,false
2026-07-29,36,17,2026-07,2026-07-29T17:30,9.25,34.33,34.33,34.33,true,false
2026-07-29,37,18,2026-07,2026-07-29T18:00,8.72,28.8,28.8,28.8,true,false
2026-07-29,38,18,2026-07,2026-07-29T18:30,10.17,31.21,31.21,31.21,false,false
2026-07-29,39,19,2026-07,2026-07-29T19:00,12.49,29.8,29.8,29.8,false,false
2026-07-29,40,19,2026-07,2026-07-29T19:30,12.03,29.72,29.72,29.72,false,false
2026-07-29,41,20,2026-07,2026-07-29T20:00,12.74,26.9,26.9,26.9,false,false
2026-07-29,42,20,2026-07,2026-07-29T20:30,15.33,21.85,21.85,21.85,false,false
2026-07-29,43,21,2026-07,2026-07-29T21:00,14.99,20.93,20.93,20.93,false,false
2026-07-29,44,21,2026-07,2026-07-29T21:30,14.85,18.25,18.25,18.25,false,false
2026-07-29,45,22,2026-07,2026-07-29T22:00,14.87,22.94,22.94,22.94,false,false
2026-07-29,46,22,2026-07,2026-07-29T22:30,14.05,20.74,20.74,20.74,false,false
2026-07-29,47,23,2026-07,2026-07-29T23:00,14.22,17.99,17.99,17.99,false,false
2026-07-29,48,23,2026-07,2026-07-29T23:30,14.73,20.74,20.74,20.74,false,false
2026-07-30,1,0,2026-07,2026-07-30T00:00,15.81,23.99,23.99,23.99,false,false
2026-07-30,2,0,2026-07,2026-07-30T00:30,15.75,20.02,20.02,20.02,false,false
2026-07-30,3,1,2026-07,2026-07-30T01:00,14.72,23.3,23.3,23.3,false,false
2026-07-30,4,1,2026-07,2026-07-30T01:30,15.22,23.39,23.39,23.39,false,false
2026-07-30,5,2,2026-07,2026-07-30T02:00,14.13,21.81,21.81,21.81,false,false
2026-07-30,6,2,2026-07,2026-07-30T02:30,15.64,18.86,18.86,18.86,false,false
2026-07-30,7,3,2026-07,2026-07-30T03:00,13.9,20.68,20.68,20.68,false,false
2026-07-30,8,3,2026-07,2026-07-30T03:30,15.02,21.41,21.41,21.41,false,false
2026-07-30,9,4,2026-07,2026-07-30T04:00,15.64,25.67,25.67,25.67,false,false
2026-07-30,10,4,2026-07,2026-07-30T04:30,13.27,16.63,16.63,16.63,false,false
2026-07-30,11,5,2026-07,2026-07-30T05:00,15.07,18.04,18.04,18.04,false,false
2026-07-30,12,5,2026-07,2026-07-30T05:30,16.63,19.29,19.29,19.29,false,false
2026-07-30,13,6,2026-07,2026-07-30T06:00,15.52,19.7,19.7,19.7,false,false
2026-07-30,14,6,2026-07,2026-07-30T06:30,15.11,19.09,19.09,19.09,false,false
2026-07-30,15,7,2026-07,2026-07-30T07:00,15.86,17.77,17.77,17.77,false,false
2026-07-30,16,7,2026-07,2026-07-30T07:30,14.79,22.99,22.99,22.99,false,false
2026-07-30,17,8,2026-07,2026-07-30T08:00,15.53,23.9,23.9,23.9,false,false
2026-07-30,18,8,2026-07,2026-07-30T08:30,14.63,24.75,24.75,24.75,false,false
2026-07-30,19,9,2026-07,2026-07-30T09:00,15.52,24.35,24.35,24.35,false,false
2026-07-30,20,9,2026-07,2026-07-30T09:30,14.7,20.35,20.35,20.35,false,false
2026-07-30,21,10,2026-07,2026-07-30T10:00,16.07,25.9,25.9,25.9,false,false
2026-07-30,22,10,2026-07,2026-07-30T10:30,15.23,19.62,19.62,19.62,false,false
2026-07-30,23,11,2026-07,2026-07-30T11:00,16.33,27.48,27.48,27.48,false,false
2026-07-30,24,11,2026-07,2026-07-30T11:30,15.82,25.05,25.05,25.05,false,false
2026-07-30,25,12,2026-07,2026-07-30T12:00,17.62,26.22,26.22,26.22,false,false
2026-07-30,26,12,2026-07,2026-07-30T12:30,17.58,22.74,22.74,22.74,false,false
2026-07-30,27,13,2026-07,2026-07-30T13:00,16.56,26.82,26.82,26.82,false,false
2026-07-30,28,13,2026-07,2026-07-30T13:30,16.98,33.39,33.39,33.39,false,false
2026-07-30,29,14,2026-07,2026-07-30T14:00,15.59,35.09,35.09,35.09,false,false
2026-07-30,30,14,2026-07,2026-07-30T14:30,15.48,36.67,36.67,36.67,false,false
2026-07-30,31,15,2026-07,2026-07-30T15:00,15.05,39.53,39.53,39.53,false,false
2026-07-30,32,15,2026-07,2026-07-30T15:30,14.18,33.85,33.85,33.85,false,false
2026-07-30,33,16,2026-07,2026-07-30T16:00,11.8,40.41,40.41,40.41,false,false
2026-07-30,34,16,2026-07,2026-07-30T16:30,10.17,47.17,47.17,47.17,false,false
2026-07-30,35,17,2026-07,2026-07-30T17:00,8.75,40.92,40.92,40.92,true,false
2026-07-30,36,17,2026-07,2026-07-30T17:30,8.03,44.33,44.33,44.33,true,false
2026-07-30,37,18,2026-07,2026-07-30T18:00,7.33,65.77,65.77,65.77,true,false
2026-07-30,38,18,2026-07,2026-07-30T18:30,9.7,39.1,39.1,39.1,true,false
2026-07-30,39,19,2026-07,2026-07-30T19:00,11.14,31.03,31.03,31.03,false,false
2026-07-30,40,19,2026-07,2026-07-30T19:30,12.02,36.87,36.87,36.87,false,false
2026-07-30,41,20,2026-07,2026-07-30T20:00,12.93,36.06,36.06,36.06,false,false
2026-07-30,42,20,2026-07,2026-07-30T20:30,15.01,24.01,24.01,24.01,false,false
2026-07-30,43,21,2026-07,2026-07-30T21:00,15.15,22.68,22.68,22.68,false,false
2026-07-30,44,21,2026-07,2026-07-30T21:30,15.34,24.38,24.38,24.38,false,false
2026-07-30,45,22,2026-07,2026-07-30T22:00,14.36,24.38,24.38,24.38,false,false
2026-07-30,46,22,2026-07,2026-07-30T22:30,14.98,23.18,23.18,23.18,false,false
2026-07-30,47,23,2026-07,2026-07-30T23:00,14.17,29.37,29.37,29.37,false,false
2026-07-30,48,23,2026-07,2026-07-30T23:30,14.47,23.98,23.98,23.98,false,false
2026-07-31,1,0,2026-07,2026-07-31T00:00,18.34,26.61,26.61,26.61,false,false
2026-07-31,2,0,2026-07,2026-07-31T00:30,17.91,25.34,25.34,25.34,false,false
2026-07-31,3,1,2026-07,2026-07-31T01:00,18.33,19.24,19.24,19.24,false,false
2026-07-31,4,1,2026-07,2026-07-31T01:30,17.22,28.55,28.55,28.55,false,false
2026-07-31,5,2,2026-07,2026-07-31T02:00,17.75,24.38,24.38,24.38,false,false
2026-07-31,6,2,2026-07,2026-07-31T02:30,16.89,25.74,25.74,25.74,false,false
2026-07-31,7,3,2026-07,2026-07-31T03:00,17.56,22.65,22.65,22.65,false,false
2026-07-31,8,3,2026-07,2026-07-31T03:30,17.83,25.06,25.06,25.06,false,false
2026-07-31,9,4,2026-07,2026-07-31T04:00,16.34,24.17,24.17,24.17,false,false
2026-07-31,10,4,2026-07,2026-07-31T04:30,17.07,24.24,24.24,24.24,false,false
2026-07-31,11,5,2026-07,2026-07-31T05:00,16.88,23.02,23.02,23.02,false,false
2026-07-31,12,5,2026-07,2026-07-31T05:30,18.32,22.1,22.1,22.1,false,false
2026-07-31,13,6,2026-07,2026-07-31T06:00,17.51,22.21,22.21,22.21,false,false
2026-07-31,14,6,2026-07,2026-07-31T06:30,17.06,20.78,20.78,20.78,false,false
2026-07-31,15,7,2026-07,2026-07-31T07:00,16.89,24.02,24.02,24.02,false,false
2026-07-31,16,7,2026-07,2026-07-31T07:30,17.25,20.96,20.96,20.96,false,false
2026-07-31,17,8,2026-07,2026-07-31T08:00,17.03,21.47,21.47,21.47,false,false
2026-07-31,18,8,2026-07,2026-07-31T08:30,17.85,27.73,27.73,27.73,false,false
2026-07-31,19,9,2026-07,2026-07-31T09:00,19.48,23.35,23.35,23.35,false,false
2026-07-31,20,9,2026-07,2026-07-31T09:30,18.18,18.91,18.91,18.91,false,false
2026-07-31,21,10,2026-07,2026-07-31T10:00,19.7,21.03,21.03,21.03,false,false
2026-07-31,22,10,2026-07,2026-07-31T10:30,18.66,29.55,29.55,29.55,false,false
2026-07-31,23,11,2026-07,2026-07-31T11:00,19.68,24.1,24.1,24.1,false,false
2026-07-31,24,11,2026-07,2026-07-31T11:30,20.02,23.21,23.21,23.21,false,false
2026-07-31,25,12,2026-07,2026-07-31T12:00,18.78,26.12,26.12,26.12,false,false
2026-07-31,26,12,2026-07,2026-07-31T12:30,20.3,32.99,32.99,32.99,false,false
2026-07-31,27,13,2026-07,2026-07-31T13:00,19.1,26.98,26.98,26.98,false,false
2026-07-31,28,13,2026-07,2026-07-31T13:30,19.34,31.72,31.72,31.72,false,false
2026-07-31,29,14,2026-07,2026-07-31T14:00,17.76,35.43,35.43,35.43,false,false
2026-07-31,30,14,2026-07,2026-07-31T14:30,18.5,32.16,32.16,32.16,false,false
2026-07-31,31,15,2026-07,2026-07-31T15:00,18.62,34.89,34.89,34.89,false,false
2026-07-31,32,15,2026-07,2026-07-31T15:30,16.36,35.63,35.63,35.63,false,false
2026-07-31,33,16,2026-07,2026-07-31T16:00,15.15,35.2,35.2,35.2,false,false
2026-07-31,34,16,2026-07,2026-07-31T16:30,13.73,43.79,43.79,43.79,false,false
2026-07-31,35,17,2026-07,2026-07-31T17:00,11.85,35.85,35.85,35.85,false,false
2026-07-31,36,17,2026-07,2026-07-31T17:30,11.02,39.83,39.83,39.83,false,false
2026-07-31,37,18,2026-07,2026-07-31T18:00,10.37,41.78,41.78,41.78,false,false
2026-07-31,38,18,2026-07,2026-07-31T18:30,12.43,40.47,40.47,40.47,false,false
2026-07-31,39,19,2026-07,2026-07-31T19:00,12.13,34.77,34.77,34.77,false,false
2026-07-31,40,19,2026-07,2026-07-31T19:30,14.68,38.34,38.34,38.34,false,false
2026-07-31,41,20,2026-07,2026-07-31T20:00,16.2,35.58,35.58,35.58,false,false
2026-07-31,42,20,2026-07,2026-07-31T20:30,17.1,26.83,26.83,26.83,false,false
2026-07-31,43,21,2026-07,2026-07-31T21:00,18.32,31.59,31.59,31.59,false,false
2026-07-31,44,21,2026-07,2026-07-31T21:30,17.46,30.68,30.68,30.68,false,false
2026-07-31,45,22,2026-07,2026-07-31T22:00,18.09,28.44,28.44,28.44,false,false
2026-07-31,46,22,2026-07,2026-07-31T22:30,17.12,26.37,26.37,26.37,false,false
2026-07-31,47,23,2026-07,2026-07-31T23:00,17.29,26.17,26.17,26.17,false,false
2026-07-31,48,23,2026-07,2026-07-31T23:30,18.01,24.87,24.87,24.87,false,false
2026-08-01,1,0,2026-08,2026-08-01T00:00,18.28,17.46,17.46,17.46,false,false
2026-08-01,2,0,2026-08,2026-08-01T00:30,17.99,19.08,19.08,19.08,false,false
2026-08-01,3,1,2026-08,2026-08-01T01:00,18.16,14.08,14.08,14.08,false,false
2026-08-01,4,1,2026-08,2026-08-01T01:30,18.56,17.44,17.44,17.44,false,false
2026-08-01,5,2,2026-08,2026-08-01T02:00,19.31,14.75,14.75,14.75,false,false
2026-08-01,6,2,2026-08,2026-08-01T02:30,18.69,22.24,22.24,22.24,false,false
2026-08-01,7,3,2026-08,2026-08-01T03:00,18.16,19.38,19.38,19.38,false,false
2026-08-01,8,3,2026-08,2026-08-01T03:30,18.24,19.07,19.07,19.07,false,false
2026-08-01,9,4,2026-08,2026-08-01T04:00,17.91,18.96,18.96,18.96,false,false
2026-08-01,10,4,2026-08,2026-08-01T04:30,18.75,18.34,18.34,18.34,false,false
2026-08-01,11,5,2026-08,2026-08-01T05:00,17.29,16.98,16.98,16.98,false,false
2026-08-01,12,5,2026-08,2026-08-01T05:30,18.36,16.62,16.62,16.62,false,false
2026-08-01,13,6,2026-08,2026-08-01T06:00,18.02,16.24,16.24,16.24,false,false
2026-08-01,14,6,2026-08,2026-08-01T06:30,18.19,20.34,20.34,20.34,false,false
2026-08-01,15,7,2026-08,2026-08-01T07:00,17.99,16.29,16.29,16.29,false,false
2026-08-01,16,7,2026-08,2026-08-01T07:30,19.21,15.06,15.06,15.06,false,false
2026-08-01,17,8,2026-08,2026-08-01T08:00,18.26,14.2,14.2,14.2,false,false
2026-08-01,18,8,2026-08,2026-08-01T08:30,18.81,15.04,15.04,15.04,false,false
2026-08-01,19,9,2026-08,2026-08-01T09:00,18.26,20.65,20.65,20.65,false,false
2026-08-01,20,9,2026-08,2026-08-01T09:30,18.68,16.87,16.87,16.87,false,false
2026-08-01,21,10,2026-08,2026-08-01T10:00,19.1,19.09,19.09,19.09,false,false
2026-08-01,22,10,2026-08,2026-08-01T10:30,19.85,20.64,20.64,20.64,false,false
2026-08-01,23,11,2026-08,2026-08-01T11:00,20.2,18.06,18.06,18.06,false,false
2026-08-01,24,11,2026-08,2026-08-01T11:30,21.55,20.52,20.52,20.52,false,false
2026-08-01,25,12,2026-08,2026-08-01T12:00,20.36,17.81,17.81,17.81,false,false
2026-08-01,26,12,2026-08,2026-08-01T12:30,21.57,15.67,15.67,15.67,false,false
2026-08-01,27,13,2026-08,2026-08-01T13:00,20.56,21.02,21.02,21.02,false,false
2026-08-01,28,13,2026-08,2026-08-01T13:30,19.95,22.39,22.39,22.39,false,false
2026-08-01,29,14,2026-08,2026-08-01T14:00,20.4,28.4,28.4,28.4,false,false
2026-08-01,30,14,2026-08,2026-08-01T14:30,19.13,27.62,27.62,27.62,false,false
2026-08-01,31,15,2026-08,2026-08-01T15:00,17.76,27.66,27.66,27.66,false,false
2026-08-01,32,15,2026-08,2026-08-01T15:30,17.25,30.07,30.07,30.07,false,false
2026-08-01,33,16,2026-08,2026-08-01T16:00,15.57,25.48,25.48,25.48,false,false
2026-08-01,34,16,2026-08,2026-08-01T16:30,14.82,25.36,25.36,25.36,false,false
2026-08-01,35,17,2026-08,2026-08-01T17:00,13.4,29.03,29.03,29.03,false,false
2026-08-01,36,17,2026-08,2026-08-01T17:30,13.29,31.17,31.17,31.17,false,false
2026-08-01,37,18,2026-08,2026-08-01T18:00,12.77,23.93,23.93,23.93,false,false
2026-08-01,38,18,2026-08,2026-08-01T18:30,13.79,29.22,29.22,29.22,false,false
2026-08-01,39,19,2026-08,2026-08-01T19:00,14.77,24.7,24.7,24.7,false,false
2026-08-01,40,19,2026-08,2026-08-01T19:30,16.37,23.77,23.77,23.77,false,false
2026-08-01,41,20,2026-08,2026-08-01T20:00,16.72,26.71,26.71,26.71,false,false
2026-08-01,42,20,2026-08,2026-08-01T20:30,18.11,23.42,23.42,23.42,false,false
2026-08-01,43,21,2026-08,2026-08-01T21:00,18.4,25.48,25.48,25.48,false,false
2026-08-01,44,21,2026-08,2026-08-01T21:30,18.33,17.59,17.59,17.59,false,false
2026-08-01,45,22,2026-08,2026-08-01T22:00,16.69,21.37,21.37,21.37,false,false
2026-08-01,46,22,2026-08,2026-08-01T22:30,19.39,19.54,19.54,19.54,false,false
2026-08-01,47,23,2026-08,2026-08-01T23:00,19.37,16.77,16.77,16.77,false,false
2026-08-01,48,23,2026-08,2026-08-01T23:30,18.45,19.39,19.39,19.39,false,false
2026-08-02,1,0,2026-08,2026-08-02T00:00,12.93,19.27,19.27,19.27,false,false
2026-08-02,2,0,2026-08,2026-08-02T00:30,14.64,21.8,21.8,21.8,false,false
2026-08-02,3,1,2026-08,2026-08-02T01:00,13.97,16.45,16.45,16.45,false,false
2026-08-02,4,1,2026-08,2026-08-02T01:30,14.36,16.23,16.23,16.23,false,false
2026-08-02,5,2,2026-08,2026-08-02T02:00,14.44,19.94,19.94,19.94,false,false
2026-08-02,6,2,2026-08,2026-08-02T02:30,14.55,21.26,21.26,21.26,false,false
2026-08-02,7,3,2026-08,2026-08-02T03:00,13.14,18.35,18.35,18.35,false,false
2026-08-02,8,3,2026-08,2026-08-02T03:30,12.02,17.85,17.85,17.85,false,false
2026-08-02,9,4,2026-08,2026-08-02T04:00,14.69,19.44,19.44,19.44,false,false
2026-08-02,10,4,2026-08,2026-08-02T04:30,13.45,20.09,20.09,20.09,false,false
2026-08-02,11,5,2026-08,2026-08-02T05:00,14.32,18.55,18.55,18.55,false,false
2026-08-02,12,5,2026-08,2026-08-02T05:30,13.66,18.3,18.3,18.3,false,false
2026-08-02,13,6,2026-08,2026-08-02T06:00,13.72,18.22,18.22,18.22,false,false
2026-08-02,14,6,2026-08,2026-08-02T06:30,13.5,17.67,17.67,17.67,false,false
2026-08-02,15,7,2026-08,2026-08-02T07:00,13.09,20.61,20.61,20.61,false,false
2026-08-02,16,7,2026-08,2026-08-02T07:30,14.35,21.16,21.16,21.16,false,false
2026-08-02,17,8,2026-08,2026-08-02T08:00,14.33,19.77,19.77,19.77,false,false
2026-08-02,18,8,2026-08,2026-08-02T08:30,13.88,19.11,19.11,19.11,false,false
2026-08-02,19,9,2026-08,2026-08-02T09:00,14.25,17.24,17.24,17.24,false,false
2026-08-02,20,9,2026-08,2026-08-02T09:30,13.93,20.47,20.47,20.47,false,false
2026-08-02,21,10,2026-08,2026-08-02T10:00,14.85,17.12,17.12,17.12,false,false
2026-08-02,22,10,2026-08,2026-08-02T10:30,14.61,19.5,19.5,19.5,false,false
2026-08-02,23,11,2026-08,2026-08-02T11:00,14.74,21.99,21.99,21.99,false,false
2026-08-02,24,11,2026-08,2026-08-02T11:30,14.67,18.29,18.29,18.29,false,false
2026-08-02,25,12,2026-08,2026-08-02T12:00,15.82,24.53,24.53,24.53,false,false
2026-08-02,26,12,2026-08,2026-08-02T12:30,16.05,22.48,22.48,22.48,false,false
2026-08-02,27,13,2026-08,2026-08-02T13:00,15.31,29.1,29.1,29.1,false,false
2026-08-02,28,13,2026-08,2026-08-02T13:30,14.96,27.82,27.82,27.82,false,false
2026-08-02,29,14,2026-08,2026-08-02T14:00,15.35,21.57,21.57,21.57,false,false
2026-08-02,30,14,2026-08,2026-08-02T14:30,14.17,26.83,26.83,26.83,false,false
2026-08-02,31,15,2026-08,2026-08-02T15:00,14.84,23.04,23.04,23.04,false,false
2026-08-02,32,15,2026-08,2026-08-02T15:30,12.11,36.54,36.54,36.54,false,false
2026-08-02,33,16,2026-08,2026-08-02T16:00,10.78,28.57,28.57,28.57,false,false
2026-08-02,34,16,2026-08,2026-08-02T16:30,10.43,37.65,37.65,37.65,false,false
2026-08-02,35,17,2026-08,2026-08-02T17:00,9.71,28.71,28.71,28.71,true,false
2026-08-02,36,17,2026-08,2026-08-02T17:30,8.48,34.2,34.2,34.2,true,false
2026-08-02,37,18,2026-08,2026-08-02T18:00,8.29,38.48,38.48,38.48,true,false
2026-08-02,38,18,2026-08,2026-08-02T18:30,9.51,34.78,34.78,34.78,true,false
2026-08-02,39,19,2026-08,2026-08-02T19:00,9.48,24.53,24.53,24.53,true,false
2026-08-02,40,19,2026-08,2026-08-02T19:30,10.79,25.7,25.7,25.7,false,false
2026-08-02,41,20,2026-08,2026-08-02T20:00,11.77,24.85,24.85,24.85,false,false
2026-08-02,42,20,2026-08,2026-08-02T20:30,14.51,24.41,24.41,24.41,false,false
2026-08-02,43,21,2026-08,2026-08-02T21:00,13.8,23.31,23.31,23.31,false,false
2026-08-02,44,21,2026-08,2026-08-02T21:30,13.65,19.87,19.87,19.87,false,false
2026-08-02,45,22,2026-08,2026-08-02T22:00,13.2,23.43,23.43,23.43,false,false
2026-08-02,46,22,2026-08,2026-08-02T22:30,13.43,24.8,24.8,24.8,false,false
2026-08-02,47,23,2026-08,2026-08-02T23:00,14.36,18.62,18.62,18.62,false,false
2026-08-02,48,23,2026-08,2026-08-02T23:30,13.85,21.42,21.42,21.42,false,false
2026-08-03,1,0,2026-08,2026-08-03T00:00,17.25,23.0,23.0,23.0,false,false
2026-08-03,2,0,2026-08,2026-08-03T00:30,17.37,18.41,18.41,18.41,false,false
2026-08-03,3,1,2026-08,2026-08-03T01:00,17.99,17.97,17.97,17.97,false,false
2026-08-03,4,1,2026-08,2026-08-03T01:30,17.45,21.25,21.25,21.25,false,false
2026-08-03,5,2,2026-08,2026-08-03T02:00,17.04,20.32,20.32,20.32,false,false
2026-08-03,6,2,2026-08,2026-08-03T02:30,18.11,19.23,19.23,19.23,false,false
2026-08-03,7,3,2026-08,2026-08-03T03:00,16.72,22.06,22.06,22.06,false,false
2026-08-03,8,3,2026-08,2026-08-03T03:30,17.42,17.88,17.88,17.88,false,false
2026-08-03,9,4,2026-08,2026-08-03T04:00,16.67,21.11,21.11,21.11,false,false
2026-08-03,10,4,2026-08,2026-08-03T04:30,17.97,19.86,19.86,19.86,false,false
2026-08-03,11,5,2026-08,2026-08-03T05:00,17.17,19.39,19.39,19.39,false,false
2026-08-03,12,5,2026-08,2026-08-03T05:30,17.11,16.01,16.01,16.01,false,false
2026-08-03,13,6,2026-08,2026-08-03T06:00,17.94,19.1,19.1,19.1,false,false
2026-08-03,14,6,2026-08,2026-08-03T06:30,16.64,19.65,19.65,19.65,false,false
2026-08-03,15,7,2026-08,2026-08-03T07:00,17.66,18.71,18.71,18.71,false,false
2026-08-03,16,7,2026-08,2026-08-03T07:30,17.85,17.99,17.99,17.99,false,false
2026-08-03,17,8,2026-08,2026-08-03T08:00,16.88,22.43,22.43,22.43,false,false
2026-08-03,18,8,2026-08,2026-08-03T08:30,17.9,20.96,20.96,20.96,false,false
2026-08-03,19,9,2026-08,2026-08-03T09:00,16.18,21.67,21.67,21.67,false,false
2026-08-03,20,9,2026-08,2026-08-03T09:30,18.63,21.39,21.39,21.39,false,false
2026-08-03,21,10,2026-08,2026-08-03T10:00,18.36,21.37,21.37,21.37,false,false
2026-08-03,22,10,2026-08,2026-08-03T10:30,18.99,17.8,17.8,17.8,false,false
2026-08-03,23,11,2026-08,2026-08-03T11:00,19.26,19.78,19.78,19.78,false,false
2026-08-03,24,11,2026-08,2026-08-03T11:30,18.75,20.56,20.56,20.56,false,false
2026-08-03,25,12,2026-08,2026-08-03T12:00,20.13,23.68,23.68,23.68,false,false
2026-08-03,26,12,2026-08,2026-08-03T12:30,19.16,19.86,19.86,19.86,false,false
2026-08-03,27,13,2026-08,2026-08-03T13:00,19.26,30.88,30.88,30.88,false,false
2026-08-03,28,13,2026-08,2026-08-03T13:30,18.86,28.14,28.14,28.14,false,false
2026-08-03,29,14,2026-08,2026-08-03T14:00,18.27,24.12,24.12,24.12,false,false
2026-08-03,30,14,2026-08,2026-08-03T14:30,19.03,26.41,26.41,26.41,false,false
2026-08-03,31,15,2026-08,2026-08-03T15:00,17.44,30.98,30.98,30.98,false,false
2026-08-03,32,15,2026-08,2026-08-03T15:30,16.98,29.22,29.22,29.22,false,false
2026-08-03,33,16,2026-08,2026-08-03T16:00,15.44,30.31,30.31,30.31,false,false
2026-08-03,34,16,2026-08,2026-08-03T16:30,14.28,29.03,29.03,29.03,false,false
2026-08-03,35,17,2026-08,2026-08-03T17:00,13.27,35.31,35.31,35.31,false,false
2026-08-03,36,17,2026-08,2026-08-03T17:30,11.82,32.39,32.39,32.39,false,false
2026-08-03,37,18,2026-08,2026-08-03T18:00,12.11,30.26,30.26,30.26,false,false
2026-08-03,38,18,2026-08,2026-08-03T18:30,13.26,30.28,30.28,30.28,false,false
2026-08-03,39,19,2026-08,2026-08-03T19:00,13.78,32.98,32.98,32.98,false,false
2026-08-03,40,19,2026-08,2026-08-03T19:30,16.18,24.04,24.04,24.04,false,false
2026-08-03,41,20,2026-08,2026-08-03T20:00,16.98,27.89,27.89,27.89,false,false
2026-08-03,42,20,2026-08,2026-08-03T20:30,16.4,26.48,26.48,26.48,false,false
2026-08-03,43,21,2026-08,2026-08-03T21:00,17.16,26.71,26.71,26.71,false,false
2026-08-03,44,21,2026-08,2026-08-03T21:30,17.19,25.13,25.13,25.13,false,false
2026-08-03,45,22,2026-08,2026-08-03T22:00,16.98,21.21,21.21,21.21,false,false
2026-08-03,46,22,2026-08,2026-08-03T22:30,16.24,20.62,20.62,20.62,false,false
2026-08-03,47,23,2026-08,2026-08-03T23:00,16.52,25.19,25.19,25.19,false,false
2026-08-03,48,23,2026-08,2026-08-03T23:30,18.0,19.89,19.89,19.89,false,false
2026-08-04,1,0,2026-08,2026-08-04T00:00,15.09,22.19,22.19,22.19,false,false
2026-08-04,2,0,2026-08,2026-08-04T00:30,14.42,16.48,16.48,16.48,false,false
2026-08-04,3,1,2026-08,2026-08-04T01:00,14.08,19.24,19.24,19.24,false,false
2026-08-04,4,1,2026-08,2026-08-04T01:30,13.96,16.63,16.63,16.63,false,false
2026-08-04,5,2,2026-08,2026-08-04T02:00,13.28,19.79,19.79,19.79,false,false
2026-08-04,6,2,2026-08,2026-08-04T02:30,14.37,19.36,19.36,19.36,false,false
2026-08-04,7,3,2026-08,2026-08-04T03:00,14.48,19.5,19.5,19.5,false,false
2026-08-04,8,3,2026-08,2026-08-04T03:30,14.95,22.14,22.14,22.14,false,false
2026-08-04,9,4,2026-08,2026-08-04T04:00,14.4,20.16,20.16,20.16,false,false
2026-08-04,10,4,2026-08,2026-08-04T04:30,14.53,21.05,21.05,21.05,false,false
2026-08-04,11,5,2026-08,2026-08-04T05:00,14.29,17.99,17.99,17.99,false,false
2026-08-04,12,5,2026-08,2026-08-04T05:30,14.5,20.16,20.16,20.16,false,false
2026-08-04,13,6,2026-08,2026-08-04T06:00,14.08,18.32,18.32,18.32,false,false
2026-08-04,14,6,2026-08,2026-08-04T06:30,14.34,20.14,20.14,20.14,false,false
2026-08-04,15,7,2026-08,2026-08-04T07:00,14.4,20.22,20.22,20.22,false,false
2026-08-04,16,7,2026-08,2026-08-04T07:30,14.23,15.15,15.15,15.15,false,false
2026-08-04,17,8,2026-08,2026-08-04T08:00,14.98,15.94,15.94,15.94,false,false
2026-08-04,18,8,2026-08,2026-08-04T08:30,14.26,18.31,18.31,18.31,false,false
2026-08-04,19,9,2026-08,2026-08-04T09:00,14.83,17.17,17.17,17.17,false,false
2026-08-04,20,9,2026-08,2026-08-04T09:30,14.35,18.36,18.36,18.36,false,false
2026-08-04,21,10,2026-08,2026-08-04T10:00,16.14,19.26,19.26,19.26,false,false
2026-08-04,22,10,2026-08,2026-08-04T10:30,14.78,23.18,23.18,23.18,false,false
2026-08-04,23,11,2026-08,2026-08-04T11:00,16.3,23.13,23.13,23.13,false,false
2026-08-04,24,11,2026-08,2026-08-04T11:30,14.54,21.32,21.32,21.32,false,false
2026-08-04,25,12,2026-08,2026-08-04T12:00,17.03,19.6,19.6,19.6,false,false
2026-08-04,26,12,2026-08,2026-08-04T12:30,16.16,21.36,21.36,21.36,false,false
2026-08-04,27,13,2026-08,2026-08-04T13:00,16.48,23.29,23.29,23.29,false,false
2026-08-04,28,13,2026-08,2026-08-04T13:30,15.48,27.91,27.91,27.91,false,false
2026-08-04,29,14,2026-08,2026-08-04T14:00,15.62,25.25,25.25,25.25,false,false
2026-08-04,30,14,2026-08,2026-08-04T14:30,14.12,27.14,27.14,27.14,false,false
2026-08-04,31,15,2026-08,2026-08-04T15:00,14.65,31.4,31.4,31.4,false,false
2026-08-04,32,15,2026-08,2026-08-04T15:30,13.41,26.1,26.1,26.1,false,false
2026-08-04,33,16,2026-08,2026-08-04T16:00,11.8,32.9,32.9,32.9,false,false
2026-08-04,34,16,2026-08,2026-08-04T16:30,9.69,38.8,38.8,38.8,true,false
2026-08-04,35,17,2026-08,2026-08-04T17:00,9.09,33.58,33.58,33.58,true,false
2026-08-04,36,17,2026-08,2026-08-04T17:30,8.66,36.01,36.01,36.01,true,false
2026-08-04,37,18,2026-08,2026-08-04T18:00,9.23,33.41,33.41,33.41,true,false
2026-08-04,38,18,2026-08,2026-08-04T18:30,9.88,26.19,26.19,26.19,true,false
2026-08-04,39,19,2026-08,2026-08-04T19:00,11.31,30.47,30.47,30.47,false,false
2026-08-04,40,19,2026-08,2026-08-04T19:30,11.9,25.41,25.41,25.41,false,false
2026-08-04,41,20,2026-08,2026-08-04T20:00,12.45,23.85,23.85,23.85,false,false
2026-08-04,42,20,2026-08,2026-08-04T20:30,13.79,20.39,20.39,20.39,false,false
2026-08-04,43,21,2026-08,2026-08-04T21:00,15.23,20.07,20.07,20.07,false,false
2026-08-04,44,21,2026-08,2026-08-04T21:30,14.99,21.51,21.51,21.51,false,false
2026-08-04,45,22,2026-08,2026-08-04T22:00,14.76,19.42,19.42,19.42,false,false
2026-08-04,46,22,2026-08,2026-08-04T22:30,13.91,20.36,20.36,20.36,false,false
2026-08-04,47,23,2026-08,2026-08-04T23:00,14.13,17.21,17.21,17.21,false,false
2026-08-04,48,23,2026-08,2026-08-04T23:30,14.07,21.09,21.09,21.09,false,false
2026-08-05,1,0,2026-08,2026-08-05T00:00,14.32,18.61,18.61,18.61,false,false
2026-08-05,2,0,2026-08,2026-08-05T00:30,13.71,20.33,20.33,20.33,false,false
2026-08-05,3,1,2026-08,2026-08-05T01:00,15.19,19.84,19.84,19.84,false,false
2026-08-05,4,1,2026-08,2026-08-05T01:30,14.09,18.47,18.47,18.47,false,false
2026-08-05,5,2,2026-08,2026-08-05T02:00,13.85,21.15,21.15,21.15,false,false
2026-08-05,6,2,2026-08,2026-08-05T02:30,13.12,16.71,16.71,16.71,false,false
2026-08-05,7,3,2026-08,2026-08-05T03:00,13.93,19.57,19.57,19.57,false,false
2026-08-05,8,3,2026-08,2026-08-05T03:30,14.22,21.18,21.18,21.18,false,false
2026-08-05,9,4,2026-08,2026-08-05T04:00,14.77,16.33,16.33,16.33,false,false
2026-08-05,10,4,2026-08,2026-08-05T04:30,14.62,19.94,19.94,19.94,false,false
2026-08-05,11,5,2026-08,2026-08-05T05:00,13.82,19.34,19.34,19.34,false,false
2026-08-05,12,5,2026-08,2026-08-05T05:30,14.12,16.35,16.35,16.35,false,false
2026-08-05,13,6,2026-08,2026-08-05T06:00,13.67,17.89,17.89,17.89,false,false
2026-08-05,14,6,2026-08,2026-08-05T06:30,13.56,18.44,18.44,18.44,false,false
2026-08-05,15,7,2026-08,2026-08-05T07:00,14.35,18.24,18.24,18.24,false,false
2026-08-05,16,7,2026-08,2026-08-05T07:30,14.52,20.95,20.95,20.95,false,false
2026-08-05,17,8,2026-08,2026-08-05T08:00,14.56,19.33,19.33,19.33,false,false
2026-08-05,18,8,2026-08,2026-08-05T08:30,14.64,16.96,16.96,16.96,false,false
2026-08-05,19,9,2026-08,2026-08-05T09:00,15.21,18.47,18.47,18.47,false,false
2026-08-05,20,9,2026-08,2026-08-05T09:30,14.74,21.83,21.83,21.83,false,false
2026-08-05,21,10,2026-08,2026-08-05T10:00,15.83,21.88,21.88,21.88,false,false
2026-08-05,22,10,2026-08,2026-08-05T10:30,14.76,21.07,21.07,21.07,false,false
2026-08-05,23,11,2026-08,2026-08-05T11:00,14.31,20.11,20.11,20.11,false,false
2026-08-05,24,11,2026-08,2026-08-05T11:30,15.41,20.79,20.79,20.79,false,false
2026-08-05,25,12,2026-08,2026-08-05T12:00,16.09,23.37,23.37,23.37,false,false
2026-08-05,26,12,2026-08,2026-08-05T12:30,16.75,20.31,20.31,20.31,false,false
2026-08-05,27,13,2026-08,2026-08-05T13:00,15.92,24.49,24.49,24.49,false,false
2026-08-05,28,13,2026-08,2026-08-05T13:30,15.97,21.75,21.75,21.75,false,false
2026-08-05,29,14,2026-08,2026-08-05T14:00,15.3,24.45,24.45,24.45,false,false
2026-08-05,30,14,2026-08,2026-08-05T14:30,14.26,25.45,25.45,25.45,false,false
2026-08-05,31,15,2026-08,2026-08-05T15:00,14.02,27.5,27.5,27.5,false,false
2026-08-05,32,15,2026-08,2026-08-05T15:30,12.58,31.39,31.39,31.39,false,false
2026-08-05,33,16,2026-08,2026-08-05T16:00,11.23,32.73,32.73,32.73,false,false
2026-08-05,34,16,2026-08,2026-08-05T16:30,9.91,34.64,34.64,34.64,true,false
2026-08-05,35,17,2026-08,2026-08-05T17:00,8.42,36.85,36.85,36.85,true,false
2026-08-05,36,17,2026-08,2026-08-05T17:30,7.98,45.62,45.62,45.62,true,false
2026-08-05,37,18,2026-08,2026-08-05T18:00,7.67,55.23,55.23,55.23,true,false
2026-08-05,38,18,2026-08,2026-08-05T18:30,8.17,41.18,41.18,41.18,true,false
2026-08-05,39,19,2026-08,2026-08-05T19:00,10.03,28.75,28.75,28.75,false,false
2026-08-05,40,19,2026-08,2026-08-05T19:30,9.97,31.6,31.6,31.6,true,false
2026-08-05,41,20,2026-08,2026-08-05T20:00,12.86,27.69,27.69,27.69,false,false
2026-08-05,42,20,2026-08,2026-08-05T20:30,14.82,21.21,21.21,21.21,false,false
2026-08-05,43,21,2026-08,2026-08-05T21:00,14.81,23.33,23.33,23.33,false,false
2026-08-05,44,21,2026-08,2026-08-05T21:30,15.21,21.03,21.03,21.03,false,false
2026-08-05,45,22,2026-08,2026-08-05T22:00,13.8,20.69,20.69,20.69,false,false
2026-08-05,46,22,2026-08,2026-08-05T22:30,13.64,23.6,23.6,23.6,false,false
2026-08-05,47,23,2026-08,2026-08-05T23:00,13.84,20.61,20.61,20.61,false,false
2026-08-05,48,23,2026-08,2026-08-05T23:30,15.0,20.48,20.48,20.48,false,false
2026-08-06,1,0,2026-08,2026-08-06T00:00,14.45,20.63,20.63,20.63,false,false
2026-08-06,2,0,2026-08,2026-08-06T00:30,14.08,17.42,17.42,17.42,false,false
2026-08-06,3,1,2026-08,2026-08-06T01:00,15.99,20.73,20.73,20.73,false,false
2026-08-06,4,1,2026-08,2026-08-06T01:30,14.21,21.76,21.76,21.76,false,false
2026-08-06,5,2,2026-08,2026-08-06T02:00,15.02,16.69,16.69,16.69,false,false
2026-08-06,6,2,2026-08,2026-08-06T02:30,15.24,21.96,21.96,21.96,false,false
2026-08-06,7,3,2026-08,2026-08-06T03:00,13.23,17.95,17.95,17.95,false,false
2026-08-06,8,3,2026-08,2026-08-06T03:30,15.05,21.3,21.3,21.3,false,false
2026-08-06,9,4,2026-08,2026-08-06T04:00,14.34,17.41,17.41,17.41,false,false
2026-08-06,10,4,2026-08,2026-08-06T04:30,14.34,19.58,19.58,19.58,false,false
2026-08-06,11,5,2026-08,2026-08-06T05:00,13.46,19.66,19.66,19.66,false,false
2026-08-06,12,5,2026-08,2026-08-06T05:30,14.14,19.55,19.55,19.55,false,false
2026-08-06,13,6,2026-08,2026-08-06T06:00,14.71,18.42,18.42,18.42,false,false
2026-08-06,14,6,2026-08,2026-08-06T06:30,14.29,20.84,20.84,20.84,false,false
2026-08-06,15,7,2026-08,2026-08-06T07:00,15.34,16.72,16.72,16.72,false,false
2026-08-06,16,7,2026-08,2026-08-06T07:30,13.56,17.97,17.97,17.97,false,false
2026-08-06,17,8,2026-08,2026-08-06T08:00,14.54,18.05,18.05,18.05,false,false
2026-08-06,18,8,2026-08,2026-08-06T08:30,13.78,21.0,21.0,21.0,false,false
2026-08-06,19,9,2026-08,2026-08-06T09:00,14.68,18.61,18.61,18.61,false,false
2026-08-06,20,9,2026-08,2026-08-06T09:30,15.99,18.23,18.23,18.23,false,false
2026-08-06,21,10,2026-08,2026-08-06T10:00,15.22,20.96,20.96,20.96,false,false
2026-08-06,22,10,2026-08,2026-08-06T10:30,17.12,19.8,19.8,19.8,false,false
2026-08-06,23,11,2026-08,2026-08-06T11:00,15.32,17.56,17.56,17.56,false,false
2026-08-06,24,11,2026-08,2026-08-06T11:30,17.65,20.5,20.5,20.5,false,false
2026-08-06,25,12,2026-08,2026-08-06T12:00,15.91,17.73,17.73,17.73,false,false
2026-08-06,26,12,2026-08,2026-08-06T12:30,16.22,26.55,26.55,26.55,false,false
2026-08-06,27,13,2026-08,2026-08-06T13:00,15.47,28.38,28.38,28.38,false,false
2026-08-06,28,13,2026-08,2026-08-06T13:30,15.38,28.51,28.51,28.51,false,false
2026-08-06,29,14,2026-08,2026-08-06T14:00,16.02,29.2,29.2,29.2,false,false
2026-08-06,30,14,2026-08,2026-08-06T14:30,15.72,32.67,32.67,32.67,false,false
2026-08-06,31,15,2026-08,2026-08-06T15:00,14.93,34.41,34.41,34.41,false,false
2026-08-06,32,15,2026-08,2026-08-06T15:30,12.62,30.84,30.84,30.84,false,false
2026-08-06,33,16,2026-08,2026-08-06T16:00,12.17,32.73,32.73,32.73,false,false
2026-08-06,34,16,2026-08,2026-08-06T16:30,10.79,28.82,28.82,28.82,false,false
2026-08-06,35,17,2026-08,2026-08-06T17:00,10.08,30.19,30.19,30.19,false,false
2026-08-06,36,17,2026-08,2026-08-06T17:30,7.09,73.21,73.21,73.21,true,false
2026-08-06,37,18,2026-08,2026-08-06T18:00,6.54,90.26,90.26,90.26,true,false
2026-08-06,38,18,2026-08,2026-08-06T18:30,8.21,40.27,40.27,40.27,true,false
2026-08-06,39,19,2026-08,2026-08-06T19:00,10.5,32.88,32.88,32.88,false,false
2026-08-06,40,19,2026-08,2026-08-06T19:30,11.26,27.18,27.18,27.18,false,false
2026-08-06,41,20,2026-08,2026-08-06T20:00,12.0,26.27,26.27,26.27,false,false
2026-08-06,42,20,2026-08,2026-08-06T20:30,15.81,29.17,29.17,29.17,false,false
2026-08-06,43,21,2026-08,2026-08-06T21:00,14.79,27.19,27.19,27.19,false,false
2026-08-06,44,21,2026-08,2026-08-06T21:30,14.67,22.86,22.86,22.86,false,false
2026-08-06,45,22,2026-08,2026-08-06T22:00,14.75,25.96,25.96,25.96,false,false
2026-08-06,46,22,2026-08,2026-08-06T22:30,14.14,23.55,23.55,23.55,false,false
2026-08-06,47,23,2026-08,2026-08-06T23:00,14.43,23.16,23.16,23.16,false,false
2026-08-06,48,23,2026-08,2026-08-06T23:30,13.77,19.3,19.3,19.3,false,false
2026-08-07,1,0,2026-08,2026-08-07T00:00,17.97,18.76,18.76,18.76,false,false
2026-08-07,2,0,2026-08,2026-08-07T00:30,17.44,20.74,20.74,20.74,false,false
2026-08-07,3,1,2026-08,2026-08-07T01:00,16.46,20.36,20.36,20.36,false,false
2026-08-07,4,1,2026-08,2026-08-07T01:30,16.42,23.77,23.77,23.77,false,false
2026-08-07,5,2,2026-08,2026-08-07T02:00,16.5,18.66,18.66,18.66,false,false
2026-08-07,6,2,2026-08,2026-08-07T02:30,17.29,19.99,19.99,19.99,false,false
2026-08-07,7,3,2026-08,2026-08-07T03:00,17.77,19.22,19.22,19.22,false,false
2026-08-07,8,3,2026-08,2026-08-07T03:30,17.5,18.78,18.78,18.78,false,false
2026-08-07,9,4,2026-08,2026-08-07T04:00,16.9,21.81,21.81,21.81,false,false
2026-08-07,10,4,2026-08,2026-08-07T04:30,16.71,20.72,20.72,20.72,false,false
2026-08-07,11,5,2026-08,2026-08-07T05:00,16.92,18.52,18.52,18.52,false,false
2026-08-07,12,5,2026-08,2026-08-07T05:30,17.53,19.11,19.11,19.11,false,false
2026-08-07,13,6,2026-08,2026-08-07T06:00,17.12,19.73,19.73,19.73,false,false
2026-08-07,14,6,2026-08,2026-08-07T06:30,17.61,22.25,22.25,22.25,false,false
2026-08-07,15,7,2026-08,2026-08-07T07:00,17.62,17.6,17.6,17.6,false,false
2026-08-07,16,7,2026-08,2026-08-07T07:30,17.77,18.68,18.68,18.68,false,false
2026-08-07,17,8,2026-08,2026-08-07T08:00,17.52,21.49,21.49,21.49,false,false
2026-08-07,18,8,2026-08,2026-08-07T08:30,17.34,22.87,22.87,22.87,false,false
2026-08-07,19,9,2026-08,2026-08-07T09:00,18.18,22.74,22.74,22.74,false,false
2026-08-07,20,9,2026-08,2026-08-07T09:30,18.47,20.8,20.8,20.8,false,false
2026-08-07,21,10,2026-08,2026-08-07T10:00,18.11,21.32,21.32,21.32,false,false
2026-08-07,22,10,2026-08,2026-08-07T10:30,16.9,20.43,20.43,20.43,false,false
2026-08-07,23,11,2026-08,2026-08-07T11:00,19.47,26.13,26.13,26.13,false,false
2026-08-07,24,11,2026-08,2026-08-07T11:30,19.22,17.96,17.96,17.96,false,false
2026-08-07,25,12,2026-08,2026-08-07T12:00,19.24,21.15,21.15,21.15,false,false
2026-08-07,26,12,2026-08,2026-08-07T12:30,17.84,25.99,25.99,25.99,false,false
2026-08-07,27,13,2026-08,2026-08-07T13:00,19.1,22.48,22.48,22.48,false,false
2026-08-07,28,13,2026-08,2026-08-07T13:30,18.38,29.3,29.3,29.3,false,false
2026-08-07,29,14,2026-08,2026-08-07T14:00,20.16,25.34,25.34,25.34,false,false
2026-08-07,30,14,2026-08,2026-08-07T14:30,18.48,34.21,34.21,34.21,false,false
2026-08-07,31,15,2026-08,2026-08-07T15:00,18.47,35.03,35.03,35.03,false,false
2026-08-07,32,15,2026-08,2026-08-07T15:30,15.95,31.75,31.75,31.75,false,false
2026-08-07,33,16,2026-08,2026-08-07T16:00,14.83,37.08,37.08,37.08,false,false
2026-08-07,34,16,2026-08,2026-08-07T16:30,14.06,41.65,41.65,41.65,false,false
2026-08-07,35,17,2026-08,2026-08-07T17:00,12.43,32.58,32.58,32.58,false,false
2026-08-07,36,17,2026-08,2026-08-07T17:30,10.47,34.23,34.23,34.23,false,false
2026-08-07,37,18,2026-08,2026-08-07T18:00,11.05,38.0,38.0,38.0,false,false
2026-08-07,38,18,2026-08,2026-08-07T18:30,10.56,28.79,28.79,28.79,false,false
2026-08-07,39,19,2026-08,2026-08-07T19:00,12.98,34.74,34.74,34.74,false,false
2026-08-07,40,19,2026-08,2026-08-07T19:30,13.95,35.94,35.94,35.94,false,false
2026-08-07,41,20,2026-08,2026-08-07T20:00,15.52,27.27,27.27,27.27,false,false
2026-08-07,42,20,2026-08,2026-08-07T20:30,16.9,22.27,22.27,22.27,false,false
2026-08-07,43,21,2026-08,2026-08-07T21:00,17.44,22.21,22.21,22.21,false,false
2026-08-07,44,21,2026-08,2026-08-07T21:30,17.65,27.63,27.63,27.63,false,false
2026-08-07,45,22,2026-08,2026-08-07T22:00,16.32,19.92,19.92,19.92,false,false
2026-08-07,46,22,2026-08,2026-08-07T22:30,17.81,22.41,22.41,22.41,false,false
2026-08-07,47,23,2026-08,2026-08-07T23:00,17.01,22.31,22.31,22.31,false,false
2026-08-07,48,23,2026-08,2026-08-07T23:30,16.96,20.95,20.95,20.95,false,false
2026-08-08,1,0,2026-08,2026-08-08T00:00,20.96,14.91,14.91,14.91,false,false
2026-08-08,2,0,2026-08,2026-08-08T00:30,20.76,18.69,18.69,18.69,false,false
2026-08-08,3,1,2026-08,2026-08-08T01:00,20.27,16.77,16.77,16.77,false,false
2026-08-08,4,1,2026-08,2026-08-08T01:30,20.87,17.55,17.55,17.55,false,false
2026-08-08,5,2,2026-08,2026-08-08T02:00,19.78,15.9,15.9,15.9,false,false
2026-08-08,6,2,2026-08,2026-08-08T02:30,19.83,15.96,15.96,15.96,false,false
2026-08-08,7,3,2026-08,2026-08-08T03:00,20.63,17.28,17.28,17.28,false,false
2026-08-08,8,3,2026-08,2026-08-08T03:30,19.73,13.91,13.91,13.91,false,false
2026-08-08,9,4,2026-08,2026-08-08T04:00,19.66,14.29,14.29,14.29,false,false
2026-08-08,10,4,2026-08,2026-08-08T04:30,20.21,19.3,19.3,19.3,false,false
2026-08-08,11,5,2026-08,2026-08-08T05:00,19.59,16.52,16.52,16.52,false,false
2026-08-08,12,5,2026-08,2026-08-08T05:30,21.44,14.92,14.92,14.92,false,false
2026-08-08,13,6,2026-08,2026-08-08T06:00,20.63,16.35,16.35,16.35,false,false
2026-08-08,14,6,2026-08,2026-08-08T06:30,20.47,15.51,15.51,15.51,false,false
2026-08-08,15,7,2026-08,2026-08-08T07:00,18.97,18.35,18.35,18.35,false,false
2026-08-08,16,7,2026-08,2026-08-08T07:30,20.36,14.89,14.89,14.89,false,false
2026-08-08,17,8,2026-08,2026-08-08T08:00,19.97,18.5,18.5,18.5,false,false
2026-08-08,18,8,2026-08,2026-08-08T08:30,20.8,18.54,18.54,18.54,false,false
2026-08-08,19,9,2026-08,2026-08-08T09:00,20.79,20.91,20.91,20.91,false,false
2026-08-08,20,9,2026-08,2026-08-08T09:30,21.4,18.04,18.04,18.04,false,false
2026-08-08,21,10,2026-08,2026-08-08T10:00,21.35,15.97,15.97,15.97,false,false
2026-08-08,22,10,2026-08,2026-08-08T10:30,21.47,18.88,18.88,18.88,false,false
2026-08-08,23,11,2026-08,2026-08-08T11:00,21.51,16.62,16.62,16.62,false,false
2026-08-08,24,11,2026-08,2026-08-08T11:30,23.28,15.39,15.39,15.39,false,false
2026-08-08,25,12,2026-08,2026-08-08T12:00,21.51,18.57,18.57,18.57,false,false
2026-08-08,26,12,2026-08,2026-08-08T12:30,21.58,21.73,21.73,21.73,false,false
2026-08-08,27,13,2026-08,2026-08-08T13:00,22.63,21.57,21.57,21.57,false,false
2026-08-08,28,13,2026-08,2026-08-08T13:30,21.38,19.59,19.59,19.59,false,false
2026-08-08,29,14,2026-08,2026-08-08T14:00,21.94,23.22,23.22,23.22,false,false
2026-08-08,30,14,2026-08,2026-08-08T14:30,22.44,25.97,25.97,25.97,false,false
2026-08-08,31,15,2026-08,2026-08-08T15:00,20.09,21.87,21.87,21.87,false,false
2026-08-08,32,15,2026-08,2026-08-08T15:30,19.75,26.74,26.74,26.74,false,false
2026-08-08,33,16,2026-08,2026-08-08T16:00,18.37,26.11,26.11,26.11,false,false
2026-08-08,34,16,2026-08,2026-08-08T16:30,17.2,22.96,22.96,22.96,false,false
2026-08-08,35,17,2026-08,2026-08-08T17:00,15.56,30.14,30.14,30.14,false,false
2026-08-08,36,17,2026-08,2026-08-08T17:30,15.11,25.93,25.93,25.93,false,false
2026-08-08,37,18,2026-08,2026-08-08T18:00,14.27,25.35,25.35,25.35,false,false
2026-08-08,38,18,2026-08,2026-08-08T18:30,16.23,24.7,24.7,24.7,false,false
2026-08-08,39,19,2026-08,2026-08-08T19:00,15.17,26.89,26.89,26.89,false,false
2026-08-08,40,19,2026-08,2026-08-08T19:30,17.75,23.41,23.41,23.41,false,false
2026-08-08,41,20,2026-08,2026-08-08T20:00,17.69,20.76,20.76,20.76,false,false
2026-08-08,42,20,2026-08,2026-08-08T20:30,19.76,22.25,22.25,22.25,false,false
2026-08-08,43,21,2026-08,2026-08-08T21:00,20.25,17.21,17.21,17.21,false,false
2026-08-08,44,21,2026-08,2026-08-08T21:30,19.94,18.86,18.86,18.86,false,false
2026-08-08,45,22,2026-08,2026-08-08T22:00,21.66,17.18,17.18,17.18,false,false
2026-08-08,46,22,2026-08,2026-08-08T22:30,20.26,20.86,20.86,20.86,false,false
2026-08-08,47,23,2026-08,2026-08-08T23:00,20.15,20.24,20.24,20.24,false,false
2026-08-08,48,23,2026-08,2026-08-08T23:30,19.68,16.54,16.54,16.54,false,false
2026-08-09,1,0,2026-08,2026-08-09T00:00,16.48,20.45,20.45,20.45,false,false
2026-08-09,2,0,2026-08,2026-08-09T00:30,16.95,16.23,16.23,16.23,false,false
2026-08-09,3,1,2026-08,2026-08-09T01:00,16.68,20.92,20.92,20.92,false,false
2026-08-09,4,1,2026-08,2026-08-09T01:30,15.4,17.13,17.13,17.13,false,false
2026-08-09,5,2,2026-08,2026-08-09T02:00,16.63,16.08,16.08,16.08,false,false
2026-08-09,6,2,2026-08,2026-08-09T02:30,15.5,21.13,21.13,21.13,false,false
2026-08-09,7,3,2026-08,2026-08-09T03:00,16.32,20.52,20.52,20.52,false,false
2026-08-09,8,3,2026-08,2026-08-09T03:30,14.73,17.76,17.76,17.76,false,false
2026-08-09,9,4,2026-08,2026-08-09T04:00,16.2,17.33,17.33,17.33,false,false
2026-08-09,10,4,2026-08,2026-08-09T04:30,15.82,16.39,16.39,16.39,false,false
2026-08-09,11,5,2026-08,2026-08-09T05:00,16.29,16.06,16.06,16.06,false,false
2026-08-09,12,5,2026-08,2026-08-09T05:30,16.21,15.63,15.63,15.63,false,false
2026-08-09,13,6,2026-08,2026-08-09T06:00,16.97,14.53,14.53,14.53,false,false
2026-08-09,14,6,2026-08,2026-08-09T06:30,16.95,18.27,18.27,18.27,false,false
2026-08-09,15,7,2026-08,2026-08-09T07:00,14.72,19.65,19.65,19.65,false,false
2026-08-09,16,7,2026-08,2026-08-09T07:30,16.75,15.87,15.87,15.87,false,false
2026-08-09,17,8,2026-08,2026-08-09T08:00,15.98,17.78,17.78,17.78,false,false
2026-08-09,18,8,2026-08,2026-08-09T08:30,16.46,17.91,17.91,17.91,false,false
2026-08-09,19,9,2026-08,2026-08-09T09:00,17.37,15.84,15.84,15.84,false,false
2026-08-09,20,9,2026-08,2026-08-09T09:30,16.07,15.58,15.58,15.58,false,false
2026-08-09,21,10,2026-08,2026-08-09T10:00,16.68,21.65,21.65,21.65,false,false
2026-08-09,22,10,2026-08,2026-08-09T10:30,16.93,18.36,18.36,18.36,false,false
2026-08-09,23,11,2026-08,2026-08-09T11:00,16.88,18.13,18.13,18.13,false,false
2026-08-09,24,11,2026-08,2026-08-09T11:30,18.19,17.25,17.25,17.25,false,false
2026-08-09,25,12,2026-08,2026-08-09T12:00,17.41,18.72,18.72,18.72,false,false
2026-08-09,26,12,2026-08,2026-08-09T12:30,18.28,20.11,20.11,20.11,false,false
2026-08-09,27,13,2026-08,2026-08-09T13:00,17.49,18.76,18.76,18.76,false,false
2026-08-09,28,13,2026-08,2026-08-09T13:30,17.81,27.33,27.33,27.33,false,false
2026-08-09,29,14,2026-08,2026-08-09T14:00,18.29,21.9,21.9,21.9,false,false
2026-08-09,30,14,2026-08,2026-08-09T14:30,17.42,26.2,26.2,26.2,false,false
2026-08-09,31,15,2026-08,2026-08-09T15:00,16.12,29.36,29.36,29.36,false,false
2026-08-09,32,15,2026-08,2026-08-09T15:30,15.94,30.2,30.2,30.2,false,false
2026-08-09,33,16,2026-08,2026-08-09T16:00,12.78,27.49,27.49,27.49,false,false
2026-08-09,34,16,2026-08,2026-08-09T16:30,12.94,32.02,32.02,32.02,false,false
2026-08-09,35,17,2026-08,2026-08-09T17:00,11.28,32.72,32.72,32.72,false,false
2026-08-09,36,17,2026-08,2026-08-09T17:30,11.38,24.49,24.49,24.49,false,false
2026-08-09,37,18,2026-08,2026-08-09T18:00,11.98,29.7,29.7,29.7,false,false
2026-08-09,38,18,2026-08,2026-08-09T18:30,12.75,24.02,24.02,24.02,false,false
2026-08-09,39,19,2026-08,2026-08-09T19:00,12.51,23.3,23.3,23.3,false,false
2026-08-09,40,19,2026-08,2026-08-09T19:30,14.81,28.23,28.23,28.23,false,false
2026-08-09,41,20,2026-08,2026-08-09T20:00,14.72,21.16,21.16,21.16,false,false
2026-08-09,42,20,2026-08,2026-08-09T20:30,15.78,19.11,19.11,19.11,false,false
2026-08-09,43,21,2026-08,2026-08-09T21:00,16.42,25.22,25.22,25.22,false,false
2026-08-09,44,21,2026-08,2026-08-09T21:30,17.22,22.13,22.13,22.13,false,false
2026-08-09,45,22,2026-08,2026-08-09T22:00,15.58,20.9,20.9,20.9,false,false
2026-08-09,46,22,2026-08,2026-08-09T22:30,17.05,21.4,21.4,21.4,false,false
2026-08-09,47,23,2026-08,2026-08-09T23:00,17.11,22.47,22.47,22.47,false,false
2026-08-09,48,23,2026-08,2026-08-09T23:30,16.03,20.8,20.8,20.8,false,false
2026-08-10,1,0,2026-08,2026-08-10T00:00,15.37,23.76,23.76,23.76,false,false
2026-08-10,2,0,2026-08,2026-08-10T00:30,15.96,25.04,25.04,25.04,false,false
2026-08-10,3,1,2026-08,2026-08-10T01:00,15.93,23.4,23.4,23.4,false,false
2026-08-10,4,1,2026-08,2026-08-10T01:30,14.64,23.45,23.45,23.45,false,false
2026-08-10,5,2,2026-08,2026-08-10T02:00,14.55,25.53,25.53,25.53,false,false
2026-08-10,6,2,2026-08,2026-08-10T02:30,16.28,26.49,26.49,26.49,false,false
2026-08-10,7,3,2026-08,2026-08-10T03:00,15.68,26.0,26.0,26.0,false,false
2026-08-10,8,3,2026-08,2026-08-10T03:30,15.57,21.74,21.74,21.74,false,false
2026-08-10,9,4,2026-08,2026-08-10T04:00,15.8,24.44,24.44,24.44,false,false
2026-08-10,10,4,2026-08,2026-08-10T04:30,16.3,22.77,22.77,22.77,false,false
2026-08-10,11,5,2026-08,2026-08-10T05:00,15.22,23.04,23.04,23.04,false,false
2026-08-10,12,5,2026-08,2026-08-10T05:30,16.67,21.6,21.6,21.6,false,false
2026-08-10,13,6,2026-08,2026-08-10T06:00,15.0,18.96,18.96,18.96,false,false
2026-08-10,14,6,2026-08,2026-08-10T06:30,15.43,23.54,23.54,23.54,false,false
2026-08-10,15,7,2026-08,2026-08-10T07:00,16.11,20.87,20.87,20.87,false,false
2026-08-10,16,7,2026-08,2026-08-10T07:30,16.69,26.69,26.69,26.69,false,false
2026-08-10,17,8,2026-08,2026-08-10T08:00,15.01,18.99,18.99,18.99,false,false
2026-08-10,18,8,2026-08,2026-08-10T08:30,16.31,22.54,22.54,22.54,false,false
2026-08-10,19,9,2026-08,2026-08-10T09:00,15.7,24.76,24.76,24.76,false,false
2026-08-10,20,9,2026-08,2026-08-10T09:30,15.68,28.07,28.07,28.07,false,false
2026-08-10,21,10,2026-08,2026-08-10T10:00,16.16,18.59,18.59,18.59,false,false
2026-08-10,22,10,2026-08,2026-08-10T10:30,16.46,28.32,28.32,28.32,false,false
2026-08-10,23,11,2026-08,2026-08-10T11:00,16.61,25.78,25.78,25.78,false,false
2026-08-10,24,11,2026-08,2026-08-10T11:30,17.19,23.75,23.75,23.75,false,false
2026-08-10,25,12,2026-08,2026-08-10T12:00,16.72,24.89,24.89,24.89,false,false
2026-08-10,26,12,2026-08,2026-08-10T12:30,16.8,25.4,25.4,25.4,false,false
2026-08-10,27,13,2026-08,2026-08-10T13:00,16.52,31.67,31.67,31.67,false,false
2026-08-10,28,13,2026-08,2026-08-10T13:30,16.81,29.07,29.07,29.07,false,false
2026-08-10,29,14,2026-08,2026-08-10T14:00,15.04,31.17,31.17,31.17,false,false
2026-08-10,30,14,2026-08,2026-08-10T14:30,16.81,29.09,29.09,29.09,false,false
2026-08-10,31,15,2026-08,2026-08-10T15:00,15.03,30.57,30.57,30.57,false,false
2026-08-10,32,15,2026-08,2026-08-10T15:30,14.38,37.75,37.75,37.75,false,false
2026-08-10,33,16,2026-08,2026-08-10T16:00,12.63,36.95,36.95,36.95,false,false
2026-08-10,34,16,2026-08,2026-08-10T16:30,12.05,36.72,36.72,36.72,false,false
2026-08-10,35,17,2026-08,2026-08-10T17:00,10.7,42.46,42.46,42.46,false,false
2026-08-10,36,17,2026-08,2026-08-10T17:30,9.22,39.16,39.16,39.16,true,false
2026-08-10,37,18,2026-08,2026-08-10T18:00,9.2,34.73,34.73,34.73,true,false
2026-08-10,38,18,2026-08,2026-08-10T18:30,9.94,33.41,33.41,33.41,true,false
2026-08-10,39,19,2026-08,2026-08-10T19:00,12.1,35.98,35.98,35.98,false,false
2026-08-10,40,19,2026-08,2026-08-10T19:30,12.32,32.84,32.84,32.84,false,false
2026-08-10,41,20,2026-08,2026-08-10T20:00,13.67,36.65,36.65,36.65,false,false
2026-08-10,42,20,2026-08,2026-08-10T20:30,14.81,30.57,30.57,30.57,false,false
2026-08-10,43,21,2026-08,2026-08-10T21:00,15.96,31.69,31.69,31.69,false,false
2026-08-10,44,21,2026-08,2026-08-10T21:30,14.41,34.37,34.37,34.37,false,false
2026-08-10,45,22,2026-08,2026-08-10T22:00,15.79,29.88,29.88,29.88,false,false
2026-08-10,46,22,2026-08,2026-08-10T22:30,14.94,25.94,25.94,25.94,false,false
2026-08-10,47,23,2026-08,2026-08-10T23:00,14.25,24.28,24.28,24.28,false,false
2026-08-10,48,23,2026-08,2026-08-10T23:30,15.55,27.05,27.05,27.05,false,false
2026-08-11,1,0,2026-08,2026-08-11T00:00,16.78,17.8,17.8,17.8,false,false
2026-08-11,2,0,2026-08,2026-08-11T00:30,17.69,15.73,15.73,15.73,false,false
2026-08-11,3,1,2026-08,2026-08-11T01:00,18.89,14.55,14.55,14.55,false,false
2026-08-11,4,1,2026-08,2026-08-11T01:30,19.06,16.63,16.63,16.63,false,false
2026-08-11,5,2,2026-08,2026-08-11T02:00,18.97,17.53,17.53,17.53,false,false
2026-08-11,6,2,2026-08,2026-08-11T02:30,18.54,15.33,15.33,15.33,false,false
2026-08-11,7,3,2026-08,2026-08-11T03:00,18.57,21.9,21.9,21.9,false,false
2026-08-11,8,3,2026-08,2026-08-11T03:30,18.6,17.58,17.58,17.58,false,false
2026-08-11,9,4,2026-08,2026-08-11T04:00,18.6,16.73,16.73,16.73,false,false
2026-08-11,10,4,2026-08,2026-08-11T04:30,18.86,15.63,15.63,15.63,false,false
2026-08-11,11,5,2026-08,2026-08-11T05:00,18.24,16.44,16.44,16.44,false,false
2026-08-11,12,5,2026-08,2026-08-11T05:30,18.11,17.21,17.21,17.21,false,false
2026-08-11,13,6,2026-08,2026-08-11T06:00,17.52,16.39,16.39,16.39,false,false
2026-08-11,14,6,2026-08,2026-08-11T06:30,18.96,16.79,16.79,16.79,false,false
2026-08-11,15,7,2026-08,2026-08-11T07:00,19.06,15.28,15.28,15.28,false,false
2026-08-11,16,7,2026-08,2026-08-11T07:30,17.03,17.38,17.38,17.38,false,false
2026-08-11,17,8,2026-08,2026-08-11T08:00,17.58,15.81,15.81,15.81,false,false
2026-08-11,18,8,2026-08,2026-08-11T08:30,18.98,15.47,15.47,15.47,false,false
2026-08-11,19,9,2026-08,2026-08-11T09:00,18.55,20.7,20.7,20.7,false,false
2026-08-11,20,9,2026-08,2026-08-11T09:30,18.46,15.72,15.72,15.72,false,false
2026-08-11,21,10,2026-08,2026-08-11T10:00,19.38,16.02,16.02,16.02,false,false
2026-08-11,22,10,2026-08,2026-08-11T10:30,19.62,19.09,19.09,19.09,false,false
2026-08-11,23,11,2026-08,2026-08-11T11:00,19.44,21.58,21.58,21.58,false,false
2026-08-11,24,11,2026-08,2026-08-11T11:30,19.07,19.25,19.25,19.25,false,false
2026-08-11,25,12,2026-08,2026-08-11T12:00,19.99,15.13,15.13,15.13,false,false
2026-08-11,26,12,2026-08,2026-08-11T12:30,20.52,16.99,16.99,16.99,false,false
2026-08-11,27,13,2026-08,2026-08-11T13:00,19.8,26.37,26.37,26.37,false,false
2026-08-11,28,13,2026-08,2026-08-11T13:30,20.74,22.14,22.14,22.14,false,false
2026-08-11,29,14,2026-08,2026-08-11T14:00,19.49,24.08,24.08,24.08,false,false
2026-08-11,30,14,2026-08,2026-08-11T14:30,20.74,26.32,26.32,26.32,false,false
2026-08-11,31,15,2026-08,2026-08-11T15:00,17.51,30.52,30.52,30.52,false,false
2026-08-11,32,15,2026-08,2026-08-11T15:30,17.36,23.21,23.21,23.21,false,false
2026-08-11,33,16,2026-08,2026-08-11T16:00,16.23,23.6,23.6,23.6,false,false
2026-08-11,34,16,2026-08,2026-08-11T16:30,14.75,29.13,29.13,29.13,false,false
2026-08-11,35,17,2026-08,2026-08-11T17:00,14.61,29.98,29.98,29.98,false,false
2026-08-11,36,17,2026-08,2026-08-11T17:30,12.57,30.77,30.77,30.77,false,false
2026-08-11,37,18,2026-08,2026-08-11T18:00,13.53,29.18,29.18,29.18,false,false
2026-08-11,38,18,2026-08,2026-08-11T18:30,13.43,25.5,25.5,25.5,false,false
2026-08-11,39,19,2026-08,2026-08-11T19:00,13.6,26.56,26.56,26.56,false,false
2026-08-11,40,19,2026-08,2026-08-11T19:30,16.46,23.79,23.79,23.79,false,false
2026-08-11,41,20,2026-08,2026-08-11T20:00,16.93,22.37,22.37,22.37,false,false
2026-08-11,42,20,2026-08,2026-08-11T20:30,18.1,21.59,21.59,21.59,false,false
2026-08-11,43,21,2026-08,2026-08-11T21:00,18.18,20.67,20.67,20.67,false,false
2026-08-11,44,21,2026-08,2026-08-11T21:30,18.96,19.2,19.2,19.2,false,false
2026-08-11,45,22,2026-08,2026-08-11T22:00,19.13,19.6,19.6,19.6,false,false
2026-08-11,46,22,2026-08,2026-08-11T22:30,19.47,19.81,19.81,19.81,false,false
2026-08-11,47,23,2026-08,2026-08-11T23:00,18.72,18.35,18.35,18.35,false,false
2026-08-11,48,23,2026-08,2026-08-11T23:30,18.78,18.27,18.27,18.27,false,false
2026-08-12,1,0,2026-08,2026-08-12T00:00,16.49,21.32,21.32,21.32,false,false
2026-08-12,2,0,2026-08,2026-08-12T00:30,16.4,19.21,19.21,19.21,false,false
2026-08-12,3,1,2026-08,2026-08-12T01:00,16.0,19.06,19.06,19.06,false,false
2026-08-12,4,1,2026-08,2026-08-12T01:30,15.97,16.99,16.99,16.99,false,false
2026-08-12,5,2,2026-08,2026-08-12T02:00,16.1,18.33,18.33,18.33,false,false
2026-08-12,6,2,2026-08,2026-08-12T02:30,15.13,17.42,17.42,17.42,false,false
2026-08-12,7,3,2026-08,2026-08-12T03:00,15.05,16.06,16.06,16.06,false,false
2026-08-12,8,3,2026-08,2026-08-12T03:30,15.74,18.18,18.18,18.18,false,false
2026-08-12,9,4,2026-08,2026-08-12T04:00,14.69,19.14,19.14,19.14,false,false
2026-08-12,10,4,2026-08,2026-08-12T04:30,16.59,19.06,19.06,19.06,false,false
2026-08-12,11,5,2026-08,2026-08-12T05:00,16.99,18.3,18.3,18.3,false,false
2026-08-12,12,5,2026-08,2026-08-12T05:30,15.96,21.61,21.61,21.61,false,false
2026-08-12,13,6,2026-08,2026-08-12T06:00,16.61,16.5,16.5,16.5,false,false
2026-08-12,14,6,2026-08,2026-08-12T06:30,16.17,17.48,17.48,17.48,false,false
2026-08-12,15,7,2026-08,2026-08-12T07:00,16.53,19.08,19.08,19.08,false,false
2026-08-12,16,7,2026-08,2026-08-12T07:30,15.89,18.89,18.89,18.89,false,false
2026-08-12,17,8,2026-08,2026-08-12T08:00,15.77,17.38,17.38,17.38,false,false
2026-08-12,18,8,2026-08,2026-08-12T08:30,15.83,19.98,19.98,19.98,false,false
2026-08-12,19,9,2026-08,2026-08-12T09:00,16.49,17.68,17.68,17.68,false,false
2026-08-12,20,9,2026-08,2026-08-12T09:30,18.07,19.95,19.95,19.95,false,false
2026-08-12,21,10,2026-08,2026-08-12T10:00,16.39,19.42,19.42,19.42,false,false
2026-08-12,22,10,2026-08,2026-08-12T10:30,15.95,19.63,19.63,19.63,false,false
2026-08-12,23,11,2026-08,2026-08-12T11:00,17.05,19.1,19.1,19.1,false,false
2026-08-12,24,11,2026-08,2026-08-12T11:30,17.7,21.1,21.1,21.1,false,false
2026-08-12,25,12,2026-08,2026-08-12T12:00,17.92,17.86,17.86,17.86,false,false
2026-08-12,26,12,2026-08,2026-08-12T12:30,17.76,24.36,24.36,24.36,false,false
2026-08-12,27,13,2026-08,2026-08-12T13:00,17.65,19.56,19.56,19.56,false,false
2026-08-12,28,13,2026-08,2026-08-12T13:30,17.22,26.97,26.97,26.97,false,false
2026-08-12,29,14,2026-08,2026-08-12T14:00,16.62,23.82,23.82,23.82,false,false
2026-08-12,30,14,2026-08,2026-08-12T14:30,17.69,24.63,24.63,24.63,false,false
2026-08-12,31,15,2026-08,2026-08-12T15:00,16.25,24.65,24.65,24.65,false,false
2026-08-12,32,15,2026-08,2026-08-12T15:30,14.49,34.17,34.17,34.17,false,false
2026-08-12,33,16,2026-08,2026-08-12T16:00,13.27,32.68,32.68,32.68,false,false
2026-08-12,34,16,2026-08,2026-08-12T16:30,11.31,34.79,34.79,34.79,false,false
2026-08-12,35,17,2026-08,2026-08-12T17:00,11.46,25.56,25.56,25.56,false,false
2026-08-12,36,17,2026-08,2026-08-12T17:30,10.27,28.46,28.46,28.46,false,false
2026-08-12,37,18,2026-08,2026-08-12T18:00,9.79,31.0,31.0,31.0,true,false
2026-08-12,38,18,2026-08,2026-08-12T18:30,11.55,30.25,30.25,30.25,false,false
2026-08-12,39,19,2026-08,2026-08-12T19:00,11.6,24.09,24.09,24.09,false,false
2026-08-12,40,19,2026-08,2026-08-12T19:30,12.28,25.86,25.86,25.86,false,false
2026-08-12,41,20,2026-08,2026-08-12T20:00,14.14,27.12,27.12,27.12,false,false
2026-08-12,42,20,2026-08,2026-08-12T20:30,15.48,27.34,27.34,27.34,false,false
2026-08-12,43,21,2026-08,2026-08-12T21:00,16.83,23.02,23.02,23.02,false,false
2026-08-12,44,21,2026-08,2026-08-12T21:30,15.65,26.04,26.04,26.04,false,false
2026-08-12,45,22,2026-08,2026-08-12T22:00,14.87,25.04,25.04,25.04,false,false
2026-08-12,46,22,2026-08,2026-08-12T22:30,16.33,18.03,18.03,18.03,false,false
2026-08-12,47,23,2026-08,2026-08-12T23:00,15.56,18.2,18.2,18.2,false,false
2026-08-12,48,23,2026-08,2026-08-12T23:30,16.17,19.05,19.05,19.05,false,false
2026-08-13,1,0,2026-08,2026-08-13T00:00,15.89,18.04,18.04,18.04,false,false
2026-08-13,2,0,2026-08,2026-08-13T00:30,16.52,14.6,14.6,14.6,false,false
2026-08-13,3,1,2026-08,2026-08-13T01:00,15.65,17.79,17.79,17.79,false,false
2026-08-13,4,1,2026-08,2026-08-13T01:30,14.67,14.3,14.3,14.3,false,false
2026-08-13,5,2,2026-08,2026-08-13T02:00,15.13,13.3,13.3,13.3,false,false
2026-08-13,6,2,2026-08,2026-08-13T02:30,14.79,18.31,18.31,18.31,false,false
2026-08-13,7,3,2026-08,2026-08-13T03:00,14.27,16.96,16.96,16.96,false,false
2026-08-13,8,3,2026-08,2026-08-13T03:30,15.51,17.55,17.55,17.55,false,false
2026-08-13,9,4,2026-08,2026-08-13T04:00,16.0,19.07,19.07,19.07,false,false
2026-08-13,10,4,2026-08,2026-08-13T04:30,16.05,18.9,18.9,18.9,false,false
2026-08-13,11,5,2026-08,2026-08-13T05:00,16.3,18.26,18.26,18.26,false,false
2026-08-13,12,5,2026-08,2026-08-13T05:30,14.97,16.78,16.78,16.78,false,false
2026-08-13,13,6,2026-08,2026-08-13T06:00,15.52,17.21,17.21,17.21,false,false
2026-08-13,14,6,2026-08,2026-08-13T06:30,15.79,15.71,15.71,15.71,false,false
2026-08-13,15,7,2026-08,2026-08-13T07:00,16.34,15.15,15.15,15.15,false,false
2026-08-13,16,7,2026-08,2026-08-13T07:30,16.05,15.1,15.1,15.1,false,false
2026-08-13,17,8,2026-08,2026-08-13T08:00,15.61,13.88,13.88,13.88,false,false
2026-08-13,18,8,2026-08,2026-08-13T08:30,15.2,15.75,15.75,15.75,false,false
2026-08-13,19,9,2026-08,2026-08-13T09:00,16.26,18.9,18.9,18.9,false,false
2026-08-13,20,9,2026-08,2026-08-13T09:30,16.38,16.91,16.91,16.91,false,false
2026-08-13,21,10,2026-08,2026-08-13T10:00,16.32,17.68,17.68,17.68,false,false
2026-08-13,22,10,2026-08,2026-08-13T10:30,16.72,15.74,15.74,15.74,false,false
2026-08-13,23,11,2026-08,2026-08-13T11:00,18.17,18.19,18.19,18.19,false,false
2026-08-13,24,11,2026-08,2026-08-13T11:30,17.84,16.42,16.42,16.42,false,false
2026-08-13,25,12,2026-08,2026-08-13T12:00,18.16,15.18,15.18,15.18,false,false
2026-08-13,26,12,2026-08,2026-08-13T12:30,17.49,18.82,18.82,18.82,false,false
2026-08-13,27,13,2026-08,2026-08-13T13:00,17.26,20.69,20.69,20.69,false,false
2026-08-13,28,13,2026-08,2026-08-13T13:30,16.73,21.91,21.91,21.91,false,false
2026-08-13,29,14,2026-08,2026-08-13T14:00,16.49,22.84,22.84,22.84,false,false
2026-08-13,30,14,2026-08,2026-08-13T14:30,16.04,24.6,24.6,24.6,false,false
2026-08-13,31,15,2026-08,2026-08-13T15:00,15.91,28.82,28.82,28.82,false,false
2026-08-13,32,15,2026-08,2026-08-13T15:30,13.29,24.72,24.72,24.72,false,false
2026-08-13,33,16,2026-08,2026-08-13T16:00,13.34,24.11,24.11,24.11,false,false
2026-08-13,34,16,2026-08,2026-08-13T16:30,11.79,29.6,29.6,29.6,false,false
2026-08-13,35,17,2026-08,2026-08-13T17:00,9.91,30.01,30.01,30.01,true,false
2026-08-13,36,17,2026-08,2026-08-13T17:30,7.46,61.74,61.74,61.74,true,false
2026-08-13,37,18,2026-08,2026-08-13T18:00,9.3,26.89,26.89,26.89,true,false
2026-08-13,38,18,2026-08,2026-08-13T18:30,9.07,28.65,28.65,28.65,true,false
2026-08-13,39,19,2026-08,2026-08-13T19:00,10.97,29.04,29.04,29.04,false,false
2026-08-13,40,19,2026-08,2026-08-13T19:30,13.54,23.24,23.24,23.24,false,false
2026-08-13,41,20,2026-08,2026-08-13T20:00,14.18,22.7,22.7,22.7,false,false
2026-08-13,42,20,2026-08,2026-08-13T20:30,14.72,22.11,22.11,22.11,false,false
2026-08-13,43,21,2026-08,2026-08-13T21:00,16.17,21.11,21.11,21.11,false,false
2026-08-13,44,21,2026-08,2026-08-13T21:30,15.81,22.32,22.32,22.32,false,false
2026-08-13,45,22,2026-08,2026-08-13T22:00,16.53,15.99,15.99,15.99,false,false
2026-08-13,46,22,2026-08,2026-08-13T22:30,15.18,15.77,15.77,15.77,false,false
2026-08-13,47,23,2026-08,2026-08-13T23:00,16.56,20.76,20.76,20.76,false,false
2026-08-13,48,23,2026-08,2026-08-13T23:30,15.89,20.06,20.06,20.06,false,false
2026-08-14,1,0,2026-08,2026-08-14T00:00,14.56,19.81,19.81,19.81,false,false
2026-08-14,2,0,2026-08,2026-08-14T00:30,14.83,18.48,18.48,18.48,false,false
2026-08-14,3,1,2026-08,2026-08-14T01:00,14.12,22.72,22.72,22.72,false,false
2026-08-14,4,1,2026-08,2026-08-14T01:30,13.85,20.04,20.04,20.04,false,false
2026-08-14,5,2,2026-08,2026-08-14T02:00,14.88,23.0,23.0,23.0,false,false
2026-08-14,6,2,2026-08,2026-08-14T02:30,15.98,22.87,22.87,22.87,false,false
2026-08-14,7,3,2026-08,2026-08-14T03:00,13.9,21.64,21.64,21.64,false,false
2026-08-14,8,3,2026-08,2026-08-14T03:30,14.9,26.03,26.03,26.03,false,false
2026-08-14,9,4,2026-08,2026-08-14T04:00,13.94,22.27,22.27,22.27,false,false
2026-08-14,10,4,2026-08,2026-08-14T04:30,14.37,19.15,19.15,19.15,false,false
2026-08-14,11,5,2026-08,2026-08-14T05:00,14.88,24.23,24.23,24.23,false,false
2026-08-14,12,5,2026-08,2026-08-14T05:30,16.09,23.81,23.81,23.81,false,false
2026-08-14,13,6,2026-08,2026-08-14T06:00,14.36,20.36,20.36,20.36,false,false
2026-08-14,14,6,2026-08,2026-08-14T06:30,14.67,20.95,20.95,20.95,false,false
2026-08-14,15,7,2026-08,2026-08-14T07:00,14.86,17.49,17.49,17.49,false,false
2026-08-14,16,7,2026-08,2026-08-14T07:30,14.11,19.8,19.8,19.8,false,false
2026-08-14,17,8,2026-08,2026-08-14T08:00,14.71,22.46,22.46,22.46,false,false
2026-08-14,18,8,2026-08,2026-08-14T08:30,14.52,20.19,20.19,20.19,false,false
2026-08-14,19,9,2026-08,2026-08-14T09:00,15.12,21.06,21.06,21.06,false,false
2026-08-14,20,9,2026-08,2026-08-14T09:30,15.3,24.31,24.31,24.31,false,false
2026-08-14,21,10,2026-08,2026-08-14T10:00,16.28,23.77,23.77,23.77,false,false
2026-08-14,22,10,2026-08,2026-08-14T10:30,14.83,18.87,18.87,18.87,false,false
2026-08-14,23,11,2026-08,2026-08-14T11:00,15.53,23.35,23.35,23.35,false,false
2026-08-14,24,11,2026-08,2026-08-14T11:30,16.74,19.53,19.53,19.53,false,false
2026-08-14,25,12,2026-08,2026-08-14T12:00,16.36,18.22,18.22,18.22,false,false
2026-08-14,26,12,2026-08,2026-08-14T12:30,16.26,30.03,30.03,30.03,false,false
2026-08-14,27,13,2026-08,2026-08-14T13:00,16.66,26.74,26.74,26.74,false,false
2026-08-14,28,13,2026-08,2026-08-14T13:30,16.6,29.81,29.81,29.81,false,false
2026-08-14,29,14,2026-08,2026-08-14T14:00,16.6,26.29,26.29,26.29,false,false
2026-08-14,30,14,2026-08,2026-08-14T14:30,15.14,27.96,27.96,27.96,false,false
2026-08-14,31,15,2026-08,2026-08-14T15:00,15.4,36.78,36.78,36.78,false,false
2026-08-14,32,15,2026-08,2026-08-14T15:30,12.95,42.03,42.03,42.03,false,false
2026-08-14,33,16,2026-08,2026-08-14T16:00,11.1,36.13,36.13,36.13,false,false
2026-08-14,34,16,2026-08,2026-08-14T16:30,10.5,37.06,37.06,37.06,false,false
2026-08-14,35,17,2026-08,2026-08-14T17:00,8.6,33.17,33.17,33.17,true,false
2026-08-14,36,17,2026-08,2026-08-14T17:30,7.03,75.07,75.07,75.07,true,false
2026-08-14,37,18,2026-08,2026-08-14T18:00,8.1,42.75,42.75,42.75,true,false
2026-08-14,38,18,2026-08,2026-08-14T18:30,8.11,42.53,42.53,42.53,true,false
2026-08-14,39,19,2026-08,2026-08-14T19:00,9.45,39.02,39.02,39.02,true,false
2026-08-14,40,19,2026-08,2026-08-14T19:30,11.0,28.24,28.24,28.24,false,false
2026-08-14,41,20,2026-08,2026-08-14T20:00,13.18,29.31,29.31,29.31,false,false
2026-08-14,42,20,2026-08,2026-08-14T20:30,14.59,27.4,27.4,27.4,false,false
2026-08-14,43,21,2026-08,2026-08-14T21:00,14.18,24.24,24.24,24.24,false,false
2026-08-14,44,21,2026-08,2026-08-14T21:30,13.48,25.05,25.05,25.05,false,false
2026-08-14,45,22,2026-08,2026-08-14T22:00,13.53,23.55,23.55,23.55,false,false
2026-08-14,46,22,2026-08,2026-08-14T22:30,14.5,20.96,20.96,20.96,false,false
2026-08-14,47,23,2026-08,2026-08-14T23:00,14.82,20.27,20.27,20.27,false,false
2026-08-14,48,23,2026-08,2026-08-14T23:30,16.25,27.27,27.27,27.27,false,false
2026-08-15,1,0,2026-08,2026-08-15T00:00,17.69,20.02,20.02,20.02,false,false
2026-08-15,2,0,2026-08,2026-08-15T00:30,17.08,17.21,17.21,17.21,false,false
2026-08-15,3,1,2026-08,2026-08-15T01:00,18.01,16.15,16.15,16.15,false,false
2026-08-15,4,1,2026-08,2026-08-15T01:30,17.76,14.82,14.82,14.82,false,false
2026-08-15,5,2,2026-08,2026-08-15T02:00,17.57,18.89,18.89,18.89,false,false
2026-08-15,6,2,2026-08,2026-08-15T02:30,17.62,19.6,19.6,19.6,false,false
2026-08-15,7,3,2026-08,2026-08-15T03:00,18.77,15.16,15.16,15.16,false,false
2026-08-15,8,3,2026-08,2026-08-15T03:30,17.77,16.87,16.87,16.87,false,false
2026-08-15,9,4,2026-08,2026-08-15T04:00,18.07,17.19,17.19,17.19,false,false
2026-08-15,10,4,2026-08,2026-08-15T04:30,17.34,17.83,17.83,17.83,false,false
2026-08-15,11,5,2026-08,2026-08-15T05:00,17.98,15.95,15.95,15.95,false,false
2026-08-15,12,5,2026-08,2026-08-15T05:30,18.22,11.52,11.52,11.52,false,false
2026-08-15,13,6,2026-08,2026-08-15T06:00,17.31,16.93,16.93,16.93,false,false
2026-08-15,14,6,2026-08,2026-08-15T06:30,17.43,15.4,15.4,15.4,false,false
2026-08-15,15,7,2026-08,2026-08-15T07:00,18.01,14.84,14.84,14.84,false,false
2026-08-15,16,7,2026-08,2026-08-15T07:30,17.28,14.57,14.57,14.57,false,false
2026-08-15,17,8,2026-08,2026-08-15T08:00,18.3,16.95,16.95,16.95,false,false
2026-08-15,18,8,2026-08,2026-08-15T08:30,18.65,16.28,16.28,16.28,false,false
2026-08-15,19,9,2026-08,2026-08-15T09:00,18.02,17.12,17.12,17.12,false,false
2026-08-15,20,9,2026-08,2026-08-15T09:30,19.1,16.42,16.42,16.42,false,false
2026-08-15,21,10,2026-08,2026-08-15T10:00,18.28,15.79,15.79,15.79,false,false
2026-08-15,22,10,2026-08,2026-08-15T10:30,19.17,20.07,20.07,20.07,false,false
2026-08-15,23,11,2026-08,2026-08-15T11:00,19.68,17.55,17.55,17.55,false,false
2026-08-15,24,11,2026-08,2026-08-15T11:30,19.94,16.26,16.26,16.26,false,false
2026-08-15,25,12,2026-08,2026-08-15T12:00,19.89,16.64,16.64,16.64,false,false
2026-08-15,26,12,2026-08,2026-08-15T12:30,19.86,18.96,18.96,18.96,false,false
2026-08-15,27,13,2026-08,2026-08-15T13:00,19.87,21.92,21.92,21.92,false,false
2026-08-15,28,13,2026-08,2026-08-15T13:30,19.27,25.29,25.29,25.29,false,false
2026-08-15,29,14,2026-08,2026-08-15T14:00,19.1,24.95,24.95,24.95,false,false
2026-08-15,30,14,2026-08,2026-08-15T14:30,20.19,22.61,22.61,22.61,false,false
2026-08-15,31,15,2026-08,2026-08-15T15:00,16.84,22.25,22.25,22.25,false,false
2026-08-15,32,15,2026-08,2026-08-15T15:30,16.71,27.9,27.9,27.9,false,false
2026-08-15,33,16,2026-08,2026-08-15T16:00,14.48,29.46,29.46,29.46,false,false
2026-08-15,34,16,2026-08,2026-08-15T16:30,14.33,25.53,25.53,25.53,false,false
2026-08-15,35,17,2026-08,2026-08-15T17:00,12.09,24.06,24.06,24.06,false,false
2026-08-15,36,17,2026-08,2026-08-15T17:30,10.57,25.9,25.9,25.9,false,false
2026-08-15,37,18,2026-08,2026-08-15T18:00,12.43,24.23,24.23,24.23,false,false
2026-08-15,38,18,2026-08,2026-08-15T18:30,13.32,27.9,27.9,27.9,false,false
2026-08-15,39,19,2026-08,2026-08-15T19:00,13.56,21.01,21.01,21.01,false,false
2026-08-15,40,19,2026-08,2026-08-15T19:30,15.38,25.72,25.72,25.72,false,false
2026-08-15,41,20,2026-08,2026-08-15T20:00,16.5,26.64,26.64,26.64,false,false
2026-08-15,42,20,2026-08,2026-08-15T20:30,17.25,20.71,20.71,20.71,false,false
2026-08-15,43,21,2026-08,2026-08-15T21:00,18.01,22.93,22.93,22.93,false,false
2026-08-15,44,21,2026-08,2026-08-15T21:30,18.47,18.18,18.18,18.18,false,false
2026-08-15,45,22,2026-08,2026-08-15T22:00,18.01,19.96,19.96,19.96,false,false
2026-08-15,46,22,2026-08,2026-08-15T22:30,17.74,18.77,18.77,18.77,false,false
2026-08-15,47,23,2026-08,2026-08-15T23:00,17.97,19.29,19.29,19.29,false,false
2026-08-15,48,23,2026-08,2026-08-15T23:30,17.38,15.37,15.37,15.37,false,false
2026-08-16,1,0,2026-08,2026-08-16T00:00,15.78,11.92,11.92,11.92,false,false
2026-08-16,2,0,2026-08,2026-08-16T00:30,15.59,13.51,13.51,13.51,false,false
2026-08-16,3,1,2026-08,2026-08-16T01:00,15.12,12.28,12.28,12.28,false,false
2026-08-16,4,1,2026-08,2026-08-16T01:30,15.78,15.12,15.12,15.12,false,false
2026-08-16,5,2,2026-08,2026-08-16T02:00,15.57,13.23,13.23,13.23,false,false
2026-08-16,6,2,2026-08,2026-08-16T02:30,14.78,11.88,11.88,11.88,false,false
2026-08-16,7,3,2026-08,2026-08-16T03:00,16.39,12.8,12.8,12.8,false,false
2026-08-16,8,3,2026-08,2026-08-16T03:30,16.11,12.49,12.49,12.49,false,false
2026-08-16,9,4,2026-08,2026-08-16T04:00,15.82,13.87,13.87,13.87,false,false
2026-08-16,10,4,2026-08,2026-08-16T04:30,16.63,13.86,13.86,13.86,false,false
2026-08-16,11,5,2026-08,2026-08-16T05:00,15.98,10.58,10.58,10.58,false,false
2026-08-16,12,5,2026-08,2026-08-16T05:30,16.47,12.72,12.72,12.72,false,false
2026-08-16,13,6,2026-08,2026-08-16T06:00,16.19,12.16,12.16,12.16,false,false
2026-08-16,14,6,2026-08,2026-08-16T06:30,16.63,10.87,10.87,10.87,false,false
2026-08-16,15,7,2026-08,2026-08-16T07:00,16.37,12.12,12.12,12.12,false,false
2026-08-16,16,7,2026-08,2026-08-16T07:30,15.37,13.09,13.09,13.09,false,false
2026-08-16,17,8,2026-08,2026-08-16T08:00,15.11,14.03,14.03,14.03,false,false
2026-08-16,18,8,2026-08,2026-08-16T08:30,15.93,11.35,11.35,11.35,false,false
2026-08-16,19,9,2026-08,2026-08-16T09:00,16.51,11.4,11.4,11.4,false,false
2026-08-16,20,9,2026-08,2026-08-16T09:30,16.23,13.4,13.4,13.4,false,false
2026-08-16,21,10,2026-08,2026-08-16T10:00,17.09,14.89,14.89,14.89,false,false
2026-08-16,22,10,2026-08,2026-08-16T10:30,17.18,14.74,14.74,14.74,false,false
2026-08-16,23,11,2026-08,2026-08-16T11:00,17.6,13.34,13.34,13.34,false,false
2026-08-16,24,11,2026-08,2026-08-16T11:30,16.74,13.79,13.79,13.79,false,false
2026-08-16,25,12,2026-08,2026-08-16T12:00,18.16,11.69,11.69,11.69,false,false
2026-08-16,26,12,2026-08,2026-08-16T12:30,16.99,16.62,16.62,16.62,false,false
2026-08-16,27,13,2026-08,2026-08-16T13:00,17.37,14.53,14.53,14.53,false,false
2026-08-16,28,13,2026-08,2026-08-16T13:30,18.14,18.0,18.0,18.0,false,false
2026-08-16,29,14,2026-08,2026-08-16T14:00,17.15,16.69,16.69,16.69,false,false
2026-08-16,30,14,2026-08,2026-08-16T14:30,16.76,20.81,20.81,20.81,false,false
2026-08-16,31,15,2026-08,2026-08-16T15:00,14.63,23.34,23.34,23.34,false,false
2026-08-16,32,15,2026-08,2026-08-16T15:30,15.34,23.79,23.79,23.79,false,false
2026-08-16,33,16,2026-08,2026-08-16T16:00,12.75,23.93,23.93,23.93,false,false
2026-08-16,34,16,2026-08,2026-08-16T16:30,13.6,24.88,24.88,24.88,false,false
2026-08-16,35,17,2026-08,2026-08-16T17:00,10.82,23.57,23.57,23.57,false,false
2026-08-16,36,17,2026-08,2026-08-16T17:30,9.92,17.74,17.74,17.74,true,false
2026-08-16,37,18,2026-08,2026-08-16T18:00,9.07,23.67,23.67,23.67,true,false
2026-08-16,38,18,2026-08,2026-08-16T18:30,10.07,16.99,16.99,16.99,false,false
2026-08-16,39,19,2026-08,2026-08-16T19:00,11.56,21.65,21.65,21.65,false,false
2026-08-16,40,19,2026-08,2026-08-16T19:30,13.71,20.8,20.8,20.8,false,false
2026-08-16,41,20,2026-08,2026-08-16T20:00,13.85,18.92,18.92,18.92,false,false
2026-08-16,42,20,2026-08,2026-08-16T20:30,16.09,15.53,15.53,15.53,false,false
2026-08-16,43,21,2026-08,2026-08-16T21:00,15.61,17.55,17.55,17.55,false,false
2026-08-16,44,21,2026-08,2026-08-16T21:30,16.34,13.37,13.37,13.37,false,false
2026-08-16,45,22,2026-08,2026-08-16T22:00,15.27,11.67,11.67,11.67,false,false
2026-08-16,46,22,2026-08,2026-08-16T22:30,15.51,13.53,13.53,13.53,false,false
2026-08-16,47,23,2026-08,2026-08-16T23:00,15.83,12.06,12.06,12.06,false,false
2026-08-16,48,23,2026-08,2026-08-16T23:30,15.32,12.73,12.73,12.73,false,false
2026-08-17,1,0,2026-08,2026-08-17T00:00,13.04,13.62,13.62,13.62,false,false
2026-08-17,2,0,2026-08,2026-08-17T00:30,13.79,16.99,16.99,16.99,false,false
2026-08-17,3,1,2026-08,2026-08-17T01:00,13.65,16.83,16.83,16.83,false,false
2026-08-17,4,1,2026-08,2026-08-17T01:30,12.74,12.81,12.81,12.81,false,false
2026-08-17,5,2,2026-08,2026-08-17T02:00,13.71,16.13,16.13,16.13,false,false
2026-08-17,6,2,2026-08,2026-08-17T02:30,12.43,15.98,15.98,15.98,false,false
2026-08-17,7,3,2026-08,2026-08-17T03:00,12.32,17.52,17.52,17.52,false,false
2026-08-17,8,3,2026-08,2026-08-17T03:30,13.07,15.95,15.95,15.95,false,false
2026-08-17,9,4,2026-08,2026-08-17T04:00,13.22,12.98,12.98,12.98,false,false
2026-08-17,10,4,2026-08,2026-08-17T04:30,13.42,18.57,18.57,18.57,false,false
2026-08-17,11,5,2026-08,2026-08-17T05:00,14.02,14.6,14.6,14.6,false,false
2026-08-17,12,5,2026-08,2026-08-17T05:30,13.14,15.76,15.76,15.76,false,false
2026-08-17,13,6,2026-08,2026-08-17T06:00,12.17,13.43,13.43,13.43,false,false
2026-08-17,14,6,2026-08,2026-08-17T06:30,12.93,14.85,14.85,14.85,false,false
2026-08-17,15,7,2026-08,2026-08-17T07:00,12.57,12.98,12.98,12.98,false,false
2026-08-17,16,7,2026-08,2026-08-17T07:30,13.87,17.15,17.15,17.15,false,false
2026-08-17,17,8,2026-08,2026-08-17T08:00,12.62,17.27,17.27,17.27,false,false
2026-08-17,18,8,2026-08,2026-08-17T08:30,12.55,13.39,13.39,13.39,false,false
2026-08-17,19,9,2026-08,2026-08-17T09:00,13.22,18.88,18.88,18.88,false,false
2026-08-17,20,9,2026-08,2026-08-17T09:30,13.96,17.49,17.49,17.49,false,false
2026-08-17,21,10,2026-08,2026-08-17T10:00,14.96,16.31,16.31,16.31,false,false
2026-08-17,22,10,2026-08,2026-08-17T10:30,15.2,16.83,16.83,16.83,false,false
2026-08-17,23,11,2026-08,2026-08-17T11:00,14.95,15.68,15.68,15.68,false,false
2026-08-17,24,11,2026-08,2026-08-17T11:30,14.2,17.1,17.1,17.1,false,false
2026-08-17,25,12,2026-08,2026-08-17T12:00,14.59,15.94,15.94,15.94,false,false
2026-08-17,26,12,2026-08,2026-08-17T12:30,15.5,17.73,17.73,17.73,false,false
2026-08-17,27,13,2026-08,2026-08-17T13:00,13.74,18.48,18.48,18.48,false,false
2026-08-17,28,13,2026-08,2026-08-17T13:30,14.71,23.49,23.49,23.49,false,false
2026-08-17,29,14,2026-08,2026-08-17T14:00,14.19,18.78,18.78,18.78,false,false
2026-08-17,30,14,2026-08,2026-08-17T14:30,14.9,21.39,21.39,21.39,false,false
2026-08-17,31,15,2026-08,2026-08-17T15:00,12.86,22.21,22.21,22.21,false,false
2026-08-17,32,15,2026-08,2026-08-17T15:30,11.93,24.77,24.77,24.77,false,false
2026-08-17,33,16,2026-08,2026-08-17T16:00,10.31,24.38,24.38,24.38,false,false
2026-08-17,34,16,2026-08,2026-08-17T16:30,9.38,22.99,22.99,22.99,true,false
2026-08-17,35,17,2026-08,2026-08-17T17:00,7.52,59.88,59.88,59.88,true,false
2026-08-17,36,17,2026-08,2026-08-17T17:30,6.2,100.8,100.8,100.8,true,false
2026-08-17,37,18,2026-08,2026-08-17T18:00,6.41,94.29,94.29,94.29,true,false
2026-08-17,38,18,2026-08,2026-08-17T18:30,7.16,71.04,71.04,71.04,true,false
2026-08-17,39,19,2026-08,2026-08-17T19:00,8.07,43.42,43.42,43.42,true,false
2026-08-17,40,19,2026-08,2026-08-17T19:30,9.42,19.22,19.22,19.22,true,false
2026-08-17,41,20,2026-08,2026-08-17T20:00,11.82,21.42,21.42,21.42,false,false
2026-08-17,42,20,2026-08,2026-08-17T20:30,12.56,17.68,17.68,17.68,false,false
2026-08-17,43,21,2026-08,2026-08-17T21:00,14.09,17.39,17.39,17.39,false,false
2026-08-17,44,21,2026-08,2026-08-17T21:30,14.39,16.01,16.01,16.01,false,false
2026-08-17,45,22,2026-08,2026-08-17T22:00,12.59,15.14,15.14,15.14,false,false
2026-08-17,46,22,2026-08,2026-08-17T22:30,12.38,20.35,20.35,20.35,false,false
2026-08-17,47,23,2026-08,2026-08-17T23:00,13.28,18.02,18.02,18.02,false,false
2026-08-17,48,23,2026-08,2026-08-17T23:30,13.14,13.73,13.73,13.73,false,false
2026-08-18,1,0,2026-08,2026-08-18T00:00,13.71,14.71,14.71,14.71,false,false
2026-08-18,2,0,2026-08,2026-08-18T00:30,14.68,15.37,15.37,15.37,false,false
2026-08-18,3,1,2026-08,2026-08-18T01:00,13.83,18.22,18.22,18.22,false,false
2026-08-18,4,1,2026-08,2026-08-18T01:30,14.72,15.96,15.96,15.96,false,false
2026-08-18,5,2,2026-08,2026-08-18T02:00,14.63,19.78,19.78,19.78,false,false
2026-08-18,6,2,2026-08,2026-08-18T02:30,15.0,18.58,18.58,18.58,false,false
2026-08-18,7,3,2026-08,2026-08-18T03:00,14.22,18.52,18.52,18.52,false,false
2026-08-18,8,3,2026-08,2026-08-18T03:30,13.17,14.32,14.32,14.32,false,false
2026-08-18,9,4,2026-08,2026-08-18T04:00,14.92,13.28,13.28,13.28,false,false
2026-08-18,10,4,2026-08,2026-08-18T04:30,14.45,17.02,17.02,17.02,false,false
2026-08-18,11,5,2026-08,2026-08-18T05:00,15.3,14.3,14.3,14.3,false,false
2026-08-18,12,5,2026-08,2026-08-18T05:30,15.06,14.43,14.43,14.43,false,false
2026-08-18,13,6,2026-08,2026-08-18T06:00,14.07,16.04,16.04,16.04,false,false
2026-08-18,14,6,2026-08,2026-08-18T06:30,15.74,17.56,17.56,17.56,false,false
2026-08-18,15,7,2026-08,2026-08-18T07:00,15.04,17.68,17.68,17.68,false,false
2026-08-18,16,7,2026-08,2026-08-18T07:30,14.54,17.85,17.85,17.85,false,false
2026-08-18,17,8,2026-08,2026-08-18T08:00,15.1,18.64,18.64,18.64,false,false
2026-08-18,18,8,2026-08,2026-08-18T08:30,13.62,16.85,16.85,16.85,false,false
2026-08-18,19,9,2026-08,2026-08-18T09:00,14.36,17.79,17.79,17.79,false,false
2026-08-18,20,9,2026-08,2026-08-18T09:30,15.0,20.97,20.97,20.97,false,false
2026-08-18,21,10,2026-08,2026-08-18T10:00,15.22,13.91,13.91,13.91,false,false
2026-08-18,22,10,2026-08,2026-08-18T10:30,15.58,16.94,16.94,16.94,false,false
2026-08-18,23,11,2026-08,2026-08-18T11:00,16.24,16.28,16.28,16.28,false,false
2026-08-18,24,11,2026-08,2026-08-18T11:30,17.07,14.61,14.61,14.61,false,false
2026-08-18,25,12,2026-08,2026-08-18T12:00,16.65,19.41,19.41,19.41,false,false
2026-08-18,26,12,2026-08,2026-08-18T12:30,16.33,21.54,21.54,21.54,false,false
2026-08-18,27,13,2026-08,2026-08-18T13:00,16.49,25.64,25.64,25.64,false,false
2026-08-18,28,13,2026-08,2026-08-18T13:30,15.75,23.97,23.97,23.97,false,false
2026-08-18,29,14,2026-08,2026-08-18T14:00,15.68,22.05,22.05,22.05,false,false
2026-08-18,30,14,2026-08,2026-08-18T14:30,16.48,25.91,25.91,25.91,false,false
2026-08-18,31,15,2026-08,2026-08-18T15:00,14.48,25.41,25.41,25.41,false,false
2026-08-18,32,15,2026-08,2026-08-18T15:30,12.93,29.05,29.05,29.05,false,false
2026-08-18,33,16,2026-08,2026-08-18T16:00,10.85,31.47,31.47,31.47,false,false
2026-08-18,34,16,2026-08,2026-08-18T16:30,8.6,35.24,35.24,35.24,true,false
2026-08-18,35,17,2026-08,2026-08-18T17:00,7.53,59.57,59.57,59.57,true,false
2026-08-18,36,17,2026-08,2026-08-18T17:30,6.8,82.2,82.2,82.2,true,false
2026-08-18,37,18,2026-08,2026-08-18T18:00,6.2,100.8,100.8,100.8,true,false
2026-08-18,38,18,2026-08,2026-08-18T18:30,9.22,32.94,32.94,32.94,true,false
2026-08-18,39,19,2026-08,2026-08-18T19:00,8.8,27.0,27.0,27.0,true,false
2026-08-18,40,19,2026-08,2026-08-18T19:30,10.65,28.6,28.6,28.6,false,false
2026-08-18,41,20,2026-08,2026-08-18T20:00,12.54,23.96,23.96,23.96,false,false
2026-08-18,42,20,2026-08,2026-08-18T20:30,13.65,19.06,19.06,19.06,false,false
2026-08-18,43,21,2026-08,2026-08-18T21:00,14.87,18.95,18.95,18.95,false,false
2026-08-18,44,21,2026-08,2026-08-18T21:30,14.91,18.32,18.32,18.32,false,false
2026-08-18,45,22,2026-08,2026-08-18T22:00,12.98,17.44,17.44,17.44,false,false
2026-08-18,46,22,2026-08,2026-08-18T22:30,13.95,20.35,20.35,20.35,false,false
2026-08-18,47,23,2026-08,2026-08-18T23:00,16.28,16.82,16.82,16.82,false,false
2026-08-18,48,23,2026-08,2026-08-18T23:30,13.72,16.13,16.13,16.13,false,false
2026-08-19,1,0,2026-08,2026-08-19T00:00,18.89,14.53,14.53,14.53,false,false
2026-08-19,2,0,2026-08,2026-08-19T00:30,18.49,15.62,15.62,15.62,false,false
2026-08-19,3,1,2026-08,2026-08-19T01:00,19.36,13.92,13.92,13.92,false,false
2026-08-19,4,1,2026-08,2026-08-19T01:30,19.3,11.49,11.49,11.49,false,false
2026-08-19,5,2,2026-08,2026-08-19T02:00,18.89,15.31,15.31,15.31,false,false
2026-08-19,6,2,2026-08,2026-08-19T02:30,18.96,13.75,13.75,13.75,false,false
2026-08-19,7,3,2026-08,2026-08-19T03:00,19.59,15.09,15.09,15.09,false,false
2026-08-19,8,3,2026-08,2026-08-19T03:30,18.7,12.43,12.43,12.43,false,false
2026-08-19,9,4,2026-08,2026-08-19T04:00,17.96,15.83,15.83,15.83,false,false
2026-08-19,10,4,2026-08,2026-08-19T04:30,18.97,14.02,14.02,14.02,false,false
2026-08-19,11,5,2026-08,2026-08-19T05:00,18.61,12.54,12.54,12.54,false,false
2026-08-19,12,5,2026-08,2026-08-19T05:30,19.08,13.22,13.22,13.22,false,false
2026-08-19,13,6,2026-08,2026-08-19T06:00,19.76,14.46,14.46,14.46,false,false
2026-08-19,14,6,2026-08,2026-08-19T06:30,19.99,13.11,13.11,13.11,false,false
2026-08-19,15,7,2026-08,2026-08-19T07:00,18.85,11.0,11.0,11.0,false,false
2026-08-19,16,7,2026-08,2026-08-19T07:30,18.57,12.29,12.29,12.29,false,false
2026-08-19,17,8,2026-08,2026-08-19T08:00,18.4,11.93,11.93,11.93,false,false
2026-08-19,18,8,2026-08,2026-08-19T08:30,20.17,13.26,13.26,13.26,false,false
2026-08-19,19,9,2026-08,2026-08-19T09:00,18.25,14.81,14.81,14.81,false,false
2026-08-19,20,9,2026-08,2026-08-19T09:30,21.24,12.97,12.97,12.97,false,false
2026-08-19,21,10,2026-08,2026-08-19T10:00,20.7,12.89,12.89,12.89,false,false
2026-08-19,22,10,2026-08,2026-08-19T10:30,19.32,13.69,13.69,13.69,false,false
2026-08-19,23,11,2026-08,2026-08-19T11:00,20.74,14.72,14.72,14.72,false,false
2026-08-19,24,11,2026-08,2026-08-19T11:30,19.98,14.78,14.78,14.78,false,false
2026-08-19,25,12,2026-08,2026-08-19T12:00,20.43,16.51,16.51,16.51,false,false
2026-08-19,26,12,2026-08,2026-08-19T12:30,21.17,13.72,13.72,13.72,false,false
2026-08-19,27,13,2026-08,2026-08-19T13:00,20.22,15.61,15.61,15.61,false,false
2026-08-19,28,13,2026-08,2026-08-19T13:30,20.17,23.18,23.18,23.18,false,false
2026-08-19,29,14,2026-08,2026-08-19T14:00,19.45,24.83,24.83,24.83,false,false
2026-08-19,30,14,2026-08,2026-08-19T14:30,11.8,25.66,25.66,25.66,false,false
2026-08-19,31,15,2026-08,2026-08-19T15:00,10.9,25.65,25.65,25.65,false,false
2026-08-19,32,15,2026-08,2026-08-19T15:30,9.8,26.27,23.32,31.5,true,true
2026-08-19,33,16,2026-08,2026-08-19T16:00,7.9,48.1,31.08,85.3,true,true
2026-08-19,34,16,2026-08,2026-08-19T16:30,5.6,119.4,82.2,156.6,true,true
2026-08-19,35,17,2026-08,2026-08-19T17:00,3.9,172.1,134.9,200.0,true,true
2026-08-19,36,17,2026-08,2026-08-19T17:30,3.7,178.3,141.1,200.0,true,true
2026-08-19,37,18,2026-08,2026-08-19T18:00,3.3,190.7,153.5,200.0,true,true
2026-08-19,38,18,2026-08,2026-08-19T18:30,3.1,196.9,159.7,200.0,true,true
2026-08-19,39,19,2026-08,2026-08-19T19:00,3.8,175.2,138.0,200.0,true,true
2026-08-19,40,19,2026-08,2026-08-19T19:30,5.2,131.8,94.6,169.0,true,true
2026-08-19,41,20,2026-08,2026-08-19T20:00,6.9,79.1,42.75,116.3,true,true
2026-08-19,42,20,2026-08,2026-08-19T20:30,8.6,31.5,15.49,63.6,true,true
2026-08-19,43,21,2026-08,2026-08-19T21:00,9.9,18.31,16.25,29.25,true,true
2026-08-19,44,21,2026-08,2026-08-19T21:30,11.2,16.98,15.08,19.84,false,true
2026-08-19,45,22,2026-08,2026-08-19T22:00,19.88,16.48,14.63,19.25,false,true
2026-08-19,46,22,2026-08,2026-08-19T22:30,19.4,16.94,15.04,19.79,false,true
2026-08-19,47,23,2026-08,2026-08-19T23:00,19.36,15.46,13.73,18.06,false,true
2026-08-19,48,23,2026-08,2026-08-19T23:30,19.23,15.0,13.32,17.52,false,true
