date,slot,hour,month,start_time,tokyo_price_jpy_kwh,system_price_jpy_kwh,system_volume_mwh
2026-06-01,1,0,2026-06,2026-06-01T00:00,18.26,13.82,14757.2
2026-06-01,2,0,2026-06,2026-06-01T00:30,15.43,12.07,16026.0
2026-06-01,3,1,2026-06,2026-06-01T01:00,17.98,13.75,16467.3
2026-06-01,4,1,2026-06,2026-06-01T01:30,16.68,12.39,16771.0
2026-06-01,5,2,2026-06,2026-06-01T02:00,17.28,12.96,15593.3
2026-06-01,6,2,2026-06,2026-06-01T02:30,17.33,13.52,15544.1
2026-06-01,7,3,2026-06,2026-06-01T03:00,17.84,13.31,15358.5
2026-06-01,8,3,2026-06,2026-06-01T03:30,16.49,12.33,16533.7
2026-06-01,9,4,2026-06,2026-06-01T04:00,16.31,12.03,14926.1
2026-06-01,10,4,2026-06,2026-06-01T04:30,16.03,12.31,17161.5
2026-06-01,11,5,2026-06,2026-06-01T05:00,16.71,12.56,15062.9
2026-06-01,12,5,2026-06,2026-06-01T05:30,16.28,12.01,16461.3
2026-06-01,13,6,2026-06,2026-06-01T06:00,15.59,11.64,15763.0
2026-06-01,14,6,2026-06,2026-06-01T06:30,15.26,11.4,15105.3
2026-06-01,15,7,2026-06,2026-06-01T07:00,16.36,12.39,14940.2
2026-06-01,16,7,2026-06,2026-06-01T07:30,15.24,11.77,16374.1
2026-06-01,17,8,2026-06,2026-06-01T08:00,16.27,11.86,16392.0
2026-06-01,18,8,2026-06,2026-06-01T08:30,18.62,15.17,17896.1
2026-06-01,19,9,2026-06,2026-06-01T09:00,17.92,14.08,16619.6
2026-06-01,20,9,2026-06,2026-06-01T09:30,18.43,13.82,15166.0
2026-06-01,21,10,2026-06,2026-06-01T10:00,16.99,12.99,15767.1
2026-06-01,22,10,2026-06,2026-06-01T10:30,18.0,12.93,17120.4
2026-06-01,23,11,2026-06,2026-06-01T11:00,18.57,13.5,15712.6
2026-06-01,24,11,2026-06,2026-06-01T11:30,18.28,14.46,15251.0
2026-06-01,25,12,2026-06,2026-06-01T12:00,19.8,14.84,16188.9
2026-06-01,26,12,2026-06,2026-06-01T12:30,19.43,14.86,17013.4
2026-06-01,27,13,2026-06,2026-06-01T13:00,20.42,15.54,16479.1
2026-06-01,28,13,2026-06,2026-06-01T13:30,22.06,16.14,17733.9
2026-06-01,29,14,2026-06,2026-06-01T14:00,24.03,18.48,17651.8
2026-06-01,30,14,2026-06,2026-06-01T14:30,23.95,18.73,19010.5
2026-06-01,31,15,2026-06,2026-06-01T15:00,23.07,17.9,18108.6
2026-06-01,32,15,2026-06,2026-06-01T15:30,27.55,19.86,18241.5
2026-06-01,33,16,2026-06,2026-06-01T16:00,30.0,22.5,18009.9
2026-06-01,34,16,2026-06,2026-06-01T16:30,25.92,20.16,18553.0
2026-06-01,35,17,2026-06,2026-06-01T17:00,26.9,20.7,19066.6
2026-06-01,36,17,2026-06,2026-06-01T17:30,29.39,22.73,19835.9
2026-06-01,37,18,2026-06,2026-06-01T18:00,25.4,19.11,18428.8
2026-06-01,38,18,2026-06,2026-06-01T18:30,26.97,19.76,18924.2
2026-06-01,39,19,2026-06,2026-06-01T19:00,25.0,18.44,19151.9
2026-06-01,40,19,2026-06,2026-06-01T19:30,25.25,18.91,18877.8
2026-06-01,41,20,2026-06,2026-06-01T20:00,21.59,16.36,17853.7
2026-06-01,42,20,2026-06,2026-06-01T20:30,20.48,15.95,17327.4
2026-06-01,43,21,2026-06,2026-06-01T21:00,20.25,15.07,16644.6
2026-06-01,44,21,2026-06,2026-06-01T21:30,21.4,16.13,16463.9
2026-06-01,45,22,2026-06,2026-06-01T22:00,19.57,15.25,15595.8
2026-06-01,46,22,2026-06,2026-06-01T22:30,20.3,15.5,17115.5
2026-06-01,47,23,2026-06,2026-06-01T23:00,18.1,13.99,17382.4
2026-06-01,48,23,2026-06,2026-06-01T23:30,18.22,13.28,17452.4
2026-06-02,1,0,2026-06,2026-06-02T00:00,15.66,11.39,16807.5
2026-06-02,2,0,2026-06,2026-06-02T00:30,14.91,11.51,15469.2
2026-06-02,3,1,2026-06,2026-06-02T01:00,15.68,11.44,15783.6
2026-06-02,4,1,2026-06,2026-06-02T01:30,14.03,10.55,15468.1
2026-06-02,5,2,2026-06,2026-06-02T02:00,14.84,11.22,17428.0
2026-06-02,6,2,2026-06,2026-06-02T02:30,15.72,11.68,15791.2
2026-06-02,7,3,2026-06,2026-06-02T03:00,13.46,10.28,15939.9
2026-06-02,8,3,2026-06,2026-06-02T03:30,15.72,11.4,17018.6
2026-06-02,9,4,2026-06,2026-06-02T04:00,13.38,10.14,15790.2
2026-06-02,10,4,2026-06,2026-06-02T04:30,13.85,11.12,16890.0
2026-06-02,11,5,2026-06,2026-06-02T05:00,14.9,11.46,16297.2
2026-06-02,12,5,2026-06,2026-06-02T05:30,13.2,9.8,15315.4
2026-06-02,13,6,2026-06,2026-06-02T06:00,14.02,11.19,15593.9
2026-06-02,14,6,2026-06,2026-06-02T06:30,13.51,9.94,16647.8
2026-06-02,15,7,2026-06,2026-06-02T07:00,14.17,10.92,16073.9
2026-06-02,16,7,2026-06,2026-06-02T07:30,14.94,11.13,17051.9
2026-06-02,17,8,2026-06,2026-06-02T08:00,13.31,10.05,16496.7
2026-06-02,18,8,2026-06,2026-06-02T08:30,15.05,11.64,16451.6
2026-06-02,19,9,2026-06,2026-06-02T09:00,14.62,10.78,16581.9
2026-06-02,20,9,2026-06,2026-06-02T09:30,14.57,11.01,16194.5
2026-06-02,21,10,2026-06,2026-06-02T10:00,15.51,10.93,15760.3
2026-06-02,22,10,2026-06,2026-06-02T10:30,15.77,11.27,17592.7
2026-06-02,23,11,2026-06,2026-06-02T11:00,15.66,11.77,15702.0
2026-06-02,24,11,2026-06,2026-06-02T11:30,14.45,11.38,14672.7
2026-06-02,25,12,2026-06,2026-06-02T12:00,14.73,10.82,17265.3
2026-06-02,26,12,2026-06,2026-06-02T12:30,17.67,13.32,17115.8
2026-06-02,27,13,2026-06,2026-06-02T13:00,17.86,14.01,17022.3
2026-06-02,28,13,2026-06,2026-06-02T13:30,18.12,14.19,17731.9
2026-06-02,29,14,2026-06,2026-06-02T14:00,18.84,14.27,17285.3
2026-06-02,30,14,2026-06,2026-06-02T14:30,19.78,14.53,17894.9
2026-06-02,31,15,2026-06,2026-06-02T15:00,23.11,16.24,18511.1
2026-06-02,32,15,2026-06,2026-06-02T15:30,22.49,17.21,19220.0
2026-06-02,33,16,2026-06,2026-06-02T16:00,25.28,18.89,17711.7
2026-06-02,34,16,2026-06,2026-06-02T16:30,23.44,18.21,16915.7
2026-06-02,35,17,2026-06,2026-06-02T17:00,23.25,16.54,20760.8
2026-06-02,36,17,2026-06,2026-06-02T17:30,22.84,16.95,19826.6
2026-06-02,37,18,2026-06,2026-06-02T18:00,24.14,17.48,17538.5
2026-06-02,38,18,2026-06,2026-06-02T18:30,21.87,15.64,18756.3
2026-06-02,39,19,2026-06,2026-06-02T19:00,23.98,18.48,19070.4
2026-06-02,40,19,2026-06,2026-06-02T19:30,19.07,14.02,16973.4
2026-06-02,41,20,2026-06,2026-06-02T20:00,17.99,13.76,17195.8
2026-06-02,42,20,2026-06,2026-06-02T20:30,16.5,12.18,16273.4
2026-06-02,43,21,2026-06,2026-06-02T21:00,18.53,14.07,17237.1
2026-06-02,44,21,2026-06,2026-06-02T21:30,17.84,12.37,19253.2
2026-06-02,45,22,2026-06,2026-06-02T22:00,18.05,14.17,16900.0
2026-06-02,46,22,2026-06,2026-06-02T22:30,15.69,12.19,17113.0
2026-06-02,47,23,2026-06,2026-06-02T23:00,16.36,12.2,16974.7
2026-06-02,48,23,2026-06,2026-06-02T23:30,14.86,10.93,17635.8
2026-06-03,1,0,2026-06,2026-06-03T00:00,18.29,13.12,18635.8
2026-06-03,2,0,2026-06,2026-06-03T00:30,18.01,13.53,16300.0
2026-06-03,3,1,2026-06,2026-06-03T01:00,17.41,13.35,15330.9
2026-06-03,4,1,2026-06,2026-06-03T01:30,18.96,14.53,16847.1
2026-06-03,5,2,2026-06,2026-06-03T02:00,16.47,12.51,15248.0
2026-06-03,6,2,2026-06,2026-06-03T02:30,18.6,14.17,15610.2
2026-06-03,7,3,2026-06,2026-06-03T03:00,17.05,12.63,15755.2
2026-06-03,8,3,2026-06,2026-06-03T03:30,18.4,14.07,16080.8
2026-06-03,9,4,2026-06,2026-06-03T04:00,17.82,13.81,15512.0
2026-06-03,10,4,2026-06,2026-06-03T04:30,18.34,14.03,16097.7
2026-06-03,11,5,2026-06,2026-06-03T05:00,16.58,12.92,16414.6
2026-06-03,12,5,2026-06,2026-06-03T05:30,18.1,13.54,15509.2
2026-06-03,13,6,2026-06,2026-06-03T06:00,17.7,13.59,16021.8
2026-06-03,14,6,2026-06,2026-06-03T06:30,15.86,11.76,16492.2
2026-06-03,15,7,2026-06,2026-06-03T07:00,17.02,13.0,15303.5
2026-06-03,16,7,2026-06,2026-06-03T07:30,18.0,13.74,16022.9
2026-06-03,17,8,2026-06,2026-06-03T08:00,17.25,12.81,15845.3
2026-06-03,18,8,2026-06,2026-06-03T08:30,18.91,14.52,16754.3
2026-06-03,19,9,2026-06,2026-06-03T09:00,18.33,14.0,16433.2
2026-06-03,20,9,2026-06,2026-06-03T09:30,18.76,13.62,16792.7
2026-06-03,21,10,2026-06,2026-06-03T10:00,18.21,14.14,15407.0
2026-06-03,22,10,2026-06,2026-06-03T10:30,18.32,13.44,15512.3
2026-06-03,23,11,2026-06,2026-06-03T11:00,19.03,14.44,14931.3
2026-06-03,24,11,2026-06,2026-06-03T11:30,19.16,14.26,18462.3
2026-06-03,25,12,2026-06,2026-06-03T12:00,18.32,13.64,15822.3
2026-06-03,26,12,2026-06,2026-06-03T12:30,21.16,16.22,16273.6
2026-06-03,27,13,2026-06,2026-06-03T13:00,23.98,17.52,17786.6
2026-06-03,28,13,2026-06,2026-06-03T13:30,24.33,17.96,16073.1
2026-06-03,29,14,2026-06,2026-06-03T14:00,24.47,18.61,18489.0
2026-06-03,30,14,2026-06,2026-06-03T14:30,25.48,18.84,19742.2
2026-06-03,31,15,2026-06,2026-06-03T15:00,27.35,21.24,18717.4
2026-06-03,32,15,2026-06,2026-06-03T15:30,30.55,23.81,19902.8
2026-06-03,33,16,2026-06,2026-06-03T16:00,33.51,24.56,18317.1
2026-06-03,34,16,2026-06,2026-06-03T16:30,30.65,22.37,18531.8
2026-06-03,35,17,2026-06,2026-06-03T17:00,28.84,21.18,20829.1
2026-06-03,36,17,2026-06,2026-06-03T17:30,30.02,21.59,17992.4
2026-06-03,37,18,2026-06,2026-06-03T18:00,29.0,21.42,18242.1
2026-06-03,38,18,2026-06,2026-06-03T18:30,27.92,21.22,17847.5
2026-06-03,39,19,2026-06,2026-06-03T19:00,25.78,19.36,17812.7
2026-06-03,40,19,2026-06,2026-06-03T19:30,26.4,19.65,17272.3
2026-06-03,41,20,2026-06,2026-06-03T20:00,23.08,17.66,17920.1
2026-06-03,42,20,2026-06,2026-06-03T20:30,22.98,17.56,17586.2
2026-06-03,43,21,2026-06,2026-06-03T21:00,20.73,15.61,17513.3
2026-06-03,44,21,2026-06,2026-06-03T21:30,22.42,17.63,16925.2
2026-06-03,45,22,2026-06,2026-06-03T22:00,22.19,16.59,17570.7
2026-06-03,46,22,2026-06,2026-06-03T22:30,21.58,15.69,17337.4
2026-06-03,47,23,2026-06,2026-06-03T23:00,17.99,13.35,16516.7
2026-06-03,48,23,2026-06,2026-06-03T23:30,17.73,13.52,15788.7
2026-06-04,1,0,2026-06,2026-06-04T00:00,15.43,11.21,15531.0
2026-06-04,2,0,2026-06,2026-06-04T00:30,15.75,12.36,16307.1
2026-06-04,3,1,2026-06,2026-06-04T01:00,15.23,11.53,16132.3
2026-06-04,4,1,2026-06,2026-06-04T01:30,15.72,11.75,16963.3
2026-06-04,5,2,2026-06,2026-06-04T02:00,14.91,11.35,14662.2
2026-06-04,6,2,2026-06,2026-06-04T02:30,15.47,11.73,16511.8
2026-06-04,7,3,2026-06,2026-06-04T03:00,15.78,12.34,15436.5
2026-06-04,8,3,2026-06,2026-06-04T03:30,15.67,11.6,17683.8
2026-06-04,9,4,2026-06,2026-06-04T04:00,14.17,10.46,16235.2
2026-06-04,10,4,2026-06,2026-06-04T04:30,15.26,11.69,16596.4
2026-06-04,11,5,2026-06,2026-06-04T05:00,15.08,11.17,14853.2
2026-06-04,12,5,2026-06,2026-06-04T05:30,14.1,10.36,15705.4
2026-06-04,13,6,2026-06,2026-06-04T06:00,16.16,12.44,16019.1
2026-06-04,14,6,2026-06,2026-06-04T06:30,16.46,12.33,15458.2
2026-06-04,15,7,2026-06,2026-06-04T07:00,14.27,11.25,15445.2
2026-06-04,16,7,2026-06,2026-06-04T07:30,14.73,10.99,16840.2
2026-06-04,17,8,2026-06,2026-06-04T08:00,15.02,11.26,16902.7
2026-06-04,18,8,2026-06,2026-06-04T08:30,16.47,11.88,16967.0
2026-06-04,19,9,2026-06,2026-06-04T09:00,14.83,11.69,16151.4
2026-06-04,20,9,2026-06,2026-06-04T09:30,15.35,12.41,16058.0
2026-06-04,21,10,2026-06,2026-06-04T10:00,14.58,10.88,16029.5
2026-06-04,22,10,2026-06,2026-06-04T10:30,15.86,11.42,16180.5
2026-06-04,23,11,2026-06,2026-06-04T11:00,15.5,11.92,15215.3
2026-06-04,24,11,2026-06,2026-06-04T11:30,16.34,12.73,16220.6
2026-06-04,25,12,2026-06,2026-06-04T12:00,16.27,12.13,16135.1
2026-06-04,26,12,2026-06,2026-06-04T12:30,18.37,13.32,15856.9
2026-06-04,27,13,2026-06,2026-06-04T13:00,19.56,13.99,18544.4
2026-06-04,28,13,2026-06,2026-06-04T13:30,18.74,14.66,17871.1
2026-06-04,29,14,2026-06,2026-06-04T14:00,21.65,15.25,18122.1
2026-06-04,30,14,2026-06,2026-06-04T14:30,22.61,17.86,17599.4
2026-06-04,31,15,2026-06,2026-06-04T15:00,22.52,17.04,18715.4
2026-06-04,32,15,2026-06,2026-06-04T15:30,23.97,17.94,17708.8
2026-06-04,33,16,2026-06,2026-06-04T16:00,24.37,17.25,19652.0
2026-06-04,34,16,2026-06,2026-06-04T16:30,25.02,19.07,18591.8
2026-06-04,35,17,2026-06,2026-06-04T17:00,24.74,18.29,19371.2
2026-06-04,36,17,2026-06,2026-06-04T17:30,24.18,17.85,18701.2
2026-06-04,37,18,2026-06,2026-06-04T18:00,25.98,19.72,19585.6
2026-06-04,38,18,2026-06,2026-06-04T18:30,24.43,18.85,18171.4
2026-06-04,39,19,2026-06,2026-06-04T19:00,21.87,16.74,16227.8
2026-06-04,40,19,2026-06,2026-06-04T19:30,23.69,17.56,16844.7
2026-06-04,41,20,2026-06,2026-06-04T20:00,19.58,14.93,18260.5
2026-06-04,42,20,2026-06,2026-06-04T20:30,18.79,14.15,17154.6
2026-06-04,43,21,2026-06,2026-06-04T21:00,16.92,12.32,15944.6
2026-06-04,44,21,2026-06,2026-06-04T21:30,20.12,15.78,17529.5
2026-06-04,45,22,2026-06,2026-06-04T22:00,16.66,12.3,17205.6
2026-06-04,46,22,2026-06,2026-06-04T22:30,17.84,13.08,16996.2
2026-06-04,47,23,2026-06,2026-06-04T23:00,15.59,11.44,16478.8
2026-06-04,48,23,2026-06,2026-06-04T23:30,15.85,12.04,15263.7
2026-06-05,1,0,2026-06,2026-06-05T00:00,17.49,13.02,17357.7
2026-06-05,2,0,2026-06,2026-06-05T00:30,19.67,15.35,17239.7
2026-06-05,3,1,2026-06,2026-06-05T01:00,18.01,14.42,16217.6
2026-06-05,4,1,2026-06,2026-06-05T01:30,19.09,14.83,15427.6
2026-06-05,5,2,2026-06,2026-06-05T02:00,18.67,14.49,17307.6
2026-06-05,6,2,2026-06,2026-06-05T02:30,18.03,13.05,16674.3
2026-06-05,7,3,2026-06,2026-06-05T03:00,17.1,13.14,15740.4
2026-06-05,8,3,2026-06,2026-06-05T03:30,19.51,15.32,15882.9
2026-06-05,9,4,2026-06,2026-06-05T04:00,17.51,13.35,16104.8
2026-06-05,10,4,2026-06,2026-06-05T04:30,16.23,12.59,16405.7
2026-06-05,11,5,2026-06,2026-06-05T05:00,17.03,13.07,17468.6
2026-06-05,12,5,2026-06,2026-06-05T05:30,16.15,12.31,16853.2
2026-06-05,13,6,2026-06,2026-06-05T06:00,17.8,13.46,14694.1
2026-06-05,14,6,2026-06,2026-06-05T06:30,17.23,12.86,16548.1
2026-06-05,15,7,2026-06,2026-06-05T07:00,17.07,12.52,15120.7
2026-06-05,16,7,2026-06,2026-06-05T07:30,17.09,12.47,16561.9
2026-06-05,17,8,2026-06,2026-06-05T08:00,17.3,13.24,16562.1
2026-06-05,18,8,2026-06,2026-06-05T08:30,18.79,13.74,16620.2
2026-06-05,19,9,2026-06,2026-06-05T09:00,19.38,15.01,15070.3
2026-06-05,20,9,2026-06,2026-06-05T09:30,18.7,13.69,15424.1
2026-06-05,21,10,2026-06,2026-06-05T10:00,16.98,12.8,15967.0
2026-06-05,22,10,2026-06,2026-06-05T10:30,17.73,14.06,17705.9
2026-06-05,23,11,2026-06,2026-06-05T11:00,17.9,13.89,16762.7
2026-06-05,24,11,2026-06,2026-06-05T11:30,16.59,11.7,16467.6
2026-06-05,25,12,2026-06,2026-06-05T12:00,17.58,13.22,15533.9
2026-06-05,26,12,2026-06,2026-06-05T12:30,19.45,14.68,15208.3
2026-06-05,27,13,2026-06,2026-06-05T13:00,24.57,18.83,16296.5
2026-06-05,28,13,2026-06,2026-06-05T13:30,22.22,17.89,16612.8
2026-06-05,29,14,2026-06,2026-06-05T14:00,24.27,17.76,16810.8
2026-06-05,30,14,2026-06,2026-06-05T14:30,23.96,17.56,17477.7
2026-06-05,31,15,2026-06,2026-06-05T15:00,26.31,20.58,17102.7
2026-06-05,32,15,2026-06,2026-06-05T15:30,28.62,20.71,18050.2
2026-06-05,33,16,2026-06,2026-06-05T16:00,31.39,23.92,18121.0
2026-06-05,34,16,2026-06,2026-06-05T16:30,28.86,22.05,18620.1
2026-06-05,35,17,2026-06,2026-06-05T17:00,29.28,22.39,17790.4
2026-06-05,36,17,2026-06,2026-06-05T17:30,27.46,20.82,19730.0
2026-06-05,37,18,2026-06,2026-06-05T18:00,27.62,20.05,17236.5
2026-06-05,38,18,2026-06,2026-06-05T18:30,28.81,21.56,20425.3
2026-06-05,39,19,2026-06,2026-06-05T19:00,26.32,20.15,18579.3
2026-06-05,40,19,2026-06,2026-06-05T19:30,25.98,20.07,18225.5
2026-06-05,41,20,2026-06,2026-06-05T20:00,21.64,16.1,18751.6
2026-06-05,42,20,2026-06,2026-06-05T20:30,21.93,16.43,15316.6
2026-06-05,43,21,2026-06,2026-06-05T21:00,22.27,17.09,17265.2
2026-06-05,44,21,2026-06,2026-06-05T21:30,21.89,16.11,17112.3
2026-06-05,45,22,2026-06,2026-06-05T22:00,20.63,14.94,15924.3
2026-06-05,46,22,2026-06,2026-06-05T22:30,21.04,16.03,16085.9
2026-06-05,47,23,2026-06,2026-06-05T23:00,19.7,14.76,15079.9
2026-06-05,48,23,2026-06,2026-06-05T23:30,18.59,13.02,18045.3
2026-06-06,1,0,2026-06,2026-06-06T00:00,14.76,11.65,16120.4
2026-06-06,2,0,2026-06,2026-06-06T00:30,13.65,10.12,15793.7
2026-06-06,3,1,2026-06,2026-06-06T01:00,13.5,9.75,17115.0
2026-06-06,4,1,2026-06,2026-06-06T01:30,15.66,12.25,16083.7
2026-06-06,5,2,2026-06,2026-06-06T02:00,14.83,11.49,16472.4
2026-06-06,6,2,2026-06,2026-06-06T02:30,14.42,10.97,16118.0
2026-06-06,7,3,2026-06,2026-06-06T03:00,14.34,10.83,16271.6
2026-06-06,8,3,2026-06,2026-06-06T03:30,12.34,9.16,15742.7
2026-06-06,9,4,2026-06,2026-06-06T04:00,13.29,9.97,15388.4
2026-06-06,10,4,2026-06,2026-06-06T04:30,13.29,9.84,15748.2
2026-06-06,11,5,2026-06,2026-06-06T05:00,13.43,9.98,15059.1
2026-06-06,12,5,2026-06,2026-06-06T05:30,12.41,9.64,16015.4
2026-06-06,13,6,2026-06,2026-06-06T06:00,13.12,9.84,15985.5
2026-06-06,14,6,2026-06,2026-06-06T06:30,13.16,9.83,14603.3
2026-06-06,15,7,2026-06,2026-06-06T07:00,12.75,9.58,14745.3
2026-06-06,16,7,2026-06,2026-06-06T07:30,12.11,8.92,16282.3
2026-06-06,17,8,2026-06,2026-06-06T08:00,14.36,10.52,15556.1
2026-06-06,18,8,2026-06,2026-06-06T08:30,14.72,11.36,15978.7
2026-06-06,19,9,2026-06,2026-06-06T09:00,14.67,10.86,16079.0
2026-06-06,20,9,2026-06,2026-06-06T09:30,14.13,10.79,16606.4
2026-06-06,21,10,2026-06,2026-06-06T10:00,13.66,9.98,15563.7
2026-06-06,22,10,2026-06,2026-06-06T10:30,14.69,11.05,16878.2
2026-06-06,23,11,2026-06,2026-06-06T11:00,13.93,11.02,16546.5
2026-06-06,24,11,2026-06,2026-06-06T11:30,12.89,9.69,14513.4
2026-06-06,25,12,2026-06,2026-06-06T12:00,14.44,11.05,16194.6
2026-06-06,26,12,2026-06,2026-06-06T12:30,15.32,11.64,15623.9
2026-06-06,27,13,2026-06,2026-06-06T13:00,17.96,14.33,15468.7
2026-06-06,28,13,2026-06,2026-06-06T13:30,17.22,12.81,18388.6
2026-06-06,29,14,2026-06,2026-06-06T14:00,19.18,13.66,16378.1
2026-06-06,30,14,2026-06,2026-06-06T14:30,19.6,14.2,18418.2
2026-06-06,31,15,2026-06,2026-06-06T15:00,20.92,15.04,17765.7
2026-06-06,32,15,2026-06,2026-06-06T15:30,22.09,16.34,17544.0
2026-06-06,33,16,2026-06,2026-06-06T16:00,24.68,18.77,19739.5
2026-06-06,34,16,2026-06,2026-06-06T16:30,22.17,16.62,18490.4
2026-06-06,35,17,2026-06,2026-06-06T17:00,22.54,15.91,18593.0
2026-06-06,36,17,2026-06,2026-06-06T17:30,23.57,18.17,19179.1
2026-06-06,37,18,2026-06,2026-06-06T18:00,21.82,17.02,19058.9
2026-06-06,38,18,2026-06,2026-06-06T18:30,20.34,15.24,19220.4
2026-06-06,39,19,2026-06,2026-06-06T19:00,22.0,16.66,18065.9
2026-06-06,40,19,2026-06,2026-06-06T19:30,19.92,16.14,18177.9
2026-06-06,41,20,2026-06,2026-06-06T20:00,19.67,14.93,17382.6
2026-06-06,42,20,2026-06,2026-06-06T20:30,17.65,13.53,16659.5
2026-06-06,43,21,2026-06,2026-06-06T21:00,16.19,13.02,18612.5
2026-06-06,44,21,2026-06,2026-06-06T21:30,16.42,12.24,16635.3
2026-06-06,45,22,2026-06,2026-06-06T22:00,16.75,12.65,16822.8
2026-06-06,46,22,2026-06,2026-06-06T22:30,14.88,11.15,16163.4
2026-06-06,47,23,2026-06,2026-06-06T23:00,14.12,10.97,15211.5
2026-06-06,48,23,2026-06,2026-06-06T23:30,14.64,11.47,17125.2
2026-06-07,1,0,2026-06,2026-06-07T00:00,14.25,11.54,15472.2
2026-06-07,2,0,2026-06,2026-06-07T00:30,13.67,10.88,17284.4
2026-06-07,3,1,2026-06,2026-06-07T01:00,14.25,10.53,15402.9
2026-06-07,4,1,2026-06,2026-06-07T01:30,13.15,10.03,15508.4
2026-06-07,5,2,2026-06,2026-06-07T02:00,13.04,10.35,16388.0
2026-06-07,6,2,2026-06,2026-06-07T02:30,12.93,9.56,16380.0
2026-06-07,7,3,2026-06,2026-06-07T03:00,12.93,10.0,15386.6
2026-06-07,8,3,2026-06,2026-06-07T03:30,12.09,9.2,16636.6
2026-06-07,9,4,2026-06,2026-06-07T04:00,14.08,10.83,16539.2
2026-06-07,10,4,2026-06,2026-06-07T04:30,13.97,10.4,16247.1
2026-06-07,11,5,2026-06,2026-06-07T05:00,12.12,8.91,15034.3
2026-06-07,12,5,2026-06,2026-06-07T05:30,11.73,8.64,16636.8
2026-06-07,13,6,2026-06,2026-06-07T06:00,12.34,9.47,15779.8
2026-06-07,14,6,2026-06,2026-06-07T06:30,12.49,9.1,15664.6
2026-06-07,15,7,2026-06,2026-06-07T07:00,12.22,9.17,14918.3
2026-06-07,16,7,2026-06,2026-06-07T07:30,11.85,9.14,16124.3
2026-06-07,17,8,2026-06,2026-06-07T08:00,12.6,9.44,16291.1
2026-06-07,18,8,2026-06,2026-06-07T08:30,15.35,11.57,16928.2
2026-06-07,19,9,2026-06,2026-06-07T09:00,13.56,10.1,16123.3
2026-06-07,20,9,2026-06,2026-06-07T09:30,13.17,9.94,17222.3
2026-06-07,21,10,2026-06,2026-06-07T10:00,13.71,10.09,16240.3
2026-06-07,22,10,2026-06,2026-06-07T10:30,13.81,10.28,18972.5
2026-06-07,23,11,2026-06,2026-06-07T11:00,14.34,11.05,16495.8
2026-06-07,24,11,2026-06,2026-06-07T11:30,13.07,10.09,15747.5
2026-06-07,25,12,2026-06,2026-06-07T12:00,13.35,10.67,17125.7
2026-06-07,26,12,2026-06,2026-06-07T12:30,14.24,10.9,16510.8
2026-06-07,27,13,2026-06,2026-06-07T13:00,15.88,12.43,16777.7
2026-06-07,28,13,2026-06,2026-06-07T13:30,16.12,11.95,17577.8
2026-06-07,29,14,2026-06,2026-06-07T14:00,19.58,14.97,16901.1
2026-06-07,30,14,2026-06,2026-06-07T14:30,20.11,15.75,19290.6
2026-06-07,31,15,2026-06,2026-06-07T15:00,20.59,15.71,19041.2
2026-06-07,32,15,2026-06,2026-06-07T15:30,21.77,15.66,17875.1
2026-06-07,33,16,2026-06,2026-06-07T16:00,23.01,17.8,19243.8
2026-06-07,34,16,2026-06,2026-06-07T16:30,23.51,17.33,19049.9
2026-06-07,35,17,2026-06,2026-06-07T17:00,23.07,17.55,18902.4
2026-06-07,36,17,2026-06,2026-06-07T17:30,20.64,15.94,18509.8
2026-06-07,37,18,2026-06,2026-06-07T18:00,21.39,15.9,18591.0
2026-06-07,38,18,2026-06,2026-06-07T18:30,20.1,15.47,19190.8
2026-06-07,39,19,2026-06,2026-06-07T19:00,19.51,15.05,18841.9
2026-06-07,40,19,2026-06,2026-06-07T19:30,18.49,13.67,17695.9
2026-06-07,41,20,2026-06,2026-06-07T20:00,18.08,14.42,18827.1
2026-06-07,42,20,2026-06,2026-06-07T20:30,16.37,12.31,17244.1
2026-06-07,43,21,2026-06,2026-06-07T21:00,17.03,12.43,15694.9
2026-06-07,44,21,2026-06,2026-06-07T21:30,15.88,11.85,17058.5
2026-06-07,45,22,2026-06,2026-06-07T22:00,15.42,12.0,15761.8
2026-06-07,46,22,2026-06,2026-06-07T22:30,14.05,10.46,14709.7
2026-06-07,47,23,2026-06,2026-06-07T23:00,13.4,10.45,15900.8
2026-06-07,48,23,2026-06,2026-06-07T23:30,13.55,10.14,18196.7
2026-06-08,1,0,2026-06,2026-06-08T00:00,16.58,12.27,15704.7
2026-06-08,2,0,2026-06,2026-06-08T00:30,15.67,11.68,14229.6
2026-06-08,3,1,2026-06,2026-06-08T01:00,15.54,12.15,16832.8
2026-06-08,4,1,2026-06,2026-06-08T01:30,15.96,11.81,16738.8
2026-06-08,5,2,2026-06,2026-06-08T02:00,16.91,13.23,15358.6
2026-06-08,6,2,2026-06,2026-06-08T02:30,16.37,12.05,16290.5
2026-06-08,7,3,2026-06,2026-06-08T03:00,15.32,11.7,17227.4
2026-06-08,8,3,2026-06,2026-06-08T03:30,15.84,11.72,17186.7
2026-06-08,9,4,2026-06,2026-06-08T04:00,15.45,11.16,16888.0
2026-06-08,10,4,2026-06,2026-06-08T04:30,14.52,11.02,15052.9
2026-06-08,11,5,2026-06,2026-06-08T05:00,16.19,12.24,15904.5
2026-06-08,12,5,2026-06,2026-06-08T05:30,14.78,10.97,16079.1
2026-06-08,13,6,2026-06,2026-06-08T06:00,16.87,12.87,16241.4
2026-06-08,14,6,2026-06,2026-06-08T06:30,14.43,10.86,16683.9
2026-06-08,15,7,2026-06,2026-06-08T07:00,14.06,10.04,17383.3
2026-06-08,16,7,2026-06,2026-06-08T07:30,15.21,11.59,15891.2
2026-06-08,17,8,2026-06,2026-06-08T08:00,14.36,10.85,14337.1
2026-06-08,18,8,2026-06,2026-06-08T08:30,16.01,12.86,16824.0
2026-06-08,19,9,2026-06,2026-06-08T09:00,17.62,13.07,15049.9
2026-06-08,20,9,2026-06,2026-06-08T09:30,16.31,12.96,16495.6
2026-06-08,21,10,2026-06,2026-06-08T10:00,17.16,13.29,15875.4
2026-06-08,22,10,2026-06,2026-06-08T10:30,19.02,14.32,16506.4
2026-06-08,23,11,2026-06,2026-06-08T11:00,16.16,12.87,17184.2
2026-06-08,24,11,2026-06,2026-06-08T11:30,17.29,12.2,16933.9
2026-06-08,25,12,2026-06,2026-06-08T12:00,18.05,13.3,15543.1
2026-06-08,26,12,2026-06,2026-06-08T12:30,19.78,15.38,15719.3
2026-06-08,27,13,2026-06,2026-06-08T13:00,21.88,16.48,15959.2
2026-06-08,28,13,2026-06,2026-06-08T13:30,19.64,14.79,18594.2
2026-06-08,29,14,2026-06,2026-06-08T14:00,20.52,15.8,17372.4
2026-06-08,30,14,2026-06,2026-06-08T14:30,22.14,16.79,18972.1
2026-06-08,31,15,2026-06,2026-06-08T15:00,21.61,16.44,16754.7
2026-06-08,32,15,2026-06,2026-06-08T15:30,24.4,18.29,20377.7
2026-06-08,33,16,2026-06,2026-06-08T16:00,26.87,19.8,18352.1
2026-06-08,34,16,2026-06,2026-06-08T16:30,25.74,19.5,18115.9
2026-06-08,35,17,2026-06,2026-06-08T17:00,29.13,22.01,19019.4
2026-06-08,36,17,2026-06,2026-06-08T17:30,24.06,16.96,21399.4
2026-06-08,37,18,2026-06,2026-06-08T18:00,25.37,19.67,19702.3
2026-06-08,38,18,2026-06,2026-06-08T18:30,23.86,17.39,17074.5
2026-06-08,39,19,2026-06,2026-06-08T19:00,24.96,19.64,16704.4
2026-06-08,40,19,2026-06,2026-06-08T19:30,24.27,18.58,17688.0
2026-06-08,41,20,2026-06,2026-06-08T20:00,20.15,15.83,16430.7
2026-06-08,42,20,2026-06,2026-06-08T20:30,19.57,14.94,18703.3
2026-06-08,43,21,2026-06,2026-06-08T21:00,18.71,14.53,15531.6
2026-06-08,44,21,2026-06,2026-06-08T21:30,19.4,14.21,17392.2
2026-06-08,45,22,2026-06,2026-06-08T22:00,17.98,13.55,17562.5
2026-06-08,46,22,2026-06,2026-06-08T22:30,18.4,13.86,16492.8
2026-06-08,47,23,2026-06,2026-06-08T23:00,17.43,13.13,14744.9
2026-06-08,48,23,2026-06,2026-06-08T23:30,16.54,12.28,16782.0
2026-06-09,1,0,2026-06,2026-06-09T00:00,16.39,12.34,17211.2
2026-06-09,2,0,2026-06,2026-06-09T00:30,15.89,12.72,15488.5
2026-06-09,3,1,2026-06,2026-06-09T01:00,16.9,13.03,15337.1
2026-06-09,4,1,2026-06,2026-06-09T01:30,15.71,11.71,17099.6
2026-06-09,5,2,2026-06,2026-06-09T02:00,16.71,13.23,15538.2
2026-06-09,6,2,2026-06,2026-06-09T02:30,16.86,12.34,16077.3
2026-06-09,7,3,2026-06,2026-06-09T03:00,16.18,12.89,16493.1
2026-06-09,8,3,2026-06,2026-06-09T03:30,16.03,12.46,15209.5
2026-06-09,9,4,2026-06,2026-06-09T04:00,16.3,12.95,16724.3
2026-06-09,10,4,2026-06,2026-06-09T04:30,17.08,13.11,15271.1
2026-06-09,11,5,2026-06,2026-06-09T05:00,16.78,12.66,17530.7
2026-06-09,12,5,2026-06,2026-06-09T05:30,16.09,11.65,15330.5
2026-06-09,13,6,2026-06,2026-06-09T06:00,15.89,12.36,16863.3
2026-06-09,14,6,2026-06,2026-06-09T06:30,15.16,11.18,15257.5
2026-06-09,15,7,2026-06,2026-06-09T07:00,16.52,11.73,17931.0
2026-06-09,16,7,2026-06,2026-06-09T07:30,16.18,12.46,15933.7
2026-06-09,17,8,2026-06,2026-06-09T08:00,16.95,12.37,16388.0
2026-06-09,18,8,2026-06,2026-06-09T08:30,17.75,13.96,17269.5
2026-06-09,19,9,2026-06,2026-06-09T09:00,17.9,13.66,16694.5
2026-06-09,20,9,2026-06,2026-06-09T09:30,16.06,12.07,14892.1
2026-06-09,21,10,2026-06,2026-06-09T10:00,16.6,12.17,17197.7
2026-06-09,22,10,2026-06,2026-06-09T10:30,17.48,13.51,17316.7
2026-06-09,23,11,2026-06,2026-06-09T11:00,18.86,14.38,15751.8
2026-06-09,24,11,2026-06,2026-06-09T11:30,16.12,11.96,16457.1
2026-06-09,25,12,2026-06,2026-06-09T12:00,17.53,13.38,16352.1
2026-06-09,26,12,2026-06,2026-06-09T12:30,21.12,15.88,16310.4
2026-06-09,27,13,2026-06,2026-06-09T13:00,20.62,15.94,15990.9
2026-06-09,28,13,2026-06,2026-06-09T13:30,21.05,16.5,17309.3
2026-06-09,29,14,2026-06,2026-06-09T14:00,22.37,16.85,17495.5
2026-06-09,30,14,2026-06,2026-06-09T14:30,21.46,15.53,16449.2
2026-06-09,31,15,2026-06,2026-06-09T15:00,26.3,20.18,17013.2
2026-06-09,32,15,2026-06,2026-06-09T15:30,25.63,19.36,18819.8
2026-06-09,33,16,2026-06,2026-06-09T16:00,27.57,20.9,18836.0
2026-06-09,34,16,2026-06,2026-06-09T16:30,25.79,20.16,17916.0
2026-06-09,35,17,2026-06,2026-06-09T17:00,28.13,20.73,18468.5
2026-06-09,36,17,2026-06,2026-06-09T17:30,29.96,22.88,17779.8
2026-06-09,37,18,2026-06,2026-06-09T18:00,27.09,21.43,19693.6
2026-06-09,38,18,2026-06,2026-06-09T18:30,25.74,19.97,20718.1
2026-06-09,39,19,2026-06,2026-06-09T19:00,23.42,17.72,17649.6
2026-06-09,40,19,2026-06,2026-06-09T19:30,24.08,18.24,17484.0
2026-06-09,41,20,2026-06,2026-06-09T20:00,22.79,18.27,17420.8
2026-06-09,42,20,2026-06,2026-06-09T20:30,23.36,17.26,16829.5
2026-06-09,43,21,2026-06,2026-06-09T21:00,19.44,15.51,16009.5
2026-06-09,44,21,2026-06,2026-06-09T21:30,18.93,13.9,16942.9
2026-06-09,45,22,2026-06,2026-06-09T22:00,19.31,14.67,18187.4
2026-06-09,46,22,2026-06,2026-06-09T22:30,18.36,13.53,17365.7
2026-06-09,47,23,2026-06,2026-06-09T23:00,17.39,13.18,16795.4
2026-06-09,48,23,2026-06,2026-06-09T23:30,16.47,12.56,15192.9
2026-06-10,1,0,2026-06,2026-06-10T00:00,19.53,14.54,16480.5
2026-06-10,2,0,2026-06,2026-06-10T00:30,16.69,12.53,15389.0
2026-06-10,3,1,2026-06,2026-06-10T01:00,17.63,13.52,15592.9
2026-06-10,4,1,2026-06,2026-06-10T01:30,17.37,12.98,15254.0
2026-06-10,5,2,2026-06,2026-06-10T02:00,17.46,13.31,16568.1
2026-06-10,6,2,2026-06,2026-06-10T02:30,17.44,12.61,16660.6
2026-06-10,7,3,2026-06,2026-06-10T03:00,17.41,13.49,16202.7
2026-06-10,8,3,2026-06,2026-06-10T03:30,18.91,14.19,17565.1
2026-06-10,9,4,2026-06,2026-06-10T04:00,16.51,12.18,17784.5
2026-06-10,10,4,2026-06,2026-06-10T04:30,17.99,13.02,14848.8
2026-06-10,11,5,2026-06,2026-06-10T05:00,17.9,14.25,17291.1
2026-06-10,12,5,2026-06,2026-06-10T05:30,15.71,12.17,16044.9
2026-06-10,13,6,2026-06,2026-06-10T06:00,16.35,12.84,17124.2
2026-06-10,14,6,2026-06,2026-06-10T06:30,17.91,13.65,16017.2
2026-06-10,15,7,2026-06,2026-06-10T07:00,18.41,13.38,16099.6
2026-06-10,16,7,2026-06,2026-06-10T07:30,18.39,13.39,16458.0
2026-06-10,17,8,2026-06,2026-06-10T08:00,16.81,12.87,16762.0
2026-06-10,18,8,2026-06,2026-06-10T08:30,18.43,13.83,16720.7
2026-06-10,19,9,2026-06,2026-06-10T09:00,19.66,14.14,16182.4
2026-06-10,20,9,2026-06,2026-06-10T09:30,17.97,13.88,15738.5
2026-06-10,21,10,2026-06,2026-06-10T10:00,18.24,13.89,16676.9
2026-06-10,22,10,2026-06,2026-06-10T10:30,17.46,13.7,16026.4
2026-06-10,23,11,2026-06,2026-06-10T11:00,18.01,13.98,16178.6
2026-06-10,24,11,2026-06,2026-06-10T11:30,17.77,12.77,17577.8
2026-06-10,25,12,2026-06,2026-06-10T12:00,18.32,14.33,16248.7
2026-06-10,26,12,2026-06,2026-06-10T12:30,19.48,14.42,16550.1
2026-06-10,27,13,2026-06,2026-06-10T13:00,23.36,17.51,16616.2
2026-06-10,28,13,2026-06,2026-06-10T13:30,23.86,18.15,17914.8
2026-06-10,29,14,2026-06,2026-06-10T14:00,24.64,18.91,17300.0
2026-06-10,30,14,2026-06,2026-06-10T14:30,26.3,19.74,17375.9
2026-06-10,31,15,2026-06,2026-06-10T15:00,24.32,18.24,18011.3
2026-06-10,32,15,2026-06,2026-06-10T15:30,27.62,21.25,17446.0
2026-06-10,33,16,2026-06,2026-06-10T16:00,28.2,22.31,17908.5
2026-06-10,34,16,2026-06,2026-06-10T16:30,29.61,21.69,18511.3
2026-06-10,35,17,2026-06,2026-06-10T17:00,27.49,21.39,17460.0
2026-06-10,36,17,2026-06,2026-06-10T17:30,31.05,22.7,18087.5
2026-06-10,37,18,2026-06,2026-06-10T18:00,25.2,18.85,16490.8
2026-06-10,38,18,2026-06,2026-06-10T18:30,27.72,21.89,17728.8
2026-06-10,39,19,2026-06,2026-06-10T19:00,25.17,18.48,18079.4
2026-06-10,40,19,2026-06,2026-06-10T19:30,24.6,18.31,16236.1
2026-06-10,41,20,2026-06,2026-06-10T20:00,25.5,20.89,18819.1
2026-06-10,42,20,2026-06,2026-06-10T20:30,25.42,18.43,17906.8
2026-06-10,43,21,2026-06,2026-06-10T21:00,22.32,17.52,16749.8
2026-06-10,44,21,2026-06,2026-06-10T21:30,21.31,15.64,16064.4
2026-06-10,45,22,2026-06,2026-06-10T22:00,19.91,15.28,14913.9
2026-06-10,46,22,2026-06,2026-06-10T22:30,20.14,15.04,15822.5
2026-06-10,47,23,2026-06,2026-06-10T23:00,18.97,13.81,16156.3
2026-06-10,48,23,2026-06,2026-06-10T23:30,19.08,14.88,17557.4
2026-06-11,1,0,2026-06,2026-06-11T00:00,20.18,14.97,17513.5
2026-06-11,2,0,2026-06,2026-06-11T00:30,17.73,13.58,17377.9
2026-06-11,3,1,2026-06,2026-06-11T01:00,19.02,13.64,15738.2
2026-06-11,4,1,2026-06,2026-06-11T01:30,18.12,13.89,16166.8
2026-06-11,5,2,2026-06,2026-06-11T02:00,18.57,14.11,17845.7
2026-06-11,6,2,2026-06,2026-06-11T02:30,17.57,12.95,15702.6
2026-06-11,7,3,2026-06,2026-06-11T03:00,20.43,15.42,17780.8
2026-06-11,8,3,2026-06,2026-06-11T03:30,19.11,14.5,17012.0
2026-06-11,9,4,2026-06,2026-06-11T04:00,18.08,13.89,15311.4
2026-06-11,10,4,2026-06,2026-06-11T04:30,19.16,14.25,16560.8
2026-06-11,11,5,2026-06,2026-06-11T05:00,19.24,14.57,16240.0
2026-06-11,12,5,2026-06,2026-06-11T05:30,19.39,15.13,15748.9
2026-06-11,13,6,2026-06,2026-06-11T06:00,18.96,14.12,17448.2
2026-06-11,14,6,2026-06,2026-06-11T06:30,17.46,13.46,14994.9
2026-06-11,15,7,2026-06,2026-06-11T07:00,18.89,14.54,15694.9
2026-06-11,16,7,2026-06,2026-06-11T07:30,18.31,13.54,15618.7
2026-06-11,17,8,2026-06,2026-06-11T08:00,18.92,14.53,15901.7
2026-06-11,18,8,2026-06,2026-06-11T08:30,21.29,15.73,17967.2
2026-06-11,19,9,2026-06,2026-06-11T09:00,18.49,14.33,17559.3
2026-06-11,20,9,2026-06,2026-06-11T09:30,19.4,14.79,17522.5
2026-06-11,21,10,2026-06,2026-06-11T10:00,18.34,14.0,15600.8
2026-06-11,22,10,2026-06,2026-06-11T10:30,19.55,14.18,16111.4
2026-06-11,23,11,2026-06,2026-06-11T11:00,21.1,15.42,14429.1
2026-06-11,24,11,2026-06,2026-06-11T11:30,19.67,14.97,16389.8
2026-06-11,25,12,2026-06,2026-06-11T12:00,21.07,16.37,16092.5
2026-06-11,26,12,2026-06,2026-06-11T12:30,23.14,18.03,15664.4
2026-06-11,27,13,2026-06,2026-06-11T13:00,22.77,16.49,16493.4
2026-06-11,28,13,2026-06,2026-06-11T13:30,24.56,18.77,17318.6
2026-06-11,29,14,2026-06,2026-06-11T14:00,26.85,19.67,17368.1
2026-06-11,30,14,2026-06,2026-06-11T14:30,27.1,20.37,17370.7
2026-06-11,31,15,2026-06,2026-06-11T15:00,27.49,20.58,17836.4
2026-06-11,32,15,2026-06,2026-06-11T15:30,28.6,19.97,20684.6
2026-06-11,33,16,2026-06,2026-06-11T16:00,31.68,23.69,18396.1
2026-06-11,34,16,2026-06,2026-06-11T16:30,29.41,22.87,18597.1
2026-06-11,35,17,2026-06,2026-06-11T17:00,37.07,29.93,20307.9
2026-06-11,36,17,2026-06,2026-06-11T17:30,29.61,23.47,20827.6
2026-06-11,37,18,2026-06,2026-06-11T18:00,29.46,22.56,19513.9
2026-06-11,38,18,2026-06,2026-06-11T18:30,30.13,22.44,18438.8
2026-06-11,39,19,2026-06,2026-06-11T19:00,29.15,20.86,18127.0
2026-06-11,40,19,2026-06,2026-06-11T19:30,26.89,19.05,20394.3
2026-06-11,41,20,2026-06,2026-06-11T20:00,25.23,18.85,17423.0
2026-06-11,42,20,2026-06,2026-06-11T20:30,25.69,20.82,17850.5
2026-06-11,43,21,2026-06,2026-06-11T21:00,23.05,17.04,17465.3
2026-06-11,44,21,2026-06,2026-06-11T21:30,23.77,18.25,16913.8
2026-06-11,45,22,2026-06,2026-06-11T22:00,22.44,18.15,17317.3
2026-06-11,46,22,2026-06,2026-06-11T22:30,21.53,16.68,16715.4
2026-06-11,47,23,2026-06,2026-06-11T23:00,20.78,14.91,16574.6
2026-06-11,48,23,2026-06,2026-06-11T23:30,21.29,16.0,15185.2
2026-06-12,1,0,2026-06,2026-06-12T00:00,19.92,15.25,15510.2
2026-06-12,2,0,2026-06,2026-06-12T00:30,18.63,13.65,15750.8
2026-06-12,3,1,2026-06,2026-06-12T01:00,17.62,13.84,15745.2
2026-06-12,4,1,2026-06,2026-06-12T01:30,19.72,15.72,16043.8
2026-06-12,5,2,2026-06,2026-06-12T02:00,18.86,14.07,16659.5
2026-06-12,6,2,2026-06,2026-06-12T02:30,18.22,13.35,15904.8
2026-06-12,7,3,2026-06,2026-06-12T03:00,19.18,14.13,15745.4
2026-06-12,8,3,2026-06,2026-06-12T03:30,18.79,13.52,15486.4
2026-06-12,9,4,2026-06,2026-06-12T04:00,18.1,12.87,17283.2
2026-06-12,10,4,2026-06,2026-06-12T04:30,18.26,13.71,15498.1
2026-06-12,11,5,2026-06,2026-06-12T05:00,17.77,14.29,15418.0
2026-06-12,12,5,2026-06,2026-06-12T05:30,19.07,14.45,15639.9
2026-06-12,13,6,2026-06,2026-06-12T06:00,17.23,12.13,16559.0
2026-06-12,14,6,2026-06,2026-06-12T06:30,16.51,11.85,16588.0
2026-06-12,15,7,2026-06,2026-06-12T07:00,17.18,12.28,16461.6
2026-06-12,16,7,2026-06,2026-06-12T07:30,17.3,12.92,16183.9
2026-06-12,17,8,2026-06,2026-06-12T08:00,19.51,14.85,16743.3
2026-06-12,18,8,2026-06,2026-06-12T08:30,18.41,14.13,15461.5
2026-06-12,19,9,2026-06,2026-06-12T09:00,22.78,17.6,16122.9
2026-06-12,20,9,2026-06,2026-06-12T09:30,16.84,12.94,16634.2
2026-06-12,21,10,2026-06,2026-06-12T10:00,20.3,14.79,16249.8
2026-06-12,22,10,2026-06,2026-06-12T10:30,18.22,13.38,16555.6
2026-06-12,23,11,2026-06,2026-06-12T11:00,18.65,14.01,16783.4
2026-06-12,24,11,2026-06,2026-06-12T11:30,20.12,14.6,15979.0
2026-06-12,25,12,2026-06,2026-06-12T12:00,18.59,14.06,15944.0
2026-06-12,26,12,2026-06,2026-06-12T12:30,21.2,15.43,16358.8
2026-06-12,27,13,2026-06,2026-06-12T13:00,23.49,17.56,16916.9
2026-06-12,28,13,2026-06,2026-06-12T13:30,23.65,17.64,16763.9
2026-06-12,29,14,2026-06,2026-06-12T14:00,22.61,17.75,15415.4
2026-06-12,30,14,2026-06,2026-06-12T14:30,24.71,19.36,18222.0
2026-06-12,31,15,2026-06,2026-06-12T15:00,26.65,19.58,16938.7
2026-06-12,32,15,2026-06,2026-06-12T15:30,31.0,23.19,19685.8
2026-06-12,33,16,2026-06,2026-06-12T16:00,28.84,22.14,18835.5
2026-06-12,34,16,2026-06,2026-06-12T16:30,28.25,21.45,19070.8
2026-06-12,35,17,2026-06,2026-06-12T17:00,31.01,22.75,19819.1
2026-06-12,36,17,2026-06,2026-06-12T17:30,30.36,22.76,19848.0
2026-06-12,37,18,2026-06,2026-06-12T18:00,28.95,22.05,18922.2
2026-06-12,38,18,2026-06,2026-06-12T18:30,28.01,20.97,18631.8
2026-06-12,39,19,2026-06,2026-06-12T19:00,25.52,19.43,17956.9
2026-06-12,40,19,2026-06,2026-06-12T19:30,27.44,21.39,16910.1
2026-06-12,41,20,2026-06,2026-06-12T20:00,25.8,19.34,15637.5
2026-06-12,42,20,2026-06,2026-06-12T20:30,22.73,17.19,16961.6
2026-06-12,43,21,2026-06,2026-06-12T21:00,22.85,17.74,16104.1
2026-06-12,44,21,2026-06,2026-06-12T21:30,20.57,15.13,16033.9
2026-06-12,45,22,2026-06,2026-06-12T22:00,20.66,16.07,16186.9
2026-06-12,46,22,2026-06,2026-06-12T22:30,19.75,14.11,17115.8
2026-06-12,47,23,2026-06,2026-06-12T23:00,17.61,12.63,15249.8
2026-06-12,48,23,2026-06,2026-06-12T23:30,18.5,14.17,16291.9
2026-06-13,1,0,2026-06,2026-06-13T00:00,15.76,12.06,16678.6
2026-06-13,2,0,2026-06,2026-06-13T00:30,16.26,12.92,16996.7
2026-06-13,3,1,2026-06,2026-06-13T01:00,15.59,11.5,17067.8
2026-06-13,4,1,2026-06,2026-06-13T01:30,15.62,11.58,15174.4
2026-06-13,5,2,2026-06,2026-06-13T02:00,15.63,11.8,14778.6
2026-06-13,6,2,2026-06,2026-06-13T02:30,16.03,12.11,16471.7
2026-06-13,7,3,2026-06,2026-06-13T03:00,13.69,10.19,16275.2
2026-06-13,8,3,2026-06,2026-06-13T03:30,14.93,11.3,17228.7
2026-06-13,9,4,2026-06,2026-06-13T04:00,14.94,11.1,15270.0
2026-06-13,10,4,2026-06,2026-06-13T04:30,14.34,11.22,15880.3
2026-06-13,11,5,2026-06,2026-06-13T05:00,16.26,12.36,16436.8
2026-06-13,12,5,2026-06,2026-06-13T05:30,15.59,11.73,16200.5
2026-06-13,13,6,2026-06,2026-06-13T06:00,14.45,11.34,14950.2
2026-06-13,14,6,2026-06,2026-06-13T06:30,14.52,11.13,15703.8
2026-06-13,15,7,2026-06,2026-06-13T07:00,13.85,10.33,15225.5
2026-06-13,16,7,2026-06,2026-06-13T07:30,14.24,11.02,14474.3
2026-06-13,17,8,2026-06,2026-06-13T08:00,15.83,11.97,15321.4
2026-06-13,18,8,2026-06,2026-06-13T08:30,14.47,10.5,17338.3
2026-06-13,19,9,2026-06,2026-06-13T09:00,15.29,11.35,17507.9
2026-06-13,20,9,2026-06,2026-06-13T09:30,15.41,11.86,17281.3
2026-06-13,21,10,2026-06,2026-06-13T10:00,16.08,12.24,15922.1
2026-06-13,22,10,2026-06,2026-06-13T10:30,15.8,11.85,17875.7
2026-06-13,23,11,2026-06,2026-06-13T11:00,17.04,13.04,16461.8
2026-06-13,24,11,2026-06,2026-06-13T11:30,16.71,12.21,16346.7
2026-06-13,25,12,2026-06,2026-06-13T12:00,18.01,13.81,18220.2
2026-06-13,26,12,2026-06,2026-06-13T12:30,17.85,14.03,18271.5
2026-06-13,27,13,2026-06,2026-06-13T13:00,20.76,15.65,16773.6
2026-06-13,28,13,2026-06,2026-06-13T13:30,20.61,14.77,17910.4
2026-06-13,29,14,2026-06,2026-06-13T14:00,20.38,15.26,16442.7
2026-06-13,30,14,2026-06,2026-06-13T14:30,22.87,17.85,17861.8
2026-06-13,31,15,2026-06,2026-06-13T15:00,23.89,17.78,18693.8
2026-06-13,32,15,2026-06,2026-06-13T15:30,25.08,19.65,18575.8
2026-06-13,33,16,2026-06,2026-06-13T16:00,25.91,19.75,17562.8
2026-06-13,34,16,2026-06,2026-06-13T16:30,25.13,18.93,19661.9
2026-06-13,35,17,2026-06,2026-06-13T17:00,24.42,19.18,17074.0
2026-06-13,36,17,2026-06,2026-06-13T17:30,26.39,19.93,18430.3
2026-06-13,37,18,2026-06,2026-06-13T18:00,26.47,20.88,19213.7
2026-06-13,38,18,2026-06,2026-06-13T18:30,24.98,19.77,18750.0
2026-06-13,39,19,2026-06,2026-06-13T19:00,23.29,18.45,16233.2
2026-06-13,40,19,2026-06,2026-06-13T19:30,20.71,15.98,17488.8
2026-06-13,41,20,2026-06,2026-06-13T20:00,19.89,14.77,17364.7
2026-06-13,42,20,2026-06,2026-06-13T20:30,20.1,15.04,18270.9
2026-06-13,43,21,2026-06,2026-06-13T21:00,19.86,15.15,16784.0
2026-06-13,44,21,2026-06,2026-06-13T21:30,19.97,15.12,17142.7
2026-06-13,45,22,2026-06,2026-06-13T22:00,18.37,13.2,18552.2
2026-06-13,46,22,2026-06,2026-06-13T22:30,18.26,14.8,16584.4
2026-06-13,47,23,2026-06,2026-06-13T23:00,17.26,13.02,16352.7
2026-06-13,48,23,2026-06,2026-06-13T23:30,18.21,13.61,16317.7
2026-06-14,1,0,2026-06,2026-06-14T00:00,17.43,13.16,16695.5
2026-06-14,2,0,2026-06,2026-06-14T00:30,16.51,12.64,15497.9
2026-06-14,3,1,2026-06,2026-06-14T01:00,16.43,12.07,15384.1
2026-06-14,4,1,2026-06,2026-06-14T01:30,15.96,12.29,16266.8
2026-06-14,5,2,2026-06,2026-06-14T02:00,16.36,12.23,16678.3
2026-06-14,6,2,2026-06,2026-06-14T02:30,14.94,11.13,18705.4
2026-06-14,7,3,2026-06,2026-06-14T03:00,14.9,11.38,16748.3
2026-06-14,8,3,2026-06,2026-06-14T03:30,15.95,12.06,17611.5
2026-06-14,9,4,2026-06,2026-06-14T04:00,16.5,12.29,14411.4
2026-06-14,10,4,2026-06,2026-06-14T04:30,15.49,11.41,15049.2
2026-06-14,11,5,2026-06,2026-06-14T05:00,14.96,11.51,15511.5
2026-06-14,12,5,2026-06,2026-06-14T05:30,16.83,12.7,16441.0
2026-06-14,13,6,2026-06,2026-06-14T06:00,15.36,11.86,16054.7
2026-06-14,14,6,2026-06,2026-06-14T06:30,15.63,11.26,15244.0
2026-06-14,15,7,2026-06,2026-06-14T07:00,15.56,11.52,15832.0
2026-06-14,16,7,2026-06,2026-06-14T07:30,16.56,12.29,15710.3
2026-06-14,17,8,2026-06,2026-06-14T08:00,13.91,10.69,15137.7
2026-06-14,18,8,2026-06,2026-06-14T08:30,15.56,11.41,15991.4
2026-06-14,19,9,2026-06,2026-06-14T09:00,16.79,12.35,15513.0
2026-06-14,20,9,2026-06,2026-06-14T09:30,15.3,11.48,15084.7
2026-06-14,21,10,2026-06,2026-06-14T10:00,15.6,11.92,16051.2
2026-06-14,22,10,2026-06,2026-06-14T10:30,17.54,13.67,16280.3
2026-06-14,23,11,2026-06,2026-06-14T11:00,15.87,12.17,17215.1
2026-06-14,24,11,2026-06,2026-06-14T11:30,14.76,11.15,16004.4
2026-06-14,25,12,2026-06,2026-06-14T12:00,15.78,11.8,15480.4
2026-06-14,26,12,2026-06,2026-06-14T12:30,18.69,13.94,16862.9
2026-06-14,27,13,2026-06,2026-06-14T13:00,20.73,15.98,16507.0
2026-06-14,28,13,2026-06,2026-06-14T13:30,18.89,14.38,17377.2
2026-06-14,29,14,2026-06,2026-06-14T14:00,22.18,16.62,16890.1
2026-06-14,30,14,2026-06,2026-06-14T14:30,22.34,16.71,19350.1
2026-06-14,31,15,2026-06,2026-06-14T15:00,22.79,16.9,18173.7
2026-06-14,32,15,2026-06,2026-06-14T15:30,27.24,20.16,19948.3
2026-06-14,33,16,2026-06,2026-06-14T16:00,27.02,20.87,20330.4
2026-06-14,34,16,2026-06,2026-06-14T16:30,27.48,21.82,17563.7
2026-06-14,35,17,2026-06,2026-06-14T17:00,26.23,19.69,17772.3
2026-06-14,36,17,2026-06,2026-06-14T17:30,24.28,18.5,20252.8
2026-06-14,37,18,2026-06,2026-06-14T18:00,24.68,19.5,18728.6
2026-06-14,38,18,2026-06,2026-06-14T18:30,24.3,18.33,18684.9
2026-06-14,39,19,2026-06,2026-06-14T19:00,22.48,17.3,18219.3
2026-06-14,40,19,2026-06,2026-06-14T19:30,21.64,17.07,16781.7
2026-06-14,41,20,2026-06,2026-06-14T20:00,19.91,15.26,17674.5
2026-06-14,42,20,2026-06,2026-06-14T20:30,20.97,16.04,15621.1
2026-06-14,43,21,2026-06,2026-06-14T21:00,18.86,14.38,19239.2
2026-06-14,44,21,2026-06,2026-06-14T21:30,17.6,13.82,16728.6
2026-06-14,45,22,2026-06,2026-06-14T22:00,17.55,13.74,17436.2
2026-06-14,46,22,2026-06,2026-06-14T22:30,17.1,12.84,16413.2
2026-06-14,47,23,2026-06,2026-06-14T23:00,17.49,12.68,15936.1
2026-06-14,48,23,2026-06,2026-06-14T23:30,15.4,11.62,15862.5
2026-06-15,1,0,2026-06,2026-06-15T00:00,17.93,13.22,17755.0
2026-06-15,2,0,2026-06,2026-06-15T00:30,16.52,12.27,15310.1
2026-06-15,3,1,2026-06,2026-06-15T01:00,17.41,13.27,16342.3
2026-06-15,4,1,2026-06,2026-06-15T01:30,18.21,13.94,15346.6
2026-06-15,5,2,2026-06,2026-06-15T02:00,17.37,13.04,15900.7
2026-06-15,6,2,2026-06,2026-06-15T02:30,17.28,12.92,16439.3
2026-06-15,7,3,2026-06,2026-06-15T03:00,16.27,12.59,15585.7
2026-06-15,8,3,2026-06,2026-06-15T03:30,16.71,12.52,16593.2
2026-06-15,9,4,2026-06,2026-06-15T04:00,16.21,12.22,14836.7
2026-06-15,10,4,2026-06,2026-06-15T04:30,17.4,13.2,15506.5
2026-06-15,11,5,2026-06,2026-06-15T05:00,16.11,12.39,15338.2
2026-06-15,12,5,2026-06,2026-06-15T05:30,16.9,12.75,16516.0
2026-06-15,13,6,2026-06,2026-06-15T06:00,15.07,11.32,16356.1
2026-06-15,14,6,2026-06,2026-06-15T06:30,16.59,12.92,15514.4
2026-06-15,15,7,2026-06,2026-06-15T07:00,17.89,13.99,15678.2
2026-06-15,16,7,2026-06,2026-06-15T07:30,16.06,11.4,15065.0
2026-06-15,17,8,2026-06,2026-06-15T08:00,16.87,13.14,16201.6
2026-06-15,18,8,2026-06,2026-06-15T08:30,17.82,13.24,16544.3
2026-06-15,19,9,2026-06,2026-06-15T09:00,17.03,12.4,15537.5
2026-06-15,20,9,2026-06,2026-06-15T09:30,18.73,14.08,17472.3
2026-06-15,21,10,2026-06,2026-06-15T10:00,16.46,12.79,14063.8
2026-06-15,22,10,2026-06,2026-06-15T10:30,17.6,13.49,17134.1
2026-06-15,23,11,2026-06,2026-06-15T11:00,17.4,12.86,14895.7
2026-06-15,24,11,2026-06,2026-06-15T11:30,18.35,13.73,16544.2
2026-06-15,25,12,2026-06,2026-06-15T12:00,17.38,13.34,16103.3
2026-06-15,26,12,2026-06,2026-06-15T12:30,20.23,15.27,17193.2
2026-06-15,27,13,2026-06,2026-06-15T13:00,20.81,15.41,16513.4
2026-06-15,28,13,2026-06,2026-06-15T13:30,23.0,17.16,17353.3
2026-06-15,29,14,2026-06,2026-06-15T14:00,23.66,16.81,16821.5
2026-06-15,30,14,2026-06,2026-06-15T14:30,25.87,19.4,16867.3
2026-06-15,31,15,2026-06,2026-06-15T15:00,25.15,18.82,17241.9
2026-06-15,32,15,2026-06,2026-06-15T15:30,27.16,21.06,18416.3
2026-06-15,33,16,2026-06,2026-06-15T16:00,26.7,19.91,21164.3
2026-06-15,34,16,2026-06,2026-06-15T16:30,28.63,21.68,19123.1
2026-06-15,35,17,2026-06,2026-06-15T17:00,29.66,21.79,18743.5
2026-06-15,36,17,2026-06,2026-06-15T17:30,24.81,18.28,17060.9
2026-06-15,37,18,2026-06,2026-06-15T18:00,27.57,21.41,18349.3
2026-06-15,38,18,2026-06,2026-06-15T18:30,24.87,18.32,18033.2
2026-06-15,39,19,2026-06,2026-06-15T19:00,26.27,19.29,19601.1
2026-06-15,40,19,2026-06,2026-06-15T19:30,24.49,17.66,17256.2
2026-06-15,41,20,2026-06,2026-06-15T20:00,23.45,17.94,15818.8
2026-06-15,42,20,2026-06,2026-06-15T20:30,21.79,16.73,16622.3
2026-06-15,43,21,2026-06,2026-06-15T21:00,23.1,17.9,18493.2
2026-06-15,44,21,2026-06,2026-06-15T21:30,21.96,15.97,17758.0
2026-06-15,45,22,2026-06,2026-06-15T22:00,20.53,15.86,17381.5
2026-06-15,46,22,2026-06,2026-06-15T22:30,17.27,12.9,18753.0
2026-06-15,47,23,2026-06,2026-06-15T23:00,20.04,15.14,17298.4
2026-06-15,48,23,2026-06,2026-06-15T23:30,18.45,13.71,16633.0
2026-06-16,1,0,2026-06,2026-06-16T00:00,20.09,15.38,15373.6
2026-06-16,2,0,2026-06,2026-06-16T00:30,18.7,14.37,16647.8
2026-06-16,3,1,2026-06,2026-06-16T01:00,19.81,14.58,15910.9
2026-06-16,4,1,2026-06,2026-06-16T01:30,19.07,15.15,17512.1
2026-06-16,5,2,2026-06,2026-06-16T02:00,18.48,14.57,15897.3
2026-06-16,6,2,2026-06,2026-06-16T02:30,21.24,16.22,15361.9
2026-06-16,7,3,2026-06,2026-06-16T03:00,20.59,15.83,16539.8
2026-06-16,8,3,2026-06,2026-06-16T03:30,17.51,13.22,15069.2
2026-06-16,9,4,2026-06,2026-06-16T04:00,19.43,14.54,16574.0
2026-06-16,10,4,2026-06,2026-06-16T04:30,19.28,14.93,15901.2
2026-06-16,11,5,2026-06,2026-06-16T05:00,18.04,13.29,16101.9
2026-06-16,12,5,2026-06,2026-06-16T05:30,18.62,13.71,15916.3
2026-06-16,13,6,2026-06,2026-06-16T06:00,19.43,15.24,17045.1
2026-06-16,14,6,2026-06,2026-06-16T06:30,17.99,13.13,15653.6
2026-06-16,15,7,2026-06,2026-06-16T07:00,19.28,14.23,15713.9
2026-06-16,16,7,2026-06,2026-06-16T07:30,18.98,15.02,16257.2
2026-06-16,17,8,2026-06,2026-06-16T08:00,19.69,15.09,14711.7
2026-06-16,18,8,2026-06,2026-06-16T08:30,19.74,15.04,15935.6
2026-06-16,19,9,2026-06,2026-06-16T09:00,18.99,14.37,15853.6
2026-06-16,20,9,2026-06,2026-06-16T09:30,22.52,17.29,16867.8
2026-06-16,21,10,2026-06,2026-06-16T10:00,22.13,16.45,17124.7
2026-06-16,22,10,2026-06,2026-06-16T10:30,21.8,16.95,15847.1
2026-06-16,23,11,2026-06,2026-06-16T11:00,19.08,13.85,16282.5
2026-06-16,24,11,2026-06,2026-06-16T11:30,20.78,16.11,16319.8
2026-06-16,25,12,2026-06,2026-06-16T12:00,20.76,15.88,15041.1
2026-06-16,26,12,2026-06,2026-06-16T12:30,21.79,16.27,15928.7
2026-06-16,27,13,2026-06,2026-06-16T13:00,22.77,16.66,15388.3
2026-06-16,28,13,2026-06,2026-06-16T13:30,26.82,20.85,16252.1
2026-06-16,29,14,2026-06,2026-06-16T14:00,27.61,20.48,18870.1
2026-06-16,30,14,2026-06,2026-06-16T14:30,26.93,20.45,17401.1
2026-06-16,31,15,2026-06,2026-06-16T15:00,31.91,24.51,17929.2
2026-06-16,32,15,2026-06,2026-06-16T15:30,31.92,22.76,17535.1
2026-06-16,33,16,2026-06,2026-06-16T16:00,35.05,27.42,17238.1
2026-06-16,34,16,2026-06,2026-06-16T16:30,34.28,26.08,18659.8
2026-06-16,35,17,2026-06,2026-06-16T17:00,31.18,22.88,19448.0
2026-06-16,36,17,2026-06,2026-06-16T17:30,30.16,21.95,20083.5
2026-06-16,37,18,2026-06,2026-06-16T18:00,30.16,22.75,18077.8
2026-06-16,38,18,2026-06,2026-06-16T18:30,30.97,22.78,17357.8
2026-06-16,39,19,2026-06,2026-06-16T19:00,29.87,23.66,16376.9
2026-06-16,40,19,2026-06,2026-06-16T19:30,27.51,20.27,17530.4
2026-06-16,41,20,2026-06,2026-06-16T20:00,25.27,18.22,20236.5
2026-06-16,42,20,2026-06,2026-06-16T20:30,24.45,18.69,17579.8
2026-06-16,43,21,2026-06,2026-06-16T21:00,24.12,17.7,17646.6
2026-06-16,44,21,2026-06,2026-06-16T21:30,22.18,16.44,17701.8
2026-06-16,45,22,2026-06,2026-06-16T22:00,22.46,18.48,15848.3
2026-06-16,46,22,2026-06,2026-06-16T22:30,20.57,15.75,16602.1
2026-06-16,47,23,2026-06,2026-06-16T23:00,20.75,15.79,16639.5
2026-06-16,48,23,2026-06,2026-06-16T23:30,21.18,16.73,15392.3
2026-06-17,1,0,2026-06,2026-06-17T00:00,20.76,15.41,17149.5
2026-06-17,2,0,2026-06,2026-06-17T00:30,20.16,15.28,16773.7
2026-06-17,3,1,2026-06,2026-06-17T01:00,19.51,14.91,17139.8
2026-06-17,4,1,2026-06,2026-06-17T01:30,20.72,16.01,16322.3
2026-06-17,5,2,2026-06,2026-06-17T02:00,21.25,17.02,14591.2
2026-06-17,6,2,2026-06,2026-06-17T02:30,20.25,14.56,16288.4
2026-06-17,7,3,2026-06,2026-06-17T03:00,20.63,16.06,15137.7
2026-06-17,8,3,2026-06,2026-06-17T03:30,20.53,14.34,15492.6
2026-06-17,9,4,2026-06,2026-06-17T04:00,18.83,14.78,15421.9
2026-06-17,10,4,2026-06,2026-06-17T04:30,20.04,15.41,16196.3
2026-06-17,11,5,2026-06,2026-06-17T05:00,20.45,15.28,16286.0
2026-06-17,12,5,2026-06,2026-06-17T05:30,18.43,14.33,16109.6
2026-06-17,13,6,2026-06,2026-06-17T06:00,20.69,15.01,15630.6
2026-06-17,14,6,2026-06,2026-06-17T06:30,20.73,15.73,16708.5
2026-06-17,15,7,2026-06,2026-06-17T07:00,19.15,14.76,16353.4
2026-06-17,16,7,2026-06,2026-06-17T07:30,20.61,15.39,14535.3
2026-06-17,17,8,2026-06,2026-06-17T08:00,19.26,14.88,17299.2
2026-06-17,18,8,2026-06,2026-06-17T08:30,20.64,14.91,14732.7
2026-06-17,19,9,2026-06,2026-06-17T09:00,21.87,16.23,16560.7
2026-06-17,20,9,2026-06,2026-06-17T09:30,23.15,17.29,15473.3
2026-06-17,21,10,2026-06,2026-06-17T10:00,21.02,16.43,16171.0
2026-06-17,22,10,2026-06,2026-06-17T10:30,22.34,16.21,17036.7
2026-06-17,23,11,2026-06,2026-06-17T11:00,19.97,15.13,16031.5
2026-06-17,24,11,2026-06,2026-06-17T11:30,19.64,14.91,18657.8
2026-06-17,25,12,2026-06,2026-06-17T12:00,20.4,15.55,15471.0
2026-06-17,26,12,2026-06,2026-06-17T12:30,25.17,18.51,17749.5
2026-06-17,27,13,2026-06,2026-06-17T13:00,24.84,19.98,16649.1
2026-06-17,28,13,2026-06,2026-06-17T13:30,24.99,18.0,16738.3
2026-06-17,29,14,2026-06,2026-06-17T14:00,28.52,21.51,18114.3
2026-06-17,30,14,2026-06,2026-06-17T14:30,30.08,22.93,17688.4
2026-06-17,31,15,2026-06,2026-06-17T15:00,30.49,21.31,17595.1
2026-06-17,32,15,2026-06,2026-06-17T15:30,31.8,23.8,18891.3
2026-06-17,33,16,2026-06,2026-06-17T16:00,35.8,27.23,17895.3
2026-06-17,34,16,2026-06,2026-06-17T16:30,32.16,24.29,18873.2
2026-06-17,35,17,2026-06,2026-06-17T17:00,35.79,26.71,17288.0
2026-06-17,36,17,2026-06,2026-06-17T17:30,33.3,24.32,20366.9
2026-06-17,37,18,2026-06,2026-06-17T18:00,31.55,22.99,16520.4
2026-06-17,38,18,2026-06,2026-06-17T18:30,30.06,21.72,17929.6
2026-06-17,39,19,2026-06,2026-06-17T19:00,30.88,23.0,19044.6
2026-06-17,40,19,2026-06,2026-06-17T19:30,29.53,22.58,17293.6
2026-06-17,41,20,2026-06,2026-06-17T20:00,27.13,20.82,17164.6
2026-06-17,42,20,2026-06,2026-06-17T20:30,24.65,18.22,18490.0
2026-06-17,43,21,2026-06,2026-06-17T21:00,25.3,19.68,17919.5
2026-06-17,44,21,2026-06,2026-06-17T21:30,24.83,17.98,17309.7
2026-06-17,45,22,2026-06,2026-06-17T22:00,22.4,17.5,16522.9
2026-06-17,46,22,2026-06,2026-06-17T22:30,23.02,16.82,18297.4
2026-06-17,47,23,2026-06,2026-06-17T23:00,22.51,17.38,16030.8
2026-06-17,48,23,2026-06,2026-06-17T23:30,22.16,16.36,17273.9
2026-06-18,1,0,2026-06,2026-06-18T00:00,21.81,15.78,16465.4
2026-06-18,2,0,2026-06,2026-06-18T00:30,21.09,15.14,17737.8
2026-06-18,3,1,2026-06,2026-06-18T01:00,20.5,16.22,14839.9
2026-06-18,4,1,2026-06,2026-06-18T01:30,20.76,16.7,16599.4
2026-06-18,5,2,2026-06,2026-06-18T02:00,22.14,16.45,16272.7
2026-06-18,6,2,2026-06,2026-06-18T02:30,22.15,17.43,17281.7
2026-06-18,7,3,2026-06,2026-06-18T03:00,22.63,17.67,16865.2
2026-06-18,8,3,2026-06,2026-06-18T03:30,21.22,16.5,14562.7
2026-06-18,9,4,2026-06,2026-06-18T04:00,20.95,16.28,15963.9
2026-06-18,10,4,2026-06,2026-06-18T04:30,20.6,15.3,16759.4
2026-06-18,11,5,2026-06,2026-06-18T05:00,21.75,16.81,14785.6
2026-06-18,12,5,2026-06,2026-06-18T05:30,21.79,16.74,15591.6
2026-06-18,13,6,2026-06,2026-06-18T06:00,21.26,16.45,16435.6
2026-06-18,14,6,2026-06,2026-06-18T06:30,21.13,16.27,16517.1
2026-06-18,15,7,2026-06,2026-06-18T07:00,18.89,14.54,16434.1
2026-06-18,16,7,2026-06,2026-06-18T07:30,20.12,15.48,15657.4
2026-06-18,17,8,2026-06,2026-06-18T08:00,21.83,15.9,16898.5
2026-06-18,18,8,2026-06,2026-06-18T08:30,20.68,14.96,14761.2
2026-06-18,19,9,2026-06,2026-06-18T09:00,24.16,17.5,15530.7
2026-06-18,20,9,2026-06,2026-06-18T09:30,22.67,17.08,18365.6
2026-06-18,21,10,2026-06,2026-06-18T10:00,23.36,17.2,16286.2
2026-06-18,22,10,2026-06,2026-06-18T10:30,21.79,16.42,15539.5
2026-06-18,23,11,2026-06,2026-06-18T11:00,23.62,17.67,16562.2
2026-06-18,24,11,2026-06,2026-06-18T11:30,20.12,15.95,16988.6
2026-06-18,25,12,2026-06,2026-06-18T12:00,22.96,16.38,15453.0
2026-06-18,26,12,2026-06,2026-06-18T12:30,23.69,18.24,16601.2
2026-06-18,27,13,2026-06,2026-06-18T13:00,28.31,21.29,18374.8
2026-06-18,28,13,2026-06,2026-06-18T13:30,27.94,21.04,17730.2
2026-06-18,29,14,2026-06,2026-06-18T14:00,31.56,23.53,16968.1
2026-06-18,30,14,2026-06,2026-06-18T14:30,29.14,22.03,18656.6
2026-06-18,31,15,2026-06,2026-06-18T15:00,30.81,23.94,17859.3
2026-06-18,32,15,2026-06,2026-06-18T15:30,34.59,25.28,18767.4
2026-06-18,33,16,2026-06,2026-06-18T16:00,33.0,25.22,19431.7
2026-06-18,34,16,2026-06,2026-06-18T16:30,32.38,25.47,17859.7
2026-06-18,35,17,2026-06,2026-06-18T17:00,30.91,23.24,19141.2
2026-06-18,36,17,2026-06,2026-06-18T17:30,33.96,24.53,19021.0
2026-06-18,37,18,2026-06,2026-06-18T18:00,34.48,27.36,19975.6
2026-06-18,38,18,2026-06,2026-06-18T18:30,33.48,25.15,18091.7
2026-06-18,39,19,2026-06,2026-06-18T19:00,32.55,26.27,18585.0
2026-06-18,40,19,2026-06,2026-06-18T19:30,30.88,22.14,18547.8
2026-06-18,41,20,2026-06,2026-06-18T20:00,26.34,20.4,18861.4
2026-06-18,42,20,2026-06,2026-06-18T20:30,27.39,21.33,16364.0
2026-06-18,43,21,2026-06,2026-06-18T21:00,26.14,20.53,18433.3
2026-06-18,44,21,2026-06,2026-06-18T21:30,24.0,17.75,17088.7
2026-06-18,45,22,2026-06,2026-06-18T22:00,24.44,18.39,17402.9
2026-06-18,46,22,2026-06,2026-06-18T22:30,21.31,15.84,16548.1
2026-06-18,47,23,2026-06,2026-06-18T23:00,24.59,19.88,16389.2
2026-06-18,48,23,2026-06,2026-06-18T23:30,20.73,16.06,14788.9
2026-06-19,1,0,2026-06,2026-06-19T00:00,21.51,16.01,15195.3
2026-06-19,2,0,2026-06,2026-06-19T00:30,19.9,15.12,15468.8
2026-06-19,3,1,2026-06,2026-06-19T01:00,22.01,16.27,15420.1
2026-06-19,4,1,2026-06,2026-06-19T01:30,19.91,15.08,15665.0
2026-06-19,5,2,2026-06,2026-06-19T02:00,19.58,15.36,15750.5
2026-06-19,6,2,2026-06,2026-06-19T02:30,20.33,15.43,15842.9
2026-06-19,7,3,2026-06,2026-06-19T03:00,19.36,14.53,16080.0
2026-06-19,8,3,2026-06,2026-06-19T03:30,19.91,15.57,15949.9
2026-06-19,9,4,2026-06,2026-06-19T04:00,20.43,15.67,16518.6
2026-06-19,10,4,2026-06,2026-06-19T04:30,21.84,16.9,15297.2
2026-06-19,11,5,2026-06,2026-06-19T05:00,20.03,14.9,15503.4
2026-06-19,12,5,2026-06,2026-06-19T05:30,18.18,13.48,15394.8
2026-06-19,13,6,2026-06,2026-06-19T06:00,19.76,14.96,16100.9
2026-06-19,14,6,2026-06,2026-06-19T06:30,20.6,15.4,17356.8
2026-06-19,15,7,2026-06,2026-06-19T07:00,20.07,15.15,14749.7
2026-06-19,16,7,2026-06,2026-06-19T07:30,20.17,15.42,14796.4
2026-06-19,17,8,2026-06,2026-06-19T08:00,21.93,16.51,15529.5
2026-06-19,18,8,2026-06,2026-06-19T08:30,22.16,16.47,18222.2
2026-06-19,19,9,2026-06,2026-06-19T09:00,22.2,16.64,18015.5
2026-06-19,20,9,2026-06,2026-06-19T09:30,21.92,17.19,15710.4
2026-06-19,21,10,2026-06,2026-06-19T10:00,21.12,15.89,16227.5
2026-06-19,22,10,2026-06,2026-06-19T10:30,20.4,15.07,15158.5
2026-06-19,23,11,2026-06,2026-06-19T11:00,24.16,18.1,15774.8
2026-06-19,24,11,2026-06,2026-06-19T11:30,20.69,14.79,18016.5
2026-06-19,25,12,2026-06,2026-06-19T12:00,22.43,15.96,17056.7
2026-06-19,26,12,2026-06,2026-06-19T12:30,24.25,18.11,16966.9
2026-06-19,27,13,2026-06,2026-06-19T13:00,27.1,20.55,18230.7
2026-06-19,28,13,2026-06,2026-06-19T13:30,28.07,21.32,17110.2
2026-06-19,29,14,2026-06,2026-06-19T14:00,28.44,22.3,17767.0
2026-06-19,30,14,2026-06,2026-06-19T14:30,31.53,24.04,17732.3
2026-06-19,31,15,2026-06,2026-06-19T15:00,29.0,21.53,17830.4
2026-06-19,32,15,2026-06,2026-06-19T15:30,31.29,23.15,17731.8
2026-06-19,33,16,2026-06,2026-06-19T16:00,32.66,24.39,18426.0
2026-06-19,34,16,2026-06,2026-06-19T16:30,35.49,26.01,18129.5
2026-06-19,35,17,2026-06,2026-06-19T17:00,34.95,26.57,18076.1
2026-06-19,36,17,2026-06,2026-06-19T17:30,35.94,26.47,18761.8
2026-06-19,37,18,2026-06,2026-06-19T18:00,32.24,25.64,19144.1
2026-06-19,38,18,2026-06,2026-06-19T18:30,30.55,23.85,17815.3
2026-06-19,39,19,2026-06,2026-06-19T19:00,31.16,25.55,16053.9
2026-06-19,40,19,2026-06,2026-06-19T19:30,28.55,22.15,17993.0
2026-06-19,41,20,2026-06,2026-06-19T20:00,25.12,18.79,17922.0
2026-06-19,42,20,2026-06,2026-06-19T20:30,25.9,19.74,17442.4
2026-06-19,43,21,2026-06,2026-06-19T21:00,26.05,20.63,16347.8
2026-06-19,44,21,2026-06,2026-06-19T21:30,23.44,18.13,17407.1
2026-06-19,45,22,2026-06,2026-06-19T22:00,25.15,19.27,16954.0
2026-06-19,46,22,2026-06,2026-06-19T22:30,22.05,16.85,18056.2
2026-06-19,47,23,2026-06,2026-06-19T23:00,22.74,16.86,17188.5
2026-06-19,48,23,2026-06,2026-06-19T23:30,22.13,16.45,16893.1
2026-06-20,1,0,2026-06,2026-06-20T00:00,19.58,14.2,16435.2
2026-06-20,2,0,2026-06,2026-06-20T00:30,19.08,15.16,15812.7
2026-06-20,3,1,2026-06,2026-06-20T01:00,17.65,13.43,15124.8
2026-06-20,4,1,2026-06,2026-06-20T01:30,20.15,15.28,15247.4
2026-06-20,5,2,2026-06,2026-06-20T02:00,17.75,13.64,17163.6
2026-06-20,6,2,2026-06,2026-06-20T02:30,18.22,13.36,15202.9
2026-06-20,7,3,2026-06,2026-06-20T03:00,18.99,15.08,15329.5
2026-06-20,8,3,2026-06,2026-06-20T03:30,17.21,13.01,15145.1
2026-06-20,9,4,2026-06,2026-06-20T04:00,18.27,13.47,15586.9
2026-06-20,10,4,2026-06,2026-06-20T04:30,18.5,13.9,15667.8
2026-06-20,11,5,2026-06,2026-06-20T05:00,17.88,13.7,15527.5
2026-06-20,12,5,2026-06,2026-06-20T05:30,17.98,13.13,15776.9
2026-06-20,13,6,2026-06,2026-06-20T06:00,20.52,16.45,16936.7
2026-06-20,14,6,2026-06,2026-06-20T06:30,17.88,13.36,16197.6
2026-06-20,15,7,2026-06,2026-06-20T07:00,17.21,12.89,15130.1
2026-06-20,16,7,2026-06,2026-06-20T07:30,20.07,15.37,16488.6
2026-06-20,17,8,2026-06,2026-06-20T08:00,19.0,14.03,15655.5
2026-06-20,18,8,2026-06,2026-06-20T08:30,18.37,14.48,18280.4
2026-06-20,19,9,2026-06,2026-06-20T09:00,19.36,14.38,16809.0
2026-06-20,20,9,2026-06,2026-06-20T09:30,19.65,15.54,16192.8
2026-06-20,21,10,2026-06,2026-06-20T10:00,18.05,13.52,17464.3
2026-06-20,22,10,2026-06,2026-06-20T10:30,17.74,13.32,17492.7
2026-06-20,23,11,2026-06,2026-06-20T11:00,17.75,13.07,16286.8
2026-06-20,24,11,2026-06,2026-06-20T11:30,19.07,14.59,15726.2
2026-06-20,25,12,2026-06,2026-06-20T12:00,18.25,14.18,15868.1
2026-06-20,26,12,2026-06,2026-06-20T12:30,21.9,16.59,18406.9
2026-06-20,27,13,2026-06,2026-06-20T13:00,22.74,17.13,17926.7
2026-06-20,28,13,2026-06,2026-06-20T13:30,22.89,16.94,17007.6
2026-06-20,29,14,2026-06,2026-06-20T14:00,26.37,20.49,17496.2
2026-06-20,30,14,2026-06,2026-06-20T14:30,27.48,21.67,17781.1
2026-06-20,31,15,2026-06,2026-06-20T15:00,27.55,20.07,18325.6
2026-06-20,32,15,2026-06,2026-06-20T15:30,26.13,19.36,19530.6
2026-06-20,33,16,2026-06,2026-06-20T16:00,29.26,22.24,18470.1
2026-06-20,34,16,2026-06,2026-06-20T16:30,32.1,24.06,20796.1
2026-06-20,35,17,2026-06,2026-06-20T17:00,30.79,22.51,19203.1
2026-06-20,36,17,2026-06,2026-06-20T17:30,33.09,24.03,17076.6
2026-06-20,37,18,2026-06,2026-06-20T18:00,31.82,24.78,18491.4
2026-06-20,38,18,2026-06,2026-06-20T18:30,28.64,20.36,16609.4
2026-06-20,39,19,2026-06,2026-06-20T19:00,29.76,23.49,19427.6
2026-06-20,40,19,2026-06,2026-06-20T19:30,25.11,18.96,17163.9
2026-06-20,41,20,2026-06,2026-06-20T20:00,23.5,17.97,19109.3
2026-06-20,42,20,2026-06,2026-06-20T20:30,24.48,18.29,17312.1
2026-06-20,43,21,2026-06,2026-06-20T21:00,21.88,16.97,16724.7
2026-06-20,44,21,2026-06,2026-06-20T21:30,21.53,16.47,16815.9
2026-06-20,45,22,2026-06,2026-06-20T22:00,22.83,18.14,16662.9
2026-06-20,46,22,2026-06,2026-06-20T22:30,20.06,14.93,15636.4
2026-06-20,47,23,2026-06,2026-06-20T23:00,20.26,16.03,16075.6
2026-06-20,48,23,2026-06,2026-06-20T23:30,20.94,16.34,17601.5
2026-06-21,1,0,2026-06,2026-06-21T00:00,15.42,11.73,16961.3
2026-06-21,2,0,2026-06,2026-06-21T00:30,15.6,11.87,16791.2
2026-06-21,3,1,2026-06,2026-06-21T01:00,15.27,12.2,16797.8
2026-06-21,4,1,2026-06,2026-06-21T01:30,15.81,11.38,14781.3
2026-06-21,5,2,2026-06,2026-06-21T02:00,14.84,11.45,16257.8
2026-06-21,6,2,2026-06,2026-06-21T02:30,14.41,10.97,15820.6
2026-06-21,7,3,2026-06,2026-06-21T03:00,15.63,11.77,16036.6
2026-06-21,8,3,2026-06,2026-06-21T03:30,15.24,11.17,14771.0
2026-06-21,9,4,2026-06,2026-06-21T04:00,14.5,11.02,17715.6
2026-06-21,10,4,2026-06,2026-06-21T04:30,15.51,11.13,16932.3
2026-06-21,11,5,2026-06,2026-06-21T05:00,14.9,10.94,15724.8
2026-06-21,12,5,2026-06,2026-06-21T05:30,14.17,11.22,16590.3
2026-06-21,13,6,2026-06,2026-06-21T06:00,15.29,11.62,16013.5
2026-06-21,14,6,2026-06,2026-06-21T06:30,14.19,10.77,14924.7
2026-06-21,15,7,2026-06,2026-06-21T07:00,14.86,11.51,16335.3
2026-06-21,16,7,2026-06,2026-06-21T07:30,15.14,11.88,14968.9
2026-06-21,17,8,2026-06,2026-06-21T08:00,14.11,10.73,14924.0
2026-06-21,18,8,2026-06,2026-06-21T08:30,14.92,10.73,16762.1
2026-06-21,19,9,2026-06,2026-06-21T09:00,16.18,12.78,16809.7
2026-06-21,20,9,2026-06,2026-06-21T09:30,14.61,11.02,15895.5
2026-06-21,21,10,2026-06,2026-06-21T10:00,16.4,12.48,16949.2
2026-06-21,22,10,2026-06,2026-06-21T10:30,16.42,12.37,16357.8
2026-06-21,23,11,2026-06,2026-06-21T11:00,16.1,12.76,18163.8
2026-06-21,24,11,2026-06,2026-06-21T11:30,14.91,10.88,15082.3
2026-06-21,25,12,2026-06,2026-06-21T12:00,17.19,13.15,16819.5
2026-06-21,26,12,2026-06,2026-06-21T12:30,17.88,14.44,16238.2
2026-06-21,27,13,2026-06,2026-06-21T13:00,19.58,14.6,18662.3
2026-06-21,28,13,2026-06,2026-06-21T13:30,18.79,14.48,17445.4
2026-06-21,29,14,2026-06,2026-06-21T14:00,21.11,15.91,16755.0
2026-06-21,30,14,2026-06,2026-06-21T14:30,23.08,17.31,16842.2
2026-06-21,31,15,2026-06,2026-06-21T15:00,21.82,16.82,17551.8
2026-06-21,32,15,2026-06,2026-06-21T15:30,23.01,17.11,17959.5
2026-06-21,33,16,2026-06,2026-06-21T16:00,25.76,19.87,17197.0
2026-06-21,34,16,2026-06,2026-06-21T16:30,25.32,18.93,18277.8
2026-06-21,35,17,2026-06,2026-06-21T17:00,21.6,15.49,20740.0
2026-06-21,36,17,2026-06,2026-06-21T17:30,23.9,18.29,18412.5
2026-06-21,37,18,2026-06,2026-06-21T18:00,26.63,19.57,17593.6
2026-06-21,38,18,2026-06,2026-06-21T18:30,22.52,16.86,17876.4
2026-06-21,39,19,2026-06,2026-06-21T19:00,24.59,18.46,17292.0
2026-06-21,40,19,2026-06,2026-06-21T19:30,20.98,15.57,17260.4
2026-06-21,41,20,2026-06,2026-06-21T20:00,21.61,16.27,17466.8
2026-06-21,42,20,2026-06,2026-06-21T20:30,18.08,13.67,17481.8
2026-06-21,43,21,2026-06,2026-06-21T21:00,17.73,13.47,16006.2
2026-06-21,44,21,2026-06,2026-06-21T21:30,18.48,13.4,17867.8
2026-06-21,45,22,2026-06,2026-06-21T22:00,17.92,13.43,17084.4
2026-06-21,46,22,2026-06,2026-06-21T22:30,16.6,12.69,16920.3
2026-06-21,47,23,2026-06,2026-06-21T23:00,15.29,12.0,17435.2
2026-06-21,48,23,2026-06,2026-06-21T23:30,15.36,11.36,16927.0
2026-06-22,1,0,2026-06,2026-06-22T00:00,14.2,11.46,15573.6
2026-06-22,2,0,2026-06,2026-06-22T00:30,14.4,11.09,16688.1
2026-06-22,3,1,2026-06,2026-06-22T01:00,13.75,10.26,15980.5
2026-06-22,4,1,2026-06,2026-06-22T01:30,14.48,10.87,15726.5
2026-06-22,5,2,2026-06,2026-06-22T02:00,12.89,10.46,15257.2
2026-06-22,6,2,2026-06,2026-06-22T02:30,14.42,11.23,15933.4
2026-06-22,7,3,2026-06,2026-06-22T03:00,13.2,9.75,16920.7
2026-06-22,8,3,2026-06,2026-06-22T03:30,14.62,10.9,16627.5
2026-06-22,9,4,2026-06,2026-06-22T04:00,12.7,9.49,15183.1
2026-06-22,10,4,2026-06,2026-06-22T04:30,14.64,11.07,16972.2
2026-06-22,11,5,2026-06,2026-06-22T05:00,13.84,10.16,15326.3
2026-06-22,12,5,2026-06,2026-06-22T05:30,13.95,10.4,16117.2
2026-06-22,13,6,2026-06,2026-06-22T06:00,13.35,10.09,16453.4
2026-06-22,14,6,2026-06,2026-06-22T06:30,13.37,10.02,17485.7
2026-06-22,15,7,2026-06,2026-06-22T07:00,13.5,9.72,15741.5
2026-06-22,16,7,2026-06,2026-06-22T07:30,13.44,9.92,16748.3
2026-06-22,17,8,2026-06,2026-06-22T08:00,14.15,10.89,16040.5
2026-06-22,18,8,2026-06,2026-06-22T08:30,15.59,12.29,15856.3
2026-06-22,19,9,2026-06,2026-06-22T09:00,14.56,10.95,16272.8
2026-06-22,20,9,2026-06,2026-06-22T09:30,15.01,11.63,15176.0
2026-06-22,21,10,2026-06,2026-06-22T10:00,13.37,10.03,16737.3
2026-06-22,22,10,2026-06,2026-06-22T10:30,14.78,11.12,15707.9
2026-06-22,23,11,2026-06,2026-06-22T11:00,14.32,10.77,17151.4
2026-06-22,24,11,2026-06,2026-06-22T11:30,13.52,10.0,16257.0
2026-06-22,25,12,2026-06,2026-06-22T12:00,14.52,10.92,15835.6
2026-06-22,26,12,2026-06,2026-06-22T12:30,17.33,13.05,16659.5
2026-06-22,27,13,2026-06,2026-06-22T13:00,16.82,12.23,16528.9
2026-06-22,28,13,2026-06,2026-06-22T13:30,17.78,13.79,17779.8
2026-06-22,29,14,2026-06,2026-06-22T14:00,16.61,12.05,16996.9
2026-06-22,30,14,2026-06,2026-06-22T14:30,17.85,13.41,16916.9
2026-06-22,31,15,2026-06,2026-06-22T15:00,21.41,16.15,17057.8
2026-06-22,32,15,2026-06,2026-06-22T15:30,22.18,16.57,16876.2
2026-06-22,33,16,2026-06,2026-06-22T16:00,24.63,18.36,17498.5
2026-06-22,34,16,2026-06,2026-06-22T16:30,22.2,17.15,17603.8
2026-06-22,35,17,2026-06,2026-06-22T17:00,21.92,17.39,18437.1
2026-06-22,36,17,2026-06,2026-06-22T17:30,23.1,17.35,17810.5
2026-06-22,37,18,2026-06,2026-06-22T18:00,23.06,18.1,17653.4
2026-06-22,38,18,2026-06,2026-06-22T18:30,21.91,16.95,18700.4
2026-06-22,39,19,2026-06,2026-06-22T19:00,22.37,16.02,18877.3
2026-06-22,40,19,2026-06,2026-06-22T19:30,20.25,15.42,18185.5
2026-06-22,41,20,2026-06,2026-06-22T20:00,19.4,14.45,17207.3
2026-06-22,42,20,2026-06,2026-06-22T20:30,17.23,13.29,16720.4
2026-06-22,43,21,2026-06,2026-06-22T21:00,19.4,14.56,16378.8
2026-06-22,44,21,2026-06,2026-06-22T21:30,16.69,12.32,17336.6
2026-06-22,45,22,2026-06,2026-06-22T22:00,15.78,12.43,16199.5
2026-06-22,46,22,2026-06,2026-06-22T22:30,15.43,12.15,16147.7
2026-06-22,47,23,2026-06,2026-06-22T23:00,14.47,11.03,16099.5
2026-06-22,48,23,2026-06,2026-06-22T23:30,14.71,10.97,16320.4
2026-06-23,1,0,2026-06,2026-06-23T00:00,15.47,12.09,16015.3
2026-06-23,2,0,2026-06,2026-06-23T00:30,13.42,10.49,16790.5
2026-06-23,3,1,2026-06,2026-06-23T01:00,14.47,10.89,16555.6
2026-06-23,4,1,2026-06,2026-06-23T01:30,13.97,10.3,15573.6
2026-06-23,5,2,2026-06,2026-06-23T02:00,13.1,10.32,16502.4
2026-06-23,6,2,2026-06,2026-06-23T02:30,14.1,11.13,16725.8
2026-06-23,7,3,2026-06,2026-06-23T03:00,13.84,10.88,15636.1
2026-06-23,8,3,2026-06,2026-06-23T03:30,13.72,10.61,15937.5
2026-06-23,9,4,2026-06,2026-06-23T04:00,12.44,9.4,14788.8
2026-06-23,10,4,2026-06,2026-06-23T04:30,13.84,10.45,17248.0
2026-06-23,11,5,2026-06,2026-06-23T05:00,12.59,9.29,15805.1
2026-06-23,12,5,2026-06,2026-06-23T05:30,13.75,10.21,15965.9
2026-06-23,13,6,2026-06,2026-06-23T06:00,13.25,9.58,15252.9
2026-06-23,14,6,2026-06,2026-06-23T06:30,11.94,9.2,17706.5
2026-06-23,15,7,2026-06,2026-06-23T07:00,13.94,10.18,15105.4
2026-06-23,16,7,2026-06,2026-06-23T07:30,13.87,10.83,14793.3
2026-06-23,17,8,2026-06,2026-06-23T08:00,13.65,10.24,16443.2
2026-06-23,18,8,2026-06,2026-06-23T08:30,14.06,10.65,16911.1
2026-06-23,19,9,2026-06,2026-06-23T09:00,13.5,9.73,16556.8
2026-06-23,20,9,2026-06,2026-06-23T09:30,12.98,9.83,16753.9
2026-06-23,21,10,2026-06,2026-06-23T10:00,13.94,10.39,16446.3
2026-06-23,22,10,2026-06,2026-06-23T10:30,14.57,11.38,16254.0
2026-06-23,23,11,2026-06,2026-06-23T11:00,15.38,11.61,17617.0
2026-06-23,24,11,2026-06,2026-06-23T11:30,12.65,9.58,16114.9
2026-06-23,25,12,2026-06,2026-06-23T12:00,15.07,11.57,16003.2
2026-06-23,26,12,2026-06,2026-06-23T12:30,16.86,12.99,16954.0
2026-06-23,27,13,2026-06,2026-06-23T13:00,14.59,10.56,17650.3
2026-06-23,28,13,2026-06,2026-06-23T13:30,19.71,14.21,16946.1
2026-06-23,29,14,2026-06,2026-06-23T14:00,18.1,13.59,19572.9
2026-06-23,30,14,2026-06,2026-06-23T14:30,17.45,13.03,17000.3
2026-06-23,31,15,2026-06,2026-06-23T15:00,20.19,15.63,17220.5
2026-06-23,32,15,2026-06,2026-06-23T15:30,23.84,17.9,20224.2
2026-06-23,33,16,2026-06,2026-06-23T16:00,25.95,19.94,18423.6
2026-06-23,34,16,2026-06,2026-06-23T16:30,24.32,18.06,18942.1
2026-06-23,35,17,2026-06,2026-06-23T17:00,21.57,15.99,16560.6
2026-06-23,36,17,2026-06,2026-06-23T17:30,20.74,14.88,19763.1
2026-06-23,37,18,2026-06,2026-06-23T18:00,22.97,17.44,17784.4
2026-06-23,38,18,2026-06,2026-06-23T18:30,21.51,16.08,19809.2
2026-06-23,39,19,2026-06,2026-06-23T19:00,19.42,14.52,20811.6
2026-06-23,40,19,2026-06,2026-06-23T19:30,18.65,14.38,19115.2
2026-06-23,41,20,2026-06,2026-06-23T20:00,19.29,14.96,17587.4
2026-06-23,42,20,2026-06,2026-06-23T20:30,17.55,12.96,16376.9
2026-06-23,43,21,2026-06,2026-06-23T21:00,15.48,11.95,18237.7
2026-06-23,44,21,2026-06,2026-06-23T21:30,15.83,12.34,15613.2
2026-06-23,45,22,2026-06,2026-06-23T22:00,15.23,11.62,17946.0
2026-06-23,46,22,2026-06,2026-06-23T22:30,15.35,11.57,16727.2
2026-06-23,47,23,2026-06,2026-06-23T23:00,15.16,12.01,17515.1
2026-06-23,48,23,2026-06,2026-06-23T23:30,14.48,11.63,17120.0
2026-06-24,1,0,2026-06,2026-06-24T00:00,17.82,14.33,15474.4
2026-06-24,2,0,2026-06,2026-06-24T00:30,19.15,14.32,16482.3
2026-06-24,3,1,2026-06,2026-06-24T01:00,19.71,15.35,14970.5
2026-06-24,4,1,2026-06,2026-06-24T01:30,18.37,13.85,17368.4
2026-06-24,5,2,2026-06,2026-06-24T02:00,20.75,15.63,15902.1
2026-06-24,6,2,2026-06,2026-06-24T02:30,18.91,14.02,14972.5
2026-06-24,7,3,2026-06,2026-06-24T03:00,18.21,14.14,16569.2
2026-06-24,8,3,2026-06,2026-06-24T03:30,18.35,13.85,16286.1
2026-06-24,9,4,2026-06,2026-06-24T04:00,17.99,14.03,16243.9
2026-06-24,10,4,2026-06,2026-06-24T04:30,17.73,13.18,16593.1
2026-06-24,11,5,2026-06,2026-06-24T05:00,17.3,12.3,16466.3
2026-06-24,12,5,2026-06,2026-06-24T05:30,18.09,13.24,16984.3
2026-06-24,13,6,2026-06,2026-06-24T06:00,19.03,14.77,14822.7
2026-06-24,14,6,2026-06,2026-06-24T06:30,17.17,13.11,15696.7
2026-06-24,15,7,2026-06,2026-06-24T07:00,17.89,12.83,17781.7
2026-06-24,16,7,2026-06,2026-06-24T07:30,17.74,13.25,15931.2
2026-06-24,17,8,2026-06,2026-06-24T08:00,19.02,13.91,17111.6
2026-06-24,18,8,2026-06,2026-06-24T08:30,18.92,14.95,16514.3
2026-06-24,19,9,2026-06,2026-06-24T09:00,19.17,14.03,16007.0
2026-06-24,20,9,2026-06,2026-06-24T09:30,18.87,14.12,16692.1
2026-06-24,21,10,2026-06,2026-06-24T10:00,18.48,14.6,15967.9
2026-06-24,22,10,2026-06,2026-06-24T10:30,19.44,14.72,15257.4
2026-06-24,23,11,2026-06,2026-06-24T11:00,21.3,16.37,15954.4
2026-06-24,24,11,2026-06,2026-06-24T11:30,18.39,14.33,16295.7
2026-06-24,25,12,2026-06,2026-06-24T12:00,18.65,12.91,17037.3
2026-06-24,26,12,2026-06,2026-06-24T12:30,23.63,17.62,16340.8
2026-06-24,27,13,2026-06,2026-06-24T13:00,22.44,16.86,15794.8
2026-06-24,28,13,2026-06,2026-06-24T13:30,26.09,19.54,16191.8
2026-06-24,29,14,2026-06,2026-06-24T14:00,24.3,18.02,19055.4
2026-06-24,30,14,2026-06,2026-06-24T14:30,25.42,19.12,17343.3
2026-06-24,31,15,2026-06,2026-06-24T15:00,26.5,18.74,17859.0
2026-06-24,32,15,2026-06,2026-06-24T15:30,29.4,22.23,18044.8
2026-06-24,33,16,2026-06,2026-06-24T16:00,31.38,24.17,18689.4
2026-06-24,34,16,2026-06,2026-06-24T16:30,31.71,23.68,18756.4
2026-06-24,35,17,2026-06,2026-06-24T17:00,32.86,24.16,17585.6
2026-06-24,36,17,2026-06,2026-06-24T17:30,28.38,22.32,18595.8
2026-06-24,37,18,2026-06,2026-06-24T18:00,31.71,24.31,17756.7
2026-06-24,38,18,2026-06,2026-06-24T18:30,28.94,22.27,19070.0
2026-06-24,39,19,2026-06,2026-06-24T19:00,27.47,20.62,17019.5
2026-06-24,40,19,2026-06,2026-06-24T19:30,28.39,20.86,16938.4
2026-06-24,41,20,2026-06,2026-06-24T20:00,23.25,17.73,16057.5
2026-06-24,42,20,2026-06,2026-06-24T20:30,24.08,18.72,16811.0
2026-06-24,43,21,2026-06,2026-06-24T21:00,23.24,18.06,17125.2
2026-06-24,44,21,2026-06,2026-06-24T21:30,21.43,16.22,16021.9
2026-06-24,45,22,2026-06,2026-06-24T22:00,21.55,15.87,16310.7
2026-06-24,46,22,2026-06,2026-06-24T22:30,19.36,14.6,16538.6
2026-06-24,47,23,2026-06,2026-06-24T23:00,20.81,15.29,17381.0
2026-06-24,48,23,2026-06,2026-06-24T23:30,19.56,15.13,17116.8
2026-06-25,1,0,2026-06,2026-06-25T00:00,17.93,14.05,16591.7
2026-06-25,2,0,2026-06,2026-06-25T00:30,17.02,13.55,16960.5
2026-06-25,3,1,2026-06,2026-06-25T01:00,17.27,13.14,16251.7
2026-06-25,4,1,2026-06,2026-06-25T01:30,18.53,13.73,17322.5
2026-06-25,5,2,2026-06,2026-06-25T02:00,17.3,12.82,15717.5
2026-06-25,6,2,2026-06,2026-06-25T02:30,18.14,14.01,15941.2
2026-06-25,7,3,2026-06,2026-06-25T03:00,16.44,12.9,15814.8
2026-06-25,8,3,2026-06,2026-06-25T03:30,17.28,13.26,16776.0
2026-06-25,9,4,2026-06,2026-06-25T04:00,18.15,14.33,15386.2
2026-06-25,10,4,2026-06,2026-06-25T04:30,18.31,13.84,16457.3
2026-06-25,11,5,2026-06,2026-06-25T05:00,16.9,12.93,17419.4
2026-06-25,12,5,2026-06,2026-06-25T05:30,16.48,11.86,14963.0
2026-06-25,13,6,2026-06,2026-06-25T06:00,17.52,13.24,16226.0
2026-06-25,14,6,2026-06,2026-06-25T06:30,16.78,12.67,15755.7
2026-06-25,15,7,2026-06,2026-06-25T07:00,17.37,13.39,15942.2
2026-06-25,16,7,2026-06,2026-06-25T07:30,18.36,13.37,16058.3
2026-06-25,17,8,2026-06,2026-06-25T08:00,18.39,14.65,14760.5
2026-06-25,18,8,2026-06,2026-06-25T08:30,18.27,13.67,16584.9
2026-06-25,19,9,2026-06,2026-06-25T09:00,19.3,14.95,16216.4
2026-06-25,20,9,2026-06,2026-06-25T09:30,19.33,15.16,16401.4
2026-06-25,21,10,2026-06,2026-06-25T10:00,19.14,14.8,16492.6
2026-06-25,22,10,2026-06,2026-06-25T10:30,19.04,14.22,16930.5
2026-06-25,23,11,2026-06,2026-06-25T11:00,19.87,15.28,16191.8
2026-06-25,24,11,2026-06,2026-06-25T11:30,18.72,14.19,16864.3
2026-06-25,25,12,2026-06,2026-06-25T12:00,19.57,14.2,15668.2
2026-06-25,26,12,2026-06,2026-06-25T12:30,22.13,17.13,16611.9
2026-06-25,27,13,2026-06,2026-06-25T13:00,23.54,17.85,17903.1
2026-06-25,28,13,2026-06,2026-06-25T13:30,20.85,14.94,19105.0
2026-06-25,29,14,2026-06,2026-06-25T14:00,24.71,19.33,19113.4
2026-06-25,30,14,2026-06,2026-06-25T14:30,25.33,19.56,19853.3
2026-06-25,31,15,2026-06,2026-06-25T15:00,26.84,20.13,18122.5
2026-06-25,32,15,2026-06,2026-06-25T15:30,29.57,22.17,18410.0
2026-06-25,33,16,2026-06,2026-06-25T16:00,27.67,20.94,19421.2
2026-06-25,34,16,2026-06,2026-06-25T16:30,30.77,23.71,17877.4
2026-06-25,35,17,2026-06,2026-06-25T17:00,31.54,22.83,17920.7
2026-06-25,36,17,2026-06,2026-06-25T17:30,30.55,22.72,19026.4
2026-06-25,37,18,2026-06,2026-06-25T18:00,28.93,21.89,20770.4
2026-06-25,38,18,2026-06,2026-06-25T18:30,27.47,20.14,17151.1
2026-06-25,39,19,2026-06,2026-06-25T19:00,24.31,18.03,19067.0
2026-06-25,40,19,2026-06,2026-06-25T19:30,22.41,16.94,16480.0
2026-06-25,41,20,2026-06,2026-06-25T20:00,26.31,19.76,16924.1
2026-06-25,42,20,2026-06,2026-06-25T20:30,23.18,17.97,18260.0
2026-06-25,43,21,2026-06,2026-06-25T21:00,22.28,16.59,17788.8
2026-06-25,44,21,2026-06,2026-06-25T21:30,23.65,17.34,16900.3
2026-06-25,45,22,2026-06,2026-06-25T22:00,20.37,15.42,17511.5
2026-06-25,46,22,2026-06,2026-06-25T22:30,19.59,14.59,15292.3
2026-06-25,47,23,2026-06,2026-06-25T23:00,18.91,14.3,15633.2
2026-06-25,48,23,2026-06,2026-06-25T23:30,18.96,14.43,15703.6
2026-06-26,1,0,2026-06,2026-06-26T00:00,14.88,11.61,15414.6
2026-06-26,2,0,2026-06,2026-06-26T00:30,14.78,10.93,15957.3
2026-06-26,3,1,2026-06,2026-06-26T01:00,14.37,10.44,15821.4
2026-06-26,4,1,2026-06,2026-06-26T01:30,14.7,10.67,16664.3
2026-06-26,5,2,2026-06,2026-06-26T02:00,14.4,10.21,15638.0
2026-06-26,6,2,2026-06,2026-06-26T02:30,15.37,11.45,16285.2
2026-06-26,7,3,2026-06,2026-06-26T03:00,13.78,11.01,17009.0
2026-06-26,8,3,2026-06,2026-06-26T03:30,14.76,10.93,17110.8
2026-06-26,9,4,2026-06,2026-06-26T04:00,14.77,11.18,16003.7
2026-06-26,10,4,2026-06,2026-06-26T04:30,14.83,11.37,16453.1
2026-06-26,11,5,2026-06,2026-06-26T05:00,14.47,10.52,16228.7
2026-06-26,12,5,2026-06,2026-06-26T05:30,14.8,10.64,17593.7
2026-06-26,13,6,2026-06,2026-06-26T06:00,15.16,11.21,15495.9
2026-06-26,14,6,2026-06,2026-06-26T06:30,14.01,10.46,16223.0
2026-06-26,15,7,2026-06,2026-06-26T07:00,14.72,11.5,15177.4
2026-06-26,16,7,2026-06,2026-06-26T07:30,13.96,10.28,14822.5
2026-06-26,17,8,2026-06,2026-06-26T08:00,14.06,10.77,17074.9
2026-06-26,18,8,2026-06,2026-06-26T08:30,16.34,12.25,17876.8
2026-06-26,19,9,2026-06,2026-06-26T09:00,15.02,10.94,17921.7
2026-06-26,20,9,2026-06,2026-06-26T09:30,14.33,10.73,16676.8
2026-06-26,21,10,2026-06,2026-06-26T10:00,14.96,11.26,15392.1
2026-06-26,22,10,2026-06,2026-06-26T10:30,14.52,11.07,15965.5
2026-06-26,23,11,2026-06,2026-06-26T11:00,16.37,12.6,17305.2
2026-06-26,24,11,2026-06,2026-06-26T11:30,14.35,10.95,15910.5
2026-06-26,25,12,2026-06,2026-06-26T12:00,13.97,11.21,15801.3
2026-06-26,26,12,2026-06,2026-06-26T12:30,17.99,13.54,16271.6
2026-06-26,27,13,2026-06,2026-06-26T13:00,16.94,13.02,16963.1
2026-06-26,28,13,2026-06,2026-06-26T13:30,18.39,14.61,17898.6
2026-06-26,29,14,2026-06,2026-06-26T14:00,18.25,13.27,16008.1
2026-06-26,30,14,2026-06,2026-06-26T14:30,21.02,15.61,17002.4
2026-06-26,31,15,2026-06,2026-06-26T15:00,22.67,16.57,18064.5
2026-06-26,32,15,2026-06,2026-06-26T15:30,22.35,17.18,18177.4
2026-06-26,33,16,2026-06,2026-06-26T16:00,22.52,16.48,19444.4
2026-06-26,34,16,2026-06,2026-06-26T16:30,23.12,16.74,17309.6
2026-06-26,35,17,2026-06,2026-06-26T17:00,25.69,19.15,19227.5
2026-06-26,36,17,2026-06,2026-06-26T17:30,24.48,19.09,17752.8
2026-06-26,37,18,2026-06,2026-06-26T18:00,23.29,17.91,18392.4
2026-06-26,38,18,2026-06,2026-06-26T18:30,24.21,18.76,18664.5
2026-06-26,39,19,2026-06,2026-06-26T19:00,22.26,16.0,19215.1
2026-06-26,40,19,2026-06,2026-06-26T19:30,19.79,14.66,18357.6
2026-06-26,41,20,2026-06,2026-06-26T20:00,19.67,14.81,17869.0
2026-06-26,42,20,2026-06,2026-06-26T20:30,17.86,13.78,18013.9
2026-06-26,43,21,2026-06,2026-06-26T21:00,17.17,13.4,16466.3
2026-06-26,44,21,2026-06,2026-06-26T21:30,17.88,13.01,17627.9
2026-06-26,45,22,2026-06,2026-06-26T22:00,16.33,12.7,16061.8
2026-06-26,46,22,2026-06,2026-06-26T22:30,16.95,12.65,15979.9
2026-06-26,47,23,2026-06,2026-06-26T23:00,14.69,10.76,16957.2
2026-06-26,48,23,2026-06,2026-06-26T23:30,14.2,11.35,15497.2
2026-06-27,1,0,2026-06,2026-06-27T00:00,13.85,10.34,16850.3
2026-06-27,2,0,2026-06,2026-06-27T00:30,11.96,9.33,15502.4
2026-06-27,3,1,2026-06,2026-06-27T01:00,13.81,10.34,16699.5
2026-06-27,4,1,2026-06,2026-06-27T01:30,11.12,8.53,15462.0
2026-06-27,5,2,2026-06,2026-06-27T02:00,12.53,9.05,16083.8
2026-06-27,6,2,2026-06,2026-06-27T02:30,12.6,9.49,15492.3
2026-06-27,7,3,2026-06,2026-06-27T03:00,11.99,9.01,17045.7
2026-06-27,8,3,2026-06,2026-06-27T03:30,12.08,9.38,16307.1
2026-06-27,9,4,2026-06,2026-06-27T04:00,11.68,8.63,17522.6
2026-06-27,10,4,2026-06,2026-06-27T04:30,12.59,9.6,16235.6
2026-06-27,11,5,2026-06,2026-06-27T05:00,11.51,8.76,16073.5
2026-06-27,12,5,2026-06,2026-06-27T05:30,11.68,8.73,15312.1
2026-06-27,13,6,2026-06,2026-06-27T06:00,10.98,8.31,16133.0
2026-06-27,14,6,2026-06,2026-06-27T06:30,11.51,8.9,15256.5
2026-06-27,15,7,2026-06,2026-06-27T07:00,11.32,8.29,17100.9
2026-06-27,16,7,2026-06,2026-06-27T07:30,11.36,8.39,16036.0
2026-06-27,17,8,2026-06,2026-06-27T08:00,11.59,8.85,15723.7
2026-06-27,18,8,2026-06,2026-06-27T08:30,11.93,8.45,16610.8
2026-06-27,19,9,2026-06,2026-06-27T09:00,12.83,9.91,15386.9
2026-06-27,20,9,2026-06,2026-06-27T09:30,12.06,8.96,16158.5
2026-06-27,21,10,2026-06,2026-06-27T10:00,12.99,9.73,17257.8
2026-06-27,22,10,2026-06,2026-06-27T10:30,12.01,8.66,16270.1
2026-06-27,23,11,2026-06,2026-06-27T11:00,13.04,9.79,17630.0
2026-06-27,24,11,2026-06,2026-06-27T11:30,12.35,9.46,15922.3
2026-06-27,25,12,2026-06,2026-06-27T12:00,11.95,8.6,15296.7
2026-06-27,26,12,2026-06,2026-06-27T12:30,13.19,10.04,15969.8
2026-06-27,27,13,2026-06,2026-06-27T13:00,14.89,12.0,18013.9
2026-06-27,28,13,2026-06,2026-06-27T13:30,17.22,13.06,18680.3
2026-06-27,29,14,2026-06,2026-06-27T14:00,17.17,12.96,18030.0
2026-06-27,30,14,2026-06,2026-06-27T14:30,17.27,13.17,17570.5
2026-06-27,31,15,2026-06,2026-06-27T15:00,17.93,13.07,18058.0
2026-06-27,32,15,2026-06,2026-06-27T15:30,19.93,15.33,17183.7
2026-06-27,33,16,2026-06,2026-06-27T16:00,19.79,14.18,19578.8
2026-06-27,34,16,2026-06,2026-06-27T16:30,19.32,14.67,19210.0
2026-06-27,35,17,2026-06,2026-06-27T17:00,20.18,15.59,17363.9
2026-06-27,36,17,2026-06,2026-06-27T17:30,20.68,15.49,18252.4
2026-06-27,37,18,2026-06,2026-06-27T18:00,17.31,13.48,18700.7
2026-06-27,38,18,2026-06,2026-06-27T18:30,17.79,13.0,17057.0
2026-06-27,39,19,2026-06,2026-06-27T19:00,19.79,14.95,17080.1
2026-06-27,40,19,2026-06,2026-06-27T19:30,16.99,13.07,18037.2
2026-06-27,41,20,2026-06,2026-06-27T20:00,15.54,11.36,17458.0
2026-06-27,42,20,2026-06,2026-06-27T20:30,14.86,11.14,16770.1
2026-06-27,43,21,2026-06,2026-06-27T21:00,15.0,10.73,15888.9
2026-06-27,44,21,2026-06,2026-06-27T21:30,14.23,10.51,15997.5
2026-06-27,45,22,2026-06,2026-06-27T22:00,13.77,10.64,18107.1
2026-06-27,46,22,2026-06,2026-06-27T22:30,12.86,9.99,16535.4
2026-06-27,47,23,2026-06,2026-06-27T23:00,11.76,8.66,17011.6
2026-06-27,48,23,2026-06,2026-06-27T23:30,11.97,9.9,16262.2
2026-06-28,1,0,2026-06,2026-06-28T00:00,15.51,11.27,14670.3
2026-06-28,2,0,2026-06,2026-06-28T00:30,14.19,10.47,17433.3
2026-06-28,3,1,2026-06,2026-06-28T01:00,15.28,10.83,17113.6
2026-06-28,4,1,2026-06,2026-06-28T01:30,14.84,10.83,16499.3
2026-06-28,5,2,2026-06,2026-06-28T02:00,13.64,10.56,16126.9
2026-06-28,6,2,2026-06,2026-06-28T02:30,15.29,11.92,16034.2
2026-06-28,7,3,2026-06,2026-06-28T03:00,15.2,11.72,15671.7
2026-06-28,8,3,2026-06,2026-06-28T03:30,13.81,10.39,15002.6
2026-06-28,9,4,2026-06,2026-06-28T04:00,14.54,11.15,16149.2
2026-06-28,10,4,2026-06,2026-06-28T04:30,14.29,10.75,16581.0
2026-06-28,11,5,2026-06,2026-06-28T05:00,14.53,10.52,14455.1
2026-06-28,12,5,2026-06,2026-06-28T05:30,14.98,10.89,15524.0
2026-06-28,13,6,2026-06,2026-06-28T06:00,13.97,10.64,14714.6
2026-06-28,14,6,2026-06,2026-06-28T06:30,14.58,10.97,16181.5
2026-06-28,15,7,2026-06,2026-06-28T07:00,13.66,10.4,16265.4
2026-06-28,16,7,2026-06,2026-06-28T07:30,14.52,10.77,16966.3
2026-06-28,17,8,2026-06,2026-06-28T08:00,13.63,9.52,16862.2
2026-06-28,18,8,2026-06,2026-06-28T08:30,15.1,11.41,15188.0
2026-06-28,19,9,2026-06,2026-06-28T09:00,14.21,10.69,16924.9
2026-06-28,20,9,2026-06,2026-06-28T09:30,14.38,11.01,16621.3
2026-06-28,21,10,2026-06,2026-06-28T10:00,15.51,11.77,15360.3
2026-06-28,22,10,2026-06,2026-06-28T10:30,15.61,12.03,16949.3
2026-06-28,23,11,2026-06,2026-06-28T11:00,15.54,11.8,15206.5
2026-06-28,24,11,2026-06,2026-06-28T11:30,14.37,11.39,14961.1
2026-06-28,25,12,2026-06,2026-06-28T12:00,13.51,10.33,16380.4
2026-06-28,26,12,2026-06,2026-06-28T12:30,15.1,11.3,19272.6
2026-06-28,27,13,2026-06,2026-06-28T13:00,17.63,13.43,16480.8
2026-06-28,28,13,2026-06,2026-06-28T13:30,20.41,14.96,16671.4
2026-06-28,29,14,2026-06,2026-06-28T14:00,19.22,15.29,18106.2
2026-06-28,30,14,2026-06,2026-06-28T14:30,20.69,15.75,17378.6
2026-06-28,31,15,2026-06,2026-06-28T15:00,22.54,17.09,16712.6
2026-06-28,32,15,2026-06,2026-06-28T15:30,22.31,17.65,17887.2
2026-06-28,33,16,2026-06,2026-06-28T16:00,24.49,18.44,18325.6
2026-06-28,34,16,2026-06,2026-06-28T16:30,23.46,17.25,17834.9
2026-06-28,35,17,2026-06,2026-06-28T17:00,25.64,19.32,19708.6
2026-06-28,36,17,2026-06,2026-06-28T17:30,24.2,17.65,18462.2
2026-06-28,37,18,2026-06,2026-06-28T18:00,22.18,16.85,18478.5
2026-06-28,38,18,2026-06,2026-06-28T18:30,21.87,17.33,17450.4
2026-06-28,39,19,2026-06,2026-06-28T19:00,21.01,15.66,18881.4
2026-06-28,40,19,2026-06,2026-06-28T19:30,20.8,15.81,18500.1
2026-06-28,41,20,2026-06,2026-06-28T20:00,18.04,13.44,17468.2
2026-06-28,42,20,2026-06,2026-06-28T20:30,19.83,14.79,18097.0
2026-06-28,43,21,2026-06,2026-06-28T21:00,18.94,14.08,16082.3
2026-06-28,44,21,2026-06,2026-06-28T21:30,15.76,12.16,16156.7
2026-06-28,45,22,2026-06,2026-06-28T22:00,16.87,12.7,17585.3
2026-06-28,46,22,2026-06,2026-06-28T22:30,15.5,11.36,15191.2
2026-06-28,47,23,2026-06,2026-06-28T23:00,16.72,12.6,16516.6
2026-06-28,48,23,2026-06,2026-06-28T23:30,15.0,10.8,16735.3
2026-06-29,1,0,2026-06,2026-06-29T00:00,20.09,15.0,15846.6
2026-06-29,2,0,2026-06,2026-06-29T00:30,19.9,14.19,15401.6
2026-06-29,3,1,2026-06,2026-06-29T01:00,19.77,15.36,16280.3
2026-06-29,4,1,2026-06,2026-06-29T01:30,19.35,13.76,15691.0
2026-06-29,5,2,2026-06,2026-06-29T02:00,20.87,15.2,17151.9
2026-06-29,6,2,2026-06,2026-06-29T02:30,19.58,15.45,16263.3
2026-06-29,7,3,2026-06,2026-06-29T03:00,19.97,14.68,15381.4
2026-06-29,8,3,2026-06,2026-06-29T03:30,19.09,14.82,15736.5
2026-06-29,9,4,2026-06,2026-06-29T04:00,20.0,15.28,15777.9
2026-06-29,10,4,2026-06,2026-06-29T04:30,19.21,14.59,16983.3
2026-06-29,11,5,2026-06,2026-06-29T05:00,20.31,14.11,15441.2
2026-06-29,12,5,2026-06,2026-06-29T05:30,20.59,14.89,16042.7
2026-06-29,13,6,2026-06,2026-06-29T06:00,19.03,14.11,16458.2
2026-06-29,14,6,2026-06,2026-06-29T06:30,20.23,15.36,16424.5
2026-06-29,15,7,2026-06,2026-06-29T07:00,18.89,14.53,15137.3
2026-06-29,16,7,2026-06,2026-06-29T07:30,20.3,14.47,16769.7
2026-06-29,17,8,2026-06,2026-06-29T08:00,18.49,13.43,16240.7
2026-06-29,18,8,2026-06,2026-06-29T08:30,20.89,16.32,14916.7
2026-06-29,19,9,2026-06,2026-06-29T09:00,22.02,15.96,15418.3
2026-06-29,20,9,2026-06,2026-06-29T09:30,21.06,15.36,17477.9
2026-06-29,21,10,2026-06,2026-06-29T10:00,23.17,16.96,15407.0
2026-06-29,22,10,2026-06,2026-06-29T10:30,20.57,15.06,15438.8
2026-06-29,23,11,2026-06,2026-06-29T11:00,22.48,17.61,16641.7
2026-06-29,24,11,2026-06,2026-06-29T11:30,21.46,16.11,17075.8
2026-06-29,25,12,2026-06,2026-06-29T12:00,20.72,15.28,15494.9
2026-06-29,26,12,2026-06,2026-06-29T12:30,22.44,16.61,17292.2
2026-06-29,27,13,2026-06,2026-06-29T13:00,26.09,19.08,16943.9
2026-06-29,28,13,2026-06,2026-06-29T13:30,26.54,19.44,17386.6
2026-06-29,29,14,2026-06,2026-06-29T14:00,27.14,19.58,16832.7
2026-06-29,30,14,2026-06,2026-06-29T14:30,29.57,22.68,18011.8
2026-06-29,31,15,2026-06,2026-06-29T15:00,28.18,21.49,17464.0
2026-06-29,32,15,2026-06,2026-06-29T15:30,31.12,23.91,17838.1
2026-06-29,33,16,2026-06,2026-06-29T16:00,30.55,23.07,19312.0
2026-06-29,34,16,2026-06,2026-06-29T16:30,30.58,21.3,19227.0
2026-06-29,35,17,2026-06,2026-06-29T17:00,30.9,23.21,18943.7
2026-06-29,36,17,2026-06,2026-06-29T17:30,29.89,23.71,18078.7
2026-06-29,37,18,2026-06,2026-06-29T18:00,31.05,21.66,18634.7
2026-06-29,38,18,2026-06,2026-06-29T18:30,29.86,24.68,20914.6
2026-06-29,39,19,2026-06,2026-06-29T19:00,28.38,21.71,18578.9
2026-06-29,40,19,2026-06,2026-06-29T19:30,27.99,21.26,19322.2
2026-06-29,41,20,2026-06,2026-06-29T20:00,29.28,22.08,16889.3
2026-06-29,42,20,2026-06,2026-06-29T20:30,24.61,17.53,17774.4
2026-06-29,43,21,2026-06,2026-06-29T21:00,23.84,18.11,17306.7
2026-06-29,44,21,2026-06,2026-06-29T21:30,23.27,17.66,17681.4
2026-06-29,45,22,2026-06,2026-06-29T22:00,26.05,19.82,16599.6
2026-06-29,46,22,2026-06,2026-06-29T22:30,24.17,17.79,17395.1
2026-06-29,47,23,2026-06,2026-06-29T23:00,22.99,16.96,15458.2
2026-06-29,48,23,2026-06,2026-06-29T23:30,21.78,16.12,16331.7
2026-06-30,1,0,2026-06,2026-06-30T00:00,21.33,16.38,17377.3
2026-06-30,2,0,2026-06,2026-06-30T00:30,20.82,15.27,17046.6
2026-06-30,3,1,2026-06,2026-06-30T01:00,20.16,14.79,17213.7
2026-06-30,4,1,2026-06,2026-06-30T01:30,19.82,14.44,14537.7
2026-06-30,5,2,2026-06,2026-06-30T02:00,19.91,14.57,16536.9
2026-06-30,6,2,2026-06,2026-06-30T02:30,19.68,14.33,14699.2
2026-06-30,7,3,2026-06,2026-06-30T03:00,20.24,15.12,14595.5
2026-06-30,8,3,2026-06,2026-06-30T03:30,21.84,16.98,14075.8
2026-06-30,9,4,2026-06,2026-06-30T04:00,20.42,15.56,15617.1
2026-06-30,10,4,2026-06,2026-06-30T04:30,18.85,13.83,15700.5
2026-06-30,11,5,2026-06,2026-06-30T05:00,18.81,13.74,16686.5
2026-06-30,12,5,2026-06,2026-06-30T05:30,19.05,14.55,16118.0
2026-06-30,13,6,2026-06,2026-06-30T06:00,19.05,14.84,17184.4
2026-06-30,14,6,2026-06,2026-06-30T06:30,18.51,13.93,16447.8
2026-06-30,15,7,2026-06,2026-06-30T07:00,21.14,16.1,15033.1
2026-06-30,16,7,2026-06,2026-06-30T07:30,19.98,14.73,16011.0
2026-06-30,17,8,2026-06,2026-06-30T08:00,20.27,15.17,14881.8
2026-06-30,18,8,2026-06,2026-06-30T08:30,20.49,15.01,15308.4
2026-06-30,19,9,2026-06,2026-06-30T09:00,21.83,17.01,16748.1
2026-06-30,20,9,2026-06,2026-06-30T09:30,22.09,17.02,17302.8
2026-06-30,21,10,2026-06,2026-06-30T10:00,23.46,18.28,16375.8
2026-06-30,22,10,2026-06,2026-06-30T10:30,21.01,16.71,15607.3
2026-06-30,23,11,2026-06,2026-06-30T11:00,22.47,17.1,15561.8
2026-06-30,24,11,2026-06,2026-06-30T11:30,21.43,16.78,16855.8
2026-06-30,25,12,2026-06,2026-06-30T12:00,23.31,17.22,16128.7
2026-06-30,26,12,2026-06,2026-06-30T12:30,23.38,17.33,16239.5
2026-06-30,27,13,2026-06,2026-06-30T13:00,28.33,22.26,15492.7
2026-06-30,28,13,2026-06,2026-06-30T13:30,27.7,21.18,17354.3
2026-06-30,29,14,2026-06,2026-06-30T14:00,26.18,18.77,15357.1
2026-06-30,30,14,2026-06,2026-06-30T14:30,28.81,21.79,16884.9
2026-06-30,31,15,2026-06,2026-06-30T15:00,28.4,23.35,17112.6
2026-06-30,32,15,2026-06,2026-06-30T15:30,33.81,25.78,17059.1
2026-06-30,33,16,2026-06,2026-06-30T16:00,33.1,23.32,17816.6
2026-06-30,34,16,2026-06,2026-06-30T16:30,35.33,26.16,18250.4
2026-06-30,35,17,2026-06,2026-06-30T17:00,36.35,27.27,18942.8
2026-06-30,36,17,2026-06,2026-06-30T17:30,34.13,25.59,18931.6
2026-06-30,37,18,2026-06,2026-06-30T18:00,36.68,28.28,18654.3
2026-06-30,38,18,2026-06,2026-06-30T18:30,29.61,21.63,17305.2
2026-06-30,39,19,2026-06,2026-06-30T19:00,28.72,21.35,19958.8
2026-06-30,40,19,2026-06,2026-06-30T19:30,31.03,23.45,16555.6
2026-06-30,41,20,2026-06,2026-06-30T20:00,29.5,22.76,18158.9
2026-06-30,42,20,2026-06,2026-06-30T20:30,24.98,19.32,16830.8
2026-06-30,43,21,2026-06,2026-06-30T21:00,24.34,18.73,16823.7
2026-06-30,44,21,2026-06,2026-06-30T21:30,26.03,18.63,17598.6
2026-06-30,45,22,2026-06,2026-06-30T22:00,23.96,17.58,17288.9
2026-06-30,46,22,2026-06,2026-06-30T22:30,21.21,16.43,16770.1
2026-06-30,47,23,2026-06,2026-06-30T23:00,22.52,16.96,17218.2
2026-06-30,48,23,2026-06,2026-06-30T23:30,22.37,16.38,17017.9
2026-07-01,1,0,2026-07,2026-07-01T00:00,16.9,15.17,17196.1
2026-07-01,2,0,2026-07,2026-07-01T00:30,15.82,14.41,15715.2
2026-07-01,3,1,2026-07,2026-07-01T01:00,14.92,13.51,16229.0
2026-07-01,4,1,2026-07,2026-07-01T01:30,15.12,14.17,15893.6
2026-07-01,5,2,2026-07,2026-07-01T02:00,16.4,15.71,15438.1
2026-07-01,6,2,2026-07,2026-07-01T02:30,18.03,15.98,15224.0
2026-07-01,7,3,2026-07,2026-07-01T03:00,16.3,14.3,15730.2
2026-07-01,8,3,2026-07,2026-07-01T03:30,16.51,15.13,16858.4
2026-07-01,9,4,2026-07,2026-07-01T04:00,15.94,14.24,16816.2
2026-07-01,10,4,2026-07,2026-07-01T04:30,16.03,14.9,16573.7
2026-07-01,11,5,2026-07,2026-07-01T05:00,15.2,13.33,17058.0
2026-07-01,12,5,2026-07,2026-07-01T05:30,14.96,13.04,16192.1
2026-07-01,13,6,2026-07,2026-07-01T06:00,15.6,14.38,16104.8
2026-07-01,14,6,2026-07,2026-07-01T06:30,15.34,14.69,16666.9
2026-07-01,15,7,2026-07,2026-07-01T07:00,14.43,12.85,15064.8
2026-07-01,16,7,2026-07,2026-07-01T07:30,15.64,14.4,16680.8
2026-07-01,17,8,2026-07,2026-07-01T08:00,14.96,12.97,14871.3
2026-07-01,18,8,2026-07,2026-07-01T08:30,15.17,13.71,15752.7
2026-07-01,19,9,2026-07,2026-07-01T09:00,16.15,14.21,15328.5
2026-07-01,20,9,2026-07,2026-07-01T09:30,15.79,14.9,18186.9
2026-07-01,21,10,2026-07,2026-07-01T10:00,15.99,13.92,16809.1
2026-07-01,22,10,2026-07,2026-07-01T10:30,16.3,14.83,17112.2
2026-07-01,23,11,2026-07,2026-07-01T11:00,16.59,15.02,15798.4
2026-07-01,24,11,2026-07,2026-07-01T11:30,17.02,14.76,16989.5
2026-07-01,25,12,2026-07,2026-07-01T12:00,16.42,14.99,16503.6
2026-07-01,26,12,2026-07,2026-07-01T12:30,17.4,15.93,17522.1
2026-07-01,27,13,2026-07,2026-07-01T13:00,19.29,17.74,18404.4
2026-07-01,28,13,2026-07,2026-07-01T13:30,20.48,17.83,16336.3
2026-07-01,29,14,2026-07,2026-07-01T14:00,21.65,19.36,16868.4
2026-07-01,30,14,2026-07,2026-07-01T14:30,21.55,19.26,17190.2
2026-07-01,31,15,2026-07,2026-07-01T15:00,23.71,21.19,17568.4
2026-07-01,32,15,2026-07,2026-07-01T15:30,27.14,24.38,18331.0
2026-07-01,33,16,2026-07,2026-07-01T16:00,25.09,23.25,17862.7
2026-07-01,34,16,2026-07,2026-07-01T16:30,25.92,22.04,18004.3
2026-07-01,35,17,2026-07,2026-07-01T17:00,25.84,22.7,20597.6
2026-07-01,36,17,2026-07,2026-07-01T17:30,25.88,22.64,18214.0
2026-07-01,37,18,2026-07,2026-07-01T18:00,25.13,21.01,18600.7
2026-07-01,38,18,2026-07,2026-07-01T18:30,24.61,22.29,19648.5
2026-07-01,39,19,2026-07,2026-07-01T19:00,23.62,21.06,17079.4
2026-07-01,40,19,2026-07,2026-07-01T19:30,23.91,21.6,19149.7
2026-07-01,41,20,2026-07,2026-07-01T20:00,21.09,19.74,17728.7
2026-07-01,42,20,2026-07,2026-07-01T20:30,20.3,17.47,16783.7
2026-07-01,43,21,2026-07,2026-07-01T21:00,18.63,16.72,17129.6
2026-07-01,44,21,2026-07,2026-07-01T21:30,19.55,17.43,17102.9
2026-07-01,45,22,2026-07,2026-07-01T22:00,18.99,17.07,16766.3
2026-07-01,46,22,2026-07,2026-07-01T22:30,18.37,15.84,17328.9
2026-07-01,47,23,2026-07,2026-07-01T23:00,16.46,14.88,15458.7
2026-07-01,48,23,2026-07,2026-07-01T23:30,17.35,15.26,15860.6
2026-07-02,1,0,2026-07,2026-07-02T00:00,15.33,13.93,15011.9
2026-07-02,2,0,2026-07,2026-07-02T00:30,14.04,12.29,16240.9
2026-07-02,3,1,2026-07,2026-07-02T01:00,14.87,13.44,16453.4
2026-07-02,4,1,2026-07,2026-07-02T01:30,14.82,13.42,16036.2
2026-07-02,5,2,2026-07,2026-07-02T02:00,14.59,13.32,16210.6
2026-07-02,6,2,2026-07,2026-07-02T02:30,15.23,13.94,15444.0
2026-07-02,7,3,2026-07,2026-07-02T03:00,15.8,14.6,17244.3
2026-07-02,8,3,2026-07,2026-07-02T03:30,15.39,14.67,16845.0
2026-07-02,9,4,2026-07,2026-07-02T04:00,17.26,15.3,17927.5
2026-07-02,10,4,2026-07,2026-07-02T04:30,14.65,13.27,15769.9
2026-07-02,11,5,2026-07,2026-07-02T05:00,15.65,13.62,16010.4
2026-07-02,12,5,2026-07,2026-07-02T05:30,14.93,14.02,14487.7
2026-07-02,13,6,2026-07,2026-07-02T06:00,14.49,12.45,17616.8
2026-07-02,14,6,2026-07,2026-07-02T06:30,13.92,12.93,16472.7
2026-07-02,15,7,2026-07,2026-07-02T07:00,14.48,12.99,16952.0
2026-07-02,16,7,2026-07,2026-07-02T07:30,13.96,11.9,16261.8
2026-07-02,17,8,2026-07,2026-07-02T08:00,15.12,14.33,16448.7
2026-07-02,18,8,2026-07,2026-07-02T08:30,16.2,15.56,17052.6
2026-07-02,19,9,2026-07,2026-07-02T09:00,14.93,13.45,16783.5
2026-07-02,20,9,2026-07,2026-07-02T09:30,14.6,13.55,16797.6
2026-07-02,21,10,2026-07,2026-07-02T10:00,16.42,15.0,16966.2
2026-07-02,22,10,2026-07,2026-07-02T10:30,15.4,13.7,17131.0
2026-07-02,23,11,2026-07,2026-07-02T11:00,14.79,13.37,15594.1
2026-07-02,24,11,2026-07,2026-07-02T11:30,15.73,14.18,15582.4
2026-07-02,25,12,2026-07,2026-07-02T12:00,17.39,15.69,16669.8
2026-07-02,26,12,2026-07,2026-07-02T12:30,18.06,15.99,17049.0
2026-07-02,27,13,2026-07,2026-07-02T13:00,18.4,16.64,16361.0
2026-07-02,28,13,2026-07,2026-07-02T13:30,19.09,17.95,17322.3
2026-07-02,29,14,2026-07,2026-07-02T14:00,21.83,19.62,17703.7
2026-07-02,30,14,2026-07,2026-07-02T14:30,20.42,18.23,17143.6
2026-07-02,31,15,2026-07,2026-07-02T15:00,23.28,21.8,17064.5
2026-07-02,32,15,2026-07,2026-07-02T15:30,24.79,22.88,17273.0
2026-07-02,33,16,2026-07,2026-07-02T16:00,24.92,23.45,18846.4
2026-07-02,34,16,2026-07,2026-07-02T16:30,25.9,24.59,18195.5
2026-07-02,35,17,2026-07,2026-07-02T17:00,25.4,22.26,19503.9
2026-07-02,36,17,2026-07,2026-07-02T17:30,23.79,21.44,19431.0
2026-07-02,37,18,2026-07,2026-07-02T18:00,25.96,23.51,19254.4
2026-07-02,38,18,2026-07,2026-07-02T18:30,22.59,20.42,18127.7
2026-07-02,39,19,2026-07,2026-07-02T19:00,23.99,22.3,17519.9
2026-07-02,40,19,2026-07,2026-07-02T19:30,23.21,21.51,19213.2
2026-07-02,41,20,2026-07,2026-07-02T20:00,23.23,22.12,17399.1
2026-07-02,42,20,2026-07,2026-07-02T20:30,20.13,17.88,17330.4
2026-07-02,43,21,2026-07,2026-07-02T21:00,18.27,16.27,16669.0
2026-07-02,44,21,2026-07,2026-07-02T21:30,17.2,14.91,16234.8
2026-07-02,45,22,2026-07,2026-07-02T22:00,18.78,17.03,14953.9
2026-07-02,46,22,2026-07,2026-07-02T22:30,17.31,14.43,14682.5
2026-07-02,47,23,2026-07,2026-07-02T23:00,16.24,14.72,16483.1
2026-07-02,48,23,2026-07,2026-07-02T23:30,16.93,15.17,16659.0
2026-07-03,1,0,2026-07,2026-07-03T00:00,16.56,14.96,16996.4
2026-07-03,2,0,2026-07,2026-07-03T00:30,17.24,15.3,17425.4
2026-07-03,3,1,2026-07,2026-07-03T01:00,15.02,13.94,16304.0
2026-07-03,4,1,2026-07,2026-07-03T01:30,16.23,14.17,15545.1
2026-07-03,5,2,2026-07,2026-07-03T02:00,15.7,14.14,16512.2
2026-07-03,6,2,2026-07,2026-07-03T02:30,14.18,13.04,16240.5
2026-07-03,7,3,2026-07,2026-07-03T03:00,15.94,13.9,16131.5
2026-07-03,8,3,2026-07,2026-07-03T03:30,16.32,14.73,16324.5
2026-07-03,9,4,2026-07,2026-07-03T04:00,16.51,13.97,16714.8
2026-07-03,10,4,2026-07,2026-07-03T04:30,14.61,13.13,17921.5
2026-07-03,11,5,2026-07,2026-07-03T05:00,15.8,13.93,17700.0
2026-07-03,12,5,2026-07,2026-07-03T05:30,14.25,12.46,14992.8
2026-07-03,13,6,2026-07,2026-07-03T06:00,15.19,14.09,15743.6
2026-07-03,14,6,2026-07,2026-07-03T06:30,15.06,14.38,15228.7
2026-07-03,15,7,2026-07,2026-07-03T07:00,15.69,13.6,16986.5
2026-07-03,16,7,2026-07,2026-07-03T07:30,14.79,13.48,15255.7
2026-07-03,17,8,2026-07,2026-07-03T08:00,15.9,14.55,15657.6
2026-07-03,18,8,2026-07,2026-07-03T08:30,14.8,14.11,16678.5
2026-07-03,19,9,2026-07,2026-07-03T09:00,16.15,14.34,16333.6
2026-07-03,20,9,2026-07,2026-07-03T09:30,16.56,14.91,15417.9
2026-07-03,21,10,2026-07,2026-07-03T10:00,16.83,15.11,15510.5
2026-07-03,22,10,2026-07,2026-07-03T10:30,16.97,15.04,15878.4
2026-07-03,23,11,2026-07,2026-07-03T11:00,15.88,14.68,16658.8
2026-07-03,24,11,2026-07,2026-07-03T11:30,15.69,13.95,15863.1
2026-07-03,25,12,2026-07,2026-07-03T12:00,16.64,14.32,16074.8
2026-07-03,26,12,2026-07,2026-07-03T12:30,20.02,17.7,17667.4
2026-07-03,27,13,2026-07,2026-07-03T13:00,19.54,17.18,17226.5
2026-07-03,28,13,2026-07,2026-07-03T13:30,17.98,16.34,16811.2
2026-07-03,29,14,2026-07,2026-07-03T14:00,21.93,20.13,18797.8
2026-07-03,30,14,2026-07,2026-07-03T14:30,23.63,21.87,16834.4
2026-07-03,31,15,2026-07,2026-07-03T15:00,20.84,18.59,17583.6
2026-07-03,32,15,2026-07,2026-07-03T15:30,25.66,22.81,18682.4
2026-07-03,33,16,2026-07,2026-07-03T16:00,24.99,22.25,19505.5
2026-07-03,34,16,2026-07,2026-07-03T16:30,24.03,21.58,18728.3
2026-07-03,35,17,2026-07,2026-07-03T17:00,26.89,25.18,17397.6
2026-07-03,36,17,2026-07,2026-07-03T17:30,26.08,22.52,19341.8
2026-07-03,37,18,2026-07,2026-07-03T18:00,26.51,24.01,18566.0
2026-07-03,38,18,2026-07,2026-07-03T18:30,22.95,20.26,17726.2
2026-07-03,39,19,2026-07,2026-07-03T19:00,23.89,20.99,17995.5
2026-07-03,40,19,2026-07,2026-07-03T19:30,22.05,20.94,18567.5
2026-07-03,41,20,2026-07,2026-07-03T20:00,21.43,20.46,16910.6
2026-07-03,42,20,2026-07,2026-07-03T20:30,18.14,16.51,17279.9
2026-07-03,43,21,2026-07,2026-07-03T21:00,18.92,16.85,17019.1
2026-07-03,44,21,2026-07,2026-07-03T21:30,17.67,15.86,15840.1
2026-07-03,45,22,2026-07,2026-07-03T22:00,17.63,15.71,15936.1
2026-07-03,46,22,2026-07,2026-07-03T22:30,19.67,17.6,17383.8
2026-07-03,47,23,2026-07,2026-07-03T23:00,17.44,16.08,16069.0
2026-07-03,48,23,2026-07,2026-07-03T23:30,15.86,14.09,16823.1
2026-07-04,1,0,2026-07,2026-07-04T00:00,13.36,11.53,14957.3
2026-07-04,2,0,2026-07,2026-07-04T00:30,12.86,11.45,16113.7
2026-07-04,3,1,2026-07,2026-07-04T01:00,14.2,12.98,16432.0
2026-07-04,4,1,2026-07,2026-07-04T01:30,12.85,11.22,15339.3
2026-07-04,5,2,2026-07,2026-07-04T02:00,12.83,11.67,17961.3
2026-07-04,6,2,2026-07,2026-07-04T02:30,13.27,11.47,16784.3
2026-07-04,7,3,2026-07,2026-07-04T03:00,13.73,12.36,16505.1
2026-07-04,8,3,2026-07,2026-07-04T03:30,12.53,11.77,15503.6
2026-07-04,9,4,2026-07,2026-07-04T04:00,13.31,11.52,15914.3
2026-07-04,10,4,2026-07,2026-07-04T04:30,12.1,11.09,15266.7
2026-07-04,11,5,2026-07,2026-07-04T05:00,12.52,11.42,16901.3
2026-07-04,12,5,2026-07,2026-07-04T05:30,12.85,11.35,14258.3
2026-07-04,13,6,2026-07,2026-07-04T06:00,11.78,10.77,16548.8
2026-07-04,14,6,2026-07,2026-07-04T06:30,11.73,10.46,15744.8
2026-07-04,15,7,2026-07,2026-07-04T07:00,12.86,11.72,16655.1
2026-07-04,16,7,2026-07,2026-07-04T07:30,12.99,11.18,15479.6
2026-07-04,17,8,2026-07,2026-07-04T08:00,12.74,11.38,16043.7
2026-07-04,18,8,2026-07,2026-07-04T08:30,13.27,11.69,15528.6
2026-07-04,19,9,2026-07,2026-07-04T09:00,13.35,12.53,16035.3
2026-07-04,20,9,2026-07,2026-07-04T09:30,13.56,12.3,16629.3
2026-07-04,21,10,2026-07,2026-07-04T10:00,12.84,11.93,16259.7
2026-07-04,22,10,2026-07,2026-07-04T10:30,13.36,11.96,17161.3
2026-07-04,23,11,2026-07,2026-07-04T11:00,13.36,11.72,16376.8
2026-07-04,24,11,2026-07,2026-07-04T11:30,14.36,13.36,15512.1
2026-07-04,25,12,2026-07,2026-07-04T12:00,13.58,11.4,17990.0
2026-07-04,26,12,2026-07,2026-07-04T12:30,16.35,14.7,16597.2
2026-07-04,27,13,2026-07,2026-07-04T13:00,15.65,14.43,17542.1
2026-07-04,28,13,2026-07,2026-07-04T13:30,17.47,15.47,16904.1
2026-07-04,29,14,2026-07,2026-07-04T14:00,17.6,15.83,17862.5
2026-07-04,30,14,2026-07,2026-07-04T14:30,18.81,16.95,18218.8
2026-07-04,31,15,2026-07,2026-07-04T15:00,18.92,17.41,18617.3
2026-07-04,32,15,2026-07,2026-07-04T15:30,22.02,19.24,16960.2
2026-07-04,33,16,2026-07,2026-07-04T16:00,19.02,16.47,18344.6
2026-07-04,34,16,2026-07,2026-07-04T16:30,22.03,20.32,17010.5
2026-07-04,35,17,2026-07,2026-07-04T17:00,21.07,19.01,19991.4
2026-07-04,36,17,2026-07,2026-07-04T17:30,22.28,19.94,18820.4
2026-07-04,37,18,2026-07,2026-07-04T18:00,20.25,18.18,21085.8
2026-07-04,38,18,2026-07,2026-07-04T18:30,19.18,16.54,18550.7
2026-07-04,39,19,2026-07,2026-07-04T19:00,18.83,17.06,18947.0
2026-07-04,40,19,2026-07,2026-07-04T19:30,17.69,15.61,16953.3
2026-07-04,41,20,2026-07,2026-07-04T20:00,17.26,15.26,18458.9
2026-07-04,42,20,2026-07,2026-07-04T20:30,17.0,15.23,15603.7
2026-07-04,43,21,2026-07,2026-07-04T21:00,15.18,14.79,17557.5
2026-07-04,44,21,2026-07,2026-07-04T21:30,15.92,14.43,16675.2
2026-07-04,45,22,2026-07,2026-07-04T22:00,15.83,14.26,16757.4
2026-07-04,46,22,2026-07,2026-07-04T22:30,15.26,13.61,15096.1
2026-07-04,47,23,2026-07,2026-07-04T23:00,13.72,12.63,14533.0
2026-07-04,48,23,2026-07,2026-07-04T23:30,13.05,11.4,17288.8
2026-07-05,1,0,2026-07,2026-07-05T00:00,14.11,12.39,16541.2
2026-07-05,2,0,2026-07,2026-07-05T00:30,14.07,12.41,16424.3
2026-07-05,3,1,2026-07,2026-07-05T01:00,14.05,12.58,17582.6
2026-07-05,4,1,2026-07,2026-07-05T01:30,14.44,13.14,15878.8
2026-07-05,5,2,2026-07,2026-07-05T02:00,14.42,13.1,15256.8
2026-07-05,6,2,2026-07,2026-07-05T02:30,13.77,12.6,16126.7
2026-07-05,7,3,2026-07,2026-07-05T03:00,13.67,12.31,15999.1
2026-07-05,8,3,2026-07,2026-07-05T03:30,14.23,12.86,16939.5
2026-07-05,9,4,2026-07,2026-07-05T04:00,14.31,13.85,16461.8
2026-07-05,10,4,2026-07,2026-07-05T04:30,14.63,12.88,17351.9
2026-07-05,11,5,2026-07,2026-07-05T05:00,13.43,12.44,15136.7
2026-07-05,12,5,2026-07,2026-07-05T05:30,13.7,12.83,15752.6
2026-07-05,13,6,2026-07,2026-07-05T06:00,14.45,12.55,15959.4
2026-07-05,14,6,2026-07,2026-07-05T06:30,14.59,13.57,15476.1
2026-07-05,15,7,2026-07,2026-07-05T07:00,13.3,12.34,15798.7
2026-07-05,16,7,2026-07,2026-07-05T07:30,13.4,12.57,16338.0
2026-07-05,17,8,2026-07,2026-07-05T08:00,13.74,11.84,16404.9
2026-07-05,18,8,2026-07,2026-07-05T08:30,14.36,12.97,17120.8
2026-07-05,19,9,2026-07,2026-07-05T09:00,15.14,13.11,17256.2
2026-07-05,20,9,2026-07,2026-07-05T09:30,14.88,13.72,17219.6
2026-07-05,21,10,2026-07,2026-07-05T10:00,14.73,12.96,13815.0
2026-07-05,22,10,2026-07,2026-07-05T10:30,14.55,12.77,16632.6
2026-07-05,23,11,2026-07,2026-07-05T11:00,15.69,13.87,16684.7
2026-07-05,24,11,2026-07,2026-07-05T11:30,12.92,11.76,16719.2
2026-07-05,25,12,2026-07,2026-07-05T12:00,14.74,13.24,16645.1
2026-07-05,26,12,2026-07,2026-07-05T12:30,16.25,14.51,17598.6
2026-07-05,27,13,2026-07,2026-07-05T13:00,20.02,17.9,17118.8
2026-07-05,28,13,2026-07,2026-07-05T13:30,19.93,17.35,18329.0
2026-07-05,29,14,2026-07,2026-07-05T14:00,20.18,18.21,19132.8
2026-07-05,30,14,2026-07,2026-07-05T14:30,20.55,18.85,18081.1
2026-07-05,31,15,2026-07,2026-07-05T15:00,22.38,20.25,18146.0
2026-07-05,32,15,2026-07,2026-07-05T15:30,20.64,18.17,18224.1
2026-07-05,33,16,2026-07,2026-07-05T16:00,23.67,21.51,18417.7
2026-07-05,34,16,2026-07,2026-07-05T16:30,22.05,20.42,19401.7
2026-07-05,35,17,2026-07,2026-07-05T17:00,22.46,19.59,17944.0
2026-07-05,36,17,2026-07,2026-07-05T17:30,22.23,20.13,18906.8
2026-07-05,37,18,2026-07,2026-07-05T18:00,21.2,19.58,18812.3
2026-07-05,38,18,2026-07,2026-07-05T18:30,20.17,18.45,19598.3
2026-07-05,39,19,2026-07,2026-07-05T19:00,19.31,16.82,16700.2
2026-07-05,40,19,2026-07,2026-07-05T19:30,19.04,17.02,16797.5
2026-07-05,41,20,2026-07,2026-07-05T20:00,18.72,17.01,17159.7
2026-07-05,42,20,2026-07,2026-07-05T20:30,16.5,14.33,16800.1
2026-07-05,43,21,2026-07,2026-07-05T21:00,17.65,16.02,16483.2
2026-07-05,44,21,2026-07,2026-07-05T21:30,16.16,14.31,18352.4
2026-07-05,45,22,2026-07,2026-07-05T22:00,15.86,14.66,18570.3
2026-07-05,46,22,2026-07,2026-07-05T22:30,16.4,14.06,18216.4
2026-07-05,47,23,2026-07,2026-07-05T23:00,14.64,12.97,16910.4
2026-07-05,48,23,2026-07,2026-07-05T23:30,14.02,12.36,15804.6
2026-07-06,1,0,2026-07,2026-07-06T00:00,17.16,15.19,16136.2
2026-07-06,2,0,2026-07,2026-07-06T00:30,16.0,14.58,16261.4
2026-07-06,3,1,2026-07,2026-07-06T01:00,16.76,14.53,16779.0
2026-07-06,4,1,2026-07,2026-07-06T01:30,17.37,15.43,16497.1
2026-07-06,5,2,2026-07,2026-07-06T02:00,15.44,13.62,16389.6
2026-07-06,6,2,2026-07,2026-07-06T02:30,16.3,14.52,16103.5
2026-07-06,7,3,2026-07,2026-07-06T03:00,17.91,15.87,17381.9
2026-07-06,8,3,2026-07,2026-07-06T03:30,18.8,17.5,16461.4
2026-07-06,9,4,2026-07,2026-07-06T04:00,17.42,15.96,16070.7
2026-07-06,10,4,2026-07,2026-07-06T04:30,16.73,15.02,15698.1
2026-07-06,11,5,2026-07,2026-07-06T05:00,18.11,17.35,15519.6
2026-07-06,12,5,2026-07,2026-07-06T05:30,18.11,16.71,16286.5
2026-07-06,13,6,2026-07,2026-07-06T06:00,16.29,15.25,15559.7
2026-07-06,14,6,2026-07,2026-07-06T06:30,16.17,14.57,15938.3
2026-07-06,15,7,2026-07,2026-07-06T07:00,16.28,13.76,13987.5
2026-07-06,16,7,2026-07,2026-07-06T07:30,15.41,13.51,16893.8
2026-07-06,17,8,2026-07,2026-07-06T08:00,17.78,16.57,16416.1
2026-07-06,18,8,2026-07,2026-07-06T08:30,18.81,17.87,15301.8
2026-07-06,19,9,2026-07,2026-07-06T09:00,16.58,14.54,16678.6
2026-07-06,20,9,2026-07,2026-07-06T09:30,16.75,14.8,15923.9
2026-07-06,21,10,2026-07,2026-07-06T10:00,18.6,17.33,16755.8
2026-07-06,22,10,2026-07,2026-07-06T10:30,17.74,15.67,16145.6
2026-07-06,23,11,2026-07,2026-07-06T11:00,18.99,16.63,16669.8
2026-07-06,24,11,2026-07,2026-07-06T11:30,18.29,16.24,16332.8
2026-07-06,25,12,2026-07,2026-07-06T12:00,21.25,18.74,17134.2
2026-07-06,26,12,2026-07,2026-07-06T12:30,20.9,18.76,16809.4
2026-07-06,27,13,2026-07,2026-07-06T13:00,20.58,19.13,16767.9
2026-07-06,28,13,2026-07,2026-07-06T13:30,23.59,21.14,18109.6
2026-07-06,29,14,2026-07,2026-07-06T14:00,23.9,21.16,16429.1
2026-07-06,30,14,2026-07,2026-07-06T14:30,23.65,21.13,18410.5
2026-07-06,31,15,2026-07,2026-07-06T15:00,27.13,24.83,19578.5
2026-07-06,32,15,2026-07,2026-07-06T15:30,30.27,28.0,18004.6
2026-07-06,33,16,2026-07,2026-07-06T16:00,27.12,24.01,17860.4
2026-07-06,34,16,2026-07,2026-07-06T16:30,27.56,24.36,17555.7
2026-07-06,35,17,2026-07,2026-07-06T17:00,30.11,27.41,20820.4
2026-07-06,36,17,2026-07,2026-07-06T17:30,26.79,23.61,18334.9
2026-07-06,37,18,2026-07,2026-07-06T18:00,28.09,24.39,19167.3
2026-07-06,38,18,2026-07,2026-07-06T18:30,25.79,23.16,17030.7
2026-07-06,39,19,2026-07,2026-07-06T19:00,25.2,22.68,17190.4
2026-07-06,40,19,2026-07,2026-07-06T19:30,26.84,23.17,18145.4
2026-07-06,41,20,2026-07,2026-07-06T20:00,23.68,21.18,18520.3
2026-07-06,42,20,2026-07,2026-07-06T20:30,21.98,19.82,15936.7
2026-07-06,43,21,2026-07,2026-07-06T21:00,20.59,19.0,18055.0
2026-07-06,44,21,2026-07,2026-07-06T21:30,19.8,17.75,16206.5
2026-07-06,45,22,2026-07,2026-07-06T22:00,19.07,18.29,16238.6
2026-07-06,46,22,2026-07,2026-07-06T22:30,18.2,16.54,16552.9
2026-07-06,47,23,2026-07,2026-07-06T23:00,17.14,15.01,14720.1
2026-07-06,48,23,2026-07,2026-07-06T23:30,18.22,15.79,15880.6
2026-07-07,1,0,2026-07,2026-07-07T00:00,15.23,13.18,15485.9
2026-07-07,2,0,2026-07,2026-07-07T00:30,17.5,15.67,16644.4
2026-07-07,3,1,2026-07,2026-07-07T01:00,16.41,14.35,16739.9
2026-07-07,4,1,2026-07,2026-07-07T01:30,17.17,15.18,15300.4
2026-07-07,5,2,2026-07,2026-07-07T02:00,15.46,13.92,15865.4
2026-07-07,6,2,2026-07,2026-07-07T02:30,15.76,14.01,15929.9
2026-07-07,7,3,2026-07,2026-07-07T03:00,15.54,14.4,15304.5
2026-07-07,8,3,2026-07,2026-07-07T03:30,14.04,11.89,15315.0
2026-07-07,9,4,2026-07,2026-07-07T04:00,15.83,13.8,16278.3
2026-07-07,10,4,2026-07,2026-07-07T04:30,16.3,14.45,15664.7
2026-07-07,11,5,2026-07,2026-07-07T05:00,16.39,14.63,15659.0
2026-07-07,12,5,2026-07,2026-07-07T05:30,16.22,14.02,15377.0
2026-07-07,13,6,2026-07,2026-07-07T06:00,16.36,14.88,15691.2
2026-07-07,14,6,2026-07,2026-07-07T06:30,14.69,13.35,15945.7
2026-07-07,15,7,2026-07,2026-07-07T07:00,16.27,15.31,15111.8
2026-07-07,16,7,2026-07,2026-07-07T07:30,14.69,13.9,14365.6
2026-07-07,17,8,2026-07,2026-07-07T08:00,17.26,15.2,16109.4
2026-07-07,18,8,2026-07,2026-07-07T08:30,17.28,15.36,16769.8
2026-07-07,19,9,2026-07,2026-07-07T09:00,16.72,15.31,15982.9
2026-07-07,20,9,2026-07,2026-07-07T09:30,16.58,15.46,16412.1
2026-07-07,21,10,2026-07,2026-07-07T10:00,16.51,15.25,19128.8
2026-07-07,22,10,2026-07,2026-07-07T10:30,17.06,14.88,17089.5
2026-07-07,23,11,2026-07,2026-07-07T11:00,16.36,15.14,17750.6
2026-07-07,24,11,2026-07,2026-07-07T11:30,15.4,14.21,16159.0
2026-07-07,25,12,2026-07,2026-07-07T12:00,16.03,13.73,16825.0
2026-07-07,26,12,2026-07,2026-07-07T12:30,15.64,13.83,17405.9
2026-07-07,27,13,2026-07,2026-07-07T13:00,18.16,16.5,15961.5
2026-07-07,28,13,2026-07,2026-07-07T13:30,21.58,20.07,17127.8
2026-07-07,29,14,2026-07,2026-07-07T14:00,23.14,20.79,18666.4
2026-07-07,30,14,2026-07,2026-07-07T14:30,23.04,20.37,17808.2
2026-07-07,31,15,2026-07,2026-07-07T15:00,24.0,21.38,17791.4
2026-07-07,32,15,2026-07,2026-07-07T15:30,25.37,23.18,17147.0
2026-07-07,33,16,2026-07,2026-07-07T16:00,27.12,24.05,18328.4
2026-07-07,34,16,2026-07,2026-07-07T16:30,26.08,25.01,19176.4
2026-07-07,35,17,2026-07,2026-07-07T17:00,25.68,22.22,20284.0
2026-07-07,36,17,2026-07,2026-07-07T17:30,24.34,22.15,18109.4
2026-07-07,37,18,2026-07,2026-07-07T18:00,25.37,23.37,17980.1
2026-07-07,38,18,2026-07,2026-07-07T18:30,23.29,21.4,17509.2
2026-07-07,39,19,2026-07,2026-07-07T19:00,23.91,21.72,18348.5
2026-07-07,40,19,2026-07,2026-07-07T19:30,22.76,19.81,16091.4
2026-07-07,41,20,2026-07,2026-07-07T20:00,22.56,20.48,18567.3
2026-07-07,42,20,2026-07,2026-07-07T20:30,21.44,18.74,17062.9
2026-07-07,43,21,2026-07,2026-07-07T21:00,19.41,18.08,16687.8
2026-07-07,44,21,2026-07,2026-07-07T21:30,19.04,17.94,17871.8
2026-07-07,45,22,2026-07,2026-07-07T22:00,18.44,16.82,16911.8
2026-07-07,46,22,2026-07,2026-07-07T22:30,17.11,14.81,16479.3
2026-07-07,47,23,2026-07,2026-07-07T23:00,17.01,15.19,15831.8
2026-07-07,48,23,2026-07,2026-07-07T23:30,16.46,14.18,15817.4
2026-07-08,1,0,2026-07,2026-07-08T00:00,16.41,15.25,15201.5
2026-07-08,2,0,2026-07,2026-07-08T00:30,15.49,13.79,16459.0
2026-07-08,3,1,2026-07,2026-07-08T01:00,15.17,14.34,16849.3
2026-07-08,4,1,2026-07,2026-07-08T01:30,16.28,14.26,14900.4
2026-07-08,5,2,2026-07,2026-07-08T02:00,14.96,13.44,15582.6
2026-07-08,6,2,2026-07,2026-07-08T02:30,14.54,12.7,16315.2
2026-07-08,7,3,2026-07,2026-07-08T03:00,15.53,14.69,15572.8
2026-07-08,8,3,2026-07,2026-07-08T03:30,16.22,14.47,16332.9
2026-07-08,9,4,2026-07,2026-07-08T04:00,15.13,13.82,15847.4
2026-07-08,10,4,2026-07,2026-07-08T04:30,14.43,12.72,17287.1
2026-07-08,11,5,2026-07,2026-07-08T05:00,14.63,12.85,16364.7
2026-07-08,12,5,2026-07,2026-07-08T05:30,13.86,12.56,16756.4
2026-07-08,13,6,2026-07,2026-07-08T06:00,15.47,13.92,15513.8
2026-07-08,14,6,2026-07,2026-07-08T06:30,14.72,13.15,15396.6
2026-07-08,15,7,2026-07,2026-07-08T07:00,14.52,13.14,15616.5
2026-07-08,16,7,2026-07,2026-07-08T07:30,15.28,13.72,16646.0
2026-07-08,17,8,2026-07,2026-07-08T08:00,14.03,12.4,14633.1
2026-07-08,18,8,2026-07,2026-07-08T08:30,14.39,13.94,17952.4
2026-07-08,19,9,2026-07,2026-07-08T09:00,15.56,13.71,15835.8
2026-07-08,20,9,2026-07,2026-07-08T09:30,17.95,16.44,15917.4
2026-07-08,21,10,2026-07,2026-07-08T10:00,16.78,16.05,17481.0
2026-07-08,22,10,2026-07,2026-07-08T10:30,17.14,14.34,16685.9
2026-07-08,23,11,2026-07,2026-07-08T11:00,18.18,16.59,17135.2
2026-07-08,24,11,2026-07,2026-07-08T11:30,15.85,14.34,15999.9
2026-07-08,25,12,2026-07,2026-07-08T12:00,17.07,15.38,15838.3
2026-07-08,26,12,2026-07,2026-07-08T12:30,19.56,16.95,17700.6
2026-07-08,27,13,2026-07,2026-07-08T13:00,18.99,16.45,15507.1
2026-07-08,28,13,2026-07,2026-07-08T13:30,20.02,18.61,18080.2
2026-07-08,29,14,2026-07,2026-07-08T14:00,21.03,18.11,17406.0
2026-07-08,30,14,2026-07,2026-07-08T14:30,23.14,21.32,16505.2
2026-07-08,31,15,2026-07,2026-07-08T15:00,21.14,19.82,19141.9
2026-07-08,32,15,2026-07,2026-07-08T15:30,22.65,20.46,18794.6
2026-07-08,33,16,2026-07,2026-07-08T16:00,26.2,22.59,18394.8
2026-07-08,34,16,2026-07,2026-07-08T16:30,24.48,21.61,21965.8
2026-07-08,35,17,2026-07,2026-07-08T17:00,25.65,23.19,18907.3
2026-07-08,36,17,2026-07,2026-07-08T17:30,24.79,22.42,19055.7
2026-07-08,37,18,2026-07,2026-07-08T18:00,24.7,21.86,18317.9
2026-07-08,38,18,2026-07,2026-07-08T18:30,24.67,22.5,18363.5
2026-07-08,39,19,2026-07,2026-07-08T19:00,21.16,18.36,17795.8
2026-07-08,40,19,2026-07,2026-07-08T19:30,22.11,20.39,16910.8
2026-07-08,41,20,2026-07,2026-07-08T20:00,19.41,18.91,17444.3
2026-07-08,42,20,2026-07,2026-07-08T20:30,20.99,18.54,16636.4
2026-07-08,43,21,2026-07,2026-07-08T21:00,19.45,17.23,17196.2
2026-07-08,44,21,2026-07,2026-07-08T21:30,18.64,16.66,16344.6
2026-07-08,45,22,2026-07,2026-07-08T22:00,19.19,16.35,16894.2
2026-07-08,46,22,2026-07,2026-07-08T22:30,15.81,14.15,16064.5
2026-07-08,47,23,2026-07,2026-07-08T23:00,17.33,15.78,15949.2
2026-07-08,48,23,2026-07,2026-07-08T23:30,16.53,14.94,16620.1
2026-07-09,1,0,2026-07,2026-07-09T00:00,17.14,15.61,18719.9
2026-07-09,2,0,2026-07,2026-07-09T00:30,14.71,12.65,17327.7
2026-07-09,3,1,2026-07,2026-07-09T01:00,15.52,14.94,17227.7
2026-07-09,4,1,2026-07,2026-07-09T01:30,16.21,14.69,16123.4
2026-07-09,5,2,2026-07,2026-07-09T02:00,14.48,13.03,16320.5
2026-07-09,6,2,2026-07,2026-07-09T02:30,15.53,14.14,16539.7
2026-07-09,7,3,2026-07,2026-07-09T03:00,14.89,13.2,15441.2
2026-07-09,8,3,2026-07,2026-07-09T03:30,14.32,13.1,17475.0
2026-07-09,9,4,2026-07,2026-07-09T04:00,15.67,14.58,15738.1
2026-07-09,10,4,2026-07,2026-07-09T04:30,15.6,13.61,15181.8
2026-07-09,11,5,2026-07,2026-07-09T05:00,13.6,12.43,17681.6
2026-07-09,12,5,2026-07,2026-07-09T05:30,15.19,14.77,16021.7
2026-07-09,13,6,2026-07,2026-07-09T06:00,15.01,13.51,16004.6
2026-07-09,14,6,2026-07,2026-07-09T06:30,16.78,15.77,17909.3
2026-07-09,15,7,2026-07,2026-07-09T07:00,15.03,13.73,17032.8
2026-07-09,16,7,2026-07,2026-07-09T07:30,15.0,12.91,16290.2
2026-07-09,17,8,2026-07,2026-07-09T08:00,14.73,13.9,16315.9
2026-07-09,18,8,2026-07,2026-07-09T08:30,16.55,15.71,15707.0
2026-07-09,19,9,2026-07,2026-07-09T09:00,17.38,15.55,17145.3
2026-07-09,20,9,2026-07,2026-07-09T09:30,15.09,13.84,16793.7
2026-07-09,21,10,2026-07,2026-07-09T10:00,16.68,15.1,16411.2
2026-07-09,22,10,2026-07,2026-07-09T10:30,16.24,14.89,17580.4
2026-07-09,23,11,2026-07,2026-07-09T11:00,16.13,14.38,16749.0
2026-07-09,24,11,2026-07,2026-07-09T11:30,15.81,13.29,15990.2
2026-07-09,25,12,2026-07,2026-07-09T12:00,14.32,13.1,15608.4
2026-07-09,26,12,2026-07,2026-07-09T12:30,18.02,16.46,17767.0
2026-07-09,27,13,2026-07,2026-07-09T13:00,19.02,17.27,17897.1
2026-07-09,28,13,2026-07,2026-07-09T13:30,19.37,17.78,18088.7
2026-07-09,29,14,2026-07,2026-07-09T14:00,20.8,17.94,16658.7
2026-07-09,30,14,2026-07,2026-07-09T14:30,22.84,20.37,18090.0
2026-07-09,31,15,2026-07,2026-07-09T15:00,22.48,20.05,17909.0
2026-07-09,32,15,2026-07,2026-07-09T15:30,23.45,21.29,18284.1
2026-07-09,33,16,2026-07,2026-07-09T16:00,24.8,21.97,18647.9
2026-07-09,34,16,2026-07,2026-07-09T16:30,23.91,21.13,18020.2
2026-07-09,35,17,2026-07,2026-07-09T17:00,26.94,23.71,18748.4
2026-07-09,36,17,2026-07,2026-07-09T17:30,22.87,21.37,18966.7
2026-07-09,37,18,2026-07,2026-07-09T18:00,23.5,22.34,19159.2
2026-07-09,38,18,2026-07,2026-07-09T18:30,22.37,20.75,18485.8
2026-07-09,39,19,2026-07,2026-07-09T19:00,22.68,21.11,16130.4
2026-07-09,40,19,2026-07,2026-07-09T19:30,22.84,20.38,18056.4
2026-07-09,41,20,2026-07,2026-07-09T20:00,20.92,18.58,17150.3
2026-07-09,42,20,2026-07,2026-07-09T20:30,18.95,17.61,17272.9
2026-07-09,43,21,2026-07,2026-07-09T21:00,20.27,19.08,18368.6
2026-07-09,44,21,2026-07,2026-07-09T21:30,17.83,15.78,15422.9
2026-07-09,45,22,2026-07,2026-07-09T22:00,19.19,17.37,17360.6
2026-07-09,46,22,2026-07,2026-07-09T22:30,16.32,15.29,15600.4
2026-07-09,47,23,2026-07,2026-07-09T23:00,15.36,13.76,17683.2
2026-07-09,48,23,2026-07,2026-07-09T23:30,15.46,13.46,15948.3
2026-07-10,1,0,2026-07,2026-07-10T00:00,16.76,14.78,16539.9
2026-07-10,2,0,2026-07,2026-07-10T00:30,15.75,14.7,17373.8
2026-07-10,3,1,2026-07,2026-07-10T01:00,16.97,14.77,15141.0
2026-07-10,4,1,2026-07,2026-07-10T01:30,14.51,13.83,15986.9
2026-07-10,5,2,2026-07,2026-07-10T02:00,15.56,14.47,16491.7
2026-07-10,6,2,2026-07,2026-07-10T02:30,15.34,14.05,15403.9
2026-07-10,7,3,2026-07,2026-07-10T03:00,16.41,14.44,14172.1
2026-07-10,8,3,2026-07,2026-07-10T03:30,16.88,14.65,15218.6
2026-07-10,9,4,2026-07,2026-07-10T04:00,16.16,14.68,16823.3
2026-07-10,10,4,2026-07,2026-07-10T04:30,14.15,12.57,15975.1
2026-07-10,11,5,2026-07,2026-07-10T05:00,16.67,14.98,16153.7
2026-07-10,12,5,2026-07,2026-07-10T05:30,15.11,13.79,16284.7
2026-07-10,13,6,2026-07,2026-07-10T06:00,14.84,13.07,16093.2
2026-07-10,14,6,2026-07,2026-07-10T06:30,15.57,13.45,16896.3
2026-07-10,15,7,2026-07,2026-07-10T07:00,14.43,13.6,16041.3
2026-07-10,16,7,2026-07,2026-07-10T07:30,15.28,14.06,16564.9
2026-07-10,17,8,2026-07,2026-07-10T08:00,16.46,15.13,15058.0
2026-07-10,18,8,2026-07,2026-07-10T08:30,16.58,15.32,17455.9
2026-07-10,19,9,2026-07,2026-07-10T09:00,15.95,14.79,17167.1
2026-07-10,20,9,2026-07,2026-07-10T09:30,16.03,14.51,16842.4
2026-07-10,21,10,2026-07,2026-07-10T10:00,16.2,13.64,15906.4
2026-07-10,22,10,2026-07,2026-07-10T10:30,16.99,15.23,15371.6
2026-07-10,23,11,2026-07,2026-07-10T11:00,15.83,14.31,15833.0
2026-07-10,24,11,2026-07,2026-07-10T11:30,15.57,13.55,16494.9
2026-07-10,25,12,2026-07,2026-07-10T12:00,16.57,15.32,16849.7
2026-07-10,26,12,2026-07,2026-07-10T12:30,19.45,17.13,16286.3
2026-07-10,27,13,2026-07,2026-07-10T13:00,19.2,17.66,17244.8
2026-07-10,28,13,2026-07,2026-07-10T13:30,20.9,18.96,18271.5
2026-07-10,29,14,2026-07,2026-07-10T14:00,21.91,19.34,17301.8
2026-07-10,30,14,2026-07,2026-07-10T14:30,24.79,21.91,18854.2
2026-07-10,31,15,2026-07,2026-07-10T15:00,25.26,23.12,17940.4
2026-07-10,32,15,2026-07,2026-07-10T15:30,25.71,22.81,18588.8
2026-07-10,33,16,2026-07,2026-07-10T16:00,26.67,23.78,18371.7
2026-07-10,34,16,2026-07,2026-07-10T16:30,24.93,21.87,18141.4
2026-07-10,35,17,2026-07,2026-07-10T17:00,26.16,25.05,18931.1
2026-07-10,36,17,2026-07,2026-07-10T17:30,24.3,22.03,17084.0
2026-07-10,37,18,2026-07,2026-07-10T18:00,26.1,23.65,19088.8
2026-07-10,38,18,2026-07,2026-07-10T18:30,25.12,23.0,16899.5
2026-07-10,39,19,2026-07,2026-07-10T19:00,24.04,21.84,17916.5
2026-07-10,40,19,2026-07,2026-07-10T19:30,22.14,20.04,18146.5
2026-07-10,41,20,2026-07,2026-07-10T20:00,22.14,19.83,17666.7
2026-07-10,42,20,2026-07,2026-07-10T20:30,20.09,17.66,17349.3
2026-07-10,43,21,2026-07,2026-07-10T21:00,18.65,17.04,15826.6
2026-07-10,44,21,2026-07,2026-07-10T21:30,18.31,15.7,16843.4
2026-07-10,45,22,2026-07,2026-07-10T22:00,18.26,15.91,16332.2
2026-07-10,46,22,2026-07,2026-07-10T22:30,18.49,17.2,17295.3
2026-07-10,47,23,2026-07,2026-07-10T23:00,16.64,14.94,16579.4
2026-07-10,48,23,2026-07,2026-07-10T23:30,17.14,16.24,16815.9
2026-07-11,1,0,2026-07,2026-07-11T00:00,13.36,12.07,15653.3
2026-07-11,2,0,2026-07,2026-07-11T00:30,14.31,12.61,15878.9
2026-07-11,3,1,2026-07,2026-07-11T01:00,13.81,11.85,17274.4
2026-07-11,4,1,2026-07,2026-07-11T01:30,13.59,12.19,15331.4
2026-07-11,5,2,2026-07,2026-07-11T02:00,14.0,12.3,14889.9
2026-07-11,6,2,2026-07,2026-07-11T02:30,13.58,11.61,15375.5
2026-07-11,7,3,2026-07,2026-07-11T03:00,13.33,12.36,17105.6
2026-07-11,8,3,2026-07,2026-07-11T03:30,14.6,12.77,16662.4
2026-07-11,9,4,2026-07,2026-07-11T04:00,13.45,11.59,15751.9
2026-07-11,10,4,2026-07,2026-07-11T04:30,13.82,12.62,16248.9
2026-07-11,11,5,2026-07,2026-07-11T05:00,13.97,12.71,15461.4
2026-07-11,12,5,2026-07,2026-07-11T05:30,12.72,11.65,15449.9
2026-07-11,13,6,2026-07,2026-07-11T06:00,14.01,12.19,16779.5
2026-07-11,14,6,2026-07,2026-07-11T06:30,12.95,11.77,16842.5
2026-07-11,15,7,2026-07,2026-07-11T07:00,13.86,12.11,15610.8
2026-07-11,16,7,2026-07,2026-07-11T07:30,13.61,12.03,15793.3
2026-07-11,17,8,2026-07,2026-07-11T08:00,14.25,13.55,16001.8
2026-07-11,18,8,2026-07,2026-07-11T08:30,13.91,12.54,16887.4
2026-07-11,19,9,2026-07,2026-07-11T09:00,13.86,12.63,16468.6
2026-07-11,20,9,2026-07,2026-07-11T09:30,14.03,12.71,15935.1
2026-07-11,21,10,2026-07,2026-07-11T10:00,14.84,13.14,16411.3
2026-07-11,22,10,2026-07,2026-07-11T10:30,14.57,13.35,17201.1
2026-07-11,23,11,2026-07,2026-07-11T11:00,14.61,12.83,16978.4
2026-07-11,24,11,2026-07,2026-07-11T11:30,14.3,12.66,16727.4
2026-07-11,25,12,2026-07,2026-07-11T12:00,15.3,13.43,16993.0
2026-07-11,26,12,2026-07,2026-07-11T12:30,15.13,14.33,16442.9
2026-07-11,27,13,2026-07,2026-07-11T13:00,18.17,16.3,17837.5
2026-07-11,28,13,2026-07,2026-07-11T13:30,17.87,15.36,17820.0
2026-07-11,29,14,2026-07,2026-07-11T14:00,17.86,15.55,17845.8
2026-07-11,30,14,2026-07,2026-07-11T14:30,20.0,16.98,17687.2
2026-07-11,31,15,2026-07,2026-07-11T15:00,19.81,18.02,17858.0
2026-07-11,32,15,2026-07,2026-07-11T15:30,18.95,16.37,17526.1
2026-07-11,33,16,2026-07,2026-07-11T16:00,21.87,19.63,19148.2
2026-07-11,34,16,2026-07,2026-07-11T16:30,21.65,19.51,19348.3
2026-07-11,35,17,2026-07,2026-07-11T17:00,22.45,19.97,18969.1
2026-07-11,36,17,2026-07,2026-07-11T17:30,25.14,22.32,18142.4
2026-07-11,37,18,2026-07,2026-07-11T18:00,20.14,17.67,18417.3
2026-07-11,38,18,2026-07,2026-07-11T18:30,21.89,18.87,19609.0
2026-07-11,39,19,2026-07,2026-07-11T19:00,19.5,17.05,17843.6
2026-07-11,40,19,2026-07,2026-07-11T19:30,20.09,17.91,18285.5
2026-07-11,41,20,2026-07,2026-07-11T20:00,19.44,18.45,17306.9
2026-07-11,42,20,2026-07,2026-07-11T20:30,17.41,15.89,16912.7
2026-07-11,43,21,2026-07,2026-07-11T21:00,17.47,15.76,17780.4
2026-07-11,44,21,2026-07,2026-07-11T21:30,16.96,15.57,18019.6
2026-07-11,45,22,2026-07,2026-07-11T22:00,15.78,13.9,15608.6
2026-07-11,46,22,2026-07,2026-07-11T22:30,14.6,13.19,15246.9
2026-07-11,47,23,2026-07,2026-07-11T23:00,15.62,14.6,16683.8
2026-07-11,48,23,2026-07,2026-07-11T23:30,14.43,12.92,15923.9
2026-07-12,1,0,2026-07,2026-07-12T00:00,13.84,11.47,15394.6
2026-07-12,2,0,2026-07,2026-07-12T00:30,13.04,11.57,16244.1
2026-07-12,3,1,2026-07,2026-07-12T01:00,13.54,11.65,16512.0
2026-07-12,4,1,2026-07,2026-07-12T01:30,14.29,12.88,16107.0
2026-07-12,5,2,2026-07,2026-07-12T02:00,13.9,13.32,16076.4
2026-07-12,6,2,2026-07,2026-07-12T02:30,12.77,11.71,17202.7
2026-07-12,7,3,2026-07,2026-07-12T03:00,12.9,11.71,17938.6
2026-07-12,8,3,2026-07,2026-07-12T03:30,13.77,12.82,15238.0
2026-07-12,9,4,2026-07,2026-07-12T04:00,12.84,10.98,15751.8
2026-07-12,10,4,2026-07,2026-07-12T04:30,13.07,12.02,16822.1
2026-07-12,11,5,2026-07,2026-07-12T05:00,12.42,11.73,15461.7
2026-07-12,12,5,2026-07,2026-07-12T05:30,12.45,11.56,16420.0
2026-07-12,13,6,2026-07,2026-07-12T06:00,13.4,11.87,15340.6
2026-07-12,14,6,2026-07,2026-07-12T06:30,13.31,11.3,15741.0
2026-07-12,15,7,2026-07,2026-07-12T07:00,12.7,11.43,14850.3
2026-07-12,16,7,2026-07,2026-07-12T07:30,11.93,10.87,15978.8
2026-07-12,17,8,2026-07,2026-07-12T08:00,12.75,10.98,16268.1
2026-07-12,18,8,2026-07,2026-07-12T08:30,12.14,11.75,16156.5
2026-07-12,19,9,2026-07,2026-07-12T09:00,13.4,12.17,16343.0
2026-07-12,20,9,2026-07,2026-07-12T09:30,13.36,12.25,16158.3
2026-07-12,21,10,2026-07,2026-07-12T10:00,14.18,12.83,17210.4
2026-07-12,22,10,2026-07,2026-07-12T10:30,14.67,13.85,16819.1
2026-07-12,23,11,2026-07,2026-07-12T11:00,14.53,13.08,17502.2
2026-07-12,24,11,2026-07,2026-07-12T11:30,13.35,11.67,16304.2
2026-07-12,25,12,2026-07,2026-07-12T12:00,14.84,13.02,17243.2
2026-07-12,26,12,2026-07,2026-07-12T12:30,14.98,14.0,17208.4
2026-07-12,27,13,2026-07,2026-07-12T13:00,16.0,15.16,15230.5
2026-07-12,28,13,2026-07,2026-07-12T13:30,16.12,14.43,16794.3
2026-07-12,29,14,2026-07,2026-07-12T14:00,18.42,17.18,16977.9
2026-07-12,30,14,2026-07,2026-07-12T14:30,18.05,15.81,17580.9
2026-07-12,31,15,2026-07,2026-07-12T15:00,19.73,17.95,19037.4
2026-07-12,32,15,2026-07,2026-07-12T15:30,20.64,19.0,19049.6
2026-07-12,33,16,2026-07,2026-07-12T16:00,20.78,18.76,19956.4
2026-07-12,34,16,2026-07,2026-07-12T16:30,22.3,20.95,18764.7
2026-07-12,35,17,2026-07,2026-07-12T17:00,21.4,19.74,18140.3
2026-07-12,36,17,2026-07,2026-07-12T17:30,20.05,18.11,17505.3
2026-07-12,37,18,2026-07,2026-07-12T18:00,21.09,18.93,17480.1
2026-07-12,38,18,2026-07,2026-07-12T18:30,19.52,17.81,19263.0
2026-07-12,39,19,2026-07,2026-07-12T19:00,21.86,18.56,17918.0
2026-07-12,40,19,2026-07,2026-07-12T19:30,18.73,16.36,17852.5
2026-07-12,41,20,2026-07,2026-07-12T20:00,17.94,16.08,16274.5
2026-07-12,42,20,2026-07,2026-07-12T20:30,15.72,13.69,16423.3
2026-07-12,43,21,2026-07,2026-07-12T21:00,17.91,15.32,16001.8
2026-07-12,44,21,2026-07,2026-07-12T21:30,15.91,14.53,17499.1
2026-07-12,45,22,2026-07,2026-07-12T22:00,14.59,12.84,16904.6
2026-07-12,46,22,2026-07,2026-07-12T22:30,13.94,12.07,17986.9
2026-07-12,47,23,2026-07,2026-07-12T23:00,14.14,13.21,15809.4
2026-07-12,48,23,2026-07,2026-07-12T23:30,13.04,11.91,15811.3
2026-07-13,1,0,2026-07,2026-07-13T00:00,17.38,15.49,16147.9
2026-07-13,2,0,2026-07,2026-07-13T00:30,15.72,14.25,16909.2
2026-07-13,3,1,2026-07,2026-07-13T01:00,15.86,14.08,16031.6
2026-07-13,4,1,2026-07,2026-07-13T01:30,16.09,14.82,16233.4
2026-07-13,5,2,2026-07,2026-07-13T02:00,17.49,16.05,17013.2
2026-07-13,6,2,2026-07,2026-07-13T02:30,15.43,13.96,17227.2
2026-07-13,7,3,2026-07,2026-07-13T03:00,16.91,15.78,16253.7
2026-07-13,8,3,2026-07,2026-07-13T03:30,17.26,16.27,16564.7
2026-07-13,9,4,2026-07,2026-07-13T04:00,16.05,14.55,16352.2
2026-07-13,10,4,2026-07,2026-07-13T04:30,16.57,15.4,16973.8
2026-07-13,11,5,2026-07,2026-07-13T05:00,14.9,13.71,15970.1
2026-07-13,12,5,2026-07,2026-07-13T05:30,15.58,14.35,15361.8
2026-07-13,13,6,2026-07,2026-07-13T06:00,15.58,13.79,16885.3
2026-07-13,14,6,2026-07,2026-07-13T06:30,15.54,13.95,16281.4
2026-07-13,15,7,2026-07,2026-07-13T07:00,13.85,12.89,16134.2
2026-07-13,16,7,2026-07,2026-07-13T07:30,15.84,14.66,15927.7
2026-07-13,17,8,2026-07,2026-07-13T08:00,14.96,13.93,16074.5
2026-07-13,18,8,2026-07,2026-07-13T08:30,16.48,15.16,16318.0
2026-07-13,19,9,2026-07,2026-07-13T09:00,15.6,14.44,15377.5
2026-07-13,20,9,2026-07,2026-07-13T09:30,16.84,15.25,17138.8
2026-07-13,21,10,2026-07,2026-07-13T10:00,16.75,15.89,16594.7
2026-07-13,22,10,2026-07,2026-07-13T10:30,16.23,14.71,15695.8
2026-07-13,23,11,2026-07,2026-07-13T11:00,16.77,15.11,17045.4
2026-07-13,24,11,2026-07,2026-07-13T11:30,15.83,14.07,15431.2
2026-07-13,25,12,2026-07,2026-07-13T12:00,16.83,15.47,17688.1
2026-07-13,26,12,2026-07,2026-07-13T12:30,19.16,17.16,16533.6
2026-07-13,27,13,2026-07,2026-07-13T13:00,19.67,17.01,17382.2
2026-07-13,28,13,2026-07,2026-07-13T13:30,22.53,19.39,17077.5
2026-07-13,29,14,2026-07,2026-07-13T14:00,23.91,20.8,18007.4
2026-07-13,30,14,2026-07,2026-07-13T14:30,23.01,20.22,19341.1
2026-07-13,31,15,2026-07,2026-07-13T15:00,22.93,20.76,17162.1
2026-07-13,32,15,2026-07,2026-07-13T15:30,28.78,26.07,17760.2
2026-07-13,33,16,2026-07,2026-07-13T16:00,25.35,23.67,19027.9
2026-07-13,34,16,2026-07,2026-07-13T16:30,26.76,23.16,16717.7
2026-07-13,35,17,2026-07,2026-07-13T17:00,25.57,22.64,19497.0
2026-07-13,36,17,2026-07,2026-07-13T17:30,29.0,25.67,19223.5
2026-07-13,37,18,2026-07,2026-07-13T18:00,24.93,22.93,19124.3
2026-07-13,38,18,2026-07,2026-07-13T18:30,25.63,23.18,18552.2
2026-07-13,39,19,2026-07,2026-07-13T19:00,25.9,23.21,17516.6
2026-07-13,40,19,2026-07,2026-07-13T19:30,24.23,22.05,16557.5
2026-07-13,41,20,2026-07,2026-07-13T20:00,21.69,19.06,18009.0
2026-07-13,42,20,2026-07,2026-07-13T20:30,20.07,18.95,16593.8
2026-07-13,43,21,2026-07,2026-07-13T21:00,20.82,17.82,17324.9
2026-07-13,44,21,2026-07,2026-07-13T21:30,19.1,17.09,15175.0
2026-07-13,45,22,2026-07,2026-07-13T22:00,21.15,19.38,17093.2
2026-07-13,46,22,2026-07,2026-07-13T22:30,16.6,15.0,17305.5
2026-07-13,47,23,2026-07,2026-07-13T23:00,17.68,16.13,16934.2
2026-07-13,48,23,2026-07,2026-07-13T23:30,17.98,16.51,16473.3
2026-07-14,1,0,2026-07,2026-07-14T00:00,18.12,16.28,15312.9
2026-07-14,2,0,2026-07,2026-07-14T00:30,18.89,17.41,17212.9
2026-07-14,3,1,2026-07,2026-07-14T01:00,16.55,14.39,17002.9
2026-07-14,4,1,2026-07,2026-07-14T01:30,16.07,14.99,14403.1
2026-07-14,5,2,2026-07,2026-07-14T02:00,15.94,13.89,17113.8
2026-07-14,6,2,2026-07,2026-07-14T02:30,17.98,16.14,15357.6
2026-07-14,7,3,2026-07,2026-07-14T03:00,17.75,15.39,16070.9
2026-07-14,8,3,2026-07,2026-07-14T03:30,18.09,16.71,16631.0
2026-07-14,9,4,2026-07,2026-07-14T04:00,18.22,15.47,15861.7
2026-07-14,10,4,2026-07,2026-07-14T04:30,16.51,13.85,16813.1
2026-07-14,11,5,2026-07,2026-07-14T05:00,16.52,15.11,16542.2
2026-07-14,12,5,2026-07,2026-07-14T05:30,15.91,14.53,16881.1
2026-07-14,13,6,2026-07,2026-07-14T06:00,17.4,16.55,15799.7
2026-07-14,14,6,2026-07,2026-07-14T06:30,16.94,15.29,15709.1
2026-07-14,15,7,2026-07,2026-07-14T07:00,16.91,15.76,14735.5
2026-07-14,16,7,2026-07,2026-07-14T07:30,16.05,14.84,17102.1
2026-07-14,17,8,2026-07,2026-07-14T08:00,16.56,15.13,14811.1
2026-07-14,18,8,2026-07,2026-07-14T08:30,17.92,16.39,17256.5
2026-07-14,19,9,2026-07,2026-07-14T09:00,20.93,18.3,17329.7
2026-07-14,20,9,2026-07,2026-07-14T09:30,17.84,15.42,15662.5
2026-07-14,21,10,2026-07,2026-07-14T10:00,17.36,15.18,17985.1
2026-07-14,22,10,2026-07,2026-07-14T10:30,18.36,16.17,17005.9
2026-07-14,23,11,2026-07,2026-07-14T11:00,18.69,16.78,16442.1
2026-07-14,24,11,2026-07,2026-07-14T11:30,20.09,18.13,16454.3
2026-07-14,25,12,2026-07,2026-07-14T12:00,18.55,16.49,16744.4
2026-07-14,26,12,2026-07,2026-07-14T12:30,19.4,17.76,15721.4
2026-07-14,27,13,2026-07,2026-07-14T13:00,21.14,20.17,17293.2
2026-07-14,28,13,2026-07,2026-07-14T13:30,22.98,21.17,18137.9
2026-07-14,29,14,2026-07,2026-07-14T14:00,23.97,21.88,17419.0
2026-07-14,30,14,2026-07,2026-07-14T14:30,25.61,23.68,16529.3
2026-07-14,31,15,2026-07,2026-07-14T15:00,24.7,20.97,16404.9
2026-07-14,32,15,2026-07,2026-07-14T15:30,26.89,23.3,18242.1
2026-07-14,33,16,2026-07,2026-07-14T16:00,29.96,27.03,18977.5
2026-07-14,34,16,2026-07,2026-07-14T16:30,29.46,26.99,18949.3
2026-07-14,35,17,2026-07,2026-07-14T17:00,30.64,27.95,18472.1
2026-07-14,36,17,2026-07,2026-07-14T17:30,29.01,25.08,18656.7
2026-07-14,37,18,2026-07,2026-07-14T18:00,28.29,24.88,19069.6
2026-07-14,38,18,2026-07,2026-07-14T18:30,28.18,25.37,18050.6
2026-07-14,39,19,2026-07,2026-07-14T19:00,25.42,22.29,14792.2
2026-07-14,40,19,2026-07,2026-07-14T19:30,25.7,23.8,16982.7
2026-07-14,41,20,2026-07,2026-07-14T20:00,25.97,23.16,18450.7
2026-07-14,42,20,2026-07,2026-07-14T20:30,22.54,20.42,18326.4
2026-07-14,43,21,2026-07,2026-07-14T21:00,21.25,20.06,15961.8
2026-07-14,44,21,2026-07,2026-07-14T21:30,19.37,18.5,16640.5
2026-07-14,45,22,2026-07,2026-07-14T22:00,23.06,20.04,16947.3
2026-07-14,46,22,2026-07,2026-07-14T22:30,18.55,16.91,16690.9
2026-07-14,47,23,2026-07,2026-07-14T23:00,21.2,20.4,14526.6
2026-07-14,48,23,2026-07,2026-07-14T23:30,17.09,15.02,16307.8
2026-07-15,1,0,2026-07,2026-07-15T00:00,15.73,13.82,17209.6
2026-07-15,2,0,2026-07,2026-07-15T00:30,18.47,16.24,16714.3
2026-07-15,3,1,2026-07,2026-07-15T01:00,15.7,14.46,16938.7
2026-07-15,4,1,2026-07,2026-07-15T01:30,18.77,16.77,16084.7
2026-07-15,5,2,2026-07,2026-07-15T02:00,16.35,13.51,15416.4
2026-07-15,6,2,2026-07,2026-07-15T02:30,16.9,14.97,15942.8
2026-07-15,7,3,2026-07,2026-07-15T03:00,17.11,14.94,16209.5
2026-07-15,8,3,2026-07,2026-07-15T03:30,16.93,15.11,16777.8
2026-07-15,9,4,2026-07,2026-07-15T04:00,19.13,15.83,16353.4
2026-07-15,10,4,2026-07,2026-07-15T04:30,15.4,13.99,16699.9
2026-07-15,11,5,2026-07,2026-07-15T05:00,16.51,14.62,14944.3
2026-07-15,12,5,2026-07,2026-07-15T05:30,16.58,14.46,15915.2
2026-07-15,13,6,2026-07,2026-07-15T06:00,16.27,14.33,17656.1
2026-07-15,14,6,2026-07,2026-07-15T06:30,15.97,14.42,15004.0
2026-07-15,15,7,2026-07,2026-07-15T07:00,14.36,12.84,15116.6
2026-07-15,16,7,2026-07,2026-07-15T07:30,15.46,13.69,15562.1
2026-07-15,17,8,2026-07,2026-07-15T08:00,17.95,16.55,16022.0
2026-07-15,18,8,2026-07,2026-07-15T08:30,18.52,17.03,16055.5
2026-07-15,19,9,2026-07,2026-07-15T09:00,16.83,15.24,15344.8
2026-07-15,20,9,2026-07,2026-07-15T09:30,17.39,15.91,16050.6
2026-07-15,21,10,2026-07,2026-07-15T10:00,17.3,15.81,16414.4
2026-07-15,22,10,2026-07,2026-07-15T10:30,16.17,15.06,16866.1
2026-07-15,23,11,2026-07,2026-07-15T11:00,17.59,16.25,16407.5
2026-07-15,24,11,2026-07,2026-07-15T11:30,16.99,15.32,17274.8
2026-07-15,25,12,2026-07,2026-07-15T12:00,16.91,14.43,17564.9
2026-07-15,26,12,2026-07,2026-07-15T12:30,20.22,18.27,15881.7
2026-07-15,27,13,2026-07,2026-07-15T13:00,20.19,18.59,17301.1
2026-07-15,28,13,2026-07,2026-07-15T13:30,21.75,20.68,17612.2
2026-07-15,29,14,2026-07,2026-07-15T14:00,20.37,19.04,16323.6
2026-07-15,30,14,2026-07,2026-07-15T14:30,22.03,20.81,16384.5
2026-07-15,31,15,2026-07,2026-07-15T15:00,23.89,22.79,19349.1
2026-07-15,32,15,2026-07,2026-07-15T15:30,26.35,24.28,17390.5
2026-07-15,33,16,2026-07,2026-07-15T16:00,28.18,25.38,18841.6
2026-07-15,34,16,2026-07,2026-07-15T16:30,25.44,23.33,18610.8
2026-07-15,35,17,2026-07,2026-07-15T17:00,26.23,23.89,18895.9
2026-07-15,36,17,2026-07,2026-07-15T17:30,26.39,23.4,18880.1
2026-07-15,37,18,2026-07,2026-07-15T18:00,24.54,21.76,17796.8
2026-07-15,38,18,2026-07,2026-07-15T18:30,26.59,23.25,18002.3
2026-07-15,39,19,2026-07,2026-07-15T19:00,25.73,22.78,17352.0
2026-07-15,40,19,2026-07,2026-07-15T19:30,26.36,23.22,16760.0
2026-07-15,41,20,2026-07,2026-07-15T20:00,22.28,18.93,18084.3
2026-07-15,42,20,2026-07,2026-07-15T20:30,20.96,19.38,17907.6
2026-07-15,43,21,2026-07,2026-07-15T21:00,20.26,18.51,16765.3
2026-07-15,44,21,2026-07,2026-07-15T21:30,19.93,17.81,16212.6
2026-07-15,45,22,2026-07,2026-07-15T22:00,17.92,16.53,15874.1
2026-07-15,46,22,2026-07,2026-07-15T22:30,20.09,18.64,15888.3
2026-07-15,47,23,2026-07,2026-07-15T23:00,17.68,15.98,16571.6
2026-07-15,48,23,2026-07,2026-07-15T23:30,18.3,15.98,16278.0
2026-07-16,1,0,2026-07,2026-07-16T00:00,22.91,20.99,15183.3
2026-07-16,2,0,2026-07,2026-07-16T00:30,21.11,19.11,15418.0
2026-07-16,3,1,2026-07,2026-07-16T01:00,21.26,19.21,16411.4
2026-07-16,4,1,2026-07,2026-07-16T01:30,21.99,20.38,15234.4
2026-07-16,5,2,2026-07,2026-07-16T02:00,24.34,20.4,15065.0
2026-07-16,6,2,2026-07,2026-07-16T02:30,21.68,19.13,18062.2
2026-07-16,7,3,2026-07,2026-07-16T03:00,19.99,18.38,16321.7
2026-07-16,8,3,2026-07,2026-07-16T03:30,21.32,18.7,16749.0
2026-07-16,9,4,2026-07,2026-07-16T04:00,21.16,19.54,15325.5
2026-07-16,10,4,2026-07,2026-07-16T04:30,20.55,17.95,17193.8
2026-07-16,11,5,2026-07,2026-07-16T05:00,22.84,20.28,16694.4
2026-07-16,12,5,2026-07,2026-07-16T05:30,19.85,17.9,15532.4
2026-07-16,13,6,2026-07,2026-07-16T06:00,20.75,19.26,16386.2
2026-07-16,14,6,2026-07,2026-07-16T06:30,18.48,16.67,16131.7
2026-07-16,15,7,2026-07,2026-07-16T07:00,22.69,20.96,16603.1
2026-07-16,16,7,2026-07,2026-07-16T07:30,20.67,18.35,15483.3
2026-07-16,17,8,2026-07,2026-07-16T08:00,22.0,20.05,15787.6
2026-07-16,18,8,2026-07,2026-07-16T08:30,23.05,20.43,15965.6
2026-07-16,19,9,2026-07,2026-07-16T09:00,21.57,19.09,17275.6
2026-07-16,20,9,2026-07,2026-07-16T09:30,22.62,21.24,15815.7
2026-07-16,21,10,2026-07,2026-07-16T10:00,22.95,20.96,16085.5
2026-07-16,22,10,2026-07,2026-07-16T10:30,23.08,20.25,17153.7
2026-07-16,23,11,2026-07,2026-07-16T11:00,22.22,20.04,15522.0
2026-07-16,24,11,2026-07,2026-07-16T11:30,21.77,19.18,16191.3
2026-07-16,25,12,2026-07,2026-07-16T12:00,23.63,21.1,16631.6
2026-07-16,26,12,2026-07,2026-07-16T12:30,24.75,22.05,16779.5
2026-07-16,27,13,2026-07,2026-07-16T13:00,25.99,22.76,17640.9
2026-07-16,28,13,2026-07,2026-07-16T13:30,30.33,25.02,17741.8
2026-07-16,29,14,2026-07,2026-07-16T14:00,32.01,26.84,16780.4
2026-07-16,30,14,2026-07,2026-07-16T14:30,33.25,28.52,17777.6
2026-07-16,31,15,2026-07,2026-07-16T15:00,33.88,28.46,17332.2
2026-07-16,32,15,2026-07,2026-07-16T15:30,37.83,33.75,18564.3
2026-07-16,33,16,2026-07,2026-07-16T16:00,36.56,31.56,19879.3
2026-07-16,34,16,2026-07,2026-07-16T16:30,34.43,29.4,19667.4
2026-07-16,35,17,2026-07,2026-07-16T17:00,37.24,32.21,18761.5
2026-07-16,36,17,2026-07,2026-07-16T17:30,35.44,30.95,18757.2
2026-07-16,37,18,2026-07,2026-07-16T18:00,37.45,31.66,19390.0
2026-07-16,38,18,2026-07,2026-07-16T18:30,36.36,31.4,18032.0
2026-07-16,39,19,2026-07,2026-07-16T19:00,32.32,29.14,18180.9
2026-07-16,40,19,2026-07,2026-07-16T19:30,32.02,28.38,17802.3
2026-07-16,41,20,2026-07,2026-07-16T20:00,29.98,24.55,18965.0
2026-07-16,42,20,2026-07,2026-07-16T20:30,27.96,24.71,17133.3
2026-07-16,43,21,2026-07,2026-07-16T21:00,26.85,24.44,17371.4
2026-07-16,44,21,2026-07,2026-07-16T21:30,26.1,24.03,17116.1
2026-07-16,45,22,2026-07,2026-07-16T22:00,23.45,21.34,16139.1
2026-07-16,46,22,2026-07,2026-07-16T22:30,22.65,21.15,17525.0
2026-07-16,47,23,2026-07,2026-07-16T23:00,22.27,19.36,16062.9
2026-07-16,48,23,2026-07,2026-07-16T23:30,22.34,20.18,16699.4
2026-07-17,1,0,2026-07,2026-07-17T00:00,21.6,19.02,15910.2
2026-07-17,2,0,2026-07,2026-07-17T00:30,18.87,16.7,16447.9
2026-07-17,3,1,2026-07,2026-07-17T01:00,20.34,18.36,17059.0
2026-07-17,4,1,2026-07,2026-07-17T01:30,19.22,17.07,15790.1
2026-07-17,5,2,2026-07,2026-07-17T02:00,18.9,16.94,15941.1
2026-07-17,6,2,2026-07,2026-07-17T02:30,19.37,16.96,15386.6
2026-07-17,7,3,2026-07,2026-07-17T03:00,19.5,16.73,16058.2
2026-07-17,8,3,2026-07,2026-07-17T03:30,18.95,17.35,16972.1
2026-07-17,9,4,2026-07,2026-07-17T04:00,19.09,16.68,16759.8
2026-07-17,10,4,2026-07,2026-07-17T04:30,19.85,18.55,17809.0
2026-07-17,11,5,2026-07,2026-07-17T05:00,18.64,16.67,14874.4
2026-07-17,12,5,2026-07,2026-07-17T05:30,20.08,18.88,15579.2
2026-07-17,13,6,2026-07,2026-07-17T06:00,18.89,17.08,15642.6
2026-07-17,14,6,2026-07,2026-07-17T06:30,18.16,15.58,16792.9
2026-07-17,15,7,2026-07,2026-07-17T07:00,17.6,15.58,16120.1
2026-07-17,16,7,2026-07,2026-07-17T07:30,16.54,15.21,15094.7
2026-07-17,17,8,2026-07,2026-07-17T08:00,18.65,16.03,16508.5
2026-07-17,18,8,2026-07,2026-07-17T08:30,19.36,17.73,16903.4
2026-07-17,19,9,2026-07,2026-07-17T09:00,18.8,16.81,15421.0
2026-07-17,20,9,2026-07,2026-07-17T09:30,19.46,17.71,15573.2
2026-07-17,21,10,2026-07,2026-07-17T10:00,20.35,18.47,16534.9
2026-07-17,22,10,2026-07,2026-07-17T10:30,19.87,17.96,16278.9
2026-07-17,23,11,2026-07,2026-07-17T11:00,19.95,18.06,16004.8
2026-07-17,24,11,2026-07,2026-07-17T11:30,20.08,18.4,16261.1
2026-07-17,25,12,2026-07,2026-07-17T12:00,22.5,20.42,16541.5
2026-07-17,26,12,2026-07,2026-07-17T12:30,21.06,18.29,16387.6
2026-07-17,27,13,2026-07,2026-07-17T13:00,23.99,21.29,16731.0
2026-07-17,28,13,2026-07,2026-07-17T13:30,26.27,23.38,18680.7
2026-07-17,29,14,2026-07,2026-07-17T14:00,24.69,22.15,18232.7
2026-07-17,30,14,2026-07,2026-07-17T14:30,27.42,23.97,18127.0
2026-07-17,31,15,2026-07,2026-07-17T15:00,30.23,27.21,18571.1
2026-07-17,32,15,2026-07,2026-07-17T15:30,32.09,28.87,18083.3
2026-07-17,33,16,2026-07,2026-07-17T16:00,32.93,30.0,15270.9
2026-07-17,34,16,2026-07,2026-07-17T16:30,30.63,25.76,19904.7
2026-07-17,35,17,2026-07,2026-07-17T17:00,30.41,26.18,19190.5
2026-07-17,36,17,2026-07,2026-07-17T17:30,34.29,30.18,18253.6
2026-07-17,37,18,2026-07,2026-07-17T18:00,33.02,29.14,18025.5
2026-07-17,38,18,2026-07,2026-07-17T18:30,30.78,27.66,18069.9
2026-07-17,39,19,2026-07,2026-07-17T19:00,28.4,26.82,17773.3
2026-07-17,40,19,2026-07,2026-07-17T19:30,26.91,22.9,18322.2
2026-07-17,41,20,2026-07,2026-07-17T20:00,26.97,23.21,18382.5
2026-07-17,42,20,2026-07,2026-07-17T20:30,25.09,22.67,17371.6
2026-07-17,43,21,2026-07,2026-07-17T21:00,23.08,21.47,16937.2
2026-07-17,44,21,2026-07,2026-07-17T21:30,23.96,21.06,16349.5
2026-07-17,45,22,2026-07,2026-07-17T22:00,23.41,21.41,17089.7
2026-07-17,46,22,2026-07,2026-07-17T22:30,20.34,18.03,16400.6
2026-07-17,47,23,2026-07,2026-07-17T23:00,21.42,18.58,16884.7
2026-07-17,48,23,2026-07,2026-07-17T23:30,19.72,18.72,17491.6
2026-07-18,1,0,2026-07,2026-07-18T00:00,16.06,14.53,16736.6
2026-07-18,2,0,2026-07,2026-07-18T00:30,15.51,14.06,17036.4
2026-07-18,3,1,2026-07,2026-07-18T01:00,15.79,14.1,15957.4
2026-07-18,4,1,2026-07,2026-07-18T01:30,14.52,13.91,15267.0
2026-07-18,5,2,2026-07,2026-07-18T02:00,14.89,13.24,14551.4
2026-07-18,6,2,2026-07,2026-07-18T02:30,16.17,14.63,14547.7
2026-07-18,7,3,2026-07,2026-07-18T03:00,15.26,13.96,16666.2
2026-07-18,8,3,2026-07,2026-07-18T03:30,15.42,13.94,15356.8
2026-07-18,9,4,2026-07,2026-07-18T04:00,16.32,15.47,16190.4
2026-07-18,10,4,2026-07,2026-07-18T04:30,15.54,13.78,15759.1
2026-07-18,11,5,2026-07,2026-07-18T05:00,14.19,12.56,16352.7
2026-07-18,12,5,2026-07,2026-07-18T05:30,14.06,13.23,14116.9
2026-07-18,13,6,2026-07,2026-07-18T06:00,14.23,12.85,15409.1
2026-07-18,14,6,2026-07,2026-07-18T06:30,14.64,12.82,14912.4
2026-07-18,15,7,2026-07,2026-07-18T07:00,14.14,12.9,16869.7
2026-07-18,16,7,2026-07,2026-07-18T07:30,14.59,12.64,16828.1
2026-07-18,17,8,2026-07,2026-07-18T08:00,15.51,13.76,17490.7
2026-07-18,18,8,2026-07,2026-07-18T08:30,16.59,14.32,15036.0
2026-07-18,19,9,2026-07,2026-07-18T09:00,16.64,15.07,14559.7
2026-07-18,20,9,2026-07,2026-07-18T09:30,15.88,14.78,16706.5
2026-07-18,21,10,2026-07,2026-07-18T10:00,14.51,12.79,15872.6
2026-07-18,22,10,2026-07,2026-07-18T10:30,15.7,15.34,16418.8
2026-07-18,23,11,2026-07,2026-07-18T11:00,14.26,12.57,17092.2
2026-07-18,24,11,2026-07,2026-07-18T11:30,13.85,12.26,15803.6
2026-07-18,25,12,2026-07,2026-07-18T12:00,15.88,14.12,16420.7
2026-07-18,26,12,2026-07,2026-07-18T12:30,16.32,14.57,17402.6
2026-07-18,27,13,2026-07,2026-07-18T13:00,18.36,16.74,17267.0
2026-07-18,28,13,2026-07,2026-07-18T13:30,20.18,18.44,18492.6
2026-07-18,29,14,2026-07,2026-07-18T14:00,19.36,17.3,17051.7
2026-07-18,30,14,2026-07,2026-07-18T14:30,19.44,17.24,16984.5
2026-07-18,31,15,2026-07,2026-07-18T15:00,21.02,18.08,18358.9
2026-07-18,32,15,2026-07,2026-07-18T15:30,22.92,20.23,19150.1
2026-07-18,33,16,2026-07,2026-07-18T16:00,26.32,22.48,18118.9
2026-07-18,34,16,2026-07,2026-07-18T16:30,23.87,21.82,18216.6
2026-07-18,35,17,2026-07,2026-07-18T17:00,23.97,22.69,16796.1
2026-07-18,36,17,2026-07,2026-07-18T17:30,23.71,21.65,19232.7
2026-07-18,37,18,2026-07,2026-07-18T18:00,22.49,20.84,19564.3
2026-07-18,38,18,2026-07,2026-07-18T18:30,24.23,22.48,17476.5
2026-07-18,39,19,2026-07,2026-07-18T19:00,22.57,20.36,18748.8
2026-07-18,40,19,2026-07,2026-07-18T19:30,21.45,19.77,19241.0
2026-07-18,41,20,2026-07,2026-07-18T20:00,22.1,20.28,18282.2
2026-07-18,42,20,2026-07,2026-07-18T20:30,18.92,16.75,15552.0
2026-07-18,43,21,2026-07,2026-07-18T21:00,16.11,14.2,17192.2
2026-07-18,44,21,2026-07,2026-07-18T21:30,17.99,16.74,16242.7
2026-07-18,45,22,2026-07,2026-07-18T22:00,16.36,14.45,15889.4
2026-07-18,46,22,2026-07,2026-07-18T22:30,16.88,15.42,17123.8
2026-07-18,47,23,2026-07,2026-07-18T23:00,14.29,13.13,16395.8
2026-07-18,48,23,2026-07,2026-07-18T23:30,15.11,13.43,15884.8
2026-07-19,1,0,2026-07,2026-07-19T00:00,15.13,13.8,15637.0
2026-07-19,2,0,2026-07,2026-07-19T00:30,16.09,13.99,17010.7
2026-07-19,3,1,2026-07,2026-07-19T01:00,17.31,16.16,15921.1
2026-07-19,4,1,2026-07,2026-07-19T01:30,14.45,13.13,17717.6
2026-07-19,5,2,2026-07,2026-07-19T02:00,16.91,15.35,16784.1
2026-07-19,6,2,2026-07,2026-07-19T02:30,16.54,15.44,16570.3
2026-07-19,7,3,2026-07,2026-07-19T03:00,15.55,13.93,15051.9
2026-07-19,8,3,2026-07,2026-07-19T03:30,15.76,13.75,15911.5
2026-07-19,9,4,2026-07,2026-07-19T04:00,16.31,14.21,16636.3
2026-07-19,10,4,2026-07,2026-07-19T04:30,15.39,14.57,15702.0
2026-07-19,11,5,2026-07,2026-07-19T05:00,14.82,14.26,15838.7
2026-07-19,12,5,2026-07,2026-07-19T05:30,15.64,13.74,16240.0
2026-07-19,13,6,2026-07,2026-07-19T06:00,14.62,13.43,16343.5
2026-07-19,14,6,2026-07,2026-07-19T06:30,13.83,12.39,15551.1
2026-07-19,15,7,2026-07,2026-07-19T07:00,14.74,13.14,15138.1
2026-07-19,16,7,2026-07,2026-07-19T07:30,14.68,13.44,15829.5
2026-07-19,17,8,2026-07,2026-07-19T08:00,14.67,13.69,16293.3
2026-07-19,18,8,2026-07,2026-07-19T08:30,15.32,13.97,16002.5
2026-07-19,19,9,2026-07,2026-07-19T09:00,16.22,14.26,15915.9
2026-07-19,20,9,2026-07,2026-07-19T09:30,17.01,15.23,16892.9
2026-07-19,21,10,2026-07,2026-07-19T10:00,16.29,15.04,15481.5
2026-07-19,22,10,2026-07,2026-07-19T10:30,17.46,15.0,16468.1
2026-07-19,23,11,2026-07,2026-07-19T11:00,16.49,14.93,17162.7
2026-07-19,24,11,2026-07,2026-07-19T11:30,17.72,16.89,14849.8
2026-07-19,25,12,2026-07,2026-07-19T12:00,15.69,14.49,16296.9
2026-07-19,26,12,2026-07,2026-07-19T12:30,17.17,14.38,17066.5
2026-07-19,27,13,2026-07,2026-07-19T13:00,20.09,18.2,15882.0
2026-07-19,28,13,2026-07,2026-07-19T13:30,20.86,19.45,18188.7
2026-07-19,29,14,2026-07,2026-07-19T14:00,22.28,20.93,16732.4
2026-07-19,30,14,2026-07,2026-07-19T14:30,22.2,20.41,16991.1
2026-07-19,31,15,2026-07,2026-07-19T15:00,22.86,20.87,18427.2
2026-07-19,32,15,2026-07,2026-07-19T15:30,26.1,22.67,17608.4
2026-07-19,33,16,2026-07,2026-07-19T16:00,28.07,24.98,17350.9
2026-07-19,34,16,2026-07,2026-07-19T16:30,25.88,23.66,17641.1
2026-07-19,35,17,2026-07,2026-07-19T17:00,27.23,24.45,16908.9
2026-07-19,36,17,2026-07,2026-07-19T17:30,24.52,22.17,18079.1
2026-07-19,37,18,2026-07,2026-07-19T18:00,26.14,22.44,18204.3
2026-07-19,38,18,2026-07,2026-07-19T18:30,24.01,22.56,16757.0
2026-07-19,39,19,2026-07,2026-07-19T19:00,22.17,18.85,19344.4
2026-07-19,40,19,2026-07,2026-07-19T19:30,22.31,20.64,18338.1
2026-07-19,41,20,2026-07,2026-07-19T20:00,22.06,19.12,17383.7
2026-07-19,42,20,2026-07,2026-07-19T20:30,19.82,17.57,18390.9
2026-07-19,43,21,2026-07,2026-07-19T21:00,19.17,17.77,17972.2
2026-07-19,44,21,2026-07,2026-07-19T21:30,18.37,16.47,16420.3
2026-07-19,45,22,2026-07,2026-07-19T22:00,16.64,15.11,15876.9
2026-07-19,46,22,2026-07,2026-07-19T22:30,18.41,16.57,17292.9
2026-07-19,47,23,2026-07,2026-07-19T23:00,15.32,13.14,17936.3
2026-07-19,48,23,2026-07,2026-07-19T23:30,16.23,14.6,16061.0
2026-07-20,1,0,2026-07,2026-07-20T00:00,20.54,18.92,15672.5
2026-07-20,2,0,2026-07,2026-07-20T00:30,21.48,19.19,16797.7
2026-07-20,3,1,2026-07,2026-07-20T01:00,19.49,17.31,15029.9
2026-07-20,4,1,2026-07,2026-07-20T01:30,21.57,19.14,16419.0
2026-07-20,5,2,2026-07,2026-07-20T02:00,20.03,17.97,16306.6
2026-07-20,6,2,2026-07,2026-07-20T02:30,19.58,17.42,17323.4
2026-07-20,7,3,2026-07,2026-07-20T03:00,19.3,17.79,15166.2
2026-07-20,8,3,2026-07,2026-07-20T03:30,18.26,16.54,15669.2
2026-07-20,9,4,2026-07,2026-07-20T04:00,19.81,17.49,15725.6
2026-07-20,10,4,2026-07,2026-07-20T04:30,20.82,18.56,16932.0
2026-07-20,11,5,2026-07,2026-07-20T05:00,20.33,18.69,15149.5
2026-07-20,12,5,2026-07,2026-07-20T05:30,20.51,17.75,15423.2
2026-07-20,13,6,2026-07,2026-07-20T06:00,17.49,16.14,17255.5
2026-07-20,14,6,2026-07,2026-07-20T06:30,19.21,18.43,16199.2
2026-07-20,15,7,2026-07,2026-07-20T07:00,17.87,16.47,16278.5
2026-07-20,16,7,2026-07,2026-07-20T07:30,19.39,16.84,16643.7
2026-07-20,17,8,2026-07,2026-07-20T08:00,19.96,18.71,15728.8
2026-07-20,18,8,2026-07,2026-07-20T08:30,20.68,17.85,15639.0
2026-07-20,19,9,2026-07,2026-07-20T09:00,20.6,18.61,16937.8
2026-07-20,20,9,2026-07,2026-07-20T09:30,19.0,17.79,16001.4
2026-07-20,21,10,2026-07,2026-07-20T10:00,20.4,18.36,17540.5
2026-07-20,22,10,2026-07,2026-07-20T10:30,20.01,17.25,15860.9
2026-07-20,23,11,2026-07,2026-07-20T11:00,20.86,18.73,15390.6
2026-07-20,24,11,2026-07,2026-07-20T11:30,20.39,18.83,15055.2
2026-07-20,25,12,2026-07,2026-07-20T12:00,21.41,19.76,17357.7
2026-07-20,26,12,2026-07,2026-07-20T12:30,22.33,19.46,16515.5
2026-07-20,27,13,2026-07,2026-07-20T13:00,23.83,21.9,17481.1
2026-07-20,28,13,2026-07,2026-07-20T13:30,26.05,23.53,16945.9
2026-07-20,29,14,2026-07,2026-07-20T14:00,25.25,22.38,17610.0
2026-07-20,30,14,2026-07,2026-07-20T14:30,28.96,25.87,17552.5
2026-07-20,31,15,2026-07,2026-07-20T15:00,30.68,27.4,17805.2
2026-07-20,32,15,2026-07,2026-07-20T15:30,29.26,27.01,18823.8
2026-07-20,33,16,2026-07,2026-07-20T16:00,33.61,30.01,17057.1
2026-07-20,34,16,2026-07,2026-07-20T16:30,34.59,30.67,18359.9
2026-07-20,35,17,2026-07,2026-07-20T17:00,31.59,28.28,18526.5
2026-07-20,36,17,2026-07,2026-07-20T17:30,33.34,29.05,19274.8
2026-07-20,37,18,2026-07,2026-07-20T18:00,32.86,28.95,16845.4
2026-07-20,38,18,2026-07,2026-07-20T18:30,35.74,33.22,18629.1
2026-07-20,39,19,2026-07,2026-07-20T19:00,30.88,27.34,18491.7
2026-07-20,40,19,2026-07,2026-07-20T19:30,31.38,28.02,19953.6
2026-07-20,41,20,2026-07,2026-07-20T20:00,26.73,23.78,17107.4
2026-07-20,42,20,2026-07,2026-07-20T20:30,25.26,22.36,18555.4
2026-07-20,43,21,2026-07,2026-07-20T21:00,24.39,22.11,18091.1
2026-07-20,44,21,2026-07,2026-07-20T21:30,24.21,19.71,17864.0
2026-07-20,45,22,2026-07,2026-07-20T22:00,23.43,21.47,16472.9
2026-07-20,46,22,2026-07,2026-07-20T22:30,22.2,19.39,16969.2
2026-07-20,47,23,2026-07,2026-07-20T23:00,20.78,19.72,17397.6
2026-07-20,48,23,2026-07,2026-07-20T23:30,21.45,20.03,16078.4
2026-07-21,1,0,2026-07,2026-07-21T00:00,20.98,18.06,17443.4
2026-07-21,2,0,2026-07,2026-07-21T00:30,22.15,19.89,16930.0
2026-07-21,3,1,2026-07,2026-07-21T01:00,20.49,19.9,15451.4
2026-07-21,4,1,2026-07,2026-07-21T01:30,19.85,19.21,14976.6
2026-07-21,5,2,2026-07,2026-07-21T02:00,19.46,16.69,16659.8
2026-07-21,6,2,2026-07,2026-07-21T02:30,20.3,18.0,17331.7
2026-07-21,7,3,2026-07,2026-07-21T03:00,21.35,19.69,17311.4
2026-07-21,8,3,2026-07,2026-07-21T03:30,18.87,17.35,15576.0
2026-07-21,9,4,2026-07,2026-07-21T04:00,19.36,17.62,16618.1
2026-07-21,10,4,2026-07,2026-07-21T04:30,20.7,17.94,16229.5
2026-07-21,11,5,2026-07,2026-07-21T05:00,19.6,17.89,17948.2
2026-07-21,12,5,2026-07,2026-07-21T05:30,19.2,17.66,18068.5
2026-07-21,13,6,2026-07,2026-07-21T06:00,18.85,16.58,16868.7
2026-07-21,14,6,2026-07,2026-07-21T06:30,20.21,18.13,15933.6
2026-07-21,15,7,2026-07,2026-07-21T07:00,20.19,17.85,16989.0
2026-07-21,16,7,2026-07,2026-07-21T07:30,19.67,17.69,16793.0
2026-07-21,17,8,2026-07,2026-07-21T08:00,20.31,18.73,17849.9
2026-07-21,18,8,2026-07,2026-07-21T08:30,21.97,19.78,17537.8
2026-07-21,19,9,2026-07,2026-07-21T09:00,21.53,19.67,16444.7
2026-07-21,20,9,2026-07,2026-07-21T09:30,22.12,20.48,15644.9
2026-07-21,21,10,2026-07,2026-07-21T10:00,21.95,19.76,17987.1
2026-07-21,22,10,2026-07,2026-07-21T10:30,22.34,19.79,15434.0
2026-07-21,23,11,2026-07,2026-07-21T11:00,22.86,20.15,16303.8
2026-07-21,24,11,2026-07,2026-07-21T11:30,19.43,17.55,15760.3
2026-07-21,25,12,2026-07,2026-07-21T12:00,23.48,20.37,16630.8
2026-07-21,26,12,2026-07,2026-07-21T12:30,22.32,19.41,17803.1
2026-07-21,27,13,2026-07,2026-07-21T13:00,26.89,24.77,17621.4
2026-07-21,28,13,2026-07,2026-07-21T13:30,29.3,26.38,17208.2
2026-07-21,29,14,2026-07,2026-07-21T14:00,26.32,24.7,17430.1
2026-07-21,30,14,2026-07,2026-07-21T14:30,27.45,24.32,18126.4
2026-07-21,31,15,2026-07,2026-07-21T15:00,31.26,26.39,17874.7
2026-07-21,32,15,2026-07,2026-07-21T15:30,34.58,31.38,17323.7
2026-07-21,33,16,2026-07,2026-07-21T16:00,33.29,30.48,19884.7
2026-07-21,34,16,2026-07,2026-07-21T16:30,33.52,31.9,20428.0
2026-07-21,35,17,2026-07,2026-07-21T17:00,36.1,32.98,19641.5
2026-07-21,36,17,2026-07,2026-07-21T17:30,31.86,29.06,18422.3
2026-07-21,37,18,2026-07,2026-07-21T18:00,33.29,30.0,19633.3
2026-07-21,38,18,2026-07,2026-07-21T18:30,31.89,27.34,18020.5
2026-07-21,39,19,2026-07,2026-07-21T19:00,31.78,27.8,17758.4
2026-07-21,40,19,2026-07,2026-07-21T19:30,30.83,27.57,16461.2
2026-07-21,41,20,2026-07,2026-07-21T20:00,27.77,25.28,16995.9
2026-07-21,42,20,2026-07,2026-07-21T20:30,26.68,23.45,15494.0
2026-07-21,43,21,2026-07,2026-07-21T21:00,29.22,25.21,16925.5
2026-07-21,44,21,2026-07,2026-07-21T21:30,22.63,19.73,16586.5
2026-07-21,45,22,2026-07,2026-07-21T22:00,22.86,19.8,17339.5
2026-07-21,46,22,2026-07,2026-07-21T22:30,21.52,20.13,17535.6
2026-07-21,47,23,2026-07,2026-07-21T23:00,22.27,20.47,15867.2
2026-07-21,48,23,2026-07,2026-07-21T23:30,23.94,21.48,16397.7
2026-07-22,1,0,2026-07,2026-07-22T00:00,22.23,19.49,17678.9
2026-07-22,2,0,2026-07,2026-07-22T00:30,20.23,18.02,16054.8
2026-07-22,3,1,2026-07,2026-07-22T01:00,22.87,20.79,16203.4
2026-07-22,4,1,2026-07,2026-07-22T01:30,20.58,19.04,15070.0
2026-07-22,5,2,2026-07,2026-07-22T02:00,20.33,18.41,15756.9
2026-07-22,6,2,2026-07,2026-07-22T02:30,21.95,18.83,17597.5
2026-07-22,7,3,2026-07,2026-07-22T03:00,20.79,18.2,15465.5
2026-07-22,8,3,2026-07,2026-07-22T03:30,20.72,19.84,16902.9
2026-07-22,9,4,2026-07,2026-07-22T04:00,19.69,17.57,14635.6
2026-07-22,10,4,2026-07,2026-07-22T04:30,21.24,19.0,16640.1
2026-07-22,11,5,2026-07,2026-07-22T05:00,18.99,16.95,15811.2
2026-07-22,12,5,2026-07,2026-07-22T05:30,19.33,18.35,16950.8
2026-07-22,13,6,2026-07,2026-07-22T06:00,19.79,17.31,15577.5
2026-07-22,14,6,2026-07,2026-07-22T06:30,19.67,16.96,16250.5
2026-07-22,15,7,2026-07,2026-07-22T07:00,21.32,19.43,16260.2
2026-07-22,16,7,2026-07,2026-07-22T07:30,18.82,16.56,17181.9
2026-07-22,17,8,2026-07,2026-07-22T08:00,19.9,18.07,16489.9
2026-07-22,18,8,2026-07,2026-07-22T08:30,19.93,19.02,16070.4
2026-07-22,19,9,2026-07,2026-07-22T09:00,22.46,20.83,15786.0
2026-07-22,20,9,2026-07,2026-07-22T09:30,20.82,18.09,16985.0
2026-07-22,21,10,2026-07,2026-07-22T10:00,22.79,21.79,15871.9
2026-07-22,22,10,2026-07,2026-07-22T10:30,24.49,21.88,16281.9
2026-07-22,23,11,2026-07,2026-07-22T11:00,22.95,20.59,16732.1
2026-07-22,24,11,2026-07,2026-07-22T11:30,22.04,19.03,15657.5
2026-07-22,25,12,2026-07,2026-07-22T12:00,22.34,20.36,15873.3
2026-07-22,26,12,2026-07,2026-07-22T12:30,23.45,21.35,17607.2
2026-07-22,27,13,2026-07,2026-07-22T13:00,25.53,24.2,15985.9
2026-07-22,28,13,2026-07,2026-07-22T13:30,26.03,22.9,17161.9
2026-07-22,29,14,2026-07,2026-07-22T14:00,29.4,25.79,17358.2
2026-07-22,30,14,2026-07,2026-07-22T14:30,34.15,29.07,16965.3
2026-07-22,31,15,2026-07,2026-07-22T15:00,30.92,26.73,19887.4
2026-07-22,32,15,2026-07,2026-07-22T15:30,39.17,33.91,18042.9
2026-07-22,33,16,2026-07,2026-07-22T16:00,38.33,32.65,18281.8
2026-07-22,34,16,2026-07,2026-07-22T16:30,35.21,31.45,18170.7
2026-07-22,35,17,2026-07,2026-07-22T17:00,38.47,34.54,18628.1
2026-07-22,36,17,2026-07,2026-07-22T17:30,35.88,30.67,19963.1
2026-07-22,37,18,2026-07,2026-07-22T18:00,34.1,28.99,18338.1
2026-07-22,38,18,2026-07,2026-07-22T18:30,32.36,27.26,19702.6
2026-07-22,39,19,2026-07,2026-07-22T19:00,30.59,25.78,17636.8
2026-07-22,40,19,2026-07,2026-07-22T19:30,30.81,26.98,17395.7
2026-07-22,41,20,2026-07,2026-07-22T20:00,30.71,27.07,16870.7
2026-07-22,42,20,2026-07,2026-07-22T20:30,28.36,24.46,17772.5
2026-07-22,43,21,2026-07,2026-07-22T21:00,24.89,22.37,16882.2
2026-07-22,44,21,2026-07,2026-07-22T21:30,28.31,25.11,16585.6
2026-07-22,45,22,2026-07,2026-07-22T22:00,25.05,23.36,16605.5
2026-07-22,46,22,2026-07,2026-07-22T22:30,25.95,22.11,18068.6
2026-07-22,47,23,2026-07,2026-07-22T23:00,22.91,21.39,17109.4
2026-07-22,48,23,2026-07,2026-07-22T23:30,20.94,18.69,16014.9
2026-07-23,1,0,2026-07,2026-07-23T00:00,16.17,14.58,17027.2
2026-07-23,2,0,2026-07,2026-07-23T00:30,14.24,12.87,16168.0
2026-07-23,3,1,2026-07,2026-07-23T01:00,16.18,14.37,14796.7
2026-07-23,4,1,2026-07,2026-07-23T01:30,14.85,13.41,15514.5
2026-07-23,5,2,2026-07,2026-07-23T02:00,15.08,13.31,15724.4
2026-07-23,6,2,2026-07,2026-07-23T02:30,13.69,12.82,15609.4
2026-07-23,7,3,2026-07,2026-07-23T03:00,14.02,11.97,15558.7
2026-07-23,8,3,2026-07,2026-07-23T03:30,14.94,12.77,14922.4
2026-07-23,9,4,2026-07,2026-07-23T04:00,14.78,13.04,16427.4
2026-07-23,10,4,2026-07,2026-07-23T04:30,15.66,14.47,15927.8
2026-07-23,11,5,2026-07,2026-07-23T05:00,16.01,14.45,15833.8
2026-07-23,12,5,2026-07,2026-07-23T05:30,14.31,13.19,16723.7
2026-07-23,13,6,2026-07,2026-07-23T06:00,14.44,12.66,15843.2
2026-07-23,14,6,2026-07,2026-07-23T06:30,14.68,12.9,14293.9
2026-07-23,15,7,2026-07,2026-07-23T07:00,15.38,13.41,15749.3
2026-07-23,16,7,2026-07,2026-07-23T07:30,15.0,13.11,16403.2
2026-07-23,17,8,2026-07,2026-07-23T08:00,15.96,14.36,15417.2
2026-07-23,18,8,2026-07,2026-07-23T08:30,15.49,13.62,16288.3
2026-07-23,19,9,2026-07,2026-07-23T09:00,15.98,14.1,16984.3
2026-07-23,20,9,2026-07,2026-07-23T09:30,16.87,15.31,15979.7
2026-07-23,21,10,2026-07,2026-07-23T10:00,15.82,14.63,16172.7
2026-07-23,22,10,2026-07,2026-07-23T10:30,16.1,14.34,16716.4
2026-07-23,23,11,2026-07,2026-07-23T11:00,16.05,14.61,17278.4
2026-07-23,24,11,2026-07,2026-07-23T11:30,15.25,13.76,16980.4
2026-07-23,25,12,2026-07,2026-07-23T12:00,14.41,12.76,15565.1
2026-07-23,26,12,2026-07,2026-07-23T12:30,18.48,15.58,16863.2
2026-07-23,27,13,2026-07,2026-07-23T13:00,19.02,16.96,18254.1
2026-07-23,28,13,2026-07,2026-07-23T13:30,20.91,18.09,18571.8
2026-07-23,29,14,2026-07,2026-07-23T14:00,20.08,18.26,16941.5
2026-07-23,30,14,2026-07,2026-07-23T14:30,22.1,18.28,18055.6
2026-07-23,31,15,2026-07,2026-07-23T15:00,21.91,19.59,17280.4
2026-07-23,32,15,2026-07,2026-07-23T15:30,22.25,19.58,20858.2
2026-07-23,33,16,2026-07,2026-07-23T16:00,26.02,23.5,17432.9
2026-07-23,34,16,2026-07,2026-07-23T16:30,26.15,23.16,17787.9
2026-07-23,35,17,2026-07,2026-07-23T17:00,25.5,22.23,18563.6
2026-07-23,36,17,2026-07,2026-07-23T17:30,23.6,20.9,18030.1
2026-07-23,37,18,2026-07,2026-07-23T18:00,26.55,23.25,18865.3
2026-07-23,38,18,2026-07,2026-07-23T18:30,22.63,19.73,17546.9
2026-07-23,39,19,2026-07,2026-07-23T19:00,23.05,19.72,18013.6
2026-07-23,40,19,2026-07,2026-07-23T19:30,21.53,19.65,18619.5
2026-07-23,41,20,2026-07,2026-07-23T20:00,21.5,19.49,17660.9
2026-07-23,42,20,2026-07,2026-07-23T20:30,19.17,17.47,17579.3
2026-07-23,43,21,2026-07,2026-07-23T21:00,19.59,17.3,16968.6
2026-07-23,44,21,2026-07,2026-07-23T21:30,19.79,17.57,17172.0
2026-07-23,45,22,2026-07,2026-07-23T22:00,18.74,16.9,17169.1
2026-07-23,46,22,2026-07,2026-07-23T22:30,17.35,15.93,16284.1
2026-07-23,47,23,2026-07,2026-07-23T23:00,15.04,14.38,16436.9
2026-07-23,48,23,2026-07,2026-07-23T23:30,16.78,14.81,16103.8
2026-07-24,1,0,2026-07,2026-07-24T00:00,14.76,12.89,16830.8
2026-07-24,2,0,2026-07,2026-07-24T00:30,14.99,13.63,16537.4
2026-07-24,3,1,2026-07,2026-07-24T01:00,15.13,13.64,15955.9
2026-07-24,4,1,2026-07,2026-07-24T01:30,13.33,12.03,17265.4
2026-07-24,5,2,2026-07,2026-07-24T02:00,13.43,11.86,17771.6
2026-07-24,6,2,2026-07,2026-07-24T02:30,14.78,13.28,15675.6
2026-07-24,7,3,2026-07,2026-07-24T03:00,16.31,14.22,17509.3
2026-07-24,8,3,2026-07,2026-07-24T03:30,14.61,13.47,13976.6
2026-07-24,9,4,2026-07,2026-07-24T04:00,14.55,13.29,16357.7
2026-07-24,10,4,2026-07,2026-07-24T04:30,15.65,14.59,14317.3
2026-07-24,11,5,2026-07,2026-07-24T05:00,15.21,13.63,16004.4
2026-07-24,12,5,2026-07,2026-07-24T05:30,14.57,12.33,15277.8
2026-07-24,13,6,2026-07,2026-07-24T06:00,13.08,11.15,15832.7
2026-07-24,14,6,2026-07,2026-07-24T06:30,14.71,12.83,14886.7
2026-07-24,15,7,2026-07,2026-07-24T07:00,14.61,13.46,15467.9
2026-07-24,16,7,2026-07,2026-07-24T07:30,13.95,13.14,17205.0
2026-07-24,17,8,2026-07,2026-07-24T08:00,14.09,12.32,17565.6
2026-07-24,18,8,2026-07,2026-07-24T08:30,15.57,14.34,18276.1
2026-07-24,19,9,2026-07,2026-07-24T09:00,13.88,12.38,15791.6
2026-07-24,20,9,2026-07,2026-07-24T09:30,15.27,14.39,15433.8
2026-07-24,21,10,2026-07,2026-07-24T10:00,16.01,14.15,16915.1
2026-07-24,22,10,2026-07,2026-07-24T10:30,15.6,14.03,16485.8
2026-07-24,23,11,2026-07,2026-07-24T11:00,15.5,13.77,15418.9
2026-07-24,24,11,2026-07,2026-07-24T11:30,14.48,12.82,16121.3
2026-07-24,25,12,2026-07,2026-07-24T12:00,15.85,14.35,15784.5
2026-07-24,26,12,2026-07,2026-07-24T12:30,16.88,15.85,16681.9
2026-07-24,27,13,2026-07,2026-07-24T13:00,18.58,16.51,18288.3
2026-07-24,28,13,2026-07,2026-07-24T13:30,18.27,16.01,16251.1
2026-07-24,29,14,2026-07,2026-07-24T14:00,21.56,18.84,16582.6
2026-07-24,30,14,2026-07,2026-07-24T14:30,23.06,20.92,17815.8
2026-07-24,31,15,2026-07,2026-07-24T15:00,22.03,19.6,18344.2
2026-07-24,32,15,2026-07,2026-07-24T15:30,24.81,20.89,18906.8
2026-07-24,33,16,2026-07,2026-07-24T16:00,26.11,22.66,19202.0
2026-07-24,34,16,2026-07,2026-07-24T16:30,26.25,22.98,20111.6
2026-07-24,35,17,2026-07,2026-07-24T17:00,24.26,21.79,19091.8
2026-07-24,36,17,2026-07,2026-07-24T17:30,25.59,23.65,20285.7
2026-07-24,37,18,2026-07,2026-07-24T18:00,23.08,19.76,16977.0
2026-07-24,38,18,2026-07,2026-07-24T18:30,24.54,21.78,18518.5
2026-07-24,39,19,2026-07,2026-07-24T19:00,23.32,21.4,16718.0
2026-07-24,40,19,2026-07,2026-07-24T19:30,21.02,18.07,16940.4
2026-07-24,41,20,2026-07,2026-07-24T20:00,20.97,17.38,17946.6
2026-07-24,42,20,2026-07,2026-07-24T20:30,18.23,16.74,16807.8
2026-07-24,43,21,2026-07,2026-07-24T21:00,18.01,17.04,16150.4
2026-07-24,44,21,2026-07,2026-07-24T21:30,18.21,16.25,18264.3
2026-07-24,45,22,2026-07,2026-07-24T22:00,17.71,15.43,17191.7
2026-07-24,46,22,2026-07,2026-07-24T22:30,16.73,16.27,16926.5
2026-07-24,47,23,2026-07,2026-07-24T23:00,15.07,13.23,16901.4
2026-07-24,48,23,2026-07,2026-07-24T23:30,14.29,13.14,15963.4
2026-07-25,1,0,2026-07,2026-07-25T00:00,16.24,14.52,16310.5
2026-07-25,2,0,2026-07,2026-07-25T00:30,14.74,12.97,16269.2
2026-07-25,3,1,2026-07,2026-07-25T01:00,13.92,12.88,18285.6
2026-07-25,4,1,2026-07,2026-07-25T01:30,15.9,14.53,14786.1
2026-07-25,5,2,2026-07,2026-07-25T02:00,16.34,14.48,16161.9
2026-07-25,6,2,2026-07,2026-07-25T02:30,14.88,13.83,17232.9
2026-07-25,7,3,2026-07,2026-07-25T03:00,13.87,12.57,14583.1
2026-07-25,8,3,2026-07,2026-07-25T03:30,15.11,13.27,15435.3
2026-07-25,9,4,2026-07,2026-07-25T04:00,14.37,13.03,17816.9
2026-07-25,10,4,2026-07,2026-07-25T04:30,14.82,13.92,17065.7
2026-07-25,11,5,2026-07,2026-07-25T05:00,13.12,11.52,15207.0
2026-07-25,12,5,2026-07,2026-07-25T05:30,14.83,13.57,15309.4
2026-07-25,13,6,2026-07,2026-07-25T06:00,14.55,13.04,15696.7
2026-07-25,14,6,2026-07,2026-07-25T06:30,14.99,13.02,15165.0
2026-07-25,15,7,2026-07,2026-07-25T07:00,13.24,11.78,14736.8
2026-07-25,16,7,2026-07,2026-07-25T07:30,14.68,13.21,15318.9
2026-07-25,17,8,2026-07,2026-07-25T08:00,13.57,12.25,14609.6
2026-07-25,18,8,2026-07,2026-07-25T08:30,14.79,13.08,16235.0
2026-07-25,19,9,2026-07,2026-07-25T09:00,15.58,13.83,16313.9
2026-07-25,20,9,2026-07,2026-07-25T09:30,14.83,13.31,14698.9
2026-07-25,21,10,2026-07,2026-07-25T10:00,14.48,12.72,15908.9
2026-07-25,22,10,2026-07,2026-07-25T10:30,15.67,14.19,17354.2
2026-07-25,23,11,2026-07,2026-07-25T11:00,14.44,12.52,16050.0
2026-07-25,24,11,2026-07,2026-07-25T11:30,15.51,14.02,16644.0
2026-07-25,25,12,2026-07,2026-07-25T12:00,16.61,15.47,16678.7
2026-07-25,26,12,2026-07,2026-07-25T12:30,16.63,14.99,17715.0
2026-07-25,27,13,2026-07,2026-07-25T13:00,18.18,16.37,16518.0
2026-07-25,28,13,2026-07,2026-07-25T13:30,19.95,17.36,18330.9
2026-07-25,29,14,2026-07,2026-07-25T14:00,18.4,16.13,17634.0
2026-07-25,30,14,2026-07,2026-07-25T14:30,21.77,18.13,18488.6
2026-07-25,31,15,2026-07,2026-07-25T15:00,22.69,19.56,18205.9
2026-07-25,32,15,2026-07,2026-07-25T15:30,23.86,22.11,19953.8
2026-07-25,33,16,2026-07,2026-07-25T16:00,26.88,23.16,18214.8
2026-07-25,34,16,2026-07,2026-07-25T16:30,24.81,21.99,19289.7
2026-07-25,35,17,2026-07,2026-07-25T17:00,24.14,21.79,19349.0
2026-07-25,36,17,2026-07,2026-07-25T17:30,26.46,22.48,18532.5
2026-07-25,37,18,2026-07,2026-07-25T18:00,24.61,22.52,18200.8
2026-07-25,38,18,2026-07,2026-07-25T18:30,23.51,20.33,18915.4
2026-07-25,39,19,2026-07,2026-07-25T19:00,21.98,19.96,17637.4
2026-07-25,40,19,2026-07,2026-07-25T19:30,21.14,18.29,15351.1
2026-07-25,41,20,2026-07,2026-07-25T20:00,20.78,18.48,16947.5
2026-07-25,42,20,2026-07,2026-07-25T20:30,20.34,18.41,17120.2
2026-07-25,43,21,2026-07,2026-07-25T21:00,19.73,17.88,17426.5
2026-07-25,44,21,2026-07,2026-07-25T21:30,16.83,14.93,17467.6
2026-07-25,45,22,2026-07,2026-07-25T22:00,15.79,13.48,17614.1
2026-07-25,46,22,2026-07,2026-07-25T22:30,16.63,15.17,18126.6
2026-07-25,47,23,2026-07,2026-07-25T23:00,15.95,14.34,17046.6
2026-07-25,48,23,2026-07,2026-07-25T23:30,15.28,13.92,15691.5
2026-07-26,1,0,2026-07,2026-07-26T00:00,13.61,12.55,15272.0
2026-07-26,2,0,2026-07,2026-07-26T00:30,13.78,12.84,15994.7
2026-07-26,3,1,2026-07,2026-07-26T01:00,13.87,12.53,15523.6
2026-07-26,4,1,2026-07,2026-07-26T01:30,14.42,13.28,16109.1
2026-07-26,5,2,2026-07,2026-07-26T02:00,12.58,11.9,16660.4
2026-07-26,6,2,2026-07,2026-07-26T02:30,14.28,12.33,15317.2
2026-07-26,7,3,2026-07,2026-07-26T03:00,13.74,12.93,15436.5
2026-07-26,8,3,2026-07,2026-07-26T03:30,13.62,11.87,15866.6
2026-07-26,9,4,2026-07,2026-07-26T04:00,12.57,11.27,13916.5
2026-07-26,10,4,2026-07,2026-07-26T04:30,12.87,11.77,16476.1
2026-07-26,11,5,2026-07,2026-07-26T05:00,13.05,11.59,16395.9
2026-07-26,12,5,2026-07,2026-07-26T05:30,13.5,12.01,15830.7
2026-07-26,13,6,2026-07,2026-07-26T06:00,13.4,11.51,15203.2
2026-07-26,14,6,2026-07,2026-07-26T06:30,12.63,12.12,15851.0
2026-07-26,15,7,2026-07,2026-07-26T07:00,12.58,11.71,16242.1
2026-07-26,16,7,2026-07,2026-07-26T07:30,12.72,11.87,16510.6
2026-07-26,17,8,2026-07,2026-07-26T08:00,14.85,13.52,15800.2
2026-07-26,18,8,2026-07,2026-07-26T08:30,14.17,12.11,16030.8
2026-07-26,19,9,2026-07,2026-07-26T09:00,13.93,12.88,17005.3
2026-07-26,20,9,2026-07,2026-07-26T09:30,13.81,13.33,17066.2
2026-07-26,21,10,2026-07,2026-07-26T10:00,14.05,13.34,16833.1
2026-07-26,22,10,2026-07,2026-07-26T10:30,14.48,12.74,15424.3
2026-07-26,23,11,2026-07,2026-07-26T11:00,13.46,12.25,15633.7
2026-07-26,24,11,2026-07,2026-07-26T11:30,14.14,13.03,16088.1
2026-07-26,25,12,2026-07,2026-07-26T12:00,15.46,14.68,17198.3
2026-07-26,26,12,2026-07,2026-07-26T12:30,16.9,15.88,17042.2
2026-07-26,27,13,2026-07,2026-07-26T13:00,16.58,15.02,17680.9
2026-07-26,28,13,2026-07,2026-07-26T13:30,17.75,15.71,17534.8
2026-07-26,29,14,2026-07,2026-07-26T14:00,18.44,16.45,18504.8
2026-07-26,30,14,2026-07,2026-07-26T14:30,18.06,16.94,16957.0
2026-07-26,31,15,2026-07,2026-07-26T15:00,18.35,17.0,17516.8
2026-07-26,32,15,2026-07,2026-07-26T15:30,21.85,19.3,17329.4
2026-07-26,33,16,2026-07,2026-07-26T16:00,22.61,21.46,18337.0
2026-07-26,34,16,2026-07,2026-07-26T16:30,23.51,21.96,17873.6
2026-07-26,35,17,2026-07,2026-07-26T17:00,21.67,20.02,18917.6
2026-07-26,36,17,2026-07,2026-07-26T17:30,23.26,20.85,20386.9
2026-07-26,37,18,2026-07,2026-07-26T18:00,23.59,21.67,16613.6
2026-07-26,38,18,2026-07,2026-07-26T18:30,21.6,20.01,17879.1
2026-07-26,39,19,2026-07,2026-07-26T19:00,19.0,16.76,18158.9
2026-07-26,40,19,2026-07,2026-07-26T19:30,19.22,18.18,18659.3
2026-07-26,41,20,2026-07,2026-07-26T20:00,18.34,16.5,18143.1
2026-07-26,42,20,2026-07,2026-07-26T20:30,18.28,16.02,16082.3
2026-07-26,43,21,2026-07,2026-07-26T21:00,16.24,14.74,17521.2
2026-07-26,44,21,2026-07,2026-07-26T21:30,17.08,15.73,17791.2
2026-07-26,45,22,2026-07,2026-07-26T22:00,15.28,13.49,16838.2
2026-07-26,46,22,2026-07,2026-07-26T22:30,15.92,14.1,16864.0
2026-07-26,47,23,2026-07,2026-07-26T23:00,14.88,13.84,17102.5
2026-07-26,48,23,2026-07,2026-07-26T23:30,15.23,13.47,16408.4
2026-07-27,1,0,2026-07,2026-07-27T00:00,16.27,14.42,16972.1
2026-07-27,2,0,2026-07,2026-07-27T00:30,16.56,15.57,16554.5
2026-07-27,3,1,2026-07,2026-07-27T01:00,17.89,16.6,17479.9
2026-07-27,4,1,2026-07,2026-07-27T01:30,16.4,15.17,15231.0
2026-07-27,5,2,2026-07,2026-07-27T02:00,17.29,15.7,16833.6
2026-07-27,6,2,2026-07,2026-07-27T02:30,18.34,15.66,17792.0
2026-07-27,7,3,2026-07,2026-07-27T03:00,16.9,14.91,15311.0
2026-07-27,8,3,2026-07,2026-07-27T03:30,16.63,14.3,15572.5
2026-07-27,9,4,2026-07,2026-07-27T04:00,16.51,15.24,17185.5
2026-07-27,10,4,2026-07,2026-07-27T04:30,17.82,15.46,15964.5
2026-07-27,11,5,2026-07,2026-07-27T05:00,15.87,13.56,14874.0
2026-07-27,12,5,2026-07,2026-07-27T05:30,15.28,14.41,15548.9
2026-07-27,13,6,2026-07,2026-07-27T06:00,15.81,14.28,16775.8
2026-07-27,14,6,2026-07,2026-07-27T06:30,16.45,15.29,16499.3
2026-07-27,15,7,2026-07,2026-07-27T07:00,15.31,13.59,15016.9
2026-07-27,16,7,2026-07,2026-07-27T07:30,15.48,13.36,15190.7
2026-07-27,17,8,2026-07,2026-07-27T08:00,15.71,14.54,16828.8
2026-07-27,18,8,2026-07,2026-07-27T08:30,15.56,13.92,16597.6
2026-07-27,19,9,2026-07,2026-07-27T09:00,18.0,15.52,15391.3
2026-07-27,20,9,2026-07,2026-07-27T09:30,16.34,14.75,16342.1
2026-07-27,21,10,2026-07,2026-07-27T10:00,17.03,14.91,16310.7
2026-07-27,22,10,2026-07,2026-07-27T10:30,17.15,16.06,15668.8
2026-07-27,23,11,2026-07,2026-07-27T11:00,17.76,17.0,16794.7
2026-07-27,24,11,2026-07,2026-07-27T11:30,17.0,15.84,14729.4
2026-07-27,25,12,2026-07,2026-07-27T12:00,16.37,14.83,18027.3
2026-07-27,26,12,2026-07,2026-07-27T12:30,20.43,18.88,17225.0
2026-07-27,27,13,2026-07,2026-07-27T13:00,20.48,18.49,19203.8
2026-07-27,28,13,2026-07,2026-07-27T13:30,20.47,17.33,16362.8
2026-07-27,29,14,2026-07,2026-07-27T14:00,25.6,23.32,17648.6
2026-07-27,30,14,2026-07,2026-07-27T14:30,22.94,20.5,18044.1
2026-07-27,31,15,2026-07,2026-07-27T15:00,23.31,19.74,18759.2
2026-07-27,32,15,2026-07,2026-07-27T15:30,26.03,23.14,18500.1
2026-07-27,33,16,2026-07,2026-07-27T16:00,27.99,24.94,18349.8
2026-07-27,34,16,2026-07,2026-07-27T16:30,25.14,22.08,19549.9
2026-07-27,35,17,2026-07,2026-07-27T17:00,27.47,24.77,18585.5
2026-07-27,36,17,2026-07,2026-07-27T17:30,28.25,24.96,17569.8
2026-07-27,37,18,2026-07,2026-07-27T18:00,26.24,23.15,17818.7
2026-07-27,38,18,2026-07,2026-07-27T18:30,22.89,20.62,20561.7
2026-07-27,39,19,2026-07,2026-07-27T19:00,22.66,20.05,17271.0
2026-07-27,40,19,2026-07,2026-07-27T19:30,23.06,19.44,17582.6
2026-07-27,41,20,2026-07,2026-07-27T20:00,23.32,20.63,18781.7
2026-07-27,42,20,2026-07,2026-07-27T20:30,20.66,18.33,17842.1
2026-07-27,43,21,2026-07,2026-07-27T21:00,19.83,17.98,16625.5
2026-07-27,44,21,2026-07,2026-07-27T21:30,20.05,19.29,15079.8
2026-07-27,45,22,2026-07,2026-07-27T22:00,19.53,17.33,16739.0
2026-07-27,46,22,2026-07,2026-07-27T22:30,17.58,15.46,17740.8
2026-07-27,47,23,2026-07,2026-07-27T23:00,17.99,16.56,15509.3
2026-07-27,48,23,2026-07,2026-07-27T23:30,17.81,16.11,17140.8
2026-07-28,1,0,2026-07,2026-07-28T00:00,17.87,16.46,17242.1
2026-07-28,2,0,2026-07,2026-07-28T00:30,19.02,16.94,17353.8
2026-07-28,3,1,2026-07,2026-07-28T01:00,17.87,15.41,15752.5
2026-07-28,4,1,2026-07,2026-07-28T01:30,18.8,17.43,14783.4
2026-07-28,5,2,2026-07,2026-07-28T02:00,17.59,15.96,15915.6
2026-07-28,6,2,2026-07,2026-07-28T02:30,17.84,15.51,14697.1
2026-07-28,7,3,2026-07,2026-07-28T03:00,18.35,16.58,17264.0
2026-07-28,8,3,2026-07,2026-07-28T03:30,19.03,16.76,16084.1
2026-07-28,9,4,2026-07,2026-07-28T04:00,18.83,17.54,15388.3
2026-07-28,10,4,2026-07,2026-07-28T04:30,17.88,15.66,16592.9
2026-07-28,11,5,2026-07,2026-07-28T05:00,19.62,18.17,16497.7
2026-07-28,12,5,2026-07,2026-07-28T05:30,17.71,15.42,15761.0
2026-07-28,13,6,2026-07,2026-07-28T06:00,18.03,16.82,15427.9
2026-07-28,14,6,2026-07,2026-07-28T06:30,17.22,14.96,15547.8
2026-07-28,15,7,2026-07,2026-07-28T07:00,17.01,16.06,15802.0
2026-07-28,16,7,2026-07,2026-07-28T07:30,18.52,17.46,15803.1
2026-07-28,17,8,2026-07,2026-07-28T08:00,17.86,16.18,15738.7
2026-07-28,18,8,2026-07,2026-07-28T08:30,19.6,18.14,16901.1
2026-07-28,19,9,2026-07,2026-07-28T09:00,16.85,15.57,16891.8
2026-07-28,20,9,2026-07,2026-07-28T09:30,17.41,16.22,14022.6
2026-07-28,21,10,2026-07,2026-07-28T10:00,19.81,17.83,16799.2
2026-07-28,22,10,2026-07,2026-07-28T10:30,18.5,16.77,17419.6
2026-07-28,23,11,2026-07,2026-07-28T11:00,19.33,17.53,16541.0
2026-07-28,24,11,2026-07,2026-07-28T11:30,18.43,17.31,16311.7
2026-07-28,25,12,2026-07,2026-07-28T12:00,20.35,18.84,17366.2
2026-07-28,26,12,2026-07,2026-07-28T12:30,22.46,19.35,16887.1
2026-07-28,27,13,2026-07,2026-07-28T13:00,22.42,20.4,16718.5
2026-07-28,28,13,2026-07,2026-07-28T13:30,23.11,20.35,17030.2
2026-07-28,29,14,2026-07,2026-07-28T14:00,22.72,19.81,17930.5
2026-07-28,30,14,2026-07,2026-07-28T14:30,25.54,23.65,16699.0
2026-07-28,31,15,2026-07,2026-07-28T15:00,27.38,22.85,19717.8
2026-07-28,32,15,2026-07,2026-07-28T15:30,30.13,27.67,17355.9
2026-07-28,33,16,2026-07,2026-07-28T16:00,28.85,25.54,19053.1
2026-07-28,34,16,2026-07,2026-07-28T16:30,29.42,25.78,19002.9
2026-07-28,35,17,2026-07,2026-07-28T17:00,30.0,26.53,20173.7
2026-07-28,36,17,2026-07,2026-07-28T17:30,30.84,28.47,17874.5
2026-07-28,37,18,2026-07,2026-07-28T18:00,28.89,26.27,18257.7
2026-07-28,38,18,2026-07,2026-07-28T18:30,27.15,24.67,18766.6
2026-07-28,39,19,2026-07,2026-07-28T19:00,27.27,24.24,19573.3
2026-07-28,40,19,2026-07,2026-07-28T19:30,26.38,23.82,18869.4
2026-07-28,41,20,2026-07,2026-07-28T20:00,28.8,25.97,16495.8
2026-07-28,42,20,2026-07,2026-07-28T20:30,24.37,21.89,18787.8
2026-07-28,43,21,2026-07,2026-07-28T21:00,23.72,22.7,16487.9
2026-07-28,44,21,2026-07,2026-07-28T21:30,22.0,20.38,17151.4
2026-07-28,45,22,2026-07,2026-07-28T22:00,22.37,19.38,14961.4
2026-07-28,46,22,2026-07,2026-07-28T22:30,20.58,18.46,14844.5
2026-07-28,47,23,2026-07,2026-07-28T23:00,21.2,18.16,15712.6
2026-07-28,48,23,2026-07,2026-07-28T23:30,20.61,17.87,17283.2
2026-07-29,1,0,2026-07,2026-07-29T00:00,18.34,17.08,16727.7
2026-07-29,2,0,2026-07,2026-07-29T00:30,18.24,16.6,16027.0
2026-07-29,3,1,2026-07,2026-07-29T01:00,17.4,15.16,15277.8
2026-07-29,4,1,2026-07,2026-07-29T01:30,17.44,15.19,17401.4
2026-07-29,5,2,2026-07,2026-07-29T02:00,18.08,16.28,15453.6
2026-07-29,6,2,2026-07,2026-07-29T02:30,17.55,16.24,15964.9
2026-07-29,7,3,2026-07,2026-07-29T03:00,18.12,16.86,16781.7
2026-07-29,8,3,2026-07,2026-07-29T03:30,18.8,16.16,16854.6
2026-07-29,9,4,2026-07,2026-07-29T04:00,17.3,16.72,15287.4
2026-07-29,10,4,2026-07,2026-07-29T04:30,17.3,15.28,16776.1
2026-07-29,11,5,2026-07,2026-07-29T05:00,17.9,16.45,14897.4
2026-07-29,12,5,2026-07,2026-07-29T05:30,17.88,16.12,15595.7
2026-07-29,13,6,2026-07,2026-07-29T06:00,18.25,15.57,16353.1
2026-07-29,14,6,2026-07,2026-07-29T06:30,16.87,15.24,15182.8
2026-07-29,15,7,2026-07,2026-07-29T07:00,17.11,15.17,15441.3
2026-07-29,16,7,2026-07,2026-07-29T07:30,15.43,13.81,15557.1
2026-07-29,17,8,2026-07,2026-07-29T08:00,16.63,15.09,15627.5
2026-07-29,18,8,2026-07,2026-07-29T08:30,20.23,17.78,16318.7
2026-07-29,19,9,2026-07,2026-07-29T09:00,19.14,18.9,14903.3
2026-07-29,20,9,2026-07,2026-07-29T09:30,18.77,17.04,15151.9
2026-07-29,21,10,2026-07,2026-07-29T10:00,16.34,14.65,15744.5
2026-07-29,22,10,2026-07,2026-07-29T10:30,16.4,15.54,17595.9
2026-07-29,23,11,2026-07,2026-07-29T11:00,18.5,16.97,15445.1
2026-07-29,24,11,2026-07,2026-07-29T11:30,19.28,17.08,17950.3
2026-07-29,25,12,2026-07,2026-07-29T12:00,19.25,17.11,17783.0
2026-07-29,26,12,2026-07,2026-07-29T12:30,21.67,19.11,15640.0
2026-07-29,27,13,2026-07,2026-07-29T13:00,21.03,18.97,16214.1
2026-07-29,28,13,2026-07,2026-07-29T13:30,23.52,21.58,16410.1
2026-07-29,29,14,2026-07,2026-07-29T14:00,25.19,21.99,18351.8
2026-07-29,30,14,2026-07,2026-07-29T14:30,26.56,23.95,17961.2
2026-07-29,31,15,2026-07,2026-07-29T15:00,26.68,23.46,19236.4
2026-07-29,32,15,2026-07,2026-07-29T15:30,30.46,28.26,18400.4
2026-07-29,33,16,2026-07,2026-07-29T16:00,31.62,28.5,17257.9
2026-07-29,34,16,2026-07,2026-07-29T16:30,27.02,25.57,17516.8
2026-07-29,35,17,2026-07,2026-07-29T17:00,31.57,27.77,16521.0
2026-07-29,36,17,2026-07,2026-07-29T17:30,29.92,27.09,17757.9
2026-07-29,37,18,2026-07,2026-07-29T18:00,29.73,26.98,17068.0
2026-07-29,38,18,2026-07,2026-07-29T18:30,27.35,24.2,17388.3
2026-07-29,39,19,2026-07,2026-07-29T19:00,26.97,23.8,17355.9
2026-07-29,40,19,2026-07,2026-07-29T19:30,25.31,22.2,18124.9
2026-07-29,41,20,2026-07,2026-07-29T20:00,25.34,22.61,18171.2
2026-07-29,42,20,2026-07,2026-07-29T20:30,20.94,19.41,17415.2
2026-07-29,43,21,2026-07,2026-07-29T21:00,20.94,18.4,17797.1
2026-07-29,44,21,2026-07,2026-07-29T21:30,17.77,15.6,18700.2
2026-07-29,45,22,2026-07,2026-07-29T22:00,20.47,18.97,15188.2
2026-07-29,46,22,2026-07,2026-07-29T22:30,18.44,16.5,17090.2
2026-07-29,47,23,2026-07,2026-07-29T23:00,18.67,16.43,16108.1
2026-07-29,48,23,2026-07,2026-07-29T23:30,18.96,16.0,16834.4
2026-07-30,1,0,2026-07,2026-07-30T00:00,21.47,19.8,14649.9
2026-07-30,2,0,2026-07,2026-07-30T00:30,20.66,18.26,15147.1
2026-07-30,3,1,2026-07,2026-07-30T01:00,21.2,18.74,14245.6
2026-07-30,4,1,2026-07,2026-07-30T01:30,20.9,18.06,15051.9
2026-07-30,5,2,2026-07,2026-07-30T02:00,18.96,15.99,15014.3
2026-07-30,6,2,2026-07,2026-07-30T02:30,21.51,18.93,15561.5
2026-07-30,7,3,2026-07,2026-07-30T03:00,20.75,18.19,15871.9
2026-07-30,8,3,2026-07,2026-07-30T03:30,21.42,19.5,16691.3
2026-07-30,9,4,2026-07,2026-07-30T04:00,22.78,21.16,15710.2
2026-07-30,10,4,2026-07,2026-07-30T04:30,19.38,16.83,17125.1
2026-07-30,11,5,2026-07,2026-07-30T05:00,20.14,18.14,14973.6
2026-07-30,12,5,2026-07,2026-07-30T05:30,18.78,16.98,15630.0
2026-07-30,13,6,2026-07,2026-07-30T06:00,19.55,17.22,15590.3
2026-07-30,14,6,2026-07,2026-07-30T06:30,19.76,18.14,15357.9
2026-07-30,15,7,2026-07,2026-07-30T07:00,19.82,18.47,17888.5
2026-07-30,16,7,2026-07,2026-07-30T07:30,20.7,19.63,16205.4
2026-07-30,17,8,2026-07,2026-07-30T08:00,20.98,18.56,15784.9
2026-07-30,18,8,2026-07,2026-07-30T08:30,21.89,20.63,16167.5
2026-07-30,19,9,2026-07,2026-07-30T09:00,23.75,21.12,17370.2
2026-07-30,20,9,2026-07,2026-07-30T09:30,21.49,19.14,16538.5
2026-07-30,21,10,2026-07,2026-07-30T10:00,23.21,21.42,15985.7
2026-07-30,22,10,2026-07,2026-07-30T10:30,22.48,19.63,17818.5
2026-07-30,23,11,2026-07,2026-07-30T11:00,23.49,21.86,17215.8
2026-07-30,24,11,2026-07,2026-07-30T11:30,22.78,20.69,16688.0
2026-07-30,25,12,2026-07,2026-07-30T12:00,22.68,19.83,17358.6
2026-07-30,26,12,2026-07,2026-07-30T12:30,24.15,21.3,17378.5
2026-07-30,27,13,2026-07,2026-07-30T13:00,24.62,22.13,16944.7
2026-07-30,28,13,2026-07,2026-07-30T13:30,30.06,26.09,16872.5
2026-07-30,29,14,2026-07,2026-07-30T14:00,29.89,24.17,17133.2
2026-07-30,30,14,2026-07,2026-07-30T14:30,32.43,26.38,18311.2
2026-07-30,31,15,2026-07,2026-07-30T15:00,36.99,31.76,16483.2
2026-07-30,32,15,2026-07,2026-07-30T15:30,36.52,32.4,18925.9
2026-07-30,33,16,2026-07,2026-07-30T16:00,40.07,32.44,18434.4
2026-07-30,34,16,2026-07,2026-07-30T16:30,41.51,37.08,18508.3
2026-07-30,35,17,2026-07,2026-07-30T17:00,36.31,30.77,17452.9
2026-07-30,36,17,2026-07,2026-07-30T17:30,36.07,30.66,18003.1
2026-07-30,37,18,2026-07,2026-07-30T18:00,35.62,29.02,19375.1
2026-07-30,38,18,2026-07,2026-07-30T18:30,36.8,30.15,17548.9
2026-07-30,39,19,2026-07,2026-07-30T19:00,29.03,23.78,18142.3
2026-07-30,40,19,2026-07,2026-07-30T19:30,32.63,26.93,17558.0
2026-07-30,41,20,2026-07,2026-07-30T20:00,33.05,27.01,16883.0
2026-07-30,42,20,2026-07,2026-07-30T20:30,25.98,23.97,16720.3
2026-07-30,43,21,2026-07,2026-07-30T21:00,25.74,24.69,17688.1
2026-07-30,44,21,2026-07,2026-07-30T21:30,24.09,22.17,16687.7
2026-07-30,45,22,2026-07,2026-07-30T22:00,23.77,22.41,17271.6
2026-07-30,46,22,2026-07,2026-07-30T22:30,22.6,20.77,15152.8
2026-07-30,47,23,2026-07,2026-07-30T23:00,25.66,24.5,16001.1
2026-07-30,48,23,2026-07,2026-07-30T23:30,22.31,20.08,17007.3
2026-07-31,1,0,2026-07,2026-07-31T00:00,23.28,21.47,15593.7
2026-07-31,2,0,2026-07,2026-07-31T00:30,22.04,20.66,16527.4
2026-07-31,3,1,2026-07,2026-07-31T01:00,21.84,19.96,16306.6
2026-07-31,4,1,2026-07,2026-07-31T01:30,24.52,22.0,16465.0
2026-07-31,5,2,2026-07,2026-07-31T02:00,23.77,21.53,15711.3
2026-07-31,6,2,2026-07,2026-07-31T02:30,23.25,20.97,17348.9
2026-07-31,7,3,2026-07,2026-07-31T03:00,20.29,18.33,15282.3
2026-07-31,8,3,2026-07,2026-07-31T03:30,23.18,20.25,15416.9
2026-07-31,9,4,2026-07,2026-07-31T04:00,22.63,20.39,16263.6
2026-07-31,10,4,2026-07,2026-07-31T04:30,22.09,21.14,16268.6
2026-07-31,11,5,2026-07,2026-07-31T05:00,21.15,18.54,16116.1
2026-07-31,12,5,2026-07,2026-07-31T05:30,21.76,18.8,15606.2
2026-07-31,13,6,2026-07,2026-07-31T06:00,19.63,18.47,16286.3
2026-07-31,14,6,2026-07,2026-07-31T06:30,21.39,19.18,14913.0
2026-07-31,15,7,2026-07,2026-07-31T07:00,20.64,18.3,16713.2
2026-07-31,16,7,2026-07,2026-07-31T07:30,21.62,19.73,16746.7
2026-07-31,17,8,2026-07,2026-07-31T08:00,22.22,19.35,15375.2
2026-07-31,18,8,2026-07,2026-07-31T08:30,24.94,21.68,15711.8
2026-07-31,19,9,2026-07,2026-07-31T09:00,25.81,23.29,16045.8
2026-07-31,20,9,2026-07,2026-07-31T09:30,22.17,18.54,16205.3
2026-07-31,21,10,2026-07,2026-07-31T10:00,23.59,21.59,17862.4
2026-07-31,22,10,2026-07,2026-07-31T10:30,25.71,23.93,15273.1
2026-07-31,23,11,2026-07,2026-07-31T11:00,24.47,21.95,15864.5
2026-07-31,24,11,2026-07,2026-07-31T11:30,23.94,21.91,15923.1
2026-07-31,25,12,2026-07,2026-07-31T12:00,22.43,20.73,18079.1
2026-07-31,26,12,2026-07,2026-07-31T12:30,28.04,24.35,17377.7
2026-07-31,27,13,2026-07,2026-07-31T13:00,29.84,28.22,16650.6
2026-07-31,28,13,2026-07,2026-07-31T13:30,30.65,27.94,17698.9
2026-07-31,29,14,2026-07,2026-07-31T14:00,31.94,28.17,16645.0
2026-07-31,30,14,2026-07,2026-07-31T14:30,32.11,28.16,17862.8
2026-07-31,31,15,2026-07,2026-07-31T15:00,33.95,30.53,17535.0
2026-07-31,32,15,2026-07,2026-07-31T15:30,33.99,30.52,17520.8
2026-07-31,33,16,2026-07,2026-07-31T16:00,37.37,31.02,19439.2
2026-07-31,34,16,2026-07,2026-07-31T16:30,39.91,33.95,18109.6
2026-07-31,35,17,2026-07,2026-07-31T17:00,37.23,32.78,19073.4
2026-07-31,36,17,2026-07,2026-07-31T17:30,38.19,35.4,17732.0
2026-07-31,37,18,2026-07,2026-07-31T18:00,39.1,34.92,18959.4
2026-07-31,38,18,2026-07,2026-07-31T18:30,35.54,31.41,19395.9
2026-07-31,39,19,2026-07,2026-07-31T19:00,35.55,30.42,17228.6
2026-07-31,40,19,2026-07,2026-07-31T19:30,33.46,29.1,17139.5
2026-07-31,41,20,2026-07,2026-07-31T20:00,32.99,29.07,17704.4
2026-07-31,42,20,2026-07,2026-07-31T20:30,30.03,26.41,17144.3
2026-07-31,43,21,2026-07,2026-07-31T21:00,30.2,27.71,17846.8
2026-07-31,44,21,2026-07,2026-07-31T21:30,26.98,25.34,16671.3
2026-07-31,45,22,2026-07,2026-07-31T22:00,27.85,25.54,16792.0
2026-07-31,46,22,2026-07,2026-07-31T22:30,25.31,23.38,16125.8
2026-07-31,47,23,2026-07,2026-07-31T23:00,25.12,22.86,16645.0
2026-07-31,48,23,2026-07,2026-07-31T23:30,24.21,22.54,16336.2
2026-08-01,1,0,2026-08,2026-08-01T00:00,17.42,15.43,15125.9
2026-08-01,2,0,2026-08,2026-08-01T00:30,17.13,15.64,15083.4
2026-08-01,3,1,2026-08,2026-08-01T01:00,15.35,13.52,15799.2
2026-08-01,4,1,2026-08,2026-08-01T01:30,16.61,15.18,14687.0
2026-08-01,5,2,2026-08,2026-08-01T02:00,17.3,15.05,15587.7
2026-08-01,6,2,2026-08,2026-08-01T02:30,19.71,18.31,15606.0
2026-08-01,7,3,2026-08,2026-08-01T03:00,18.16,16.2,17269.7
2026-08-01,8,3,2026-08,2026-08-01T03:30,17.47,14.92,16100.6
2026-08-01,9,4,2026-08,2026-08-01T04:00,17.19,15.61,16956.6
2026-08-01,10,4,2026-08,2026-08-01T04:30,18.21,15.64,16912.5
2026-08-01,11,5,2026-08,2026-08-01T05:00,15.67,14.56,15986.4
2026-08-01,12,5,2026-08,2026-08-01T05:30,16.09,13.44,16045.5
2026-08-01,13,6,2026-08,2026-08-01T06:00,15.88,13.97,14818.9
2026-08-01,14,6,2026-08,2026-08-01T06:30,17.85,15.52,15376.7
2026-08-01,15,7,2026-08,2026-08-01T07:00,17.57,16.18,15805.3
2026-08-01,16,7,2026-08,2026-08-01T07:30,17.18,14.89,15666.0
2026-08-01,17,8,2026-08,2026-08-01T08:00,16.19,15.11,16442.1
2026-08-01,18,8,2026-08,2026-08-01T08:30,17.57,15.99,16065.2
2026-08-01,19,9,2026-08,2026-08-01T09:00,18.84,16.67,16584.3
2026-08-01,20,9,2026-08,2026-08-01T09:30,16.72,15.29,16827.5
2026-08-01,21,10,2026-08,2026-08-01T10:00,18.33,15.87,16907.5
2026-08-01,22,10,2026-08,2026-08-01T10:30,17.91,16.87,14672.1
2026-08-01,23,11,2026-08,2026-08-01T11:00,18.83,17.07,15513.7
2026-08-01,24,11,2026-08,2026-08-01T11:30,17.71,15.89,16098.1
2026-08-01,25,12,2026-08,2026-08-01T12:00,18.97,16.75,16545.0
2026-08-01,26,12,2026-08,2026-08-01T12:30,18.21,16.08,15964.2
2026-08-01,27,13,2026-08,2026-08-01T13:00,22.44,18.58,18164.8
2026-08-01,28,13,2026-08,2026-08-01T13:30,20.91,17.32,17992.0
2026-08-01,29,14,2026-08,2026-08-01T14:00,25.94,23.2,17853.6
2026-08-01,30,14,2026-08,2026-08-01T14:30,23.86,21.22,18998.4
2026-08-01,31,15,2026-08,2026-08-01T15:00,24.0,22.22,19732.4
2026-08-01,32,15,2026-08,2026-08-01T15:30,25.74,21.76,20253.9
2026-08-01,33,16,2026-08,2026-08-01T16:00,27.49,24.75,17813.5
2026-08-01,34,16,2026-08,2026-08-01T16:30,25.75,21.62,19138.2
2026-08-01,35,17,2026-08,2026-08-01T17:00,28.16,25.63,19116.0
2026-08-01,36,17,2026-08,2026-08-01T17:30,27.13,25.52,19151.5
2026-08-01,37,18,2026-08,2026-08-01T18:00,26.33,22.41,18661.6
2026-08-01,38,18,2026-08,2026-08-01T18:30,26.64,25.08,16928.9
2026-08-01,39,19,2026-08,2026-08-01T19:00,26.27,23.56,18018.2
2026-08-01,40,19,2026-08,2026-08-01T19:30,23.52,21.55,17130.5
2026-08-01,41,20,2026-08,2026-08-01T20:00,22.88,20.19,16326.7
2026-08-01,42,20,2026-08,2026-08-01T20:30,21.95,19.53,17430.7
2026-08-01,43,21,2026-08,2026-08-01T21:00,21.6,18.77,15987.9
2026-08-01,44,21,2026-08,2026-08-01T21:30,19.9,18.11,18347.8
2026-08-01,45,22,2026-08,2026-08-01T22:00,18.4,15.65,17487.9
2026-08-01,46,22,2026-08,2026-08-01T22:30,20.06,17.72,15842.1
2026-08-01,47,23,2026-08,2026-08-01T23:00,18.76,16.89,16317.6
2026-08-01,48,23,2026-08,2026-08-01T23:30,17.2,15.44,15758.1
2026-08-02,1,0,2026-08,2026-08-02T00:00,19.87,18.16,18233.0
2026-08-02,2,0,2026-08,2026-08-02T00:30,19.44,17.14,16742.3
2026-08-02,3,1,2026-08,2026-08-02T01:00,18.33,15.94,14903.5
2026-08-02,4,1,2026-08,2026-08-02T01:30,18.56,16.77,15573.0
2026-08-02,5,2,2026-08,2026-08-02T02:00,19.76,18.01,16697.4
2026-08-02,6,2,2026-08,2026-08-02T02:30,19.14,17.39,17047.8
2026-08-02,7,3,2026-08,2026-08-02T03:00,19.82,17.66,16465.9
2026-08-02,8,3,2026-08,2026-08-02T03:30,18.71,16.91,15458.8
2026-08-02,9,4,2026-08,2026-08-02T04:00,19.52,17.5,17108.1
2026-08-02,10,4,2026-08,2026-08-02T04:30,18.84,16.12,16340.7
2026-08-02,11,5,2026-08,2026-08-02T05:00,18.33,16.55,16735.9
2026-08-02,12,5,2026-08,2026-08-02T05:30,18.82,16.53,17311.1
2026-08-02,13,6,2026-08,2026-08-02T06:00,19.54,16.98,15987.9
2026-08-02,14,6,2026-08,2026-08-02T06:30,18.76,16.81,17333.4
2026-08-02,15,7,2026-08,2026-08-02T07:00,18.39,15.92,16438.0
2026-08-02,16,7,2026-08,2026-08-02T07:30,18.12,15.62,16335.6
2026-08-02,17,8,2026-08,2026-08-02T08:00,18.67,16.94,15028.2
2026-08-02,18,8,2026-08,2026-08-02T08:30,20.59,18.84,16668.2
2026-08-02,19,9,2026-08,2026-08-02T09:00,19.15,17.85,17188.0
2026-08-02,20,9,2026-08,2026-08-02T09:30,19.56,17.85,17219.3
2026-08-02,21,10,2026-08,2026-08-02T10:00,19.93,18.12,15913.9
2026-08-02,22,10,2026-08,2026-08-02T10:30,22.24,21.1,15629.5
2026-08-02,23,11,2026-08,2026-08-02T11:00,22.34,20.8,16824.4
2026-08-02,24,11,2026-08,2026-08-02T11:30,18.43,17.52,15880.2
2026-08-02,25,12,2026-08,2026-08-02T12:00,20.85,18.18,15519.4
2026-08-02,26,12,2026-08,2026-08-02T12:30,21.31,19.8,17295.7
2026-08-02,27,13,2026-08,2026-08-02T13:00,24.87,23.4,15993.4
2026-08-02,28,13,2026-08,2026-08-02T13:30,23.96,21.41,17477.7
2026-08-02,29,14,2026-08,2026-08-02T14:00,25.09,22.48,17073.8
2026-08-02,30,14,2026-08,2026-08-02T14:30,25.66,22.28,17821.8
2026-08-02,31,15,2026-08,2026-08-02T15:00,25.48,23.21,17149.1
2026-08-02,32,15,2026-08,2026-08-02T15:30,31.43,27.23,18786.3
2026-08-02,33,16,2026-08,2026-08-02T16:00,30.74,28.11,18156.5
2026-08-02,34,16,2026-08,2026-08-02T16:30,32.3,30.53,18753.2
2026-08-02,35,17,2026-08,2026-08-02T17:00,32.07,30.03,20536.1
2026-08-02,36,17,2026-08,2026-08-02T17:30,28.31,26.6,20148.7
2026-08-02,37,18,2026-08,2026-08-02T18:00,26.99,25.15,18305.4
2026-08-02,38,18,2026-08,2026-08-02T18:30,30.48,29.34,18954.7
2026-08-02,39,19,2026-08,2026-08-02T19:00,28.54,26.32,19767.9
2026-08-02,40,19,2026-08,2026-08-02T19:30,27.44,25.65,17967.9
2026-08-02,41,20,2026-08,2026-08-02T20:00,27.05,25.0,16907.0
2026-08-02,42,20,2026-08,2026-08-02T20:30,25.2,23.03,16928.3
2026-08-02,43,21,2026-08,2026-08-02T21:00,26.39,24.81,17945.6
2026-08-02,44,21,2026-08,2026-08-02T21:30,21.5,19.64,16907.7
2026-08-02,45,22,2026-08,2026-08-02T22:00,21.81,19.92,16569.4
2026-08-02,46,22,2026-08,2026-08-02T22:30,22.5,20.17,16220.1
2026-08-02,47,23,2026-08,2026-08-02T23:00,21.17,19.21,16902.8
2026-08-02,48,23,2026-08,2026-08-02T23:30,21.03,19.19,16711.0
2026-08-03,1,0,2026-08,2026-08-03T00:00,20.23,18.37,15692.4
2026-08-03,2,0,2026-08,2026-08-03T00:30,19.68,17.52,16264.3
2026-08-03,3,1,2026-08,2026-08-03T01:00,19.18,17.16,15853.6
2026-08-03,4,1,2026-08,2026-08-03T01:30,19.65,17.52,17086.8
2026-08-03,5,2,2026-08,2026-08-03T02:00,19.69,17.76,17001.6
2026-08-03,6,2,2026-08,2026-08-03T02:30,21.17,18.87,15656.3
2026-08-03,7,3,2026-08,2026-08-03T03:00,19.36,17.01,16791.9
2026-08-03,8,3,2026-08,2026-08-03T03:30,17.88,15.43,16248.9
2026-08-03,9,4,2026-08,2026-08-03T04:00,18.62,17.05,15600.1
2026-08-03,10,4,2026-08,2026-08-03T04:30,18.88,17.11,15877.0
2026-08-03,11,5,2026-08,2026-08-03T05:00,18.47,15.95,14999.9
2026-08-03,12,5,2026-08,2026-08-03T05:30,18.25,16.95,14922.1
2026-08-03,13,6,2026-08,2026-08-03T06:00,16.78,14.87,15688.2
2026-08-03,14,6,2026-08,2026-08-03T06:30,19.34,17.74,15390.2
2026-08-03,15,7,2026-08,2026-08-03T07:00,18.64,17.02,14975.2
2026-08-03,16,7,2026-08,2026-08-03T07:30,17.46,15.7,15664.1
2026-08-03,17,8,2026-08,2026-08-03T08:00,19.85,17.66,14620.7
2026-08-03,18,8,2026-08,2026-08-03T08:30,20.43,19.11,16213.6
2026-08-03,19,9,2026-08,2026-08-03T09:00,19.51,17.67,16435.4
2026-08-03,20,9,2026-08,2026-08-03T09:30,19.76,18.27,16735.3
2026-08-03,21,10,2026-08,2026-08-03T10:00,19.65,17.88,16763.0
2026-08-03,22,10,2026-08,2026-08-03T10:30,19.77,17.31,16928.8
2026-08-03,23,11,2026-08,2026-08-03T11:00,20.38,18.71,16543.5
2026-08-03,24,11,2026-08,2026-08-03T11:30,18.08,15.84,15528.2
2026-08-03,25,12,2026-08,2026-08-03T12:00,20.75,18.84,16876.9
2026-08-03,26,12,2026-08,2026-08-03T12:30,20.76,18.52,17670.4
2026-08-03,27,13,2026-08,2026-08-03T13:00,26.95,23.4,16476.6
2026-08-03,28,13,2026-08,2026-08-03T13:30,26.06,23.25,17758.5
2026-08-03,29,14,2026-08,2026-08-03T14:00,27.55,25.68,17949.3
2026-08-03,30,14,2026-08,2026-08-03T14:30,26.82,23.7,17547.0
2026-08-03,31,15,2026-08,2026-08-03T15:00,29.06,25.81,17593.7
2026-08-03,32,15,2026-08,2026-08-03T15:30,31.52,28.88,17434.3
2026-08-03,33,16,2026-08,2026-08-03T16:00,30.33,26.98,17943.2
2026-08-03,34,16,2026-08,2026-08-03T16:30,31.11,28.07,18586.5
2026-08-03,35,17,2026-08,2026-08-03T17:00,31.99,29.88,19723.8
2026-08-03,36,17,2026-08,2026-08-03T17:30,34.2,30.83,18878.8
2026-08-03,37,18,2026-08,2026-08-03T18:00,28.53,25.2,18545.6
2026-08-03,38,18,2026-08,2026-08-03T18:30,31.37,27.02,16721.8
2026-08-03,39,19,2026-08,2026-08-03T19:00,30.64,29.22,18501.0
2026-08-03,40,19,2026-08,2026-08-03T19:30,27.81,24.78,18515.1
2026-08-03,41,20,2026-08,2026-08-03T20:00,24.11,21.96,18457.7
2026-08-03,42,20,2026-08,2026-08-03T20:30,24.49,22.11,17466.3
2026-08-03,43,21,2026-08,2026-08-03T21:00,23.15,20.59,16123.3
2026-08-03,44,21,2026-08,2026-08-03T21:30,22.4,20.23,17749.0
2026-08-03,45,22,2026-08,2026-08-03T22:00,21.39,19.83,17505.6
2026-08-03,46,22,2026-08,2026-08-03T22:30,20.68,18.33,17170.8
2026-08-03,47,23,2026-08,2026-08-03T23:00,22.12,19.49,16384.3
2026-08-03,48,23,2026-08,2026-08-03T23:30,19.93,17.4,15455.0
2026-08-04,1,0,2026-08,2026-08-04T00:00,20.55,18.5,15573.7
2026-08-04,2,0,2026-08,2026-08-04T00:30,18.04,15.94,16094.7
2026-08-04,3,1,2026-08,2026-08-04T01:00,19.31,17.41,16493.3
2026-08-04,4,1,2026-08,2026-08-04T01:30,17.53,15.39,15957.4
2026-08-04,5,2,2026-08,2026-08-04T02:00,17.91,15.6,16514.9
2026-08-04,6,2,2026-08,2026-08-04T02:30,18.3,16.59,17725.7
2026-08-04,7,3,2026-08,2026-08-04T03:00,16.83,15.26,16147.6
2026-08-04,8,3,2026-08,2026-08-04T03:30,19.77,17.81,17431.5
2026-08-04,9,4,2026-08,2026-08-04T04:00,17.56,16.4,15280.7
2026-08-04,10,4,2026-08,2026-08-04T04:30,18.48,16.51,14958.8
2026-08-04,11,5,2026-08,2026-08-04T05:00,17.47,16.07,16742.0
2026-08-04,12,5,2026-08,2026-08-04T05:30,17.21,15.59,16612.0
2026-08-04,13,6,2026-08,2026-08-04T06:00,17.4,16.15,15355.9
2026-08-04,14,6,2026-08,2026-08-04T06:30,18.16,16.77,16211.6
2026-08-04,15,7,2026-08,2026-08-04T07:00,17.47,15.9,16840.5
2026-08-04,16,7,2026-08,2026-08-04T07:30,16.41,15.2,15547.3
2026-08-04,17,8,2026-08,2026-08-04T08:00,18.42,16.07,16479.9
2026-08-04,18,8,2026-08,2026-08-04T08:30,18.46,17.08,16534.2
2026-08-04,19,9,2026-08,2026-08-04T09:00,18.24,15.34,15277.3
2026-08-04,20,9,2026-08,2026-08-04T09:30,20.34,17.91,15749.5
2026-08-04,21,10,2026-08,2026-08-04T10:00,19.21,16.8,16227.6
2026-08-04,22,10,2026-08,2026-08-04T10:30,20.03,18.29,16577.9
2026-08-04,23,11,2026-08,2026-08-04T11:00,20.82,18.98,16397.8
2026-08-04,24,11,2026-08,2026-08-04T11:30,20.27,17.88,17029.8
2026-08-04,25,12,2026-08,2026-08-04T12:00,20.72,19.22,18670.0
2026-08-04,26,12,2026-08,2026-08-04T12:30,20.99,19.13,16675.8
2026-08-04,27,13,2026-08,2026-08-04T13:00,23.55,19.87,16799.7
2026-08-04,28,13,2026-08,2026-08-04T13:30,25.92,23.72,18190.8
2026-08-04,29,14,2026-08,2026-08-04T14:00,26.84,23.4,17264.7
2026-08-04,30,14,2026-08,2026-08-04T14:30,26.67,24.15,17522.7
2026-08-04,31,15,2026-08,2026-08-04T15:00,28.92,26.11,16449.1
2026-08-04,32,15,2026-08,2026-08-04T15:30,27.15,24.36,18629.8
2026-08-04,33,16,2026-08,2026-08-04T16:00,30.86,27.65,18895.1
2026-08-04,34,16,2026-08,2026-08-04T16:30,34.73,31.31,19554.0
2026-08-04,35,17,2026-08,2026-08-04T17:00,32.45,29.29,19345.6
2026-08-04,36,17,2026-08,2026-08-04T17:30,32.53,28.17,19182.8
2026-08-04,37,18,2026-08,2026-08-04T18:00,31.7,28.62,18960.6
2026-08-04,38,18,2026-08,2026-08-04T18:30,29.6,27.59,19836.1
2026-08-04,39,19,2026-08,2026-08-04T19:00,28.02,25.04,18369.5
2026-08-04,40,19,2026-08,2026-08-04T19:30,25.42,23.06,17754.8
2026-08-04,41,20,2026-08,2026-08-04T20:00,24.78,23.18,18263.3
2026-08-04,42,20,2026-08,2026-08-04T20:30,23.83,20.81,17465.0
2026-08-04,43,21,2026-08,2026-08-04T21:00,22.78,21.58,17392.6
2026-08-04,44,21,2026-08,2026-08-04T21:30,21.0,19.34,17005.7
2026-08-04,45,22,2026-08,2026-08-04T22:00,21.3,19.9,17332.2
2026-08-04,46,22,2026-08,2026-08-04T22:30,22.41,19.4,16183.1
2026-08-04,47,23,2026-08,2026-08-04T23:00,18.66,16.64,18332.8
2026-08-04,48,23,2026-08,2026-08-04T23:30,20.85,19.28,15919.0
2026-08-05,1,0,2026-08,2026-08-05T00:00,21.32,18.81,16313.9
2026-08-05,2,0,2026-08,2026-08-05T00:30,18.15,15.51,16202.4
2026-08-05,3,1,2026-08,2026-08-05T01:00,20.77,18.39,15080.4
2026-08-05,4,1,2026-08,2026-08-05T01:30,20.58,18.45,15396.3
2026-08-05,5,2,2026-08,2026-08-05T02:00,19.37,17.45,16263.9
2026-08-05,6,2,2026-08,2026-08-05T02:30,18.55,16.01,16955.1
2026-08-05,7,3,2026-08,2026-08-05T03:00,18.78,17.06,15683.4
2026-08-05,8,3,2026-08,2026-08-05T03:30,19.46,17.78,16312.8
2026-08-05,9,4,2026-08,2026-08-05T04:00,18.58,17.54,18007.9
2026-08-05,10,4,2026-08,2026-08-05T04:30,19.25,16.24,15490.1
2026-08-05,11,5,2026-08,2026-08-05T05:00,18.97,17.46,14459.2
2026-08-05,12,5,2026-08,2026-08-05T05:30,17.41,15.89,16092.1
2026-08-05,13,6,2026-08,2026-08-05T06:00,20.62,18.45,16356.8
2026-08-05,14,6,2026-08,2026-08-05T06:30,18.74,17.36,16024.2
2026-08-05,15,7,2026-08,2026-08-05T07:00,18.72,17.01,16757.3
2026-08-05,16,7,2026-08,2026-08-05T07:30,19.04,17.74,16646.0
2026-08-05,17,8,2026-08,2026-08-05T08:00,17.73,16.13,15846.3
2026-08-05,18,8,2026-08,2026-08-05T08:30,19.25,17.61,16817.5
2026-08-05,19,9,2026-08,2026-08-05T09:00,19.63,18.56,17462.2
2026-08-05,20,9,2026-08,2026-08-05T09:30,19.53,17.43,17158.8
2026-08-05,21,10,2026-08,2026-08-05T10:00,20.08,18.97,15436.4
2026-08-05,22,10,2026-08,2026-08-05T10:30,21.0,18.82,17220.8
2026-08-05,23,11,2026-08,2026-08-05T11:00,18.62,15.87,15249.1
2026-08-05,24,11,2026-08,2026-08-05T11:30,20.57,18.28,15580.9
2026-08-05,25,12,2026-08,2026-08-05T12:00,20.59,18.03,16532.1
2026-08-05,26,12,2026-08,2026-08-05T12:30,22.83,20.64,15274.9
2026-08-05,27,13,2026-08,2026-08-05T13:00,25.31,24.84,16296.7
2026-08-05,28,13,2026-08,2026-08-05T13:30,24.18,21.23,17297.3
2026-08-05,29,14,2026-08,2026-08-05T14:00,26.71,23.32,16413.1
2026-08-05,30,14,2026-08,2026-08-05T14:30,27.47,23.71,18215.4
2026-08-05,31,15,2026-08,2026-08-05T15:00,30.87,27.17,16795.9
2026-08-05,32,15,2026-08,2026-08-05T15:30,32.89,29.42,18265.2
2026-08-05,33,16,2026-08,2026-08-05T16:00,31.64,28.62,18761.7
2026-08-05,34,16,2026-08,2026-08-05T16:30,34.3,28.94,17805.1
2026-08-05,35,17,2026-08,2026-08-05T17:00,32.76,28.12,17990.2
2026-08-05,36,17,2026-08,2026-08-05T17:30,32.38,28.1,19438.1
2026-08-05,37,18,2026-08,2026-08-05T18:00,33.6,27.85,18372.7
2026-08-05,38,18,2026-08,2026-08-05T18:30,32.47,26.68,17236.3
2026-08-05,39,19,2026-08,2026-08-05T19:00,31.43,27.35,17224.6
2026-08-05,40,19,2026-08,2026-08-05T19:30,27.21,23.1,18505.9
2026-08-05,41,20,2026-08,2026-08-05T20:00,26.24,22.36,17809.6
2026-08-05,42,20,2026-08,2026-08-05T20:30,23.68,21.86,17834.5
2026-08-05,43,21,2026-08,2026-08-05T21:00,23.51,19.99,16550.1
2026-08-05,44,21,2026-08,2026-08-05T21:30,21.37,18.56,17437.3
2026-08-05,45,22,2026-08,2026-08-05T22:00,22.08,20.53,17283.5
2026-08-05,46,22,2026-08,2026-08-05T22:30,23.43,20.96,17874.1
2026-08-05,47,23,2026-08,2026-08-05T23:00,20.17,17.66,15001.9
2026-08-05,48,23,2026-08,2026-08-05T23:30,21.32,18.78,15801.5
2026-08-06,1,0,2026-08,2026-08-06T00:00,19.25,17.41,15949.8
2026-08-06,2,0,2026-08,2026-08-06T00:30,17.62,16.13,16179.9
2026-08-06,3,1,2026-08,2026-08-06T01:00,18.52,16.48,16901.7
2026-08-06,4,1,2026-08,2026-08-06T01:30,18.94,16.61,15401.1
2026-08-06,5,2,2026-08,2026-08-06T02:00,18.5,16.56,14553.1
2026-08-06,6,2,2026-08,2026-08-06T02:30,18.94,16.76,15591.0
2026-08-06,7,3,2026-08,2026-08-06T03:00,18.5,16.21,16552.7
2026-08-06,8,3,2026-08,2026-08-06T03:30,18.67,17.08,16195.9
2026-08-06,9,4,2026-08,2026-08-06T04:00,19.9,17.85,17546.7
2026-08-06,10,4,2026-08,2026-08-06T04:30,19.93,17.61,15799.6
2026-08-06,11,5,2026-08,2026-08-06T05:00,17.81,15.73,17619.7
2026-08-06,12,5,2026-08,2026-08-06T05:30,17.85,15.87,14799.6
2026-08-06,13,6,2026-08,2026-08-06T06:00,18.15,16.84,15042.5
2026-08-06,14,6,2026-08,2026-08-06T06:30,19.43,17.46,14397.6
2026-08-06,15,7,2026-08,2026-08-06T07:00,18.72,16.74,16484.1
2026-08-06,16,7,2026-08,2026-08-06T07:30,19.7,17.84,16264.5
2026-08-06,17,8,2026-08,2026-08-06T08:00,16.32,15.43,15755.4
2026-08-06,18,8,2026-08,2026-08-06T08:30,20.15,18.1,16265.6
2026-08-06,19,9,2026-08,2026-08-06T09:00,21.47,18.88,17215.0
2026-08-06,20,9,2026-08,2026-08-06T09:30,20.71,19.72,16213.6
2026-08-06,21,10,2026-08,2026-08-06T10:00,19.56,17.46,17504.6
2026-08-06,22,10,2026-08,2026-08-06T10:30,21.07,20.38,15093.7
2026-08-06,23,11,2026-08,2026-08-06T11:00,20.25,18.67,16652.1
2026-08-06,24,11,2026-08,2026-08-06T11:30,20.2,18.75,16071.3
2026-08-06,25,12,2026-08,2026-08-06T12:00,20.47,18.28,16036.7
2026-08-06,26,12,2026-08,2026-08-06T12:30,22.72,20.54,16702.4
2026-08-06,27,13,2026-08,2026-08-06T13:00,24.73,22.48,17477.7
2026-08-06,28,13,2026-08,2026-08-06T13:30,26.38,23.41,18142.9
2026-08-06,29,14,2026-08,2026-08-06T14:00,28.17,24.83,17366.8
2026-08-06,30,14,2026-08,2026-08-06T14:30,31.15,26.48,17138.3
2026-08-06,31,15,2026-08,2026-08-06T15:00,29.57,26.98,19792.0
2026-08-06,32,15,2026-08,2026-08-06T15:30,33.32,28.47,17416.2
2026-08-06,33,16,2026-08,2026-08-06T16:00,31.21,26.14,20130.1
2026-08-06,34,16,2026-08,2026-08-06T16:30,32.7,30.37,18870.5
2026-08-06,35,17,2026-08,2026-08-06T17:00,30.77,26.02,19407.8
2026-08-06,36,17,2026-08,2026-08-06T17:30,33.62,29.15,19145.0
2026-08-06,37,18,2026-08,2026-08-06T18:00,32.71,28.96,17813.5
2026-08-06,38,18,2026-08,2026-08-06T18:30,32.01,28.3,18207.2
2026-08-06,39,19,2026-08,2026-08-06T19:00,32.04,29.09,16698.1
2026-08-06,40,19,2026-08,2026-08-06T19:30,27.34,23.39,17880.8
2026-08-06,41,20,2026-08,2026-08-06T20:00,26.46,24.25,18991.3
2026-08-06,42,20,2026-08,2026-08-06T20:30,27.68,25.77,17822.6
2026-08-06,43,21,2026-08,2026-08-06T21:00,24.25,21.85,15580.3
2026-08-06,44,21,2026-08,2026-08-06T21:30,24.21,21.51,17711.0
2026-08-06,45,22,2026-08,2026-08-06T22:00,22.37,19.16,16071.5
2026-08-06,46,22,2026-08,2026-08-06T22:30,21.46,19.75,17076.2
2026-08-06,47,23,2026-08,2026-08-06T23:00,20.88,18.8,16751.3
2026-08-06,48,23,2026-08,2026-08-06T23:30,22.0,19.85,17350.8
2026-08-07,1,0,2026-08,2026-08-07T00:00,20.9,18.18,16672.1
2026-08-07,2,0,2026-08,2026-08-07T00:30,20.75,17.52,16859.5
2026-08-07,3,1,2026-08,2026-08-07T01:00,20.74,19.12,15250.8
2026-08-07,4,1,2026-08,2026-08-07T01:30,20.39,18.45,15372.9
2026-08-07,5,2,2026-08,2026-08-07T02:00,21.21,19.14,14512.8
2026-08-07,6,2,2026-08,2026-08-07T02:30,19.54,17.58,17025.7
2026-08-07,7,3,2026-08,2026-08-07T03:00,20.41,18.69,17044.4
2026-08-07,8,3,2026-08,2026-08-07T03:30,19.95,17.35,17886.5
2026-08-07,9,4,2026-08,2026-08-07T04:00,19.58,17.21,16342.3
2026-08-07,10,4,2026-08,2026-08-07T04:30,20.29,19.06,17549.2
2026-08-07,11,5,2026-08,2026-08-07T05:00,19.25,17.51,15855.4
2026-08-07,12,5,2026-08,2026-08-07T05:30,20.34,17.48,16775.0
2026-08-07,13,6,2026-08,2026-08-07T06:00,19.31,17.77,14512.8
2026-08-07,14,6,2026-08,2026-08-07T06:30,20.43,18.81,15265.0
2026-08-07,15,7,2026-08,2026-08-07T07:00,17.46,15.57,17026.1
2026-08-07,16,7,2026-08,2026-08-07T07:30,18.08,16.03,16118.5
2026-08-07,17,8,2026-08,2026-08-07T08:00,19.85,17.46,14723.1
2026-08-07,18,8,2026-08,2026-08-07T08:30,19.97,17.51,16435.8
2026-08-07,19,9,2026-08,2026-08-07T09:00,22.39,20.43,18227.8
2026-08-07,20,9,2026-08,2026-08-07T09:30,21.62,19.37,15886.3
2026-08-07,21,10,2026-08,2026-08-07T10:00,20.62,17.97,16018.1
2026-08-07,22,10,2026-08,2026-08-07T10:30,22.72,20.89,16131.6
2026-08-07,23,11,2026-08,2026-08-07T11:00,22.53,19.73,15318.4
2026-08-07,24,11,2026-08,2026-08-07T11:30,19.4,18.07,15523.7
2026-08-07,25,12,2026-08,2026-08-07T12:00,20.18,17.37,17767.5
2026-08-07,26,12,2026-08,2026-08-07T12:30,23.97,22.17,17184.6
2026-08-07,27,13,2026-08,2026-08-07T13:00,24.7,21.87,17072.2
2026-08-07,28,13,2026-08,2026-08-07T13:30,29.96,24.88,16383.8
2026-08-07,29,14,2026-08,2026-08-07T14:00,29.32,24.62,16996.7
2026-08-07,30,14,2026-08,2026-08-07T14:30,29.68,25.14,17474.0
2026-08-07,31,15,2026-08,2026-08-07T15:00,31.64,26.47,17284.0
2026-08-07,32,15,2026-08,2026-08-07T15:30,34.5,30.16,17614.8
2026-08-07,33,16,2026-08,2026-08-07T16:00,36.33,31.63,17995.7
2026-08-07,34,16,2026-08,2026-08-07T16:30,37.34,30.31,17114.3
2026-08-07,35,17,2026-08,2026-08-07T17:00,33.46,28.68,19672.5
2026-08-07,36,17,2026-08,2026-08-07T17:30,33.47,28.87,19324.9
2026-08-07,37,18,2026-08,2026-08-07T18:00,32.21,26.46,17119.4
2026-08-07,38,18,2026-08,2026-08-07T18:30,32.89,27.51,20357.1
2026-08-07,39,19,2026-08,2026-08-07T19:00,33.27,28.96,20239.3
2026-08-07,40,19,2026-08,2026-08-07T19:30,30.72,27.37,18023.0
2026-08-07,41,20,2026-08,2026-08-07T20:00,29.39,25.16,17511.0
2026-08-07,42,20,2026-08,2026-08-07T20:30,25.85,24.49,17389.1
2026-08-07,43,21,2026-08,2026-08-07T21:00,24.17,21.84,16596.3
2026-08-07,44,21,2026-08,2026-08-07T21:30,25.7,23.34,17804.8
2026-08-07,45,22,2026-08,2026-08-07T22:00,22.21,19.53,15767.3
2026-08-07,46,22,2026-08,2026-08-07T22:30,22.83,19.82,16069.1
2026-08-07,47,23,2026-08,2026-08-07T23:00,19.27,17.35,15845.8
2026-08-07,48,23,2026-08,2026-08-07T23:30,21.09,18.78,15427.6
2026-08-08,1,0,2026-08,2026-08-08T00:00,16.27,14.1,16094.9
2026-08-08,2,0,2026-08,2026-08-08T00:30,16.54,15.29,16737.6
2026-08-08,3,1,2026-08,2026-08-08T01:00,16.25,14.76,16130.1
2026-08-08,4,1,2026-08,2026-08-08T01:30,17.65,16.84,15777.4
2026-08-08,5,2,2026-08,2026-08-08T02:00,17.36,15.33,16559.2
2026-08-08,6,2,2026-08,2026-08-08T02:30,15.23,13.92,15629.5
2026-08-08,7,3,2026-08,2026-08-08T03:00,15.93,13.61,16279.9
2026-08-08,8,3,2026-08,2026-08-08T03:30,16.03,15.07,15313.5
2026-08-08,9,4,2026-08,2026-08-08T04:00,15.84,14.64,14896.1
2026-08-08,10,4,2026-08,2026-08-08T04:30,16.94,15.62,14835.5
2026-08-08,11,5,2026-08,2026-08-08T05:00,16.18,14.65,16689.6
2026-08-08,12,5,2026-08,2026-08-08T05:30,14.25,12.74,16412.0
2026-08-08,13,6,2026-08,2026-08-08T06:00,16.1,14.01,16019.8
2026-08-08,14,6,2026-08,2026-08-08T06:30,13.97,13.56,15319.4
2026-08-08,15,7,2026-08,2026-08-08T07:00,15.88,13.44,16300.8
2026-08-08,16,7,2026-08,2026-08-08T07:30,15.11,13.66,15825.5
2026-08-08,17,8,2026-08,2026-08-08T08:00,15.98,14.58,15000.9
2026-08-08,18,8,2026-08,2026-08-08T08:30,16.97,14.74,16750.5
2026-08-08,19,9,2026-08,2026-08-08T09:00,18.13,16.47,15154.0
2026-08-08,20,9,2026-08,2026-08-08T09:30,16.26,15.24,18836.4
2026-08-08,21,10,2026-08,2026-08-08T10:00,16.67,14.6,16655.9
2026-08-08,22,10,2026-08,2026-08-08T10:30,16.64,14.96,16437.7
2026-08-08,23,11,2026-08,2026-08-08T11:00,16.12,14.47,15901.6
2026-08-08,24,11,2026-08,2026-08-08T11:30,15.62,14.33,18023.9
2026-08-08,25,12,2026-08,2026-08-08T12:00,17.9,16.03,16030.6
2026-08-08,26,12,2026-08,2026-08-08T12:30,19.78,18.41,15888.5
2026-08-08,27,13,2026-08,2026-08-08T13:00,18.61,15.46,16723.7
2026-08-08,28,13,2026-08,2026-08-08T13:30,20.3,17.9,16457.8
2026-08-08,29,14,2026-08,2026-08-08T14:00,23.57,21.04,17574.9
2026-08-08,30,14,2026-08,2026-08-08T14:30,23.04,21.01,18073.8
2026-08-08,31,15,2026-08,2026-08-08T15:00,23.27,21.45,18834.5
2026-08-08,32,15,2026-08,2026-08-08T15:30,27.94,25.4,18190.6
2026-08-08,33,16,2026-08,2026-08-08T16:00,27.89,24.76,18485.9
2026-08-08,34,16,2026-08,2026-08-08T16:30,26.59,23.88,17723.4
2026-08-08,35,17,2026-08,2026-08-08T17:00,27.7,25.9,17552.7
2026-08-08,36,17,2026-08,2026-08-08T17:30,25.42,22.75,18500.1
2026-08-08,37,18,2026-08,2026-08-08T18:00,26.86,24.79,17612.4
2026-08-08,38,18,2026-08,2026-08-08T18:30,25.0,22.85,18099.7
2026-08-08,39,19,2026-08,2026-08-08T19:00,25.92,23.0,18364.3
2026-08-08,40,19,2026-08,2026-08-08T19:30,22.19,19.97,17949.5
2026-08-08,41,20,2026-08,2026-08-08T20:00,19.92,17.52,17496.1
2026-08-08,42,20,2026-08,2026-08-08T20:30,21.02,19.96,16433.3
2026-08-08,43,21,2026-08,2026-08-08T21:00,19.79,17.57,18419.7
2026-08-08,44,21,2026-08,2026-08-08T21:30,18.58,17.14,16196.2
2026-08-08,45,22,2026-08,2026-08-08T22:00,19.11,16.54,16060.0
2026-08-08,46,22,2026-08,2026-08-08T22:30,17.83,15.62,16200.4
2026-08-08,47,23,2026-08,2026-08-08T23:00,17.36,15.31,17060.6
2026-08-08,48,23,2026-08,2026-08-08T23:30,15.74,13.77,16158.4
2026-08-09,1,0,2026-08,2026-08-09T00:00,18.27,15.83,14702.9
2026-08-09,2,0,2026-08,2026-08-09T00:30,17.45,15.16,16641.9
2026-08-09,3,1,2026-08,2026-08-09T01:00,18.0,16.35,16064.4
2026-08-09,4,1,2026-08,2026-08-09T01:30,17.49,15.36,15402.2
2026-08-09,5,2,2026-08,2026-08-09T02:00,17.7,16.17,15024.3
2026-08-09,6,2,2026-08,2026-08-09T02:30,17.91,16.5,15604.2
2026-08-09,7,3,2026-08,2026-08-09T03:00,18.0,17.01,16426.7
2026-08-09,8,3,2026-08,2026-08-09T03:30,19.05,16.67,16242.9
2026-08-09,9,4,2026-08,2026-08-09T04:00,18.68,16.48,16791.3
2026-08-09,10,4,2026-08,2026-08-09T04:30,16.62,14.28,14705.2
2026-08-09,11,5,2026-08,2026-08-09T05:00,16.21,14.28,15279.0
2026-08-09,12,5,2026-08,2026-08-09T05:30,17.1,15.43,16391.1
2026-08-09,13,6,2026-08,2026-08-09T06:00,16.71,14.62,15799.7
2026-08-09,14,6,2026-08,2026-08-09T06:30,17.15,16.11,16863.6
2026-08-09,15,7,2026-08,2026-08-09T07:00,17.88,17.24,18199.7
2026-08-09,16,7,2026-08,2026-08-09T07:30,16.68,14.74,15082.1
2026-08-09,17,8,2026-08,2026-08-09T08:00,17.46,15.98,16473.9
2026-08-09,18,8,2026-08,2026-08-09T08:30,18.03,14.51,17711.7
2026-08-09,19,9,2026-08,2026-08-09T09:00,17.55,16.12,16397.4
2026-08-09,20,9,2026-08,2026-08-09T09:30,17.6,15.15,16746.0
2026-08-09,21,10,2026-08,2026-08-09T10:00,19.5,17.84,15375.6
2026-08-09,22,10,2026-08,2026-08-09T10:30,17.15,15.05,15099.5
2026-08-09,23,11,2026-08,2026-08-09T11:00,17.86,15.74,18131.7
2026-08-09,24,11,2026-08,2026-08-09T11:30,17.25,15.0,16274.6
2026-08-09,25,12,2026-08,2026-08-09T12:00,18.39,16.98,15900.2
2026-08-09,26,12,2026-08,2026-08-09T12:30,19.97,17.89,17949.1
2026-08-09,27,13,2026-08,2026-08-09T13:00,21.52,19.45,16935.9
2026-08-09,28,13,2026-08,2026-08-09T13:30,24.24,21.65,18489.4
2026-08-09,29,14,2026-08,2026-08-09T14:00,24.96,23.5,16466.7
2026-08-09,30,14,2026-08,2026-08-09T14:30,23.2,21.07,16574.1
2026-08-09,31,15,2026-08,2026-08-09T15:00,28.21,25.55,18278.7
2026-08-09,32,15,2026-08,2026-08-09T15:30,27.51,25.45,19683.3
2026-08-09,33,16,2026-08,2026-08-09T16:00,30.66,28.74,17963.2
2026-08-09,34,16,2026-08,2026-08-09T16:30,29.64,28.14,18841.6
2026-08-09,35,17,2026-08,2026-08-09T17:00,30.69,26.72,19185.4
2026-08-09,36,17,2026-08,2026-08-09T17:30,27.58,25.33,17318.3
2026-08-09,37,18,2026-08,2026-08-09T18:00,27.54,23.61,18077.6
2026-08-09,38,18,2026-08,2026-08-09T18:30,27.13,25.37,17965.5
2026-08-09,39,19,2026-08,2026-08-09T19:00,25.66,22.53,19166.1
2026-08-09,40,19,2026-08,2026-08-09T19:30,24.21,21.67,18484.6
2026-08-09,41,20,2026-08,2026-08-09T20:00,21.99,19.08,18500.7
2026-08-09,42,20,2026-08,2026-08-09T20:30,21.55,19.12,17885.3
2026-08-09,43,21,2026-08,2026-08-09T21:00,21.72,19.33,17369.2
2026-08-09,44,21,2026-08,2026-08-09T21:30,21.17,18.85,16423.0
2026-08-09,45,22,2026-08,2026-08-09T22:00,21.55,19.06,18291.2
2026-08-09,46,22,2026-08,2026-08-09T22:30,18.89,17.3,16417.9
2026-08-09,47,23,2026-08,2026-08-09T23:00,19.22,17.48,16722.5
2026-08-09,48,23,2026-08,2026-08-09T23:30,18.97,17.19,15803.2
2026-08-10,1,0,2026-08,2026-08-10T00:00,22.55,19.55,16803.6
2026-08-10,2,0,2026-08,2026-08-10T00:30,24.29,22.14,16941.7
2026-08-10,3,1,2026-08,2026-08-10T01:00,23.83,22.8,15724.3
2026-08-10,4,1,2026-08,2026-08-10T01:30,20.95,18.86,15879.4
2026-08-10,5,2,2026-08,2026-08-10T02:00,22.85,20.43,14503.7
2026-08-10,6,2,2026-08,2026-08-10T02:30,25.08,21.76,15211.3
2026-08-10,7,3,2026-08,2026-08-10T03:00,24.21,21.91,16288.8
2026-08-10,8,3,2026-08,2026-08-10T03:30,20.83,17.77,15559.8
2026-08-10,9,4,2026-08,2026-08-10T04:00,21.0,19.65,15875.3
2026-08-10,10,4,2026-08,2026-08-10T04:30,22.33,19.82,16063.9
2026-08-10,11,5,2026-08,2026-08-10T05:00,22.21,19.16,16951.2
2026-08-10,12,5,2026-08,2026-08-10T05:30,22.15,19.19,16077.8
2026-08-10,13,6,2026-08,2026-08-10T06:00,22.16,20.74,17287.1
2026-08-10,14,6,2026-08,2026-08-10T06:30,20.83,18.74,16427.5
2026-08-10,15,7,2026-08,2026-08-10T07:00,22.85,20.88,15613.7
2026-08-10,16,7,2026-08,2026-08-10T07:30,22.8,20.71,15570.3
2026-08-10,17,8,2026-08,2026-08-10T08:00,20.92,19.05,15149.6
2026-08-10,18,8,2026-08,2026-08-10T08:30,23.52,21.54,16306.4
2026-08-10,19,9,2026-08,2026-08-10T09:00,21.88,19.14,15355.2
2026-08-10,20,9,2026-08,2026-08-10T09:30,24.05,20.62,15668.1
2026-08-10,21,10,2026-08,2026-08-10T10:00,21.65,20.35,16558.2
2026-08-10,22,10,2026-08,2026-08-10T10:30,24.15,21.4,16043.0
2026-08-10,23,11,2026-08,2026-08-10T11:00,22.75,20.16,18318.1
2026-08-10,24,11,2026-08,2026-08-10T11:30,23.21,20.02,16152.7
2026-08-10,25,12,2026-08,2026-08-10T12:00,26.95,24.28,17509.0
2026-08-10,26,12,2026-08,2026-08-10T12:30,26.39,23.4,16854.8
2026-08-10,27,13,2026-08,2026-08-10T13:00,28.05,25.46,15602.9
2026-08-10,28,13,2026-08,2026-08-10T13:30,30.98,28.4,15213.6
2026-08-10,29,14,2026-08,2026-08-10T14:00,30.86,29.16,17475.9
2026-08-10,30,14,2026-08,2026-08-10T14:30,32.21,29.09,15938.1
2026-08-10,31,15,2026-08,2026-08-10T15:00,32.16,29.01,17355.6
2026-08-10,32,15,2026-08,2026-08-10T15:30,35.73,33.3,17454.5
2026-08-10,33,16,2026-08,2026-08-10T16:00,32.9,29.62,18123.3
2026-08-10,34,16,2026-08,2026-08-10T16:30,36.79,32.43,18405.6
2026-08-10,35,17,2026-08,2026-08-10T17:00,37.75,34.77,18822.2
2026-08-10,36,17,2026-08,2026-08-10T17:30,35.96,32.5,16516.0
2026-08-10,37,18,2026-08,2026-08-10T18:00,36.08,32.72,17152.7
2026-08-10,38,18,2026-08,2026-08-10T18:30,33.59,29.74,18674.9
2026-08-10,39,19,2026-08,2026-08-10T19:00,36.74,33.41,17968.6
2026-08-10,40,19,2026-08,2026-08-10T19:30,34.67,32.43,19728.3
2026-08-10,41,20,2026-08,2026-08-10T20:00,32.34,28.19,16594.2
2026-08-10,42,20,2026-08,2026-08-10T20:30,28.11,25.07,18135.8
2026-08-10,43,21,2026-08,2026-08-10T21:00,28.69,25.95,16916.5
2026-08-10,44,21,2026-08,2026-08-10T21:30,29.36,26.53,16008.8
2026-08-10,45,22,2026-08,2026-08-10T22:00,28.65,24.8,16951.3
2026-08-10,46,22,2026-08,2026-08-10T22:30,23.88,21.58,16987.7
2026-08-10,47,23,2026-08,2026-08-10T23:00,23.59,21.87,15785.6
2026-08-10,48,23,2026-08,2026-08-10T23:30,24.76,22.82,16652.2
2026-08-11,1,0,2026-08,2026-08-11T00:00,16.03,14.48,16311.0
2026-08-11,2,0,2026-08,2026-08-11T00:30,17.19,15.49,16241.3
2026-08-11,3,1,2026-08,2026-08-11T01:00,15.93,14.49,18191.2
2026-08-11,4,1,2026-08,2026-08-11T01:30,16.72,14.88,14653.4
2026-08-11,5,2,2026-08,2026-08-11T02:00,17.45,16.02,15315.6
2026-08-11,6,2,2026-08,2026-08-11T02:30,17.52,15.3,16353.5
2026-08-11,7,3,2026-08,2026-08-11T03:00,20.13,18.27,16813.6
2026-08-11,8,3,2026-08,2026-08-11T03:30,15.72,13.92,16370.1
2026-08-11,9,4,2026-08,2026-08-11T04:00,17.39,15.18,17344.9
2026-08-11,10,4,2026-08,2026-08-11T04:30,16.32,15.1,17686.5
2026-08-11,11,5,2026-08,2026-08-11T05:00,17.31,15.29,15579.4
2026-08-11,12,5,2026-08,2026-08-11T05:30,16.33,14.59,15858.4
2026-08-11,13,6,2026-08,2026-08-11T06:00,16.08,14.35,14786.5
2026-08-11,14,6,2026-08,2026-08-11T06:30,14.89,13.71,16189.3
2026-08-11,15,7,2026-08,2026-08-11T07:00,15.08,13.99,16021.5
2026-08-11,16,7,2026-08,2026-08-11T07:30,16.64,14.83,15289.0
2026-08-11,17,8,2026-08,2026-08-11T08:00,14.97,13.74,17070.9
2026-08-11,18,8,2026-08,2026-08-11T08:30,15.9,14.77,15767.9
2026-08-11,19,9,2026-08,2026-08-11T09:00,18.2,16.41,16264.0
2026-08-11,20,9,2026-08,2026-08-11T09:30,16.79,15.56,15319.5
2026-08-11,21,10,2026-08,2026-08-11T10:00,18.29,16.47,17084.3
2026-08-11,22,10,2026-08,2026-08-11T10:30,16.33,14.6,17291.7
2026-08-11,23,11,2026-08,2026-08-11T11:00,18.8,16.66,16054.3
2026-08-11,24,11,2026-08,2026-08-11T11:30,17.59,15.0,16307.5
2026-08-11,25,12,2026-08,2026-08-11T12:00,17.15,15.18,17094.1
2026-08-11,26,12,2026-08,2026-08-11T12:30,17.79,14.58,16806.6
2026-08-11,27,13,2026-08,2026-08-11T13:00,24.02,22.07,16514.9
2026-08-11,28,13,2026-08,2026-08-11T13:30,22.37,20.72,16162.2
2026-08-11,29,14,2026-08,2026-08-11T14:00,23.85,21.97,17403.8
2026-08-11,30,14,2026-08,2026-08-11T14:30,23.04,20.5,18169.4
2026-08-11,31,15,2026-08,2026-08-11T15:00,25.93,24.52,19468.7
2026-08-11,32,15,2026-08,2026-08-11T15:30,25.8,23.57,19659.7
2026-08-11,33,16,2026-08,2026-08-11T16:00,27.24,23.73,17654.4
2026-08-11,34,16,2026-08,2026-08-11T16:30,28.22,24.74,17950.3
2026-08-11,35,17,2026-08,2026-08-11T17:00,27.02,24.37,19081.8
2026-08-11,36,17,2026-08,2026-08-11T17:30,26.7,22.89,19922.6
2026-08-11,37,18,2026-08,2026-08-11T18:00,27.56,23.71,17275.0
2026-08-11,38,18,2026-08,2026-08-11T18:30,25.24,23.07,19275.4
2026-08-11,39,19,2026-08,2026-08-11T19:00,24.14,21.63,16871.7
2026-08-11,40,19,2026-08,2026-08-11T19:30,24.32,21.79,18612.9
2026-08-11,41,20,2026-08,2026-08-11T20:00,20.85,18.78,16991.9
2026-08-11,42,20,2026-08,2026-08-11T20:30,20.36,17.84,17626.1
2026-08-11,43,21,2026-08,2026-08-11T21:00,20.64,18.63,16860.9
2026-08-11,44,21,2026-08,2026-08-11T21:30,21.21,20.47,17765.1
2026-08-11,45,22,2026-08,2026-08-11T22:00,19.86,17.78,17266.7
2026-08-11,46,22,2026-08,2026-08-11T22:30,19.79,17.76,17030.9
2026-08-11,47,23,2026-08,2026-08-11T23:00,18.85,16.66,15142.6
2026-08-11,48,23,2026-08,2026-08-11T23:30,17.48,15.73,16709.2
2026-08-12,1,0,2026-08,2026-08-12T00:00,20.32,18.16,15497.9
2026-08-12,2,0,2026-08,2026-08-12T00:30,19.82,18.12,16093.7
2026-08-12,3,1,2026-08,2026-08-12T01:00,17.67,16.48,15198.2
2026-08-12,4,1,2026-08,2026-08-12T01:30,17.2,15.82,14881.7
2026-08-12,5,2,2026-08,2026-08-12T02:00,17.71,15.79,16990.5
2026-08-12,6,2,2026-08,2026-08-12T02:30,18.65,17.08,16434.3
2026-08-12,7,3,2026-08,2026-08-12T03:00,18.48,16.36,17291.2
2026-08-12,8,3,2026-08,2026-08-12T03:30,18.91,17.56,16979.3
2026-08-12,9,4,2026-08,2026-08-12T04:00,19.26,17.37,16721.6
2026-08-12,10,4,2026-08,2026-08-12T04:30,19.78,17.59,15920.4
2026-08-12,11,5,2026-08,2026-08-12T05:00,17.82,16.37,17797.6
2026-08-12,12,5,2026-08,2026-08-12T05:30,18.4,15.87,15052.0
2026-08-12,13,6,2026-08,2026-08-12T06:00,16.2,14.82,17384.8
2026-08-12,14,6,2026-08,2026-08-12T06:30,16.1,14.39,16143.9
2026-08-12,15,7,2026-08,2026-08-12T07:00,16.31,14.04,15016.6
2026-08-12,16,7,2026-08,2026-08-12T07:30,17.77,16.72,15417.6
2026-08-12,17,8,2026-08,2026-08-12T08:00,18.12,16.66,15716.8
2026-08-12,18,8,2026-08,2026-08-12T08:30,18.88,18.04,15883.1
2026-08-12,19,9,2026-08,2026-08-12T09:00,19.27,17.36,16997.1
2026-08-12,20,9,2026-08,2026-08-12T09:30,18.28,16.44,17648.8
2026-08-12,21,10,2026-08,2026-08-12T10:00,18.78,16.96,16831.9
2026-08-12,22,10,2026-08,2026-08-12T10:30,19.75,18.43,16379.4
2026-08-12,23,11,2026-08,2026-08-12T11:00,19.46,16.56,15433.0
2026-08-12,24,11,2026-08,2026-08-12T11:30,18.97,17.8,16639.1
2026-08-12,25,12,2026-08,2026-08-12T12:00,19.04,16.74,18008.9
2026-08-12,26,12,2026-08,2026-08-12T12:30,23.37,20.75,16132.3
2026-08-12,27,13,2026-08,2026-08-12T13:00,22.13,19.47,17005.4
2026-08-12,28,13,2026-08,2026-08-12T13:30,25.48,20.66,16417.8
2026-08-12,29,14,2026-08,2026-08-12T14:00,24.83,21.18,20168.9
2026-08-12,30,14,2026-08,2026-08-12T14:30,25.96,22.61,17445.4
2026-08-12,31,15,2026-08,2026-08-12T15:00,27.88,23.83,18730.7
2026-08-12,32,15,2026-08,2026-08-12T15:30,29.79,26.17,18381.8
2026-08-12,33,16,2026-08,2026-08-12T16:00,29.64,27.44,18285.1
2026-08-12,34,16,2026-08,2026-08-12T16:30,33.41,30.2,18915.3
2026-08-12,35,17,2026-08,2026-08-12T17:00,27.47,23.59,18424.9
2026-08-12,36,17,2026-08,2026-08-12T17:30,32.3,28.6,18604.0
2026-08-12,37,18,2026-08,2026-08-12T18:00,30.25,28.31,18054.7
2026-08-12,38,18,2026-08,2026-08-12T18:30,30.8,25.96,19018.1
2026-08-12,39,19,2026-08,2026-08-12T19:00,26.53,23.83,18326.8
2026-08-12,40,19,2026-08,2026-08-12T19:30,25.18,21.74,16407.4
2026-08-12,41,20,2026-08,2026-08-12T20:00,25.15,22.0,17637.5
2026-08-12,42,20,2026-08,2026-08-12T20:30,23.76,21.75,18045.9
2026-08-12,43,21,2026-08,2026-08-12T21:00,23.27,21.39,17258.0
2026-08-12,44,21,2026-08,2026-08-12T21:30,22.85,20.52,18315.2
2026-08-12,45,22,2026-08,2026-08-12T22:00,21.23,20.13,14393.8
2026-08-12,46,22,2026-08,2026-08-12T22:30,20.57,19.18,17750.3
2026-08-12,47,23,2026-08,2026-08-12T23:00,19.07,17.86,15974.7
2026-08-12,48,23,2026-08,2026-08-12T23:30,20.01,18.02,17475.8
2026-08-13,1,0,2026-08,2026-08-13T00:00,17.62,16.62,16374.7
2026-08-13,2,0,2026-08,2026-08-13T00:30,16.17,14.74,16255.8
2026-08-13,3,1,2026-08,2026-08-13T01:00,15.14,14.02,15879.4
2026-08-13,4,1,2026-08,2026-08-13T01:30,14.97,14.17,16016.0
2026-08-13,5,2,2026-08,2026-08-13T02:00,15.6,15.24,14288.2
2026-08-13,6,2,2026-08,2026-08-13T02:30,17.23,14.93,15986.5
2026-08-13,7,3,2026-08,2026-08-13T03:00,16.16,14.16,17364.6
2026-08-13,8,3,2026-08,2026-08-13T03:30,17.52,16.48,16715.6
2026-08-13,9,4,2026-08,2026-08-13T04:00,16.77,14.54,17090.5
2026-08-13,10,4,2026-08,2026-08-13T04:30,17.68,15.71,15685.0
2026-08-13,11,5,2026-08,2026-08-13T05:00,15.49,14.46,16040.1
2026-08-13,12,5,2026-08,2026-08-13T05:30,16.26,14.59,16550.5
2026-08-13,13,6,2026-08,2026-08-13T06:00,15.13,14.1,16362.4
2026-08-13,14,6,2026-08,2026-08-13T06:30,13.85,11.87,16577.0
2026-08-13,15,7,2026-08,2026-08-13T07:00,15.74,13.82,16114.8
2026-08-13,16,7,2026-08,2026-08-13T07:30,14.7,12.72,16145.9
2026-08-13,17,8,2026-08,2026-08-13T08:00,15.9,13.82,15819.4
2026-08-13,18,8,2026-08,2026-08-13T08:30,16.18,14.59,15393.6
2026-08-13,19,9,2026-08,2026-08-13T09:00,16.16,14.94,16232.5
2026-08-13,20,9,2026-08,2026-08-13T09:30,16.3,13.59,15768.3
2026-08-13,21,10,2026-08,2026-08-13T10:00,17.57,14.86,16091.8
2026-08-13,22,10,2026-08,2026-08-13T10:30,16.1,14.72,16280.9
2026-08-13,23,11,2026-08,2026-08-13T11:00,17.82,16.24,15471.1
2026-08-13,24,11,2026-08,2026-08-13T11:30,16.2,14.12,15388.9
2026-08-13,25,12,2026-08,2026-08-13T12:00,16.76,15.13,15015.1
2026-08-13,26,12,2026-08,2026-08-13T12:30,18.52,18.08,16892.3
2026-08-13,27,13,2026-08,2026-08-13T13:00,19.93,18.15,15342.3
2026-08-13,28,13,2026-08,2026-08-13T13:30,22.61,18.68,17709.6
2026-08-13,29,14,2026-08,2026-08-13T14:00,23.82,19.6,17926.7
2026-08-13,30,14,2026-08,2026-08-13T14:30,26.19,21.95,17278.5
2026-08-13,31,15,2026-08,2026-08-13T15:00,25.25,20.21,18536.4
2026-08-13,32,15,2026-08,2026-08-13T15:30,28.05,23.55,19618.5
2026-08-13,33,16,2026-08,2026-08-13T16:00,28.22,23.13,16407.5
2026-08-13,34,16,2026-08,2026-08-13T16:30,29.78,26.18,16893.5
2026-08-13,35,17,2026-08,2026-08-13T17:00,28.77,23.35,19157.5
2026-08-13,36,17,2026-08,2026-08-13T17:30,26.79,21.74,17332.5
2026-08-13,37,18,2026-08,2026-08-13T18:00,30.22,26.06,18024.2
2026-08-13,38,18,2026-08,2026-08-13T18:30,26.89,23.68,18451.2
2026-08-13,39,19,2026-08,2026-08-13T19:00,24.9,21.59,17926.8
2026-08-13,40,19,2026-08,2026-08-13T19:30,24.55,20.02,18430.8
2026-08-13,41,20,2026-08,2026-08-13T20:00,24.34,20.06,20396.9
2026-08-13,42,20,2026-08,2026-08-13T20:30,20.2,18.04,17184.8
2026-08-13,43,21,2026-08,2026-08-13T21:00,19.96,17.98,17805.1
2026-08-13,44,21,2026-08,2026-08-13T21:30,20.36,18.05,16220.1
2026-08-13,45,22,2026-08,2026-08-13T22:00,17.75,15.36,16333.3
2026-08-13,46,22,2026-08,2026-08-13T22:30,17.72,16.34,14867.5
2026-08-13,47,23,2026-08,2026-08-13T23:00,17.91,16.23,16782.5
2026-08-13,48,23,2026-08,2026-08-13T23:30,17.33,15.35,15871.9
2026-08-14,1,0,2026-08,2026-08-14T00:00,20.9,19.15,16183.4
2026-08-14,2,0,2026-08,2026-08-14T00:30,20.55,17.87,17296.3
2026-08-14,3,1,2026-08,2026-08-14T01:00,19.7,18.02,16852.2
2026-08-14,4,1,2026-08,2026-08-14T01:30,19.69,17.86,15141.2
2026-08-14,5,2,2026-08,2026-08-14T02:00,20.27,18.26,16317.6
2026-08-14,6,2,2026-08,2026-08-14T02:30,19.67,17.43,16661.7
2026-08-14,7,3,2026-08,2026-08-14T03:00,19.19,17.72,15017.0
2026-08-14,8,3,2026-08,2026-08-14T03:30,22.76,20.36,16946.2
2026-08-14,9,4,2026-08,2026-08-14T04:00,21.37,19.3,15275.9
2026-08-14,10,4,2026-08,2026-08-14T04:30,18.59,16.5,15182.2
2026-08-14,11,5,2026-08,2026-08-14T05:00,23.02,20.7,15675.3
2026-08-14,12,5,2026-08,2026-08-14T05:30,22.0,19.97,16597.9
2026-08-14,13,6,2026-08,2026-08-14T06:00,17.92,16.44,15766.8
2026-08-14,14,6,2026-08,2026-08-14T06:30,19.1,16.42,15535.9
2026-08-14,15,7,2026-08,2026-08-14T07:00,19.81,17.45,15545.5
2026-08-14,16,7,2026-08,2026-08-14T07:30,19.5,17.49,15813.7
2026-08-14,17,8,2026-08,2026-08-14T08:00,20.52,19.16,15283.0
2026-08-14,18,8,2026-08,2026-08-14T08:30,22.3,20.27,15255.7
2026-08-14,19,9,2026-08,2026-08-14T09:00,21.74,19.5,16086.7
2026-08-14,20,9,2026-08,2026-08-14T09:30,21.11,18.15,15361.2
2026-08-14,21,10,2026-08,2026-08-14T10:00,22.18,19.83,16511.3
2026-08-14,22,10,2026-08,2026-08-14T10:30,20.31,18.17,16454.6
2026-08-14,23,11,2026-08,2026-08-14T11:00,22.55,20.83,16306.8
2026-08-14,24,11,2026-08,2026-08-14T11:30,19.1,17.67,16350.6
2026-08-14,25,12,2026-08,2026-08-14T12:00,21.21,18.95,17149.6
2026-08-14,26,12,2026-08,2026-08-14T12:30,25.68,23.19,16337.1
2026-08-14,27,13,2026-08,2026-08-14T13:00,26.49,23.54,17147.2
2026-08-14,28,13,2026-08,2026-08-14T13:30,28.17,24.11,19621.9
2026-08-14,29,14,2026-08,2026-08-14T14:00,27.66,25.18,16575.9
2026-08-14,30,14,2026-08,2026-08-14T14:30,32.17,26.59,17008.6
2026-08-14,31,15,2026-08,2026-08-14T15:00,33.55,29.51,18636.8
2026-08-14,32,15,2026-08,2026-08-14T15:30,36.77,31.37,18858.0
2026-08-14,33,16,2026-08,2026-08-14T16:00,35.51,29.49,18592.2
2026-08-14,34,16,2026-08,2026-08-14T16:30,35.7,28.76,20397.6
2026-08-14,35,17,2026-08,2026-08-14T17:00,37.59,33.97,19845.7
2026-08-14,36,17,2026-08,2026-08-14T17:30,37.64,31.59,21027.3
2026-08-14,37,18,2026-08,2026-08-14T18:00,35.62,29.51,18331.0
2026-08-14,38,18,2026-08,2026-08-14T18:30,31.73,26.68,17523.7
2026-08-14,39,19,2026-08,2026-08-14T19:00,33.98,28.86,17422.7
2026-08-14,40,19,2026-08,2026-08-14T19:30,33.1,28.72,18164.7
2026-08-14,41,20,2026-08,2026-08-14T20:00,29.29,25.86,17163.4
2026-08-14,42,20,2026-08,2026-08-14T20:30,25.97,23.95,16572.0
2026-08-14,43,21,2026-08,2026-08-14T21:00,25.87,23.33,17257.1
2026-08-14,44,21,2026-08,2026-08-14T21:30,25.27,21.52,17670.1
2026-08-14,45,22,2026-08,2026-08-14T22:00,22.87,21.13,15927.2
2026-08-14,46,22,2026-08,2026-08-14T22:30,21.56,19.75,16094.6
2026-08-14,47,23,2026-08,2026-08-14T23:00,20.33,18.14,16896.3
2026-08-14,48,23,2026-08,2026-08-14T23:30,24.18,22.25,16146.5
2026-08-15,1,0,2026-08,2026-08-15T00:00,17.71,16.34,16629.3
2026-08-15,2,0,2026-08,2026-08-15T00:30,15.84,13.78,17792.8
2026-08-15,3,1,2026-08,2026-08-15T01:00,16.92,14.99,14930.5
2026-08-15,4,1,2026-08,2026-08-15T01:30,15.38,14.36,16238.7
2026-08-15,5,2,2026-08,2026-08-15T02:00,16.87,15.17,16678.0
2026-08-15,6,2,2026-08,2026-08-15T02:30,17.07,15.15,16573.3
2026-08-15,7,3,2026-08,2026-08-15T03:00,16.38,14.65,15187.6
2026-08-15,8,3,2026-08,2026-08-15T03:30,16.63,15.65,16733.8
2026-08-15,9,4,2026-08,2026-08-15T04:00,16.06,15.0,17365.2
2026-08-15,10,4,2026-08,2026-08-15T04:30,16.41,14.51,17203.0
2026-08-15,11,5,2026-08,2026-08-15T05:00,16.62,14.46,18138.8
2026-08-15,12,5,2026-08,2026-08-15T05:30,13.16,11.85,16168.8
2026-08-15,13,6,2026-08,2026-08-15T06:00,15.53,13.48,16794.1
2026-08-15,14,6,2026-08,2026-08-15T06:30,14.52,13.07,14867.0
2026-08-15,15,7,2026-08,2026-08-15T07:00,16.0,15.12,15850.4
2026-08-15,16,7,2026-08,2026-08-15T07:30,15.85,15.22,17538.7
2026-08-15,17,8,2026-08,2026-08-15T08:00,14.71,13.95,17161.3
2026-08-15,18,8,2026-08,2026-08-15T08:30,18.07,16.31,17048.7
2026-08-15,19,9,2026-08,2026-08-15T09:00,16.53,14.13,16850.2
2026-08-15,20,9,2026-08,2026-08-15T09:30,17.4,15.74,16670.3
2026-08-15,21,10,2026-08,2026-08-15T10:00,16.51,15.69,16945.8
2026-08-15,22,10,2026-08,2026-08-15T10:30,18.08,16.71,17522.4
2026-08-15,23,11,2026-08,2026-08-15T11:00,16.63,14.49,15312.0
2026-08-15,24,11,2026-08,2026-08-15T11:30,16.53,14.31,17476.5
2026-08-15,25,12,2026-08,2026-08-15T12:00,17.31,15.48,16434.3
2026-08-15,26,12,2026-08,2026-08-15T12:30,19.39,18.2,17033.6
2026-08-15,27,13,2026-08,2026-08-15T13:00,20.04,18.03,18048.3
2026-08-15,28,13,2026-08,2026-08-15T13:30,22.1,19.76,18681.7
2026-08-15,29,14,2026-08,2026-08-15T14:00,22.23,18.34,18122.4
2026-08-15,30,14,2026-08,2026-08-15T14:30,23.9,20.41,17969.3
2026-08-15,31,15,2026-08,2026-08-15T15:00,23.61,20.3,18487.6
2026-08-15,32,15,2026-08,2026-08-15T15:30,27.45,24.88,18732.3
2026-08-15,33,16,2026-08,2026-08-15T16:00,28.58,25.41,17263.7
2026-08-15,34,16,2026-08,2026-08-15T16:30,27.98,24.55,18546.3
2026-08-15,35,17,2026-08,2026-08-15T17:00,26.05,23.06,18224.9
2026-08-15,36,17,2026-08,2026-08-15T17:30,28.85,24.99,19026.3
2026-08-15,37,18,2026-08,2026-08-15T18:00,27.11,24.06,19676.6
2026-08-15,38,18,2026-08,2026-08-15T18:30,27.95,22.8,17918.2
2026-08-15,39,19,2026-08,2026-08-15T19:00,23.77,21.21,16212.3
2026-08-15,40,19,2026-08,2026-08-15T19:30,25.03,20.42,18385.1
2026-08-15,41,20,2026-08,2026-08-15T20:00,24.57,20.79,17416.5
2026-08-15,42,20,2026-08,2026-08-15T20:30,20.47,17.58,16947.5
2026-08-15,43,21,2026-08,2026-08-15T21:00,20.94,18.61,18155.0
2026-08-15,44,21,2026-08,2026-08-15T21:30,19.05,17.61,16625.9
2026-08-15,45,22,2026-08,2026-08-15T22:00,18.78,16.27,17624.0
2026-08-15,46,22,2026-08,2026-08-15T22:30,18.51,16.67,16327.4
2026-08-15,47,23,2026-08,2026-08-15T23:00,20.15,18.49,15106.2
2026-08-15,48,23,2026-08,2026-08-15T23:30,15.55,13.98,16411.9
2026-08-16,1,0,2026-08,2026-08-16T00:00,13.72,11.96,16252.0
2026-08-16,2,0,2026-08,2026-08-16T00:30,12.83,11.67,17781.9
2026-08-16,3,1,2026-08,2026-08-16T01:00,12.37,11.66,15418.1
2026-08-16,4,1,2026-08,2026-08-16T01:30,13.4,12.36,14712.9
2026-08-16,5,2,2026-08,2026-08-16T02:00,12.92,11.47,15888.3
2026-08-16,6,2,2026-08,2026-08-16T02:30,13.02,11.12,15845.8
2026-08-16,7,3,2026-08,2026-08-16T03:00,12.79,11.79,15577.8
2026-08-16,8,3,2026-08,2026-08-16T03:30,12.35,11.27,14914.1
2026-08-16,9,4,2026-08,2026-08-16T04:00,11.8,10.85,17465.4
2026-08-16,10,4,2026-08,2026-08-16T04:30,12.42,11.41,17024.1
2026-08-16,11,5,2026-08,2026-08-16T05:00,12.42,10.48,16764.7
2026-08-16,12,5,2026-08,2026-08-16T05:30,13.71,12.61,16479.4
2026-08-16,13,6,2026-08,2026-08-16T06:00,12.16,10.92,16773.6
2026-08-16,14,6,2026-08,2026-08-16T06:30,12.41,10.9,16083.1
2026-08-16,15,7,2026-08,2026-08-16T07:00,11.93,10.71,15935.0
2026-08-16,16,7,2026-08,2026-08-16T07:30,11.32,9.9,15292.7
2026-08-16,17,8,2026-08,2026-08-16T08:00,11.89,10.8,15493.4
2026-08-16,18,8,2026-08,2026-08-16T08:30,13.14,11.86,17461.3
2026-08-16,19,9,2026-08,2026-08-16T09:00,12.55,11.64,16927.6
2026-08-16,20,9,2026-08,2026-08-16T09:30,13.35,12.44,17993.1
2026-08-16,21,10,2026-08,2026-08-16T10:00,13.0,12.21,17240.4
2026-08-16,22,10,2026-08,2026-08-16T10:30,13.51,11.71,14763.3
2026-08-16,23,11,2026-08,2026-08-16T11:00,12.7,11.69,16255.2
2026-08-16,24,11,2026-08,2026-08-16T11:30,13.75,12.95,15394.6
2026-08-16,25,12,2026-08,2026-08-16T12:00,12.4,11.16,16872.3
2026-08-16,26,12,2026-08,2026-08-16T12:30,16.13,14.36,15502.3
2026-08-16,27,13,2026-08,2026-08-16T13:00,14.45,12.94,17476.9
2026-08-16,28,13,2026-08,2026-08-16T13:30,19.17,16.84,16685.0
2026-08-16,29,14,2026-08,2026-08-16T14:00,19.5,18.19,18388.8
2026-08-16,30,14,2026-08,2026-08-16T14:30,18.42,16.0,17228.0
2026-08-16,31,15,2026-08,2026-08-16T15:00,21.68,19.34,19286.0
2026-08-16,32,15,2026-08,2026-08-16T15:30,21.55,18.21,18634.9
2026-08-16,33,16,2026-08,2026-08-16T16:00,21.52,19.34,20388.0
2026-08-16,34,16,2026-08,2026-08-16T16:30,24.04,20.0,18217.6
2026-08-16,35,17,2026-08,2026-08-16T17:00,23.02,20.59,17935.2
2026-08-16,36,17,2026-08,2026-08-16T17:30,19.87,16.72,19290.4
2026-08-16,37,18,2026-08,2026-08-16T18:00,21.39,19.49,19915.8
2026-08-16,38,18,2026-08,2026-08-16T18:30,19.69,16.86,17576.1
2026-08-16,39,19,2026-08,2026-08-16T19:00,19.42,17.26,16684.9
2026-08-16,40,19,2026-08,2026-08-16T19:30,19.75,17.43,17014.2
2026-08-16,41,20,2026-08,2026-08-16T20:00,18.72,16.91,16009.8
2026-08-16,42,20,2026-08,2026-08-16T20:30,17.19,15.5,16344.5
2026-08-16,43,21,2026-08,2026-08-16T21:00,16.19,14.4,17817.1
2026-08-16,44,21,2026-08,2026-08-16T21:30,15.0,13.76,17319.7
2026-08-16,45,22,2026-08,2026-08-16T22:00,13.41,12.21,15468.3
2026-08-16,46,22,2026-08,2026-08-16T22:30,13.76,12.15,17188.6
2026-08-16,47,23,2026-08,2026-08-16T23:00,14.16,13.27,16555.5
2026-08-16,48,23,2026-08,2026-08-16T23:30,13.1,12.49,16133.5
2026-08-17,1,0,2026-08,2026-08-17T00:00,15.32,13.76,15141.6
2026-08-17,2,0,2026-08,2026-08-17T00:30,15.52,13.79,16134.4
2026-08-17,3,1,2026-08,2026-08-17T01:00,15.4,13.2,16801.1
2026-08-17,4,1,2026-08,2026-08-17T01:30,14.53,12.8,16946.3
2026-08-17,5,2,2026-08,2026-08-17T02:00,15.07,12.74,14849.7
2026-08-17,6,2,2026-08,2026-08-17T02:30,15.09,13.98,14862.2
2026-08-17,7,3,2026-08,2026-08-17T03:00,15.35,13.7,16645.1
2026-08-17,8,3,2026-08,2026-08-17T03:30,15.11,13.3,16020.1
2026-08-17,9,4,2026-08,2026-08-17T04:00,12.83,11.89,15406.7
2026-08-17,10,4,2026-08,2026-08-17T04:30,15.89,14.48,15480.1
2026-08-17,11,5,2026-08,2026-08-17T05:00,14.06,12.04,15940.1
2026-08-17,12,5,2026-08,2026-08-17T05:30,13.93,13.24,16837.3
2026-08-17,13,6,2026-08,2026-08-17T06:00,14.09,12.67,16551.3
2026-08-17,14,6,2026-08,2026-08-17T06:30,14.83,13.62,16371.6
2026-08-17,15,7,2026-08,2026-08-17T07:00,15.12,13.43,15632.2
2026-08-17,16,7,2026-08,2026-08-17T07:30,14.59,13.29,16763.6
2026-08-17,17,8,2026-08,2026-08-17T08:00,15.79,14.47,15945.1
2026-08-17,18,8,2026-08,2026-08-17T08:30,14.68,13.7,17165.7
2026-08-17,19,9,2026-08,2026-08-17T09:00,16.17,14.39,16636.4
2026-08-17,20,9,2026-08,2026-08-17T09:30,15.4,14.07,17828.3
2026-08-17,21,10,2026-08,2026-08-17T10:00,14.98,13.58,17131.0
2026-08-17,22,10,2026-08,2026-08-17T10:30,16.44,14.54,15905.7
2026-08-17,23,11,2026-08,2026-08-17T11:00,15.24,13.69,15500.0
2026-08-17,24,11,2026-08,2026-08-17T11:30,15.95,14.3,14907.6
2026-08-17,25,12,2026-08,2026-08-17T12:00,15.6,13.19,17150.9
2026-08-17,26,12,2026-08,2026-08-17T12:30,18.7,17.2,17192.0
2026-08-17,27,13,2026-08,2026-08-17T13:00,19.63,17.35,17115.1
2026-08-17,28,13,2026-08,2026-08-17T13:30,21.1,17.69,17073.5
2026-08-17,29,14,2026-08,2026-08-17T14:00,21.93,18.38,16672.1
2026-08-17,30,14,2026-08,2026-08-17T14:30,21.89,18.24,18245.2
2026-08-17,31,15,2026-08,2026-08-17T15:00,24.27,20.15,17300.0
2026-08-17,32,15,2026-08,2026-08-17T15:30,23.22,19.13,19606.4
2026-08-17,33,16,2026-08,2026-08-17T16:00,25.86,22.61,19772.1
2026-08-17,34,16,2026-08,2026-08-17T16:30,24.31,19.76,19658.9
2026-08-17,35,17,2026-08,2026-08-17T17:00,27.57,24.03,18511.8
2026-08-17,36,17,2026-08,2026-08-17T17:30,25.88,21.63,18147.9
2026-08-17,37,18,2026-08,2026-08-17T18:00,27.93,23.25,16942.8
2026-08-17,38,18,2026-08,2026-08-17T18:30,24.66,20.57,16496.0
2026-08-17,39,19,2026-08,2026-08-17T19:00,24.79,20.17,16746.9
2026-08-17,40,19,2026-08,2026-08-17T19:30,22.45,19.06,17463.6
2026-08-17,41,20,2026-08,2026-08-17T20:00,23.78,18.91,18564.6
2026-08-17,42,20,2026-08,2026-08-17T20:30,18.54,16.42,17855.8
2026-08-17,43,21,2026-08,2026-08-17T21:00,18.7,16.15,16293.9
2026-08-17,44,21,2026-08,2026-08-17T21:30,17.03,15.42,16445.9
2026-08-17,45,22,2026-08,2026-08-17T22:00,16.76,14.73,18193.6
2026-08-17,46,22,2026-08,2026-08-17T22:30,17.71,15.55,16383.6
2026-08-17,47,23,2026-08,2026-08-17T23:00,15.81,14.5,16669.9
2026-08-17,48,23,2026-08,2026-08-17T23:30,15.84,13.98,17526.7
2026-08-18,1,0,2026-08,2026-08-18T00:00,15.53,13.35,15243.9
2026-08-18,2,0,2026-08,2026-08-18T00:30,16.01,14.27,16147.9
2026-08-18,3,1,2026-08,2026-08-18T01:00,16.25,14.33,16035.8
2026-08-18,4,1,2026-08,2026-08-18T01:30,16.8,14.61,16105.6
2026-08-18,5,2,2026-08,2026-08-18T02:00,16.78,15.73,16507.5
2026-08-18,6,2,2026-08,2026-08-18T02:30,16.95,15.32,15526.7
2026-08-18,7,3,2026-08,2026-08-18T03:00,16.67,15.35,14882.7
2026-08-18,8,3,2026-08,2026-08-18T03:30,16.26,14.7,15734.7
2026-08-18,9,4,2026-08,2026-08-18T04:00,15.42,14.24,16486.6
2026-08-18,10,4,2026-08,2026-08-18T04:30,17.02,15.49,16750.5
2026-08-18,11,5,2026-08,2026-08-18T05:00,15.57,13.89,16499.3
2026-08-18,12,5,2026-08,2026-08-18T05:30,15.88,14.53,16228.5
2026-08-18,13,6,2026-08,2026-08-18T06:00,14.27,13.16,15787.8
2026-08-18,14,6,2026-08,2026-08-18T06:30,14.99,13.77,17603.5
2026-08-18,15,7,2026-08,2026-08-18T07:00,15.17,13.13,15797.3
2026-08-18,16,7,2026-08,2026-08-18T07:30,15.27,12.95,15920.6
2026-08-18,17,8,2026-08,2026-08-18T08:00,16.27,14.5,14996.9
2026-08-18,18,8,2026-08,2026-08-18T08:30,17.5,14.78,15125.2
2026-08-18,19,9,2026-08,2026-08-18T09:00,16.81,15.73,16073.4
2026-08-18,20,9,2026-08,2026-08-18T09:30,18.49,16.67,16206.4
2026-08-18,21,10,2026-08,2026-08-18T10:00,15.87,13.27,17013.1
2026-08-18,22,10,2026-08,2026-08-18T10:30,17.12,15.38,17416.0
2026-08-18,23,11,2026-08,2026-08-18T11:00,16.16,15.07,16098.8
2026-08-18,24,11,2026-08,2026-08-18T11:30,15.22,12.69,16233.2
2026-08-18,25,12,2026-08,2026-08-18T12:00,18.29,16.4,15893.4
2026-08-18,26,12,2026-08,2026-08-18T12:30,18.87,16.19,16566.4
2026-08-18,27,13,2026-08,2026-08-18T13:00,21.8,18.65,17991.9
2026-08-18,28,13,2026-08,2026-08-18T13:30,24.88,19.63,18383.0
2026-08-18,29,14,2026-08,2026-08-18T14:00,24.21,19.39,17738.6
2026-08-18,30,14,2026-08,2026-08-18T14:30,26.59,20.81,18147.2
2026-08-18,31,15,2026-08,2026-08-18T15:00,27.91,23.15,18075.2
2026-08-18,32,15,2026-08,2026-08-18T15:30,29.3,24.35,18268.4
2026-08-18,33,16,2026-08,2026-08-18T16:00,28.87,23.46,17308.6
2026-08-18,34,16,2026-08,2026-08-18T16:30,31.19,25.43,18196.3
2026-08-18,35,17,2026-08,2026-08-18T17:00,29.48,24.67,19491.8
2026-08-18,36,17,2026-08,2026-08-18T17:30,29.05,23.98,19051.2
2026-08-18,37,18,2026-08,2026-08-18T18:00,29.23,24.8,18696.3
2026-08-18,38,18,2026-08,2026-08-18T18:30,29.93,24.41,18225.2
2026-08-18,39,19,2026-08,2026-08-18T19:00,26.94,21.42,17430.6
2026-08-18,40,19,2026-08,2026-08-18T19:30,26.98,20.69,17893.2
2026-08-18,41,20,2026-08,2026-08-18T20:00,23.84,18.74,17350.1
2026-08-18,42,20,2026-08,2026-08-18T20:30,21.29,19.63,16388.8
2026-08-18,43,21,2026-08,2026-08-18T21:00,20.41,18.31,15943.5
2026-08-18,44,21,2026-08,2026-08-18T21:30,18.32,16.07,16564.6
2026-08-18,45,22,2026-08,2026-08-18T22:00,16.7,14.98,16004.8
2026-08-18,46,22,2026-08,2026-08-18T22:30,17.94,16.05,14315.3
2026-08-18,47,23,2026-08,2026-08-18T23:00,17.52,15.81,15507.8
2026-08-18,48,23,2026-08,2026-08-18T23:30,15.78,13.94,16337.9
2026-08-19,1,0,2026-08,2026-08-19T00:00,13.17,12.26,16889.9
2026-08-19,2,0,2026-08,2026-08-19T00:30,13.61,12.75,15745.6
2026-08-19,3,1,2026-08,2026-08-19T01:00,13.02,11.22,16817.1
2026-08-19,4,1,2026-08,2026-08-19T01:30,12.95,12.48,15921.6
2026-08-19,5,2,2026-08,2026-08-19T02:00,13.06,11.9,14766.0
2026-08-19,6,2,2026-08,2026-08-19T02:30,13.26,12.41,15688.9
2026-08-19,7,3,2026-08,2026-08-19T03:00,13.71,12.47,16283.8
2026-08-19,8,3,2026-08,2026-08-19T03:30,13.31,11.74,17179.5
2026-08-19,9,4,2026-08,2026-08-19T04:00,15.49,13.75,14595.1
2026-08-19,10,4,2026-08,2026-08-19T04:30,14.33,13.04,15874.7
2026-08-19,11,5,2026-08,2026-08-19T05:00,13.27,12.09,15030.1
2026-08-19,12,5,2026-08,2026-08-19T05:30,12.8,11.33,15642.6
2026-08-19,13,6,2026-08,2026-08-19T06:00,12.87,11.33,15976.5
2026-08-19,14,6,2026-08,2026-08-19T06:30,13.7,12.69,16158.1
2026-08-19,15,7,2026-08,2026-08-19T07:00,12.75,11.13,16158.9
2026-08-19,16,7,2026-08,2026-08-19T07:30,12.57,11.58,14859.0
2026-08-19,17,8,2026-08,2026-08-19T08:00,12.43,11.18,16595.3
2026-08-19,18,8,2026-08,2026-08-19T08:30,13.29,11.94,16233.2
2026-08-19,19,9,2026-08,2026-08-19T09:00,14.38,13.34,16133.8
2026-08-19,20,9,2026-08,2026-08-19T09:30,13.39,12.12,15779.9
2026-08-19,21,10,2026-08,2026-08-19T10:00,12.85,12.14,15415.8
2026-08-19,22,10,2026-08,2026-08-19T10:30,13.99,12.36,16141.9
2026-08-19,23,11,2026-08,2026-08-19T11:00,15.33,13.64,15277.1
2026-08-19,24,11,2026-08,2026-08-19T11:30,13.55,12.04,16251.4
2026-08-19,25,12,2026-08,2026-08-19T12:00,14.2,13.52,17745.3
2026-08-19,26,12,2026-08,2026-08-19T12:30,15.31,13.84,16881.5
2026-08-19,27,13,2026-08,2026-08-19T13:00,16.52,15.12,16827.8
2026-08-19,28,13,2026-08,2026-08-19T13:30,20.36,16.06,18547.9
2026-08-19,29,14,2026-08,2026-08-19T14:00,22.24,18.5,17079.3
2026-08-19,30,14,2026-08,2026-08-19T14:30,21.82,17.39,18652.3
2026-08-19,31,15,2026-08,2026-08-19T15:00,22.35,17.9,17910.9
2026-08-19,32,15,2026-08,2026-08-19T15:30,24.55,19.67,18617.3
2026-08-19,33,16,2026-08,2026-08-19T16:00,32.72,26.83,18326.8
2026-08-19,34,16,2026-08,2026-08-19T16:30,39.04,32.42,15702.0
2026-08-19,35,17,2026-08,2026-08-19T17:00,47.16,37.08,18327.0
2026-08-19,36,17,2026-08,2026-08-19T17:30,53.72,42.84,18096.7
2026-08-19,37,18,2026-08,2026-08-19T18:00,62.04,47.43,18186.1
2026-08-19,38,18,2026-08,2026-08-19T18:30,57.3,45.73,20133.3
2026-08-19,39,19,2026-08,2026-08-19T19:00,45.07,35.68,17481.0
2026-08-19,40,19,2026-08,2026-08-19T19:30,36.28,29.58,17094.1
2026-08-19,41,20,2026-08,2026-08-19T20:00,22.7,17.5,19053.1
2026-08-19,42,20,2026-08,2026-08-19T20:30,16.31,14.0,14760.9
2026-08-19,43,21,2026-08,2026-08-19T21:00,17.11,15.18,16649.5
2026-08-19,44,21,2026-08,2026-08-19T21:30,15.87,13.98,16765.6
2026-08-19,45,22,2026-08,2026-08-19T22:00,15.4,13.7,18009.8
2026-08-19,46,22,2026-08,2026-08-19T22:30,15.83,14.16,17619.8
2026-08-19,47,23,2026-08,2026-08-19T23:00,14.45,13.69,15905.9
2026-08-19,48,23,2026-08,2026-08-19T23:30,14.02,12.76,16268.9
2026-08-20,1,0,2026-08,2026-08-20T00:00,14.82,13.41,16683.3
2026-08-20,2,0,2026-08,2026-08-20T00:30,13.99,12.28,17029.6
2026-08-20,3,1,2026-08,2026-08-20T01:00,15.46,14.05,16726.1
2026-08-20,4,1,2026-08,2026-08-20T01:30,14.46,13.58,15874.7
2026-08-20,5,2,2026-08,2026-08-20T02:00,15.69,13.88,15494.8
2026-08-20,6,2,2026-08,2026-08-20T02:30,15.76,14.57,15857.7
2026-08-20,7,3,2026-08,2026-08-20T03:00,15.05,14.53,16893.2
2026-08-20,8,3,2026-08,2026-08-20T03:30,14.05,13.2,16654.1
2026-08-20,9,4,2026-08,2026-08-20T04:00,14.76,13.3,16730.3
2026-08-20,10,4,2026-08,2026-08-20T04:30,13.49,11.84,15741.7
2026-08-20,11,5,2026-08,2026-08-20T05:00,14.3,12.84,15579.2
2026-08-20,12,5,2026-08,2026-08-20T05:30,13.47,11.57,17145.1
2026-08-20,13,6,2026-08,2026-08-20T06:00,13.12,12.56,15608.2
2026-08-20,14,6,2026-08,2026-08-20T06:30,14.54,13.69,14962.8
2026-08-20,15,7,2026-08,2026-08-20T07:00,14.53,13.87,14272.2
2026-08-20,16,7,2026-08,2026-08-20T07:30,15.23,13.62,15240.5
2026-08-20,17,8,2026-08,2026-08-20T08:00,13.91,12.08,16815.8
2026-08-20,18,8,2026-08,2026-08-20T08:30,16.19,14.67,16628.6
2026-08-20,19,9,2026-08,2026-08-20T09:00,14.57,12.77,17945.0
2026-08-20,20,9,2026-08,2026-08-20T09:30,16.12,14.41,16426.0
2026-08-20,21,10,2026-08,2026-08-20T10:00,15.38,14.06,17530.1
2026-08-20,22,10,2026-08,2026-08-20T10:30,16.31,14.81,15926.9
2026-08-20,23,11,2026-08,2026-08-20T11:00,15.93,14.91,16000.8
2026-08-20,24,11,2026-08,2026-08-20T11:30,14.53,12.76,14925.8
2026-08-20,25,12,2026-08,2026-08-20T12:00,14.15,12.81,17086.0
2026-08-20,26,12,2026-08,2026-08-20T12:30,16.67,14.88,18290.6
2026-08-20,27,13,2026-08,2026-08-20T13:00,18.31,16.46,17798.3
2026-08-20,28,13,2026-08,2026-08-20T13:30,21.34,17.11,16859.6
2026-08-20,29,14,2026-08,2026-08-20T14:00,22.44,17.6,16952.0
2026-08-20,30,14,2026-08,2026-08-20T14:30,22.15,18.03,16805.9
2026-08-20,31,15,2026-08,2026-08-20T15:00,23.72,19.35,18703.5
2026-08-20,32,15,2026-08,2026-08-20T15:30,25.07,21.18,18379.2
2026-08-20,33,16,2026-08,2026-08-20T16:00,25.91,20.65,19857.0
2026-08-20,34,16,2026-08,2026-08-20T16:30,26.91,22.34,17843.9
2026-08-20,35,17,2026-08,2026-08-20T17:00,27.22,23.14,18244.6
2026-08-20,36,17,2026-08,2026-08-20T17:30,27.3,22.55,18597.1
2026-08-20,37,18,2026-08,2026-08-20T18:00,27.34,23.02,18074.0
2026-08-20,38,18,2026-08,2026-08-20T18:30,25.79,21.35,18796.5
2026-08-20,39,19,2026-08,2026-08-20T19:00,24.06,19.44,17584.9
2026-08-20,40,19,2026-08,2026-08-20T19:30,22.98,19.54,18169.0
2026-08-20,41,20,2026-08,2026-08-20T20:00,20.5,17.08,17585.0
2026-08-20,42,20,2026-08,2026-08-20T20:30,19.82,17.48,18693.7
2026-08-20,43,21,2026-08,2026-08-20T21:00,17.24,16.01,16450.5
2026-08-20,44,21,2026-08,2026-08-20T21:30,17.04,15.36,17056.8
2026-08-20,45,22,2026-08,2026-08-20T22:00,18.02,15.97,15235.1
2026-08-20,46,22,2026-08,2026-08-20T22:30,17.07,15.41,14913.8
2026-08-20,47,23,2026-08,2026-08-20T23:00,15.88,13.74,17503.9
2026-08-20,48,23,2026-08,2026-08-20T23:30,14.76,13.44,16516.1
