cell_id,cell_name,lat,lon,issue_time,date,hour,month,valid_time,temp_p10_c,temp_p50_c,temp_p90_c,ghi_p10_wm2,ghi_p50_wm2,ghi_p90_wm2
W01,Tokyo Otemachi,35.69,139.76,2026-08-05T18:00,2026-08-06,0,2026-08,2026-08-06T00:00,27.4,28.2,29.0,0.0,0.0,0.0
W01,Tokyo Otemachi,35.69,139.76,2026-08-05T18:00,2026-08-06,1,2026-08,2026-08-06T01:00,27.4,28.2,29.0,0.0,0.0,0.0
W01,Tokyo Otemachi,35.69,139.76,2026-08-05T18:00,2026-08-06,2,2026-08,2026-08-06T02:00,26.4,27.2,28.0,0.0,0.0,0.0
W01,Tokyo Otemachi,35.69,139.76,2026-08-05T18:00,2026-08-06,3,2026-08,2026-08-06T03:00,27.6,28.4,29.2,0.0,0.0,0.0
W01,Tokyo Otemachi,35.69,139.76,2026-08-05T18:00,2026-08-06,4,2026-08,2026-08-06T04:00,26.5,27.3,28.1,0.0,0.0,0.0
W01,Tokyo Otemachi,35.69,139.76,2026-08-05T18:00,2026-08-06,5,2026-08,2026-08-06T05:00,25.5,26.3,27.1,31.0,40.0,45.0
W01,Tokyo Otemachi,35.69,139.76,2026-08-05T18:00,2026-08-06,6,2026-08,2026-08-06T06:00,26.7,27.5,28.3,126.0,162.0,181.0
W01,Tokyo Otemachi,35.69,139.76,2026-08-05T18:00,2026-08-06,7,2026-08,2026-08-06T07:00,28.6,29.4,30.2,218.0,279.0,313.0
W01,Tokyo Otemachi,35.69,139.76,2026-08-05T18:00,2026-08-06,8,2026-08,2026-08-06T08:00,28.3,29.1,29.9,300.0,384.0,430.0
W01,Tokyo Otemachi,35.69,139.76,2026-08-05T18:00,2026-08-06,9,2026-08,2026-08-06T09:00,30.2,31.0,31.8,389.0,499.0,559.0
W01,Tokyo Otemachi,35.69,139.76,2026-08-05T18:00,2026-08-06,10,2026-08,2026-08-06T10:00,30.1,30.9,31.7,419.0,538.0,602.0
W01,Tokyo Otemachi,35.69,139.76,2026-08-05T18:00,2026-08-06,11,2026-08,2026-08-06T11:00,32.3,33.1,33.9,475.0,609.0,682.0
W01,Tokyo Otemachi,35.69,139.76,2026-08-05T18:00,2026-08-06,12,2026-08,2026-08-06T12:00,32.7,33.5,34.3,468.0,600.0,672.0
W01,Tokyo Otemachi,35.69,139.76,2026-08-05T18:00,2026-08-06,13,2026-08,2026-08-06T13:00,34.0,34.8,35.6,450.0,577.0,647.0
W01,Tokyo Otemachi,35.69,139.76,2026-08-05T18:00,2026-08-06,14,2026-08,2026-08-06T14:00,34.9,35.7,36.5,391.0,501.0,561.0
W01,Tokyo Otemachi,35.69,139.76,2026-08-05T18:00,2026-08-06,15,2026-08,2026-08-06T15:00,33.8,34.6,35.4,311.0,398.0,446.0
W01,Tokyo Otemachi,35.69,139.76,2026-08-05T18:00,2026-08-06,16,2026-08,2026-08-06T16:00,32.6,33.4,34.2,186.0,239.0,268.0
W01,Tokyo Otemachi,35.69,139.76,2026-08-05T18:00,2026-08-06,17,2026-08,2026-08-06T17:00,31.4,32.2,33.0,103.0,132.0,147.0
W01,Tokyo Otemachi,35.69,139.76,2026-08-05T18:00,2026-08-06,18,2026-08,2026-08-06T18:00,31.2,32.0,32.8,17.0,22.0,24.0
W01,Tokyo Otemachi,35.69,139.76,2026-08-05T18:00,2026-08-06,19,2026-08,2026-08-06T19:00,30.3,31.1,31.9,0.0,0.0,0.0
W01,Tokyo Otemachi,35.69,139.76,2026-08-05T18:00,2026-08-06,20,2026-08,2026-08-06T20:00,30.8,31.6,32.4,0.0,0.0,0.0
W01,Tokyo Otemachi,35.69,139.76,2026-08-05T18:00,2026-08-06,21,2026-08,2026-08-06T21:00,29.0,29.8,30.6,0.0,0.0,0.0
W01,Tokyo Otemachi,35.69,139.76,2026-08-05T18:00,2026-08-06,22,2026-08,2026-08-06T22:00,30.1,30.9,31.7,0.0,0.0,0.0
W01,Tokyo Otemachi,35.69,139.76,2026-08-05T18:00,2026-08-06,23,2026-08,2026-08-06T23:00,29.3,30.1,30.9,0.0,0.0,0.0
W02,Tokyo Hachioji,35.66,139.32,2026-08-05T18:00,2026-08-06,0,2026-08,2026-08-06T00:00,28.0,28.8,29.6,0.0,0.0,0.0
W02,Tokyo Hachioji,35.66,139.32,2026-08-05T18:00,2026-08-06,1,2026-08,2026-08-06T01:00,28.0,28.8,29.6,0.0,0.0,0.0
W02,Tokyo Hachioji,35.66,139.32,2026-08-05T18:00,2026-08-06,2,2026-08,2026-08-06T02:00,27.0,27.8,28.6,0.0,0.0,0.0
W02,Tokyo Hachioji,35.66,139.32,2026-08-05T18:00,2026-08-06,3,2026-08,2026-08-06T03:00,28.2,29.0,29.8,0.0,0.0,0.0
W02,Tokyo Hachioji,35.66,139.32,2026-08-05T18:00,2026-08-06,4,2026-08,2026-08-06T04:00,27.1,27.9,28.7,0.0,0.0,0.0
W02,Tokyo Hachioji,35.66,139.32,2026-08-05T18:00,2026-08-06,5,2026-08,2026-08-06T05:00,26.1,26.9,27.7,31.0,40.0,45.0
W02,Tokyo Hachioji,35.66,139.32,2026-08-05T18:00,2026-08-06,6,2026-08,2026-08-06T06:00,27.3,28.1,28.9,116.0,149.0,166.0
W02,Tokyo Hachioji,35.66,139.32,2026-08-05T18:00,2026-08-06,7,2026-08,2026-08-06T07:00,29.2,30.0,30.8,220.0,282.0,316.0
W02,Tokyo Hachioji,35.66,139.32,2026-08-05T18:00,2026-08-06,8,2026-08,2026-08-06T08:00,28.9,29.7,30.5,316.0,406.0,454.0
W02,Tokyo Hachioji,35.66,139.32,2026-08-05T18:00,2026-08-06,9,2026-08,2026-08-06T09:00,30.8,31.6,32.4,395.0,506.0,567.0
W02,Tokyo Hachioji,35.66,139.32,2026-08-05T18:00,2026-08-06,10,2026-08,2026-08-06T10:00,30.7,31.5,32.3,449.0,575.0,644.0
W02,Tokyo Hachioji,35.66,139.32,2026-08-05T18:00,2026-08-06,11,2026-08,2026-08-06T11:00,32.9,33.7,34.5,446.0,571.0,640.0
W02,Tokyo Hachioji,35.66,139.32,2026-08-05T18:00,2026-08-06,12,2026-08,2026-08-06T12:00,33.3,34.1,34.9,466.0,598.0,669.0
W02,Tokyo Hachioji,35.66,139.32,2026-08-05T18:00,2026-08-06,13,2026-08,2026-08-06T13:00,34.6,35.4,36.2,435.0,558.0,625.0
W02,Tokyo Hachioji,35.66,139.32,2026-08-05T18:00,2026-08-06,14,2026-08,2026-08-06T14:00,35.5,36.3,37.1,370.0,475.0,532.0
W02,Tokyo Hachioji,35.66,139.32,2026-08-05T18:00,2026-08-06,15,2026-08,2026-08-06T15:00,34.4,35.2,36.0,302.0,387.0,434.0
W02,Tokyo Hachioji,35.66,139.32,2026-08-05T18:00,2026-08-06,16,2026-08,2026-08-06T16:00,33.2,34.0,34.8,194.0,249.0,279.0
W02,Tokyo Hachioji,35.66,139.32,2026-08-05T18:00,2026-08-06,17,2026-08,2026-08-06T17:00,32.0,32.8,33.6,101.0,130.0,145.0
W02,Tokyo Hachioji,35.66,139.32,2026-08-05T18:00,2026-08-06,18,2026-08,2026-08-06T18:00,31.8,32.6,33.4,16.0,21.0,23.0
W02,Tokyo Hachioji,35.66,139.32,2026-08-05T18:00,2026-08-06,19,2026-08,2026-08-06T19:00,30.9,31.7,32.5,0.0,0.0,0.0
W02,Tokyo Hachioji,35.66,139.32,2026-08-05T18:00,2026-08-06,20,2026-08,2026-08-06T20:00,31.4,32.2,33.0,0.0,0.0,0.0
W02,Tokyo Hachioji,35.66,139.32,2026-08-05T18:00,2026-08-06,21,2026-08,2026-08-06T21:00,29.6,30.4,31.2,0.0,0.0,0.0
W02,Tokyo Hachioji,35.66,139.32,2026-08-05T18:00,2026-08-06,22,2026-08,2026-08-06T22:00,30.7,31.5,32.3,0.0,0.0,0.0
W02,Tokyo Hachioji,35.66,139.32,2026-08-05T18:00,2026-08-06,23,2026-08,2026-08-06T23:00,29.9,30.7,31.5,0.0,0.0,0.0
W03,Kanagawa Yokohama,35.44,139.64,2026-08-05T18:00,2026-08-06,0,2026-08,2026-08-06T00:00,26.5,27.3,28.1,0.0,0.0,0.0
W03,Kanagawa Yokohama,35.44,139.64,2026-08-05T18:00,2026-08-06,1,2026-08,2026-08-06T01:00,26.5,27.3,28.1,0.0,0.0,0.0
W03,Kanagawa Yokohama,35.44,139.64,2026-08-05T18:00,2026-08-06,2,2026-08,2026-08-06T02:00,25.5,26.3,27.1,0.0,0.0,0.0
W03,Kanagawa Yokohama,35.44,139.64,2026-08-05T18:00,2026-08-06,3,2026-08,2026-08-06T03:00,26.7,27.5,28.3,0.0,0.0,0.0
W03,Kanagawa Yokohama,35.44,139.64,2026-08-05T18:00,2026-08-06,4,2026-08,2026-08-06T04:00,25.6,26.4,27.2,0.0,0.0,0.0
W03,Kanagawa Yokohama,35.44,139.64,2026-08-05T18:00,2026-08-06,5,2026-08,2026-08-06T05:00,24.6,25.4,26.2,31.0,39.0,44.0
W03,Kanagawa Yokohama,35.44,139.64,2026-08-05T18:00,2026-08-06,6,2026-08,2026-08-06T06:00,25.8,26.6,27.4,120.0,154.0,172.0
W03,Kanagawa Yokohama,35.44,139.64,2026-08-05T18:00,2026-08-06,7,2026-08,2026-08-06T07:00,27.7,28.5,29.3,230.0,295.0,331.0
W03,Kanagawa Yokohama,35.44,139.64,2026-08-05T18:00,2026-08-06,8,2026-08,2026-08-06T08:00,27.4,28.2,29.0,309.0,397.0,444.0
W03,Kanagawa Yokohama,35.44,139.64,2026-08-05T18:00,2026-08-06,9,2026-08,2026-08-06T09:00,29.3,30.1,30.9,387.0,496.0,556.0
W03,Kanagawa Yokohama,35.44,139.64,2026-08-05T18:00,2026-08-06,10,2026-08,2026-08-06T10:00,29.2,30.0,30.8,442.0,566.0,634.0
W03,Kanagawa Yokohama,35.44,139.64,2026-08-05T18:00,2026-08-06,11,2026-08,2026-08-06T11:00,31.4,32.2,33.0,486.0,623.0,698.0
W03,Kanagawa Yokohama,35.44,139.64,2026-08-05T18:00,2026-08-06,12,2026-08,2026-08-06T12:00,31.8,32.6,33.4,442.0,566.0,634.0
W03,Kanagawa Yokohama,35.44,139.64,2026-08-05T18:00,2026-08-06,13,2026-08,2026-08-06T13:00,33.1,33.9,34.7,465.0,596.0,668.0
W03,Kanagawa Yokohama,35.44,139.64,2026-08-05T18:00,2026-08-06,14,2026-08,2026-08-06T14:00,34.0,34.8,35.6,371.0,476.0,533.0
W03,Kanagawa Yokohama,35.44,139.64,2026-08-05T18:00,2026-08-06,15,2026-08,2026-08-06T15:00,32.9,33.7,34.5,293.0,376.0,421.0
W03,Kanagawa Yokohama,35.44,139.64,2026-08-05T18:00,2026-08-06,16,2026-08,2026-08-06T16:00,31.7,32.5,33.3,199.0,255.0,286.0
W03,Kanagawa Yokohama,35.44,139.64,2026-08-05T18:00,2026-08-06,17,2026-08,2026-08-06T17:00,30.5,31.3,32.1,96.0,123.0,138.0
W03,Kanagawa Yokohama,35.44,139.64,2026-08-05T18:00,2026-08-06,18,2026-08,2026-08-06T18:00,30.3,31.1,31.9,16.0,21.0,23.0
W03,Kanagawa Yokohama,35.44,139.64,2026-08-05T18:00,2026-08-06,19,2026-08,2026-08-06T19:00,29.4,30.2,31.0,0.0,0.0,0.0
W03,Kanagawa Yokohama,35.44,139.64,2026-08-05T18:00,2026-08-06,20,2026-08,2026-08-06T20:00,29.9,30.7,31.5,0.0,0.0,0.0
W03,Kanagawa Yokohama,35.44,139.64,2026-08-05T18:00,2026-08-06,21,2026-08,2026-08-06T21:00,28.1,28.9,29.7,0.0,0.0,0.0
W03,Kanagawa Yokohama,35.44,139.64,2026-08-05T18:00,2026-08-06,22,2026-08,2026-08-06T22:00,29.2,30.0,30.8,0.0,0.0,0.0
W03,Kanagawa Yokohama,35.44,139.64,2026-08-05T18:00,2026-08-06,23,2026-08,2026-08-06T23:00,28.4,29.2,30.0,0.0,0.0,0.0
W04,Kanagawa Sagamihara,35.57,139.37,2026-08-05T18:00,2026-08-06,0,2026-08,2026-08-06T00:00,27.8,28.6,29.4,0.0,0.0,0.0
W04,Kanagawa Sagamihara,35.57,139.37,2026-08-05T18:00,2026-08-06,1,2026-08,2026-08-06T01:00,27.8,28.6,29.4,0.0,0.0,0.0
W04,Kanagawa Sagamihara,35.57,139.37,2026-08-05T18:00,2026-08-06,2,2026-08,2026-08-06T02:00,26.8,27.6,28.4,0.0,0.0,0.0
W04,Kanagawa Sagamihara,35.57,139.37,2026-08-05T18:00,2026-08-06,3,2026-08,2026-08-06T03:00,28.0,28.8,29.6,0.0,0.0,0.0
W04,Kanagawa Sagamihara,35.57,139.37,2026-08-05T18:00,2026-08-06,4,2026-08,2026-08-06T04:00,26.9,27.7,28.5,0.0,0.0,0.0
W04,Kanagawa Sagamihara,35.57,139.37,2026-08-05T18:00,2026-08-06,5,2026-08,2026-08-06T05:00,25.9,26.7,27.5,30.0,38.0,43.0
W04,Kanagawa Sagamihara,35.57,139.37,2026-08-05T18:00,2026-08-06,6,2026-08,2026-08-06T06:00,27.1,27.9,28.7,115.0,148.0,166.0
W04,Kanagawa Sagamihara,35.57,139.37,2026-08-05T18:00,2026-08-06,7,2026-08,2026-08-06T07:00,29.0,29.8,30.6,224.0,287.0,321.0
W04,Kanagawa Sagamihara,35.57,139.37,2026-08-05T18:00,2026-08-06,8,2026-08,2026-08-06T08:00,28.7,29.5,30.3,333.0,427.0,479.0
W04,Kanagawa Sagamihara,35.57,139.37,2026-08-05T18:00,2026-08-06,9,2026-08,2026-08-06T09:00,30.6,31.4,32.2,383.0,491.0,550.0
W04,Kanagawa Sagamihara,35.57,139.37,2026-08-05T18:00,2026-08-06,10,2026-08,2026-08-06T10:00,30.5,31.3,32.1,456.0,585.0,655.0
W04,Kanagawa Sagamihara,35.57,139.37,2026-08-05T18:00,2026-08-06,11,2026-08,2026-08-06T11:00,32.7,33.5,34.3,471.0,604.0,676.0
W04,Kanagawa Sagamihara,35.57,139.37,2026-08-05T18:00,2026-08-06,12,2026-08,2026-08-06T12:00,33.1,33.9,34.7,441.0,566.0,634.0
W04,Kanagawa Sagamihara,35.57,139.37,2026-08-05T18:00,2026-08-06,13,2026-08,2026-08-06T13:00,34.4,35.2,36.0,453.0,581.0,651.0
W04,Kanagawa Sagamihara,35.57,139.37,2026-08-05T18:00,2026-08-06,14,2026-08,2026-08-06T14:00,35.3,36.1,36.9,367.0,471.0,527.0
W04,Kanagawa Sagamihara,35.57,139.37,2026-08-05T18:00,2026-08-06,15,2026-08,2026-08-06T15:00,34.2,35.0,35.8,291.0,373.0,418.0
W04,Kanagawa Sagamihara,35.57,139.37,2026-08-05T18:00,2026-08-06,16,2026-08,2026-08-06T16:00,33.0,33.8,34.6,189.0,243.0,272.0
W04,Kanagawa Sagamihara,35.57,139.37,2026-08-05T18:00,2026-08-06,17,2026-08,2026-08-06T17:00,31.8,32.6,33.4,98.0,126.0,141.0
W04,Kanagawa Sagamihara,35.57,139.37,2026-08-05T18:00,2026-08-06,18,2026-08,2026-08-06T18:00,31.6,32.4,33.2,16.0,21.0,24.0
W04,Kanagawa Sagamihara,35.57,139.37,2026-08-05T18:00,2026-08-06,19,2026-08,2026-08-06T19:00,30.7,31.5,32.3,0.0,0.0,0.0
W04,Kanagawa Sagamihara,35.57,139.37,2026-08-05T18:00,2026-08-06,20,2026-08,2026-08-06T20:00,31.2,32.0,32.8,0.0,0.0,0.0
W04,Kanagawa Sagamihara,35.57,139.37,2026-08-05T18:00,2026-08-06,21,2026-08,2026-08-06T21:00,29.4,30.2,31.0,0.0,0.0,0.0
W04,Kanagawa Sagamihara,35.57,139.37,2026-08-05T18:00,2026-08-06,22,2026-08,2026-08-06T22:00,30.5,31.3,32.1,0.0,0.0,0.0
W04,Kanagawa Sagamihara,35.57,139.37,2026-08-05T18:00,2026-08-06,23,2026-08,2026-08-06T23:00,29.7,30.5,31.3,0.0,0.0,0.0
W05,Saitama Kumagaya,36.15,139.39,2026-08-05T18:00,2026-08-06,0,2026-08,2026-08-06T00:00,29.0,29.8,30.6,0.0,0.0,0.0
W05,Saitama Kumagaya,36.15,139.39,2026-08-05T18:00,2026-08-06,1,2026-08,2026-08-06T01:00,29.0,29.8,30.6,0.0,0.0,0.0
W05,Saitama Kumagaya,36.15,139.39,2026-08-05T18:00,2026-08-06,2,2026-08,2026-08-06T02:00,28.0,28.8,29.6,0.0,0.0,0.0
W05,Saitama Kumagaya,36.15,139.39,2026-08-05T18:00,2026-08-06,3,2026-08,2026-08-06T03:00,29.2,30.0,30.8,0.0,0.0,0.0
W05,Saitama Kumagaya,36.15,139.39,2026-08-05T18:00,2026-08-06,4,2026-08,2026-08-06T04:00,28.1,28.9,29.7,0.0,0.0,0.0
W05,Saitama Kumagaya,36.15,139.39,2026-08-05T18:00,2026-08-06,5,2026-08,2026-08-06T05:00,27.1,27.9,28.7,31.0,39.0,44.0
W05,Saitama Kumagaya,36.15,139.39,2026-08-05T18:00,2026-08-06,6,2026-08,2026-08-06T06:00,28.3,29.1,29.9,120.0,154.0,173.0
W05,Saitama Kumagaya,36.15,139.39,2026-08-05T18:00,2026-08-06,7,2026-08,2026-08-06T07:00,30.2,31.0,31.8,220.0,283.0,317.0
W05,Saitama Kumagaya,36.15,139.39,2026-08-05T18:00,2026-08-06,8,2026-08,2026-08-06T08:00,29.9,30.7,31.5,303.0,388.0,434.0
W05,Saitama Kumagaya,36.15,139.39,2026-08-05T18:00,2026-08-06,9,2026-08,2026-08-06T09:00,31.8,32.6,33.4,379.0,486.0,544.0
W05,Saitama Kumagaya,36.15,139.39,2026-08-05T18:00,2026-08-06,10,2026-08,2026-08-06T10:00,31.7,32.5,33.3,445.0,570.0,638.0
W05,Saitama Kumagaya,36.15,139.39,2026-08-05T18:00,2026-08-06,11,2026-08,2026-08-06T11:00,33.9,34.7,35.5,461.0,591.0,662.0
W05,Saitama Kumagaya,36.15,139.39,2026-08-05T18:00,2026-08-06,12,2026-08,2026-08-06T12:00,34.3,35.1,35.9,486.0,624.0,698.0
W05,Saitama Kumagaya,36.15,139.39,2026-08-05T18:00,2026-08-06,13,2026-08,2026-08-06T13:00,35.6,36.4,37.2,440.0,564.0,632.0
W05,Saitama Kumagaya,36.15,139.39,2026-08-05T18:00,2026-08-06,14,2026-08,2026-08-06T14:00,36.5,37.3,38.1,361.0,463.0,518.0
W05,Saitama Kumagaya,36.15,139.39,2026-08-05T18:00,2026-08-06,15,2026-08,2026-08-06T15:00,35.4,36.2,37.0,287.0,368.0,412.0
W05,Saitama Kumagaya,36.15,139.39,2026-08-05T18:00,2026-08-06,16,2026-08,2026-08-06T16:00,34.2,35.0,35.8,194.0,249.0,279.0
W05,Saitama Kumagaya,36.15,139.39,2026-08-05T18:00,2026-08-06,17,2026-08,2026-08-06T17:00,33.0,33.8,34.6,101.0,129.0,144.0
W05,Saitama Kumagaya,36.15,139.39,2026-08-05T18:00,2026-08-06,18,2026-08,2026-08-06T18:00,32.8,33.6,34.4,16.0,20.0,23.0
W05,Saitama Kumagaya,36.15,139.39,2026-08-05T18:00,2026-08-06,19,2026-08,2026-08-06T19:00,31.9,32.7,33.5,0.0,0.0,0.0
W05,Saitama Kumagaya,36.15,139.39,2026-08-05T18:00,2026-08-06,20,2026-08,2026-08-06T20:00,32.4,33.2,34.0,0.0,0.0,0.0
W05,Saitama Kumagaya,36.15,139.39,2026-08-05T18:00,2026-08-06,21,2026-08,2026-08-06T21:00,30.6,31.4,32.2,0.0,0.0,0.0
W05,Saitama Kumagaya,36.15,139.39,2026-08-05T18:00,2026-08-06,22,2026-08,2026-08-06T22:00,31.7,32.5,33.3,0.0,0.0,0.0
W05,Saitama Kumagaya,36.15,139.39,2026-08-05T18:00,2026-08-06,23,2026-08,2026-08-06T23:00,30.9,31.7,32.5,0.0,0.0,0.0
W06,Saitama Saitama,35.86,139.65,2026-08-05T18:00,2026-08-06,0,2026-08,2026-08-06T00:00,28.2,29.0,29.8,0.0,0.0,0.0
W06,Saitama Saitama,35.86,139.65,2026-08-05T18:00,2026-08-06,1,2026-08,2026-08-06T01:00,28.2,29.0,29.8,0.0,0.0,0.0
W06,Saitama Saitama,35.86,139.65,2026-08-05T18:00,2026-08-06,2,2026-08,2026-08-06T02:00,27.2,28.0,28.8,0.0,0.0,0.0
W06,Saitama Saitama,35.86,139.65,2026-08-05T18:00,2026-08-06,3,2026-08,2026-08-06T03:00,28.4,29.2,30.0,0.0,0.0,0.0
W06,Saitama Saitama,35.86,139.65,2026-08-05T18:00,2026-08-06,4,2026-08,2026-08-06T04:00,27.3,28.1,28.9,0.0,0.0,0.0
W06,Saitama Saitama,35.86,139.65,2026-08-05T18:00,2026-08-06,5,2026-08,2026-08-06T05:00,26.3,27.1,27.9,32.0,41.0,45.0
W06,Saitama Saitama,35.86,139.65,2026-08-05T18:00,2026-08-06,6,2026-08,2026-08-06T06:00,27.5,28.3,29.1,129.0,165.0,185.0
W06,Saitama Saitama,35.86,139.65,2026-08-05T18:00,2026-08-06,7,2026-08,2026-08-06T07:00,29.4,30.2,31.0,225.0,289.0,323.0
W06,Saitama Saitama,35.86,139.65,2026-08-05T18:00,2026-08-06,8,2026-08,2026-08-06T08:00,29.1,29.9,30.7,308.0,395.0,442.0
W06,Saitama Saitama,35.86,139.65,2026-08-05T18:00,2026-08-06,9,2026-08,2026-08-06T09:00,31.0,31.8,32.6,374.0,480.0,538.0
W06,Saitama Saitama,35.86,139.65,2026-08-05T18:00,2026-08-06,10,2026-08,2026-08-06T10:00,30.9,31.7,32.5,456.0,585.0,655.0
W06,Saitama Saitama,35.86,139.65,2026-08-05T18:00,2026-08-06,11,2026-08,2026-08-06T11:00,33.1,33.9,34.7,473.0,606.0,679.0
W06,Saitama Saitama,35.86,139.65,2026-08-05T18:00,2026-08-06,12,2026-08,2026-08-06T12:00,33.5,34.3,35.1,465.0,596.0,668.0
W06,Saitama Saitama,35.86,139.65,2026-08-05T18:00,2026-08-06,13,2026-08,2026-08-06T13:00,34.8,35.6,36.4,410.0,526.0,589.0
W06,Saitama Saitama,35.86,139.65,2026-08-05T18:00,2026-08-06,14,2026-08,2026-08-06T14:00,35.7,36.5,37.3,377.0,483.0,541.0
W06,Saitama Saitama,35.86,139.65,2026-08-05T18:00,2026-08-06,15,2026-08,2026-08-06T15:00,34.6,35.4,36.2,295.0,378.0,424.0
W06,Saitama Saitama,35.86,139.65,2026-08-05T18:00,2026-08-06,16,2026-08,2026-08-06T16:00,33.4,34.2,35.0,200.0,257.0,287.0
W06,Saitama Saitama,35.86,139.65,2026-08-05T18:00,2026-08-06,17,2026-08,2026-08-06T17:00,32.2,33.0,33.8,100.0,129.0,144.0
W06,Saitama Saitama,35.86,139.65,2026-08-05T18:00,2026-08-06,18,2026-08,2026-08-06T18:00,32.0,32.8,33.6,16.0,21.0,23.0
W06,Saitama Saitama,35.86,139.65,2026-08-05T18:00,2026-08-06,19,2026-08,2026-08-06T19:00,31.1,31.9,32.7,0.0,0.0,0.0
W06,Saitama Saitama,35.86,139.65,2026-08-05T18:00,2026-08-06,20,2026-08,2026-08-06T20:00,31.6,32.4,33.2,0.0,0.0,0.0
W06,Saitama Saitama,35.86,139.65,2026-08-05T18:00,2026-08-06,21,2026-08,2026-08-06T21:00,29.8,30.6,31.4,0.0,0.0,0.0
W06,Saitama Saitama,35.86,139.65,2026-08-05T18:00,2026-08-06,22,2026-08,2026-08-06T22:00,30.9,31.7,32.5,0.0,0.0,0.0
W06,Saitama Saitama,35.86,139.65,2026-08-05T18:00,2026-08-06,23,2026-08,2026-08-06T23:00,30.1,30.9,31.7,0.0,0.0,0.0
W07,Chiba Inzai,35.83,140.15,2026-08-05T18:00,2026-08-06,0,2026-08,2026-08-06T00:00,27.2,28.0,28.8,0.0,0.0,0.0
W07,Chiba Inzai,35.83,140.15,2026-08-05T18:00,2026-08-06,1,2026-08,2026-08-06T01:00,27.2,28.0,28.8,0.0,0.0,0.0
W07,Chiba Inzai,35.83,140.15,2026-08-05T18:00,2026-08-06,2,2026-08,2026-08-06T02:00,26.2,27.0,27.8,0.0,0.0,0.0
W07,Chiba Inzai,35.83,140.15,2026-08-05T18:00,2026-08-06,3,2026-08,2026-08-06T03:00,27.4,28.2,29.0,0.0,0.0,0.0
W07,Chiba Inzai,35.83,140.15,2026-08-05T18:00,2026-08-06,4,2026-08,2026-08-06T04:00,26.3,27.1,27.9,0.0,0.0,0.0
W07,Chiba Inzai,35.83,140.15,2026-08-05T18:00,2026-08-06,5,2026-08,2026-08-06T05:00,25.3,26.1,26.9,31.0,40.0,45.0
W07,Chiba Inzai,35.83,140.15,2026-08-05T18:00,2026-08-06,6,2026-08,2026-08-06T06:00,26.5,27.3,28.1,119.0,153.0,171.0
W07,Chiba Inzai,35.83,140.15,2026-08-05T18:00,2026-08-06,7,2026-08,2026-08-06T07:00,28.4,29.2,30.0,216.0,277.0,310.0
W07,Chiba Inzai,35.83,140.15,2026-08-05T18:00,2026-08-06,8,2026-08,2026-08-06T08:00,28.1,28.9,29.7,341.0,437.0,490.0
W07,Chiba Inzai,35.83,140.15,2026-08-05T18:00,2026-08-06,9,2026-08,2026-08-06T09:00,30.0,30.8,31.6,405.0,519.0,582.0
W07,Chiba Inzai,35.83,140.15,2026-08-05T18:00,2026-08-06,10,2026-08,2026-08-06T10:00,29.9,30.7,31.5,461.0,591.0,662.0
W07,Chiba Inzai,35.83,140.15,2026-08-05T18:00,2026-08-06,11,2026-08,2026-08-06T11:00,32.1,32.9,33.7,483.0,619.0,693.0
W07,Chiba Inzai,35.83,140.15,2026-08-05T18:00,2026-08-06,12,2026-08,2026-08-06T12:00,32.5,33.3,34.1,468.0,599.0,671.0
W07,Chiba Inzai,35.83,140.15,2026-08-05T18:00,2026-08-06,13,2026-08,2026-08-06T13:00,33.8,34.6,35.4,457.0,585.0,656.0
W07,Chiba Inzai,35.83,140.15,2026-08-05T18:00,2026-08-06,14,2026-08,2026-08-06T14:00,34.7,35.5,36.3,381.0,489.0,547.0
W07,Chiba Inzai,35.83,140.15,2026-08-05T18:00,2026-08-06,15,2026-08,2026-08-06T15:00,33.6,34.4,35.2,283.0,363.0,407.0
W07,Chiba Inzai,35.83,140.15,2026-08-05T18:00,2026-08-06,16,2026-08,2026-08-06T16:00,32.4,33.2,34.0,193.0,247.0,277.0
W07,Chiba Inzai,35.83,140.15,2026-08-05T18:00,2026-08-06,17,2026-08,2026-08-06T17:00,31.2,32.0,32.8,100.0,128.0,143.0
W07,Chiba Inzai,35.83,140.15,2026-08-05T18:00,2026-08-06,18,2026-08,2026-08-06T18:00,31.0,31.8,32.6,17.0,21.0,24.0
W07,Chiba Inzai,35.83,140.15,2026-08-05T18:00,2026-08-06,19,2026-08,2026-08-06T19:00,30.1,30.9,31.7,0.0,0.0,0.0
W07,Chiba Inzai,35.83,140.15,2026-08-05T18:00,2026-08-06,20,2026-08,2026-08-06T20:00,30.6,31.4,32.2,0.0,0.0,0.0
W07,Chiba Inzai,35.83,140.15,2026-08-05T18:00,2026-08-06,21,2026-08,2026-08-06T21:00,28.8,29.6,30.4,0.0,0.0,0.0
W07,Chiba Inzai,35.83,140.15,2026-08-05T18:00,2026-08-06,22,2026-08,2026-08-06T22:00,29.9,30.7,31.5,0.0,0.0,0.0
W07,Chiba Inzai,35.83,140.15,2026-08-05T18:00,2026-08-06,23,2026-08,2026-08-06T23:00,29.1,29.9,30.7,0.0,0.0,0.0
W08,Chiba Chiba,35.61,140.12,2026-08-05T18:00,2026-08-06,0,2026-08,2026-08-06T00:00,26.6,27.4,28.2,0.0,0.0,0.0
W08,Chiba Chiba,35.61,140.12,2026-08-05T18:00,2026-08-06,1,2026-08,2026-08-06T01:00,26.6,27.4,28.2,0.0,0.0,0.0
W08,Chiba Chiba,35.61,140.12,2026-08-05T18:00,2026-08-06,2,2026-08,2026-08-06T02:00,25.6,26.4,27.2,0.0,0.0,0.0
W08,Chiba Chiba,35.61,140.12,2026-08-05T18:00,2026-08-06,3,2026-08,2026-08-06T03:00,26.8,27.6,28.4,0.0,0.0,0.0
W08,Chiba Chiba,35.61,140.12,2026-08-05T18:00,2026-08-06,4,2026-08,2026-08-06T04:00,25.7,26.5,27.3,0.0,0.0,0.0
W08,Chiba Chiba,35.61,140.12,2026-08-05T18:00,2026-08-06,5,2026-08,2026-08-06T05:00,24.7,25.5,26.3,31.0,40.0,45.0
W08,Chiba Chiba,35.61,140.12,2026-08-05T18:00,2026-08-06,6,2026-08,2026-08-06T06:00,25.9,26.7,27.5,122.0,157.0,176.0
W08,Chiba Chiba,35.61,140.12,2026-08-05T18:00,2026-08-06,7,2026-08,2026-08-06T07:00,27.8,28.6,29.4,217.0,279.0,312.0
W08,Chiba Chiba,35.61,140.12,2026-08-05T18:00,2026-08-06,8,2026-08,2026-08-06T08:00,27.5,28.3,29.1,317.0,406.0,455.0
W08,Chiba Chiba,35.61,140.12,2026-08-05T18:00,2026-08-06,9,2026-08,2026-08-06T09:00,29.4,30.2,31.0,380.0,487.0,546.0
W08,Chiba Chiba,35.61,140.12,2026-08-05T18:00,2026-08-06,10,2026-08,2026-08-06T10:00,29.3,30.1,30.9,451.0,578.0,648.0
W08,Chiba Chiba,35.61,140.12,2026-08-05T18:00,2026-08-06,11,2026-08,2026-08-06T11:00,31.5,32.3,33.1,483.0,619.0,693.0
W08,Chiba Chiba,35.61,140.12,2026-08-05T18:00,2026-08-06,12,2026-08,2026-08-06T12:00,31.9,32.7,33.5,445.0,571.0,640.0
W08,Chiba Chiba,35.61,140.12,2026-08-05T18:00,2026-08-06,13,2026-08,2026-08-06T13:00,33.2,34.0,34.8,430.0,551.0,618.0
W08,Chiba Chiba,35.61,140.12,2026-08-05T18:00,2026-08-06,14,2026-08,2026-08-06T14:00,34.1,34.9,35.7,373.0,479.0,536.0
W08,Chiba Chiba,35.61,140.12,2026-08-05T18:00,2026-08-06,15,2026-08,2026-08-06T15:00,33.0,33.8,34.6,289.0,371.0,415.0
W08,Chiba Chiba,35.61,140.12,2026-08-05T18:00,2026-08-06,16,2026-08,2026-08-06T16:00,31.8,32.6,33.4,199.0,255.0,285.0
W08,Chiba Chiba,35.61,140.12,2026-08-05T18:00,2026-08-06,17,2026-08,2026-08-06T17:00,30.6,31.4,32.2,99.0,127.0,143.0
W08,Chiba Chiba,35.61,140.12,2026-08-05T18:00,2026-08-06,18,2026-08,2026-08-06T18:00,30.4,31.2,32.0,17.0,22.0,24.0
W08,Chiba Chiba,35.61,140.12,2026-08-05T18:00,2026-08-06,19,2026-08,2026-08-06T19:00,29.5,30.3,31.1,0.0,0.0,0.0
W08,Chiba Chiba,35.61,140.12,2026-08-05T18:00,2026-08-06,20,2026-08,2026-08-06T20:00,30.0,30.8,31.6,0.0,0.0,0.0
W08,Chiba Chiba,35.61,140.12,2026-08-05T18:00,2026-08-06,21,2026-08,2026-08-06T21:00,28.2,29.0,29.8,0.0,0.0,0.0
W08,Chiba Chiba,35.61,140.12,2026-08-05T18:00,2026-08-06,22,2026-08,2026-08-06T22:00,29.3,30.1,30.9,0.0,0.0,0.0
W08,Chiba Chiba,35.61,140.12,2026-08-05T18:00,2026-08-06,23,2026-08,2026-08-06T23:00,28.5,29.3,30.1,0.0,0.0,0.0
W09,Ibaraki Tsukuba,36.08,140.08,2026-08-05T18:00,2026-08-06,0,2026-08,2026-08-06T00:00,27.3,28.1,28.9,0.0,0.0,0.0
W09,Ibaraki Tsukuba,36.08,140.08,2026-08-05T18:00,2026-08-06,1,2026-08,2026-08-06T01:00,27.3,28.1,28.9,0.0,0.0,0.0
W09,Ibaraki Tsukuba,36.08,140.08,2026-08-05T18:00,2026-08-06,2,2026-08,2026-08-06T02:00,26.3,27.1,27.9,0.0,0.0,0.0
W09,Ibaraki Tsukuba,36.08,140.08,2026-08-05T18:00,2026-08-06,3,2026-08,2026-08-06T03:00,27.5,28.3,29.1,0.0,0.0,0.0
W09,Ibaraki Tsukuba,36.08,140.08,2026-08-05T18:00,2026-08-06,4,2026-08,2026-08-06T04:00,26.4,27.2,28.0,0.0,0.0,0.0
W09,Ibaraki Tsukuba,36.08,140.08,2026-08-05T18:00,2026-08-06,5,2026-08,2026-08-06T05:00,25.4,26.2,27.0,32.0,41.0,46.0
W09,Ibaraki Tsukuba,36.08,140.08,2026-08-05T18:00,2026-08-06,6,2026-08,2026-08-06T06:00,26.6,27.4,28.2,115.0,147.0,165.0
W09,Ibaraki Tsukuba,36.08,140.08,2026-08-05T18:00,2026-08-06,7,2026-08,2026-08-06T07:00,28.5,29.3,30.1,218.0,280.0,314.0
W09,Ibaraki Tsukuba,36.08,140.08,2026-08-05T18:00,2026-08-06,8,2026-08,2026-08-06T08:00,28.2,29.0,29.8,303.0,388.0,435.0
W09,Ibaraki Tsukuba,36.08,140.08,2026-08-05T18:00,2026-08-06,9,2026-08,2026-08-06T09:00,30.1,30.9,31.7,404.0,518.0,580.0
W09,Ibaraki Tsukuba,36.08,140.08,2026-08-05T18:00,2026-08-06,10,2026-08,2026-08-06T10:00,30.0,30.8,31.6,433.0,555.0,622.0
W09,Ibaraki Tsukuba,36.08,140.08,2026-08-05T18:00,2026-08-06,11,2026-08,2026-08-06T11:00,32.2,33.0,33.8,484.0,621.0,696.0
W09,Ibaraki Tsukuba,36.08,140.08,2026-08-05T18:00,2026-08-06,12,2026-08,2026-08-06T12:00,32.6,33.4,34.2,469.0,601.0,673.0
W09,Ibaraki Tsukuba,36.08,140.08,2026-08-05T18:00,2026-08-06,13,2026-08,2026-08-06T13:00,33.9,34.7,35.5,454.0,582.0,652.0
W09,Ibaraki Tsukuba,36.08,140.08,2026-08-05T18:00,2026-08-06,14,2026-08,2026-08-06T14:00,34.8,35.6,36.4,360.0,462.0,518.0
W09,Ibaraki Tsukuba,36.08,140.08,2026-08-05T18:00,2026-08-06,15,2026-08,2026-08-06T15:00,33.7,34.5,35.3,289.0,370.0,414.0
W09,Ibaraki Tsukuba,36.08,140.08,2026-08-05T18:00,2026-08-06,16,2026-08,2026-08-06T16:00,32.5,33.3,34.1,202.0,259.0,290.0
W09,Ibaraki Tsukuba,36.08,140.08,2026-08-05T18:00,2026-08-06,17,2026-08,2026-08-06T17:00,31.3,32.1,32.9,101.0,130.0,146.0
W09,Ibaraki Tsukuba,36.08,140.08,2026-08-05T18:00,2026-08-06,18,2026-08,2026-08-06T18:00,31.1,31.9,32.7,16.0,21.0,23.0
W09,Ibaraki Tsukuba,36.08,140.08,2026-08-05T18:00,2026-08-06,19,2026-08,2026-08-06T19:00,30.2,31.0,31.8,0.0,0.0,0.0
W09,Ibaraki Tsukuba,36.08,140.08,2026-08-05T18:00,2026-08-06,20,2026-08,2026-08-06T20:00,30.7,31.5,32.3,0.0,0.0,0.0
W09,Ibaraki Tsukuba,36.08,140.08,2026-08-05T18:00,2026-08-06,21,2026-08,2026-08-06T21:00,28.9,29.7,30.5,0.0,0.0,0.0
W09,Ibaraki Tsukuba,36.08,140.08,2026-08-05T18:00,2026-08-06,22,2026-08,2026-08-06T22:00,30.0,30.8,31.6,0.0,0.0,0.0
W09,Ibaraki Tsukuba,36.08,140.08,2026-08-05T18:00,2026-08-06,23,2026-08,2026-08-06T23:00,29.2,30.0,30.8,0.0,0.0,0.0
W10,Gunma Maebashi,36.39,139.06,2026-08-05T18:00,2026-08-06,0,2026-08,2026-08-06T00:00,28.6,29.4,30.2,0.0,0.0,0.0
W10,Gunma Maebashi,36.39,139.06,2026-08-05T18:00,2026-08-06,1,2026-08,2026-08-06T01:00,28.6,29.4,30.2,0.0,0.0,0.0
W10,Gunma Maebashi,36.39,139.06,2026-08-05T18:00,2026-08-06,2,2026-08,2026-08-06T02:00,27.6,28.4,29.2,0.0,0.0,0.0
W10,Gunma Maebashi,36.39,139.06,2026-08-05T18:00,2026-08-06,3,2026-08,2026-08-06T03:00,28.8,29.6,30.4,0.0,0.0,0.0
W10,Gunma Maebashi,36.39,139.06,2026-08-05T18:00,2026-08-06,4,2026-08,2026-08-06T04:00,27.7,28.5,29.3,0.0,0.0,0.0
W10,Gunma Maebashi,36.39,139.06,2026-08-05T18:00,2026-08-06,5,2026-08,2026-08-06T05:00,26.7,27.5,28.3,31.0,39.0,44.0
W10,Gunma Maebashi,36.39,139.06,2026-08-05T18:00,2026-08-06,6,2026-08,2026-08-06T06:00,27.9,28.7,29.5,124.0,159.0,178.0
W10,Gunma Maebashi,36.39,139.06,2026-08-05T18:00,2026-08-06,7,2026-08,2026-08-06T07:00,29.8,30.6,31.4,235.0,301.0,337.0
W10,Gunma Maebashi,36.39,139.06,2026-08-05T18:00,2026-08-06,8,2026-08,2026-08-06T08:00,29.5,30.3,31.1,315.0,404.0,453.0
W10,Gunma Maebashi,36.39,139.06,2026-08-05T18:00,2026-08-06,9,2026-08,2026-08-06T09:00,31.4,32.2,33.0,396.0,507.0,568.0
W10,Gunma Maebashi,36.39,139.06,2026-08-05T18:00,2026-08-06,10,2026-08,2026-08-06T10:00,31.3,32.1,32.9,436.0,559.0,626.0
W10,Gunma Maebashi,36.39,139.06,2026-08-05T18:00,2026-08-06,11,2026-08,2026-08-06T11:00,33.5,34.3,35.1,476.0,610.0,683.0
W10,Gunma Maebashi,36.39,139.06,2026-08-05T18:00,2026-08-06,12,2026-08,2026-08-06T12:00,33.9,34.7,35.5,485.0,621.0,696.0
W10,Gunma Maebashi,36.39,139.06,2026-08-05T18:00,2026-08-06,13,2026-08,2026-08-06T13:00,35.2,36.0,36.8,420.0,538.0,603.0
W10,Gunma Maebashi,36.39,139.06,2026-08-05T18:00,2026-08-06,14,2026-08,2026-08-06T14:00,36.1,36.9,37.7,369.0,473.0,530.0
W10,Gunma Maebashi,36.39,139.06,2026-08-05T18:00,2026-08-06,15,2026-08,2026-08-06T15:00,35.0,35.8,36.6,305.0,391.0,437.0
W10,Gunma Maebashi,36.39,139.06,2026-08-05T18:00,2026-08-06,16,2026-08,2026-08-06T16:00,33.8,34.6,35.4,200.0,256.0,287.0
W10,Gunma Maebashi,36.39,139.06,2026-08-05T18:00,2026-08-06,17,2026-08,2026-08-06T17:00,32.6,33.4,34.2,105.0,134.0,150.0
W10,Gunma Maebashi,36.39,139.06,2026-08-05T18:00,2026-08-06,18,2026-08,2026-08-06T18:00,32.4,33.2,34.0,16.0,20.0,23.0
W10,Gunma Maebashi,36.39,139.06,2026-08-05T18:00,2026-08-06,19,2026-08,2026-08-06T19:00,31.5,32.3,33.1,0.0,0.0,0.0
W10,Gunma Maebashi,36.39,139.06,2026-08-05T18:00,2026-08-06,20,2026-08,2026-08-06T20:00,32.0,32.8,33.6,0.0,0.0,0.0
W10,Gunma Maebashi,36.39,139.06,2026-08-05T18:00,2026-08-06,21,2026-08,2026-08-06T21:00,30.2,31.0,31.8,0.0,0.0,0.0
W10,Gunma Maebashi,36.39,139.06,2026-08-05T18:00,2026-08-06,22,2026-08,2026-08-06T22:00,31.3,32.1,32.9,0.0,0.0,0.0
W10,Gunma Maebashi,36.39,139.06,2026-08-05T18:00,2026-08-06,23,2026-08,2026-08-06T23:00,30.5,31.3,32.1,0.0,0.0,0.0
W01,Tokyo Otemachi,35.69,139.76,2026-08-06T18:00,2026-08-07,0,2026-08,2026-08-07T00:00,27.5,28.3,29.1,0.0,0.0,0.0
W01,Tokyo Otemachi,35.69,139.76,2026-08-06T18:00,2026-08-07,1,2026-08,2026-08-07T01:00,29.3,30.1,30.9,0.0,0.0,0.0
W01,Tokyo Otemachi,35.69,139.76,2026-08-06T18:00,2026-08-07,2,2026-08,2026-08-07T02:00,28.0,28.8,29.6,0.0,0.0,0.0
W01,Tokyo Otemachi,35.69,139.76,2026-08-06T18:00,2026-08-07,3,2026-08,2026-08-07T03:00,27.1,27.9,28.7,0.0,0.0,0.0
W01,Tokyo Otemachi,35.69,139.76,2026-08-06T18:00,2026-08-07,4,2026-08,2026-08-07T04:00,26.7,27.5,28.3,0.0,0.0,0.0
W01,Tokyo Otemachi,35.69,139.76,2026-08-06T18:00,2026-08-07,5,2026-08,2026-08-07T05:00,26.6,27.4,28.2,35.0,45.0,51.0
W01,Tokyo Otemachi,35.69,139.76,2026-08-06T18:00,2026-08-07,6,2026-08,2026-08-07T06:00,27.2,28.0,28.8,145.0,186.0,208.0
W01,Tokyo Otemachi,35.69,139.76,2026-08-06T18:00,2026-08-07,7,2026-08,2026-08-07T07:00,29.3,30.1,30.9,260.0,333.0,373.0
W01,Tokyo Otemachi,35.69,139.76,2026-08-06T18:00,2026-08-07,8,2026-08,2026-08-07T08:00,29.7,30.5,31.3,352.0,452.0,506.0
W01,Tokyo Otemachi,35.69,139.76,2026-08-06T18:00,2026-08-07,9,2026-08,2026-08-07T09:00,31.3,32.1,32.9,441.0,565.0,633.0
W01,Tokyo Otemachi,35.69,139.76,2026-08-06T18:00,2026-08-07,10,2026-08,2026-08-07T10:00,31.5,32.3,33.1,502.0,644.0,721.0
W01,Tokyo Otemachi,35.69,139.76,2026-08-06T18:00,2026-08-07,11,2026-08,2026-08-07T11:00,32.1,32.9,33.7,549.0,703.0,788.0
W01,Tokyo Otemachi,35.69,139.76,2026-08-06T18:00,2026-08-07,12,2026-08,2026-08-07T12:00,33.2,34.0,34.8,536.0,688.0,770.0
W01,Tokyo Otemachi,35.69,139.76,2026-08-06T18:00,2026-08-07,13,2026-08,2026-08-07T13:00,34.5,35.3,36.1,519.0,665.0,745.0
W01,Tokyo Otemachi,35.69,139.76,2026-08-06T18:00,2026-08-07,14,2026-08,2026-08-07T14:00,34.4,35.2,36.0,423.0,542.0,607.0
W01,Tokyo Otemachi,35.69,139.76,2026-08-06T18:00,2026-08-07,15,2026-08,2026-08-07T15:00,33.7,34.5,35.3,348.0,447.0,500.0
W01,Tokyo Otemachi,35.69,139.76,2026-08-06T18:00,2026-08-07,16,2026-08,2026-08-07T16:00,33.4,34.2,35.0,230.0,295.0,331.0
W01,Tokyo Otemachi,35.69,139.76,2026-08-06T18:00,2026-08-07,17,2026-08,2026-08-07T17:00,31.5,32.3,33.1,118.0,151.0,169.0
W01,Tokyo Otemachi,35.69,139.76,2026-08-06T18:00,2026-08-07,18,2026-08,2026-08-07T18:00,31.8,32.6,33.4,20.0,25.0,28.0
W01,Tokyo Otemachi,35.69,139.76,2026-08-06T18:00,2026-08-07,19,2026-08,2026-08-07T19:00,30.8,31.6,32.4,0.0,0.0,0.0
W01,Tokyo Otemachi,35.69,139.76,2026-08-06T18:00,2026-08-07,20,2026-08,2026-08-07T20:00,32.3,33.1,33.9,0.0,0.0,0.0
W01,Tokyo Otemachi,35.69,139.76,2026-08-06T18:00,2026-08-07,21,2026-08,2026-08-07T21:00,31.2,32.0,32.8,0.0,0.0,0.0
W01,Tokyo Otemachi,35.69,139.76,2026-08-06T18:00,2026-08-07,22,2026-08,2026-08-07T22:00,30.4,31.2,32.0,0.0,0.0,0.0
W01,Tokyo Otemachi,35.69,139.76,2026-08-06T18:00,2026-08-07,23,2026-08,2026-08-07T23:00,30.0,30.8,31.6,0.0,0.0,0.0
W02,Tokyo Hachioji,35.66,139.32,2026-08-06T18:00,2026-08-07,0,2026-08,2026-08-07T00:00,28.1,28.9,29.7,0.0,0.0,0.0
W02,Tokyo Hachioji,35.66,139.32,2026-08-06T18:00,2026-08-07,1,2026-08,2026-08-07T01:00,29.9,30.7,31.5,0.0,0.0,0.0
W02,Tokyo Hachioji,35.66,139.32,2026-08-06T18:00,2026-08-07,2,2026-08,2026-08-07T02:00,28.6,29.4,30.2,0.0,0.0,0.0
W02,Tokyo Hachioji,35.66,139.32,2026-08-06T18:00,2026-08-07,3,2026-08,2026-08-07T03:00,27.7,28.5,29.3,0.0,0.0,0.0
W02,Tokyo Hachioji,35.66,139.32,2026-08-06T18:00,2026-08-07,4,2026-08,2026-08-07T04:00,27.3,28.1,28.9,0.0,0.0,0.0
W02,Tokyo Hachioji,35.66,139.32,2026-08-06T18:00,2026-08-07,5,2026-08,2026-08-07T05:00,27.2,28.0,28.8,36.0,46.0,52.0
W02,Tokyo Hachioji,35.66,139.32,2026-08-06T18:00,2026-08-07,6,2026-08,2026-08-07T06:00,27.8,28.6,29.4,141.0,181.0,202.0
W02,Tokyo Hachioji,35.66,139.32,2026-08-06T18:00,2026-08-07,7,2026-08,2026-08-07T07:00,29.9,30.7,31.5,252.0,323.0,362.0
W02,Tokyo Hachioji,35.66,139.32,2026-08-06T18:00,2026-08-07,8,2026-08,2026-08-07T08:00,30.3,31.1,31.9,368.0,472.0,529.0
W02,Tokyo Hachioji,35.66,139.32,2026-08-06T18:00,2026-08-07,9,2026-08,2026-08-07T09:00,31.9,32.7,33.5,459.0,589.0,659.0
W02,Tokyo Hachioji,35.66,139.32,2026-08-06T18:00,2026-08-07,10,2026-08,2026-08-07T10:00,32.1,32.9,33.7,528.0,677.0,758.0
W02,Tokyo Hachioji,35.66,139.32,2026-08-06T18:00,2026-08-07,11,2026-08,2026-08-07T11:00,32.7,33.5,34.3,525.0,673.0,753.0
W02,Tokyo Hachioji,35.66,139.32,2026-08-06T18:00,2026-08-07,12,2026-08,2026-08-07T12:00,33.8,34.6,35.4,564.0,723.0,810.0
W02,Tokyo Hachioji,35.66,139.32,2026-08-06T18:00,2026-08-07,13,2026-08,2026-08-07T13:00,35.1,35.9,36.7,479.0,614.0,688.0
W02,Tokyo Hachioji,35.66,139.32,2026-08-06T18:00,2026-08-07,14,2026-08,2026-08-07T14:00,35.0,35.8,36.6,430.0,552.0,618.0
W02,Tokyo Hachioji,35.66,139.32,2026-08-06T18:00,2026-08-07,15,2026-08,2026-08-07T15:00,34.3,35.1,35.9,323.0,414.0,464.0
W02,Tokyo Hachioji,35.66,139.32,2026-08-06T18:00,2026-08-07,16,2026-08,2026-08-07T16:00,34.0,34.8,35.6,228.0,292.0,328.0
W02,Tokyo Hachioji,35.66,139.32,2026-08-06T18:00,2026-08-07,17,2026-08,2026-08-07T17:00,32.1,32.9,33.7,111.0,142.0,159.0
W02,Tokyo Hachioji,35.66,139.32,2026-08-06T18:00,2026-08-07,18,2026-08,2026-08-07T18:00,32.4,33.2,34.0,19.0,24.0,27.0
W02,Tokyo Hachioji,35.66,139.32,2026-08-06T18:00,2026-08-07,19,2026-08,2026-08-07T19:00,31.4,32.2,33.0,0.0,0.0,0.0
W02,Tokyo Hachioji,35.66,139.32,2026-08-06T18:00,2026-08-07,20,2026-08,2026-08-07T20:00,32.9,33.7,34.5,0.0,0.0,0.0
W02,Tokyo Hachioji,35.66,139.32,2026-08-06T18:00,2026-08-07,21,2026-08,2026-08-07T21:00,31.8,32.6,33.4,0.0,0.0,0.0
W02,Tokyo Hachioji,35.66,139.32,2026-08-06T18:00,2026-08-07,22,2026-08,2026-08-07T22:00,31.0,31.8,32.6,0.0,0.0,0.0
W02,Tokyo Hachioji,35.66,139.32,2026-08-06T18:00,2026-08-07,23,2026-08,2026-08-07T23:00,30.6,31.4,32.2,0.0,0.0,0.0
W03,Kanagawa Yokohama,35.44,139.64,2026-08-06T18:00,2026-08-07,0,2026-08,2026-08-07T00:00,26.6,27.4,28.2,0.0,0.0,0.0
W03,Kanagawa Yokohama,35.44,139.64,2026-08-06T18:00,2026-08-07,1,2026-08,2026-08-07T01:00,28.4,29.2,30.0,0.0,0.0,0.0
W03,Kanagawa Yokohama,35.44,139.64,2026-08-06T18:00,2026-08-07,2,2026-08,2026-08-07T02:00,27.1,27.9,28.7,0.0,0.0,0.0
W03,Kanagawa Yokohama,35.44,139.64,2026-08-06T18:00,2026-08-07,3,2026-08,2026-08-07T03:00,26.2,27.0,27.8,0.0,0.0,0.0
W03,Kanagawa Yokohama,35.44,139.64,2026-08-06T18:00,2026-08-07,4,2026-08,2026-08-07T04:00,25.8,26.6,27.4,0.0,0.0,0.0
W03,Kanagawa Yokohama,35.44,139.64,2026-08-06T18:00,2026-08-07,5,2026-08,2026-08-07T05:00,25.7,26.5,27.3,36.0,47.0,52.0
W03,Kanagawa Yokohama,35.44,139.64,2026-08-06T18:00,2026-08-07,6,2026-08,2026-08-07T06:00,26.3,27.1,27.9,140.0,180.0,201.0
W03,Kanagawa Yokohama,35.44,139.64,2026-08-06T18:00,2026-08-07,7,2026-08,2026-08-07T07:00,28.4,29.2,30.0,238.0,305.0,342.0
W03,Kanagawa Yokohama,35.44,139.64,2026-08-06T18:00,2026-08-07,8,2026-08,2026-08-07T08:00,28.8,29.6,30.4,354.0,454.0,509.0
W03,Kanagawa Yokohama,35.44,139.64,2026-08-06T18:00,2026-08-07,9,2026-08,2026-08-07T09:00,30.4,31.2,32.0,430.0,552.0,618.0
W03,Kanagawa Yokohama,35.44,139.64,2026-08-06T18:00,2026-08-07,10,2026-08,2026-08-07T10:00,30.6,31.4,32.2,532.0,682.0,764.0
W03,Kanagawa Yokohama,35.44,139.64,2026-08-06T18:00,2026-08-07,11,2026-08,2026-08-07T11:00,31.2,32.0,32.8,547.0,701.0,785.0
W03,Kanagawa Yokohama,35.44,139.64,2026-08-06T18:00,2026-08-07,12,2026-08,2026-08-07T12:00,32.3,33.1,33.9,541.0,694.0,777.0
W03,Kanagawa Yokohama,35.44,139.64,2026-08-06T18:00,2026-08-07,13,2026-08,2026-08-07T13:00,33.6,34.4,35.2,520.0,667.0,747.0
W03,Kanagawa Yokohama,35.44,139.64,2026-08-06T18:00,2026-08-07,14,2026-08,2026-08-07T14:00,33.5,34.3,35.1,421.0,540.0,605.0
W03,Kanagawa Yokohama,35.44,139.64,2026-08-06T18:00,2026-08-07,15,2026-08,2026-08-07T15:00,32.8,33.6,34.4,333.0,427.0,478.0
W03,Kanagawa Yokohama,35.44,139.64,2026-08-06T18:00,2026-08-07,16,2026-08,2026-08-07T16:00,32.5,33.3,34.1,221.0,284.0,318.0
W03,Kanagawa Yokohama,35.44,139.64,2026-08-06T18:00,2026-08-07,17,2026-08,2026-08-07T17:00,30.6,31.4,32.2,123.0,157.0,176.0
W03,Kanagawa Yokohama,35.44,139.64,2026-08-06T18:00,2026-08-07,18,2026-08,2026-08-07T18:00,30.9,31.7,32.5,19.0,24.0,27.0
W03,Kanagawa Yokohama,35.44,139.64,2026-08-06T18:00,2026-08-07,19,2026-08,2026-08-07T19:00,29.9,30.7,31.5,0.0,0.0,0.0
W03,Kanagawa Yokohama,35.44,139.64,2026-08-06T18:00,2026-08-07,20,2026-08,2026-08-07T20:00,31.4,32.2,33.0,0.0,0.0,0.0
W03,Kanagawa Yokohama,35.44,139.64,2026-08-06T18:00,2026-08-07,21,2026-08,2026-08-07T21:00,30.3,31.1,31.9,0.0,0.0,0.0
W03,Kanagawa Yokohama,35.44,139.64,2026-08-06T18:00,2026-08-07,22,2026-08,2026-08-07T22:00,29.5,30.3,31.1,0.0,0.0,0.0
W03,Kanagawa Yokohama,35.44,139.64,2026-08-06T18:00,2026-08-07,23,2026-08,2026-08-07T23:00,29.1,29.9,30.7,0.0,0.0,0.0
W04,Kanagawa Sagamihara,35.57,139.37,2026-08-06T18:00,2026-08-07,0,2026-08,2026-08-07T00:00,27.9,28.7,29.5,0.0,0.0,0.0
W04,Kanagawa Sagamihara,35.57,139.37,2026-08-06T18:00,2026-08-07,1,2026-08,2026-08-07T01:00,29.7,30.5,31.3,0.0,0.0,0.0
W04,Kanagawa Sagamihara,35.57,139.37,2026-08-06T18:00,2026-08-07,2,2026-08,2026-08-07T02:00,28.4,29.2,30.0,0.0,0.0,0.0
W04,Kanagawa Sagamihara,35.57,139.37,2026-08-06T18:00,2026-08-07,3,2026-08,2026-08-07T03:00,27.5,28.3,29.1,0.0,0.0,0.0
W04,Kanagawa Sagamihara,35.57,139.37,2026-08-06T18:00,2026-08-07,4,2026-08,2026-08-07T04:00,27.1,27.9,28.7,0.0,0.0,0.0
W04,Kanagawa Sagamihara,35.57,139.37,2026-08-06T18:00,2026-08-07,5,2026-08,2026-08-07T05:00,27.0,27.8,28.6,35.0,44.0,50.0
W04,Kanagawa Sagamihara,35.57,139.37,2026-08-06T18:00,2026-08-07,6,2026-08,2026-08-07T06:00,27.6,28.4,29.2,135.0,173.0,193.0
W04,Kanagawa Sagamihara,35.57,139.37,2026-08-06T18:00,2026-08-07,7,2026-08,2026-08-07T07:00,29.7,30.5,31.3,260.0,333.0,373.0
W04,Kanagawa Sagamihara,35.57,139.37,2026-08-06T18:00,2026-08-07,8,2026-08,2026-08-07T08:00,30.1,30.9,31.7,356.0,457.0,511.0
W04,Kanagawa Sagamihara,35.57,139.37,2026-08-06T18:00,2026-08-07,9,2026-08,2026-08-07T09:00,31.7,32.5,33.3,435.0,558.0,625.0
W04,Kanagawa Sagamihara,35.57,139.37,2026-08-06T18:00,2026-08-07,10,2026-08,2026-08-07T10:00,31.9,32.7,33.5,505.0,647.0,725.0
W04,Kanagawa Sagamihara,35.57,139.37,2026-08-06T18:00,2026-08-07,11,2026-08,2026-08-07T11:00,32.5,33.3,34.1,546.0,700.0,784.0
W04,Kanagawa Sagamihara,35.57,139.37,2026-08-06T18:00,2026-08-07,12,2026-08,2026-08-07T12:00,33.6,34.4,35.2,544.0,697.0,780.0
W04,Kanagawa Sagamihara,35.57,139.37,2026-08-06T18:00,2026-08-07,13,2026-08,2026-08-07T13:00,34.9,35.7,36.5,488.0,626.0,701.0
W04,Kanagawa Sagamihara,35.57,139.37,2026-08-06T18:00,2026-08-07,14,2026-08,2026-08-07T14:00,34.8,35.6,36.4,429.0,549.0,615.0
W04,Kanagawa Sagamihara,35.57,139.37,2026-08-06T18:00,2026-08-07,15,2026-08,2026-08-07T15:00,34.1,34.9,35.7,336.0,431.0,483.0
W04,Kanagawa Sagamihara,35.57,139.37,2026-08-06T18:00,2026-08-07,16,2026-08,2026-08-07T16:00,33.8,34.6,35.4,225.0,288.0,322.0
W04,Kanagawa Sagamihara,35.57,139.37,2026-08-06T18:00,2026-08-07,17,2026-08,2026-08-07T17:00,31.9,32.7,33.5,112.0,144.0,161.0
W04,Kanagawa Sagamihara,35.57,139.37,2026-08-06T18:00,2026-08-07,18,2026-08,2026-08-07T18:00,32.2,33.0,33.8,19.0,24.0,27.0
W04,Kanagawa Sagamihara,35.57,139.37,2026-08-06T18:00,2026-08-07,19,2026-08,2026-08-07T19:00,31.2,32.0,32.8,0.0,0.0,0.0
W04,Kanagawa Sagamihara,35.57,139.37,2026-08-06T18:00,2026-08-07,20,2026-08,2026-08-07T20:00,32.7,33.5,34.3,0.0,0.0,0.0
W04,Kanagawa Sagamihara,35.57,139.37,2026-08-06T18:00,2026-08-07,21,2026-08,2026-08-07T21:00,31.6,32.4,33.2,0.0,0.0,0.0
W04,Kanagawa Sagamihara,35.57,139.37,2026-08-06T18:00,2026-08-07,22,2026-08,2026-08-07T22:00,30.8,31.6,32.4,0.0,0.0,0.0
W04,Kanagawa Sagamihara,35.57,139.37,2026-08-06T18:00,2026-08-07,23,2026-08,2026-08-07T23:00,30.4,31.2,32.0,0.0,0.0,0.0
W05,Saitama Kumagaya,36.15,139.39,2026-08-06T18:00,2026-08-07,0,2026-08,2026-08-07T00:00,29.1,29.9,30.7,0.0,0.0,0.0
W05,Saitama Kumagaya,36.15,139.39,2026-08-06T18:00,2026-08-07,1,2026-08,2026-08-07T01:00,30.9,31.7,32.5,0.0,0.0,0.0
W05,Saitama Kumagaya,36.15,139.39,2026-08-06T18:00,2026-08-07,2,2026-08,2026-08-07T02:00,29.6,30.4,31.2,0.0,0.0,0.0
W05,Saitama Kumagaya,36.15,139.39,2026-08-06T18:00,2026-08-07,3,2026-08,2026-08-07T03:00,28.7,29.5,30.3,0.0,0.0,0.0
W05,Saitama Kumagaya,36.15,139.39,2026-08-06T18:00,2026-08-07,4,2026-08,2026-08-07T04:00,28.3,29.1,29.9,0.0,0.0,0.0
W05,Saitama Kumagaya,36.15,139.39,2026-08-06T18:00,2026-08-07,5,2026-08,2026-08-07T05:00,28.2,29.0,29.8,34.0,43.0,49.0
W05,Saitama Kumagaya,36.15,139.39,2026-08-06T18:00,2026-08-07,6,2026-08,2026-08-07T06:00,28.8,29.6,30.4,135.0,173.0,194.0
W05,Saitama Kumagaya,36.15,139.39,2026-08-06T18:00,2026-08-07,7,2026-08,2026-08-07T07:00,30.9,31.7,32.5,250.0,320.0,359.0
W05,Saitama Kumagaya,36.15,139.39,2026-08-06T18:00,2026-08-07,8,2026-08,2026-08-07T08:00,31.3,32.1,32.9,357.0,458.0,513.0
W05,Saitama Kumagaya,36.15,139.39,2026-08-06T18:00,2026-08-07,9,2026-08,2026-08-07T09:00,32.9,33.7,34.5,444.0,569.0,637.0
W05,Saitama Kumagaya,36.15,139.39,2026-08-06T18:00,2026-08-07,10,2026-08,2026-08-07T10:00,33.1,33.9,34.7,483.0,619.0,694.0
W05,Saitama Kumagaya,36.15,139.39,2026-08-06T18:00,2026-08-07,11,2026-08,2026-08-07T11:00,33.7,34.5,35.3,514.0,659.0,738.0
W05,Saitama Kumagaya,36.15,139.39,2026-08-06T18:00,2026-08-07,12,2026-08,2026-08-07T12:00,34.8,35.6,36.4,525.0,673.0,754.0
W05,Saitama Kumagaya,36.15,139.39,2026-08-06T18:00,2026-08-07,13,2026-08,2026-08-07T13:00,36.1,36.9,37.7,503.0,645.0,722.0
W05,Saitama Kumagaya,36.15,139.39,2026-08-06T18:00,2026-08-07,14,2026-08,2026-08-07T14:00,36.0,36.8,37.6,457.0,586.0,656.0
W05,Saitama Kumagaya,36.15,139.39,2026-08-06T18:00,2026-08-07,15,2026-08,2026-08-07T15:00,35.3,36.1,36.9,337.0,432.0,483.0
W05,Saitama Kumagaya,36.15,139.39,2026-08-06T18:00,2026-08-07,16,2026-08,2026-08-07T16:00,35.0,35.8,36.6,225.0,289.0,323.0
W05,Saitama Kumagaya,36.15,139.39,2026-08-06T18:00,2026-08-07,17,2026-08,2026-08-07T17:00,33.1,33.9,34.7,111.0,143.0,160.0
W05,Saitama Kumagaya,36.15,139.39,2026-08-06T18:00,2026-08-07,18,2026-08,2026-08-07T18:00,33.4,34.2,35.0,19.0,24.0,27.0
W05,Saitama Kumagaya,36.15,139.39,2026-08-06T18:00,2026-08-07,19,2026-08,2026-08-07T19:00,32.4,33.2,34.0,0.0,0.0,0.0
W05,Saitama Kumagaya,36.15,139.39,2026-08-06T18:00,2026-08-07,20,2026-08,2026-08-07T20:00,33.9,34.7,35.5,0.0,0.0,0.0
W05,Saitama Kumagaya,36.15,139.39,2026-08-06T18:00,2026-08-07,21,2026-08,2026-08-07T21:00,32.8,33.6,34.4,0.0,0.0,0.0
W05,Saitama Kumagaya,36.15,139.39,2026-08-06T18:00,2026-08-07,22,2026-08,2026-08-07T22:00,32.0,32.8,33.6,0.0,0.0,0.0
W05,Saitama Kumagaya,36.15,139.39,2026-08-06T18:00,2026-08-07,23,2026-08,2026-08-07T23:00,31.6,32.4,33.2,0.0,0.0,0.0
W06,Saitama Saitama,35.86,139.65,2026-08-06T18:00,2026-08-07,0,2026-08,2026-08-07T00:00,28.3,29.1,29.9,0.0,0.0,0.0
W06,Saitama Saitama,35.86,139.65,2026-08-06T18:00,2026-08-07,1,2026-08,2026-08-07T01:00,30.1,30.9,31.7,0.0,0.0,0.0
W06,Saitama Saitama,35.86,139.65,2026-08-06T18:00,2026-08-07,2,2026-08,2026-08-07T02:00,28.8,29.6,30.4,0.0,0.0,0.0
W06,Saitama Saitama,35.86,139.65,2026-08-06T18:00,2026-08-07,3,2026-08,2026-08-07T03:00,27.9,28.7,29.5,0.0,0.0,0.0
W06,Saitama Saitama,35.86,139.65,2026-08-06T18:00,2026-08-07,4,2026-08,2026-08-07T04:00,27.5,28.3,29.1,0.0,0.0,0.0
W06,Saitama Saitama,35.86,139.65,2026-08-06T18:00,2026-08-07,5,2026-08,2026-08-07T05:00,27.4,28.2,29.0,35.0,45.0,50.0
W06,Saitama Saitama,35.86,139.65,2026-08-06T18:00,2026-08-07,6,2026-08,2026-08-07T06:00,28.0,28.8,29.6,138.0,177.0,199.0
W06,Saitama Saitama,35.86,139.65,2026-08-06T18:00,2026-08-07,7,2026-08,2026-08-07T07:00,30.1,30.9,31.7,250.0,321.0,359.0
W06,Saitama Saitama,35.86,139.65,2026-08-06T18:00,2026-08-07,8,2026-08,2026-08-07T08:00,30.5,31.3,32.1,376.0,482.0,540.0
W06,Saitama Saitama,35.86,139.65,2026-08-06T18:00,2026-08-07,9,2026-08,2026-08-07T09:00,32.1,32.9,33.7,454.0,582.0,652.0
W06,Saitama Saitama,35.86,139.65,2026-08-06T18:00,2026-08-07,10,2026-08,2026-08-07T10:00,32.3,33.1,33.9,499.0,639.0,716.0
W06,Saitama Saitama,35.86,139.65,2026-08-06T18:00,2026-08-07,11,2026-08,2026-08-07T11:00,32.9,33.7,34.5,544.0,697.0,781.0
W06,Saitama Saitama,35.86,139.65,2026-08-06T18:00,2026-08-07,12,2026-08,2026-08-07T12:00,34.0,34.8,35.6,515.0,660.0,739.0
W06,Saitama Saitama,35.86,139.65,2026-08-06T18:00,2026-08-07,13,2026-08,2026-08-07T13:00,35.3,36.1,36.9,503.0,645.0,722.0
W06,Saitama Saitama,35.86,139.65,2026-08-06T18:00,2026-08-07,14,2026-08,2026-08-07T14:00,35.2,36.0,36.8,423.0,543.0,608.0
W06,Saitama Saitama,35.86,139.65,2026-08-06T18:00,2026-08-07,15,2026-08,2026-08-07T15:00,34.5,35.3,36.1,353.0,452.0,507.0
W06,Saitama Saitama,35.86,139.65,2026-08-06T18:00,2026-08-07,16,2026-08,2026-08-07T16:00,34.2,35.0,35.8,239.0,307.0,343.0
W06,Saitama Saitama,35.86,139.65,2026-08-06T18:00,2026-08-07,17,2026-08,2026-08-07T17:00,32.3,33.1,33.9,113.0,145.0,162.0
W06,Saitama Saitama,35.86,139.65,2026-08-06T18:00,2026-08-07,18,2026-08,2026-08-07T18:00,32.6,33.4,34.2,19.0,24.0,27.0
W06,Saitama Saitama,35.86,139.65,2026-08-06T18:00,2026-08-07,19,2026-08,2026-08-07T19:00,31.6,32.4,33.2,0.0,0.0,0.0
W06,Saitama Saitama,35.86,139.65,2026-08-06T18:00,2026-08-07,20,2026-08,2026-08-07T20:00,33.1,33.9,34.7,0.0,0.0,0.0
W06,Saitama Saitama,35.86,139.65,2026-08-06T18:00,2026-08-07,21,2026-08,2026-08-07T21:00,32.0,32.8,33.6,0.0,0.0,0.0
W06,Saitama Saitama,35.86,139.65,2026-08-06T18:00,2026-08-07,22,2026-08,2026-08-07T22:00,31.2,32.0,32.8,0.0,0.0,0.0
W06,Saitama Saitama,35.86,139.65,2026-08-06T18:00,2026-08-07,23,2026-08,2026-08-07T23:00,30.8,31.6,32.4,0.0,0.0,0.0
W07,Chiba Inzai,35.83,140.15,2026-08-06T18:00,2026-08-07,0,2026-08,2026-08-07T00:00,27.3,28.1,28.9,0.0,0.0,0.0
W07,Chiba Inzai,35.83,140.15,2026-08-06T18:00,2026-08-07,1,2026-08,2026-08-07T01:00,29.1,29.9,30.7,0.0,0.0,0.0
W07,Chiba Inzai,35.83,140.15,2026-08-06T18:00,2026-08-07,2,2026-08,2026-08-07T02:00,27.8,28.6,29.4,0.0,0.0,0.0
W07,Chiba Inzai,35.83,140.15,2026-08-06T18:00,2026-08-07,3,2026-08,2026-08-07T03:00,26.9,27.7,28.5,0.0,0.0,0.0
W07,Chiba Inzai,35.83,140.15,2026-08-06T18:00,2026-08-07,4,2026-08,2026-08-07T04:00,26.5,27.3,28.1,0.0,0.0,0.0
W07,Chiba Inzai,35.83,140.15,2026-08-06T18:00,2026-08-07,5,2026-08,2026-08-07T05:00,26.4,27.2,28.0,36.0,46.0,51.0
W07,Chiba Inzai,35.83,140.15,2026-08-06T18:00,2026-08-07,6,2026-08,2026-08-07T06:00,27.0,27.8,28.6,143.0,183.0,205.0
W07,Chiba Inzai,35.83,140.15,2026-08-06T18:00,2026-08-07,7,2026-08,2026-08-07T07:00,29.1,29.9,30.7,260.0,333.0,373.0
W07,Chiba Inzai,35.83,140.15,2026-08-06T18:00,2026-08-07,8,2026-08,2026-08-07T08:00,29.5,30.3,31.1,377.0,483.0,541.0
W07,Chiba Inzai,35.83,140.15,2026-08-06T18:00,2026-08-07,9,2026-08,2026-08-07T09:00,31.1,31.9,32.7,433.0,556.0,622.0
W07,Chiba Inzai,35.83,140.15,2026-08-06T18:00,2026-08-07,10,2026-08,2026-08-07T10:00,31.3,32.1,32.9,522.0,670.0,750.0
W07,Chiba Inzai,35.83,140.15,2026-08-06T18:00,2026-08-07,11,2026-08,2026-08-07T11:00,31.9,32.7,33.5,550.0,705.0,790.0
W07,Chiba Inzai,35.83,140.15,2026-08-06T18:00,2026-08-07,12,2026-08,2026-08-07T12:00,33.0,33.8,34.6,544.0,697.0,781.0
W07,Chiba Inzai,35.83,140.15,2026-08-06T18:00,2026-08-07,13,2026-08,2026-08-07T13:00,34.3,35.1,35.9,497.0,638.0,714.0
W07,Chiba Inzai,35.83,140.15,2026-08-06T18:00,2026-08-07,14,2026-08,2026-08-07T14:00,34.2,35.0,35.8,430.0,552.0,618.0
W07,Chiba Inzai,35.83,140.15,2026-08-06T18:00,2026-08-07,15,2026-08,2026-08-07T15:00,33.5,34.3,35.1,338.0,434.0,486.0
W07,Chiba Inzai,35.83,140.15,2026-08-06T18:00,2026-08-07,16,2026-08,2026-08-07T16:00,33.2,34.0,34.8,227.0,290.0,325.0
W07,Chiba Inzai,35.83,140.15,2026-08-06T18:00,2026-08-07,17,2026-08,2026-08-07T17:00,31.3,32.1,32.9,119.0,153.0,172.0
W07,Chiba Inzai,35.83,140.15,2026-08-06T18:00,2026-08-07,18,2026-08,2026-08-07T18:00,31.6,32.4,33.2,19.0,24.0,27.0
W07,Chiba Inzai,35.83,140.15,2026-08-06T18:00,2026-08-07,19,2026-08,2026-08-07T19:00,30.6,31.4,32.2,0.0,0.0,0.0
W07,Chiba Inzai,35.83,140.15,2026-08-06T18:00,2026-08-07,20,2026-08,2026-08-07T20:00,32.1,32.9,33.7,0.0,0.0,0.0
W07,Chiba Inzai,35.83,140.15,2026-08-06T18:00,2026-08-07,21,2026-08,2026-08-07T21:00,31.0,31.8,32.6,0.0,0.0,0.0
W07,Chiba Inzai,35.83,140.15,2026-08-06T18:00,2026-08-07,22,2026-08,2026-08-07T22:00,30.2,31.0,31.8,0.0,0.0,0.0
W07,Chiba Inzai,35.83,140.15,2026-08-06T18:00,2026-08-07,23,2026-08,2026-08-07T23:00,29.8,30.6,31.4,0.0,0.0,0.0
W08,Chiba Chiba,35.61,140.12,2026-08-06T18:00,2026-08-07,0,2026-08,2026-08-07T00:00,26.7,27.5,28.3,0.0,0.0,0.0
W08,Chiba Chiba,35.61,140.12,2026-08-06T18:00,2026-08-07,1,2026-08,2026-08-07T01:00,28.5,29.3,30.1,0.0,0.0,0.0
W08,Chiba Chiba,35.61,140.12,2026-08-06T18:00,2026-08-07,2,2026-08,2026-08-07T02:00,27.2,28.0,28.8,0.0,0.0,0.0
W08,Chiba Chiba,35.61,140.12,2026-08-06T18:00,2026-08-07,3,2026-08,2026-08-07T03:00,26.3,27.1,27.9,0.0,0.0,0.0
W08,Chiba Chiba,35.61,140.12,2026-08-06T18:00,2026-08-07,4,2026-08,2026-08-07T04:00,25.9,26.7,27.5,0.0,0.0,0.0
W08,Chiba Chiba,35.61,140.12,2026-08-06T18:00,2026-08-07,5,2026-08,2026-08-07T05:00,25.8,26.6,27.4,36.0,46.0,51.0
W08,Chiba Chiba,35.61,140.12,2026-08-06T18:00,2026-08-07,6,2026-08,2026-08-07T06:00,26.4,27.2,28.0,135.0,174.0,194.0
W08,Chiba Chiba,35.61,140.12,2026-08-06T18:00,2026-08-07,7,2026-08,2026-08-07T07:00,28.5,29.3,30.1,238.0,305.0,342.0
W08,Chiba Chiba,35.61,140.12,2026-08-06T18:00,2026-08-07,8,2026-08,2026-08-07T08:00,28.9,29.7,30.5,360.0,462.0,517.0
W08,Chiba Chiba,35.61,140.12,2026-08-06T18:00,2026-08-07,9,2026-08,2026-08-07T09:00,30.5,31.3,32.1,428.0,549.0,615.0
W08,Chiba Chiba,35.61,140.12,2026-08-06T18:00,2026-08-07,10,2026-08,2026-08-07T10:00,30.7,31.5,32.3,507.0,649.0,727.0
W08,Chiba Chiba,35.61,140.12,2026-08-06T18:00,2026-08-07,11,2026-08,2026-08-07T11:00,31.3,32.1,32.9,539.0,691.0,774.0
W08,Chiba Chiba,35.61,140.12,2026-08-06T18:00,2026-08-07,12,2026-08,2026-08-07T12:00,32.4,33.2,34.0,559.0,717.0,803.0
W08,Chiba Chiba,35.61,140.12,2026-08-06T18:00,2026-08-07,13,2026-08,2026-08-07T13:00,33.7,34.5,35.3,463.0,594.0,665.0
W08,Chiba Chiba,35.61,140.12,2026-08-06T18:00,2026-08-07,14,2026-08,2026-08-07T14:00,33.6,34.4,35.2,432.0,554.0,620.0
W08,Chiba Chiba,35.61,140.12,2026-08-06T18:00,2026-08-07,15,2026-08,2026-08-07T15:00,32.9,33.7,34.5,333.0,427.0,478.0
W08,Chiba Chiba,35.61,140.12,2026-08-06T18:00,2026-08-07,16,2026-08,2026-08-07T16:00,32.6,33.4,34.2,236.0,303.0,339.0
W08,Chiba Chiba,35.61,140.12,2026-08-06T18:00,2026-08-07,17,2026-08,2026-08-07T17:00,30.7,31.5,32.3,113.0,145.0,162.0
W08,Chiba Chiba,35.61,140.12,2026-08-06T18:00,2026-08-07,18,2026-08,2026-08-07T18:00,31.0,31.8,32.6,19.0,24.0,27.0
W08,Chiba Chiba,35.61,140.12,2026-08-06T18:00,2026-08-07,19,2026-08,2026-08-07T19:00,30.0,30.8,31.6,0.0,0.0,0.0
W08,Chiba Chiba,35.61,140.12,2026-08-06T18:00,2026-08-07,20,2026-08,2026-08-07T20:00,31.5,32.3,33.1,0.0,0.0,0.0
W08,Chiba Chiba,35.61,140.12,2026-08-06T18:00,2026-08-07,21,2026-08,2026-08-07T21:00,30.4,31.2,32.0,0.0,0.0,0.0
W08,Chiba Chiba,35.61,140.12,2026-08-06T18:00,2026-08-07,22,2026-08,2026-08-07T22:00,29.6,30.4,31.2,0.0,0.0,0.0
W08,Chiba Chiba,35.61,140.12,2026-08-06T18:00,2026-08-07,23,2026-08,2026-08-07T23:00,29.2,30.0,30.8,0.0,0.0,0.0
W09,Ibaraki Tsukuba,36.08,140.08,2026-08-06T18:00,2026-08-07,0,2026-08,2026-08-07T00:00,27.4,28.2,29.0,0.0,0.0,0.0
W09,Ibaraki Tsukuba,36.08,140.08,2026-08-06T18:00,2026-08-07,1,2026-08,2026-08-07T01:00,29.2,30.0,30.8,0.0,0.0,0.0
W09,Ibaraki Tsukuba,36.08,140.08,2026-08-06T18:00,2026-08-07,2,2026-08,2026-08-07T02:00,27.9,28.7,29.5,0.0,0.0,0.0
W09,Ibaraki Tsukuba,36.08,140.08,2026-08-06T18:00,2026-08-07,3,2026-08,2026-08-07T03:00,27.0,27.8,28.6,0.0,0.0,0.0
W09,Ibaraki Tsukuba,36.08,140.08,2026-08-06T18:00,2026-08-07,4,2026-08,2026-08-07T04:00,26.6,27.4,28.2,0.0,0.0,0.0
W09,Ibaraki Tsukuba,36.08,140.08,2026-08-06T18:00,2026-08-07,5,2026-08,2026-08-07T05:00,26.5,27.3,28.1,34.0,44.0,49.0
W09,Ibaraki Tsukuba,36.08,140.08,2026-08-06T18:00,2026-08-07,6,2026-08,2026-08-07T06:00,27.1,27.9,28.7,135.0,174.0,194.0
W09,Ibaraki Tsukuba,36.08,140.08,2026-08-06T18:00,2026-08-07,7,2026-08,2026-08-07T07:00,29.2,30.0,30.8,253.0,324.0,363.0
W09,Ibaraki Tsukuba,36.08,140.08,2026-08-06T18:00,2026-08-07,8,2026-08,2026-08-07T08:00,29.6,30.4,31.2,342.0,438.0,491.0
W09,Ibaraki Tsukuba,36.08,140.08,2026-08-06T18:00,2026-08-07,9,2026-08,2026-08-07T09:00,31.2,32.0,32.8,455.0,584.0,654.0
W09,Ibaraki Tsukuba,36.08,140.08,2026-08-06T18:00,2026-08-07,10,2026-08,2026-08-07T10:00,31.4,32.2,33.0,489.0,627.0,703.0
W09,Ibaraki Tsukuba,36.08,140.08,2026-08-06T18:00,2026-08-07,11,2026-08,2026-08-07T11:00,32.0,32.8,33.6,515.0,660.0,739.0
W09,Ibaraki Tsukuba,36.08,140.08,2026-08-06T18:00,2026-08-07,12,2026-08,2026-08-07T12:00,33.1,33.9,34.7,547.0,701.0,785.0
W09,Ibaraki Tsukuba,36.08,140.08,2026-08-06T18:00,2026-08-07,13,2026-08,2026-08-07T13:00,34.4,35.2,36.0,500.0,640.0,717.0
W09,Ibaraki Tsukuba,36.08,140.08,2026-08-06T18:00,2026-08-07,14,2026-08,2026-08-07T14:00,34.3,35.1,35.9,451.0,578.0,648.0
W09,Ibaraki Tsukuba,36.08,140.08,2026-08-06T18:00,2026-08-07,15,2026-08,2026-08-07T15:00,33.6,34.4,35.2,337.0,432.0,484.0
W09,Ibaraki Tsukuba,36.08,140.08,2026-08-06T18:00,2026-08-07,16,2026-08,2026-08-07T16:00,33.3,34.1,34.9,222.0,285.0,319.0
W09,Ibaraki Tsukuba,36.08,140.08,2026-08-06T18:00,2026-08-07,17,2026-08,2026-08-07T17:00,31.4,32.2,33.0,118.0,151.0,169.0
W09,Ibaraki Tsukuba,36.08,140.08,2026-08-06T18:00,2026-08-07,18,2026-08,2026-08-07T18:00,31.7,32.5,33.3,18.0,24.0,26.0
W09,Ibaraki Tsukuba,36.08,140.08,2026-08-06T18:00,2026-08-07,19,2026-08,2026-08-07T19:00,30.7,31.5,32.3,0.0,0.0,0.0
W09,Ibaraki Tsukuba,36.08,140.08,2026-08-06T18:00,2026-08-07,20,2026-08,2026-08-07T20:00,32.2,33.0,33.8,0.0,0.0,0.0
W09,Ibaraki Tsukuba,36.08,140.08,2026-08-06T18:00,2026-08-07,21,2026-08,2026-08-07T21:00,31.1,31.9,32.7,0.0,0.0,0.0
W09,Ibaraki Tsukuba,36.08,140.08,2026-08-06T18:00,2026-08-07,22,2026-08,2026-08-07T22:00,30.3,31.1,31.9,0.0,0.0,0.0
W09,Ibaraki Tsukuba,36.08,140.08,2026-08-06T18:00,2026-08-07,23,2026-08,2026-08-07T23:00,29.9,30.7,31.5,0.0,0.0,0.0
W10,Gunma Maebashi,36.39,139.06,2026-08-06T18:00,2026-08-07,0,2026-08,2026-08-07T00:00,28.7,29.5,30.3,0.0,0.0,0.0
W10,Gunma Maebashi,36.39,139.06,2026-08-06T18:00,2026-08-07,1,2026-08,2026-08-07T01:00,30.5,31.3,32.1,0.0,0.0,0.0
W10,Gunma Maebashi,36.39,139.06,2026-08-06T18:00,2026-08-07,2,2026-08,2026-08-07T02:00,29.2,30.0,30.8,0.0,0.0,0.0
W10,Gunma Maebashi,36.39,139.06,2026-08-06T18:00,2026-08-07,3,2026-08,2026-08-07T03:00,28.3,29.1,29.9,0.0,0.0,0.0
W10,Gunma Maebashi,36.39,139.06,2026-08-06T18:00,2026-08-07,4,2026-08,2026-08-07T04:00,27.9,28.7,29.5,0.0,0.0,0.0
W10,Gunma Maebashi,36.39,139.06,2026-08-06T18:00,2026-08-07,5,2026-08,2026-08-07T05:00,27.8,28.6,29.4,37.0,47.0,53.0
W10,Gunma Maebashi,36.39,139.06,2026-08-06T18:00,2026-08-07,6,2026-08,2026-08-07T06:00,28.4,29.2,30.0,140.0,179.0,200.0
W10,Gunma Maebashi,36.39,139.06,2026-08-06T18:00,2026-08-07,7,2026-08,2026-08-07T07:00,30.5,31.3,32.1,255.0,327.0,367.0
W10,Gunma Maebashi,36.39,139.06,2026-08-06T18:00,2026-08-07,8,2026-08,2026-08-07T08:00,30.9,31.7,32.5,353.0,453.0,507.0
W10,Gunma Maebashi,36.39,139.06,2026-08-06T18:00,2026-08-07,9,2026-08,2026-08-07T09:00,32.5,33.3,34.1,445.0,570.0,638.0
W10,Gunma Maebashi,36.39,139.06,2026-08-06T18:00,2026-08-07,10,2026-08,2026-08-07T10:00,32.7,33.5,34.3,520.0,667.0,747.0
W10,Gunma Maebashi,36.39,139.06,2026-08-06T18:00,2026-08-07,11,2026-08,2026-08-07T11:00,33.3,34.1,34.9,510.0,654.0,733.0
W10,Gunma Maebashi,36.39,139.06,2026-08-06T18:00,2026-08-07,12,2026-08,2026-08-07T12:00,34.4,35.2,36.0,547.0,702.0,786.0
W10,Gunma Maebashi,36.39,139.06,2026-08-06T18:00,2026-08-07,13,2026-08,2026-08-07T13:00,35.7,36.5,37.3,487.0,624.0,699.0
W10,Gunma Maebashi,36.39,139.06,2026-08-06T18:00,2026-08-07,14,2026-08,2026-08-07T14:00,35.6,36.4,37.2,432.0,554.0,621.0
W10,Gunma Maebashi,36.39,139.06,2026-08-06T18:00,2026-08-07,15,2026-08,2026-08-07T15:00,34.9,35.7,36.5,381.0,488.0,546.0
W10,Gunma Maebashi,36.39,139.06,2026-08-06T18:00,2026-08-07,16,2026-08,2026-08-07T16:00,34.6,35.4,36.2,221.0,284.0,318.0
W10,Gunma Maebashi,36.39,139.06,2026-08-06T18:00,2026-08-07,17,2026-08,2026-08-07T17:00,32.7,33.5,34.3,121.0,156.0,174.0
W10,Gunma Maebashi,36.39,139.06,2026-08-06T18:00,2026-08-07,18,2026-08,2026-08-07T18:00,33.0,33.8,34.6,20.0,25.0,28.0
W10,Gunma Maebashi,36.39,139.06,2026-08-06T18:00,2026-08-07,19,2026-08,2026-08-07T19:00,32.0,32.8,33.6,0.0,0.0,0.0
W10,Gunma Maebashi,36.39,139.06,2026-08-06T18:00,2026-08-07,20,2026-08,2026-08-07T20:00,33.5,34.3,35.1,0.0,0.0,0.0
W10,Gunma Maebashi,36.39,139.06,2026-08-06T18:00,2026-08-07,21,2026-08,2026-08-07T21:00,32.4,33.2,34.0,0.0,0.0,0.0
W10,Gunma Maebashi,36.39,139.06,2026-08-06T18:00,2026-08-07,22,2026-08,2026-08-07T22:00,31.6,32.4,33.2,0.0,0.0,0.0
W10,Gunma Maebashi,36.39,139.06,2026-08-06T18:00,2026-08-07,23,2026-08,2026-08-07T23:00,31.2,32.0,32.8,0.0,0.0,0.0
W01,Tokyo Otemachi,35.69,139.76,2026-08-07T18:00,2026-08-08,0,2026-08,2026-08-08T00:00,26.0,26.8,27.6,0.0,0.0,0.0
W01,Tokyo Otemachi,35.69,139.76,2026-08-07T18:00,2026-08-08,1,2026-08,2026-08-08T01:00,26.2,27.0,27.8,0.0,0.0,0.0
W01,Tokyo Otemachi,35.69,139.76,2026-08-07T18:00,2026-08-08,2,2026-08,2026-08-08T02:00,25.5,26.3,27.1,0.0,0.0,0.0
W01,Tokyo Otemachi,35.69,139.76,2026-08-07T18:00,2026-08-08,3,2026-08,2026-08-08T03:00,26.3,27.1,27.9,0.0,0.0,0.0
W01,Tokyo Otemachi,35.69,139.76,2026-08-07T18:00,2026-08-08,4,2026-08,2026-08-08T04:00,26.4,27.2,28.0,0.0,0.0,0.0
W01,Tokyo Otemachi,35.69,139.76,2026-08-07T18:00,2026-08-08,5,2026-08,2026-08-08T05:00,26.3,27.1,27.9,31.0,40.0,45.0
W01,Tokyo Otemachi,35.69,139.76,2026-08-07T18:00,2026-08-08,6,2026-08,2026-08-08T06:00,27.2,28.0,28.8,130.0,167.0,187.0
W01,Tokyo Otemachi,35.69,139.76,2026-08-07T18:00,2026-08-08,7,2026-08,2026-08-08T07:00,27.4,28.2,29.0,235.0,301.0,337.0
W01,Tokyo Otemachi,35.69,139.76,2026-08-07T18:00,2026-08-08,8,2026-08,2026-08-08T08:00,28.7,29.5,30.3,309.0,396.0,444.0
W01,Tokyo Otemachi,35.69,139.76,2026-08-07T18:00,2026-08-08,9,2026-08,2026-08-08T09:00,28.8,29.6,30.4,408.0,523.0,586.0
W01,Tokyo Otemachi,35.69,139.76,2026-08-07T18:00,2026-08-08,10,2026-08,2026-08-08T10:00,29.9,30.7,31.5,484.0,621.0,695.0
W01,Tokyo Otemachi,35.69,139.76,2026-08-07T18:00,2026-08-08,11,2026-08,2026-08-08T11:00,31.2,32.0,32.8,518.0,664.0,744.0
W01,Tokyo Otemachi,35.69,139.76,2026-08-07T18:00,2026-08-08,12,2026-08,2026-08-08T12:00,31.9,32.7,33.5,501.0,643.0,720.0
W01,Tokyo Otemachi,35.69,139.76,2026-08-07T18:00,2026-08-08,13,2026-08,2026-08-08T13:00,32.8,33.6,34.4,452.0,580.0,650.0
W01,Tokyo Otemachi,35.69,139.76,2026-08-07T18:00,2026-08-08,14,2026-08,2026-08-08T14:00,34.1,34.9,35.7,393.0,503.0,564.0
W01,Tokyo Otemachi,35.69,139.76,2026-08-07T18:00,2026-08-08,15,2026-08,2026-08-08T15:00,32.3,33.1,33.9,296.0,379.0,425.0
W01,Tokyo Otemachi,35.69,139.76,2026-08-07T18:00,2026-08-08,16,2026-08,2026-08-08T16:00,32.7,33.5,34.3,220.0,282.0,316.0
W01,Tokyo Otemachi,35.69,139.76,2026-08-07T18:00,2026-08-08,17,2026-08,2026-08-08T17:00,30.8,31.6,32.4,105.0,135.0,151.0
W01,Tokyo Otemachi,35.69,139.76,2026-08-07T18:00,2026-08-08,18,2026-08,2026-08-08T18:00,31.2,32.0,32.8,17.0,22.0,25.0
W01,Tokyo Otemachi,35.69,139.76,2026-08-07T18:00,2026-08-08,19,2026-08,2026-08-08T19:00,30.2,31.0,31.8,0.0,0.0,0.0
W01,Tokyo Otemachi,35.69,139.76,2026-08-07T18:00,2026-08-08,20,2026-08,2026-08-08T20:00,28.6,29.4,30.2,0.0,0.0,0.0
W01,Tokyo Otemachi,35.69,139.76,2026-08-07T18:00,2026-08-08,21,2026-08,2026-08-08T21:00,29.0,29.8,30.6,0.0,0.0,0.0
W01,Tokyo Otemachi,35.69,139.76,2026-08-07T18:00,2026-08-08,22,2026-08,2026-08-08T22:00,27.6,28.4,29.2,0.0,0.0,0.0
W01,Tokyo Otemachi,35.69,139.76,2026-08-07T18:00,2026-08-08,23,2026-08,2026-08-08T23:00,27.0,27.8,28.6,0.0,0.0,0.0
W02,Tokyo Hachioji,35.66,139.32,2026-08-07T18:00,2026-08-08,0,2026-08,2026-08-08T00:00,26.6,27.4,28.2,0.0,0.0,0.0
W02,Tokyo Hachioji,35.66,139.32,2026-08-07T18:00,2026-08-08,1,2026-08,2026-08-08T01:00,26.8,27.6,28.4,0.0,0.0,0.0
W02,Tokyo Hachioji,35.66,139.32,2026-08-07T18:00,2026-08-08,2,2026-08,2026-08-08T02:00,26.1,26.9,27.7,0.0,0.0,0.0
W02,Tokyo Hachioji,35.66,139.32,2026-08-07T18:00,2026-08-08,3,2026-08,2026-08-08T03:00,26.9,27.7,28.5,0.0,0.0,0.0
W02,Tokyo Hachioji,35.66,139.32,2026-08-07T18:00,2026-08-08,4,2026-08,2026-08-08T04:00,27.0,27.8,28.6,0.0,0.0,0.0
W02,Tokyo Hachioji,35.66,139.32,2026-08-07T18:00,2026-08-08,5,2026-08,2026-08-08T05:00,26.9,27.7,28.5,33.0,43.0,48.0
W02,Tokyo Hachioji,35.66,139.32,2026-08-07T18:00,2026-08-08,6,2026-08,2026-08-08T06:00,27.8,28.6,29.4,131.0,169.0,189.0
W02,Tokyo Hachioji,35.66,139.32,2026-08-07T18:00,2026-08-08,7,2026-08,2026-08-08T07:00,28.0,28.8,29.6,223.0,286.0,321.0
W02,Tokyo Hachioji,35.66,139.32,2026-08-07T18:00,2026-08-08,8,2026-08,2026-08-08T08:00,29.3,30.1,30.9,341.0,437.0,489.0
W02,Tokyo Hachioji,35.66,139.32,2026-08-07T18:00,2026-08-08,9,2026-08,2026-08-08T09:00,29.4,30.2,31.0,403.0,517.0,579.0
W02,Tokyo Hachioji,35.66,139.32,2026-08-07T18:00,2026-08-08,10,2026-08,2026-08-08T10:00,30.5,31.3,32.1,473.0,606.0,679.0
W02,Tokyo Hachioji,35.66,139.32,2026-08-07T18:00,2026-08-08,11,2026-08,2026-08-08T11:00,31.8,32.6,33.4,456.0,585.0,655.0
W02,Tokyo Hachioji,35.66,139.32,2026-08-07T18:00,2026-08-08,12,2026-08,2026-08-08T12:00,32.5,33.3,34.1,468.0,599.0,671.0
W02,Tokyo Hachioji,35.66,139.32,2026-08-07T18:00,2026-08-08,13,2026-08,2026-08-08T13:00,33.4,34.2,35.0,444.0,569.0,637.0
W02,Tokyo Hachioji,35.66,139.32,2026-08-07T18:00,2026-08-08,14,2026-08,2026-08-08T14:00,34.7,35.5,36.3,383.0,491.0,549.0
W02,Tokyo Hachioji,35.66,139.32,2026-08-07T18:00,2026-08-08,15,2026-08,2026-08-08T15:00,32.9,33.7,34.5,308.0,395.0,443.0
W02,Tokyo Hachioji,35.66,139.32,2026-08-07T18:00,2026-08-08,16,2026-08,2026-08-08T16:00,33.3,34.1,34.9,207.0,265.0,297.0
W02,Tokyo Hachioji,35.66,139.32,2026-08-07T18:00,2026-08-08,17,2026-08,2026-08-08T17:00,31.4,32.2,33.0,111.0,142.0,159.0
W02,Tokyo Hachioji,35.66,139.32,2026-08-07T18:00,2026-08-08,18,2026-08,2026-08-08T18:00,31.8,32.6,33.4,17.0,22.0,24.0
W02,Tokyo Hachioji,35.66,139.32,2026-08-07T18:00,2026-08-08,19,2026-08,2026-08-08T19:00,30.8,31.6,32.4,0.0,0.0,0.0
W02,Tokyo Hachioji,35.66,139.32,2026-08-07T18:00,2026-08-08,20,2026-08,2026-08-08T20:00,29.2,30.0,30.8,0.0,0.0,0.0
W02,Tokyo Hachioji,35.66,139.32,2026-08-07T18:00,2026-08-08,21,2026-08,2026-08-08T21:00,29.6,30.4,31.2,0.0,0.0,0.0
W02,Tokyo Hachioji,35.66,139.32,2026-08-07T18:00,2026-08-08,22,2026-08,2026-08-08T22:00,28.2,29.0,29.8,0.0,0.0,0.0
W02,Tokyo Hachioji,35.66,139.32,2026-08-07T18:00,2026-08-08,23,2026-08,2026-08-08T23:00,27.6,28.4,29.2,0.0,0.0,0.0
W03,Kanagawa Yokohama,35.44,139.64,2026-08-07T18:00,2026-08-08,0,2026-08,2026-08-08T00:00,25.1,25.9,26.7,0.0,0.0,0.0
W03,Kanagawa Yokohama,35.44,139.64,2026-08-07T18:00,2026-08-08,1,2026-08,2026-08-08T01:00,25.3,26.1,26.9,0.0,0.0,0.0
W03,Kanagawa Yokohama,35.44,139.64,2026-08-07T18:00,2026-08-08,2,2026-08,2026-08-08T02:00,24.6,25.4,26.2,0.0,0.0,0.0
W03,Kanagawa Yokohama,35.44,139.64,2026-08-07T18:00,2026-08-08,3,2026-08,2026-08-08T03:00,25.4,26.2,27.0,0.0,0.0,0.0
W03,Kanagawa Yokohama,35.44,139.64,2026-08-07T18:00,2026-08-08,4,2026-08,2026-08-08T04:00,25.5,26.3,27.1,0.0,0.0,0.0
W03,Kanagawa Yokohama,35.44,139.64,2026-08-07T18:00,2026-08-08,5,2026-08,2026-08-08T05:00,25.4,26.2,27.0,32.0,41.0,46.0
W03,Kanagawa Yokohama,35.44,139.64,2026-08-07T18:00,2026-08-08,6,2026-08,2026-08-08T06:00,26.3,27.1,27.9,124.0,159.0,178.0
W03,Kanagawa Yokohama,35.44,139.64,2026-08-07T18:00,2026-08-08,7,2026-08,2026-08-08T07:00,26.5,27.3,28.1,235.0,301.0,337.0
W03,Kanagawa Yokohama,35.44,139.64,2026-08-07T18:00,2026-08-08,8,2026-08,2026-08-08T08:00,27.8,28.6,29.4,332.0,425.0,476.0
W03,Kanagawa Yokohama,35.44,139.64,2026-08-07T18:00,2026-08-08,9,2026-08,2026-08-08T09:00,27.9,28.7,29.5,401.0,513.0,575.0
W03,Kanagawa Yokohama,35.44,139.64,2026-08-07T18:00,2026-08-08,10,2026-08,2026-08-08T10:00,29.0,29.8,30.6,462.0,592.0,664.0
W03,Kanagawa Yokohama,35.44,139.64,2026-08-07T18:00,2026-08-08,11,2026-08,2026-08-08T11:00,30.3,31.1,31.9,511.0,655.0,734.0
W03,Kanagawa Yokohama,35.44,139.64,2026-08-07T18:00,2026-08-08,12,2026-08,2026-08-08T12:00,31.0,31.8,32.6,500.0,640.0,717.0
W03,Kanagawa Yokohama,35.44,139.64,2026-08-07T18:00,2026-08-08,13,2026-08,2026-08-08T13:00,31.9,32.7,33.5,462.0,592.0,663.0
W03,Kanagawa Yokohama,35.44,139.64,2026-08-07T18:00,2026-08-08,14,2026-08,2026-08-08T14:00,33.2,34.0,34.8,408.0,523.0,586.0
W03,Kanagawa Yokohama,35.44,139.64,2026-08-07T18:00,2026-08-08,15,2026-08,2026-08-08T15:00,31.4,32.2,33.0,311.0,398.0,446.0
W03,Kanagawa Yokohama,35.44,139.64,2026-08-07T18:00,2026-08-08,16,2026-08,2026-08-08T16:00,31.8,32.6,33.4,205.0,263.0,295.0
W03,Kanagawa Yokohama,35.44,139.64,2026-08-07T18:00,2026-08-08,17,2026-08,2026-08-08T17:00,29.9,30.7,31.5,102.0,131.0,147.0
W03,Kanagawa Yokohama,35.44,139.64,2026-08-07T18:00,2026-08-08,18,2026-08,2026-08-08T18:00,30.3,31.1,31.9,17.0,22.0,24.0
W03,Kanagawa Yokohama,35.44,139.64,2026-08-07T18:00,2026-08-08,19,2026-08,2026-08-08T19:00,29.3,30.1,30.9,0.0,0.0,0.0
W03,Kanagawa Yokohama,35.44,139.64,2026-08-07T18:00,2026-08-08,20,2026-08,2026-08-08T20:00,27.7,28.5,29.3,0.0,0.0,0.0
W03,Kanagawa Yokohama,35.44,139.64,2026-08-07T18:00,2026-08-08,21,2026-08,2026-08-08T21:00,28.1,28.9,29.7,0.0,0.0,0.0
W03,Kanagawa Yokohama,35.44,139.64,2026-08-07T18:00,2026-08-08,22,2026-08,2026-08-08T22:00,26.7,27.5,28.3,0.0,0.0,0.0
W03,Kanagawa Yokohama,35.44,139.64,2026-08-07T18:00,2026-08-08,23,2026-08,2026-08-08T23:00,26.1,26.9,27.7,0.0,0.0,0.0
W04,Kanagawa Sagamihara,35.57,139.37,2026-08-07T18:00,2026-08-08,0,2026-08,2026-08-08T00:00,26.4,27.2,28.0,0.0,0.0,0.0
W04,Kanagawa Sagamihara,35.57,139.37,2026-08-07T18:00,2026-08-08,1,2026-08,2026-08-08T01:00,26.6,27.4,28.2,0.0,0.0,0.0
W04,Kanagawa Sagamihara,35.57,139.37,2026-08-07T18:00,2026-08-08,2,2026-08,2026-08-08T02:00,25.9,26.7,27.5,0.0,0.0,0.0
W04,Kanagawa Sagamihara,35.57,139.37,2026-08-07T18:00,2026-08-08,3,2026-08,2026-08-08T03:00,26.7,27.5,28.3,0.0,0.0,0.0
W04,Kanagawa Sagamihara,35.57,139.37,2026-08-07T18:00,2026-08-08,4,2026-08,2026-08-08T04:00,26.8,27.6,28.4,0.0,0.0,0.0
W04,Kanagawa Sagamihara,35.57,139.37,2026-08-07T18:00,2026-08-08,5,2026-08,2026-08-08T05:00,26.7,27.5,28.3,32.0,41.0,46.0
W04,Kanagawa Sagamihara,35.57,139.37,2026-08-07T18:00,2026-08-08,6,2026-08,2026-08-08T06:00,27.6,28.4,29.2,122.0,157.0,176.0
W04,Kanagawa Sagamihara,35.57,139.37,2026-08-07T18:00,2026-08-08,7,2026-08,2026-08-08T07:00,27.8,28.6,29.4,243.0,312.0,350.0
W04,Kanagawa Sagamihara,35.57,139.37,2026-08-07T18:00,2026-08-08,8,2026-08,2026-08-08T08:00,29.1,29.9,30.7,322.0,413.0,463.0
W04,Kanagawa Sagamihara,35.57,139.37,2026-08-07T18:00,2026-08-08,9,2026-08,2026-08-08T09:00,29.2,30.0,30.8,401.0,515.0,576.0
W04,Kanagawa Sagamihara,35.57,139.37,2026-08-07T18:00,2026-08-08,10,2026-08,2026-08-08T10:00,30.3,31.1,31.9,471.0,604.0,677.0
W04,Kanagawa Sagamihara,35.57,139.37,2026-08-07T18:00,2026-08-08,11,2026-08,2026-08-08T11:00,31.6,32.4,33.2,500.0,641.0,718.0
W04,Kanagawa Sagamihara,35.57,139.37,2026-08-07T18:00,2026-08-08,12,2026-08,2026-08-08T12:00,32.3,33.1,33.9,489.0,627.0,702.0
W04,Kanagawa Sagamihara,35.57,139.37,2026-08-07T18:00,2026-08-08,13,2026-08,2026-08-08T13:00,33.2,34.0,34.8,473.0,606.0,679.0
W04,Kanagawa Sagamihara,35.57,139.37,2026-08-07T18:00,2026-08-08,14,2026-08,2026-08-08T14:00,34.5,35.3,36.1,404.0,518.0,581.0
W04,Kanagawa Sagamihara,35.57,139.37,2026-08-07T18:00,2026-08-08,15,2026-08,2026-08-08T15:00,32.7,33.5,34.3,294.0,377.0,423.0
W04,Kanagawa Sagamihara,35.57,139.37,2026-08-07T18:00,2026-08-08,16,2026-08,2026-08-08T16:00,33.1,33.9,34.7,205.0,263.0,294.0
W04,Kanagawa Sagamihara,35.57,139.37,2026-08-07T18:00,2026-08-08,17,2026-08,2026-08-08T17:00,31.2,32.0,32.8,107.0,137.0,153.0
W04,Kanagawa Sagamihara,35.57,139.37,2026-08-07T18:00,2026-08-08,18,2026-08,2026-08-08T18:00,31.6,32.4,33.2,18.0,23.0,25.0
W04,Kanagawa Sagamihara,35.57,139.37,2026-08-07T18:00,2026-08-08,19,2026-08,2026-08-08T19:00,30.6,31.4,32.2,0.0,0.0,0.0
W04,Kanagawa Sagamihara,35.57,139.37,2026-08-07T18:00,2026-08-08,20,2026-08,2026-08-08T20:00,29.0,29.8,30.6,0.0,0.0,0.0
W04,Kanagawa Sagamihara,35.57,139.37,2026-08-07T18:00,2026-08-08,21,2026-08,2026-08-08T21:00,29.4,30.2,31.0,0.0,0.0,0.0
W04,Kanagawa Sagamihara,35.57,139.37,2026-08-07T18:00,2026-08-08,22,2026-08,2026-08-08T22:00,28.0,28.8,29.6,0.0,0.0,0.0
W04,Kanagawa Sagamihara,35.57,139.37,2026-08-07T18:00,2026-08-08,23,2026-08,2026-08-08T23:00,27.4,28.2,29.0,0.0,0.0,0.0
W05,Saitama Kumagaya,36.15,139.39,2026-08-07T18:00,2026-08-08,0,2026-08,2026-08-08T00:00,27.6,28.4,29.2,0.0,0.0,0.0
W05,Saitama Kumagaya,36.15,139.39,2026-08-07T18:00,2026-08-08,1,2026-08,2026-08-08T01:00,27.8,28.6,29.4,0.0,0.0,0.0
W05,Saitama Kumagaya,36.15,139.39,2026-08-07T18:00,2026-08-08,2,2026-08,2026-08-08T02:00,27.1,27.9,28.7,0.0,0.0,0.0
W05,Saitama Kumagaya,36.15,139.39,2026-08-07T18:00,2026-08-08,3,2026-08,2026-08-08T03:00,27.9,28.7,29.5,0.0,0.0,0.0
W05,Saitama Kumagaya,36.15,139.39,2026-08-07T18:00,2026-08-08,4,2026-08,2026-08-08T04:00,28.0,28.8,29.6,0.0,0.0,0.0
W05,Saitama Kumagaya,36.15,139.39,2026-08-07T18:00,2026-08-08,5,2026-08,2026-08-08T05:00,27.9,28.7,29.5,32.0,41.0,46.0
W05,Saitama Kumagaya,36.15,139.39,2026-08-07T18:00,2026-08-08,6,2026-08,2026-08-08T06:00,28.8,29.6,30.4,123.0,158.0,176.0
W05,Saitama Kumagaya,36.15,139.39,2026-08-07T18:00,2026-08-08,7,2026-08,2026-08-08T07:00,29.0,29.8,30.6,227.0,290.0,325.0
W05,Saitama Kumagaya,36.15,139.39,2026-08-07T18:00,2026-08-08,8,2026-08,2026-08-08T08:00,30.3,31.1,31.9,321.0,411.0,461.0
W05,Saitama Kumagaya,36.15,139.39,2026-08-07T18:00,2026-08-08,9,2026-08,2026-08-08T09:00,30.4,31.2,32.0,419.0,538.0,602.0
W05,Saitama Kumagaya,36.15,139.39,2026-08-07T18:00,2026-08-08,10,2026-08,2026-08-08T10:00,31.5,32.3,33.1,450.0,577.0,646.0
W05,Saitama Kumagaya,36.15,139.39,2026-08-07T18:00,2026-08-08,11,2026-08,2026-08-08T11:00,32.8,33.6,34.4,498.0,638.0,715.0
W05,Saitama Kumagaya,36.15,139.39,2026-08-07T18:00,2026-08-08,12,2026-08,2026-08-08T12:00,33.5,34.3,35.1,475.0,608.0,681.0
W05,Saitama Kumagaya,36.15,139.39,2026-08-07T18:00,2026-08-08,13,2026-08,2026-08-08T13:00,34.4,35.2,36.0,450.0,577.0,646.0
W05,Saitama Kumagaya,36.15,139.39,2026-08-07T18:00,2026-08-08,14,2026-08,2026-08-08T14:00,35.7,36.5,37.3,378.0,485.0,543.0
W05,Saitama Kumagaya,36.15,139.39,2026-08-07T18:00,2026-08-08,15,2026-08,2026-08-08T15:00,33.9,34.7,35.5,295.0,379.0,424.0
W05,Saitama Kumagaya,36.15,139.39,2026-08-07T18:00,2026-08-08,16,2026-08,2026-08-08T16:00,34.3,35.1,35.9,212.0,271.0,304.0
W05,Saitama Kumagaya,36.15,139.39,2026-08-07T18:00,2026-08-08,17,2026-08,2026-08-08T17:00,32.4,33.2,34.0,109.0,140.0,157.0
W05,Saitama Kumagaya,36.15,139.39,2026-08-07T18:00,2026-08-08,18,2026-08,2026-08-08T18:00,32.8,33.6,34.4,17.0,22.0,25.0
W05,Saitama Kumagaya,36.15,139.39,2026-08-07T18:00,2026-08-08,19,2026-08,2026-08-08T19:00,31.8,32.6,33.4,0.0,0.0,0.0
W05,Saitama Kumagaya,36.15,139.39,2026-08-07T18:00,2026-08-08,20,2026-08,2026-08-08T20:00,30.2,31.0,31.8,0.0,0.0,0.0
W05,Saitama Kumagaya,36.15,139.39,2026-08-07T18:00,2026-08-08,21,2026-08,2026-08-08T21:00,30.6,31.4,32.2,0.0,0.0,0.0
W05,Saitama Kumagaya,36.15,139.39,2026-08-07T18:00,2026-08-08,22,2026-08,2026-08-08T22:00,29.2,30.0,30.8,0.0,0.0,0.0
W05,Saitama Kumagaya,36.15,139.39,2026-08-07T18:00,2026-08-08,23,2026-08,2026-08-08T23:00,28.6,29.4,30.2,0.0,0.0,0.0
W06,Saitama Saitama,35.86,139.65,2026-08-07T18:00,2026-08-08,0,2026-08,2026-08-08T00:00,26.8,27.6,28.4,0.0,0.0,0.0
W06,Saitama Saitama,35.86,139.65,2026-08-07T18:00,2026-08-08,1,2026-08,2026-08-08T01:00,27.0,27.8,28.6,0.0,0.0,0.0
W06,Saitama Saitama,35.86,139.65,2026-08-07T18:00,2026-08-08,2,2026-08,2026-08-08T02:00,26.3,27.1,27.9,0.0,0.0,0.0
W06,Saitama Saitama,35.86,139.65,2026-08-07T18:00,2026-08-08,3,2026-08,2026-08-08T03:00,27.1,27.9,28.7,0.0,0.0,0.0
W06,Saitama Saitama,35.86,139.65,2026-08-07T18:00,2026-08-08,4,2026-08,2026-08-08T04:00,27.2,28.0,28.8,0.0,0.0,0.0
W06,Saitama Saitama,35.86,139.65,2026-08-07T18:00,2026-08-08,5,2026-08,2026-08-08T05:00,27.1,27.9,28.7,34.0,44.0,49.0
W06,Saitama Saitama,35.86,139.65,2026-08-07T18:00,2026-08-08,6,2026-08,2026-08-08T06:00,28.0,28.8,29.6,126.0,162.0,182.0
W06,Saitama Saitama,35.86,139.65,2026-08-07T18:00,2026-08-08,7,2026-08,2026-08-08T07:00,28.2,29.0,29.8,231.0,297.0,332.0
W06,Saitama Saitama,35.86,139.65,2026-08-07T18:00,2026-08-08,8,2026-08,2026-08-08T08:00,29.5,30.3,31.1,323.0,414.0,463.0
W06,Saitama Saitama,35.86,139.65,2026-08-07T18:00,2026-08-08,9,2026-08,2026-08-08T09:00,29.6,30.4,31.2,419.0,537.0,601.0
W06,Saitama Saitama,35.86,139.65,2026-08-07T18:00,2026-08-08,10,2026-08,2026-08-08T10:00,30.7,31.5,32.3,472.0,605.0,677.0
W06,Saitama Saitama,35.86,139.65,2026-08-07T18:00,2026-08-08,11,2026-08,2026-08-08T11:00,32.0,32.8,33.6,485.0,622.0,697.0
W06,Saitama Saitama,35.86,139.65,2026-08-07T18:00,2026-08-08,12,2026-08,2026-08-08T12:00,32.7,33.5,34.3,474.0,608.0,681.0
W06,Saitama Saitama,35.86,139.65,2026-08-07T18:00,2026-08-08,13,2026-08,2026-08-08T13:00,33.6,34.4,35.2,456.0,585.0,655.0
W06,Saitama Saitama,35.86,139.65,2026-08-07T18:00,2026-08-08,14,2026-08,2026-08-08T14:00,34.9,35.7,36.5,381.0,488.0,547.0
W06,Saitama Saitama,35.86,139.65,2026-08-07T18:00,2026-08-08,15,2026-08,2026-08-08T15:00,33.1,33.9,34.7,300.0,385.0,431.0
W06,Saitama Saitama,35.86,139.65,2026-08-07T18:00,2026-08-08,16,2026-08,2026-08-08T16:00,33.5,34.3,35.1,204.0,261.0,293.0
W06,Saitama Saitama,35.86,139.65,2026-08-07T18:00,2026-08-08,17,2026-08,2026-08-08T17:00,31.6,32.4,33.2,115.0,147.0,164.0
W06,Saitama Saitama,35.86,139.65,2026-08-07T18:00,2026-08-08,18,2026-08,2026-08-08T18:00,32.0,32.8,33.6,18.0,24.0,26.0
W06,Saitama Saitama,35.86,139.65,2026-08-07T18:00,2026-08-08,19,2026-08,2026-08-08T19:00,31.0,31.8,32.6,0.0,0.0,0.0
W06,Saitama Saitama,35.86,139.65,2026-08-07T18:00,2026-08-08,20,2026-08,2026-08-08T20:00,29.4,30.2,31.0,0.0,0.0,0.0
W06,Saitama Saitama,35.86,139.65,2026-08-07T18:00,2026-08-08,21,2026-08,2026-08-08T21:00,29.8,30.6,31.4,0.0,0.0,0.0
W06,Saitama Saitama,35.86,139.65,2026-08-07T18:00,2026-08-08,22,2026-08,2026-08-08T22:00,28.4,29.2,30.0,0.0,0.0,0.0
W06,Saitama Saitama,35.86,139.65,2026-08-07T18:00,2026-08-08,23,2026-08,2026-08-08T23:00,27.8,28.6,29.4,0.0,0.0,0.0
W07,Chiba Inzai,35.83,140.15,2026-08-07T18:00,2026-08-08,0,2026-08,2026-08-08T00:00,25.8,26.6,27.4,0.0,0.0,0.0
W07,Chiba Inzai,35.83,140.15,2026-08-07T18:00,2026-08-08,1,2026-08,2026-08-08T01:00,26.0,26.8,27.6,0.0,0.0,0.0
W07,Chiba Inzai,35.83,140.15,2026-08-07T18:00,2026-08-08,2,2026-08,2026-08-08T02:00,25.3,26.1,26.9,0.0,0.0,0.0
W07,Chiba Inzai,35.83,140.15,2026-08-07T18:00,2026-08-08,3,2026-08,2026-08-08T03:00,26.1,26.9,27.7,0.0,0.0,0.0
W07,Chiba Inzai,35.83,140.15,2026-08-07T18:00,2026-08-08,4,2026-08,2026-08-08T04:00,26.2,27.0,27.8,0.0,0.0,0.0
W07,Chiba Inzai,35.83,140.15,2026-08-07T18:00,2026-08-08,5,2026-08,2026-08-08T05:00,26.1,26.9,27.7,31.0,40.0,45.0
W07,Chiba Inzai,35.83,140.15,2026-08-07T18:00,2026-08-08,6,2026-08,2026-08-08T06:00,27.0,27.8,28.6,130.0,167.0,187.0
W07,Chiba Inzai,35.83,140.15,2026-08-07T18:00,2026-08-08,7,2026-08,2026-08-08T07:00,27.2,28.0,28.8,231.0,297.0,332.0
W07,Chiba Inzai,35.83,140.15,2026-08-07T18:00,2026-08-08,8,2026-08,2026-08-08T08:00,28.5,29.3,30.1,313.0,401.0,449.0
W07,Chiba Inzai,35.83,140.15,2026-08-07T18:00,2026-08-08,9,2026-08,2026-08-08T09:00,28.6,29.4,30.2,424.0,544.0,609.0
W07,Chiba Inzai,35.83,140.15,2026-08-07T18:00,2026-08-08,10,2026-08,2026-08-08T10:00,29.7,30.5,31.3,451.0,578.0,647.0
W07,Chiba Inzai,35.83,140.15,2026-08-07T18:00,2026-08-08,11,2026-08,2026-08-08T11:00,31.0,31.8,32.6,491.0,629.0,705.0
W07,Chiba Inzai,35.83,140.15,2026-08-07T18:00,2026-08-08,12,2026-08,2026-08-08T12:00,31.7,32.5,33.3,498.0,638.0,715.0
W07,Chiba Inzai,35.83,140.15,2026-08-07T18:00,2026-08-08,13,2026-08,2026-08-08T13:00,32.6,33.4,34.2,468.0,601.0,673.0
W07,Chiba Inzai,35.83,140.15,2026-08-07T18:00,2026-08-08,14,2026-08,2026-08-08T14:00,33.9,34.7,35.5,395.0,506.0,567.0
W07,Chiba Inzai,35.83,140.15,2026-08-07T18:00,2026-08-08,15,2026-08,2026-08-08T15:00,32.1,32.9,33.7,309.0,396.0,443.0
W07,Chiba Inzai,35.83,140.15,2026-08-07T18:00,2026-08-08,16,2026-08,2026-08-08T16:00,32.5,33.3,34.1,223.0,285.0,320.0
W07,Chiba Inzai,35.83,140.15,2026-08-07T18:00,2026-08-08,17,2026-08,2026-08-08T17:00,30.6,31.4,32.2,104.0,134.0,150.0
W07,Chiba Inzai,35.83,140.15,2026-08-07T18:00,2026-08-08,18,2026-08,2026-08-08T18:00,31.0,31.8,32.6,17.0,22.0,25.0
W07,Chiba Inzai,35.83,140.15,2026-08-07T18:00,2026-08-08,19,2026-08,2026-08-08T19:00,30.0,30.8,31.6,0.0,0.0,0.0
W07,Chiba Inzai,35.83,140.15,2026-08-07T18:00,2026-08-08,20,2026-08,2026-08-08T20:00,28.4,29.2,30.0,0.0,0.0,0.0
W07,Chiba Inzai,35.83,140.15,2026-08-07T18:00,2026-08-08,21,2026-08,2026-08-08T21:00,28.8,29.6,30.4,0.0,0.0,0.0
W07,Chiba Inzai,35.83,140.15,2026-08-07T18:00,2026-08-08,22,2026-08,2026-08-08T22:00,27.4,28.2,29.0,0.0,0.0,0.0
W07,Chiba Inzai,35.83,140.15,2026-08-07T18:00,2026-08-08,23,2026-08,2026-08-08T23:00,26.8,27.6,28.4,0.0,0.0,0.0
W08,Chiba Chiba,35.61,140.12,2026-08-07T18:00,2026-08-08,0,2026-08,2026-08-08T00:00,25.2,26.0,26.8,0.0,0.0,0.0
W08,Chiba Chiba,35.61,140.12,2026-08-07T18:00,2026-08-08,1,2026-08,2026-08-08T01:00,25.4,26.2,27.0,0.0,0.0,0.0
W08,Chiba Chiba,35.61,140.12,2026-08-07T18:00,2026-08-08,2,2026-08,2026-08-08T02:00,24.7,25.5,26.3,0.0,0.0,0.0
W08,Chiba Chiba,35.61,140.12,2026-08-07T18:00,2026-08-08,3,2026-08,2026-08-08T03:00,25.5,26.3,27.1,0.0,0.0,0.0
W08,Chiba Chiba,35.61,140.12,2026-08-07T18:00,2026-08-08,4,2026-08,2026-08-08T04:00,25.6,26.4,27.2,0.0,0.0,0.0
W08,Chiba Chiba,35.61,140.12,2026-08-07T18:00,2026-08-08,5,2026-08,2026-08-08T05:00,25.5,26.3,27.1,32.0,41.0,45.0
W08,Chiba Chiba,35.61,140.12,2026-08-07T18:00,2026-08-08,6,2026-08,2026-08-08T06:00,26.4,27.2,28.0,129.0,166.0,186.0
W08,Chiba Chiba,35.61,140.12,2026-08-07T18:00,2026-08-08,7,2026-08,2026-08-08T07:00,26.6,27.4,28.2,236.0,302.0,339.0
W08,Chiba Chiba,35.61,140.12,2026-08-07T18:00,2026-08-08,8,2026-08,2026-08-08T08:00,27.9,28.7,29.5,316.0,405.0,453.0
W08,Chiba Chiba,35.61,140.12,2026-08-07T18:00,2026-08-08,9,2026-08,2026-08-08T09:00,28.0,28.8,29.6,411.0,527.0,590.0
W08,Chiba Chiba,35.61,140.12,2026-08-07T18:00,2026-08-08,10,2026-08,2026-08-08T10:00,29.1,29.9,30.7,478.0,612.0,686.0
W08,Chiba Chiba,35.61,140.12,2026-08-07T18:00,2026-08-08,11,2026-08,2026-08-08T11:00,30.4,31.2,32.0,502.0,644.0,721.0
W08,Chiba Chiba,35.61,140.12,2026-08-07T18:00,2026-08-08,12,2026-08,2026-08-08T12:00,31.1,31.9,32.7,537.0,689.0,772.0
W08,Chiba Chiba,35.61,140.12,2026-08-07T18:00,2026-08-08,13,2026-08,2026-08-08T13:00,32.0,32.8,33.6,463.0,594.0,665.0
W08,Chiba Chiba,35.61,140.12,2026-08-07T18:00,2026-08-08,14,2026-08,2026-08-08T14:00,33.3,34.1,34.9,385.0,494.0,554.0
W08,Chiba Chiba,35.61,140.12,2026-08-07T18:00,2026-08-08,15,2026-08,2026-08-08T15:00,31.5,32.3,33.1,324.0,415.0,465.0
W08,Chiba Chiba,35.61,140.12,2026-08-07T18:00,2026-08-08,16,2026-08,2026-08-08T16:00,31.9,32.7,33.5,208.0,266.0,298.0
W08,Chiba Chiba,35.61,140.12,2026-08-07T18:00,2026-08-08,17,2026-08,2026-08-08T17:00,30.0,30.8,31.6,104.0,134.0,150.0
W08,Chiba Chiba,35.61,140.12,2026-08-07T18:00,2026-08-08,18,2026-08,2026-08-08T18:00,30.4,31.2,32.0,17.0,22.0,25.0
W08,Chiba Chiba,35.61,140.12,2026-08-07T18:00,2026-08-08,19,2026-08,2026-08-08T19:00,29.4,30.2,31.0,0.0,0.0,0.0
W08,Chiba Chiba,35.61,140.12,2026-08-07T18:00,2026-08-08,20,2026-08,2026-08-08T20:00,27.8,28.6,29.4,0.0,0.0,0.0
W08,Chiba Chiba,35.61,140.12,2026-08-07T18:00,2026-08-08,21,2026-08,2026-08-08T21:00,28.2,29.0,29.8,0.0,0.0,0.0
W08,Chiba Chiba,35.61,140.12,2026-08-07T18:00,2026-08-08,22,2026-08,2026-08-08T22:00,26.8,27.6,28.4,0.0,0.0,0.0
W08,Chiba Chiba,35.61,140.12,2026-08-07T18:00,2026-08-08,23,2026-08,2026-08-08T23:00,26.2,27.0,27.8,0.0,0.0,0.0
W09,Ibaraki Tsukuba,36.08,140.08,2026-08-07T18:00,2026-08-08,0,2026-08,2026-08-08T00:00,25.9,26.7,27.5,0.0,0.0,0.0
W09,Ibaraki Tsukuba,36.08,140.08,2026-08-07T18:00,2026-08-08,1,2026-08,2026-08-08T01:00,26.1,26.9,27.7,0.0,0.0,0.0
W09,Ibaraki Tsukuba,36.08,140.08,2026-08-07T18:00,2026-08-08,2,2026-08,2026-08-08T02:00,25.4,26.2,27.0,0.0,0.0,0.0
W09,Ibaraki Tsukuba,36.08,140.08,2026-08-07T18:00,2026-08-08,3,2026-08,2026-08-08T03:00,26.2,27.0,27.8,0.0,0.0,0.0
W09,Ibaraki Tsukuba,36.08,140.08,2026-08-07T18:00,2026-08-08,4,2026-08,2026-08-08T04:00,26.3,27.1,27.9,0.0,0.0,0.0
W09,Ibaraki Tsukuba,36.08,140.08,2026-08-07T18:00,2026-08-08,5,2026-08,2026-08-08T05:00,26.2,27.0,27.8,32.0,41.0,46.0
W09,Ibaraki Tsukuba,36.08,140.08,2026-08-07T18:00,2026-08-08,6,2026-08,2026-08-08T06:00,27.1,27.9,28.7,124.0,159.0,178.0
W09,Ibaraki Tsukuba,36.08,140.08,2026-08-07T18:00,2026-08-08,7,2026-08,2026-08-08T07:00,27.3,28.1,28.9,235.0,301.0,337.0
W09,Ibaraki Tsukuba,36.08,140.08,2026-08-07T18:00,2026-08-08,8,2026-08,2026-08-08T08:00,28.6,29.4,30.2,324.0,416.0,466.0
W09,Ibaraki Tsukuba,36.08,140.08,2026-08-07T18:00,2026-08-08,9,2026-08,2026-08-08T09:00,28.7,29.5,30.3,398.0,510.0,571.0
W09,Ibaraki Tsukuba,36.08,140.08,2026-08-07T18:00,2026-08-08,10,2026-08,2026-08-08T10:00,29.8,30.6,31.4,478.0,612.0,686.0
W09,Ibaraki Tsukuba,36.08,140.08,2026-08-07T18:00,2026-08-08,11,2026-08,2026-08-08T11:00,31.1,31.9,32.7,498.0,639.0,716.0
W09,Ibaraki Tsukuba,36.08,140.08,2026-08-07T18:00,2026-08-08,12,2026-08,2026-08-08T12:00,31.8,32.6,33.4,511.0,655.0,734.0
W09,Ibaraki Tsukuba,36.08,140.08,2026-08-07T18:00,2026-08-08,13,2026-08,2026-08-08T13:00,32.7,33.5,34.3,452.0,580.0,649.0
W09,Ibaraki Tsukuba,36.08,140.08,2026-08-07T18:00,2026-08-08,14,2026-08,2026-08-08T14:00,34.0,34.8,35.6,399.0,512.0,573.0
W09,Ibaraki Tsukuba,36.08,140.08,2026-08-07T18:00,2026-08-08,15,2026-08,2026-08-08T15:00,32.2,33.0,33.8,309.0,396.0,444.0
W09,Ibaraki Tsukuba,36.08,140.08,2026-08-07T18:00,2026-08-08,16,2026-08,2026-08-08T16:00,32.6,33.4,34.2,201.0,258.0,289.0
W09,Ibaraki Tsukuba,36.08,140.08,2026-08-07T18:00,2026-08-08,17,2026-08,2026-08-08T17:00,30.7,31.5,32.3,104.0,133.0,149.0
W09,Ibaraki Tsukuba,36.08,140.08,2026-08-07T18:00,2026-08-08,18,2026-08,2026-08-08T18:00,31.1,31.9,32.7,17.0,22.0,24.0
W09,Ibaraki Tsukuba,36.08,140.08,2026-08-07T18:00,2026-08-08,19,2026-08,2026-08-08T19:00,30.1,30.9,31.7,0.0,0.0,0.0
W09,Ibaraki Tsukuba,36.08,140.08,2026-08-07T18:00,2026-08-08,20,2026-08,2026-08-08T20:00,28.5,29.3,30.1,0.0,0.0,0.0
W09,Ibaraki Tsukuba,36.08,140.08,2026-08-07T18:00,2026-08-08,21,2026-08,2026-08-08T21:00,28.9,29.7,30.5,0.0,0.0,0.0
W09,Ibaraki Tsukuba,36.08,140.08,2026-08-07T18:00,2026-08-08,22,2026-08,2026-08-08T22:00,27.5,28.3,29.1,0.0,0.0,0.0
W09,Ibaraki Tsukuba,36.08,140.08,2026-08-07T18:00,2026-08-08,23,2026-08,2026-08-08T23:00,26.9,27.7,28.5,0.0,0.0,0.0
W10,Gunma Maebashi,36.39,139.06,2026-08-07T18:00,2026-08-08,0,2026-08,2026-08-08T00:00,27.2,28.0,28.8,0.0,0.0,0.0
W10,Gunma Maebashi,36.39,139.06,2026-08-07T18:00,2026-08-08,1,2026-08,2026-08-08T01:00,27.4,28.2,29.0,0.0,0.0,0.0
W10,Gunma Maebashi,36.39,139.06,2026-08-07T18:00,2026-08-08,2,2026-08,2026-08-08T02:00,26.7,27.5,28.3,0.0,0.0,0.0
W10,Gunma Maebashi,36.39,139.06,2026-08-07T18:00,2026-08-08,3,2026-08,2026-08-08T03:00,27.5,28.3,29.1,0.0,0.0,0.0
W10,Gunma Maebashi,36.39,139.06,2026-08-07T18:00,2026-08-08,4,2026-08,2026-08-08T04:00,27.6,28.4,29.2,0.0,0.0,0.0
W10,Gunma Maebashi,36.39,139.06,2026-08-07T18:00,2026-08-08,5,2026-08,2026-08-08T05:00,27.5,28.3,29.1,32.0,41.0,46.0
W10,Gunma Maebashi,36.39,139.06,2026-08-07T18:00,2026-08-08,6,2026-08,2026-08-08T06:00,28.4,29.2,30.0,129.0,165.0,185.0
W10,Gunma Maebashi,36.39,139.06,2026-08-07T18:00,2026-08-08,7,2026-08,2026-08-08T07:00,28.6,29.4,30.2,233.0,299.0,335.0
W10,Gunma Maebashi,36.39,139.06,2026-08-07T18:00,2026-08-08,8,2026-08,2026-08-08T08:00,29.9,30.7,31.5,336.0,431.0,483.0
W10,Gunma Maebashi,36.39,139.06,2026-08-07T18:00,2026-08-08,9,2026-08,2026-08-08T09:00,30.0,30.8,31.6,426.0,546.0,612.0
W10,Gunma Maebashi,36.39,139.06,2026-08-07T18:00,2026-08-08,10,2026-08,2026-08-08T10:00,31.1,31.9,32.7,467.0,599.0,671.0
W10,Gunma Maebashi,36.39,139.06,2026-08-07T18:00,2026-08-08,11,2026-08,2026-08-08T11:00,32.4,33.2,34.0,481.0,616.0,690.0
W10,Gunma Maebashi,36.39,139.06,2026-08-07T18:00,2026-08-08,12,2026-08,2026-08-08T12:00,33.1,33.9,34.7,478.0,612.0,686.0
W10,Gunma Maebashi,36.39,139.06,2026-08-07T18:00,2026-08-08,13,2026-08,2026-08-08T13:00,34.0,34.8,35.6,469.0,602.0,674.0
W10,Gunma Maebashi,36.39,139.06,2026-08-07T18:00,2026-08-08,14,2026-08,2026-08-08T14:00,35.3,36.1,36.9,387.0,497.0,556.0
W10,Gunma Maebashi,36.39,139.06,2026-08-07T18:00,2026-08-08,15,2026-08,2026-08-08T15:00,33.5,34.3,35.1,317.0,407.0,456.0
W10,Gunma Maebashi,36.39,139.06,2026-08-07T18:00,2026-08-08,16,2026-08,2026-08-08T16:00,33.9,34.7,35.5,211.0,271.0,303.0
W10,Gunma Maebashi,36.39,139.06,2026-08-07T18:00,2026-08-08,17,2026-08,2026-08-08T17:00,32.0,32.8,33.6,104.0,134.0,150.0
W10,Gunma Maebashi,36.39,139.06,2026-08-07T18:00,2026-08-08,18,2026-08,2026-08-08T18:00,32.4,33.2,34.0,17.0,22.0,25.0
W10,Gunma Maebashi,36.39,139.06,2026-08-07T18:00,2026-08-08,19,2026-08,2026-08-08T19:00,31.4,32.2,33.0,0.0,0.0,0.0
W10,Gunma Maebashi,36.39,139.06,2026-08-07T18:00,2026-08-08,20,2026-08,2026-08-08T20:00,29.8,30.6,31.4,0.0,0.0,0.0
W10,Gunma Maebashi,36.39,139.06,2026-08-07T18:00,2026-08-08,21,2026-08,2026-08-08T21:00,30.2,31.0,31.8,0.0,0.0,0.0
W10,Gunma Maebashi,36.39,139.06,2026-08-07T18:00,2026-08-08,22,2026-08,2026-08-08T22:00,28.8,29.6,30.4,0.0,0.0,0.0
W10,Gunma Maebashi,36.39,139.06,2026-08-07T18:00,2026-08-08,23,2026-08,2026-08-08T23:00,28.2,29.0,29.8,0.0,0.0,0.0
W01,Tokyo Otemachi,35.69,139.76,2026-08-08T18:00,2026-08-09,0,2026-08,2026-08-09T00:00,25.3,26.1,26.9,0.0,0.0,0.0
W01,Tokyo Otemachi,35.69,139.76,2026-08-08T18:00,2026-08-09,1,2026-08,2026-08-09T01:00,25.2,26.0,26.8,0.0,0.0,0.0
W01,Tokyo Otemachi,35.69,139.76,2026-08-08T18:00,2026-08-09,2,2026-08,2026-08-09T02:00,26.2,27.0,27.8,0.0,0.0,0.0
W01,Tokyo Otemachi,35.69,139.76,2026-08-08T18:00,2026-08-09,3,2026-08,2026-08-09T03:00,24.9,25.7,26.5,0.0,0.0,0.0
W01,Tokyo Otemachi,35.69,139.76,2026-08-08T18:00,2026-08-09,4,2026-08,2026-08-09T04:00,24.0,24.8,25.6,0.0,0.0,0.0
W01,Tokyo Otemachi,35.69,139.76,2026-08-08T18:00,2026-08-09,5,2026-08,2026-08-09T05:00,24.5,25.3,26.1,40.0,51.0,58.0
W01,Tokyo Otemachi,35.69,139.76,2026-08-08T18:00,2026-08-09,6,2026-08,2026-08-09T06:00,26.1,26.9,27.7,161.0,207.0,232.0
W01,Tokyo Otemachi,35.69,139.76,2026-08-08T18:00,2026-08-09,7,2026-08,2026-08-09T07:00,26.3,27.1,27.9,292.0,375.0,420.0
W01,Tokyo Otemachi,35.69,139.76,2026-08-08T18:00,2026-08-09,8,2026-08,2026-08-09T08:00,27.5,28.3,29.1,405.0,519.0,582.0
W01,Tokyo Otemachi,35.69,139.76,2026-08-08T18:00,2026-08-09,9,2026-08,2026-08-09T09:00,28.1,28.9,29.7,512.0,656.0,735.0
W01,Tokyo Otemachi,35.69,139.76,2026-08-08T18:00,2026-08-09,10,2026-08,2026-08-09T10:00,29.6,30.4,31.2,592.0,759.0,850.0
W01,Tokyo Otemachi,35.69,139.76,2026-08-08T18:00,2026-08-09,11,2026-08,2026-08-09T11:00,29.6,30.4,31.2,596.0,764.0,856.0
W01,Tokyo Otemachi,35.69,139.76,2026-08-08T18:00,2026-08-09,12,2026-08,2026-08-09T12:00,31.4,32.2,33.0,636.0,816.0,914.0
W01,Tokyo Otemachi,35.69,139.76,2026-08-08T18:00,2026-08-09,13,2026-08,2026-08-09T13:00,32.1,32.9,33.7,606.0,778.0,871.0
W01,Tokyo Otemachi,35.69,139.76,2026-08-08T18:00,2026-08-09,14,2026-08,2026-08-09T14:00,33.0,33.8,34.6,484.0,620.0,695.0
W01,Tokyo Otemachi,35.69,139.76,2026-08-08T18:00,2026-08-09,15,2026-08,2026-08-09T15:00,31.2,32.0,32.8,404.0,518.0,580.0
W01,Tokyo Otemachi,35.69,139.76,2026-08-08T18:00,2026-08-09,16,2026-08,2026-08-09T16:00,31.7,32.5,33.3,267.0,343.0,384.0
W01,Tokyo Otemachi,35.69,139.76,2026-08-08T18:00,2026-08-09,17,2026-08,2026-08-09T17:00,29.4,30.2,31.0,137.0,176.0,197.0
W01,Tokyo Otemachi,35.69,139.76,2026-08-08T18:00,2026-08-09,18,2026-08,2026-08-09T18:00,29.4,30.2,31.0,23.0,29.0,32.0
W01,Tokyo Otemachi,35.69,139.76,2026-08-08T18:00,2026-08-09,19,2026-08,2026-08-09T19:00,28.0,28.8,29.6,0.0,0.0,0.0
W01,Tokyo Otemachi,35.69,139.76,2026-08-08T18:00,2026-08-09,20,2026-08,2026-08-09T20:00,28.4,29.2,30.0,0.0,0.0,0.0
W01,Tokyo Otemachi,35.69,139.76,2026-08-08T18:00,2026-08-09,21,2026-08,2026-08-09T21:00,27.1,27.9,28.7,0.0,0.0,0.0
W01,Tokyo Otemachi,35.69,139.76,2026-08-08T18:00,2026-08-09,22,2026-08,2026-08-09T22:00,27.6,28.4,29.2,0.0,0.0,0.0
W01,Tokyo Otemachi,35.69,139.76,2026-08-08T18:00,2026-08-09,23,2026-08,2026-08-09T23:00,27.4,28.2,29.0,0.0,0.0,0.0
W02,Tokyo Hachioji,35.66,139.32,2026-08-08T18:00,2026-08-09,0,2026-08,2026-08-09T00:00,25.9,26.7,27.5,0.0,0.0,0.0
W02,Tokyo Hachioji,35.66,139.32,2026-08-08T18:00,2026-08-09,1,2026-08,2026-08-09T01:00,25.8,26.6,27.4,0.0,0.0,0.0
W02,Tokyo Hachioji,35.66,139.32,2026-08-08T18:00,2026-08-09,2,2026-08,2026-08-09T02:00,26.8,27.6,28.4,0.0,0.0,0.0
W02,Tokyo Hachioji,35.66,139.32,2026-08-08T18:00,2026-08-09,3,2026-08,2026-08-09T03:00,25.5,26.3,27.1,0.0,0.0,0.0
W02,Tokyo Hachioji,35.66,139.32,2026-08-08T18:00,2026-08-09,4,2026-08,2026-08-09T04:00,24.6,25.4,26.2,0.0,0.0,0.0
W02,Tokyo Hachioji,35.66,139.32,2026-08-08T18:00,2026-08-09,5,2026-08,2026-08-09T05:00,25.1,25.9,26.7,41.0,53.0,59.0
W02,Tokyo Hachioji,35.66,139.32,2026-08-08T18:00,2026-08-09,6,2026-08,2026-08-09T06:00,26.7,27.5,28.3,163.0,209.0,234.0
W02,Tokyo Hachioji,35.66,139.32,2026-08-08T18:00,2026-08-09,7,2026-08,2026-08-09T07:00,26.9,27.7,28.5,284.0,364.0,408.0
W02,Tokyo Hachioji,35.66,139.32,2026-08-08T18:00,2026-08-09,8,2026-08,2026-08-09T08:00,28.1,28.9,29.7,427.0,548.0,614.0
W02,Tokyo Hachioji,35.66,139.32,2026-08-08T18:00,2026-08-09,9,2026-08,2026-08-09T09:00,28.7,29.5,30.3,530.0,679.0,761.0
W02,Tokyo Hachioji,35.66,139.32,2026-08-08T18:00,2026-08-09,10,2026-08,2026-08-09T10:00,30.2,31.0,31.8,578.0,742.0,831.0
W02,Tokyo Hachioji,35.66,139.32,2026-08-08T18:00,2026-08-09,11,2026-08,2026-08-09T11:00,30.2,31.0,31.8,594.0,762.0,853.0
W02,Tokyo Hachioji,35.66,139.32,2026-08-08T18:00,2026-08-09,12,2026-08,2026-08-09T12:00,32.0,32.8,33.6,631.0,809.0,906.0
W02,Tokyo Hachioji,35.66,139.32,2026-08-08T18:00,2026-08-09,13,2026-08,2026-08-09T13:00,32.7,33.5,34.3,609.0,781.0,874.0
W02,Tokyo Hachioji,35.66,139.32,2026-08-08T18:00,2026-08-09,14,2026-08,2026-08-09T14:00,33.6,34.4,35.2,527.0,676.0,757.0
W02,Tokyo Hachioji,35.66,139.32,2026-08-08T18:00,2026-08-09,15,2026-08,2026-08-09T15:00,31.8,32.6,33.4,388.0,498.0,558.0
W02,Tokyo Hachioji,35.66,139.32,2026-08-08T18:00,2026-08-09,16,2026-08,2026-08-09T16:00,32.3,33.1,33.9,267.0,342.0,383.0
W02,Tokyo Hachioji,35.66,139.32,2026-08-08T18:00,2026-08-09,17,2026-08,2026-08-09T17:00,30.0,30.8,31.6,137.0,176.0,197.0
W02,Tokyo Hachioji,35.66,139.32,2026-08-08T18:00,2026-08-09,18,2026-08,2026-08-09T18:00,30.0,30.8,31.6,21.0,27.0,31.0
W02,Tokyo Hachioji,35.66,139.32,2026-08-08T18:00,2026-08-09,19,2026-08,2026-08-09T19:00,28.6,29.4,30.2,0.0,0.0,0.0
W02,Tokyo Hachioji,35.66,139.32,2026-08-08T18:00,2026-08-09,20,2026-08,2026-08-09T20:00,29.0,29.8,30.6,0.0,0.0,0.0
W02,Tokyo Hachioji,35.66,139.32,2026-08-08T18:00,2026-08-09,21,2026-08,2026-08-09T21:00,27.7,28.5,29.3,0.0,0.0,0.0
W02,Tokyo Hachioji,35.66,139.32,2026-08-08T18:00,2026-08-09,22,2026-08,2026-08-09T22:00,28.2,29.0,29.8,0.0,0.0,0.0
W02,Tokyo Hachioji,35.66,139.32,2026-08-08T18:00,2026-08-09,23,2026-08,2026-08-09T23:00,28.0,28.8,29.6,0.0,0.0,0.0
W03,Kanagawa Yokohama,35.44,139.64,2026-08-08T18:00,2026-08-09,0,2026-08,2026-08-09T00:00,24.4,25.2,26.0,0.0,0.0,0.0
W03,Kanagawa Yokohama,35.44,139.64,2026-08-08T18:00,2026-08-09,1,2026-08,2026-08-09T01:00,24.3,25.1,25.9,0.0,0.0,0.0
W03,Kanagawa Yokohama,35.44,139.64,2026-08-08T18:00,2026-08-09,2,2026-08,2026-08-09T02:00,25.3,26.1,26.9,0.0,0.0,0.0
W03,Kanagawa Yokohama,35.44,139.64,2026-08-08T18:00,2026-08-09,3,2026-08,2026-08-09T03:00,24.0,24.8,25.6,0.0,0.0,0.0
W03,Kanagawa Yokohama,35.44,139.64,2026-08-08T18:00,2026-08-09,4,2026-08,2026-08-09T04:00,23.1,23.9,24.7,0.0,0.0,0.0
W03,Kanagawa Yokohama,35.44,139.64,2026-08-08T18:00,2026-08-09,5,2026-08,2026-08-09T05:00,23.6,24.4,25.2,44.0,56.0,63.0
W03,Kanagawa Yokohama,35.44,139.64,2026-08-08T18:00,2026-08-09,6,2026-08,2026-08-09T06:00,25.2,26.0,26.8,151.0,194.0,217.0
W03,Kanagawa Yokohama,35.44,139.64,2026-08-08T18:00,2026-08-09,7,2026-08,2026-08-09T07:00,25.4,26.2,27.0,298.0,383.0,429.0
W03,Kanagawa Yokohama,35.44,139.64,2026-08-08T18:00,2026-08-09,8,2026-08,2026-08-09T08:00,26.6,27.4,28.2,421.0,539.0,604.0
W03,Kanagawa Yokohama,35.44,139.64,2026-08-08T18:00,2026-08-09,9,2026-08,2026-08-09T09:00,27.2,28.0,28.8,517.0,663.0,743.0
W03,Kanagawa Yokohama,35.44,139.64,2026-08-08T18:00,2026-08-09,10,2026-08,2026-08-09T10:00,28.7,29.5,30.3,606.0,776.0,870.0
W03,Kanagawa Yokohama,35.44,139.64,2026-08-08T18:00,2026-08-09,11,2026-08,2026-08-09T11:00,28.7,29.5,30.3,605.0,776.0,869.0
W03,Kanagawa Yokohama,35.44,139.64,2026-08-08T18:00,2026-08-09,12,2026-08,2026-08-09T12:00,30.5,31.3,32.1,650.0,834.0,934.0
W03,Kanagawa Yokohama,35.44,139.64,2026-08-08T18:00,2026-08-09,13,2026-08,2026-08-09T13:00,31.2,32.0,32.8,600.0,770.0,862.0
W03,Kanagawa Yokohama,35.44,139.64,2026-08-08T18:00,2026-08-09,14,2026-08,2026-08-09T14:00,32.1,32.9,33.7,508.0,651.0,729.0
W03,Kanagawa Yokohama,35.44,139.64,2026-08-08T18:00,2026-08-09,15,2026-08,2026-08-09T15:00,30.3,31.1,31.9,394.0,505.0,566.0
W03,Kanagawa Yokohama,35.44,139.64,2026-08-08T18:00,2026-08-09,16,2026-08,2026-08-09T16:00,30.8,31.6,32.4,270.0,346.0,388.0
W03,Kanagawa Yokohama,35.44,139.64,2026-08-08T18:00,2026-08-09,17,2026-08,2026-08-09T17:00,28.5,29.3,30.1,132.0,169.0,189.0
W03,Kanagawa Yokohama,35.44,139.64,2026-08-08T18:00,2026-08-09,18,2026-08,2026-08-09T18:00,28.5,29.3,30.1,22.0,28.0,31.0
W03,Kanagawa Yokohama,35.44,139.64,2026-08-08T18:00,2026-08-09,19,2026-08,2026-08-09T19:00,27.1,27.9,28.7,0.0,0.0,0.0
W03,Kanagawa Yokohama,35.44,139.64,2026-08-08T18:00,2026-08-09,20,2026-08,2026-08-09T20:00,27.5,28.3,29.1,0.0,0.0,0.0
W03,Kanagawa Yokohama,35.44,139.64,2026-08-08T18:00,2026-08-09,21,2026-08,2026-08-09T21:00,26.2,27.0,27.8,0.0,0.0,0.0
W03,Kanagawa Yokohama,35.44,139.64,2026-08-08T18:00,2026-08-09,22,2026-08,2026-08-09T22:00,26.7,27.5,28.3,0.0,0.0,0.0
W03,Kanagawa Yokohama,35.44,139.64,2026-08-08T18:00,2026-08-09,23,2026-08,2026-08-09T23:00,26.5,27.3,28.1,0.0,0.0,0.0
W04,Kanagawa Sagamihara,35.57,139.37,2026-08-08T18:00,2026-08-09,0,2026-08,2026-08-09T00:00,25.7,26.5,27.3,0.0,0.0,0.0
W04,Kanagawa Sagamihara,35.57,139.37,2026-08-08T18:00,2026-08-09,1,2026-08,2026-08-09T01:00,25.6,26.4,27.2,0.0,0.0,0.0
W04,Kanagawa Sagamihara,35.57,139.37,2026-08-08T18:00,2026-08-09,2,2026-08,2026-08-09T02:00,26.6,27.4,28.2,0.0,0.0,0.0
W04,Kanagawa Sagamihara,35.57,139.37,2026-08-08T18:00,2026-08-09,3,2026-08,2026-08-09T03:00,25.3,26.1,26.9,0.0,0.0,0.0
W04,Kanagawa Sagamihara,35.57,139.37,2026-08-08T18:00,2026-08-09,4,2026-08,2026-08-09T04:00,24.4,25.2,26.0,0.0,0.0,0.0
W04,Kanagawa Sagamihara,35.57,139.37,2026-08-08T18:00,2026-08-09,5,2026-08,2026-08-09T05:00,24.9,25.7,26.5,43.0,55.0,62.0
W04,Kanagawa Sagamihara,35.57,139.37,2026-08-08T18:00,2026-08-09,6,2026-08,2026-08-09T06:00,26.5,27.3,28.1,160.0,205.0,230.0
W04,Kanagawa Sagamihara,35.57,139.37,2026-08-08T18:00,2026-08-09,7,2026-08,2026-08-09T07:00,26.7,27.5,28.3,287.0,368.0,412.0
W04,Kanagawa Sagamihara,35.57,139.37,2026-08-08T18:00,2026-08-09,8,2026-08,2026-08-09T08:00,27.9,28.7,29.5,417.0,535.0,599.0
W04,Kanagawa Sagamihara,35.57,139.37,2026-08-08T18:00,2026-08-09,9,2026-08,2026-08-09T09:00,28.5,29.3,30.1,531.0,681.0,763.0
W04,Kanagawa Sagamihara,35.57,139.37,2026-08-08T18:00,2026-08-09,10,2026-08,2026-08-09T10:00,30.0,30.8,31.6,580.0,744.0,833.0
W04,Kanagawa Sagamihara,35.57,139.37,2026-08-08T18:00,2026-08-09,11,2026-08,2026-08-09T11:00,30.0,30.8,31.6,595.0,763.0,854.0
W04,Kanagawa Sagamihara,35.57,139.37,2026-08-08T18:00,2026-08-09,12,2026-08,2026-08-09T12:00,31.8,32.6,33.4,648.0,830.0,930.0
W04,Kanagawa Sagamihara,35.57,139.37,2026-08-08T18:00,2026-08-09,13,2026-08,2026-08-09T13:00,32.5,33.3,34.1,597.0,765.0,857.0
W04,Kanagawa Sagamihara,35.57,139.37,2026-08-08T18:00,2026-08-09,14,2026-08,2026-08-09T14:00,33.4,34.2,35.0,511.0,655.0,734.0
W04,Kanagawa Sagamihara,35.57,139.37,2026-08-08T18:00,2026-08-09,15,2026-08,2026-08-09T15:00,31.6,32.4,33.2,392.0,502.0,563.0
W04,Kanagawa Sagamihara,35.57,139.37,2026-08-08T18:00,2026-08-09,16,2026-08,2026-08-09T16:00,32.1,32.9,33.7,262.0,336.0,377.0
W04,Kanagawa Sagamihara,35.57,139.37,2026-08-08T18:00,2026-08-09,17,2026-08,2026-08-09T17:00,29.8,30.6,31.4,135.0,173.0,194.0
W04,Kanagawa Sagamihara,35.57,139.37,2026-08-08T18:00,2026-08-09,18,2026-08,2026-08-09T18:00,29.8,30.6,31.4,23.0,30.0,33.0
W04,Kanagawa Sagamihara,35.57,139.37,2026-08-08T18:00,2026-08-09,19,2026-08,2026-08-09T19:00,28.4,29.2,30.0,0.0,0.0,0.0
W04,Kanagawa Sagamihara,35.57,139.37,2026-08-08T18:00,2026-08-09,20,2026-08,2026-08-09T20:00,28.8,29.6,30.4,0.0,0.0,0.0
W04,Kanagawa Sagamihara,35.57,139.37,2026-08-08T18:00,2026-08-09,21,2026-08,2026-08-09T21:00,27.5,28.3,29.1,0.0,0.0,0.0
W04,Kanagawa Sagamihara,35.57,139.37,2026-08-08T18:00,2026-08-09,22,2026-08,2026-08-09T22:00,28.0,28.8,29.6,0.0,0.0,0.0
W04,Kanagawa Sagamihara,35.57,139.37,2026-08-08T18:00,2026-08-09,23,2026-08,2026-08-09T23:00,27.8,28.6,29.4,0.0,0.0,0.0
W05,Saitama Kumagaya,36.15,139.39,2026-08-08T18:00,2026-08-09,0,2026-08,2026-08-09T00:00,26.9,27.7,28.5,0.0,0.0,0.0
W05,Saitama Kumagaya,36.15,139.39,2026-08-08T18:00,2026-08-09,1,2026-08,2026-08-09T01:00,26.8,27.6,28.4,0.0,0.0,0.0
W05,Saitama Kumagaya,36.15,139.39,2026-08-08T18:00,2026-08-09,2,2026-08,2026-08-09T02:00,27.8,28.6,29.4,0.0,0.0,0.0
W05,Saitama Kumagaya,36.15,139.39,2026-08-08T18:00,2026-08-09,3,2026-08,2026-08-09T03:00,26.5,27.3,28.1,0.0,0.0,0.0
W05,Saitama Kumagaya,36.15,139.39,2026-08-08T18:00,2026-08-09,4,2026-08,2026-08-09T04:00,25.6,26.4,27.2,0.0,0.0,0.0
W05,Saitama Kumagaya,36.15,139.39,2026-08-08T18:00,2026-08-09,5,2026-08,2026-08-09T05:00,26.1,26.9,27.7,43.0,55.0,61.0
W05,Saitama Kumagaya,36.15,139.39,2026-08-08T18:00,2026-08-09,6,2026-08,2026-08-09T06:00,27.7,28.5,29.3,158.0,203.0,227.0
W05,Saitama Kumagaya,36.15,139.39,2026-08-08T18:00,2026-08-09,7,2026-08,2026-08-09T07:00,27.9,28.7,29.5,276.0,354.0,396.0
W05,Saitama Kumagaya,36.15,139.39,2026-08-08T18:00,2026-08-09,8,2026-08,2026-08-09T08:00,29.1,29.9,30.7,415.0,532.0,596.0
W05,Saitama Kumagaya,36.15,139.39,2026-08-08T18:00,2026-08-09,9,2026-08,2026-08-09T09:00,29.7,30.5,31.3,530.0,680.0,761.0
W05,Saitama Kumagaya,36.15,139.39,2026-08-08T18:00,2026-08-09,10,2026-08,2026-08-09T10:00,31.2,32.0,32.8,581.0,745.0,835.0
W05,Saitama Kumagaya,36.15,139.39,2026-08-08T18:00,2026-08-09,11,2026-08,2026-08-09T11:00,31.2,32.0,32.8,639.0,819.0,917.0
W05,Saitama Kumagaya,36.15,139.39,2026-08-08T18:00,2026-08-09,12,2026-08,2026-08-09T12:00,33.0,33.8,34.6,619.0,794.0,889.0
W05,Saitama Kumagaya,36.15,139.39,2026-08-08T18:00,2026-08-09,13,2026-08,2026-08-09T13:00,33.7,34.5,35.3,630.0,808.0,904.0
W05,Saitama Kumagaya,36.15,139.39,2026-08-08T18:00,2026-08-09,14,2026-08,2026-08-09T14:00,34.6,35.4,36.2,493.0,632.0,707.0
W05,Saitama Kumagaya,36.15,139.39,2026-08-08T18:00,2026-08-09,15,2026-08,2026-08-09T15:00,32.8,33.6,34.4,395.0,506.0,567.0
W05,Saitama Kumagaya,36.15,139.39,2026-08-08T18:00,2026-08-09,16,2026-08,2026-08-09T16:00,33.3,34.1,34.9,272.0,348.0,390.0
W05,Saitama Kumagaya,36.15,139.39,2026-08-08T18:00,2026-08-09,17,2026-08,2026-08-09T17:00,31.0,31.8,32.6,138.0,176.0,198.0
W05,Saitama Kumagaya,36.15,139.39,2026-08-08T18:00,2026-08-09,18,2026-08,2026-08-09T18:00,31.0,31.8,32.6,23.0,29.0,32.0
W05,Saitama Kumagaya,36.15,139.39,2026-08-08T18:00,2026-08-09,19,2026-08,2026-08-09T19:00,29.6,30.4,31.2,0.0,0.0,0.0
W05,Saitama Kumagaya,36.15,139.39,2026-08-08T18:00,2026-08-09,20,2026-08,2026-08-09T20:00,30.0,30.8,31.6,0.0,0.0,0.0
W05,Saitama Kumagaya,36.15,139.39,2026-08-08T18:00,2026-08-09,21,2026-08,2026-08-09T21:00,28.7,29.5,30.3,0.0,0.0,0.0
W05,Saitama Kumagaya,36.15,139.39,2026-08-08T18:00,2026-08-09,22,2026-08,2026-08-09T22:00,29.2,30.0,30.8,0.0,0.0,0.0
W05,Saitama Kumagaya,36.15,139.39,2026-08-08T18:00,2026-08-09,23,2026-08,2026-08-09T23:00,29.0,29.8,30.6,0.0,0.0,0.0
W06,Saitama Saitama,35.86,139.65,2026-08-08T18:00,2026-08-09,0,2026-08,2026-08-09T00:00,26.1,26.9,27.7,0.0,0.0,0.0
W06,Saitama Saitama,35.86,139.65,2026-08-08T18:00,2026-08-09,1,2026-08,2026-08-09T01:00,26.0,26.8,27.6,0.0,0.0,0.0
W06,Saitama Saitama,35.86,139.65,2026-08-08T18:00,2026-08-09,2,2026-08,2026-08-09T02:00,27.0,27.8,28.6,0.0,0.0,0.0
W06,Saitama Saitama,35.86,139.65,2026-08-08T18:00,2026-08-09,3,2026-08,2026-08-09T03:00,25.7,26.5,27.3,0.0,0.0,0.0
W06,Saitama Saitama,35.86,139.65,2026-08-08T18:00,2026-08-09,4,2026-08,2026-08-09T04:00,24.8,25.6,26.4,0.0,0.0,0.0
W06,Saitama Saitama,35.86,139.65,2026-08-08T18:00,2026-08-09,5,2026-08,2026-08-09T05:00,25.3,26.1,26.9,43.0,55.0,62.0
W06,Saitama Saitama,35.86,139.65,2026-08-08T18:00,2026-08-09,6,2026-08,2026-08-09T06:00,26.9,27.7,28.5,153.0,196.0,219.0
W06,Saitama Saitama,35.86,139.65,2026-08-08T18:00,2026-08-09,7,2026-08,2026-08-09T07:00,27.1,27.9,28.7,288.0,369.0,414.0
W06,Saitama Saitama,35.86,139.65,2026-08-08T18:00,2026-08-09,8,2026-08,2026-08-09T08:00,28.3,29.1,29.9,409.0,525.0,588.0
W06,Saitama Saitama,35.86,139.65,2026-08-08T18:00,2026-08-09,9,2026-08,2026-08-09T09:00,28.9,29.7,30.5,498.0,639.0,716.0
W06,Saitama Saitama,35.86,139.65,2026-08-08T18:00,2026-08-09,10,2026-08,2026-08-09T10:00,30.4,31.2,32.0,610.0,782.0,876.0
W06,Saitama Saitama,35.86,139.65,2026-08-08T18:00,2026-08-09,11,2026-08,2026-08-09T11:00,30.4,31.2,32.0,635.0,815.0,912.0
W06,Saitama Saitama,35.86,139.65,2026-08-08T18:00,2026-08-09,12,2026-08,2026-08-09T12:00,32.2,33.0,33.8,589.0,756.0,846.0
W06,Saitama Saitama,35.86,139.65,2026-08-08T18:00,2026-08-09,13,2026-08,2026-08-09T13:00,32.9,33.7,34.5,594.0,761.0,852.0
W06,Saitama Saitama,35.86,139.65,2026-08-08T18:00,2026-08-09,14,2026-08,2026-08-09T14:00,33.8,34.6,35.4,509.0,652.0,730.0
W06,Saitama Saitama,35.86,139.65,2026-08-08T18:00,2026-08-09,15,2026-08,2026-08-09T15:00,32.0,32.8,33.6,421.0,539.0,604.0
W06,Saitama Saitama,35.86,139.65,2026-08-08T18:00,2026-08-09,16,2026-08,2026-08-09T16:00,32.5,33.3,34.1,272.0,348.0,390.0
W06,Saitama Saitama,35.86,139.65,2026-08-08T18:00,2026-08-09,17,2026-08,2026-08-09T17:00,30.2,31.0,31.8,135.0,173.0,193.0
W06,Saitama Saitama,35.86,139.65,2026-08-08T18:00,2026-08-09,18,2026-08,2026-08-09T18:00,30.2,31.0,31.8,23.0,29.0,32.0
W06,Saitama Saitama,35.86,139.65,2026-08-08T18:00,2026-08-09,19,2026-08,2026-08-09T19:00,28.8,29.6,30.4,0.0,0.0,0.0
W06,Saitama Saitama,35.86,139.65,2026-08-08T18:00,2026-08-09,20,2026-08,2026-08-09T20:00,29.2,30.0,30.8,0.0,0.0,0.0
W06,Saitama Saitama,35.86,139.65,2026-08-08T18:00,2026-08-09,21,2026-08,2026-08-09T21:00,27.9,28.7,29.5,0.0,0.0,0.0
W06,Saitama Saitama,35.86,139.65,2026-08-08T18:00,2026-08-09,22,2026-08,2026-08-09T22:00,28.4,29.2,30.0,0.0,0.0,0.0
W06,Saitama Saitama,35.86,139.65,2026-08-08T18:00,2026-08-09,23,2026-08,2026-08-09T23:00,28.2,29.0,29.8,0.0,0.0,0.0
W07,Chiba Inzai,35.83,140.15,2026-08-08T18:00,2026-08-09,0,2026-08,2026-08-09T00:00,25.1,25.9,26.7,0.0,0.0,0.0
W07,Chiba Inzai,35.83,140.15,2026-08-08T18:00,2026-08-09,1,2026-08,2026-08-09T01:00,25.0,25.8,26.6,0.0,0.0,0.0
W07,Chiba Inzai,35.83,140.15,2026-08-08T18:00,2026-08-09,2,2026-08,2026-08-09T02:00,26.0,26.8,27.6,0.0,0.0,0.0
W07,Chiba Inzai,35.83,140.15,2026-08-08T18:00,2026-08-09,3,2026-08,2026-08-09T03:00,24.7,25.5,26.3,0.0,0.0,0.0
W07,Chiba Inzai,35.83,140.15,2026-08-08T18:00,2026-08-09,4,2026-08,2026-08-09T04:00,23.8,24.6,25.4,0.0,0.0,0.0
W07,Chiba Inzai,35.83,140.15,2026-08-08T18:00,2026-08-09,5,2026-08,2026-08-09T05:00,24.3,25.1,25.9,41.0,52.0,59.0
W07,Chiba Inzai,35.83,140.15,2026-08-08T18:00,2026-08-09,6,2026-08,2026-08-09T06:00,25.9,26.7,27.5,162.0,208.0,233.0
W07,Chiba Inzai,35.83,140.15,2026-08-08T18:00,2026-08-09,7,2026-08,2026-08-09T07:00,26.1,26.9,27.7,299.0,384.0,430.0
W07,Chiba Inzai,35.83,140.15,2026-08-08T18:00,2026-08-09,8,2026-08,2026-08-09T08:00,27.3,28.1,28.9,438.0,562.0,630.0
W07,Chiba Inzai,35.83,140.15,2026-08-08T18:00,2026-08-09,9,2026-08,2026-08-09T09:00,27.9,28.7,29.5,540.0,693.0,776.0
W07,Chiba Inzai,35.83,140.15,2026-08-08T18:00,2026-08-09,10,2026-08,2026-08-09T10:00,29.4,30.2,31.0,553.0,709.0,794.0
W07,Chiba Inzai,35.83,140.15,2026-08-08T18:00,2026-08-09,11,2026-08,2026-08-09T11:00,29.4,30.2,31.0,642.0,823.0,922.0
W07,Chiba Inzai,35.83,140.15,2026-08-08T18:00,2026-08-09,12,2026-08,2026-08-09T12:00,31.2,32.0,32.8,653.0,837.0,938.0
W07,Chiba Inzai,35.83,140.15,2026-08-08T18:00,2026-08-09,13,2026-08,2026-08-09T13:00,31.9,32.7,33.5,583.0,747.0,837.0
W07,Chiba Inzai,35.83,140.15,2026-08-08T18:00,2026-08-09,14,2026-08,2026-08-09T14:00,32.8,33.6,34.4,483.0,619.0,693.0
W07,Chiba Inzai,35.83,140.15,2026-08-08T18:00,2026-08-09,15,2026-08,2026-08-09T15:00,31.0,31.8,32.6,403.0,517.0,579.0
W07,Chiba Inzai,35.83,140.15,2026-08-08T18:00,2026-08-09,16,2026-08,2026-08-09T16:00,31.5,32.3,33.1,265.0,340.0,381.0
W07,Chiba Inzai,35.83,140.15,2026-08-08T18:00,2026-08-09,17,2026-08,2026-08-09T17:00,29.2,30.0,30.8,133.0,171.0,191.0
W07,Chiba Inzai,35.83,140.15,2026-08-08T18:00,2026-08-09,18,2026-08,2026-08-09T18:00,29.2,30.0,30.8,21.0,27.0,30.0
W07,Chiba Inzai,35.83,140.15,2026-08-08T18:00,2026-08-09,19,2026-08,2026-08-09T19:00,27.8,28.6,29.4,0.0,0.0,0.0
W07,Chiba Inzai,35.83,140.15,2026-08-08T18:00,2026-08-09,20,2026-08,2026-08-09T20:00,28.2,29.0,29.8,0.0,0.0,0.0
W07,Chiba Inzai,35.83,140.15,2026-08-08T18:00,2026-08-09,21,2026-08,2026-08-09T21:00,26.9,27.7,28.5,0.0,0.0,0.0
W07,Chiba Inzai,35.83,140.15,2026-08-08T18:00,2026-08-09,22,2026-08,2026-08-09T22:00,27.4,28.2,29.0,0.0,0.0,0.0
W07,Chiba Inzai,35.83,140.15,2026-08-08T18:00,2026-08-09,23,2026-08,2026-08-09T23:00,27.2,28.0,28.8,0.0,0.0,0.0
W08,Chiba Chiba,35.61,140.12,2026-08-08T18:00,2026-08-09,0,2026-08,2026-08-09T00:00,24.5,25.3,26.1,0.0,0.0,0.0
W08,Chiba Chiba,35.61,140.12,2026-08-08T18:00,2026-08-09,1,2026-08,2026-08-09T01:00,24.4,25.2,26.0,0.0,0.0,0.0
W08,Chiba Chiba,35.61,140.12,2026-08-08T18:00,2026-08-09,2,2026-08,2026-08-09T02:00,25.4,26.2,27.0,0.0,0.0,0.0
W08,Chiba Chiba,35.61,140.12,2026-08-08T18:00,2026-08-09,3,2026-08,2026-08-09T03:00,24.1,24.9,25.7,0.0,0.0,0.0
W08,Chiba Chiba,35.61,140.12,2026-08-08T18:00,2026-08-09,4,2026-08,2026-08-09T04:00,23.2,24.0,24.8,0.0,0.0,0.0
W08,Chiba Chiba,35.61,140.12,2026-08-08T18:00,2026-08-09,5,2026-08,2026-08-09T05:00,23.7,24.5,25.3,42.0,54.0,60.0
W08,Chiba Chiba,35.61,140.12,2026-08-08T18:00,2026-08-09,6,2026-08,2026-08-09T06:00,25.3,26.1,26.9,155.0,198.0,222.0
W08,Chiba Chiba,35.61,140.12,2026-08-08T18:00,2026-08-09,7,2026-08,2026-08-09T07:00,25.5,26.3,27.1,294.0,377.0,422.0
W08,Chiba Chiba,35.61,140.12,2026-08-08T18:00,2026-08-09,8,2026-08,2026-08-09T08:00,26.7,27.5,28.3,440.0,564.0,632.0
W08,Chiba Chiba,35.61,140.12,2026-08-08T18:00,2026-08-09,9,2026-08,2026-08-09T09:00,27.3,28.1,28.9,506.0,649.0,727.0
W08,Chiba Chiba,35.61,140.12,2026-08-08T18:00,2026-08-09,10,2026-08,2026-08-09T10:00,28.8,29.6,30.4,615.0,789.0,884.0
W08,Chiba Chiba,35.61,140.12,2026-08-08T18:00,2026-08-09,11,2026-08,2026-08-09T11:00,28.8,29.6,30.4,653.0,837.0,937.0
W08,Chiba Chiba,35.61,140.12,2026-08-08T18:00,2026-08-09,12,2026-08,2026-08-09T12:00,30.6,31.4,32.2,632.0,810.0,907.0
W08,Chiba Chiba,35.61,140.12,2026-08-08T18:00,2026-08-09,13,2026-08,2026-08-09T13:00,31.3,32.1,32.9,586.0,751.0,841.0
W08,Chiba Chiba,35.61,140.12,2026-08-08T18:00,2026-08-09,14,2026-08,2026-08-09T14:00,32.2,33.0,33.8,498.0,638.0,714.0
W08,Chiba Chiba,35.61,140.12,2026-08-08T18:00,2026-08-09,15,2026-08,2026-08-09T15:00,30.4,31.2,32.0,416.0,533.0,597.0
W08,Chiba Chiba,35.61,140.12,2026-08-08T18:00,2026-08-09,16,2026-08,2026-08-09T16:00,30.9,31.7,32.5,270.0,346.0,387.0
W08,Chiba Chiba,35.61,140.12,2026-08-08T18:00,2026-08-09,17,2026-08,2026-08-09T17:00,28.6,29.4,30.2,137.0,176.0,197.0
W08,Chiba Chiba,35.61,140.12,2026-08-08T18:00,2026-08-09,18,2026-08,2026-08-09T18:00,28.6,29.4,30.2,22.0,29.0,32.0
W08,Chiba Chiba,35.61,140.12,2026-08-08T18:00,2026-08-09,19,2026-08,2026-08-09T19:00,27.2,28.0,28.8,0.0,0.0,0.0
W08,Chiba Chiba,35.61,140.12,2026-08-08T18:00,2026-08-09,20,2026-08,2026-08-09T20:00,27.6,28.4,29.2,0.0,0.0,0.0
W08,Chiba Chiba,35.61,140.12,2026-08-08T18:00,2026-08-09,21,2026-08,2026-08-09T21:00,26.3,27.1,27.9,0.0,0.0,0.0
W08,Chiba Chiba,35.61,140.12,2026-08-08T18:00,2026-08-09,22,2026-08,2026-08-09T22:00,26.8,27.6,28.4,0.0,0.0,0.0
W08,Chiba Chiba,35.61,140.12,2026-08-08T18:00,2026-08-09,23,2026-08,2026-08-09T23:00,26.6,27.4,28.2,0.0,0.0,0.0
W09,Ibaraki Tsukuba,36.08,140.08,2026-08-08T18:00,2026-08-09,0,2026-08,2026-08-09T00:00,25.2,26.0,26.8,0.0,0.0,0.0
W09,Ibaraki Tsukuba,36.08,140.08,2026-08-08T18:00,2026-08-09,1,2026-08,2026-08-09T01:00,25.1,25.9,26.7,0.0,0.0,0.0
W09,Ibaraki Tsukuba,36.08,140.08,2026-08-08T18:00,2026-08-09,2,2026-08,2026-08-09T02:00,26.1,26.9,27.7,0.0,0.0,0.0
W09,Ibaraki Tsukuba,36.08,140.08,2026-08-08T18:00,2026-08-09,3,2026-08,2026-08-09T03:00,24.8,25.6,26.4,0.0,0.0,0.0
W09,Ibaraki Tsukuba,36.08,140.08,2026-08-08T18:00,2026-08-09,4,2026-08,2026-08-09T04:00,23.9,24.7,25.5,0.0,0.0,0.0
W09,Ibaraki Tsukuba,36.08,140.08,2026-08-08T18:00,2026-08-09,5,2026-08,2026-08-09T05:00,24.4,25.2,26.0,43.0,56.0,62.0
W09,Ibaraki Tsukuba,36.08,140.08,2026-08-08T18:00,2026-08-09,6,2026-08,2026-08-09T06:00,26.0,26.8,27.6,155.0,198.0,222.0
W09,Ibaraki Tsukuba,36.08,140.08,2026-08-08T18:00,2026-08-09,7,2026-08,2026-08-09T07:00,26.2,27.0,27.8,277.0,355.0,397.0
W09,Ibaraki Tsukuba,36.08,140.08,2026-08-08T18:00,2026-08-09,8,2026-08,2026-08-09T08:00,27.4,28.2,29.0,405.0,519.0,581.0
W09,Ibaraki Tsukuba,36.08,140.08,2026-08-08T18:00,2026-08-09,9,2026-08,2026-08-09T09:00,28.0,28.8,29.6,513.0,658.0,737.0
W09,Ibaraki Tsukuba,36.08,140.08,2026-08-08T18:00,2026-08-09,10,2026-08,2026-08-09T10:00,29.5,30.3,31.1,596.0,764.0,856.0
W09,Ibaraki Tsukuba,36.08,140.08,2026-08-08T18:00,2026-08-09,11,2026-08,2026-08-09T11:00,29.5,30.3,31.1,632.0,810.0,907.0
W09,Ibaraki Tsukuba,36.08,140.08,2026-08-08T18:00,2026-08-09,12,2026-08,2026-08-09T12:00,31.3,32.1,32.9,611.0,783.0,877.0
W09,Ibaraki Tsukuba,36.08,140.08,2026-08-08T18:00,2026-08-09,13,2026-08,2026-08-09T13:00,32.0,32.8,33.6,572.0,734.0,822.0
W09,Ibaraki Tsukuba,36.08,140.08,2026-08-08T18:00,2026-08-09,14,2026-08,2026-08-09T14:00,32.9,33.7,34.5,507.0,650.0,728.0
W09,Ibaraki Tsukuba,36.08,140.08,2026-08-08T18:00,2026-08-09,15,2026-08,2026-08-09T15:00,31.1,31.9,32.7,388.0,497.0,557.0
W09,Ibaraki Tsukuba,36.08,140.08,2026-08-08T18:00,2026-08-09,16,2026-08,2026-08-09T16:00,31.6,32.4,33.2,263.0,337.0,378.0
W09,Ibaraki Tsukuba,36.08,140.08,2026-08-08T18:00,2026-08-09,17,2026-08,2026-08-09T17:00,29.3,30.1,30.9,132.0,169.0,189.0
W09,Ibaraki Tsukuba,36.08,140.08,2026-08-08T18:00,2026-08-09,18,2026-08,2026-08-09T18:00,29.3,30.1,30.9,22.0,28.0,31.0
W09,Ibaraki Tsukuba,36.08,140.08,2026-08-08T18:00,2026-08-09,19,2026-08,2026-08-09T19:00,27.9,28.7,29.5,0.0,0.0,0.0
W09,Ibaraki Tsukuba,36.08,140.08,2026-08-08T18:00,2026-08-09,20,2026-08,2026-08-09T20:00,28.3,29.1,29.9,0.0,0.0,0.0
W09,Ibaraki Tsukuba,36.08,140.08,2026-08-08T18:00,2026-08-09,21,2026-08,2026-08-09T21:00,27.0,27.8,28.6,0.0,0.0,0.0
W09,Ibaraki Tsukuba,36.08,140.08,2026-08-08T18:00,2026-08-09,22,2026-08,2026-08-09T22:00,27.5,28.3,29.1,0.0,0.0,0.0
W09,Ibaraki Tsukuba,36.08,140.08,2026-08-08T18:00,2026-08-09,23,2026-08,2026-08-09T23:00,27.3,28.1,28.9,0.0,0.0,0.0
W10,Gunma Maebashi,36.39,139.06,2026-08-08T18:00,2026-08-09,0,2026-08,2026-08-09T00:00,26.5,27.3,28.1,0.0,0.0,0.0
W10,Gunma Maebashi,36.39,139.06,2026-08-08T18:00,2026-08-09,1,2026-08,2026-08-09T01:00,26.4,27.2,28.0,0.0,0.0,0.0
W10,Gunma Maebashi,36.39,139.06,2026-08-08T18:00,2026-08-09,2,2026-08,2026-08-09T02:00,27.4,28.2,29.0,0.0,0.0,0.0
W10,Gunma Maebashi,36.39,139.06,2026-08-08T18:00,2026-08-09,3,2026-08,2026-08-09T03:00,26.1,26.9,27.7,0.0,0.0,0.0
W10,Gunma Maebashi,36.39,139.06,2026-08-08T18:00,2026-08-09,4,2026-08,2026-08-09T04:00,25.2,26.0,26.8,0.0,0.0,0.0
W10,Gunma Maebashi,36.39,139.06,2026-08-08T18:00,2026-08-09,5,2026-08,2026-08-09T05:00,25.7,26.5,27.3,41.0,52.0,59.0
W10,Gunma Maebashi,36.39,139.06,2026-08-08T18:00,2026-08-09,6,2026-08,2026-08-09T06:00,27.3,28.1,28.9,162.0,207.0,232.0
W10,Gunma Maebashi,36.39,139.06,2026-08-08T18:00,2026-08-09,7,2026-08,2026-08-09T07:00,27.5,28.3,29.1,293.0,375.0,420.0
W10,Gunma Maebashi,36.39,139.06,2026-08-08T18:00,2026-08-09,8,2026-08,2026-08-09T08:00,28.7,29.5,30.3,430.0,551.0,617.0
W10,Gunma Maebashi,36.39,139.06,2026-08-08T18:00,2026-08-09,9,2026-08,2026-08-09T09:00,29.3,30.1,30.9,529.0,678.0,760.0
W10,Gunma Maebashi,36.39,139.06,2026-08-08T18:00,2026-08-09,10,2026-08,2026-08-09T10:00,30.8,31.6,32.4,589.0,756.0,846.0
W10,Gunma Maebashi,36.39,139.06,2026-08-08T18:00,2026-08-09,11,2026-08,2026-08-09T11:00,30.8,31.6,32.4,657.0,843.0,944.0
W10,Gunma Maebashi,36.39,139.06,2026-08-08T18:00,2026-08-09,12,2026-08,2026-08-09T12:00,32.6,33.4,34.2,633.0,811.0,909.0
W10,Gunma Maebashi,36.39,139.06,2026-08-08T18:00,2026-08-09,13,2026-08,2026-08-09T13:00,33.3,34.1,34.9,590.0,757.0,848.0
W10,Gunma Maebashi,36.39,139.06,2026-08-08T18:00,2026-08-09,14,2026-08,2026-08-09T14:00,34.2,35.0,35.8,507.0,650.0,728.0
W10,Gunma Maebashi,36.39,139.06,2026-08-08T18:00,2026-08-09,15,2026-08,2026-08-09T15:00,32.4,33.2,34.0,368.0,472.0,529.0
W10,Gunma Maebashi,36.39,139.06,2026-08-08T18:00,2026-08-09,16,2026-08,2026-08-09T16:00,32.9,33.7,34.5,272.0,348.0,390.0
W10,Gunma Maebashi,36.39,139.06,2026-08-08T18:00,2026-08-09,17,2026-08,2026-08-09T17:00,30.6,31.4,32.2,136.0,174.0,195.0
W10,Gunma Maebashi,36.39,139.06,2026-08-08T18:00,2026-08-09,18,2026-08,2026-08-09T18:00,30.6,31.4,32.2,22.0,28.0,32.0
W10,Gunma Maebashi,36.39,139.06,2026-08-08T18:00,2026-08-09,19,2026-08,2026-08-09T19:00,29.2,30.0,30.8,0.0,0.0,0.0
W10,Gunma Maebashi,36.39,139.06,2026-08-08T18:00,2026-08-09,20,2026-08,2026-08-09T20:00,29.6,30.4,31.2,0.0,0.0,0.0
W10,Gunma Maebashi,36.39,139.06,2026-08-08T18:00,2026-08-09,21,2026-08,2026-08-09T21:00,28.3,29.1,29.9,0.0,0.0,0.0
W10,Gunma Maebashi,36.39,139.06,2026-08-08T18:00,2026-08-09,22,2026-08,2026-08-09T22:00,28.8,29.6,30.4,0.0,0.0,0.0
W10,Gunma Maebashi,36.39,139.06,2026-08-08T18:00,2026-08-09,23,2026-08,2026-08-09T23:00,28.6,29.4,30.2,0.0,0.0,0.0
W01,Tokyo Otemachi,35.69,139.76,2026-08-09T18:00,2026-08-10,0,2026-08,2026-08-10T00:00,26.5,27.3,28.1,0.0,0.0,0.0
W01,Tokyo Otemachi,35.69,139.76,2026-08-09T18:00,2026-08-10,1,2026-08,2026-08-10T01:00,27.3,28.1,28.9,0.0,0.0,0.0
W01,Tokyo Otemachi,35.69,139.76,2026-08-09T18:00,2026-08-10,2,2026-08,2026-08-10T02:00,25.5,26.3,27.1,0.0,0.0,0.0
W01,Tokyo Otemachi,35.69,139.76,2026-08-09T18:00,2026-08-10,3,2026-08,2026-08-10T03:00,26.2,27.0,27.8,0.0,0.0,0.0
W01,Tokyo Otemachi,35.69,139.76,2026-08-09T18:00,2026-08-10,4,2026-08,2026-08-10T04:00,26.3,27.1,27.9,0.0,0.0,0.0
W01,Tokyo Otemachi,35.69,139.76,2026-08-09T18:00,2026-08-10,5,2026-08,2026-08-10T05:00,25.9,26.7,27.5,37.0,47.0,53.0
W01,Tokyo Otemachi,35.69,139.76,2026-08-09T18:00,2026-08-10,6,2026-08,2026-08-10T06:00,26.2,27.0,27.8,136.0,174.0,195.0
W01,Tokyo Otemachi,35.69,139.76,2026-08-09T18:00,2026-08-10,7,2026-08,2026-08-10T07:00,26.5,27.3,28.1,266.0,341.0,381.0
W01,Tokyo Otemachi,35.69,139.76,2026-08-09T18:00,2026-08-10,8,2026-08,2026-08-10T08:00,27.6,28.4,29.2,352.0,452.0,506.0
W01,Tokyo Otemachi,35.69,139.76,2026-08-09T18:00,2026-08-10,9,2026-08,2026-08-10T09:00,29.5,30.3,31.1,452.0,580.0,649.0
W01,Tokyo Otemachi,35.69,139.76,2026-08-09T18:00,2026-08-10,10,2026-08,2026-08-10T10:00,30.0,30.8,31.6,507.0,650.0,729.0
W01,Tokyo Otemachi,35.69,139.76,2026-08-09T18:00,2026-08-10,11,2026-08,2026-08-10T11:00,31.1,31.9,32.7,535.0,686.0,768.0
W01,Tokyo Otemachi,35.69,139.76,2026-08-09T18:00,2026-08-10,12,2026-08,2026-08-10T12:00,32.3,33.1,33.9,579.0,742.0,831.0
W01,Tokyo Otemachi,35.69,139.76,2026-08-09T18:00,2026-08-10,13,2026-08,2026-08-10T13:00,32.6,33.4,34.2,505.0,647.0,725.0
W01,Tokyo Otemachi,35.69,139.76,2026-08-09T18:00,2026-08-10,14,2026-08,2026-08-10T14:00,33.9,34.7,35.5,439.0,562.0,630.0
W01,Tokyo Otemachi,35.69,139.76,2026-08-09T18:00,2026-08-10,15,2026-08,2026-08-10T15:00,31.5,32.3,33.1,325.0,417.0,467.0
W01,Tokyo Otemachi,35.69,139.76,2026-08-09T18:00,2026-08-10,16,2026-08,2026-08-10T16:00,32.4,33.2,34.0,226.0,290.0,325.0
W01,Tokyo Otemachi,35.69,139.76,2026-08-09T18:00,2026-08-10,17,2026-08,2026-08-10T17:00,30.0,30.8,31.6,115.0,147.0,165.0
W01,Tokyo Otemachi,35.69,139.76,2026-08-09T18:00,2026-08-10,18,2026-08,2026-08-10T18:00,31.5,32.3,33.1,20.0,26.0,29.0
W01,Tokyo Otemachi,35.69,139.76,2026-08-09T18:00,2026-08-10,19,2026-08,2026-08-10T19:00,28.9,29.7,30.5,0.0,0.0,0.0
W01,Tokyo Otemachi,35.69,139.76,2026-08-09T18:00,2026-08-10,20,2026-08,2026-08-10T20:00,28.7,29.5,30.3,0.0,0.0,0.0
W01,Tokyo Otemachi,35.69,139.76,2026-08-09T18:00,2026-08-10,21,2026-08,2026-08-10T21:00,28.3,29.1,29.9,0.0,0.0,0.0
W01,Tokyo Otemachi,35.69,139.76,2026-08-09T18:00,2026-08-10,22,2026-08,2026-08-10T22:00,28.8,29.6,30.4,0.0,0.0,0.0
W01,Tokyo Otemachi,35.69,139.76,2026-08-09T18:00,2026-08-10,23,2026-08,2026-08-10T23:00,27.7,28.5,29.3,0.0,0.0,0.0
W02,Tokyo Hachioji,35.66,139.32,2026-08-09T18:00,2026-08-10,0,2026-08,2026-08-10T00:00,27.1,27.9,28.7,0.0,0.0,0.0
W02,Tokyo Hachioji,35.66,139.32,2026-08-09T18:00,2026-08-10,1,2026-08,2026-08-10T01:00,27.9,28.7,29.5,0.0,0.0,0.0
W02,Tokyo Hachioji,35.66,139.32,2026-08-09T18:00,2026-08-10,2,2026-08,2026-08-10T02:00,26.1,26.9,27.7,0.0,0.0,0.0
W02,Tokyo Hachioji,35.66,139.32,2026-08-09T18:00,2026-08-10,3,2026-08,2026-08-10T03:00,26.8,27.6,28.4,0.0,0.0,0.0
W02,Tokyo Hachioji,35.66,139.32,2026-08-09T18:00,2026-08-10,4,2026-08,2026-08-10T04:00,26.9,27.7,28.5,0.0,0.0,0.0
W02,Tokyo Hachioji,35.66,139.32,2026-08-09T18:00,2026-08-10,5,2026-08,2026-08-10T05:00,26.5,27.3,28.1,36.0,46.0,52.0
W02,Tokyo Hachioji,35.66,139.32,2026-08-09T18:00,2026-08-10,6,2026-08,2026-08-10T06:00,26.8,27.6,28.4,134.0,172.0,193.0
W02,Tokyo Hachioji,35.66,139.32,2026-08-09T18:00,2026-08-10,7,2026-08,2026-08-10T07:00,27.1,27.9,28.7,258.0,331.0,371.0
W02,Tokyo Hachioji,35.66,139.32,2026-08-09T18:00,2026-08-10,8,2026-08,2026-08-10T08:00,28.2,29.0,29.8,380.0,487.0,545.0
W02,Tokyo Hachioji,35.66,139.32,2026-08-09T18:00,2026-08-10,9,2026-08,2026-08-10T09:00,30.1,30.9,31.7,462.0,592.0,663.0
W02,Tokyo Hachioji,35.66,139.32,2026-08-09T18:00,2026-08-10,10,2026-08,2026-08-10T10:00,30.6,31.4,32.2,508.0,651.0,729.0
W02,Tokyo Hachioji,35.66,139.32,2026-08-09T18:00,2026-08-10,11,2026-08,2026-08-10T11:00,31.7,32.5,33.3,566.0,726.0,813.0
W02,Tokyo Hachioji,35.66,139.32,2026-08-09T18:00,2026-08-10,12,2026-08,2026-08-10T12:00,32.9,33.7,34.5,539.0,691.0,774.0
W02,Tokyo Hachioji,35.66,139.32,2026-08-09T18:00,2026-08-10,13,2026-08,2026-08-10T13:00,33.2,34.0,34.8,503.0,645.0,723.0
W02,Tokyo Hachioji,35.66,139.32,2026-08-09T18:00,2026-08-10,14,2026-08,2026-08-10T14:00,34.5,35.3,36.1,441.0,565.0,633.0
W02,Tokyo Hachioji,35.66,139.32,2026-08-09T18:00,2026-08-10,15,2026-08,2026-08-10T15:00,32.1,32.9,33.7,335.0,429.0,481.0
W02,Tokyo Hachioji,35.66,139.32,2026-08-09T18:00,2026-08-10,16,2026-08,2026-08-10T16:00,33.0,33.8,34.6,240.0,308.0,345.0
W02,Tokyo Hachioji,35.66,139.32,2026-08-09T18:00,2026-08-10,17,2026-08,2026-08-10T17:00,30.6,31.4,32.2,118.0,152.0,170.0
W02,Tokyo Hachioji,35.66,139.32,2026-08-09T18:00,2026-08-10,18,2026-08,2026-08-10T18:00,32.1,32.9,33.7,19.0,25.0,28.0
W02,Tokyo Hachioji,35.66,139.32,2026-08-09T18:00,2026-08-10,19,2026-08,2026-08-10T19:00,29.5,30.3,31.1,0.0,0.0,0.0
W02,Tokyo Hachioji,35.66,139.32,2026-08-09T18:00,2026-08-10,20,2026-08,2026-08-10T20:00,29.3,30.1,30.9,0.0,0.0,0.0
W02,Tokyo Hachioji,35.66,139.32,2026-08-09T18:00,2026-08-10,21,2026-08,2026-08-10T21:00,28.9,29.7,30.5,0.0,0.0,0.0
W02,Tokyo Hachioji,35.66,139.32,2026-08-09T18:00,2026-08-10,22,2026-08,2026-08-10T22:00,29.4,30.2,31.0,0.0,0.0,0.0
W02,Tokyo Hachioji,35.66,139.32,2026-08-09T18:00,2026-08-10,23,2026-08,2026-08-10T23:00,28.3,29.1,29.9,0.0,0.0,0.0
W03,Kanagawa Yokohama,35.44,139.64,2026-08-09T18:00,2026-08-10,0,2026-08,2026-08-10T00:00,25.6,26.4,27.2,0.0,0.0,0.0
W03,Kanagawa Yokohama,35.44,139.64,2026-08-09T18:00,2026-08-10,1,2026-08,2026-08-10T01:00,26.4,27.2,28.0,0.0,0.0,0.0
W03,Kanagawa Yokohama,35.44,139.64,2026-08-09T18:00,2026-08-10,2,2026-08,2026-08-10T02:00,24.6,25.4,26.2,0.0,0.0,0.0
W03,Kanagawa Yokohama,35.44,139.64,2026-08-09T18:00,2026-08-10,3,2026-08,2026-08-10T03:00,25.3,26.1,26.9,0.0,0.0,0.0
W03,Kanagawa Yokohama,35.44,139.64,2026-08-09T18:00,2026-08-10,4,2026-08,2026-08-10T04:00,25.4,26.2,27.0,0.0,0.0,0.0
W03,Kanagawa Yokohama,35.44,139.64,2026-08-09T18:00,2026-08-10,5,2026-08,2026-08-10T05:00,25.0,25.8,26.6,35.0,45.0,50.0
W03,Kanagawa Yokohama,35.44,139.64,2026-08-09T18:00,2026-08-10,6,2026-08,2026-08-10T06:00,25.3,26.1,26.9,134.0,172.0,192.0
W03,Kanagawa Yokohama,35.44,139.64,2026-08-09T18:00,2026-08-10,7,2026-08,2026-08-10T07:00,25.6,26.4,27.2,257.0,330.0,369.0
W03,Kanagawa Yokohama,35.44,139.64,2026-08-09T18:00,2026-08-10,8,2026-08,2026-08-10T08:00,26.7,27.5,28.3,371.0,475.0,532.0
W03,Kanagawa Yokohama,35.44,139.64,2026-08-09T18:00,2026-08-10,9,2026-08,2026-08-10T09:00,28.6,29.4,30.2,473.0,606.0,679.0
W03,Kanagawa Yokohama,35.44,139.64,2026-08-09T18:00,2026-08-10,10,2026-08,2026-08-10T10:00,29.1,29.9,30.7,523.0,670.0,750.0
W03,Kanagawa Yokohama,35.44,139.64,2026-08-09T18:00,2026-08-10,11,2026-08,2026-08-10T11:00,30.2,31.0,31.8,547.0,701.0,785.0
W03,Kanagawa Yokohama,35.44,139.64,2026-08-09T18:00,2026-08-10,12,2026-08,2026-08-10T12:00,31.4,32.2,33.0,511.0,655.0,734.0
W03,Kanagawa Yokohama,35.44,139.64,2026-08-09T18:00,2026-08-10,13,2026-08,2026-08-10T13:00,31.7,32.5,33.3,498.0,638.0,715.0
W03,Kanagawa Yokohama,35.44,139.64,2026-08-09T18:00,2026-08-10,14,2026-08,2026-08-10T14:00,33.0,33.8,34.6,424.0,543.0,608.0
W03,Kanagawa Yokohama,35.44,139.64,2026-08-09T18:00,2026-08-10,15,2026-08,2026-08-10T15:00,30.6,31.4,32.2,342.0,439.0,491.0
W03,Kanagawa Yokohama,35.44,139.64,2026-08-09T18:00,2026-08-10,16,2026-08,2026-08-10T16:00,31.5,32.3,33.1,233.0,299.0,335.0
W03,Kanagawa Yokohama,35.44,139.64,2026-08-09T18:00,2026-08-10,17,2026-08,2026-08-10T17:00,29.1,29.9,30.7,117.0,150.0,168.0
W03,Kanagawa Yokohama,35.44,139.64,2026-08-09T18:00,2026-08-10,18,2026-08,2026-08-10T18:00,30.6,31.4,32.2,19.0,25.0,28.0
W03,Kanagawa Yokohama,35.44,139.64,2026-08-09T18:00,2026-08-10,19,2026-08,2026-08-10T19:00,28.0,28.8,29.6,0.0,0.0,0.0
W03,Kanagawa Yokohama,35.44,139.64,2026-08-09T18:00,2026-08-10,20,2026-08,2026-08-10T20:00,27.8,28.6,29.4,0.0,0.0,0.0
W03,Kanagawa Yokohama,35.44,139.64,2026-08-09T18:00,2026-08-10,21,2026-08,2026-08-10T21:00,27.4,28.2,29.0,0.0,0.0,0.0
W03,Kanagawa Yokohama,35.44,139.64,2026-08-09T18:00,2026-08-10,22,2026-08,2026-08-10T22:00,27.9,28.7,29.5,0.0,0.0,0.0
W03,Kanagawa Yokohama,35.44,139.64,2026-08-09T18:00,2026-08-10,23,2026-08,2026-08-10T23:00,26.8,27.6,28.4,0.0,0.0,0.0
W04,Kanagawa Sagamihara,35.57,139.37,2026-08-09T18:00,2026-08-10,0,2026-08,2026-08-10T00:00,26.9,27.7,28.5,0.0,0.0,0.0
W04,Kanagawa Sagamihara,35.57,139.37,2026-08-09T18:00,2026-08-10,1,2026-08,2026-08-10T01:00,27.7,28.5,29.3,0.0,0.0,0.0
W04,Kanagawa Sagamihara,35.57,139.37,2026-08-09T18:00,2026-08-10,2,2026-08,2026-08-10T02:00,25.9,26.7,27.5,0.0,0.0,0.0
W04,Kanagawa Sagamihara,35.57,139.37,2026-08-09T18:00,2026-08-10,3,2026-08,2026-08-10T03:00,26.6,27.4,28.2,0.0,0.0,0.0
W04,Kanagawa Sagamihara,35.57,139.37,2026-08-09T18:00,2026-08-10,4,2026-08,2026-08-10T04:00,26.7,27.5,28.3,0.0,0.0,0.0
W04,Kanagawa Sagamihara,35.57,139.37,2026-08-09T18:00,2026-08-10,5,2026-08,2026-08-10T05:00,26.3,27.1,27.9,37.0,48.0,53.0
W04,Kanagawa Sagamihara,35.57,139.37,2026-08-09T18:00,2026-08-10,6,2026-08,2026-08-10T06:00,26.6,27.4,28.2,138.0,177.0,198.0
W04,Kanagawa Sagamihara,35.57,139.37,2026-08-09T18:00,2026-08-10,7,2026-08,2026-08-10T07:00,26.9,27.7,28.5,253.0,325.0,364.0
W04,Kanagawa Sagamihara,35.57,139.37,2026-08-09T18:00,2026-08-10,8,2026-08,2026-08-10T08:00,28.0,28.8,29.6,363.0,465.0,521.0
W04,Kanagawa Sagamihara,35.57,139.37,2026-08-09T18:00,2026-08-10,9,2026-08,2026-08-10T09:00,29.9,30.7,31.5,457.0,586.0,657.0
W04,Kanagawa Sagamihara,35.57,139.37,2026-08-09T18:00,2026-08-10,10,2026-08,2026-08-10T10:00,30.4,31.2,32.0,511.0,655.0,733.0
W04,Kanagawa Sagamihara,35.57,139.37,2026-08-09T18:00,2026-08-10,11,2026-08,2026-08-10T11:00,31.5,32.3,33.1,558.0,715.0,801.0
W04,Kanagawa Sagamihara,35.57,139.37,2026-08-09T18:00,2026-08-10,12,2026-08,2026-08-10T12:00,32.7,33.5,34.3,530.0,679.0,761.0
W04,Kanagawa Sagamihara,35.57,139.37,2026-08-09T18:00,2026-08-10,13,2026-08,2026-08-10T13:00,33.0,33.8,34.6,501.0,642.0,719.0
W04,Kanagawa Sagamihara,35.57,139.37,2026-08-09T18:00,2026-08-10,14,2026-08,2026-08-10T14:00,34.3,35.1,35.9,426.0,547.0,612.0
W04,Kanagawa Sagamihara,35.57,139.37,2026-08-09T18:00,2026-08-10,15,2026-08,2026-08-10T15:00,31.9,32.7,33.5,348.0,446.0,499.0
W04,Kanagawa Sagamihara,35.57,139.37,2026-08-09T18:00,2026-08-10,16,2026-08,2026-08-10T16:00,32.8,33.6,34.4,224.0,288.0,322.0
W04,Kanagawa Sagamihara,35.57,139.37,2026-08-09T18:00,2026-08-10,17,2026-08,2026-08-10T17:00,30.4,31.2,32.0,118.0,151.0,169.0
W04,Kanagawa Sagamihara,35.57,139.37,2026-08-09T18:00,2026-08-10,18,2026-08,2026-08-10T18:00,31.9,32.7,33.5,19.0,25.0,28.0
W04,Kanagawa Sagamihara,35.57,139.37,2026-08-09T18:00,2026-08-10,19,2026-08,2026-08-10T19:00,29.3,30.1,30.9,0.0,0.0,0.0
W04,Kanagawa Sagamihara,35.57,139.37,2026-08-09T18:00,2026-08-10,20,2026-08,2026-08-10T20:00,29.1,29.9,30.7,0.0,0.0,0.0
W04,Kanagawa Sagamihara,35.57,139.37,2026-08-09T18:00,2026-08-10,21,2026-08,2026-08-10T21:00,28.7,29.5,30.3,0.0,0.0,0.0
W04,Kanagawa Sagamihara,35.57,139.37,2026-08-09T18:00,2026-08-10,22,2026-08,2026-08-10T22:00,29.2,30.0,30.8,0.0,0.0,0.0
W04,Kanagawa Sagamihara,35.57,139.37,2026-08-09T18:00,2026-08-10,23,2026-08,2026-08-10T23:00,28.1,28.9,29.7,0.0,0.0,0.0
W05,Saitama Kumagaya,36.15,139.39,2026-08-09T18:00,2026-08-10,0,2026-08,2026-08-10T00:00,28.1,28.9,29.7,0.0,0.0,0.0
W05,Saitama Kumagaya,36.15,139.39,2026-08-09T18:00,2026-08-10,1,2026-08,2026-08-10T01:00,28.9,29.7,30.5,0.0,0.0,0.0
W05,Saitama Kumagaya,36.15,139.39,2026-08-09T18:00,2026-08-10,2,2026-08,2026-08-10T02:00,27.1,27.9,28.7,0.0,0.0,0.0
W05,Saitama Kumagaya,36.15,139.39,2026-08-09T18:00,2026-08-10,3,2026-08,2026-08-10T03:00,27.8,28.6,29.4,0.0,0.0,0.0
W05,Saitama Kumagaya,36.15,139.39,2026-08-09T18:00,2026-08-10,4,2026-08,2026-08-10T04:00,27.9,28.7,29.5,0.0,0.0,0.0
W05,Saitama Kumagaya,36.15,139.39,2026-08-09T18:00,2026-08-10,5,2026-08,2026-08-10T05:00,27.5,28.3,29.1,38.0,48.0,54.0
W05,Saitama Kumagaya,36.15,139.39,2026-08-09T18:00,2026-08-10,6,2026-08,2026-08-10T06:00,27.8,28.6,29.4,133.0,171.0,192.0
W05,Saitama Kumagaya,36.15,139.39,2026-08-09T18:00,2026-08-10,7,2026-08,2026-08-10T07:00,28.1,28.9,29.7,260.0,334.0,374.0
W05,Saitama Kumagaya,36.15,139.39,2026-08-09T18:00,2026-08-10,8,2026-08,2026-08-10T08:00,29.2,30.0,30.8,358.0,459.0,515.0
W05,Saitama Kumagaya,36.15,139.39,2026-08-09T18:00,2026-08-10,9,2026-08,2026-08-10T09:00,31.1,31.9,32.7,451.0,579.0,648.0
W05,Saitama Kumagaya,36.15,139.39,2026-08-09T18:00,2026-08-10,10,2026-08,2026-08-10T10:00,31.6,32.4,33.2,521.0,668.0,748.0
W05,Saitama Kumagaya,36.15,139.39,2026-08-09T18:00,2026-08-10,11,2026-08,2026-08-10T11:00,32.7,33.5,34.3,549.0,703.0,788.0
W05,Saitama Kumagaya,36.15,139.39,2026-08-09T18:00,2026-08-10,12,2026-08,2026-08-10T12:00,33.9,34.7,35.5,549.0,704.0,789.0
W05,Saitama Kumagaya,36.15,139.39,2026-08-09T18:00,2026-08-10,13,2026-08,2026-08-10T13:00,34.2,35.0,35.8,519.0,666.0,746.0
W05,Saitama Kumagaya,36.15,139.39,2026-08-09T18:00,2026-08-10,14,2026-08,2026-08-10T14:00,35.5,36.3,37.1,441.0,565.0,633.0
W05,Saitama Kumagaya,36.15,139.39,2026-08-09T18:00,2026-08-10,15,2026-08,2026-08-10T15:00,33.1,33.9,34.7,353.0,452.0,506.0
W05,Saitama Kumagaya,36.15,139.39,2026-08-09T18:00,2026-08-10,16,2026-08,2026-08-10T16:00,34.0,34.8,35.6,222.0,284.0,319.0
W05,Saitama Kumagaya,36.15,139.39,2026-08-09T18:00,2026-08-10,17,2026-08,2026-08-10T17:00,31.6,32.4,33.2,124.0,158.0,177.0
W05,Saitama Kumagaya,36.15,139.39,2026-08-09T18:00,2026-08-10,18,2026-08,2026-08-10T18:00,33.1,33.9,34.7,19.0,24.0,27.0
W05,Saitama Kumagaya,36.15,139.39,2026-08-09T18:00,2026-08-10,19,2026-08,2026-08-10T19:00,30.5,31.3,32.1,0.0,0.0,0.0
W05,Saitama Kumagaya,36.15,139.39,2026-08-09T18:00,2026-08-10,20,2026-08,2026-08-10T20:00,30.3,31.1,31.9,0.0,0.0,0.0
W05,Saitama Kumagaya,36.15,139.39,2026-08-09T18:00,2026-08-10,21,2026-08,2026-08-10T21:00,29.9,30.7,31.5,0.0,0.0,0.0
W05,Saitama Kumagaya,36.15,139.39,2026-08-09T18:00,2026-08-10,22,2026-08,2026-08-10T22:00,30.4,31.2,32.0,0.0,0.0,0.0
W05,Saitama Kumagaya,36.15,139.39,2026-08-09T18:00,2026-08-10,23,2026-08,2026-08-10T23:00,29.3,30.1,30.9,0.0,0.0,0.0
W06,Saitama Saitama,35.86,139.65,2026-08-09T18:00,2026-08-10,0,2026-08,2026-08-10T00:00,27.3,28.1,28.9,0.0,0.0,0.0
W06,Saitama Saitama,35.86,139.65,2026-08-09T18:00,2026-08-10,1,2026-08,2026-08-10T01:00,28.1,28.9,29.7,0.0,0.0,0.0
W06,Saitama Saitama,35.86,139.65,2026-08-09T18:00,2026-08-10,2,2026-08,2026-08-10T02:00,26.3,27.1,27.9,0.0,0.0,0.0
W06,Saitama Saitama,35.86,139.65,2026-08-09T18:00,2026-08-10,3,2026-08,2026-08-10T03:00,27.0,27.8,28.6,0.0,0.0,0.0
W06,Saitama Saitama,35.86,139.65,2026-08-09T18:00,2026-08-10,4,2026-08,2026-08-10T04:00,27.1,27.9,28.7,0.0,0.0,0.0
W06,Saitama Saitama,35.86,139.65,2026-08-09T18:00,2026-08-10,5,2026-08,2026-08-10T05:00,26.7,27.5,28.3,37.0,48.0,53.0
W06,Saitama Saitama,35.86,139.65,2026-08-09T18:00,2026-08-10,6,2026-08,2026-08-10T06:00,27.0,27.8,28.6,138.0,177.0,198.0
W06,Saitama Saitama,35.86,139.65,2026-08-09T18:00,2026-08-10,7,2026-08,2026-08-10T07:00,27.3,28.1,28.9,241.0,308.0,345.0
W06,Saitama Saitama,35.86,139.65,2026-08-09T18:00,2026-08-10,8,2026-08,2026-08-10T08:00,28.4,29.2,30.0,359.0,460.0,515.0
W06,Saitama Saitama,35.86,139.65,2026-08-09T18:00,2026-08-10,9,2026-08,2026-08-10T09:00,30.3,31.1,31.9,447.0,573.0,642.0
W06,Saitama Saitama,35.86,139.65,2026-08-09T18:00,2026-08-10,10,2026-08,2026-08-10T10:00,30.8,31.6,32.4,534.0,684.0,766.0
W06,Saitama Saitama,35.86,139.65,2026-08-09T18:00,2026-08-10,11,2026-08,2026-08-10T11:00,31.9,32.7,33.5,556.0,712.0,798.0
W06,Saitama Saitama,35.86,139.65,2026-08-09T18:00,2026-08-10,12,2026-08,2026-08-10T12:00,33.1,33.9,34.7,551.0,707.0,792.0
W06,Saitama Saitama,35.86,139.65,2026-08-09T18:00,2026-08-10,13,2026-08,2026-08-10T13:00,33.4,34.2,35.0,517.0,662.0,742.0
W06,Saitama Saitama,35.86,139.65,2026-08-09T18:00,2026-08-10,14,2026-08,2026-08-10T14:00,34.7,35.5,36.3,451.0,578.0,648.0
W06,Saitama Saitama,35.86,139.65,2026-08-09T18:00,2026-08-10,15,2026-08,2026-08-10T15:00,32.3,33.1,33.9,339.0,435.0,487.0
W06,Saitama Saitama,35.86,139.65,2026-08-09T18:00,2026-08-10,16,2026-08,2026-08-10T16:00,33.2,34.0,34.8,227.0,291.0,326.0
W06,Saitama Saitama,35.86,139.65,2026-08-09T18:00,2026-08-10,17,2026-08,2026-08-10T17:00,30.8,31.6,32.4,113.0,145.0,162.0
W06,Saitama Saitama,35.86,139.65,2026-08-09T18:00,2026-08-10,18,2026-08,2026-08-10T18:00,32.3,33.1,33.9,20.0,26.0,29.0
W06,Saitama Saitama,35.86,139.65,2026-08-09T18:00,2026-08-10,19,2026-08,2026-08-10T19:00,29.7,30.5,31.3,0.0,0.0,0.0
W06,Saitama Saitama,35.86,139.65,2026-08-09T18:00,2026-08-10,20,2026-08,2026-08-10T20:00,29.5,30.3,31.1,0.0,0.0,0.0
W06,Saitama Saitama,35.86,139.65,2026-08-09T18:00,2026-08-10,21,2026-08,2026-08-10T21:00,29.1,29.9,30.7,0.0,0.0,0.0
W06,Saitama Saitama,35.86,139.65,2026-08-09T18:00,2026-08-10,22,2026-08,2026-08-10T22:00,29.6,30.4,31.2,0.0,0.0,0.0
W06,Saitama Saitama,35.86,139.65,2026-08-09T18:00,2026-08-10,23,2026-08,2026-08-10T23:00,28.5,29.3,30.1,0.0,0.0,0.0
W07,Chiba Inzai,35.83,140.15,2026-08-09T18:00,2026-08-10,0,2026-08,2026-08-10T00:00,26.3,27.1,27.9,0.0,0.0,0.0
W07,Chiba Inzai,35.83,140.15,2026-08-09T18:00,2026-08-10,1,2026-08,2026-08-10T01:00,27.1,27.9,28.7,0.0,0.0,0.0
W07,Chiba Inzai,35.83,140.15,2026-08-09T18:00,2026-08-10,2,2026-08,2026-08-10T02:00,25.3,26.1,26.9,0.0,0.0,0.0
W07,Chiba Inzai,35.83,140.15,2026-08-09T18:00,2026-08-10,3,2026-08,2026-08-10T03:00,26.0,26.8,27.6,0.0,0.0,0.0
W07,Chiba Inzai,35.83,140.15,2026-08-09T18:00,2026-08-10,4,2026-08,2026-08-10T04:00,26.1,26.9,27.7,0.0,0.0,0.0
W07,Chiba Inzai,35.83,140.15,2026-08-09T18:00,2026-08-10,5,2026-08,2026-08-10T05:00,25.7,26.5,27.3,36.0,47.0,52.0
W07,Chiba Inzai,35.83,140.15,2026-08-09T18:00,2026-08-10,6,2026-08,2026-08-10T06:00,26.0,26.8,27.6,139.0,178.0,200.0
W07,Chiba Inzai,35.83,140.15,2026-08-09T18:00,2026-08-10,7,2026-08,2026-08-10T07:00,26.3,27.1,27.9,247.0,317.0,355.0
W07,Chiba Inzai,35.83,140.15,2026-08-09T18:00,2026-08-10,8,2026-08,2026-08-10T08:00,27.4,28.2,29.0,376.0,482.0,540.0
W07,Chiba Inzai,35.83,140.15,2026-08-09T18:00,2026-08-10,9,2026-08,2026-08-10T09:00,29.3,30.1,30.9,452.0,579.0,649.0
W07,Chiba Inzai,35.83,140.15,2026-08-09T18:00,2026-08-10,10,2026-08,2026-08-10T10:00,29.8,30.6,31.4,513.0,658.0,737.0
W07,Chiba Inzai,35.83,140.15,2026-08-09T18:00,2026-08-10,11,2026-08,2026-08-10T11:00,30.9,31.7,32.5,557.0,714.0,800.0
W07,Chiba Inzai,35.83,140.15,2026-08-09T18:00,2026-08-10,12,2026-08,2026-08-10T12:00,32.1,32.9,33.7,549.0,703.0,788.0
W07,Chiba Inzai,35.83,140.15,2026-08-09T18:00,2026-08-10,13,2026-08,2026-08-10T13:00,32.4,33.2,34.0,512.0,656.0,735.0
W07,Chiba Inzai,35.83,140.15,2026-08-09T18:00,2026-08-10,14,2026-08,2026-08-10T14:00,33.7,34.5,35.3,456.0,584.0,655.0
W07,Chiba Inzai,35.83,140.15,2026-08-09T18:00,2026-08-10,15,2026-08,2026-08-10T15:00,31.3,32.1,32.9,353.0,452.0,506.0
W07,Chiba Inzai,35.83,140.15,2026-08-09T18:00,2026-08-10,16,2026-08,2026-08-10T16:00,32.2,33.0,33.8,232.0,297.0,333.0
W07,Chiba Inzai,35.83,140.15,2026-08-09T18:00,2026-08-10,17,2026-08,2026-08-10T17:00,29.8,30.6,31.4,116.0,148.0,166.0
W07,Chiba Inzai,35.83,140.15,2026-08-09T18:00,2026-08-10,18,2026-08,2026-08-10T18:00,31.3,32.1,32.9,19.0,25.0,28.0
W07,Chiba Inzai,35.83,140.15,2026-08-09T18:00,2026-08-10,19,2026-08,2026-08-10T19:00,28.7,29.5,30.3,0.0,0.0,0.0
W07,Chiba Inzai,35.83,140.15,2026-08-09T18:00,2026-08-10,20,2026-08,2026-08-10T20:00,28.5,29.3,30.1,0.0,0.0,0.0
W07,Chiba Inzai,35.83,140.15,2026-08-09T18:00,2026-08-10,21,2026-08,2026-08-10T21:00,28.1,28.9,29.7,0.0,0.0,0.0
W07,Chiba Inzai,35.83,140.15,2026-08-09T18:00,2026-08-10,22,2026-08,2026-08-10T22:00,28.6,29.4,30.2,0.0,0.0,0.0
W07,Chiba Inzai,35.83,140.15,2026-08-09T18:00,2026-08-10,23,2026-08,2026-08-10T23:00,27.5,28.3,29.1,0.0,0.0,0.0
W08,Chiba Chiba,35.61,140.12,2026-08-09T18:00,2026-08-10,0,2026-08,2026-08-10T00:00,25.7,26.5,27.3,0.0,0.0,0.0
W08,Chiba Chiba,35.61,140.12,2026-08-09T18:00,2026-08-10,1,2026-08,2026-08-10T01:00,26.5,27.3,28.1,0.0,0.0,0.0
W08,Chiba Chiba,35.61,140.12,2026-08-09T18:00,2026-08-10,2,2026-08,2026-08-10T02:00,24.7,25.5,26.3,0.0,0.0,0.0
W08,Chiba Chiba,35.61,140.12,2026-08-09T18:00,2026-08-10,3,2026-08,2026-08-10T03:00,25.4,26.2,27.0,0.0,0.0,0.0
W08,Chiba Chiba,35.61,140.12,2026-08-09T18:00,2026-08-10,4,2026-08,2026-08-10T04:00,25.5,26.3,27.1,0.0,0.0,0.0
W08,Chiba Chiba,35.61,140.12,2026-08-09T18:00,2026-08-10,5,2026-08,2026-08-10T05:00,25.1,25.9,26.7,37.0,47.0,53.0
W08,Chiba Chiba,35.61,140.12,2026-08-09T18:00,2026-08-10,6,2026-08,2026-08-10T06:00,25.4,26.2,27.0,142.0,182.0,204.0
W08,Chiba Chiba,35.61,140.12,2026-08-09T18:00,2026-08-10,7,2026-08,2026-08-10T07:00,25.7,26.5,27.3,262.0,336.0,376.0
W08,Chiba Chiba,35.61,140.12,2026-08-09T18:00,2026-08-10,8,2026-08,2026-08-10T08:00,26.8,27.6,28.4,361.0,463.0,519.0
W08,Chiba Chiba,35.61,140.12,2026-08-09T18:00,2026-08-10,9,2026-08,2026-08-10T09:00,28.7,29.5,30.3,464.0,595.0,666.0
W08,Chiba Chiba,35.61,140.12,2026-08-09T18:00,2026-08-10,10,2026-08,2026-08-10T10:00,29.2,30.0,30.8,503.0,645.0,722.0
W08,Chiba Chiba,35.61,140.12,2026-08-09T18:00,2026-08-10,11,2026-08,2026-08-10T11:00,30.3,31.1,31.9,555.0,712.0,797.0
W08,Chiba Chiba,35.61,140.12,2026-08-09T18:00,2026-08-10,12,2026-08,2026-08-10T12:00,31.5,32.3,33.1,542.0,695.0,779.0
W08,Chiba Chiba,35.61,140.12,2026-08-09T18:00,2026-08-10,13,2026-08,2026-08-10T13:00,31.8,32.6,33.4,515.0,660.0,739.0
W08,Chiba Chiba,35.61,140.12,2026-08-09T18:00,2026-08-10,14,2026-08,2026-08-10T14:00,33.1,33.9,34.7,433.0,555.0,621.0
W08,Chiba Chiba,35.61,140.12,2026-08-09T18:00,2026-08-10,15,2026-08,2026-08-10T15:00,30.7,31.5,32.3,337.0,432.0,484.0
W08,Chiba Chiba,35.61,140.12,2026-08-09T18:00,2026-08-10,16,2026-08,2026-08-10T16:00,31.6,32.4,33.2,231.0,296.0,332.0
W08,Chiba Chiba,35.61,140.12,2026-08-09T18:00,2026-08-10,17,2026-08,2026-08-10T17:00,29.2,30.0,30.8,115.0,148.0,166.0
W08,Chiba Chiba,35.61,140.12,2026-08-09T18:00,2026-08-10,18,2026-08,2026-08-10T18:00,30.7,31.5,32.3,19.0,25.0,28.0
W08,Chiba Chiba,35.61,140.12,2026-08-09T18:00,2026-08-10,19,2026-08,2026-08-10T19:00,28.1,28.9,29.7,0.0,0.0,0.0
W08,Chiba Chiba,35.61,140.12,2026-08-09T18:00,2026-08-10,20,2026-08,2026-08-10T20:00,27.9,28.7,29.5,0.0,0.0,0.0
W08,Chiba Chiba,35.61,140.12,2026-08-09T18:00,2026-08-10,21,2026-08,2026-08-10T21:00,27.5,28.3,29.1,0.0,0.0,0.0
W08,Chiba Chiba,35.61,140.12,2026-08-09T18:00,2026-08-10,22,2026-08,2026-08-10T22:00,28.0,28.8,29.6,0.0,0.0,0.0
W08,Chiba Chiba,35.61,140.12,2026-08-09T18:00,2026-08-10,23,2026-08,2026-08-10T23:00,26.9,27.7,28.5,0.0,0.0,0.0
W09,Ibaraki Tsukuba,36.08,140.08,2026-08-09T18:00,2026-08-10,0,2026-08,2026-08-10T00:00,26.4,27.2,28.0,0.0,0.0,0.0
W09,Ibaraki Tsukuba,36.08,140.08,2026-08-09T18:00,2026-08-10,1,2026-08,2026-08-10T01:00,27.2,28.0,28.8,0.0,0.0,0.0
W09,Ibaraki Tsukuba,36.08,140.08,2026-08-09T18:00,2026-08-10,2,2026-08,2026-08-10T02:00,25.4,26.2,27.0,0.0,0.0,0.0
W09,Ibaraki Tsukuba,36.08,140.08,2026-08-09T18:00,2026-08-10,3,2026-08,2026-08-10T03:00,26.1,26.9,27.7,0.0,0.0,0.0
W09,Ibaraki Tsukuba,36.08,140.08,2026-08-09T18:00,2026-08-10,4,2026-08,2026-08-10T04:00,26.2,27.0,27.8,0.0,0.0,0.0
W09,Ibaraki Tsukuba,36.08,140.08,2026-08-09T18:00,2026-08-10,5,2026-08,2026-08-10T05:00,25.8,26.6,27.4,37.0,48.0,54.0
W09,Ibaraki Tsukuba,36.08,140.08,2026-08-09T18:00,2026-08-10,6,2026-08,2026-08-10T06:00,26.1,26.9,27.7,143.0,183.0,205.0
W09,Ibaraki Tsukuba,36.08,140.08,2026-08-09T18:00,2026-08-10,7,2026-08,2026-08-10T07:00,26.4,27.2,28.0,254.0,326.0,365.0
W09,Ibaraki Tsukuba,36.08,140.08,2026-08-09T18:00,2026-08-10,8,2026-08,2026-08-10T08:00,27.5,28.3,29.1,353.0,453.0,507.0
W09,Ibaraki Tsukuba,36.08,140.08,2026-08-09T18:00,2026-08-10,9,2026-08,2026-08-10T09:00,29.4,30.2,31.0,464.0,595.0,667.0
W09,Ibaraki Tsukuba,36.08,140.08,2026-08-09T18:00,2026-08-10,10,2026-08,2026-08-10T10:00,29.9,30.7,31.5,509.0,653.0,731.0
W09,Ibaraki Tsukuba,36.08,140.08,2026-08-09T18:00,2026-08-10,11,2026-08,2026-08-10T11:00,31.0,31.8,32.6,533.0,683.0,765.0
W09,Ibaraki Tsukuba,36.08,140.08,2026-08-09T18:00,2026-08-10,12,2026-08,2026-08-10T12:00,32.2,33.0,33.8,556.0,713.0,799.0
W09,Ibaraki Tsukuba,36.08,140.08,2026-08-09T18:00,2026-08-10,13,2026-08,2026-08-10T13:00,32.5,33.3,34.1,477.0,612.0,685.0
W09,Ibaraki Tsukuba,36.08,140.08,2026-08-09T18:00,2026-08-10,14,2026-08,2026-08-10T14:00,33.8,34.6,35.4,456.0,584.0,655.0
W09,Ibaraki Tsukuba,36.08,140.08,2026-08-09T18:00,2026-08-10,15,2026-08,2026-08-10T15:00,31.4,32.2,33.0,345.0,442.0,495.0
W09,Ibaraki Tsukuba,36.08,140.08,2026-08-09T18:00,2026-08-10,16,2026-08,2026-08-10T16:00,32.3,33.1,33.9,241.0,308.0,345.0
W09,Ibaraki Tsukuba,36.08,140.08,2026-08-09T18:00,2026-08-10,17,2026-08,2026-08-10T17:00,29.9,30.7,31.5,116.0,149.0,167.0
W09,Ibaraki Tsukuba,36.08,140.08,2026-08-09T18:00,2026-08-10,18,2026-08,2026-08-10T18:00,31.4,32.2,33.0,19.0,24.0,27.0
W09,Ibaraki Tsukuba,36.08,140.08,2026-08-09T18:00,2026-08-10,19,2026-08,2026-08-10T19:00,28.8,29.6,30.4,0.0,0.0,0.0
W09,Ibaraki Tsukuba,36.08,140.08,2026-08-09T18:00,2026-08-10,20,2026-08,2026-08-10T20:00,28.6,29.4,30.2,0.0,0.0,0.0
W09,Ibaraki Tsukuba,36.08,140.08,2026-08-09T18:00,2026-08-10,21,2026-08,2026-08-10T21:00,28.2,29.0,29.8,0.0,0.0,0.0
W09,Ibaraki Tsukuba,36.08,140.08,2026-08-09T18:00,2026-08-10,22,2026-08,2026-08-10T22:00,28.7,29.5,30.3,0.0,0.0,0.0
W09,Ibaraki Tsukuba,36.08,140.08,2026-08-09T18:00,2026-08-10,23,2026-08,2026-08-10T23:00,27.6,28.4,29.2,0.0,0.0,0.0
W10,Gunma Maebashi,36.39,139.06,2026-08-09T18:00,2026-08-10,0,2026-08,2026-08-10T00:00,27.7,28.5,29.3,0.0,0.0,0.0
W10,Gunma Maebashi,36.39,139.06,2026-08-09T18:00,2026-08-10,1,2026-08,2026-08-10T01:00,28.5,29.3,30.1,0.0,0.0,0.0
W10,Gunma Maebashi,36.39,139.06,2026-08-09T18:00,2026-08-10,2,2026-08,2026-08-10T02:00,26.7,27.5,28.3,0.0,0.0,0.0
W10,Gunma Maebashi,36.39,139.06,2026-08-09T18:00,2026-08-10,3,2026-08,2026-08-10T03:00,27.4,28.2,29.0,0.0,0.0,0.0
W10,Gunma Maebashi,36.39,139.06,2026-08-09T18:00,2026-08-10,4,2026-08,2026-08-10T04:00,27.5,28.3,29.1,0.0,0.0,0.0
W10,Gunma Maebashi,36.39,139.06,2026-08-09T18:00,2026-08-10,5,2026-08,2026-08-10T05:00,27.1,27.9,28.7,37.0,48.0,53.0
W10,Gunma Maebashi,36.39,139.06,2026-08-09T18:00,2026-08-10,6,2026-08,2026-08-10T06:00,27.4,28.2,29.0,141.0,181.0,203.0
W10,Gunma Maebashi,36.39,139.06,2026-08-09T18:00,2026-08-10,7,2026-08,2026-08-10T07:00,27.7,28.5,29.3,248.0,318.0,356.0
W10,Gunma Maebashi,36.39,139.06,2026-08-09T18:00,2026-08-10,8,2026-08,2026-08-10T08:00,28.8,29.6,30.4,351.0,450.0,504.0
W10,Gunma Maebashi,36.39,139.06,2026-08-09T18:00,2026-08-10,9,2026-08,2026-08-10T09:00,30.7,31.5,32.3,466.0,598.0,669.0
W10,Gunma Maebashi,36.39,139.06,2026-08-09T18:00,2026-08-10,10,2026-08,2026-08-10T10:00,31.2,32.0,32.8,546.0,700.0,784.0
W10,Gunma Maebashi,36.39,139.06,2026-08-09T18:00,2026-08-10,11,2026-08,2026-08-10T11:00,32.3,33.1,33.9,552.0,708.0,793.0
W10,Gunma Maebashi,36.39,139.06,2026-08-09T18:00,2026-08-10,12,2026-08,2026-08-10T12:00,33.5,34.3,35.1,531.0,681.0,763.0
W10,Gunma Maebashi,36.39,139.06,2026-08-09T18:00,2026-08-10,13,2026-08,2026-08-10T13:00,33.8,34.6,35.4,510.0,653.0,732.0
W10,Gunma Maebashi,36.39,139.06,2026-08-09T18:00,2026-08-10,14,2026-08,2026-08-10T14:00,35.1,35.9,36.7,444.0,569.0,637.0
W10,Gunma Maebashi,36.39,139.06,2026-08-09T18:00,2026-08-10,15,2026-08,2026-08-10T15:00,32.7,33.5,34.3,337.0,432.0,484.0
W10,Gunma Maebashi,36.39,139.06,2026-08-09T18:00,2026-08-10,16,2026-08,2026-08-10T16:00,33.6,34.4,35.2,233.0,299.0,335.0
W10,Gunma Maebashi,36.39,139.06,2026-08-09T18:00,2026-08-10,17,2026-08,2026-08-10T17:00,31.2,32.0,32.8,114.0,147.0,164.0
W10,Gunma Maebashi,36.39,139.06,2026-08-09T18:00,2026-08-10,18,2026-08,2026-08-10T18:00,32.7,33.5,34.3,18.0,23.0,26.0
W10,Gunma Maebashi,36.39,139.06,2026-08-09T18:00,2026-08-10,19,2026-08,2026-08-10T19:00,30.1,30.9,31.7,0.0,0.0,0.0
W10,Gunma Maebashi,36.39,139.06,2026-08-09T18:00,2026-08-10,20,2026-08,2026-08-10T20:00,29.9,30.7,31.5,0.0,0.0,0.0
W10,Gunma Maebashi,36.39,139.06,2026-08-09T18:00,2026-08-10,21,2026-08,2026-08-10T21:00,29.5,30.3,31.1,0.0,0.0,0.0
W10,Gunma Maebashi,36.39,139.06,2026-08-09T18:00,2026-08-10,22,2026-08,2026-08-10T22:00,30.0,30.8,31.6,0.0,0.0,0.0
W10,Gunma Maebashi,36.39,139.06,2026-08-09T18:00,2026-08-10,23,2026-08,2026-08-10T23:00,28.9,29.7,30.5,0.0,0.0,0.0
W01,Tokyo Otemachi,35.69,139.76,2026-08-10T18:00,2026-08-11,0,2026-08,2026-08-11T00:00,26.0,26.8,27.6,0.0,0.0,0.0
W01,Tokyo Otemachi,35.69,139.76,2026-08-10T18:00,2026-08-11,1,2026-08,2026-08-11T01:00,25.7,26.5,27.3,0.0,0.0,0.0
W01,Tokyo Otemachi,35.69,139.76,2026-08-10T18:00,2026-08-11,2,2026-08,2026-08-11T02:00,25.9,26.7,27.5,0.0,0.0,0.0
W01,Tokyo Otemachi,35.69,139.76,2026-08-10T18:00,2026-08-11,3,2026-08,2026-08-11T03:00,24.9,25.7,26.5,0.0,0.0,0.0
W01,Tokyo Otemachi,35.69,139.76,2026-08-10T18:00,2026-08-11,4,2026-08,2026-08-11T04:00,24.8,25.6,26.4,0.0,0.0,0.0
W01,Tokyo Otemachi,35.69,139.76,2026-08-10T18:00,2026-08-11,5,2026-08,2026-08-11T05:00,24.9,25.7,26.5,31.0,40.0,44.0
W01,Tokyo Otemachi,35.69,139.76,2026-08-10T18:00,2026-08-11,6,2026-08,2026-08-11T06:00,25.3,26.1,26.9,127.0,163.0,182.0
W01,Tokyo Otemachi,35.69,139.76,2026-08-10T18:00,2026-08-11,7,2026-08,2026-08-11T07:00,26.5,27.3,28.1,220.0,281.0,315.0
W01,Tokyo Otemachi,35.69,139.76,2026-08-10T18:00,2026-08-11,8,2026-08,2026-08-11T08:00,28.3,29.1,29.9,321.0,412.0,462.0
W01,Tokyo Otemachi,35.69,139.76,2026-08-10T18:00,2026-08-11,9,2026-08,2026-08-11T09:00,27.8,28.6,29.4,379.0,485.0,544.0
W01,Tokyo Otemachi,35.69,139.76,2026-08-10T18:00,2026-08-11,10,2026-08,2026-08-11T10:00,29.1,29.9,30.7,434.0,556.0,623.0
W01,Tokyo Otemachi,35.69,139.76,2026-08-10T18:00,2026-08-11,11,2026-08,2026-08-11T11:00,31.1,31.9,32.7,460.0,590.0,660.0
W01,Tokyo Otemachi,35.69,139.76,2026-08-10T18:00,2026-08-11,12,2026-08,2026-08-11T12:00,31.6,32.4,33.2,452.0,579.0,649.0
W01,Tokyo Otemachi,35.69,139.76,2026-08-10T18:00,2026-08-11,13,2026-08,2026-08-11T13:00,32.6,33.4,34.2,425.0,545.0,611.0
W01,Tokyo Otemachi,35.69,139.76,2026-08-10T18:00,2026-08-11,14,2026-08,2026-08-11T14:00,33.2,34.0,34.8,374.0,480.0,537.0
W01,Tokyo Otemachi,35.69,139.76,2026-08-10T18:00,2026-08-11,15,2026-08,2026-08-11T15:00,32.3,33.1,33.9,287.0,367.0,412.0
W01,Tokyo Otemachi,35.69,139.76,2026-08-10T18:00,2026-08-11,16,2026-08,2026-08-11T16:00,32.2,33.0,33.8,201.0,258.0,289.0
W01,Tokyo Otemachi,35.69,139.76,2026-08-10T18:00,2026-08-11,17,2026-08,2026-08-11T17:00,30.9,31.7,32.5,106.0,136.0,152.0
W01,Tokyo Otemachi,35.69,139.76,2026-08-10T18:00,2026-08-11,18,2026-08,2026-08-11T18:00,29.3,30.1,30.9,16.0,21.0,24.0
W01,Tokyo Otemachi,35.69,139.76,2026-08-10T18:00,2026-08-11,19,2026-08,2026-08-11T19:00,30.1,30.9,31.7,0.0,0.0,0.0
W01,Tokyo Otemachi,35.69,139.76,2026-08-10T18:00,2026-08-11,20,2026-08,2026-08-11T20:00,28.9,29.7,30.5,0.0,0.0,0.0
W01,Tokyo Otemachi,35.69,139.76,2026-08-10T18:00,2026-08-11,21,2026-08,2026-08-11T21:00,28.8,29.6,30.4,0.0,0.0,0.0
W01,Tokyo Otemachi,35.69,139.76,2026-08-10T18:00,2026-08-11,22,2026-08,2026-08-11T22:00,27.1,27.9,28.7,0.0,0.0,0.0
W01,Tokyo Otemachi,35.69,139.76,2026-08-10T18:00,2026-08-11,23,2026-08,2026-08-11T23:00,27.2,28.0,28.8,0.0,0.0,0.0
W02,Tokyo Hachioji,35.66,139.32,2026-08-10T18:00,2026-08-11,0,2026-08,2026-08-11T00:00,26.6,27.4,28.2,0.0,0.0,0.0
W02,Tokyo Hachioji,35.66,139.32,2026-08-10T18:00,2026-08-11,1,2026-08,2026-08-11T01:00,26.3,27.1,27.9,0.0,0.0,0.0
W02,Tokyo Hachioji,35.66,139.32,2026-08-10T18:00,2026-08-11,2,2026-08,2026-08-11T02:00,26.5,27.3,28.1,0.0,0.0,0.0
W02,Tokyo Hachioji,35.66,139.32,2026-08-10T18:00,2026-08-11,3,2026-08,2026-08-11T03:00,25.5,26.3,27.1,0.0,0.0,0.0
W02,Tokyo Hachioji,35.66,139.32,2026-08-10T18:00,2026-08-11,4,2026-08,2026-08-11T04:00,25.4,26.2,27.0,0.0,0.0,0.0
W02,Tokyo Hachioji,35.66,139.32,2026-08-10T18:00,2026-08-11,5,2026-08,2026-08-11T05:00,25.5,26.3,27.1,31.0,40.0,45.0
W02,Tokyo Hachioji,35.66,139.32,2026-08-10T18:00,2026-08-11,6,2026-08,2026-08-11T06:00,25.9,26.7,27.5,116.0,148.0,166.0
W02,Tokyo Hachioji,35.66,139.32,2026-08-10T18:00,2026-08-11,7,2026-08,2026-08-11T07:00,27.1,27.9,28.7,213.0,273.0,305.0
W02,Tokyo Hachioji,35.66,139.32,2026-08-10T18:00,2026-08-11,8,2026-08,2026-08-11T08:00,28.9,29.7,30.5,311.0,399.0,447.0
W02,Tokyo Hachioji,35.66,139.32,2026-08-10T18:00,2026-08-11,9,2026-08,2026-08-11T09:00,28.4,29.2,30.0,374.0,480.0,537.0
W02,Tokyo Hachioji,35.66,139.32,2026-08-10T18:00,2026-08-11,10,2026-08,2026-08-11T10:00,29.7,30.5,31.3,435.0,558.0,625.0
W02,Tokyo Hachioji,35.66,139.32,2026-08-10T18:00,2026-08-11,11,2026-08,2026-08-11T11:00,31.7,32.5,33.3,465.0,596.0,667.0
W02,Tokyo Hachioji,35.66,139.32,2026-08-10T18:00,2026-08-11,12,2026-08,2026-08-11T12:00,32.2,33.0,33.8,451.0,578.0,648.0
W02,Tokyo Hachioji,35.66,139.32,2026-08-10T18:00,2026-08-11,13,2026-08,2026-08-11T13:00,33.2,34.0,34.8,441.0,565.0,633.0
W02,Tokyo Hachioji,35.66,139.32,2026-08-10T18:00,2026-08-11,14,2026-08,2026-08-11T14:00,33.8,34.6,35.4,390.0,500.0,560.0
W02,Tokyo Hachioji,35.66,139.32,2026-08-10T18:00,2026-08-11,15,2026-08,2026-08-11T15:00,32.9,33.7,34.5,285.0,366.0,410.0
W02,Tokyo Hachioji,35.66,139.32,2026-08-10T18:00,2026-08-11,16,2026-08,2026-08-11T16:00,32.8,33.6,34.4,195.0,250.0,280.0
W02,Tokyo Hachioji,35.66,139.32,2026-08-10T18:00,2026-08-11,17,2026-08,2026-08-11T17:00,31.5,32.3,33.1,102.0,130.0,146.0
W02,Tokyo Hachioji,35.66,139.32,2026-08-10T18:00,2026-08-11,18,2026-08,2026-08-11T18:00,29.9,30.7,31.5,17.0,22.0,25.0
W02,Tokyo Hachioji,35.66,139.32,2026-08-10T18:00,2026-08-11,19,2026-08,2026-08-11T19:00,30.7,31.5,32.3,0.0,0.0,0.0
W02,Tokyo Hachioji,35.66,139.32,2026-08-10T18:00,2026-08-11,20,2026-08,2026-08-11T20:00,29.5,30.3,31.1,0.0,0.0,0.0
W02,Tokyo Hachioji,35.66,139.32,2026-08-10T18:00,2026-08-11,21,2026-08,2026-08-11T21:00,29.4,30.2,31.0,0.0,0.0,0.0
W02,Tokyo Hachioji,35.66,139.32,2026-08-10T18:00,2026-08-11,22,2026-08,2026-08-11T22:00,27.7,28.5,29.3,0.0,0.0,0.0
W02,Tokyo Hachioji,35.66,139.32,2026-08-10T18:00,2026-08-11,23,2026-08,2026-08-11T23:00,27.8,28.6,29.4,0.0,0.0,0.0
W03,Kanagawa Yokohama,35.44,139.64,2026-08-10T18:00,2026-08-11,0,2026-08,2026-08-11T00:00,25.1,25.9,26.7,0.0,0.0,0.0
W03,Kanagawa Yokohama,35.44,139.64,2026-08-10T18:00,2026-08-11,1,2026-08,2026-08-11T01:00,24.8,25.6,26.4,0.0,0.0,0.0
W03,Kanagawa Yokohama,35.44,139.64,2026-08-10T18:00,2026-08-11,2,2026-08,2026-08-11T02:00,25.0,25.8,26.6,0.0,0.0,0.0
W03,Kanagawa Yokohama,35.44,139.64,2026-08-10T18:00,2026-08-11,3,2026-08,2026-08-11T03:00,24.0,24.8,25.6,0.0,0.0,0.0
W03,Kanagawa Yokohama,35.44,139.64,2026-08-10T18:00,2026-08-11,4,2026-08,2026-08-11T04:00,23.9,24.7,25.5,0.0,0.0,0.0
W03,Kanagawa Yokohama,35.44,139.64,2026-08-10T18:00,2026-08-11,5,2026-08,2026-08-11T05:00,24.0,24.8,25.6,30.0,39.0,43.0
W03,Kanagawa Yokohama,35.44,139.64,2026-08-10T18:00,2026-08-11,6,2026-08,2026-08-11T06:00,24.4,25.2,26.0,119.0,153.0,171.0
W03,Kanagawa Yokohama,35.44,139.64,2026-08-10T18:00,2026-08-11,7,2026-08,2026-08-11T07:00,25.6,26.4,27.2,227.0,291.0,326.0
W03,Kanagawa Yokohama,35.44,139.64,2026-08-10T18:00,2026-08-11,8,2026-08,2026-08-11T08:00,27.4,28.2,29.0,301.0,385.0,432.0
W03,Kanagawa Yokohama,35.44,139.64,2026-08-10T18:00,2026-08-11,9,2026-08,2026-08-11T09:00,26.9,27.7,28.5,379.0,486.0,544.0
W03,Kanagawa Yokohama,35.44,139.64,2026-08-10T18:00,2026-08-11,10,2026-08,2026-08-11T10:00,28.2,29.0,29.8,451.0,578.0,647.0
W03,Kanagawa Yokohama,35.44,139.64,2026-08-10T18:00,2026-08-11,11,2026-08,2026-08-11T11:00,30.2,31.0,31.8,451.0,578.0,647.0
W03,Kanagawa Yokohama,35.44,139.64,2026-08-10T18:00,2026-08-11,12,2026-08,2026-08-11T12:00,30.7,31.5,32.3,462.0,592.0,663.0
W03,Kanagawa Yokohama,35.44,139.64,2026-08-10T18:00,2026-08-11,13,2026-08,2026-08-11T13:00,31.7,32.5,33.3,432.0,554.0,620.0
W03,Kanagawa Yokohama,35.44,139.64,2026-08-10T18:00,2026-08-11,14,2026-08,2026-08-11T14:00,32.3,33.1,33.9,360.0,461.0,516.0
W03,Kanagawa Yokohama,35.44,139.64,2026-08-10T18:00,2026-08-11,15,2026-08,2026-08-11T15:00,31.4,32.2,33.0,290.0,372.0,416.0
W03,Kanagawa Yokohama,35.44,139.64,2026-08-10T18:00,2026-08-11,16,2026-08,2026-08-11T16:00,31.3,32.1,32.9,196.0,252.0,282.0
W03,Kanagawa Yokohama,35.44,139.64,2026-08-10T18:00,2026-08-11,17,2026-08,2026-08-11T17:00,30.0,30.8,31.6,100.0,128.0,144.0
W03,Kanagawa Yokohama,35.44,139.64,2026-08-10T18:00,2026-08-11,18,2026-08,2026-08-11T18:00,28.4,29.2,30.0,17.0,22.0,24.0
W03,Kanagawa Yokohama,35.44,139.64,2026-08-10T18:00,2026-08-11,19,2026-08,2026-08-11T19:00,29.2,30.0,30.8,0.0,0.0,0.0
W03,Kanagawa Yokohama,35.44,139.64,2026-08-10T18:00,2026-08-11,20,2026-08,2026-08-11T20:00,28.0,28.8,29.6,0.0,0.0,0.0
W03,Kanagawa Yokohama,35.44,139.64,2026-08-10T18:00,2026-08-11,21,2026-08,2026-08-11T21:00,27.9,28.7,29.5,0.0,0.0,0.0
W03,Kanagawa Yokohama,35.44,139.64,2026-08-10T18:00,2026-08-11,22,2026-08,2026-08-11T22:00,26.2,27.0,27.8,0.0,0.0,0.0
W03,Kanagawa Yokohama,35.44,139.64,2026-08-10T18:00,2026-08-11,23,2026-08,2026-08-11T23:00,26.3,27.1,27.9,0.0,0.0,0.0
W04,Kanagawa Sagamihara,35.57,139.37,2026-08-10T18:00,2026-08-11,0,2026-08,2026-08-11T00:00,26.4,27.2,28.0,0.0,0.0,0.0
W04,Kanagawa Sagamihara,35.57,139.37,2026-08-10T18:00,2026-08-11,1,2026-08,2026-08-11T01:00,26.1,26.9,27.7,0.0,0.0,0.0
W04,Kanagawa Sagamihara,35.57,139.37,2026-08-10T18:00,2026-08-11,2,2026-08,2026-08-11T02:00,26.3,27.1,27.9,0.0,0.0,0.0
W04,Kanagawa Sagamihara,35.57,139.37,2026-08-10T18:00,2026-08-11,3,2026-08,2026-08-11T03:00,25.3,26.1,26.9,0.0,0.0,0.0
W04,Kanagawa Sagamihara,35.57,139.37,2026-08-10T18:00,2026-08-11,4,2026-08,2026-08-11T04:00,25.2,26.0,26.8,0.0,0.0,0.0
W04,Kanagawa Sagamihara,35.57,139.37,2026-08-10T18:00,2026-08-11,5,2026-08,2026-08-11T05:00,25.3,26.1,26.9,30.0,39.0,43.0
W04,Kanagawa Sagamihara,35.57,139.37,2026-08-10T18:00,2026-08-11,6,2026-08,2026-08-11T06:00,25.7,26.5,27.3,124.0,159.0,178.0
W04,Kanagawa Sagamihara,35.57,139.37,2026-08-10T18:00,2026-08-11,7,2026-08,2026-08-11T07:00,26.9,27.7,28.5,221.0,283.0,317.0
W04,Kanagawa Sagamihara,35.57,139.37,2026-08-10T18:00,2026-08-11,8,2026-08,2026-08-11T08:00,28.7,29.5,30.3,307.0,393.0,440.0
W04,Kanagawa Sagamihara,35.57,139.37,2026-08-10T18:00,2026-08-11,9,2026-08,2026-08-11T09:00,28.2,29.0,29.8,405.0,520.0,582.0
W04,Kanagawa Sagamihara,35.57,139.37,2026-08-10T18:00,2026-08-11,10,2026-08,2026-08-11T10:00,29.5,30.3,31.1,440.0,565.0,632.0
W04,Kanagawa Sagamihara,35.57,139.37,2026-08-10T18:00,2026-08-11,11,2026-08,2026-08-11T11:00,31.5,32.3,33.1,449.0,576.0,645.0
W04,Kanagawa Sagamihara,35.57,139.37,2026-08-10T18:00,2026-08-11,12,2026-08,2026-08-11T12:00,32.0,32.8,33.6,457.0,586.0,656.0
W04,Kanagawa Sagamihara,35.57,139.37,2026-08-10T18:00,2026-08-11,13,2026-08,2026-08-11T13:00,33.0,33.8,34.6,436.0,559.0,626.0
W04,Kanagawa Sagamihara,35.57,139.37,2026-08-10T18:00,2026-08-11,14,2026-08,2026-08-11T14:00,33.6,34.4,35.2,390.0,500.0,560.0
W04,Kanagawa Sagamihara,35.57,139.37,2026-08-10T18:00,2026-08-11,15,2026-08,2026-08-11T15:00,32.7,33.5,34.3,294.0,377.0,422.0
W04,Kanagawa Sagamihara,35.57,139.37,2026-08-10T18:00,2026-08-11,16,2026-08,2026-08-11T16:00,32.6,33.4,34.2,193.0,247.0,277.0
W04,Kanagawa Sagamihara,35.57,139.37,2026-08-10T18:00,2026-08-11,17,2026-08,2026-08-11T17:00,31.3,32.1,32.9,98.0,125.0,140.0
W04,Kanagawa Sagamihara,35.57,139.37,2026-08-10T18:00,2026-08-11,18,2026-08,2026-08-11T18:00,29.7,30.5,31.3,17.0,22.0,24.0
W04,Kanagawa Sagamihara,35.57,139.37,2026-08-10T18:00,2026-08-11,19,2026-08,2026-08-11T19:00,30.5,31.3,32.1,0.0,0.0,0.0
W04,Kanagawa Sagamihara,35.57,139.37,2026-08-10T18:00,2026-08-11,20,2026-08,2026-08-11T20:00,29.3,30.1,30.9,0.0,0.0,0.0
W04,Kanagawa Sagamihara,35.57,139.37,2026-08-10T18:00,2026-08-11,21,2026-08,2026-08-11T21:00,29.2,30.0,30.8,0.0,0.0,0.0
W04,Kanagawa Sagamihara,35.57,139.37,2026-08-10T18:00,2026-08-11,22,2026-08,2026-08-11T22:00,27.5,28.3,29.1,0.0,0.0,0.0
W04,Kanagawa Sagamihara,35.57,139.37,2026-08-10T18:00,2026-08-11,23,2026-08,2026-08-11T23:00,27.6,28.4,29.2,0.0,0.0,0.0
W05,Saitama Kumagaya,36.15,139.39,2026-08-10T18:00,2026-08-11,0,2026-08,2026-08-11T00:00,27.6,28.4,29.2,0.0,0.0,0.0
W05,Saitama Kumagaya,36.15,139.39,2026-08-10T18:00,2026-08-11,1,2026-08,2026-08-11T01:00,27.3,28.1,28.9,0.0,0.0,0.0
W05,Saitama Kumagaya,36.15,139.39,2026-08-10T18:00,2026-08-11,2,2026-08,2026-08-11T02:00,27.5,28.3,29.1,0.0,0.0,0.0
W05,Saitama Kumagaya,36.15,139.39,2026-08-10T18:00,2026-08-11,3,2026-08,2026-08-11T03:00,26.5,27.3,28.1,0.0,0.0,0.0
W05,Saitama Kumagaya,36.15,139.39,2026-08-10T18:00,2026-08-11,4,2026-08,2026-08-11T04:00,26.4,27.2,28.0,0.0,0.0,0.0
W05,Saitama Kumagaya,36.15,139.39,2026-08-10T18:00,2026-08-11,5,2026-08,2026-08-11T05:00,26.5,27.3,28.1,30.0,39.0,43.0
W05,Saitama Kumagaya,36.15,139.39,2026-08-10T18:00,2026-08-11,6,2026-08,2026-08-11T06:00,26.9,27.7,28.5,124.0,159.0,178.0
W05,Saitama Kumagaya,36.15,139.39,2026-08-10T18:00,2026-08-11,7,2026-08,2026-08-11T07:00,28.1,28.9,29.7,214.0,274.0,307.0
W05,Saitama Kumagaya,36.15,139.39,2026-08-10T18:00,2026-08-11,8,2026-08,2026-08-11T08:00,29.9,30.7,31.5,322.0,413.0,463.0
W05,Saitama Kumagaya,36.15,139.39,2026-08-10T18:00,2026-08-11,9,2026-08,2026-08-11T09:00,29.4,30.2,31.0,404.0,517.0,579.0
W05,Saitama Kumagaya,36.15,139.39,2026-08-10T18:00,2026-08-11,10,2026-08,2026-08-11T10:00,30.7,31.5,32.3,430.0,551.0,617.0
W05,Saitama Kumagaya,36.15,139.39,2026-08-10T18:00,2026-08-11,11,2026-08,2026-08-11T11:00,32.7,33.5,34.3,479.0,614.0,687.0
W05,Saitama Kumagaya,36.15,139.39,2026-08-10T18:00,2026-08-11,12,2026-08,2026-08-11T12:00,33.2,34.0,34.8,458.0,588.0,658.0
W05,Saitama Kumagaya,36.15,139.39,2026-08-10T18:00,2026-08-11,13,2026-08,2026-08-11T13:00,34.2,35.0,35.8,437.0,561.0,628.0
W05,Saitama Kumagaya,36.15,139.39,2026-08-10T18:00,2026-08-11,14,2026-08,2026-08-11T14:00,34.8,35.6,36.4,357.0,457.0,512.0
W05,Saitama Kumagaya,36.15,139.39,2026-08-10T18:00,2026-08-11,15,2026-08,2026-08-11T15:00,33.9,34.7,35.5,287.0,368.0,413.0
W05,Saitama Kumagaya,36.15,139.39,2026-08-10T18:00,2026-08-11,16,2026-08,2026-08-11T16:00,33.8,34.6,35.4,201.0,258.0,289.0
W05,Saitama Kumagaya,36.15,139.39,2026-08-10T18:00,2026-08-11,17,2026-08,2026-08-11T17:00,32.5,33.3,34.1,103.0,132.0,147.0
W05,Saitama Kumagaya,36.15,139.39,2026-08-10T18:00,2026-08-11,18,2026-08,2026-08-11T18:00,30.9,31.7,32.5,16.0,21.0,23.0
W05,Saitama Kumagaya,36.15,139.39,2026-08-10T18:00,2026-08-11,19,2026-08,2026-08-11T19:00,31.7,32.5,33.3,0.0,0.0,0.0
W05,Saitama Kumagaya,36.15,139.39,2026-08-10T18:00,2026-08-11,20,2026-08,2026-08-11T20:00,30.5,31.3,32.1,0.0,0.0,0.0
W05,Saitama Kumagaya,36.15,139.39,2026-08-10T18:00,2026-08-11,21,2026-08,2026-08-11T21:00,30.4,31.2,32.0,0.0,0.0,0.0
W05,Saitama Kumagaya,36.15,139.39,2026-08-10T18:00,2026-08-11,22,2026-08,2026-08-11T22:00,28.7,29.5,30.3,0.0,0.0,0.0
W05,Saitama Kumagaya,36.15,139.39,2026-08-10T18:00,2026-08-11,23,2026-08,2026-08-11T23:00,28.8,29.6,30.4,0.0,0.0,0.0
W06,Saitama Saitama,35.86,139.65,2026-08-10T18:00,2026-08-11,0,2026-08,2026-08-11T00:00,26.8,27.6,28.4,0.0,0.0,0.0
W06,Saitama Saitama,35.86,139.65,2026-08-10T18:00,2026-08-11,1,2026-08,2026-08-11T01:00,26.5,27.3,28.1,0.0,0.0,0.0
W06,Saitama Saitama,35.86,139.65,2026-08-10T18:00,2026-08-11,2,2026-08,2026-08-11T02:00,26.7,27.5,28.3,0.0,0.0,0.0
W06,Saitama Saitama,35.86,139.65,2026-08-10T18:00,2026-08-11,3,2026-08,2026-08-11T03:00,25.7,26.5,27.3,0.0,0.0,0.0
W06,Saitama Saitama,35.86,139.65,2026-08-10T18:00,2026-08-11,4,2026-08,2026-08-11T04:00,25.6,26.4,27.2,0.0,0.0,0.0
W06,Saitama Saitama,35.86,139.65,2026-08-10T18:00,2026-08-11,5,2026-08,2026-08-11T05:00,25.7,26.5,27.3,31.0,39.0,44.0
W06,Saitama Saitama,35.86,139.65,2026-08-10T18:00,2026-08-11,6,2026-08,2026-08-11T06:00,26.1,26.9,27.7,120.0,154.0,173.0
W06,Saitama Saitama,35.86,139.65,2026-08-10T18:00,2026-08-11,7,2026-08,2026-08-11T07:00,27.3,28.1,28.9,219.0,281.0,315.0
W06,Saitama Saitama,35.86,139.65,2026-08-10T18:00,2026-08-11,8,2026-08,2026-08-11T08:00,29.1,29.9,30.7,303.0,388.0,434.0
W06,Saitama Saitama,35.86,139.65,2026-08-10T18:00,2026-08-11,9,2026-08,2026-08-11T09:00,28.6,29.4,30.2,380.0,488.0,546.0
W06,Saitama Saitama,35.86,139.65,2026-08-10T18:00,2026-08-11,10,2026-08,2026-08-11T10:00,29.9,30.7,31.5,443.0,568.0,637.0
W06,Saitama Saitama,35.86,139.65,2026-08-10T18:00,2026-08-11,11,2026-08,2026-08-11T11:00,31.9,32.7,33.5,463.0,594.0,665.0
W06,Saitama Saitama,35.86,139.65,2026-08-10T18:00,2026-08-11,12,2026-08,2026-08-11T12:00,32.4,33.2,34.0,491.0,630.0,705.0
W06,Saitama Saitama,35.86,139.65,2026-08-10T18:00,2026-08-11,13,2026-08,2026-08-11T13:00,33.4,34.2,35.0,443.0,567.0,636.0
W06,Saitama Saitama,35.86,139.65,2026-08-10T18:00,2026-08-11,14,2026-08,2026-08-11T14:00,34.0,34.8,35.6,370.0,474.0,531.0
W06,Saitama Saitama,35.86,139.65,2026-08-10T18:00,2026-08-11,15,2026-08,2026-08-11T15:00,33.1,33.9,34.7,286.0,366.0,410.0
W06,Saitama Saitama,35.86,139.65,2026-08-10T18:00,2026-08-11,16,2026-08,2026-08-11T16:00,33.0,33.8,34.6,200.0,256.0,287.0
W06,Saitama Saitama,35.86,139.65,2026-08-10T18:00,2026-08-11,17,2026-08,2026-08-11T17:00,31.7,32.5,33.3,101.0,129.0,145.0
W06,Saitama Saitama,35.86,139.65,2026-08-10T18:00,2026-08-11,18,2026-08,2026-08-11T18:00,30.1,30.9,31.7,17.0,22.0,24.0
W06,Saitama Saitama,35.86,139.65,2026-08-10T18:00,2026-08-11,19,2026-08,2026-08-11T19:00,30.9,31.7,32.5,0.0,0.0,0.0
W06,Saitama Saitama,35.86,139.65,2026-08-10T18:00,2026-08-11,20,2026-08,2026-08-11T20:00,29.7,30.5,31.3,0.0,0.0,0.0
W06,Saitama Saitama,35.86,139.65,2026-08-10T18:00,2026-08-11,21,2026-08,2026-08-11T21:00,29.6,30.4,31.2,0.0,0.0,0.0
W06,Saitama Saitama,35.86,139.65,2026-08-10T18:00,2026-08-11,22,2026-08,2026-08-11T22:00,27.9,28.7,29.5,0.0,0.0,0.0
W06,Saitama Saitama,35.86,139.65,2026-08-10T18:00,2026-08-11,23,2026-08,2026-08-11T23:00,28.0,28.8,29.6,0.0,0.0,0.0
W07,Chiba Inzai,35.83,140.15,2026-08-10T18:00,2026-08-11,0,2026-08,2026-08-11T00:00,25.8,26.6,27.4,0.0,0.0,0.0
W07,Chiba Inzai,35.83,140.15,2026-08-10T18:00,2026-08-11,1,2026-08,2026-08-11T01:00,25.5,26.3,27.1,0.0,0.0,0.0
W07,Chiba Inzai,35.83,140.15,2026-08-10T18:00,2026-08-11,2,2026-08,2026-08-11T02:00,25.7,26.5,27.3,0.0,0.0,0.0
W07,Chiba Inzai,35.83,140.15,2026-08-10T18:00,2026-08-11,3,2026-08,2026-08-11T03:00,24.7,25.5,26.3,0.0,0.0,0.0
W07,Chiba Inzai,35.83,140.15,2026-08-10T18:00,2026-08-11,4,2026-08,2026-08-11T04:00,24.6,25.4,26.2,0.0,0.0,0.0
W07,Chiba Inzai,35.83,140.15,2026-08-10T18:00,2026-08-11,5,2026-08,2026-08-11T05:00,24.7,25.5,26.3,31.0,39.0,44.0
W07,Chiba Inzai,35.83,140.15,2026-08-10T18:00,2026-08-11,6,2026-08,2026-08-11T06:00,25.1,25.9,26.7,118.0,152.0,170.0
W07,Chiba Inzai,35.83,140.15,2026-08-10T18:00,2026-08-11,7,2026-08,2026-08-11T07:00,26.3,27.1,27.9,214.0,274.0,307.0
W07,Chiba Inzai,35.83,140.15,2026-08-10T18:00,2026-08-11,8,2026-08,2026-08-11T08:00,28.1,28.9,29.7,310.0,398.0,446.0
W07,Chiba Inzai,35.83,140.15,2026-08-10T18:00,2026-08-11,9,2026-08,2026-08-11T09:00,27.6,28.4,29.2,381.0,488.0,546.0
W07,Chiba Inzai,35.83,140.15,2026-08-10T18:00,2026-08-11,10,2026-08,2026-08-11T10:00,28.9,29.7,30.5,451.0,578.0,647.0
W07,Chiba Inzai,35.83,140.15,2026-08-10T18:00,2026-08-11,11,2026-08,2026-08-11T11:00,30.9,31.7,32.5,468.0,600.0,672.0
W07,Chiba Inzai,35.83,140.15,2026-08-10T18:00,2026-08-11,12,2026-08,2026-08-11T12:00,31.4,32.2,33.0,480.0,616.0,690.0
W07,Chiba Inzai,35.83,140.15,2026-08-10T18:00,2026-08-11,13,2026-08,2026-08-11T13:00,32.4,33.2,34.0,424.0,543.0,609.0
W07,Chiba Inzai,35.83,140.15,2026-08-10T18:00,2026-08-11,14,2026-08,2026-08-11T14:00,33.0,33.8,34.6,366.0,469.0,525.0
W07,Chiba Inzai,35.83,140.15,2026-08-10T18:00,2026-08-11,15,2026-08,2026-08-11T15:00,32.1,32.9,33.7,296.0,380.0,426.0
W07,Chiba Inzai,35.83,140.15,2026-08-10T18:00,2026-08-11,16,2026-08,2026-08-11T16:00,32.0,32.8,33.6,182.0,234.0,262.0
W07,Chiba Inzai,35.83,140.15,2026-08-10T18:00,2026-08-11,17,2026-08,2026-08-11T17:00,30.7,31.5,32.3,97.0,125.0,140.0
W07,Chiba Inzai,35.83,140.15,2026-08-10T18:00,2026-08-11,18,2026-08,2026-08-11T18:00,29.1,29.9,30.7,16.0,21.0,23.0
W07,Chiba Inzai,35.83,140.15,2026-08-10T18:00,2026-08-11,19,2026-08,2026-08-11T19:00,29.9,30.7,31.5,0.0,0.0,0.0
W07,Chiba Inzai,35.83,140.15,2026-08-10T18:00,2026-08-11,20,2026-08,2026-08-11T20:00,28.7,29.5,30.3,0.0,0.0,0.0
W07,Chiba Inzai,35.83,140.15,2026-08-10T18:00,2026-08-11,21,2026-08,2026-08-11T21:00,28.6,29.4,30.2,0.0,0.0,0.0
W07,Chiba Inzai,35.83,140.15,2026-08-10T18:00,2026-08-11,22,2026-08,2026-08-11T22:00,26.9,27.7,28.5,0.0,0.0,0.0
W07,Chiba Inzai,35.83,140.15,2026-08-10T18:00,2026-08-11,23,2026-08,2026-08-11T23:00,27.0,27.8,28.6,0.0,0.0,0.0
W08,Chiba Chiba,35.61,140.12,2026-08-10T18:00,2026-08-11,0,2026-08,2026-08-11T00:00,25.2,26.0,26.8,0.0,0.0,0.0
W08,Chiba Chiba,35.61,140.12,2026-08-10T18:00,2026-08-11,1,2026-08,2026-08-11T01:00,24.9,25.7,26.5,0.0,0.0,0.0
W08,Chiba Chiba,35.61,140.12,2026-08-10T18:00,2026-08-11,2,2026-08,2026-08-11T02:00,25.1,25.9,26.7,0.0,0.0,0.0
W08,Chiba Chiba,35.61,140.12,2026-08-10T18:00,2026-08-11,3,2026-08,2026-08-11T03:00,24.1,24.9,25.7,0.0,0.0,0.0
W08,Chiba Chiba,35.61,140.12,2026-08-10T18:00,2026-08-11,4,2026-08,2026-08-11T04:00,24.0,24.8,25.6,0.0,0.0,0.0
W08,Chiba Chiba,35.61,140.12,2026-08-10T18:00,2026-08-11,5,2026-08,2026-08-11T05:00,24.1,24.9,25.7,30.0,38.0,43.0
W08,Chiba Chiba,35.61,140.12,2026-08-10T18:00,2026-08-11,6,2026-08,2026-08-11T06:00,24.5,25.3,26.1,123.0,157.0,176.0
W08,Chiba Chiba,35.61,140.12,2026-08-10T18:00,2026-08-11,7,2026-08,2026-08-11T07:00,25.7,26.5,27.3,227.0,291.0,325.0
W08,Chiba Chiba,35.61,140.12,2026-08-10T18:00,2026-08-11,8,2026-08,2026-08-11T08:00,27.5,28.3,29.1,296.0,379.0,425.0
W08,Chiba Chiba,35.61,140.12,2026-08-10T18:00,2026-08-11,9,2026-08,2026-08-11T09:00,27.0,27.8,28.6,386.0,494.0,554.0
W08,Chiba Chiba,35.61,140.12,2026-08-10T18:00,2026-08-11,10,2026-08,2026-08-11T10:00,28.3,29.1,29.9,430.0,552.0,618.0
W08,Chiba Chiba,35.61,140.12,2026-08-10T18:00,2026-08-11,11,2026-08,2026-08-11T11:00,30.3,31.1,31.9,445.0,571.0,639.0
W08,Chiba Chiba,35.61,140.12,2026-08-10T18:00,2026-08-11,12,2026-08,2026-08-11T12:00,30.8,31.6,32.4,479.0,614.0,687.0
W08,Chiba Chiba,35.61,140.12,2026-08-10T18:00,2026-08-11,13,2026-08,2026-08-11T13:00,31.8,32.6,33.4,430.0,551.0,617.0
W08,Chiba Chiba,35.61,140.12,2026-08-10T18:00,2026-08-11,14,2026-08,2026-08-11T14:00,32.4,33.2,34.0,375.0,481.0,538.0
W08,Chiba Chiba,35.61,140.12,2026-08-10T18:00,2026-08-11,15,2026-08,2026-08-11T15:00,31.5,32.3,33.1,276.0,354.0,397.0
W08,Chiba Chiba,35.61,140.12,2026-08-10T18:00,2026-08-11,16,2026-08,2026-08-11T16:00,31.4,32.2,33.0,200.0,257.0,287.0
W08,Chiba Chiba,35.61,140.12,2026-08-10T18:00,2026-08-11,17,2026-08,2026-08-11T17:00,30.1,30.9,31.7,97.0,125.0,140.0
W08,Chiba Chiba,35.61,140.12,2026-08-10T18:00,2026-08-11,18,2026-08,2026-08-11T18:00,28.5,29.3,30.1,17.0,22.0,24.0
W08,Chiba Chiba,35.61,140.12,2026-08-10T18:00,2026-08-11,19,2026-08,2026-08-11T19:00,29.3,30.1,30.9,0.0,0.0,0.0
W08,Chiba Chiba,35.61,140.12,2026-08-10T18:00,2026-08-11,20,2026-08,2026-08-11T20:00,28.1,28.9,29.7,0.0,0.0,0.0
W08,Chiba Chiba,35.61,140.12,2026-08-10T18:00,2026-08-11,21,2026-08,2026-08-11T21:00,28.0,28.8,29.6,0.0,0.0,0.0
W08,Chiba Chiba,35.61,140.12,2026-08-10T18:00,2026-08-11,22,2026-08,2026-08-11T22:00,26.3,27.1,27.9,0.0,0.0,0.0
W08,Chiba Chiba,35.61,140.12,2026-08-10T18:00,2026-08-11,23,2026-08,2026-08-11T23:00,26.4,27.2,28.0,0.0,0.0,0.0
W09,Ibaraki Tsukuba,36.08,140.08,2026-08-10T18:00,2026-08-11,0,2026-08,2026-08-11T00:00,25.9,26.7,27.5,0.0,0.0,0.0
W09,Ibaraki Tsukuba,36.08,140.08,2026-08-10T18:00,2026-08-11,1,2026-08,2026-08-11T01:00,25.6,26.4,27.2,0.0,0.0,0.0
W09,Ibaraki Tsukuba,36.08,140.08,2026-08-10T18:00,2026-08-11,2,2026-08,2026-08-11T02:00,25.8,26.6,27.4,0.0,0.0,0.0
W09,Ibaraki Tsukuba,36.08,140.08,2026-08-10T18:00,2026-08-11,3,2026-08,2026-08-11T03:00,24.8,25.6,26.4,0.0,0.0,0.0
W09,Ibaraki Tsukuba,36.08,140.08,2026-08-10T18:00,2026-08-11,4,2026-08,2026-08-11T04:00,24.7,25.5,26.3,0.0,0.0,0.0
W09,Ibaraki Tsukuba,36.08,140.08,2026-08-10T18:00,2026-08-11,5,2026-08,2026-08-11T05:00,24.8,25.6,26.4,32.0,41.0,46.0
W09,Ibaraki Tsukuba,36.08,140.08,2026-08-10T18:00,2026-08-11,6,2026-08,2026-08-11T06:00,25.2,26.0,26.8,116.0,149.0,167.0
W09,Ibaraki Tsukuba,36.08,140.08,2026-08-10T18:00,2026-08-11,7,2026-08,2026-08-11T07:00,26.4,27.2,28.0,221.0,284.0,318.0
W09,Ibaraki Tsukuba,36.08,140.08,2026-08-10T18:00,2026-08-11,8,2026-08,2026-08-11T08:00,28.2,29.0,29.8,299.0,383.0,429.0
W09,Ibaraki Tsukuba,36.08,140.08,2026-08-10T18:00,2026-08-11,9,2026-08,2026-08-11T09:00,27.7,28.5,29.3,386.0,495.0,555.0
W09,Ibaraki Tsukuba,36.08,140.08,2026-08-10T18:00,2026-08-11,10,2026-08,2026-08-11T10:00,29.0,29.8,30.6,437.0,561.0,628.0
W09,Ibaraki Tsukuba,36.08,140.08,2026-08-10T18:00,2026-08-11,11,2026-08,2026-08-11T11:00,31.0,31.8,32.6,445.0,570.0,639.0
W09,Ibaraki Tsukuba,36.08,140.08,2026-08-10T18:00,2026-08-11,12,2026-08,2026-08-11T12:00,31.5,32.3,33.1,462.0,593.0,664.0
W09,Ibaraki Tsukuba,36.08,140.08,2026-08-10T18:00,2026-08-11,13,2026-08,2026-08-11T13:00,32.5,33.3,34.1,430.0,552.0,618.0
W09,Ibaraki Tsukuba,36.08,140.08,2026-08-10T18:00,2026-08-11,14,2026-08,2026-08-11T14:00,33.1,33.9,34.7,375.0,481.0,538.0
W09,Ibaraki Tsukuba,36.08,140.08,2026-08-10T18:00,2026-08-11,15,2026-08,2026-08-11T15:00,32.2,33.0,33.8,298.0,382.0,427.0
W09,Ibaraki Tsukuba,36.08,140.08,2026-08-10T18:00,2026-08-11,16,2026-08,2026-08-11T16:00,32.1,32.9,33.7,200.0,257.0,287.0
W09,Ibaraki Tsukuba,36.08,140.08,2026-08-10T18:00,2026-08-11,17,2026-08,2026-08-11T17:00,30.8,31.6,32.4,102.0,130.0,146.0
W09,Ibaraki Tsukuba,36.08,140.08,2026-08-10T18:00,2026-08-11,18,2026-08,2026-08-11T18:00,29.2,30.0,30.8,16.0,21.0,24.0
W09,Ibaraki Tsukuba,36.08,140.08,2026-08-10T18:00,2026-08-11,19,2026-08,2026-08-11T19:00,30.0,30.8,31.6,0.0,0.0,0.0
W09,Ibaraki Tsukuba,36.08,140.08,2026-08-10T18:00,2026-08-11,20,2026-08,2026-08-11T20:00,28.8,29.6,30.4,0.0,0.0,0.0
W09,Ibaraki Tsukuba,36.08,140.08,2026-08-10T18:00,2026-08-11,21,2026-08,2026-08-11T21:00,28.7,29.5,30.3,0.0,0.0,0.0
W09,Ibaraki Tsukuba,36.08,140.08,2026-08-10T18:00,2026-08-11,22,2026-08,2026-08-11T22:00,27.0,27.8,28.6,0.0,0.0,0.0
W09,Ibaraki Tsukuba,36.08,140.08,2026-08-10T18:00,2026-08-11,23,2026-08,2026-08-11T23:00,27.1,27.9,28.7,0.0,0.0,0.0
W10,Gunma Maebashi,36.39,139.06,2026-08-10T18:00,2026-08-11,0,2026-08,2026-08-11T00:00,27.2,28.0,28.8,0.0,0.0,0.0
W10,Gunma Maebashi,36.39,139.06,2026-08-10T18:00,2026-08-11,1,2026-08,2026-08-11T01:00,26.9,27.7,28.5,0.0,0.0,0.0
W10,Gunma Maebashi,36.39,139.06,2026-08-10T18:00,2026-08-11,2,2026-08,2026-08-11T02:00,27.1,27.9,28.7,0.0,0.0,0.0
W10,Gunma Maebashi,36.39,139.06,2026-08-10T18:00,2026-08-11,3,2026-08,2026-08-11T03:00,26.1,26.9,27.7,0.0,0.0,0.0
W10,Gunma Maebashi,36.39,139.06,2026-08-10T18:00,2026-08-11,4,2026-08,2026-08-11T04:00,26.0,26.8,27.6,0.0,0.0,0.0
W10,Gunma Maebashi,36.39,139.06,2026-08-10T18:00,2026-08-11,5,2026-08,2026-08-11T05:00,26.1,26.9,27.7,32.0,41.0,46.0
W10,Gunma Maebashi,36.39,139.06,2026-08-10T18:00,2026-08-11,6,2026-08,2026-08-11T06:00,26.5,27.3,28.1,119.0,152.0,170.0
W10,Gunma Maebashi,36.39,139.06,2026-08-10T18:00,2026-08-11,7,2026-08,2026-08-11T07:00,27.7,28.5,29.3,213.0,273.0,305.0
W10,Gunma Maebashi,36.39,139.06,2026-08-10T18:00,2026-08-11,8,2026-08,2026-08-11T08:00,29.5,30.3,31.1,297.0,381.0,426.0
W10,Gunma Maebashi,36.39,139.06,2026-08-10T18:00,2026-08-11,9,2026-08,2026-08-11T09:00,29.0,29.8,30.6,379.0,486.0,545.0
W10,Gunma Maebashi,36.39,139.06,2026-08-10T18:00,2026-08-11,10,2026-08,2026-08-11T10:00,30.3,31.1,31.9,473.0,607.0,679.0
W10,Gunma Maebashi,36.39,139.06,2026-08-10T18:00,2026-08-11,11,2026-08,2026-08-11T11:00,32.3,33.1,33.9,474.0,607.0,680.0
W10,Gunma Maebashi,36.39,139.06,2026-08-10T18:00,2026-08-11,12,2026-08,2026-08-11T12:00,32.8,33.6,34.4,459.0,589.0,660.0
W10,Gunma Maebashi,36.39,139.06,2026-08-10T18:00,2026-08-11,13,2026-08,2026-08-11T13:00,33.8,34.6,35.4,421.0,539.0,604.0
W10,Gunma Maebashi,36.39,139.06,2026-08-10T18:00,2026-08-11,14,2026-08,2026-08-11T14:00,34.4,35.2,36.0,368.0,472.0,529.0
W10,Gunma Maebashi,36.39,139.06,2026-08-10T18:00,2026-08-11,15,2026-08,2026-08-11T15:00,33.5,34.3,35.1,289.0,371.0,415.0
W10,Gunma Maebashi,36.39,139.06,2026-08-10T18:00,2026-08-11,16,2026-08,2026-08-11T16:00,33.4,34.2,35.0,208.0,267.0,299.0
W10,Gunma Maebashi,36.39,139.06,2026-08-10T18:00,2026-08-11,17,2026-08,2026-08-11T17:00,32.1,32.9,33.7,106.0,136.0,152.0
W10,Gunma Maebashi,36.39,139.06,2026-08-10T18:00,2026-08-11,18,2026-08,2026-08-11T18:00,30.5,31.3,32.1,17.0,22.0,24.0
W10,Gunma Maebashi,36.39,139.06,2026-08-10T18:00,2026-08-11,19,2026-08,2026-08-11T19:00,31.3,32.1,32.9,0.0,0.0,0.0
W10,Gunma Maebashi,36.39,139.06,2026-08-10T18:00,2026-08-11,20,2026-08,2026-08-11T20:00,30.1,30.9,31.7,0.0,0.0,0.0
W10,Gunma Maebashi,36.39,139.06,2026-08-10T18:00,2026-08-11,21,2026-08,2026-08-11T21:00,30.0,30.8,31.6,0.0,0.0,0.0
W10,Gunma Maebashi,36.39,139.06,2026-08-10T18:00,2026-08-11,22,2026-08,2026-08-11T22:00,28.3,29.1,29.9,0.0,0.0,0.0
W10,Gunma Maebashi,36.39,139.06,2026-08-10T18:00,2026-08-11,23,2026-08,2026-08-11T23:00,28.4,29.2,30.0,0.0,0.0,0.0
W01,Tokyo Otemachi,35.69,139.76,2026-08-11T18:00,2026-08-12,0,2026-08,2026-08-12T00:00,28.5,29.3,30.1,0.0,0.0,0.0
W01,Tokyo Otemachi,35.69,139.76,2026-08-11T18:00,2026-08-12,1,2026-08,2026-08-12T01:00,28.0,28.8,29.6,0.0,0.0,0.0
W01,Tokyo Otemachi,35.69,139.76,2026-08-11T18:00,2026-08-12,2,2026-08,2026-08-12T02:00,27.4,28.2,29.0,0.0,0.0,0.0
W01,Tokyo Otemachi,35.69,139.76,2026-08-11T18:00,2026-08-12,3,2026-08,2026-08-12T03:00,26.0,26.8,27.6,0.0,0.0,0.0
W01,Tokyo Otemachi,35.69,139.76,2026-08-11T18:00,2026-08-12,4,2026-08,2026-08-12T04:00,26.1,26.9,27.7,0.0,0.0,0.0
W01,Tokyo Otemachi,35.69,139.76,2026-08-11T18:00,2026-08-12,5,2026-08,2026-08-12T05:00,27.2,28.0,28.8,48.0,61.0,68.0
W01,Tokyo Otemachi,35.69,139.76,2026-08-11T18:00,2026-08-12,6,2026-08,2026-08-12T06:00,27.3,28.1,28.9,186.0,238.0,266.0
W01,Tokyo Otemachi,35.69,139.76,2026-08-11T18:00,2026-08-12,7,2026-08,2026-08-12T07:00,28.0,28.8,29.6,332.0,425.0,476.0
W01,Tokyo Otemachi,35.69,139.76,2026-08-11T18:00,2026-08-12,8,2026-08,2026-08-12T08:00,29.0,29.8,30.6,444.0,570.0,638.0
W01,Tokyo Otemachi,35.69,139.76,2026-08-11T18:00,2026-08-12,9,2026-08,2026-08-12T09:00,29.9,30.7,31.5,572.0,733.0,821.0
W01,Tokyo Otemachi,35.69,139.76,2026-08-11T18:00,2026-08-12,10,2026-08,2026-08-12T10:00,31.2,32.0,32.8,659.0,845.0,946.0
W01,Tokyo Otemachi,35.69,139.76,2026-08-11T18:00,2026-08-12,11,2026-08,2026-08-12T11:00,31.2,32.0,32.8,668.0,857.0,960.0
W01,Tokyo Otemachi,35.69,139.76,2026-08-11T18:00,2026-08-12,12,2026-08,2026-08-12T12:00,32.7,33.5,34.3,697.0,894.0,1001.0
W01,Tokyo Otemachi,35.69,139.76,2026-08-11T18:00,2026-08-12,13,2026-08,2026-08-12T13:00,32.5,33.3,34.1,643.0,825.0,924.0
W01,Tokyo Otemachi,35.69,139.76,2026-08-11T18:00,2026-08-12,14,2026-08,2026-08-12T14:00,33.2,34.0,34.8,548.0,703.0,787.0
W01,Tokyo Otemachi,35.69,139.76,2026-08-11T18:00,2026-08-12,15,2026-08,2026-08-12T15:00,33.8,34.6,35.4,432.0,554.0,620.0
W01,Tokyo Otemachi,35.69,139.76,2026-08-11T18:00,2026-08-12,16,2026-08,2026-08-12T16:00,33.8,34.6,35.4,292.0,374.0,419.0
W01,Tokyo Otemachi,35.69,139.76,2026-08-11T18:00,2026-08-12,17,2026-08,2026-08-12T17:00,31.3,32.1,32.9,154.0,197.0,221.0
W01,Tokyo Otemachi,35.69,139.76,2026-08-11T18:00,2026-08-12,18,2026-08,2026-08-12T18:00,32.2,33.0,33.8,25.0,32.0,36.0
W01,Tokyo Otemachi,35.69,139.76,2026-08-11T18:00,2026-08-12,19,2026-08,2026-08-12T19:00,31.3,32.1,32.9,0.0,0.0,0.0
W01,Tokyo Otemachi,35.69,139.76,2026-08-11T18:00,2026-08-12,20,2026-08,2026-08-12T20:00,30.3,31.1,31.9,0.0,0.0,0.0
W01,Tokyo Otemachi,35.69,139.76,2026-08-11T18:00,2026-08-12,21,2026-08,2026-08-12T21:00,30.0,30.8,31.6,0.0,0.0,0.0
W01,Tokyo Otemachi,35.69,139.76,2026-08-11T18:00,2026-08-12,22,2026-08,2026-08-12T22:00,28.9,29.7,30.5,0.0,0.0,0.0
W01,Tokyo Otemachi,35.69,139.76,2026-08-11T18:00,2026-08-12,23,2026-08,2026-08-12T23:00,27.5,28.3,29.1,0.0,0.0,0.0
W02,Tokyo Hachioji,35.66,139.32,2026-08-11T18:00,2026-08-12,0,2026-08,2026-08-12T00:00,29.1,29.9,30.7,0.0,0.0,0.0
W02,Tokyo Hachioji,35.66,139.32,2026-08-11T18:00,2026-08-12,1,2026-08,2026-08-12T01:00,28.6,29.4,30.2,0.0,0.0,0.0
W02,Tokyo Hachioji,35.66,139.32,2026-08-11T18:00,2026-08-12,2,2026-08,2026-08-12T02:00,28.0,28.8,29.6,0.0,0.0,0.0
W02,Tokyo Hachioji,35.66,139.32,2026-08-11T18:00,2026-08-12,3,2026-08,2026-08-12T03:00,26.6,27.4,28.2,0.0,0.0,0.0
W02,Tokyo Hachioji,35.66,139.32,2026-08-11T18:00,2026-08-12,4,2026-08,2026-08-12T04:00,26.7,27.5,28.3,0.0,0.0,0.0
W02,Tokyo Hachioji,35.66,139.32,2026-08-11T18:00,2026-08-12,5,2026-08,2026-08-12T05:00,27.8,28.6,29.4,45.0,58.0,65.0
W02,Tokyo Hachioji,35.66,139.32,2026-08-11T18:00,2026-08-12,6,2026-08,2026-08-12T06:00,27.9,28.7,29.5,180.0,230.0,258.0
W02,Tokyo Hachioji,35.66,139.32,2026-08-11T18:00,2026-08-12,7,2026-08,2026-08-12T07:00,28.6,29.4,30.2,323.0,414.0,464.0
W02,Tokyo Hachioji,35.66,139.32,2026-08-11T18:00,2026-08-12,8,2026-08,2026-08-12T08:00,29.6,30.4,31.2,462.0,593.0,664.0
W02,Tokyo Hachioji,35.66,139.32,2026-08-11T18:00,2026-08-12,9,2026-08,2026-08-12T09:00,30.5,31.3,32.1,561.0,720.0,806.0
W02,Tokyo Hachioji,35.66,139.32,2026-08-11T18:00,2026-08-12,10,2026-08,2026-08-12T10:00,31.8,32.6,33.4,671.0,861.0,964.0
W02,Tokyo Hachioji,35.66,139.32,2026-08-11T18:00,2026-08-12,11,2026-08,2026-08-12T11:00,31.8,32.6,33.4,695.0,892.0,999.0
W02,Tokyo Hachioji,35.66,139.32,2026-08-11T18:00,2026-08-12,12,2026-08,2026-08-12T12:00,33.3,34.1,34.9,675.0,865.0,969.0
W02,Tokyo Hachioji,35.66,139.32,2026-08-11T18:00,2026-08-12,13,2026-08,2026-08-12T13:00,33.1,33.9,34.7,678.0,870.0,974.0
W02,Tokyo Hachioji,35.66,139.32,2026-08-11T18:00,2026-08-12,14,2026-08,2026-08-12T14:00,33.8,34.6,35.4,555.0,711.0,797.0
W02,Tokyo Hachioji,35.66,139.32,2026-08-11T18:00,2026-08-12,15,2026-08,2026-08-12T15:00,34.4,35.2,36.0,436.0,559.0,626.0
W02,Tokyo Hachioji,35.66,139.32,2026-08-11T18:00,2026-08-12,16,2026-08,2026-08-12T16:00,34.4,35.2,36.0,299.0,383.0,429.0
W02,Tokyo Hachioji,35.66,139.32,2026-08-11T18:00,2026-08-12,17,2026-08,2026-08-12T17:00,31.9,32.7,33.5,154.0,197.0,221.0
W02,Tokyo Hachioji,35.66,139.32,2026-08-11T18:00,2026-08-12,18,2026-08,2026-08-12T18:00,32.8,33.6,34.4,24.0,31.0,35.0
W02,Tokyo Hachioji,35.66,139.32,2026-08-11T18:00,2026-08-12,19,2026-08,2026-08-12T19:00,31.9,32.7,33.5,0.0,0.0,0.0
W02,Tokyo Hachioji,35.66,139.32,2026-08-11T18:00,2026-08-12,20,2026-08,2026-08-12T20:00,30.9,31.7,32.5,0.0,0.0,0.0
W02,Tokyo Hachioji,35.66,139.32,2026-08-11T18:00,2026-08-12,21,2026-08,2026-08-12T21:00,30.6,31.4,32.2,0.0,0.0,0.0
W02,Tokyo Hachioji,35.66,139.32,2026-08-11T18:00,2026-08-12,22,2026-08,2026-08-12T22:00,29.5,30.3,31.1,0.0,0.0,0.0
W02,Tokyo Hachioji,35.66,139.32,2026-08-11T18:00,2026-08-12,23,2026-08,2026-08-12T23:00,28.1,28.9,29.7,0.0,0.0,0.0
W03,Kanagawa Yokohama,35.44,139.64,2026-08-11T18:00,2026-08-12,0,2026-08,2026-08-12T00:00,27.6,28.4,29.2,0.0,0.0,0.0
W03,Kanagawa Yokohama,35.44,139.64,2026-08-11T18:00,2026-08-12,1,2026-08,2026-08-12T01:00,27.1,27.9,28.7,0.0,0.0,0.0
W03,Kanagawa Yokohama,35.44,139.64,2026-08-11T18:00,2026-08-12,2,2026-08,2026-08-12T02:00,26.5,27.3,28.1,0.0,0.0,0.0
W03,Kanagawa Yokohama,35.44,139.64,2026-08-11T18:00,2026-08-12,3,2026-08,2026-08-12T03:00,25.1,25.9,26.7,0.0,0.0,0.0
W03,Kanagawa Yokohama,35.44,139.64,2026-08-11T18:00,2026-08-12,4,2026-08,2026-08-12T04:00,25.2,26.0,26.8,0.0,0.0,0.0
W03,Kanagawa Yokohama,35.44,139.64,2026-08-11T18:00,2026-08-12,5,2026-08,2026-08-12T05:00,26.3,27.1,27.9,47.0,61.0,68.0
W03,Kanagawa Yokohama,35.44,139.64,2026-08-11T18:00,2026-08-12,6,2026-08,2026-08-12T06:00,26.4,27.2,28.0,185.0,237.0,265.0
W03,Kanagawa Yokohama,35.44,139.64,2026-08-11T18:00,2026-08-12,7,2026-08,2026-08-12T07:00,27.1,27.9,28.7,320.0,410.0,459.0
W03,Kanagawa Yokohama,35.44,139.64,2026-08-11T18:00,2026-08-12,8,2026-08,2026-08-12T08:00,28.1,28.9,29.7,481.0,617.0,691.0
W03,Kanagawa Yokohama,35.44,139.64,2026-08-11T18:00,2026-08-12,9,2026-08,2026-08-12T09:00,29.0,29.8,30.6,577.0,740.0,828.0
W03,Kanagawa Yokohama,35.44,139.64,2026-08-11T18:00,2026-08-12,10,2026-08,2026-08-12T10:00,30.3,31.1,31.9,664.0,852.0,954.0
W03,Kanagawa Yokohama,35.44,139.64,2026-08-11T18:00,2026-08-12,11,2026-08,2026-08-12T11:00,30.3,31.1,31.9,699.0,896.0,1004.0
W03,Kanagawa Yokohama,35.44,139.64,2026-08-11T18:00,2026-08-12,12,2026-08,2026-08-12T12:00,31.8,32.6,33.4,721.0,924.0,1035.0
W03,Kanagawa Yokohama,35.44,139.64,2026-08-11T18:00,2026-08-12,13,2026-08,2026-08-12T13:00,31.6,32.4,33.2,601.0,770.0,863.0
W03,Kanagawa Yokohama,35.44,139.64,2026-08-11T18:00,2026-08-12,14,2026-08,2026-08-12T14:00,32.3,33.1,33.9,536.0,687.0,769.0
W03,Kanagawa Yokohama,35.44,139.64,2026-08-11T18:00,2026-08-12,15,2026-08,2026-08-12T15:00,32.9,33.7,34.5,408.0,523.0,586.0
W03,Kanagawa Yokohama,35.44,139.64,2026-08-11T18:00,2026-08-12,16,2026-08,2026-08-12T16:00,32.9,33.7,34.5,294.0,377.0,422.0
W03,Kanagawa Yokohama,35.44,139.64,2026-08-11T18:00,2026-08-12,17,2026-08,2026-08-12T17:00,30.4,31.2,32.0,146.0,187.0,209.0
W03,Kanagawa Yokohama,35.44,139.64,2026-08-11T18:00,2026-08-12,18,2026-08,2026-08-12T18:00,31.3,32.1,32.9,24.0,31.0,35.0
W03,Kanagawa Yokohama,35.44,139.64,2026-08-11T18:00,2026-08-12,19,2026-08,2026-08-12T19:00,30.4,31.2,32.0,0.0,0.0,0.0
W03,Kanagawa Yokohama,35.44,139.64,2026-08-11T18:00,2026-08-12,20,2026-08,2026-08-12T20:00,29.4,30.2,31.0,0.0,0.0,0.0
W03,Kanagawa Yokohama,35.44,139.64,2026-08-11T18:00,2026-08-12,21,2026-08,2026-08-12T21:00,29.1,29.9,30.7,0.0,0.0,0.0
W03,Kanagawa Yokohama,35.44,139.64,2026-08-11T18:00,2026-08-12,22,2026-08,2026-08-12T22:00,28.0,28.8,29.6,0.0,0.0,0.0
W03,Kanagawa Yokohama,35.44,139.64,2026-08-11T18:00,2026-08-12,23,2026-08,2026-08-12T23:00,26.6,27.4,28.2,0.0,0.0,0.0
W04,Kanagawa Sagamihara,35.57,139.37,2026-08-11T18:00,2026-08-12,0,2026-08,2026-08-12T00:00,28.9,29.7,30.5,0.0,0.0,0.0
W04,Kanagawa Sagamihara,35.57,139.37,2026-08-11T18:00,2026-08-12,1,2026-08,2026-08-12T01:00,28.4,29.2,30.0,0.0,0.0,0.0
W04,Kanagawa Sagamihara,35.57,139.37,2026-08-11T18:00,2026-08-12,2,2026-08,2026-08-12T02:00,27.8,28.6,29.4,0.0,0.0,0.0
W04,Kanagawa Sagamihara,35.57,139.37,2026-08-11T18:00,2026-08-12,3,2026-08,2026-08-12T03:00,26.4,27.2,28.0,0.0,0.0,0.0
W04,Kanagawa Sagamihara,35.57,139.37,2026-08-11T18:00,2026-08-12,4,2026-08,2026-08-12T04:00,26.5,27.3,28.1,0.0,0.0,0.0
W04,Kanagawa Sagamihara,35.57,139.37,2026-08-11T18:00,2026-08-12,5,2026-08,2026-08-12T05:00,27.6,28.4,29.2,47.0,60.0,68.0
W04,Kanagawa Sagamihara,35.57,139.37,2026-08-11T18:00,2026-08-12,6,2026-08,2026-08-12T06:00,27.7,28.5,29.3,182.0,234.0,262.0
W04,Kanagawa Sagamihara,35.57,139.37,2026-08-11T18:00,2026-08-12,7,2026-08,2026-08-12T07:00,28.4,29.2,30.0,323.0,414.0,464.0
W04,Kanagawa Sagamihara,35.57,139.37,2026-08-11T18:00,2026-08-12,8,2026-08,2026-08-12T08:00,29.4,30.2,31.0,470.0,602.0,674.0
W04,Kanagawa Sagamihara,35.57,139.37,2026-08-11T18:00,2026-08-12,9,2026-08,2026-08-12T09:00,30.3,31.1,31.9,578.0,741.0,830.0
W04,Kanagawa Sagamihara,35.57,139.37,2026-08-11T18:00,2026-08-12,10,2026-08,2026-08-12T10:00,31.6,32.4,33.2,655.0,840.0,941.0
W04,Kanagawa Sagamihara,35.57,139.37,2026-08-11T18:00,2026-08-12,11,2026-08,2026-08-12T11:00,31.6,32.4,33.2,716.0,918.0,1029.0
W04,Kanagawa Sagamihara,35.57,139.37,2026-08-11T18:00,2026-08-12,12,2026-08,2026-08-12T12:00,33.1,33.9,34.7,683.0,876.0,981.0
W04,Kanagawa Sagamihara,35.57,139.37,2026-08-11T18:00,2026-08-12,13,2026-08,2026-08-12T13:00,32.9,33.7,34.5,637.0,817.0,915.0
W04,Kanagawa Sagamihara,35.57,139.37,2026-08-11T18:00,2026-08-12,14,2026-08,2026-08-12T14:00,33.6,34.4,35.2,540.0,692.0,775.0
W04,Kanagawa Sagamihara,35.57,139.37,2026-08-11T18:00,2026-08-12,15,2026-08,2026-08-12T15:00,34.2,35.0,35.8,436.0,560.0,627.0
W04,Kanagawa Sagamihara,35.57,139.37,2026-08-11T18:00,2026-08-12,16,2026-08,2026-08-12T16:00,34.2,35.0,35.8,285.0,365.0,409.0
W04,Kanagawa Sagamihara,35.57,139.37,2026-08-11T18:00,2026-08-12,17,2026-08,2026-08-12T17:00,31.7,32.5,33.3,149.0,191.0,214.0
W04,Kanagawa Sagamihara,35.57,139.37,2026-08-11T18:00,2026-08-12,18,2026-08,2026-08-12T18:00,32.6,33.4,34.2,25.0,32.0,35.0
W04,Kanagawa Sagamihara,35.57,139.37,2026-08-11T18:00,2026-08-12,19,2026-08,2026-08-12T19:00,31.7,32.5,33.3,0.0,0.0,0.0
W04,Kanagawa Sagamihara,35.57,139.37,2026-08-11T18:00,2026-08-12,20,2026-08,2026-08-12T20:00,30.7,31.5,32.3,0.0,0.0,0.0
W04,Kanagawa Sagamihara,35.57,139.37,2026-08-11T18:00,2026-08-12,21,2026-08,2026-08-12T21:00,30.4,31.2,32.0,0.0,0.0,0.0
W04,Kanagawa Sagamihara,35.57,139.37,2026-08-11T18:00,2026-08-12,22,2026-08,2026-08-12T22:00,29.3,30.1,30.9,0.0,0.0,0.0
W04,Kanagawa Sagamihara,35.57,139.37,2026-08-11T18:00,2026-08-12,23,2026-08,2026-08-12T23:00,27.9,28.7,29.5,0.0,0.0,0.0
W05,Saitama Kumagaya,36.15,139.39,2026-08-11T18:00,2026-08-12,0,2026-08,2026-08-12T00:00,30.1,30.9,31.7,0.0,0.0,0.0
W05,Saitama Kumagaya,36.15,139.39,2026-08-11T18:00,2026-08-12,1,2026-08,2026-08-12T01:00,29.6,30.4,31.2,0.0,0.0,0.0
W05,Saitama Kumagaya,36.15,139.39,2026-08-11T18:00,2026-08-12,2,2026-08,2026-08-12T02:00,29.0,29.8,30.6,0.0,0.0,0.0
W05,Saitama Kumagaya,36.15,139.39,2026-08-11T18:00,2026-08-12,3,2026-08,2026-08-12T03:00,27.6,28.4,29.2,0.0,0.0,0.0
W05,Saitama Kumagaya,36.15,139.39,2026-08-11T18:00,2026-08-12,4,2026-08,2026-08-12T04:00,27.7,28.5,29.3,0.0,0.0,0.0
W05,Saitama Kumagaya,36.15,139.39,2026-08-11T18:00,2026-08-12,5,2026-08,2026-08-12T05:00,28.8,29.6,30.4,48.0,62.0,70.0
W05,Saitama Kumagaya,36.15,139.39,2026-08-11T18:00,2026-08-12,6,2026-08,2026-08-12T06:00,28.9,29.7,30.5,182.0,233.0,261.0
W05,Saitama Kumagaya,36.15,139.39,2026-08-11T18:00,2026-08-12,7,2026-08,2026-08-12T07:00,29.6,30.4,31.2,307.0,394.0,441.0
W05,Saitama Kumagaya,36.15,139.39,2026-08-11T18:00,2026-08-12,8,2026-08,2026-08-12T08:00,30.6,31.4,32.2,460.0,590.0,661.0
W05,Saitama Kumagaya,36.15,139.39,2026-08-11T18:00,2026-08-12,9,2026-08,2026-08-12T09:00,31.5,32.3,33.1,580.0,744.0,833.0
W05,Saitama Kumagaya,36.15,139.39,2026-08-11T18:00,2026-08-12,10,2026-08,2026-08-12T10:00,32.8,33.6,34.4,671.0,861.0,964.0
W05,Saitama Kumagaya,36.15,139.39,2026-08-11T18:00,2026-08-12,11,2026-08,2026-08-12T11:00,32.8,33.6,34.4,699.0,896.0,1003.0
W05,Saitama Kumagaya,36.15,139.39,2026-08-11T18:00,2026-08-12,12,2026-08,2026-08-12T12:00,34.3,35.1,35.9,731.0,937.0,1049.0
W05,Saitama Kumagaya,36.15,139.39,2026-08-11T18:00,2026-08-12,13,2026-08,2026-08-12T13:00,34.1,34.9,35.7,633.0,811.0,908.0
W05,Saitama Kumagaya,36.15,139.39,2026-08-11T18:00,2026-08-12,14,2026-08,2026-08-12T14:00,34.8,35.6,36.4,572.0,734.0,822.0
W05,Saitama Kumagaya,36.15,139.39,2026-08-11T18:00,2026-08-12,15,2026-08,2026-08-12T15:00,35.4,36.2,37.0,447.0,573.0,641.0
W05,Saitama Kumagaya,36.15,139.39,2026-08-11T18:00,2026-08-12,16,2026-08,2026-08-12T16:00,35.4,36.2,37.0,307.0,394.0,441.0
W05,Saitama Kumagaya,36.15,139.39,2026-08-11T18:00,2026-08-12,17,2026-08,2026-08-12T17:00,32.9,33.7,34.5,151.0,194.0,217.0
W05,Saitama Kumagaya,36.15,139.39,2026-08-11T18:00,2026-08-12,18,2026-08,2026-08-12T18:00,33.8,34.6,35.4,25.0,32.0,36.0
W05,Saitama Kumagaya,36.15,139.39,2026-08-11T18:00,2026-08-12,19,2026-08,2026-08-12T19:00,32.9,33.7,34.5,0.0,0.0,0.0
W05,Saitama Kumagaya,36.15,139.39,2026-08-11T18:00,2026-08-12,20,2026-08,2026-08-12T20:00,31.9,32.7,33.5,0.0,0.0,0.0
W05,Saitama Kumagaya,36.15,139.39,2026-08-11T18:00,2026-08-12,21,2026-08,2026-08-12T21:00,31.6,32.4,33.2,0.0,0.0,0.0
W05,Saitama Kumagaya,36.15,139.39,2026-08-11T18:00,2026-08-12,22,2026-08,2026-08-12T22:00,30.5,31.3,32.1,0.0,0.0,0.0
W05,Saitama Kumagaya,36.15,139.39,2026-08-11T18:00,2026-08-12,23,2026-08,2026-08-12T23:00,29.1,29.9,30.7,0.0,0.0,0.0
W06,Saitama Saitama,35.86,139.65,2026-08-11T18:00,2026-08-12,0,2026-08,2026-08-12T00:00,29.3,30.1,30.9,0.0,0.0,0.0
W06,Saitama Saitama,35.86,139.65,2026-08-11T18:00,2026-08-12,1,2026-08,2026-08-12T01:00,28.8,29.6,30.4,0.0,0.0,0.0
W06,Saitama Saitama,35.86,139.65,2026-08-11T18:00,2026-08-12,2,2026-08,2026-08-12T02:00,28.2,29.0,29.8,0.0,0.0,0.0
W06,Saitama Saitama,35.86,139.65,2026-08-11T18:00,2026-08-12,3,2026-08,2026-08-12T03:00,26.8,27.6,28.4,0.0,0.0,0.0
W06,Saitama Saitama,35.86,139.65,2026-08-11T18:00,2026-08-12,4,2026-08,2026-08-12T04:00,26.9,27.7,28.5,0.0,0.0,0.0
W06,Saitama Saitama,35.86,139.65,2026-08-11T18:00,2026-08-12,5,2026-08,2026-08-12T05:00,28.0,28.8,29.6,46.0,58.0,65.0
W06,Saitama Saitama,35.86,139.65,2026-08-11T18:00,2026-08-12,6,2026-08,2026-08-12T06:00,28.1,28.9,29.7,179.0,230.0,258.0
W06,Saitama Saitama,35.86,139.65,2026-08-11T18:00,2026-08-12,7,2026-08,2026-08-12T07:00,28.8,29.6,30.4,333.0,427.0,478.0
W06,Saitama Saitama,35.86,139.65,2026-08-11T18:00,2026-08-12,8,2026-08,2026-08-12T08:00,29.8,30.6,31.4,474.0,608.0,681.0
W06,Saitama Saitama,35.86,139.65,2026-08-11T18:00,2026-08-12,9,2026-08,2026-08-12T09:00,30.7,31.5,32.3,582.0,746.0,836.0
W06,Saitama Saitama,35.86,139.65,2026-08-11T18:00,2026-08-12,10,2026-08,2026-08-12T10:00,32.0,32.8,33.6,667.0,856.0,958.0
W06,Saitama Saitama,35.86,139.65,2026-08-11T18:00,2026-08-12,11,2026-08,2026-08-12T11:00,32.0,32.8,33.6,689.0,884.0,990.0
W06,Saitama Saitama,35.86,139.65,2026-08-11T18:00,2026-08-12,12,2026-08,2026-08-12T12:00,33.5,34.3,35.1,638.0,818.0,917.0
W06,Saitama Saitama,35.86,139.65,2026-08-11T18:00,2026-08-12,13,2026-08,2026-08-12T13:00,33.3,34.1,34.9,646.0,829.0,928.0
W06,Saitama Saitama,35.86,139.65,2026-08-11T18:00,2026-08-12,14,2026-08,2026-08-12T14:00,34.0,34.8,35.6,551.0,706.0,791.0
W06,Saitama Saitama,35.86,139.65,2026-08-11T18:00,2026-08-12,15,2026-08,2026-08-12T15:00,34.6,35.4,36.2,423.0,542.0,607.0
W06,Saitama Saitama,35.86,139.65,2026-08-11T18:00,2026-08-12,16,2026-08,2026-08-12T16:00,34.6,35.4,36.2,312.0,400.0,448.0
W06,Saitama Saitama,35.86,139.65,2026-08-11T18:00,2026-08-12,17,2026-08,2026-08-12T17:00,32.1,32.9,33.7,154.0,197.0,221.0
W06,Saitama Saitama,35.86,139.65,2026-08-11T18:00,2026-08-12,18,2026-08,2026-08-12T18:00,33.0,33.8,34.6,25.0,32.0,35.0
W06,Saitama Saitama,35.86,139.65,2026-08-11T18:00,2026-08-12,19,2026-08,2026-08-12T19:00,32.1,32.9,33.7,0.0,0.0,0.0
W06,Saitama Saitama,35.86,139.65,2026-08-11T18:00,2026-08-12,20,2026-08,2026-08-12T20:00,31.1,31.9,32.7,0.0,0.0,0.0
W06,Saitama Saitama,35.86,139.65,2026-08-11T18:00,2026-08-12,21,2026-08,2026-08-12T21:00,30.8,31.6,32.4,0.0,0.0,0.0
W06,Saitama Saitama,35.86,139.65,2026-08-11T18:00,2026-08-12,22,2026-08,2026-08-12T22:00,29.7,30.5,31.3,0.0,0.0,0.0
W06,Saitama Saitama,35.86,139.65,2026-08-11T18:00,2026-08-12,23,2026-08,2026-08-12T23:00,28.3,29.1,29.9,0.0,0.0,0.0
W07,Chiba Inzai,35.83,140.15,2026-08-11T18:00,2026-08-12,0,2026-08,2026-08-12T00:00,28.3,29.1,29.9,0.0,0.0,0.0
W07,Chiba Inzai,35.83,140.15,2026-08-11T18:00,2026-08-12,1,2026-08,2026-08-12T01:00,27.8,28.6,29.4,0.0,0.0,0.0
W07,Chiba Inzai,35.83,140.15,2026-08-11T18:00,2026-08-12,2,2026-08,2026-08-12T02:00,27.2,28.0,28.8,0.0,0.0,0.0
W07,Chiba Inzai,35.83,140.15,2026-08-11T18:00,2026-08-12,3,2026-08,2026-08-12T03:00,25.8,26.6,27.4,0.0,0.0,0.0
W07,Chiba Inzai,35.83,140.15,2026-08-11T18:00,2026-08-12,4,2026-08,2026-08-12T04:00,25.9,26.7,27.5,0.0,0.0,0.0
W07,Chiba Inzai,35.83,140.15,2026-08-11T18:00,2026-08-12,5,2026-08,2026-08-12T05:00,27.0,27.8,28.6,46.0,59.0,66.0
W07,Chiba Inzai,35.83,140.15,2026-08-11T18:00,2026-08-12,6,2026-08,2026-08-12T06:00,27.1,27.9,28.7,189.0,243.0,272.0
W07,Chiba Inzai,35.83,140.15,2026-08-11T18:00,2026-08-12,7,2026-08,2026-08-12T07:00,27.8,28.6,29.4,330.0,423.0,474.0
W07,Chiba Inzai,35.83,140.15,2026-08-11T18:00,2026-08-12,8,2026-08,2026-08-12T08:00,28.8,29.6,30.4,490.0,628.0,703.0
W07,Chiba Inzai,35.83,140.15,2026-08-11T18:00,2026-08-12,9,2026-08,2026-08-12T09:00,29.7,30.5,31.3,583.0,747.0,837.0
W07,Chiba Inzai,35.83,140.15,2026-08-11T18:00,2026-08-12,10,2026-08,2026-08-12T10:00,31.0,31.8,32.6,651.0,835.0,935.0
W07,Chiba Inzai,35.83,140.15,2026-08-11T18:00,2026-08-12,11,2026-08,2026-08-12T11:00,31.0,31.8,32.6,731.0,937.0,1049.0
W07,Chiba Inzai,35.83,140.15,2026-08-11T18:00,2026-08-12,12,2026-08,2026-08-12T12:00,32.5,33.3,34.1,734.0,941.0,1054.0
W07,Chiba Inzai,35.83,140.15,2026-08-11T18:00,2026-08-12,13,2026-08,2026-08-12T13:00,32.3,33.1,33.9,665.0,852.0,954.0
W07,Chiba Inzai,35.83,140.15,2026-08-11T18:00,2026-08-12,14,2026-08,2026-08-12T14:00,33.0,33.8,34.6,555.0,712.0,797.0
W07,Chiba Inzai,35.83,140.15,2026-08-11T18:00,2026-08-12,15,2026-08,2026-08-12T15:00,33.6,34.4,35.2,437.0,560.0,627.0
W07,Chiba Inzai,35.83,140.15,2026-08-11T18:00,2026-08-12,16,2026-08,2026-08-12T16:00,33.6,34.4,35.2,298.0,381.0,427.0
W07,Chiba Inzai,35.83,140.15,2026-08-11T18:00,2026-08-12,17,2026-08,2026-08-12T17:00,31.1,31.9,32.7,144.0,185.0,207.0
W07,Chiba Inzai,35.83,140.15,2026-08-11T18:00,2026-08-12,18,2026-08,2026-08-12T18:00,32.0,32.8,33.6,24.0,31.0,35.0
W07,Chiba Inzai,35.83,140.15,2026-08-11T18:00,2026-08-12,19,2026-08,2026-08-12T19:00,31.1,31.9,32.7,0.0,0.0,0.0
W07,Chiba Inzai,35.83,140.15,2026-08-11T18:00,2026-08-12,20,2026-08,2026-08-12T20:00,30.1,30.9,31.7,0.0,0.0,0.0
W07,Chiba Inzai,35.83,140.15,2026-08-11T18:00,2026-08-12,21,2026-08,2026-08-12T21:00,29.8,30.6,31.4,0.0,0.0,0.0
W07,Chiba Inzai,35.83,140.15,2026-08-11T18:00,2026-08-12,22,2026-08,2026-08-12T22:00,28.7,29.5,30.3,0.0,0.0,0.0
W07,Chiba Inzai,35.83,140.15,2026-08-11T18:00,2026-08-12,23,2026-08,2026-08-12T23:00,27.3,28.1,28.9,0.0,0.0,0.0
W08,Chiba Chiba,35.61,140.12,2026-08-11T18:00,2026-08-12,0,2026-08,2026-08-12T00:00,27.7,28.5,29.3,0.0,0.0,0.0
W08,Chiba Chiba,35.61,140.12,2026-08-11T18:00,2026-08-12,1,2026-08,2026-08-12T01:00,27.2,28.0,28.8,0.0,0.0,0.0
W08,Chiba Chiba,35.61,140.12,2026-08-11T18:00,2026-08-12,2,2026-08,2026-08-12T02:00,26.6,27.4,28.2,0.0,0.0,0.0
W08,Chiba Chiba,35.61,140.12,2026-08-11T18:00,2026-08-12,3,2026-08,2026-08-12T03:00,25.2,26.0,26.8,0.0,0.0,0.0
W08,Chiba Chiba,35.61,140.12,2026-08-11T18:00,2026-08-12,4,2026-08,2026-08-12T04:00,25.3,26.1,26.9,0.0,0.0,0.0
W08,Chiba Chiba,35.61,140.12,2026-08-11T18:00,2026-08-12,5,2026-08,2026-08-12T05:00,26.4,27.2,28.0,47.0,60.0,67.0
W08,Chiba Chiba,35.61,140.12,2026-08-11T18:00,2026-08-12,6,2026-08,2026-08-12T06:00,26.5,27.3,28.1,174.0,223.0,250.0
W08,Chiba Chiba,35.61,140.12,2026-08-11T18:00,2026-08-12,7,2026-08,2026-08-12T07:00,27.2,28.0,28.8,328.0,421.0,472.0
W08,Chiba Chiba,35.61,140.12,2026-08-11T18:00,2026-08-12,8,2026-08,2026-08-12T08:00,28.2,29.0,29.8,462.0,592.0,663.0
W08,Chiba Chiba,35.61,140.12,2026-08-11T18:00,2026-08-12,9,2026-08,2026-08-12T09:00,29.1,29.9,30.7,557.0,714.0,800.0
W08,Chiba Chiba,35.61,140.12,2026-08-11T18:00,2026-08-12,10,2026-08,2026-08-12T10:00,30.4,31.2,32.0,682.0,874.0,979.0
W08,Chiba Chiba,35.61,140.12,2026-08-11T18:00,2026-08-12,11,2026-08,2026-08-12T11:00,30.4,31.2,32.0,686.0,880.0,985.0
W08,Chiba Chiba,35.61,140.12,2026-08-11T18:00,2026-08-12,12,2026-08,2026-08-12T12:00,31.9,32.7,33.5,747.0,957.0,1072.0
W08,Chiba Chiba,35.61,140.12,2026-08-11T18:00,2026-08-12,13,2026-08,2026-08-12T13:00,31.7,32.5,33.3,644.0,826.0,925.0
W08,Chiba Chiba,35.61,140.12,2026-08-11T18:00,2026-08-12,14,2026-08,2026-08-12T14:00,32.4,33.2,34.0,553.0,708.0,793.0
W08,Chiba Chiba,35.61,140.12,2026-08-11T18:00,2026-08-12,15,2026-08,2026-08-12T15:00,33.0,33.8,34.6,439.0,563.0,631.0
W08,Chiba Chiba,35.61,140.12,2026-08-11T18:00,2026-08-12,16,2026-08,2026-08-12T16:00,33.0,33.8,34.6,292.0,375.0,420.0
W08,Chiba Chiba,35.61,140.12,2026-08-11T18:00,2026-08-12,17,2026-08,2026-08-12T17:00,30.5,31.3,32.1,157.0,201.0,225.0
W08,Chiba Chiba,35.61,140.12,2026-08-11T18:00,2026-08-12,18,2026-08,2026-08-12T18:00,31.4,32.2,33.0,24.0,31.0,35.0
W08,Chiba Chiba,35.61,140.12,2026-08-11T18:00,2026-08-12,19,2026-08,2026-08-12T19:00,30.5,31.3,32.1,0.0,0.0,0.0
W08,Chiba Chiba,35.61,140.12,2026-08-11T18:00,2026-08-12,20,2026-08,2026-08-12T20:00,29.5,30.3,31.1,0.0,0.0,0.0
W08,Chiba Chiba,35.61,140.12,2026-08-11T18:00,2026-08-12,21,2026-08,2026-08-12T21:00,29.2,30.0,30.8,0.0,0.0,0.0
W08,Chiba Chiba,35.61,140.12,2026-08-11T18:00,2026-08-12,22,2026-08,2026-08-12T22:00,28.1,28.9,29.7,0.0,0.0,0.0
W08,Chiba Chiba,35.61,140.12,2026-08-11T18:00,2026-08-12,23,2026-08,2026-08-12T23:00,26.7,27.5,28.3,0.0,0.0,0.0
W09,Ibaraki Tsukuba,36.08,140.08,2026-08-11T18:00,2026-08-12,0,2026-08,2026-08-12T00:00,28.4,29.2,30.0,0.0,0.0,0.0
W09,Ibaraki Tsukuba,36.08,140.08,2026-08-11T18:00,2026-08-12,1,2026-08,2026-08-12T01:00,27.9,28.7,29.5,0.0,0.0,0.0
W09,Ibaraki Tsukuba,36.08,140.08,2026-08-11T18:00,2026-08-12,2,2026-08,2026-08-12T02:00,27.3,28.1,28.9,0.0,0.0,0.0
W09,Ibaraki Tsukuba,36.08,140.08,2026-08-11T18:00,2026-08-12,3,2026-08,2026-08-12T03:00,25.9,26.7,27.5,0.0,0.0,0.0
W09,Ibaraki Tsukuba,36.08,140.08,2026-08-11T18:00,2026-08-12,4,2026-08,2026-08-12T04:00,26.0,26.8,27.6,0.0,0.0,0.0
W09,Ibaraki Tsukuba,36.08,140.08,2026-08-11T18:00,2026-08-12,5,2026-08,2026-08-12T05:00,27.1,27.9,28.7,47.0,61.0,68.0
W09,Ibaraki Tsukuba,36.08,140.08,2026-08-11T18:00,2026-08-12,6,2026-08,2026-08-12T06:00,27.2,28.0,28.8,183.0,234.0,262.0
W09,Ibaraki Tsukuba,36.08,140.08,2026-08-11T18:00,2026-08-12,7,2026-08,2026-08-12T07:00,27.9,28.7,29.5,335.0,430.0,482.0
W09,Ibaraki Tsukuba,36.08,140.08,2026-08-11T18:00,2026-08-12,8,2026-08,2026-08-12T08:00,28.9,29.7,30.5,455.0,584.0,654.0
W09,Ibaraki Tsukuba,36.08,140.08,2026-08-11T18:00,2026-08-12,9,2026-08,2026-08-12T09:00,29.8,30.6,31.4,587.0,753.0,843.0
W09,Ibaraki Tsukuba,36.08,140.08,2026-08-11T18:00,2026-08-12,10,2026-08,2026-08-12T10:00,31.1,31.9,32.7,673.0,863.0,967.0
W09,Ibaraki Tsukuba,36.08,140.08,2026-08-11T18:00,2026-08-12,11,2026-08,2026-08-12T11:00,31.1,31.9,32.7,711.0,912.0,1021.0
W09,Ibaraki Tsukuba,36.08,140.08,2026-08-11T18:00,2026-08-12,12,2026-08,2026-08-12T12:00,32.6,33.4,34.2,710.0,911.0,1020.0
W09,Ibaraki Tsukuba,36.08,140.08,2026-08-11T18:00,2026-08-12,13,2026-08,2026-08-12T13:00,32.4,33.2,34.0,644.0,826.0,925.0
W09,Ibaraki Tsukuba,36.08,140.08,2026-08-11T18:00,2026-08-12,14,2026-08,2026-08-12T14:00,33.1,33.9,34.7,571.0,732.0,820.0
W09,Ibaraki Tsukuba,36.08,140.08,2026-08-11T18:00,2026-08-12,15,2026-08,2026-08-12T15:00,33.7,34.5,35.3,448.0,574.0,643.0
W09,Ibaraki Tsukuba,36.08,140.08,2026-08-11T18:00,2026-08-12,16,2026-08,2026-08-12T16:00,33.7,34.5,35.3,302.0,387.0,434.0
W09,Ibaraki Tsukuba,36.08,140.08,2026-08-11T18:00,2026-08-12,17,2026-08,2026-08-12T17:00,31.2,32.0,32.8,146.0,188.0,210.0
W09,Ibaraki Tsukuba,36.08,140.08,2026-08-11T18:00,2026-08-12,18,2026-08,2026-08-12T18:00,32.1,32.9,33.7,24.0,30.0,34.0
W09,Ibaraki Tsukuba,36.08,140.08,2026-08-11T18:00,2026-08-12,19,2026-08,2026-08-12T19:00,31.2,32.0,32.8,0.0,0.0,0.0
W09,Ibaraki Tsukuba,36.08,140.08,2026-08-11T18:00,2026-08-12,20,2026-08,2026-08-12T20:00,30.2,31.0,31.8,0.0,0.0,0.0
W09,Ibaraki Tsukuba,36.08,140.08,2026-08-11T18:00,2026-08-12,21,2026-08,2026-08-12T21:00,29.9,30.7,31.5,0.0,0.0,0.0
W09,Ibaraki Tsukuba,36.08,140.08,2026-08-11T18:00,2026-08-12,22,2026-08,2026-08-12T22:00,28.8,29.6,30.4,0.0,0.0,0.0
W09,Ibaraki Tsukuba,36.08,140.08,2026-08-11T18:00,2026-08-12,23,2026-08,2026-08-12T23:00,27.4,28.2,29.0,0.0,0.0,0.0
W10,Gunma Maebashi,36.39,139.06,2026-08-11T18:00,2026-08-12,0,2026-08,2026-08-12T00:00,29.7,30.5,31.3,0.0,0.0,0.0
W10,Gunma Maebashi,36.39,139.06,2026-08-11T18:00,2026-08-12,1,2026-08,2026-08-12T01:00,29.2,30.0,30.8,0.0,0.0,0.0
W10,Gunma Maebashi,36.39,139.06,2026-08-11T18:00,2026-08-12,2,2026-08,2026-08-12T02:00,28.6,29.4,30.2,0.0,0.0,0.0
W10,Gunma Maebashi,36.39,139.06,2026-08-11T18:00,2026-08-12,3,2026-08,2026-08-12T03:00,27.2,28.0,28.8,0.0,0.0,0.0
W10,Gunma Maebashi,36.39,139.06,2026-08-11T18:00,2026-08-12,4,2026-08,2026-08-12T04:00,27.3,28.1,28.9,0.0,0.0,0.0
W10,Gunma Maebashi,36.39,139.06,2026-08-11T18:00,2026-08-12,5,2026-08,2026-08-12T05:00,28.4,29.2,30.0,47.0,61.0,68.0
W10,Gunma Maebashi,36.39,139.06,2026-08-11T18:00,2026-08-12,6,2026-08,2026-08-12T06:00,28.5,29.3,30.1,179.0,230.0,257.0
W10,Gunma Maebashi,36.39,139.06,2026-08-11T18:00,2026-08-12,7,2026-08,2026-08-12T07:00,29.2,30.0,30.8,332.0,426.0,477.0
W10,Gunma Maebashi,36.39,139.06,2026-08-11T18:00,2026-08-12,8,2026-08,2026-08-12T08:00,30.2,31.0,31.8,473.0,607.0,679.0
W10,Gunma Maebashi,36.39,139.06,2026-08-11T18:00,2026-08-12,9,2026-08,2026-08-12T09:00,31.1,31.9,32.7,588.0,753.0,844.0
W10,Gunma Maebashi,36.39,139.06,2026-08-11T18:00,2026-08-12,10,2026-08,2026-08-12T10:00,32.4,33.2,34.0,658.0,844.0,945.0
W10,Gunma Maebashi,36.39,139.06,2026-08-11T18:00,2026-08-12,11,2026-08,2026-08-12T11:00,32.4,33.2,34.0,697.0,893.0,1000.0
W10,Gunma Maebashi,36.39,139.06,2026-08-11T18:00,2026-08-12,12,2026-08,2026-08-12T12:00,33.9,34.7,35.5,669.0,858.0,960.0
W10,Gunma Maebashi,36.39,139.06,2026-08-11T18:00,2026-08-12,13,2026-08,2026-08-12T13:00,33.7,34.5,35.3,630.0,808.0,904.0
W10,Gunma Maebashi,36.39,139.06,2026-08-11T18:00,2026-08-12,14,2026-08,2026-08-12T14:00,34.4,35.2,36.0,553.0,709.0,794.0
W10,Gunma Maebashi,36.39,139.06,2026-08-11T18:00,2026-08-12,15,2026-08,2026-08-12T15:00,35.0,35.8,36.6,436.0,559.0,626.0
W10,Gunma Maebashi,36.39,139.06,2026-08-11T18:00,2026-08-12,16,2026-08,2026-08-12T16:00,35.0,35.8,36.6,292.0,374.0,419.0
W10,Gunma Maebashi,36.39,139.06,2026-08-11T18:00,2026-08-12,17,2026-08,2026-08-12T17:00,32.5,33.3,34.1,159.0,204.0,229.0
W10,Gunma Maebashi,36.39,139.06,2026-08-11T18:00,2026-08-12,18,2026-08,2026-08-12T18:00,33.4,34.2,35.0,24.0,31.0,34.0
W10,Gunma Maebashi,36.39,139.06,2026-08-11T18:00,2026-08-12,19,2026-08,2026-08-12T19:00,32.5,33.3,34.1,0.0,0.0,0.0
W10,Gunma Maebashi,36.39,139.06,2026-08-11T18:00,2026-08-12,20,2026-08,2026-08-12T20:00,31.5,32.3,33.1,0.0,0.0,0.0
W10,Gunma Maebashi,36.39,139.06,2026-08-11T18:00,2026-08-12,21,2026-08,2026-08-12T21:00,31.2,32.0,32.8,0.0,0.0,0.0
W10,Gunma Maebashi,36.39,139.06,2026-08-11T18:00,2026-08-12,22,2026-08,2026-08-12T22:00,30.1,30.9,31.7,0.0,0.0,0.0
W10,Gunma Maebashi,36.39,139.06,2026-08-11T18:00,2026-08-12,23,2026-08,2026-08-12T23:00,28.7,29.5,30.3,0.0,0.0,0.0
W01,Tokyo Otemachi,35.69,139.76,2026-08-12T18:00,2026-08-13,0,2026-08,2026-08-13T00:00,28.7,29.5,30.3,0.0,0.0,0.0
W01,Tokyo Otemachi,35.69,139.76,2026-08-12T18:00,2026-08-13,1,2026-08,2026-08-13T01:00,27.5,28.3,29.1,0.0,0.0,0.0
W01,Tokyo Otemachi,35.69,139.76,2026-08-12T18:00,2026-08-13,2,2026-08,2026-08-13T02:00,29.0,29.8,30.6,0.0,0.0,0.0
W01,Tokyo Otemachi,35.69,139.76,2026-08-12T18:00,2026-08-13,3,2026-08,2026-08-13T03:00,26.7,27.5,28.3,0.0,0.0,0.0
W01,Tokyo Otemachi,35.69,139.76,2026-08-12T18:00,2026-08-13,4,2026-08,2026-08-13T04:00,27.9,28.7,29.5,0.0,0.0,0.0
W01,Tokyo Otemachi,35.69,139.76,2026-08-12T18:00,2026-08-13,5,2026-08,2026-08-13T05:00,27.6,28.4,29.2,33.0,42.0,48.0
W01,Tokyo Otemachi,35.69,139.76,2026-08-12T18:00,2026-08-13,6,2026-08,2026-08-13T06:00,28.1,28.9,29.7,137.0,176.0,197.0
W01,Tokyo Otemachi,35.69,139.76,2026-08-12T18:00,2026-08-13,7,2026-08,2026-08-13T07:00,29.5,30.3,31.1,226.0,290.0,325.0
W01,Tokyo Otemachi,35.69,139.76,2026-08-12T18:00,2026-08-13,8,2026-08,2026-08-13T08:00,30.1,30.9,31.7,337.0,432.0,484.0
W01,Tokyo Otemachi,35.69,139.76,2026-08-12T18:00,2026-08-13,9,2026-08,2026-08-13T09:00,30.9,31.7,32.5,388.0,498.0,557.0
W01,Tokyo Otemachi,35.69,139.76,2026-08-12T18:00,2026-08-13,10,2026-08,2026-08-13T10:00,32.3,33.1,33.9,476.0,611.0,684.0
W01,Tokyo Otemachi,35.69,139.76,2026-08-12T18:00,2026-08-13,11,2026-08,2026-08-13T11:00,33.4,34.2,35.0,519.0,665.0,745.0
W01,Tokyo Otemachi,35.69,139.76,2026-08-12T18:00,2026-08-13,12,2026-08,2026-08-13T12:00,33.5,34.3,35.1,481.0,616.0,690.0
W01,Tokyo Otemachi,35.69,139.76,2026-08-12T18:00,2026-08-13,13,2026-08,2026-08-13T13:00,36.0,36.8,37.6,432.0,553.0,620.0
W01,Tokyo Otemachi,35.69,139.76,2026-08-12T18:00,2026-08-13,14,2026-08,2026-08-13T14:00,35.7,36.5,37.3,397.0,509.0,570.0
W01,Tokyo Otemachi,35.69,139.76,2026-08-12T18:00,2026-08-13,15,2026-08,2026-08-13T15:00,33.9,34.7,35.5,313.0,401.0,450.0
W01,Tokyo Otemachi,35.69,139.76,2026-08-12T18:00,2026-08-13,16,2026-08,2026-08-13T16:00,34.2,35.0,35.8,211.0,271.0,304.0
W01,Tokyo Otemachi,35.69,139.76,2026-08-12T18:00,2026-08-13,17,2026-08,2026-08-13T17:00,33.4,34.2,35.0,110.0,141.0,158.0
W01,Tokyo Otemachi,35.69,139.76,2026-08-12T18:00,2026-08-13,18,2026-08,2026-08-13T18:00,31.9,32.7,33.5,18.0,23.0,26.0
W01,Tokyo Otemachi,35.69,139.76,2026-08-12T18:00,2026-08-13,19,2026-08,2026-08-13T19:00,31.1,31.9,32.7,0.0,0.0,0.0
W01,Tokyo Otemachi,35.69,139.76,2026-08-12T18:00,2026-08-13,20,2026-08,2026-08-13T20:00,29.9,30.7,31.5,0.0,0.0,0.0
W01,Tokyo Otemachi,35.69,139.76,2026-08-12T18:00,2026-08-13,21,2026-08,2026-08-13T21:00,30.8,31.6,32.4,0.0,0.0,0.0
W01,Tokyo Otemachi,35.69,139.76,2026-08-12T18:00,2026-08-13,22,2026-08,2026-08-13T22:00,30.9,31.7,32.5,0.0,0.0,0.0
W01,Tokyo Otemachi,35.69,139.76,2026-08-12T18:00,2026-08-13,23,2026-08,2026-08-13T23:00,28.8,29.6,30.4,0.0,0.0,0.0
W02,Tokyo Hachioji,35.66,139.32,2026-08-12T18:00,2026-08-13,0,2026-08,2026-08-13T00:00,29.3,30.1,30.9,0.0,0.0,0.0
W02,Tokyo Hachioji,35.66,139.32,2026-08-12T18:00,2026-08-13,1,2026-08,2026-08-13T01:00,28.1,28.9,29.7,0.0,0.0,0.0
W02,Tokyo Hachioji,35.66,139.32,2026-08-12T18:00,2026-08-13,2,2026-08,2026-08-13T02:00,29.6,30.4,31.2,0.0,0.0,0.0
W02,Tokyo Hachioji,35.66,139.32,2026-08-12T18:00,2026-08-13,3,2026-08,2026-08-13T03:00,27.3,28.1,28.9,0.0,0.0,0.0
W02,Tokyo Hachioji,35.66,139.32,2026-08-12T18:00,2026-08-13,4,2026-08,2026-08-13T04:00,28.5,29.3,30.1,0.0,0.0,0.0
W02,Tokyo Hachioji,35.66,139.32,2026-08-12T18:00,2026-08-13,5,2026-08,2026-08-13T05:00,28.2,29.0,29.8,34.0,44.0,49.0
W02,Tokyo Hachioji,35.66,139.32,2026-08-12T18:00,2026-08-13,6,2026-08,2026-08-13T06:00,28.7,29.5,30.3,140.0,180.0,202.0
W02,Tokyo Hachioji,35.66,139.32,2026-08-12T18:00,2026-08-13,7,2026-08,2026-08-13T07:00,30.1,30.9,31.7,235.0,301.0,337.0
W02,Tokyo Hachioji,35.66,139.32,2026-08-12T18:00,2026-08-13,8,2026-08,2026-08-13T08:00,30.7,31.5,32.3,322.0,413.0,463.0
W02,Tokyo Hachioji,35.66,139.32,2026-08-12T18:00,2026-08-13,9,2026-08,2026-08-13T09:00,31.5,32.3,33.1,406.0,520.0,583.0
W02,Tokyo Hachioji,35.66,139.32,2026-08-12T18:00,2026-08-13,10,2026-08,2026-08-13T10:00,32.9,33.7,34.5,479.0,614.0,688.0
W02,Tokyo Hachioji,35.66,139.32,2026-08-12T18:00,2026-08-13,11,2026-08,2026-08-13T11:00,34.0,34.8,35.6,525.0,673.0,753.0
W02,Tokyo Hachioji,35.66,139.32,2026-08-12T18:00,2026-08-13,12,2026-08,2026-08-13T12:00,34.1,34.9,35.7,472.0,605.0,678.0
W02,Tokyo Hachioji,35.66,139.32,2026-08-12T18:00,2026-08-13,13,2026-08,2026-08-13T13:00,36.6,37.4,38.2,462.0,593.0,664.0
W02,Tokyo Hachioji,35.66,139.32,2026-08-12T18:00,2026-08-13,14,2026-08,2026-08-13T14:00,36.3,37.1,37.9,421.0,539.0,604.0
W02,Tokyo Hachioji,35.66,139.32,2026-08-12T18:00,2026-08-13,15,2026-08,2026-08-13T15:00,34.5,35.3,36.1,317.0,407.0,456.0
W02,Tokyo Hachioji,35.66,139.32,2026-08-12T18:00,2026-08-13,16,2026-08,2026-08-13T16:00,34.8,35.6,36.4,213.0,274.0,306.0
W02,Tokyo Hachioji,35.66,139.32,2026-08-12T18:00,2026-08-13,17,2026-08,2026-08-13T17:00,34.0,34.8,35.6,108.0,139.0,156.0
W02,Tokyo Hachioji,35.66,139.32,2026-08-12T18:00,2026-08-13,18,2026-08,2026-08-13T18:00,32.5,33.3,34.1,17.0,22.0,25.0
W02,Tokyo Hachioji,35.66,139.32,2026-08-12T18:00,2026-08-13,19,2026-08,2026-08-13T19:00,31.7,32.5,33.3,0.0,0.0,0.0
W02,Tokyo Hachioji,35.66,139.32,2026-08-12T18:00,2026-08-13,20,2026-08,2026-08-13T20:00,30.5,31.3,32.1,0.0,0.0,0.0
W02,Tokyo Hachioji,35.66,139.32,2026-08-12T18:00,2026-08-13,21,2026-08,2026-08-13T21:00,31.4,32.2,33.0,0.0,0.0,0.0
W02,Tokyo Hachioji,35.66,139.32,2026-08-12T18:00,2026-08-13,22,2026-08,2026-08-13T22:00,31.5,32.3,33.1,0.0,0.0,0.0
W02,Tokyo Hachioji,35.66,139.32,2026-08-12T18:00,2026-08-13,23,2026-08,2026-08-13T23:00,29.4,30.2,31.0,0.0,0.0,0.0
W03,Kanagawa Yokohama,35.44,139.64,2026-08-12T18:00,2026-08-13,0,2026-08,2026-08-13T00:00,27.8,28.6,29.4,0.0,0.0,0.0
W03,Kanagawa Yokohama,35.44,139.64,2026-08-12T18:00,2026-08-13,1,2026-08,2026-08-13T01:00,26.6,27.4,28.2,0.0,0.0,0.0
W03,Kanagawa Yokohama,35.44,139.64,2026-08-12T18:00,2026-08-13,2,2026-08,2026-08-13T02:00,28.1,28.9,29.7,0.0,0.0,0.0
W03,Kanagawa Yokohama,35.44,139.64,2026-08-12T18:00,2026-08-13,3,2026-08,2026-08-13T03:00,25.8,26.6,27.4,0.0,0.0,0.0
W03,Kanagawa Yokohama,35.44,139.64,2026-08-12T18:00,2026-08-13,4,2026-08,2026-08-13T04:00,27.0,27.8,28.6,0.0,0.0,0.0
W03,Kanagawa Yokohama,35.44,139.64,2026-08-12T18:00,2026-08-13,5,2026-08,2026-08-13T05:00,26.7,27.5,28.3,32.0,41.0,46.0
W03,Kanagawa Yokohama,35.44,139.64,2026-08-12T18:00,2026-08-13,6,2026-08,2026-08-13T06:00,27.2,28.0,28.8,127.0,163.0,182.0
W03,Kanagawa Yokohama,35.44,139.64,2026-08-12T18:00,2026-08-13,7,2026-08,2026-08-13T07:00,28.6,29.4,30.2,222.0,285.0,319.0
W03,Kanagawa Yokohama,35.44,139.64,2026-08-12T18:00,2026-08-13,8,2026-08,2026-08-13T08:00,29.2,30.0,30.8,323.0,414.0,463.0
W03,Kanagawa Yokohama,35.44,139.64,2026-08-12T18:00,2026-08-13,9,2026-08,2026-08-13T09:00,30.0,30.8,31.6,422.0,541.0,606.0
W03,Kanagawa Yokohama,35.44,139.64,2026-08-12T18:00,2026-08-13,10,2026-08,2026-08-13T10:00,31.4,32.2,33.0,466.0,597.0,668.0
W03,Kanagawa Yokohama,35.44,139.64,2026-08-12T18:00,2026-08-13,11,2026-08,2026-08-13T11:00,32.5,33.3,34.1,495.0,635.0,711.0
W03,Kanagawa Yokohama,35.44,139.64,2026-08-12T18:00,2026-08-13,12,2026-08,2026-08-13T12:00,32.6,33.4,34.2,502.0,644.0,721.0
W03,Kanagawa Yokohama,35.44,139.64,2026-08-12T18:00,2026-08-13,13,2026-08,2026-08-13T13:00,35.1,35.9,36.7,496.0,636.0,712.0
W03,Kanagawa Yokohama,35.44,139.64,2026-08-12T18:00,2026-08-13,14,2026-08,2026-08-13T14:00,34.8,35.6,36.4,382.0,489.0,548.0
W03,Kanagawa Yokohama,35.44,139.64,2026-08-12T18:00,2026-08-13,15,2026-08,2026-08-13T15:00,33.0,33.8,34.6,306.0,392.0,439.0
W03,Kanagawa Yokohama,35.44,139.64,2026-08-12T18:00,2026-08-13,16,2026-08,2026-08-13T16:00,33.3,34.1,34.9,214.0,274.0,307.0
W03,Kanagawa Yokohama,35.44,139.64,2026-08-12T18:00,2026-08-13,17,2026-08,2026-08-13T17:00,32.5,33.3,34.1,107.0,137.0,154.0
W03,Kanagawa Yokohama,35.44,139.64,2026-08-12T18:00,2026-08-13,18,2026-08,2026-08-13T18:00,31.0,31.8,32.6,18.0,23.0,25.0
W03,Kanagawa Yokohama,35.44,139.64,2026-08-12T18:00,2026-08-13,19,2026-08,2026-08-13T19:00,30.2,31.0,31.8,0.0,0.0,0.0
W03,Kanagawa Yokohama,35.44,139.64,2026-08-12T18:00,2026-08-13,20,2026-08,2026-08-13T20:00,29.0,29.8,30.6,0.0,0.0,0.0
W03,Kanagawa Yokohama,35.44,139.64,2026-08-12T18:00,2026-08-13,21,2026-08,2026-08-13T21:00,29.9,30.7,31.5,0.0,0.0,0.0
W03,Kanagawa Yokohama,35.44,139.64,2026-08-12T18:00,2026-08-13,22,2026-08,2026-08-13T22:00,30.0,30.8,31.6,0.0,0.0,0.0
W03,Kanagawa Yokohama,35.44,139.64,2026-08-12T18:00,2026-08-13,23,2026-08,2026-08-13T23:00,27.9,28.7,29.5,0.0,0.0,0.0
W04,Kanagawa Sagamihara,35.57,139.37,2026-08-12T18:00,2026-08-13,0,2026-08,2026-08-13T00:00,29.1,29.9,30.7,0.0,0.0,0.0
W04,Kanagawa Sagamihara,35.57,139.37,2026-08-12T18:00,2026-08-13,1,2026-08,2026-08-13T01:00,27.9,28.7,29.5,0.0,0.0,0.0
W04,Kanagawa Sagamihara,35.57,139.37,2026-08-12T18:00,2026-08-13,2,2026-08,2026-08-13T02:00,29.4,30.2,31.0,0.0,0.0,0.0
W04,Kanagawa Sagamihara,35.57,139.37,2026-08-12T18:00,2026-08-13,3,2026-08,2026-08-13T03:00,27.1,27.9,28.7,0.0,0.0,0.0
W04,Kanagawa Sagamihara,35.57,139.37,2026-08-12T18:00,2026-08-13,4,2026-08,2026-08-13T04:00,28.3,29.1,29.9,0.0,0.0,0.0
W04,Kanagawa Sagamihara,35.57,139.37,2026-08-12T18:00,2026-08-13,5,2026-08,2026-08-13T05:00,28.0,28.8,29.6,34.0,43.0,48.0
W04,Kanagawa Sagamihara,35.57,139.37,2026-08-12T18:00,2026-08-13,6,2026-08,2026-08-13T06:00,28.5,29.3,30.1,132.0,169.0,190.0
W04,Kanagawa Sagamihara,35.57,139.37,2026-08-12T18:00,2026-08-13,7,2026-08,2026-08-13T07:00,29.9,30.7,31.5,239.0,307.0,343.0
W04,Kanagawa Sagamihara,35.57,139.37,2026-08-12T18:00,2026-08-13,8,2026-08,2026-08-13T08:00,30.5,31.3,32.1,330.0,423.0,474.0
W04,Kanagawa Sagamihara,35.57,139.37,2026-08-12T18:00,2026-08-13,9,2026-08,2026-08-13T09:00,31.3,32.1,32.9,426.0,546.0,611.0
W04,Kanagawa Sagamihara,35.57,139.37,2026-08-12T18:00,2026-08-13,10,2026-08,2026-08-13T10:00,32.7,33.5,34.3,468.0,600.0,672.0
W04,Kanagawa Sagamihara,35.57,139.37,2026-08-12T18:00,2026-08-13,11,2026-08,2026-08-13T11:00,33.8,34.6,35.4,509.0,652.0,731.0
W04,Kanagawa Sagamihara,35.57,139.37,2026-08-12T18:00,2026-08-13,12,2026-08,2026-08-13T12:00,33.9,34.7,35.5,505.0,647.0,725.0
W04,Kanagawa Sagamihara,35.57,139.37,2026-08-12T18:00,2026-08-13,13,2026-08,2026-08-13T13:00,36.4,37.2,38.0,440.0,564.0,632.0
W04,Kanagawa Sagamihara,35.57,139.37,2026-08-12T18:00,2026-08-13,14,2026-08,2026-08-13T14:00,36.1,36.9,37.7,387.0,496.0,556.0
W04,Kanagawa Sagamihara,35.57,139.37,2026-08-12T18:00,2026-08-13,15,2026-08,2026-08-13T15:00,34.3,35.1,35.9,321.0,411.0,460.0
W04,Kanagawa Sagamihara,35.57,139.37,2026-08-12T18:00,2026-08-13,16,2026-08,2026-08-13T16:00,34.6,35.4,36.2,218.0,279.0,313.0
W04,Kanagawa Sagamihara,35.57,139.37,2026-08-12T18:00,2026-08-13,17,2026-08,2026-08-13T17:00,33.8,34.6,35.4,111.0,142.0,159.0
W04,Kanagawa Sagamihara,35.57,139.37,2026-08-12T18:00,2026-08-13,18,2026-08,2026-08-13T18:00,32.3,33.1,33.9,17.0,21.0,24.0
W04,Kanagawa Sagamihara,35.57,139.37,2026-08-12T18:00,2026-08-13,19,2026-08,2026-08-13T19:00,31.5,32.3,33.1,0.0,0.0,0.0
W04,Kanagawa Sagamihara,35.57,139.37,2026-08-12T18:00,2026-08-13,20,2026-08,2026-08-13T20:00,30.3,31.1,31.9,0.0,0.0,0.0
W04,Kanagawa Sagamihara,35.57,139.37,2026-08-12T18:00,2026-08-13,21,2026-08,2026-08-13T21:00,31.2,32.0,32.8,0.0,0.0,0.0
W04,Kanagawa Sagamihara,35.57,139.37,2026-08-12T18:00,2026-08-13,22,2026-08,2026-08-13T22:00,31.3,32.1,32.9,0.0,0.0,0.0
W04,Kanagawa Sagamihara,35.57,139.37,2026-08-12T18:00,2026-08-13,23,2026-08,2026-08-13T23:00,29.2,30.0,30.8,0.0,0.0,0.0
W05,Saitama Kumagaya,36.15,139.39,2026-08-12T18:00,2026-08-13,0,2026-08,2026-08-13T00:00,30.3,31.1,31.9,0.0,0.0,0.0
W05,Saitama Kumagaya,36.15,139.39,2026-08-12T18:00,2026-08-13,1,2026-08,2026-08-13T01:00,29.1,29.9,30.7,0.0,0.0,0.0
W05,Saitama Kumagaya,36.15,139.39,2026-08-12T18:00,2026-08-13,2,2026-08,2026-08-13T02:00,30.6,31.4,32.2,0.0,0.0,0.0
W05,Saitama Kumagaya,36.15,139.39,2026-08-12T18:00,2026-08-13,3,2026-08,2026-08-13T03:00,28.3,29.1,29.9,0.0,0.0,0.0
W05,Saitama Kumagaya,36.15,139.39,2026-08-12T18:00,2026-08-13,4,2026-08,2026-08-13T04:00,29.5,30.3,31.1,0.0,0.0,0.0
W05,Saitama Kumagaya,36.15,139.39,2026-08-12T18:00,2026-08-13,5,2026-08,2026-08-13T05:00,29.2,30.0,30.8,32.0,41.0,46.0
W05,Saitama Kumagaya,36.15,139.39,2026-08-12T18:00,2026-08-13,6,2026-08,2026-08-13T06:00,29.7,30.5,31.3,131.0,168.0,189.0
W05,Saitama Kumagaya,36.15,139.39,2026-08-12T18:00,2026-08-13,7,2026-08,2026-08-13T07:00,31.1,31.9,32.7,247.0,316.0,354.0
W05,Saitama Kumagaya,36.15,139.39,2026-08-12T18:00,2026-08-13,8,2026-08,2026-08-13T08:00,31.7,32.5,33.3,327.0,419.0,469.0
W05,Saitama Kumagaya,36.15,139.39,2026-08-12T18:00,2026-08-13,9,2026-08,2026-08-13T09:00,32.5,33.3,34.1,411.0,527.0,590.0
W05,Saitama Kumagaya,36.15,139.39,2026-08-12T18:00,2026-08-13,10,2026-08,2026-08-13T10:00,33.9,34.7,35.5,471.0,604.0,676.0
W05,Saitama Kumagaya,36.15,139.39,2026-08-12T18:00,2026-08-13,11,2026-08,2026-08-13T11:00,35.0,35.8,36.6,508.0,651.0,729.0
W05,Saitama Kumagaya,36.15,139.39,2026-08-12T18:00,2026-08-13,12,2026-08,2026-08-13T12:00,35.1,35.9,36.7,498.0,638.0,715.0
W05,Saitama Kumagaya,36.15,139.39,2026-08-12T18:00,2026-08-13,13,2026-08,2026-08-13T13:00,37.6,38.4,39.2,457.0,586.0,656.0
W05,Saitama Kumagaya,36.15,139.39,2026-08-12T18:00,2026-08-13,14,2026-08,2026-08-13T14:00,37.3,38.1,38.9,388.0,498.0,558.0
W05,Saitama Kumagaya,36.15,139.39,2026-08-12T18:00,2026-08-13,15,2026-08,2026-08-13T15:00,35.5,36.3,37.1,298.0,382.0,428.0
W05,Saitama Kumagaya,36.15,139.39,2026-08-12T18:00,2026-08-13,16,2026-08,2026-08-13T16:00,35.8,36.6,37.4,213.0,273.0,305.0
W05,Saitama Kumagaya,36.15,139.39,2026-08-12T18:00,2026-08-13,17,2026-08,2026-08-13T17:00,35.0,35.8,36.6,108.0,139.0,155.0
W05,Saitama Kumagaya,36.15,139.39,2026-08-12T18:00,2026-08-13,18,2026-08,2026-08-13T18:00,33.5,34.3,35.1,17.0,22.0,25.0
W05,Saitama Kumagaya,36.15,139.39,2026-08-12T18:00,2026-08-13,19,2026-08,2026-08-13T19:00,32.7,33.5,34.3,0.0,0.0,0.0
W05,Saitama Kumagaya,36.15,139.39,2026-08-12T18:00,2026-08-13,20,2026-08,2026-08-13T20:00,31.5,32.3,33.1,0.0,0.0,0.0
W05,Saitama Kumagaya,36.15,139.39,2026-08-12T18:00,2026-08-13,21,2026-08,2026-08-13T21:00,32.4,33.2,34.0,0.0,0.0,0.0
W05,Saitama Kumagaya,36.15,139.39,2026-08-12T18:00,2026-08-13,22,2026-08,2026-08-13T22:00,32.5,33.3,34.1,0.0,0.0,0.0
W05,Saitama Kumagaya,36.15,139.39,2026-08-12T18:00,2026-08-13,23,2026-08,2026-08-13T23:00,30.4,31.2,32.0,0.0,0.0,0.0
W06,Saitama Saitama,35.86,139.65,2026-08-12T18:00,2026-08-13,0,2026-08,2026-08-13T00:00,29.5,30.3,31.1,0.0,0.0,0.0
W06,Saitama Saitama,35.86,139.65,2026-08-12T18:00,2026-08-13,1,2026-08,2026-08-13T01:00,28.3,29.1,29.9,0.0,0.0,0.0
W06,Saitama Saitama,35.86,139.65,2026-08-12T18:00,2026-08-13,2,2026-08,2026-08-13T02:00,29.8,30.6,31.4,0.0,0.0,0.0
W06,Saitama Saitama,35.86,139.65,2026-08-12T18:00,2026-08-13,3,2026-08,2026-08-13T03:00,27.5,28.3,29.1,0.0,0.0,0.0
W06,Saitama Saitama,35.86,139.65,2026-08-12T18:00,2026-08-13,4,2026-08,2026-08-13T04:00,28.7,29.5,30.3,0.0,0.0,0.0
W06,Saitama Saitama,35.86,139.65,2026-08-12T18:00,2026-08-13,5,2026-08,2026-08-13T05:00,28.4,29.2,30.0,33.0,42.0,47.0
W06,Saitama Saitama,35.86,139.65,2026-08-12T18:00,2026-08-13,6,2026-08,2026-08-13T06:00,28.9,29.7,30.5,125.0,160.0,179.0
W06,Saitama Saitama,35.86,139.65,2026-08-12T18:00,2026-08-13,7,2026-08,2026-08-13T07:00,30.3,31.1,31.9,230.0,295.0,330.0
W06,Saitama Saitama,35.86,139.65,2026-08-12T18:00,2026-08-13,8,2026-08,2026-08-13T08:00,30.9,31.7,32.5,332.0,426.0,477.0
W06,Saitama Saitama,35.86,139.65,2026-08-12T18:00,2026-08-13,9,2026-08,2026-08-13T09:00,31.7,32.5,33.3,404.0,518.0,581.0
W06,Saitama Saitama,35.86,139.65,2026-08-12T18:00,2026-08-13,10,2026-08,2026-08-13T10:00,33.1,33.9,34.7,477.0,612.0,685.0
W06,Saitama Saitama,35.86,139.65,2026-08-12T18:00,2026-08-13,11,2026-08,2026-08-13T11:00,34.2,35.0,35.8,515.0,661.0,740.0
W06,Saitama Saitama,35.86,139.65,2026-08-12T18:00,2026-08-13,12,2026-08,2026-08-13T12:00,34.3,35.1,35.9,482.0,618.0,692.0
W06,Saitama Saitama,35.86,139.65,2026-08-12T18:00,2026-08-13,13,2026-08,2026-08-13T13:00,36.8,37.6,38.4,492.0,630.0,706.0
W06,Saitama Saitama,35.86,139.65,2026-08-12T18:00,2026-08-13,14,2026-08,2026-08-13T14:00,36.5,37.3,38.1,390.0,499.0,559.0
W06,Saitama Saitama,35.86,139.65,2026-08-12T18:00,2026-08-13,15,2026-08,2026-08-13T15:00,34.7,35.5,36.3,331.0,424.0,475.0
W06,Saitama Saitama,35.86,139.65,2026-08-12T18:00,2026-08-13,16,2026-08,2026-08-13T16:00,35.0,35.8,36.6,205.0,263.0,295.0
W06,Saitama Saitama,35.86,139.65,2026-08-12T18:00,2026-08-13,17,2026-08,2026-08-13T17:00,34.2,35.0,35.8,113.0,145.0,163.0
W06,Saitama Saitama,35.86,139.65,2026-08-12T18:00,2026-08-13,18,2026-08,2026-08-13T18:00,32.7,33.5,34.3,17.0,22.0,25.0
W06,Saitama Saitama,35.86,139.65,2026-08-12T18:00,2026-08-13,19,2026-08,2026-08-13T19:00,31.9,32.7,33.5,0.0,0.0,0.0
W06,Saitama Saitama,35.86,139.65,2026-08-12T18:00,2026-08-13,20,2026-08,2026-08-13T20:00,30.7,31.5,32.3,0.0,0.0,0.0
W06,Saitama Saitama,35.86,139.65,2026-08-12T18:00,2026-08-13,21,2026-08,2026-08-13T21:00,31.6,32.4,33.2,0.0,0.0,0.0
W06,Saitama Saitama,35.86,139.65,2026-08-12T18:00,2026-08-13,22,2026-08,2026-08-13T22:00,31.7,32.5,33.3,0.0,0.0,0.0
W06,Saitama Saitama,35.86,139.65,2026-08-12T18:00,2026-08-13,23,2026-08,2026-08-13T23:00,29.6,30.4,31.2,0.0,0.0,0.0
W07,Chiba Inzai,35.83,140.15,2026-08-12T18:00,2026-08-13,0,2026-08,2026-08-13T00:00,28.5,29.3,30.1,0.0,0.0,0.0
W07,Chiba Inzai,35.83,140.15,2026-08-12T18:00,2026-08-13,1,2026-08,2026-08-13T01:00,27.3,28.1,28.9,0.0,0.0,0.0
W07,Chiba Inzai,35.83,140.15,2026-08-12T18:00,2026-08-13,2,2026-08,2026-08-13T02:00,28.8,29.6,30.4,0.0,0.0,0.0
W07,Chiba Inzai,35.83,140.15,2026-08-12T18:00,2026-08-13,3,2026-08,2026-08-13T03:00,26.5,27.3,28.1,0.0,0.0,0.0
W07,Chiba Inzai,35.83,140.15,2026-08-12T18:00,2026-08-13,4,2026-08,2026-08-13T04:00,27.7,28.5,29.3,0.0,0.0,0.0
W07,Chiba Inzai,35.83,140.15,2026-08-12T18:00,2026-08-13,5,2026-08,2026-08-13T05:00,27.4,28.2,29.0,34.0,43.0,48.0
W07,Chiba Inzai,35.83,140.15,2026-08-12T18:00,2026-08-13,6,2026-08,2026-08-13T06:00,27.9,28.7,29.5,129.0,165.0,185.0
W07,Chiba Inzai,35.83,140.15,2026-08-12T18:00,2026-08-13,7,2026-08,2026-08-13T07:00,29.3,30.1,30.9,230.0,295.0,331.0
W07,Chiba Inzai,35.83,140.15,2026-08-12T18:00,2026-08-13,8,2026-08,2026-08-13T08:00,29.9,30.7,31.5,322.0,413.0,463.0
W07,Chiba Inzai,35.83,140.15,2026-08-12T18:00,2026-08-13,9,2026-08,2026-08-13T09:00,30.7,31.5,32.3,411.0,527.0,591.0
W07,Chiba Inzai,35.83,140.15,2026-08-12T18:00,2026-08-13,10,2026-08,2026-08-13T10:00,32.1,32.9,33.7,492.0,631.0,706.0
W07,Chiba Inzai,35.83,140.15,2026-08-12T18:00,2026-08-13,11,2026-08,2026-08-13T11:00,33.2,34.0,34.8,494.0,634.0,710.0
W07,Chiba Inzai,35.83,140.15,2026-08-12T18:00,2026-08-13,12,2026-08,2026-08-13T12:00,33.3,34.1,34.9,478.0,612.0,686.0
W07,Chiba Inzai,35.83,140.15,2026-08-12T18:00,2026-08-13,13,2026-08,2026-08-13T13:00,35.8,36.6,37.4,462.0,592.0,664.0
W07,Chiba Inzai,35.83,140.15,2026-08-12T18:00,2026-08-13,14,2026-08,2026-08-13T14:00,35.5,36.3,37.1,399.0,511.0,572.0
W07,Chiba Inzai,35.83,140.15,2026-08-12T18:00,2026-08-13,15,2026-08,2026-08-13T15:00,33.7,34.5,35.3,317.0,406.0,455.0
W07,Chiba Inzai,35.83,140.15,2026-08-12T18:00,2026-08-13,16,2026-08,2026-08-13T16:00,34.0,34.8,35.6,218.0,279.0,313.0
W07,Chiba Inzai,35.83,140.15,2026-08-12T18:00,2026-08-13,17,2026-08,2026-08-13T17:00,33.2,34.0,34.8,111.0,142.0,159.0
W07,Chiba Inzai,35.83,140.15,2026-08-12T18:00,2026-08-13,18,2026-08,2026-08-13T18:00,31.7,32.5,33.3,18.0,23.0,25.0
W07,Chiba Inzai,35.83,140.15,2026-08-12T18:00,2026-08-13,19,2026-08,2026-08-13T19:00,30.9,31.7,32.5,0.0,0.0,0.0
W07,Chiba Inzai,35.83,140.15,2026-08-12T18:00,2026-08-13,20,2026-08,2026-08-13T20:00,29.7,30.5,31.3,0.0,0.0,0.0
W07,Chiba Inzai,35.83,140.15,2026-08-12T18:00,2026-08-13,21,2026-08,2026-08-13T21:00,30.6,31.4,32.2,0.0,0.0,0.0
W07,Chiba Inzai,35.83,140.15,2026-08-12T18:00,2026-08-13,22,2026-08,2026-08-13T22:00,30.7,31.5,32.3,0.0,0.0,0.0
W07,Chiba Inzai,35.83,140.15,2026-08-12T18:00,2026-08-13,23,2026-08,2026-08-13T23:00,28.6,29.4,30.2,0.0,0.0,0.0
W08,Chiba Chiba,35.61,140.12,2026-08-12T18:00,2026-08-13,0,2026-08,2026-08-13T00:00,27.9,28.7,29.5,0.0,0.0,0.0
W08,Chiba Chiba,35.61,140.12,2026-08-12T18:00,2026-08-13,1,2026-08,2026-08-13T01:00,26.7,27.5,28.3,0.0,0.0,0.0
W08,Chiba Chiba,35.61,140.12,2026-08-12T18:00,2026-08-13,2,2026-08,2026-08-13T02:00,28.2,29.0,29.8,0.0,0.0,0.0
W08,Chiba Chiba,35.61,140.12,2026-08-12T18:00,2026-08-13,3,2026-08,2026-08-13T03:00,25.9,26.7,27.5,0.0,0.0,0.0
W08,Chiba Chiba,35.61,140.12,2026-08-12T18:00,2026-08-13,4,2026-08,2026-08-13T04:00,27.1,27.9,28.7,0.0,0.0,0.0
W08,Chiba Chiba,35.61,140.12,2026-08-12T18:00,2026-08-13,5,2026-08,2026-08-13T05:00,26.8,27.6,28.4,33.0,42.0,47.0
W08,Chiba Chiba,35.61,140.12,2026-08-12T18:00,2026-08-13,6,2026-08,2026-08-13T06:00,27.3,28.1,28.9,132.0,169.0,189.0
W08,Chiba Chiba,35.61,140.12,2026-08-12T18:00,2026-08-13,7,2026-08,2026-08-13T07:00,28.7,29.5,30.3,234.0,299.0,335.0
W08,Chiba Chiba,35.61,140.12,2026-08-12T18:00,2026-08-13,8,2026-08,2026-08-13T08:00,29.3,30.1,30.9,324.0,416.0,466.0
W08,Chiba Chiba,35.61,140.12,2026-08-12T18:00,2026-08-13,9,2026-08,2026-08-13T09:00,30.1,30.9,31.7,414.0,530.0,594.0
W08,Chiba Chiba,35.61,140.12,2026-08-12T18:00,2026-08-13,10,2026-08,2026-08-13T10:00,31.5,32.3,33.1,452.0,580.0,650.0
W08,Chiba Chiba,35.61,140.12,2026-08-12T18:00,2026-08-13,11,2026-08,2026-08-13T11:00,32.6,33.4,34.2,529.0,678.0,759.0
W08,Chiba Chiba,35.61,140.12,2026-08-12T18:00,2026-08-13,12,2026-08,2026-08-13T12:00,32.7,33.5,34.3,516.0,662.0,742.0
W08,Chiba Chiba,35.61,140.12,2026-08-12T18:00,2026-08-13,13,2026-08,2026-08-13T13:00,35.2,36.0,36.8,467.0,599.0,670.0
W08,Chiba Chiba,35.61,140.12,2026-08-12T18:00,2026-08-13,14,2026-08,2026-08-13T14:00,34.9,35.7,36.5,394.0,505.0,565.0
W08,Chiba Chiba,35.61,140.12,2026-08-12T18:00,2026-08-13,15,2026-08,2026-08-13T15:00,33.1,33.9,34.7,313.0,401.0,449.0
W08,Chiba Chiba,35.61,140.12,2026-08-12T18:00,2026-08-13,16,2026-08,2026-08-13T16:00,33.4,34.2,35.0,211.0,271.0,303.0
W08,Chiba Chiba,35.61,140.12,2026-08-12T18:00,2026-08-13,17,2026-08,2026-08-13T17:00,32.6,33.4,34.2,110.0,141.0,158.0
W08,Chiba Chiba,35.61,140.12,2026-08-12T18:00,2026-08-13,18,2026-08,2026-08-13T18:00,31.1,31.9,32.7,18.0,23.0,26.0
W08,Chiba Chiba,35.61,140.12,2026-08-12T18:00,2026-08-13,19,2026-08,2026-08-13T19:00,30.3,31.1,31.9,0.0,0.0,0.0
W08,Chiba Chiba,35.61,140.12,2026-08-12T18:00,2026-08-13,20,2026-08,2026-08-13T20:00,29.1,29.9,30.7,0.0,0.0,0.0
W08,Chiba Chiba,35.61,140.12,2026-08-12T18:00,2026-08-13,21,2026-08,2026-08-13T21:00,30.0,30.8,31.6,0.0,0.0,0.0
W08,Chiba Chiba,35.61,140.12,2026-08-12T18:00,2026-08-13,22,2026-08,2026-08-13T22:00,30.1,30.9,31.7,0.0,0.0,0.0
W08,Chiba Chiba,35.61,140.12,2026-08-12T18:00,2026-08-13,23,2026-08,2026-08-13T23:00,28.0,28.8,29.6,0.0,0.0,0.0
W09,Ibaraki Tsukuba,36.08,140.08,2026-08-12T18:00,2026-08-13,0,2026-08,2026-08-13T00:00,28.6,29.4,30.2,0.0,0.0,0.0
W09,Ibaraki Tsukuba,36.08,140.08,2026-08-12T18:00,2026-08-13,1,2026-08,2026-08-13T01:00,27.4,28.2,29.0,0.0,0.0,0.0
W09,Ibaraki Tsukuba,36.08,140.08,2026-08-12T18:00,2026-08-13,2,2026-08,2026-08-13T02:00,28.9,29.7,30.5,0.0,0.0,0.0
W09,Ibaraki Tsukuba,36.08,140.08,2026-08-12T18:00,2026-08-13,3,2026-08,2026-08-13T03:00,26.6,27.4,28.2,0.0,0.0,0.0
W09,Ibaraki Tsukuba,36.08,140.08,2026-08-12T18:00,2026-08-13,4,2026-08,2026-08-13T04:00,27.8,28.6,29.4,0.0,0.0,0.0
W09,Ibaraki Tsukuba,36.08,140.08,2026-08-12T18:00,2026-08-13,5,2026-08,2026-08-13T05:00,27.5,28.3,29.1,33.0,43.0,48.0
W09,Ibaraki Tsukuba,36.08,140.08,2026-08-12T18:00,2026-08-13,6,2026-08,2026-08-13T06:00,28.0,28.8,29.6,134.0,172.0,192.0
W09,Ibaraki Tsukuba,36.08,140.08,2026-08-12T18:00,2026-08-13,7,2026-08,2026-08-13T07:00,29.4,30.2,31.0,240.0,308.0,345.0
W09,Ibaraki Tsukuba,36.08,140.08,2026-08-12T18:00,2026-08-13,8,2026-08,2026-08-13T08:00,30.0,30.8,31.6,326.0,419.0,469.0
W09,Ibaraki Tsukuba,36.08,140.08,2026-08-12T18:00,2026-08-13,9,2026-08,2026-08-13T09:00,30.8,31.6,32.4,404.0,517.0,579.0
W09,Ibaraki Tsukuba,36.08,140.08,2026-08-12T18:00,2026-08-13,10,2026-08,2026-08-13T10:00,32.2,33.0,33.8,442.0,567.0,635.0
W09,Ibaraki Tsukuba,36.08,140.08,2026-08-12T18:00,2026-08-13,11,2026-08,2026-08-13T11:00,33.3,34.1,34.9,501.0,642.0,720.0
W09,Ibaraki Tsukuba,36.08,140.08,2026-08-12T18:00,2026-08-13,12,2026-08,2026-08-13T12:00,33.4,34.2,35.0,476.0,610.0,683.0
W09,Ibaraki Tsukuba,36.08,140.08,2026-08-12T18:00,2026-08-13,13,2026-08,2026-08-13T13:00,35.9,36.7,37.5,456.0,584.0,654.0
W09,Ibaraki Tsukuba,36.08,140.08,2026-08-12T18:00,2026-08-13,14,2026-08,2026-08-13T14:00,35.6,36.4,37.2,377.0,483.0,541.0
W09,Ibaraki Tsukuba,36.08,140.08,2026-08-12T18:00,2026-08-13,15,2026-08,2026-08-13T15:00,33.8,34.6,35.4,306.0,392.0,439.0
W09,Ibaraki Tsukuba,36.08,140.08,2026-08-12T18:00,2026-08-13,16,2026-08,2026-08-13T16:00,34.1,34.9,35.7,211.0,270.0,302.0
W09,Ibaraki Tsukuba,36.08,140.08,2026-08-12T18:00,2026-08-13,17,2026-08,2026-08-13T17:00,33.3,34.1,34.9,108.0,138.0,155.0
W09,Ibaraki Tsukuba,36.08,140.08,2026-08-12T18:00,2026-08-13,18,2026-08,2026-08-13T18:00,31.8,32.6,33.4,17.0,22.0,25.0
W09,Ibaraki Tsukuba,36.08,140.08,2026-08-12T18:00,2026-08-13,19,2026-08,2026-08-13T19:00,31.0,31.8,32.6,0.0,0.0,0.0
W09,Ibaraki Tsukuba,36.08,140.08,2026-08-12T18:00,2026-08-13,20,2026-08,2026-08-13T20:00,29.8,30.6,31.4,0.0,0.0,0.0
W09,Ibaraki Tsukuba,36.08,140.08,2026-08-12T18:00,2026-08-13,21,2026-08,2026-08-13T21:00,30.7,31.5,32.3,0.0,0.0,0.0
W09,Ibaraki Tsukuba,36.08,140.08,2026-08-12T18:00,2026-08-13,22,2026-08,2026-08-13T22:00,30.8,31.6,32.4,0.0,0.0,0.0
W09,Ibaraki Tsukuba,36.08,140.08,2026-08-12T18:00,2026-08-13,23,2026-08,2026-08-13T23:00,28.7,29.5,30.3,0.0,0.0,0.0
W10,Gunma Maebashi,36.39,139.06,2026-08-12T18:00,2026-08-13,0,2026-08,2026-08-13T00:00,29.9,30.7,31.5,0.0,0.0,0.0
W10,Gunma Maebashi,36.39,139.06,2026-08-12T18:00,2026-08-13,1,2026-08,2026-08-13T01:00,28.7,29.5,30.3,0.0,0.0,0.0
W10,Gunma Maebashi,36.39,139.06,2026-08-12T18:00,2026-08-13,2,2026-08,2026-08-13T02:00,30.2,31.0,31.8,0.0,0.0,0.0
W10,Gunma Maebashi,36.39,139.06,2026-08-12T18:00,2026-08-13,3,2026-08,2026-08-13T03:00,27.9,28.7,29.5,0.0,0.0,0.0
W10,Gunma Maebashi,36.39,139.06,2026-08-12T18:00,2026-08-13,4,2026-08,2026-08-13T04:00,29.1,29.9,30.7,0.0,0.0,0.0
W10,Gunma Maebashi,36.39,139.06,2026-08-12T18:00,2026-08-13,5,2026-08,2026-08-13T05:00,28.8,29.6,30.4,33.0,43.0,48.0
W10,Gunma Maebashi,36.39,139.06,2026-08-12T18:00,2026-08-13,6,2026-08,2026-08-13T06:00,29.3,30.1,30.9,117.0,150.0,168.0
W10,Gunma Maebashi,36.39,139.06,2026-08-12T18:00,2026-08-13,7,2026-08,2026-08-13T07:00,30.7,31.5,32.3,245.0,314.0,351.0
W10,Gunma Maebashi,36.39,139.06,2026-08-12T18:00,2026-08-13,8,2026-08,2026-08-13T08:00,31.3,32.1,32.9,334.0,428.0,480.0
W10,Gunma Maebashi,36.39,139.06,2026-08-12T18:00,2026-08-13,9,2026-08,2026-08-13T09:00,32.1,32.9,33.7,429.0,550.0,615.0
W10,Gunma Maebashi,36.39,139.06,2026-08-12T18:00,2026-08-13,10,2026-08,2026-08-13T10:00,33.5,34.3,35.1,487.0,624.0,699.0
W10,Gunma Maebashi,36.39,139.06,2026-08-12T18:00,2026-08-13,11,2026-08,2026-08-13T11:00,34.6,35.4,36.2,527.0,676.0,757.0
W10,Gunma Maebashi,36.39,139.06,2026-08-12T18:00,2026-08-13,12,2026-08,2026-08-13T12:00,34.7,35.5,36.3,475.0,609.0,682.0
W10,Gunma Maebashi,36.39,139.06,2026-08-12T18:00,2026-08-13,13,2026-08,2026-08-13T13:00,37.2,38.0,38.8,475.0,609.0,682.0
W10,Gunma Maebashi,36.39,139.06,2026-08-12T18:00,2026-08-13,14,2026-08,2026-08-13T14:00,36.9,37.7,38.5,393.0,504.0,564.0
W10,Gunma Maebashi,36.39,139.06,2026-08-12T18:00,2026-08-13,15,2026-08,2026-08-13T15:00,35.1,35.9,36.7,318.0,408.0,457.0
W10,Gunma Maebashi,36.39,139.06,2026-08-12T18:00,2026-08-13,16,2026-08,2026-08-13T16:00,35.4,36.2,37.0,216.0,277.0,310.0
W10,Gunma Maebashi,36.39,139.06,2026-08-12T18:00,2026-08-13,17,2026-08,2026-08-13T17:00,34.6,35.4,36.2,109.0,140.0,156.0
W10,Gunma Maebashi,36.39,139.06,2026-08-12T18:00,2026-08-13,18,2026-08,2026-08-13T18:00,33.1,33.9,34.7,18.0,23.0,26.0
W10,Gunma Maebashi,36.39,139.06,2026-08-12T18:00,2026-08-13,19,2026-08,2026-08-13T19:00,32.3,33.1,33.9,0.0,0.0,0.0
W10,Gunma Maebashi,36.39,139.06,2026-08-12T18:00,2026-08-13,20,2026-08,2026-08-13T20:00,31.1,31.9,32.7,0.0,0.0,0.0
W10,Gunma Maebashi,36.39,139.06,2026-08-12T18:00,2026-08-13,21,2026-08,2026-08-13T21:00,32.0,32.8,33.6,0.0,0.0,0.0
W10,Gunma Maebashi,36.39,139.06,2026-08-12T18:00,2026-08-13,22,2026-08,2026-08-13T22:00,32.1,32.9,33.7,0.0,0.0,0.0
W10,Gunma Maebashi,36.39,139.06,2026-08-12T18:00,2026-08-13,23,2026-08,2026-08-13T23:00,30.0,30.8,31.6,0.0,0.0,0.0
W01,Tokyo Otemachi,35.69,139.76,2026-08-13T18:00,2026-08-14,0,2026-08,2026-08-14T00:00,28.7,29.5,30.3,0.0,0.0,0.0
W01,Tokyo Otemachi,35.69,139.76,2026-08-13T18:00,2026-08-14,1,2026-08,2026-08-14T01:00,27.4,28.2,29.0,0.0,0.0,0.0
W01,Tokyo Otemachi,35.69,139.76,2026-08-13T18:00,2026-08-14,2,2026-08,2026-08-14T02:00,27.8,28.6,29.4,0.0,0.0,0.0
W01,Tokyo Otemachi,35.69,139.76,2026-08-13T18:00,2026-08-14,3,2026-08,2026-08-14T03:00,27.5,28.3,29.1,0.0,0.0,0.0
W01,Tokyo Otemachi,35.69,139.76,2026-08-13T18:00,2026-08-14,4,2026-08,2026-08-14T04:00,27.6,28.4,29.2,0.0,0.0,0.0
W01,Tokyo Otemachi,35.69,139.76,2026-08-13T18:00,2026-08-14,5,2026-08,2026-08-14T05:00,28.4,29.2,30.0,33.0,42.0,47.0
W01,Tokyo Otemachi,35.69,139.76,2026-08-13T18:00,2026-08-14,6,2026-08,2026-08-14T06:00,28.3,29.1,29.9,126.0,161.0,181.0
W01,Tokyo Otemachi,35.69,139.76,2026-08-13T18:00,2026-08-14,7,2026-08,2026-08-14T07:00,28.4,29.2,30.0,237.0,304.0,340.0
W01,Tokyo Otemachi,35.69,139.76,2026-08-13T18:00,2026-08-14,8,2026-08,2026-08-14T08:00,28.9,29.7,30.5,319.0,409.0,458.0
W01,Tokyo Otemachi,35.69,139.76,2026-08-13T18:00,2026-08-14,9,2026-08,2026-08-14T09:00,30.8,31.6,32.4,394.0,505.0,566.0
W01,Tokyo Otemachi,35.69,139.76,2026-08-13T18:00,2026-08-14,10,2026-08,2026-08-14T10:00,31.5,32.3,33.1,510.0,653.0,732.0
W01,Tokyo Otemachi,35.69,139.76,2026-08-13T18:00,2026-08-14,11,2026-08,2026-08-14T11:00,32.8,33.6,34.4,499.0,639.0,716.0
W01,Tokyo Otemachi,35.69,139.76,2026-08-13T18:00,2026-08-14,12,2026-08,2026-08-14T12:00,34.0,34.8,35.6,480.0,615.0,689.0
W01,Tokyo Otemachi,35.69,139.76,2026-08-13T18:00,2026-08-14,13,2026-08,2026-08-14T13:00,33.3,34.1,34.9,452.0,579.0,649.0
W01,Tokyo Otemachi,35.69,139.76,2026-08-13T18:00,2026-08-14,14,2026-08,2026-08-14T14:00,34.7,35.5,36.3,395.0,506.0,567.0
W01,Tokyo Otemachi,35.69,139.76,2026-08-13T18:00,2026-08-14,15,2026-08,2026-08-14T15:00,33.9,34.7,35.5,310.0,397.0,445.0
W01,Tokyo Otemachi,35.69,139.76,2026-08-13T18:00,2026-08-14,16,2026-08,2026-08-14T16:00,33.3,34.1,34.9,210.0,270.0,302.0
W01,Tokyo Otemachi,35.69,139.76,2026-08-13T18:00,2026-08-14,17,2026-08,2026-08-14T17:00,33.1,33.9,34.7,108.0,138.0,154.0
W01,Tokyo Otemachi,35.69,139.76,2026-08-13T18:00,2026-08-14,18,2026-08,2026-08-14T18:00,32.8,33.6,34.4,17.0,22.0,25.0
W01,Tokyo Otemachi,35.69,139.76,2026-08-13T18:00,2026-08-14,19,2026-08,2026-08-14T19:00,31.3,32.1,32.9,0.0,0.0,0.0
W01,Tokyo Otemachi,35.69,139.76,2026-08-13T18:00,2026-08-14,20,2026-08,2026-08-14T20:00,31.5,32.3,33.1,0.0,0.0,0.0
W01,Tokyo Otemachi,35.69,139.76,2026-08-13T18:00,2026-08-14,21,2026-08,2026-08-14T21:00,31.3,32.1,32.9,0.0,0.0,0.0
W01,Tokyo Otemachi,35.69,139.76,2026-08-13T18:00,2026-08-14,22,2026-08,2026-08-14T22:00,29.4,30.2,31.0,0.0,0.0,0.0
W01,Tokyo Otemachi,35.69,139.76,2026-08-13T18:00,2026-08-14,23,2026-08,2026-08-14T23:00,29.3,30.1,30.9,0.0,0.0,0.0
W02,Tokyo Hachioji,35.66,139.32,2026-08-13T18:00,2026-08-14,0,2026-08,2026-08-14T00:00,29.3,30.1,30.9,0.0,0.0,0.0
W02,Tokyo Hachioji,35.66,139.32,2026-08-13T18:00,2026-08-14,1,2026-08,2026-08-14T01:00,28.0,28.8,29.6,0.0,0.0,0.0
W02,Tokyo Hachioji,35.66,139.32,2026-08-13T18:00,2026-08-14,2,2026-08,2026-08-14T02:00,28.4,29.2,30.0,0.0,0.0,0.0
W02,Tokyo Hachioji,35.66,139.32,2026-08-13T18:00,2026-08-14,3,2026-08,2026-08-14T03:00,28.1,28.9,29.7,0.0,0.0,0.0
W02,Tokyo Hachioji,35.66,139.32,2026-08-13T18:00,2026-08-14,4,2026-08,2026-08-14T04:00,28.2,29.0,29.8,0.0,0.0,0.0
W02,Tokyo Hachioji,35.66,139.32,2026-08-13T18:00,2026-08-14,5,2026-08,2026-08-14T05:00,29.0,29.8,30.6,34.0,43.0,48.0
W02,Tokyo Hachioji,35.66,139.32,2026-08-13T18:00,2026-08-14,6,2026-08,2026-08-14T06:00,28.9,29.7,30.5,131.0,168.0,188.0
W02,Tokyo Hachioji,35.66,139.32,2026-08-13T18:00,2026-08-14,7,2026-08,2026-08-14T07:00,29.0,29.8,30.6,237.0,304.0,341.0
W02,Tokyo Hachioji,35.66,139.32,2026-08-13T18:00,2026-08-14,8,2026-08,2026-08-14T08:00,29.5,30.3,31.1,339.0,434.0,486.0
W02,Tokyo Hachioji,35.66,139.32,2026-08-13T18:00,2026-08-14,9,2026-08,2026-08-14T09:00,31.4,32.2,33.0,425.0,544.0,610.0
W02,Tokyo Hachioji,35.66,139.32,2026-08-13T18:00,2026-08-14,10,2026-08,2026-08-14T10:00,32.1,32.9,33.7,441.0,565.0,633.0
W02,Tokyo Hachioji,35.66,139.32,2026-08-13T18:00,2026-08-14,11,2026-08,2026-08-14T11:00,33.4,34.2,35.0,501.0,643.0,720.0
W02,Tokyo Hachioji,35.66,139.32,2026-08-13T18:00,2026-08-14,12,2026-08,2026-08-14T12:00,34.6,35.4,36.2,506.0,649.0,727.0
W02,Tokyo Hachioji,35.66,139.32,2026-08-13T18:00,2026-08-14,13,2026-08,2026-08-14T13:00,33.9,34.7,35.5,472.0,605.0,677.0
W02,Tokyo Hachioji,35.66,139.32,2026-08-13T18:00,2026-08-14,14,2026-08,2026-08-14T14:00,35.3,36.1,36.9,400.0,512.0,574.0
W02,Tokyo Hachioji,35.66,139.32,2026-08-13T18:00,2026-08-14,15,2026-08,2026-08-14T15:00,34.5,35.3,36.1,322.0,412.0,462.0
W02,Tokyo Hachioji,35.66,139.32,2026-08-13T18:00,2026-08-14,16,2026-08,2026-08-14T16:00,33.9,34.7,35.5,215.0,276.0,309.0
W02,Tokyo Hachioji,35.66,139.32,2026-08-13T18:00,2026-08-14,17,2026-08,2026-08-14T17:00,33.7,34.5,35.3,113.0,145.0,162.0
W02,Tokyo Hachioji,35.66,139.32,2026-08-13T18:00,2026-08-14,18,2026-08,2026-08-14T18:00,33.4,34.2,35.0,18.0,23.0,26.0
W02,Tokyo Hachioji,35.66,139.32,2026-08-13T18:00,2026-08-14,19,2026-08,2026-08-14T19:00,31.9,32.7,33.5,0.0,0.0,0.0
W02,Tokyo Hachioji,35.66,139.32,2026-08-13T18:00,2026-08-14,20,2026-08,2026-08-14T20:00,32.1,32.9,33.7,0.0,0.0,0.0
W02,Tokyo Hachioji,35.66,139.32,2026-08-13T18:00,2026-08-14,21,2026-08,2026-08-14T21:00,31.9,32.7,33.5,0.0,0.0,0.0
W02,Tokyo Hachioji,35.66,139.32,2026-08-13T18:00,2026-08-14,22,2026-08,2026-08-14T22:00,30.0,30.8,31.6,0.0,0.0,0.0
W02,Tokyo Hachioji,35.66,139.32,2026-08-13T18:00,2026-08-14,23,2026-08,2026-08-14T23:00,29.9,30.7,31.5,0.0,0.0,0.0
W03,Kanagawa Yokohama,35.44,139.64,2026-08-13T18:00,2026-08-14,0,2026-08,2026-08-14T00:00,27.8,28.6,29.4,0.0,0.0,0.0
W03,Kanagawa Yokohama,35.44,139.64,2026-08-13T18:00,2026-08-14,1,2026-08,2026-08-14T01:00,26.5,27.3,28.1,0.0,0.0,0.0
W03,Kanagawa Yokohama,35.44,139.64,2026-08-13T18:00,2026-08-14,2,2026-08,2026-08-14T02:00,26.9,27.7,28.5,0.0,0.0,0.0
W03,Kanagawa Yokohama,35.44,139.64,2026-08-13T18:00,2026-08-14,3,2026-08,2026-08-14T03:00,26.6,27.4,28.2,0.0,0.0,0.0
W03,Kanagawa Yokohama,35.44,139.64,2026-08-13T18:00,2026-08-14,4,2026-08,2026-08-14T04:00,26.7,27.5,28.3,0.0,0.0,0.0
W03,Kanagawa Yokohama,35.44,139.64,2026-08-13T18:00,2026-08-14,5,2026-08,2026-08-14T05:00,27.5,28.3,29.1,32.0,41.0,46.0
W03,Kanagawa Yokohama,35.44,139.64,2026-08-13T18:00,2026-08-14,6,2026-08,2026-08-14T06:00,27.4,28.2,29.0,132.0,169.0,189.0
W03,Kanagawa Yokohama,35.44,139.64,2026-08-13T18:00,2026-08-14,7,2026-08,2026-08-14T07:00,27.5,28.3,29.1,232.0,297.0,333.0
W03,Kanagawa Yokohama,35.44,139.64,2026-08-13T18:00,2026-08-14,8,2026-08,2026-08-14T08:00,28.0,28.8,29.6,331.0,424.0,475.0
W03,Kanagawa Yokohama,35.44,139.64,2026-08-13T18:00,2026-08-14,9,2026-08,2026-08-14T09:00,29.9,30.7,31.5,417.0,534.0,599.0
W03,Kanagawa Yokohama,35.44,139.64,2026-08-13T18:00,2026-08-14,10,2026-08,2026-08-14T10:00,30.6,31.4,32.2,455.0,583.0,653.0
W03,Kanagawa Yokohama,35.44,139.64,2026-08-13T18:00,2026-08-14,11,2026-08,2026-08-14T11:00,31.9,32.7,33.5,517.0,663.0,742.0
W03,Kanagawa Yokohama,35.44,139.64,2026-08-13T18:00,2026-08-14,12,2026-08,2026-08-14T12:00,33.1,33.9,34.7,498.0,639.0,715.0
W03,Kanagawa Yokohama,35.44,139.64,2026-08-13T18:00,2026-08-14,13,2026-08,2026-08-14T13:00,32.4,33.2,34.0,466.0,597.0,668.0
W03,Kanagawa Yokohama,35.44,139.64,2026-08-13T18:00,2026-08-14,14,2026-08,2026-08-14T14:00,33.8,34.6,35.4,373.0,478.0,535.0
W03,Kanagawa Yokohama,35.44,139.64,2026-08-13T18:00,2026-08-14,15,2026-08,2026-08-14T15:00,33.0,33.8,34.6,302.0,387.0,433.0
W03,Kanagawa Yokohama,35.44,139.64,2026-08-13T18:00,2026-08-14,16,2026-08,2026-08-14T16:00,32.4,33.2,34.0,211.0,271.0,303.0
W03,Kanagawa Yokohama,35.44,139.64,2026-08-13T18:00,2026-08-14,17,2026-08,2026-08-14T17:00,32.2,33.0,33.8,111.0,142.0,159.0
W03,Kanagawa Yokohama,35.44,139.64,2026-08-13T18:00,2026-08-14,18,2026-08,2026-08-14T18:00,31.9,32.7,33.5,17.0,22.0,25.0
W03,Kanagawa Yokohama,35.44,139.64,2026-08-13T18:00,2026-08-14,19,2026-08,2026-08-14T19:00,30.4,31.2,32.0,0.0,0.0,0.0
W03,Kanagawa Yokohama,35.44,139.64,2026-08-13T18:00,2026-08-14,20,2026-08,2026-08-14T20:00,30.6,31.4,32.2,0.0,0.0,0.0
W03,Kanagawa Yokohama,35.44,139.64,2026-08-13T18:00,2026-08-14,21,2026-08,2026-08-14T21:00,30.4,31.2,32.0,0.0,0.0,0.0
W03,Kanagawa Yokohama,35.44,139.64,2026-08-13T18:00,2026-08-14,22,2026-08,2026-08-14T22:00,28.5,29.3,30.1,0.0,0.0,0.0
W03,Kanagawa Yokohama,35.44,139.64,2026-08-13T18:00,2026-08-14,23,2026-08,2026-08-14T23:00,28.4,29.2,30.0,0.0,0.0,0.0
W04,Kanagawa Sagamihara,35.57,139.37,2026-08-13T18:00,2026-08-14,0,2026-08,2026-08-14T00:00,29.1,29.9,30.7,0.0,0.0,0.0
W04,Kanagawa Sagamihara,35.57,139.37,2026-08-13T18:00,2026-08-14,1,2026-08,2026-08-14T01:00,27.8,28.6,29.4,0.0,0.0,0.0
W04,Kanagawa Sagamihara,35.57,139.37,2026-08-13T18:00,2026-08-14,2,2026-08,2026-08-14T02:00,28.2,29.0,29.8,0.0,0.0,0.0
W04,Kanagawa Sagamihara,35.57,139.37,2026-08-13T18:00,2026-08-14,3,2026-08,2026-08-14T03:00,27.9,28.7,29.5,0.0,0.0,0.0
W04,Kanagawa Sagamihara,35.57,139.37,2026-08-13T18:00,2026-08-14,4,2026-08,2026-08-14T04:00,28.0,28.8,29.6,0.0,0.0,0.0
W04,Kanagawa Sagamihara,35.57,139.37,2026-08-13T18:00,2026-08-14,5,2026-08,2026-08-14T05:00,28.8,29.6,30.4,34.0,44.0,49.0
W04,Kanagawa Sagamihara,35.57,139.37,2026-08-13T18:00,2026-08-14,6,2026-08,2026-08-14T06:00,28.7,29.5,30.3,133.0,170.0,190.0
W04,Kanagawa Sagamihara,35.57,139.37,2026-08-13T18:00,2026-08-14,7,2026-08,2026-08-14T07:00,28.8,29.6,30.4,230.0,294.0,330.0
W04,Kanagawa Sagamihara,35.57,139.37,2026-08-13T18:00,2026-08-14,8,2026-08,2026-08-14T08:00,29.3,30.1,30.9,336.0,430.0,482.0
W04,Kanagawa Sagamihara,35.57,139.37,2026-08-13T18:00,2026-08-14,9,2026-08,2026-08-14T09:00,31.2,32.0,32.8,416.0,534.0,598.0
W04,Kanagawa Sagamihara,35.57,139.37,2026-08-13T18:00,2026-08-14,10,2026-08,2026-08-14T10:00,31.9,32.7,33.5,475.0,609.0,682.0
W04,Kanagawa Sagamihara,35.57,139.37,2026-08-13T18:00,2026-08-14,11,2026-08,2026-08-14T11:00,33.2,34.0,34.8,494.0,633.0,709.0
W04,Kanagawa Sagamihara,35.57,139.37,2026-08-13T18:00,2026-08-14,12,2026-08,2026-08-14T12:00,34.4,35.2,36.0,500.0,642.0,719.0
W04,Kanagawa Sagamihara,35.57,139.37,2026-08-13T18:00,2026-08-14,13,2026-08,2026-08-14T13:00,33.7,34.5,35.3,446.0,572.0,640.0
W04,Kanagawa Sagamihara,35.57,139.37,2026-08-13T18:00,2026-08-14,14,2026-08,2026-08-14T14:00,35.1,35.9,36.7,422.0,541.0,606.0
W04,Kanagawa Sagamihara,35.57,139.37,2026-08-13T18:00,2026-08-14,15,2026-08,2026-08-14T15:00,34.3,35.1,35.9,310.0,398.0,446.0
W04,Kanagawa Sagamihara,35.57,139.37,2026-08-13T18:00,2026-08-14,16,2026-08,2026-08-14T16:00,33.7,34.5,35.3,211.0,270.0,303.0
W04,Kanagawa Sagamihara,35.57,139.37,2026-08-13T18:00,2026-08-14,17,2026-08,2026-08-14T17:00,33.5,34.3,35.1,112.0,143.0,160.0
W04,Kanagawa Sagamihara,35.57,139.37,2026-08-13T18:00,2026-08-14,18,2026-08,2026-08-14T18:00,33.2,34.0,34.8,18.0,23.0,25.0
W04,Kanagawa Sagamihara,35.57,139.37,2026-08-13T18:00,2026-08-14,19,2026-08,2026-08-14T19:00,31.7,32.5,33.3,0.0,0.0,0.0
W04,Kanagawa Sagamihara,35.57,139.37,2026-08-13T18:00,2026-08-14,20,2026-08,2026-08-14T20:00,31.9,32.7,33.5,0.0,0.0,0.0
W04,Kanagawa Sagamihara,35.57,139.37,2026-08-13T18:00,2026-08-14,21,2026-08,2026-08-14T21:00,31.7,32.5,33.3,0.0,0.0,0.0
W04,Kanagawa Sagamihara,35.57,139.37,2026-08-13T18:00,2026-08-14,22,2026-08,2026-08-14T22:00,29.8,30.6,31.4,0.0,0.0,0.0
W04,Kanagawa Sagamihara,35.57,139.37,2026-08-13T18:00,2026-08-14,23,2026-08,2026-08-14T23:00,29.7,30.5,31.3,0.0,0.0,0.0
W05,Saitama Kumagaya,36.15,139.39,2026-08-13T18:00,2026-08-14,0,2026-08,2026-08-14T00:00,30.3,31.1,31.9,0.0,0.0,0.0
W05,Saitama Kumagaya,36.15,139.39,2026-08-13T18:00,2026-08-14,1,2026-08,2026-08-14T01:00,29.0,29.8,30.6,0.0,0.0,0.0
W05,Saitama Kumagaya,36.15,139.39,2026-08-13T18:00,2026-08-14,2,2026-08,2026-08-14T02:00,29.4,30.2,31.0,0.0,0.0,0.0
W05,Saitama Kumagaya,36.15,139.39,2026-08-13T18:00,2026-08-14,3,2026-08,2026-08-14T03:00,29.1,29.9,30.7,0.0,0.0,0.0
W05,Saitama Kumagaya,36.15,139.39,2026-08-13T18:00,2026-08-14,4,2026-08,2026-08-14T04:00,29.2,30.0,30.8,0.0,0.0,0.0
W05,Saitama Kumagaya,36.15,139.39,2026-08-13T18:00,2026-08-14,5,2026-08,2026-08-14T05:00,30.0,30.8,31.6,30.0,39.0,44.0
W05,Saitama Kumagaya,36.15,139.39,2026-08-13T18:00,2026-08-14,6,2026-08,2026-08-14T06:00,29.9,30.7,31.5,125.0,160.0,179.0
W05,Saitama Kumagaya,36.15,139.39,2026-08-13T18:00,2026-08-14,7,2026-08,2026-08-14T07:00,30.0,30.8,31.6,216.0,277.0,310.0
W05,Saitama Kumagaya,36.15,139.39,2026-08-13T18:00,2026-08-14,8,2026-08,2026-08-14T08:00,30.5,31.3,32.1,326.0,418.0,468.0
W05,Saitama Kumagaya,36.15,139.39,2026-08-13T18:00,2026-08-14,9,2026-08,2026-08-14T09:00,32.4,33.2,34.0,422.0,541.0,606.0
W05,Saitama Kumagaya,36.15,139.39,2026-08-13T18:00,2026-08-14,10,2026-08,2026-08-14T10:00,33.1,33.9,34.7,505.0,647.0,725.0
W05,Saitama Kumagaya,36.15,139.39,2026-08-13T18:00,2026-08-14,11,2026-08,2026-08-14T11:00,34.4,35.2,36.0,495.0,634.0,710.0
W05,Saitama Kumagaya,36.15,139.39,2026-08-13T18:00,2026-08-14,12,2026-08,2026-08-14T12:00,35.6,36.4,37.2,477.0,612.0,685.0
W05,Saitama Kumagaya,36.15,139.39,2026-08-13T18:00,2026-08-14,13,2026-08,2026-08-14T13:00,34.9,35.7,36.5,449.0,576.0,645.0
W05,Saitama Kumagaya,36.15,139.39,2026-08-13T18:00,2026-08-14,14,2026-08,2026-08-14T14:00,36.3,37.1,37.9,383.0,492.0,551.0
W05,Saitama Kumagaya,36.15,139.39,2026-08-13T18:00,2026-08-14,15,2026-08,2026-08-14T15:00,35.5,36.3,37.1,312.0,400.0,448.0
W05,Saitama Kumagaya,36.15,139.39,2026-08-13T18:00,2026-08-14,16,2026-08,2026-08-14T16:00,34.9,35.7,36.5,213.0,273.0,306.0
W05,Saitama Kumagaya,36.15,139.39,2026-08-13T18:00,2026-08-14,17,2026-08,2026-08-14T17:00,34.7,35.5,36.3,110.0,141.0,158.0
W05,Saitama Kumagaya,36.15,139.39,2026-08-13T18:00,2026-08-14,18,2026-08,2026-08-14T18:00,34.4,35.2,36.0,17.0,22.0,25.0
W05,Saitama Kumagaya,36.15,139.39,2026-08-13T18:00,2026-08-14,19,2026-08,2026-08-14T19:00,32.9,33.7,34.5,0.0,0.0,0.0
W05,Saitama Kumagaya,36.15,139.39,2026-08-13T18:00,2026-08-14,20,2026-08,2026-08-14T20:00,33.1,33.9,34.7,0.0,0.0,0.0
W05,Saitama Kumagaya,36.15,139.39,2026-08-13T18:00,2026-08-14,21,2026-08,2026-08-14T21:00,32.9,33.7,34.5,0.0,0.0,0.0
W05,Saitama Kumagaya,36.15,139.39,2026-08-13T18:00,2026-08-14,22,2026-08,2026-08-14T22:00,31.0,31.8,32.6,0.0,0.0,0.0
W05,Saitama Kumagaya,36.15,139.39,2026-08-13T18:00,2026-08-14,23,2026-08,2026-08-14T23:00,30.9,31.7,32.5,0.0,0.0,0.0
W06,Saitama Saitama,35.86,139.65,2026-08-13T18:00,2026-08-14,0,2026-08,2026-08-14T00:00,29.5,30.3,31.1,0.0,0.0,0.0
W06,Saitama Saitama,35.86,139.65,2026-08-13T18:00,2026-08-14,1,2026-08,2026-08-14T01:00,28.2,29.0,29.8,0.0,0.0,0.0
W06,Saitama Saitama,35.86,139.65,2026-08-13T18:00,2026-08-14,2,2026-08,2026-08-14T02:00,28.6,29.4,30.2,0.0,0.0,0.0
W06,Saitama Saitama,35.86,139.65,2026-08-13T18:00,2026-08-14,3,2026-08,2026-08-14T03:00,28.3,29.1,29.9,0.0,0.0,0.0
W06,Saitama Saitama,35.86,139.65,2026-08-13T18:00,2026-08-14,4,2026-08,2026-08-14T04:00,28.4,29.2,30.0,0.0,0.0,0.0
W06,Saitama Saitama,35.86,139.65,2026-08-13T18:00,2026-08-14,5,2026-08,2026-08-14T05:00,29.2,30.0,30.8,34.0,44.0,49.0
W06,Saitama Saitama,35.86,139.65,2026-08-13T18:00,2026-08-14,6,2026-08,2026-08-14T06:00,29.1,29.9,30.7,126.0,162.0,182.0
W06,Saitama Saitama,35.86,139.65,2026-08-13T18:00,2026-08-14,7,2026-08,2026-08-14T07:00,29.2,30.0,30.8,228.0,292.0,327.0
W06,Saitama Saitama,35.86,139.65,2026-08-13T18:00,2026-08-14,8,2026-08,2026-08-14T08:00,29.7,30.5,31.3,315.0,404.0,452.0
W06,Saitama Saitama,35.86,139.65,2026-08-13T18:00,2026-08-14,9,2026-08,2026-08-14T09:00,31.6,32.4,33.2,408.0,523.0,586.0
W06,Saitama Saitama,35.86,139.65,2026-08-13T18:00,2026-08-14,10,2026-08,2026-08-14T10:00,32.3,33.1,33.9,474.0,607.0,680.0
W06,Saitama Saitama,35.86,139.65,2026-08-13T18:00,2026-08-14,11,2026-08,2026-08-14T11:00,33.6,34.4,35.2,478.0,613.0,687.0
W06,Saitama Saitama,35.86,139.65,2026-08-13T18:00,2026-08-14,12,2026-08,2026-08-14T12:00,34.8,35.6,36.4,512.0,657.0,736.0
W06,Saitama Saitama,35.86,139.65,2026-08-13T18:00,2026-08-14,13,2026-08,2026-08-14T13:00,34.1,34.9,35.7,469.0,602.0,674.0
W06,Saitama Saitama,35.86,139.65,2026-08-13T18:00,2026-08-14,14,2026-08,2026-08-14T14:00,35.5,36.3,37.1,420.0,539.0,603.0
W06,Saitama Saitama,35.86,139.65,2026-08-13T18:00,2026-08-14,15,2026-08,2026-08-14T15:00,34.7,35.5,36.3,292.0,374.0,419.0
W06,Saitama Saitama,35.86,139.65,2026-08-13T18:00,2026-08-14,16,2026-08,2026-08-14T16:00,34.1,34.9,35.7,203.0,260.0,291.0
W06,Saitama Saitama,35.86,139.65,2026-08-13T18:00,2026-08-14,17,2026-08,2026-08-14T17:00,33.9,34.7,35.5,101.0,129.0,145.0
W06,Saitama Saitama,35.86,139.65,2026-08-13T18:00,2026-08-14,18,2026-08,2026-08-14T18:00,33.6,34.4,35.2,17.0,22.0,25.0
W06,Saitama Saitama,35.86,139.65,2026-08-13T18:00,2026-08-14,19,2026-08,2026-08-14T19:00,32.1,32.9,33.7,0.0,0.0,0.0
W06,Saitama Saitama,35.86,139.65,2026-08-13T18:00,2026-08-14,20,2026-08,2026-08-14T20:00,32.3,33.1,33.9,0.0,0.0,0.0
W06,Saitama Saitama,35.86,139.65,2026-08-13T18:00,2026-08-14,21,2026-08,2026-08-14T21:00,32.1,32.9,33.7,0.0,0.0,0.0
W06,Saitama Saitama,35.86,139.65,2026-08-13T18:00,2026-08-14,22,2026-08,2026-08-14T22:00,30.2,31.0,31.8,0.0,0.0,0.0
W06,Saitama Saitama,35.86,139.65,2026-08-13T18:00,2026-08-14,23,2026-08,2026-08-14T23:00,30.1,30.9,31.7,0.0,0.0,0.0
W07,Chiba Inzai,35.83,140.15,2026-08-13T18:00,2026-08-14,0,2026-08,2026-08-14T00:00,28.5,29.3,30.1,0.0,0.0,0.0
W07,Chiba Inzai,35.83,140.15,2026-08-13T18:00,2026-08-14,1,2026-08,2026-08-14T01:00,27.2,28.0,28.8,0.0,0.0,0.0
W07,Chiba Inzai,35.83,140.15,2026-08-13T18:00,2026-08-14,2,2026-08,2026-08-14T02:00,27.6,28.4,29.2,0.0,0.0,0.0
W07,Chiba Inzai,35.83,140.15,2026-08-13T18:00,2026-08-14,3,2026-08,2026-08-14T03:00,27.3,28.1,28.9,0.0,0.0,0.0
W07,Chiba Inzai,35.83,140.15,2026-08-13T18:00,2026-08-14,4,2026-08,2026-08-14T04:00,27.4,28.2,29.0,0.0,0.0,0.0
W07,Chiba Inzai,35.83,140.15,2026-08-13T18:00,2026-08-14,5,2026-08,2026-08-14T05:00,28.2,29.0,29.8,33.0,43.0,48.0
W07,Chiba Inzai,35.83,140.15,2026-08-13T18:00,2026-08-14,6,2026-08,2026-08-14T06:00,28.1,28.9,29.7,130.0,167.0,187.0
W07,Chiba Inzai,35.83,140.15,2026-08-13T18:00,2026-08-14,7,2026-08,2026-08-14T07:00,28.2,29.0,29.8,230.0,294.0,330.0
W07,Chiba Inzai,35.83,140.15,2026-08-13T18:00,2026-08-14,8,2026-08,2026-08-14T08:00,28.7,29.5,30.3,316.0,405.0,454.0
W07,Chiba Inzai,35.83,140.15,2026-08-13T18:00,2026-08-14,9,2026-08,2026-08-14T09:00,30.6,31.4,32.2,435.0,558.0,625.0
W07,Chiba Inzai,35.83,140.15,2026-08-13T18:00,2026-08-14,10,2026-08,2026-08-14T10:00,31.3,32.1,32.9,484.0,621.0,695.0
W07,Chiba Inzai,35.83,140.15,2026-08-13T18:00,2026-08-14,11,2026-08,2026-08-14T11:00,32.6,33.4,34.2,499.0,640.0,716.0
W07,Chiba Inzai,35.83,140.15,2026-08-13T18:00,2026-08-14,12,2026-08,2026-08-14T12:00,33.8,34.6,35.4,489.0,627.0,702.0
W07,Chiba Inzai,35.83,140.15,2026-08-13T18:00,2026-08-14,13,2026-08,2026-08-14T13:00,33.1,33.9,34.7,453.0,581.0,651.0
W07,Chiba Inzai,35.83,140.15,2026-08-13T18:00,2026-08-14,14,2026-08,2026-08-14T14:00,34.5,35.3,36.1,392.0,503.0,564.0
W07,Chiba Inzai,35.83,140.15,2026-08-13T18:00,2026-08-14,15,2026-08,2026-08-14T15:00,33.7,34.5,35.3,307.0,394.0,441.0
W07,Chiba Inzai,35.83,140.15,2026-08-13T18:00,2026-08-14,16,2026-08,2026-08-14T16:00,33.1,33.9,34.7,213.0,273.0,305.0
W07,Chiba Inzai,35.83,140.15,2026-08-13T18:00,2026-08-14,17,2026-08,2026-08-14T17:00,32.9,33.7,34.5,110.0,140.0,157.0
W07,Chiba Inzai,35.83,140.15,2026-08-13T18:00,2026-08-14,18,2026-08,2026-08-14T18:00,32.6,33.4,34.2,18.0,23.0,26.0
W07,Chiba Inzai,35.83,140.15,2026-08-13T18:00,2026-08-14,19,2026-08,2026-08-14T19:00,31.1,31.9,32.7,0.0,0.0,0.0
W07,Chiba Inzai,35.83,140.15,2026-08-13T18:00,2026-08-14,20,2026-08,2026-08-14T20:00,31.3,32.1,32.9,0.0,0.0,0.0
W07,Chiba Inzai,35.83,140.15,2026-08-13T18:00,2026-08-14,21,2026-08,2026-08-14T21:00,31.1,31.9,32.7,0.0,0.0,0.0
W07,Chiba Inzai,35.83,140.15,2026-08-13T18:00,2026-08-14,22,2026-08,2026-08-14T22:00,29.2,30.0,30.8,0.0,0.0,0.0
W07,Chiba Inzai,35.83,140.15,2026-08-13T18:00,2026-08-14,23,2026-08,2026-08-14T23:00,29.1,29.9,30.7,0.0,0.0,0.0
W08,Chiba Chiba,35.61,140.12,2026-08-13T18:00,2026-08-14,0,2026-08,2026-08-14T00:00,27.9,28.7,29.5,0.0,0.0,0.0
W08,Chiba Chiba,35.61,140.12,2026-08-13T18:00,2026-08-14,1,2026-08,2026-08-14T01:00,26.6,27.4,28.2,0.0,0.0,0.0
W08,Chiba Chiba,35.61,140.12,2026-08-13T18:00,2026-08-14,2,2026-08,2026-08-14T02:00,27.0,27.8,28.6,0.0,0.0,0.0
W08,Chiba Chiba,35.61,140.12,2026-08-13T18:00,2026-08-14,3,2026-08,2026-08-14T03:00,26.7,27.5,28.3,0.0,0.0,0.0
W08,Chiba Chiba,35.61,140.12,2026-08-13T18:00,2026-08-14,4,2026-08,2026-08-14T04:00,26.8,27.6,28.4,0.0,0.0,0.0
W08,Chiba Chiba,35.61,140.12,2026-08-13T18:00,2026-08-14,5,2026-08,2026-08-14T05:00,27.6,28.4,29.2,31.0,40.0,45.0
W08,Chiba Chiba,35.61,140.12,2026-08-13T18:00,2026-08-14,6,2026-08,2026-08-14T06:00,27.5,28.3,29.1,125.0,160.0,179.0
W08,Chiba Chiba,35.61,140.12,2026-08-13T18:00,2026-08-14,7,2026-08,2026-08-14T07:00,27.6,28.4,29.2,235.0,301.0,337.0
W08,Chiba Chiba,35.61,140.12,2026-08-13T18:00,2026-08-14,8,2026-08,2026-08-14T08:00,28.1,28.9,29.7,320.0,411.0,460.0
W08,Chiba Chiba,35.61,140.12,2026-08-13T18:00,2026-08-14,9,2026-08,2026-08-14T09:00,30.0,30.8,31.6,415.0,532.0,596.0
W08,Chiba Chiba,35.61,140.12,2026-08-13T18:00,2026-08-14,10,2026-08,2026-08-14T10:00,30.7,31.5,32.3,438.0,561.0,629.0
W08,Chiba Chiba,35.61,140.12,2026-08-13T18:00,2026-08-14,11,2026-08,2026-08-14T11:00,32.0,32.8,33.6,501.0,643.0,720.0
W08,Chiba Chiba,35.61,140.12,2026-08-13T18:00,2026-08-14,12,2026-08,2026-08-14T12:00,33.2,34.0,34.8,510.0,654.0,732.0
W08,Chiba Chiba,35.61,140.12,2026-08-13T18:00,2026-08-14,13,2026-08,2026-08-14T13:00,32.5,33.3,34.1,453.0,581.0,650.0
W08,Chiba Chiba,35.61,140.12,2026-08-13T18:00,2026-08-14,14,2026-08,2026-08-14T14:00,33.9,34.7,35.5,376.0,482.0,540.0
W08,Chiba Chiba,35.61,140.12,2026-08-13T18:00,2026-08-14,15,2026-08,2026-08-14T15:00,33.1,33.9,34.7,318.0,407.0,456.0
W08,Chiba Chiba,35.61,140.12,2026-08-13T18:00,2026-08-14,16,2026-08,2026-08-14T16:00,32.5,33.3,34.1,205.0,263.0,295.0
W08,Chiba Chiba,35.61,140.12,2026-08-13T18:00,2026-08-14,17,2026-08,2026-08-14T17:00,32.3,33.1,33.9,104.0,133.0,149.0
W08,Chiba Chiba,35.61,140.12,2026-08-13T18:00,2026-08-14,18,2026-08,2026-08-14T18:00,32.0,32.8,33.6,17.0,22.0,24.0
W08,Chiba Chiba,35.61,140.12,2026-08-13T18:00,2026-08-14,19,2026-08,2026-08-14T19:00,30.5,31.3,32.1,0.0,0.0,0.0
W08,Chiba Chiba,35.61,140.12,2026-08-13T18:00,2026-08-14,20,2026-08,2026-08-14T20:00,30.7,31.5,32.3,0.0,0.0,0.0
W08,Chiba Chiba,35.61,140.12,2026-08-13T18:00,2026-08-14,21,2026-08,2026-08-14T21:00,30.5,31.3,32.1,0.0,0.0,0.0
W08,Chiba Chiba,35.61,140.12,2026-08-13T18:00,2026-08-14,22,2026-08,2026-08-14T22:00,28.6,29.4,30.2,0.0,0.0,0.0
W08,Chiba Chiba,35.61,140.12,2026-08-13T18:00,2026-08-14,23,2026-08,2026-08-14T23:00,28.5,29.3,30.1,0.0,0.0,0.0
W09,Ibaraki Tsukuba,36.08,140.08,2026-08-13T18:00,2026-08-14,0,2026-08,2026-08-14T00:00,28.6,29.4,30.2,0.0,0.0,0.0
W09,Ibaraki Tsukuba,36.08,140.08,2026-08-13T18:00,2026-08-14,1,2026-08,2026-08-14T01:00,27.3,28.1,28.9,0.0,0.0,0.0
W09,Ibaraki Tsukuba,36.08,140.08,2026-08-13T18:00,2026-08-14,2,2026-08,2026-08-14T02:00,27.7,28.5,29.3,0.0,0.0,0.0
W09,Ibaraki Tsukuba,36.08,140.08,2026-08-13T18:00,2026-08-14,3,2026-08,2026-08-14T03:00,27.4,28.2,29.0,0.0,0.0,0.0
W09,Ibaraki Tsukuba,36.08,140.08,2026-08-13T18:00,2026-08-14,4,2026-08,2026-08-14T04:00,27.5,28.3,29.1,0.0,0.0,0.0
W09,Ibaraki Tsukuba,36.08,140.08,2026-08-13T18:00,2026-08-14,5,2026-08,2026-08-14T05:00,28.3,29.1,29.9,33.0,42.0,47.0
W09,Ibaraki Tsukuba,36.08,140.08,2026-08-13T18:00,2026-08-14,6,2026-08,2026-08-14T06:00,28.2,29.0,29.8,129.0,165.0,185.0
W09,Ibaraki Tsukuba,36.08,140.08,2026-08-13T18:00,2026-08-14,7,2026-08,2026-08-14T07:00,28.3,29.1,29.9,232.0,298.0,334.0
W09,Ibaraki Tsukuba,36.08,140.08,2026-08-13T18:00,2026-08-14,8,2026-08,2026-08-14T08:00,28.8,29.6,30.4,322.0,413.0,463.0
W09,Ibaraki Tsukuba,36.08,140.08,2026-08-13T18:00,2026-08-14,9,2026-08,2026-08-14T09:00,30.7,31.5,32.3,382.0,490.0,549.0
W09,Ibaraki Tsukuba,36.08,140.08,2026-08-13T18:00,2026-08-14,10,2026-08,2026-08-14T10:00,31.4,32.2,33.0,473.0,606.0,679.0
W09,Ibaraki Tsukuba,36.08,140.08,2026-08-13T18:00,2026-08-14,11,2026-08,2026-08-14T11:00,32.7,33.5,34.3,493.0,632.0,708.0
W09,Ibaraki Tsukuba,36.08,140.08,2026-08-13T18:00,2026-08-14,12,2026-08,2026-08-14T12:00,33.9,34.7,35.5,497.0,637.0,714.0
W09,Ibaraki Tsukuba,36.08,140.08,2026-08-13T18:00,2026-08-14,13,2026-08,2026-08-14T13:00,33.2,34.0,34.8,480.0,616.0,690.0
W09,Ibaraki Tsukuba,36.08,140.08,2026-08-13T18:00,2026-08-14,14,2026-08,2026-08-14T14:00,34.6,35.4,36.2,383.0,491.0,550.0
W09,Ibaraki Tsukuba,36.08,140.08,2026-08-13T18:00,2026-08-14,15,2026-08,2026-08-14T15:00,33.8,34.6,35.4,310.0,398.0,445.0
W09,Ibaraki Tsukuba,36.08,140.08,2026-08-13T18:00,2026-08-14,16,2026-08,2026-08-14T16:00,33.2,34.0,34.8,209.0,268.0,300.0
W09,Ibaraki Tsukuba,36.08,140.08,2026-08-13T18:00,2026-08-14,17,2026-08,2026-08-14T17:00,33.0,33.8,34.6,108.0,138.0,155.0
W09,Ibaraki Tsukuba,36.08,140.08,2026-08-13T18:00,2026-08-14,18,2026-08,2026-08-14T18:00,32.7,33.5,34.3,17.0,22.0,25.0
W09,Ibaraki Tsukuba,36.08,140.08,2026-08-13T18:00,2026-08-14,19,2026-08,2026-08-14T19:00,31.2,32.0,32.8,0.0,0.0,0.0
W09,Ibaraki Tsukuba,36.08,140.08,2026-08-13T18:00,2026-08-14,20,2026-08,2026-08-14T20:00,31.4,32.2,33.0,0.0,0.0,0.0
W09,Ibaraki Tsukuba,36.08,140.08,2026-08-13T18:00,2026-08-14,21,2026-08,2026-08-14T21:00,31.2,32.0,32.8,0.0,0.0,0.0
W09,Ibaraki Tsukuba,36.08,140.08,2026-08-13T18:00,2026-08-14,22,2026-08,2026-08-14T22:00,29.3,30.1,30.9,0.0,0.0,0.0
W09,Ibaraki Tsukuba,36.08,140.08,2026-08-13T18:00,2026-08-14,23,2026-08,2026-08-14T23:00,29.2,30.0,30.8,0.0,0.0,0.0
W10,Gunma Maebashi,36.39,139.06,2026-08-13T18:00,2026-08-14,0,2026-08,2026-08-14T00:00,29.9,30.7,31.5,0.0,0.0,0.0
W10,Gunma Maebashi,36.39,139.06,2026-08-13T18:00,2026-08-14,1,2026-08,2026-08-14T01:00,28.6,29.4,30.2,0.0,0.0,0.0
W10,Gunma Maebashi,36.39,139.06,2026-08-13T18:00,2026-08-14,2,2026-08,2026-08-14T02:00,29.0,29.8,30.6,0.0,0.0,0.0
W10,Gunma Maebashi,36.39,139.06,2026-08-13T18:00,2026-08-14,3,2026-08,2026-08-14T03:00,28.7,29.5,30.3,0.0,0.0,0.0
W10,Gunma Maebashi,36.39,139.06,2026-08-13T18:00,2026-08-14,4,2026-08,2026-08-14T04:00,28.8,29.6,30.4,0.0,0.0,0.0
W10,Gunma Maebashi,36.39,139.06,2026-08-13T18:00,2026-08-14,5,2026-08,2026-08-14T05:00,29.6,30.4,31.2,34.0,44.0,49.0
W10,Gunma Maebashi,36.39,139.06,2026-08-13T18:00,2026-08-14,6,2026-08,2026-08-14T06:00,29.5,30.3,31.1,123.0,158.0,177.0
W10,Gunma Maebashi,36.39,139.06,2026-08-13T18:00,2026-08-14,7,2026-08,2026-08-14T07:00,29.6,30.4,31.2,221.0,283.0,317.0
W10,Gunma Maebashi,36.39,139.06,2026-08-13T18:00,2026-08-14,8,2026-08,2026-08-14T08:00,30.1,30.9,31.7,323.0,414.0,464.0
W10,Gunma Maebashi,36.39,139.06,2026-08-13T18:00,2026-08-14,9,2026-08,2026-08-14T09:00,32.0,32.8,33.6,399.0,511.0,573.0
W10,Gunma Maebashi,36.39,139.06,2026-08-13T18:00,2026-08-14,10,2026-08,2026-08-14T10:00,32.7,33.5,34.3,479.0,615.0,688.0
W10,Gunma Maebashi,36.39,139.06,2026-08-13T18:00,2026-08-14,11,2026-08,2026-08-14T11:00,34.0,34.8,35.6,499.0,639.0,716.0
W10,Gunma Maebashi,36.39,139.06,2026-08-13T18:00,2026-08-14,12,2026-08,2026-08-14T12:00,35.2,36.0,36.8,494.0,634.0,710.0
W10,Gunma Maebashi,36.39,139.06,2026-08-13T18:00,2026-08-14,13,2026-08,2026-08-14T13:00,34.5,35.3,36.1,449.0,576.0,645.0
W10,Gunma Maebashi,36.39,139.06,2026-08-13T18:00,2026-08-14,14,2026-08,2026-08-14T14:00,35.9,36.7,37.5,394.0,506.0,566.0
W10,Gunma Maebashi,36.39,139.06,2026-08-13T18:00,2026-08-14,15,2026-08,2026-08-14T15:00,35.1,35.9,36.7,311.0,399.0,447.0
W10,Gunma Maebashi,36.39,139.06,2026-08-13T18:00,2026-08-14,16,2026-08,2026-08-14T16:00,34.5,35.3,36.1,212.0,272.0,305.0
W10,Gunma Maebashi,36.39,139.06,2026-08-13T18:00,2026-08-14,17,2026-08,2026-08-14T17:00,34.3,35.1,35.9,103.0,132.0,148.0
W10,Gunma Maebashi,36.39,139.06,2026-08-13T18:00,2026-08-14,18,2026-08,2026-08-14T18:00,34.0,34.8,35.6,18.0,23.0,26.0
W10,Gunma Maebashi,36.39,139.06,2026-08-13T18:00,2026-08-14,19,2026-08,2026-08-14T19:00,32.5,33.3,34.1,0.0,0.0,0.0
W10,Gunma Maebashi,36.39,139.06,2026-08-13T18:00,2026-08-14,20,2026-08,2026-08-14T20:00,32.7,33.5,34.3,0.0,0.0,0.0
W10,Gunma Maebashi,36.39,139.06,2026-08-13T18:00,2026-08-14,21,2026-08,2026-08-14T21:00,32.5,33.3,34.1,0.0,0.0,0.0
W10,Gunma Maebashi,36.39,139.06,2026-08-13T18:00,2026-08-14,22,2026-08,2026-08-14T22:00,30.6,31.4,32.2,0.0,0.0,0.0
W10,Gunma Maebashi,36.39,139.06,2026-08-13T18:00,2026-08-14,23,2026-08,2026-08-14T23:00,30.5,31.3,32.1,0.0,0.0,0.0
W01,Tokyo Otemachi,35.69,139.76,2026-08-14T18:00,2026-08-15,0,2026-08,2026-08-15T00:00,27.0,27.8,28.6,0.0,0.0,0.0
W01,Tokyo Otemachi,35.69,139.76,2026-08-14T18:00,2026-08-15,1,2026-08,2026-08-15T01:00,27.7,28.5,29.3,0.0,0.0,0.0
W01,Tokyo Otemachi,35.69,139.76,2026-08-14T18:00,2026-08-15,2,2026-08,2026-08-15T02:00,27.2,28.0,28.8,0.0,0.0,0.0
W01,Tokyo Otemachi,35.69,139.76,2026-08-14T18:00,2026-08-15,3,2026-08,2026-08-15T03:00,26.3,27.1,27.9,0.0,0.0,0.0
W01,Tokyo Otemachi,35.69,139.76,2026-08-14T18:00,2026-08-15,4,2026-08,2026-08-15T04:00,27.0,27.8,28.6,0.0,0.0,0.0
W01,Tokyo Otemachi,35.69,139.76,2026-08-14T18:00,2026-08-15,5,2026-08,2026-08-15T05:00,26.1,26.9,27.7,47.0,61.0,68.0
W01,Tokyo Otemachi,35.69,139.76,2026-08-14T18:00,2026-08-15,6,2026-08,2026-08-15T06:00,26.7,27.5,28.3,176.0,225.0,252.0
W01,Tokyo Otemachi,35.69,139.76,2026-08-14T18:00,2026-08-15,7,2026-08,2026-08-15T07:00,27.9,28.7,29.5,331.0,425.0,476.0
W01,Tokyo Otemachi,35.69,139.76,2026-08-14T18:00,2026-08-15,8,2026-08,2026-08-15T08:00,27.9,28.7,29.5,475.0,609.0,683.0
W01,Tokyo Otemachi,35.69,139.76,2026-08-14T18:00,2026-08-15,9,2026-08,2026-08-15T09:00,30.3,31.1,31.9,552.0,708.0,793.0
W01,Tokyo Otemachi,35.69,139.76,2026-08-14T18:00,2026-08-15,10,2026-08,2026-08-15T10:00,31.0,31.8,32.6,717.0,920.0,1030.0
W01,Tokyo Otemachi,35.69,139.76,2026-08-14T18:00,2026-08-15,11,2026-08,2026-08-15T11:00,30.6,31.4,32.2,725.0,930.0,1042.0
W01,Tokyo Otemachi,35.69,139.76,2026-08-14T18:00,2026-08-15,12,2026-08,2026-08-15T12:00,32.3,33.1,33.9,700.0,898.0,1005.0
W01,Tokyo Otemachi,35.69,139.76,2026-08-14T18:00,2026-08-15,13,2026-08,2026-08-15T13:00,34.5,35.3,36.1,662.0,848.0,950.0
W01,Tokyo Otemachi,35.69,139.76,2026-08-14T18:00,2026-08-15,14,2026-08,2026-08-15T14:00,35.4,36.2,37.0,553.0,709.0,795.0
W01,Tokyo Otemachi,35.69,139.76,2026-08-14T18:00,2026-08-15,15,2026-08,2026-08-15T15:00,33.2,34.0,34.8,440.0,564.0,632.0
W01,Tokyo Otemachi,35.69,139.76,2026-08-14T18:00,2026-08-15,16,2026-08,2026-08-15T16:00,32.7,33.5,34.3,303.0,389.0,435.0
W01,Tokyo Otemachi,35.69,139.76,2026-08-14T18:00,2026-08-15,17,2026-08,2026-08-15T17:00,32.1,32.9,33.7,143.0,183.0,205.0
W01,Tokyo Otemachi,35.69,139.76,2026-08-14T18:00,2026-08-15,18,2026-08,2026-08-15T18:00,31.4,32.2,33.0,25.0,32.0,35.0
W01,Tokyo Otemachi,35.69,139.76,2026-08-14T18:00,2026-08-15,19,2026-08,2026-08-15T19:00,30.2,31.0,31.8,0.0,0.0,0.0
W01,Tokyo Otemachi,35.69,139.76,2026-08-14T18:00,2026-08-15,20,2026-08,2026-08-15T20:00,29.0,29.8,30.6,0.0,0.0,0.0
W01,Tokyo Otemachi,35.69,139.76,2026-08-14T18:00,2026-08-15,21,2026-08,2026-08-15T21:00,30.3,31.1,31.9,0.0,0.0,0.0
W01,Tokyo Otemachi,35.69,139.76,2026-08-14T18:00,2026-08-15,22,2026-08,2026-08-15T22:00,28.4,29.2,30.0,0.0,0.0,0.0
W01,Tokyo Otemachi,35.69,139.76,2026-08-14T18:00,2026-08-15,23,2026-08,2026-08-15T23:00,27.5,28.3,29.1,0.0,0.0,0.0
W02,Tokyo Hachioji,35.66,139.32,2026-08-14T18:00,2026-08-15,0,2026-08,2026-08-15T00:00,27.6,28.4,29.2,0.0,0.0,0.0
W02,Tokyo Hachioji,35.66,139.32,2026-08-14T18:00,2026-08-15,1,2026-08,2026-08-15T01:00,28.3,29.1,29.9,0.0,0.0,0.0
W02,Tokyo Hachioji,35.66,139.32,2026-08-14T18:00,2026-08-15,2,2026-08,2026-08-15T02:00,27.8,28.6,29.4,0.0,0.0,0.0
W02,Tokyo Hachioji,35.66,139.32,2026-08-14T18:00,2026-08-15,3,2026-08,2026-08-15T03:00,26.9,27.7,28.5,0.0,0.0,0.0
W02,Tokyo Hachioji,35.66,139.32,2026-08-14T18:00,2026-08-15,4,2026-08,2026-08-15T04:00,27.6,28.4,29.2,0.0,0.0,0.0
W02,Tokyo Hachioji,35.66,139.32,2026-08-14T18:00,2026-08-15,5,2026-08,2026-08-15T05:00,26.7,27.5,28.3,45.0,58.0,65.0
W02,Tokyo Hachioji,35.66,139.32,2026-08-14T18:00,2026-08-15,6,2026-08,2026-08-15T06:00,27.3,28.1,28.9,178.0,228.0,255.0
W02,Tokyo Hachioji,35.66,139.32,2026-08-14T18:00,2026-08-15,7,2026-08,2026-08-15T07:00,28.5,29.3,30.1,319.0,409.0,459.0
W02,Tokyo Hachioji,35.66,139.32,2026-08-14T18:00,2026-08-15,8,2026-08,2026-08-15T08:00,28.5,29.3,30.1,467.0,599.0,671.0
W02,Tokyo Hachioji,35.66,139.32,2026-08-14T18:00,2026-08-15,9,2026-08,2026-08-15T09:00,30.9,31.7,32.5,562.0,720.0,806.0
W02,Tokyo Hachioji,35.66,139.32,2026-08-14T18:00,2026-08-15,10,2026-08,2026-08-15T10:00,31.6,32.4,33.2,662.0,849.0,951.0
W02,Tokyo Hachioji,35.66,139.32,2026-08-14T18:00,2026-08-15,11,2026-08,2026-08-15T11:00,31.2,32.0,32.8,702.0,900.0,1008.0
W02,Tokyo Hachioji,35.66,139.32,2026-08-14T18:00,2026-08-15,12,2026-08,2026-08-15T12:00,32.9,33.7,34.5,698.0,895.0,1002.0
W02,Tokyo Hachioji,35.66,139.32,2026-08-14T18:00,2026-08-15,13,2026-08,2026-08-15T13:00,35.1,35.9,36.7,648.0,831.0,931.0
W02,Tokyo Hachioji,35.66,139.32,2026-08-14T18:00,2026-08-15,14,2026-08,2026-08-15T14:00,36.0,36.8,37.6,530.0,679.0,761.0
W02,Tokyo Hachioji,35.66,139.32,2026-08-14T18:00,2026-08-15,15,2026-08,2026-08-15T15:00,33.8,34.6,35.4,444.0,570.0,638.0
W02,Tokyo Hachioji,35.66,139.32,2026-08-14T18:00,2026-08-15,16,2026-08,2026-08-15T16:00,33.3,34.1,34.9,289.0,371.0,415.0
W02,Tokyo Hachioji,35.66,139.32,2026-08-14T18:00,2026-08-15,17,2026-08,2026-08-15T17:00,32.7,33.5,34.3,149.0,191.0,214.0
W02,Tokyo Hachioji,35.66,139.32,2026-08-14T18:00,2026-08-15,18,2026-08,2026-08-15T18:00,32.0,32.8,33.6,24.0,31.0,34.0
W02,Tokyo Hachioji,35.66,139.32,2026-08-14T18:00,2026-08-15,19,2026-08,2026-08-15T19:00,30.8,31.6,32.4,0.0,0.0,0.0
W02,Tokyo Hachioji,35.66,139.32,2026-08-14T18:00,2026-08-15,20,2026-08,2026-08-15T20:00,29.6,30.4,31.2,0.0,0.0,0.0
W02,Tokyo Hachioji,35.66,139.32,2026-08-14T18:00,2026-08-15,21,2026-08,2026-08-15T21:00,30.9,31.7,32.5,0.0,0.0,0.0
W02,Tokyo Hachioji,35.66,139.32,2026-08-14T18:00,2026-08-15,22,2026-08,2026-08-15T22:00,29.0,29.8,30.6,0.0,0.0,0.0
W02,Tokyo Hachioji,35.66,139.32,2026-08-14T18:00,2026-08-15,23,2026-08,2026-08-15T23:00,28.1,28.9,29.7,0.0,0.0,0.0
W03,Kanagawa Yokohama,35.44,139.64,2026-08-14T18:00,2026-08-15,0,2026-08,2026-08-15T00:00,26.1,26.9,27.7,0.0,0.0,0.0
W03,Kanagawa Yokohama,35.44,139.64,2026-08-14T18:00,2026-08-15,1,2026-08,2026-08-15T01:00,26.8,27.6,28.4,0.0,0.0,0.0
W03,Kanagawa Yokohama,35.44,139.64,2026-08-14T18:00,2026-08-15,2,2026-08,2026-08-15T02:00,26.3,27.1,27.9,0.0,0.0,0.0
W03,Kanagawa Yokohama,35.44,139.64,2026-08-14T18:00,2026-08-15,3,2026-08,2026-08-15T03:00,25.4,26.2,27.0,0.0,0.0,0.0
W03,Kanagawa Yokohama,35.44,139.64,2026-08-14T18:00,2026-08-15,4,2026-08,2026-08-15T04:00,26.1,26.9,27.7,0.0,0.0,0.0
W03,Kanagawa Yokohama,35.44,139.64,2026-08-14T18:00,2026-08-15,5,2026-08,2026-08-15T05:00,25.2,26.0,26.8,45.0,58.0,65.0
W03,Kanagawa Yokohama,35.44,139.64,2026-08-14T18:00,2026-08-15,6,2026-08,2026-08-15T06:00,25.8,26.6,27.4,174.0,223.0,250.0
W03,Kanagawa Yokohama,35.44,139.64,2026-08-14T18:00,2026-08-15,7,2026-08,2026-08-15T07:00,27.0,27.8,28.6,320.0,410.0,460.0
W03,Kanagawa Yokohama,35.44,139.64,2026-08-14T18:00,2026-08-15,8,2026-08,2026-08-15T08:00,27.0,27.8,28.6,471.0,604.0,676.0
W03,Kanagawa Yokohama,35.44,139.64,2026-08-14T18:00,2026-08-15,9,2026-08,2026-08-15T09:00,29.4,30.2,31.0,566.0,725.0,812.0
W03,Kanagawa Yokohama,35.44,139.64,2026-08-14T18:00,2026-08-15,10,2026-08,2026-08-15T10:00,30.1,30.9,31.7,624.0,800.0,896.0
W03,Kanagawa Yokohama,35.44,139.64,2026-08-14T18:00,2026-08-15,11,2026-08,2026-08-15T11:00,29.7,30.5,31.3,690.0,884.0,990.0
W03,Kanagawa Yokohama,35.44,139.64,2026-08-14T18:00,2026-08-15,12,2026-08,2026-08-15T12:00,31.4,32.2,33.0,696.0,893.0,1000.0
W03,Kanagawa Yokohama,35.44,139.64,2026-08-14T18:00,2026-08-15,13,2026-08,2026-08-15T13:00,33.6,34.4,35.2,617.0,791.0,886.0
W03,Kanagawa Yokohama,35.44,139.64,2026-08-14T18:00,2026-08-15,14,2026-08,2026-08-15T14:00,34.5,35.3,36.1,554.0,710.0,795.0
W03,Kanagawa Yokohama,35.44,139.64,2026-08-14T18:00,2026-08-15,15,2026-08,2026-08-15T15:00,32.3,33.1,33.9,430.0,552.0,618.0
W03,Kanagawa Yokohama,35.44,139.64,2026-08-14T18:00,2026-08-15,16,2026-08,2026-08-15T16:00,31.8,32.6,33.4,274.0,351.0,394.0
W03,Kanagawa Yokohama,35.44,139.64,2026-08-14T18:00,2026-08-15,17,2026-08,2026-08-15T17:00,31.2,32.0,32.8,155.0,199.0,223.0
W03,Kanagawa Yokohama,35.44,139.64,2026-08-14T18:00,2026-08-15,18,2026-08,2026-08-15T18:00,30.5,31.3,32.1,26.0,33.0,37.0
W03,Kanagawa Yokohama,35.44,139.64,2026-08-14T18:00,2026-08-15,19,2026-08,2026-08-15T19:00,29.3,30.1,30.9,0.0,0.0,0.0
W03,Kanagawa Yokohama,35.44,139.64,2026-08-14T18:00,2026-08-15,20,2026-08,2026-08-15T20:00,28.1,28.9,29.7,0.0,0.0,0.0
W03,Kanagawa Yokohama,35.44,139.64,2026-08-14T18:00,2026-08-15,21,2026-08,2026-08-15T21:00,29.4,30.2,31.0,0.0,0.0,0.0
W03,Kanagawa Yokohama,35.44,139.64,2026-08-14T18:00,2026-08-15,22,2026-08,2026-08-15T22:00,27.5,28.3,29.1,0.0,0.0,0.0
W03,Kanagawa Yokohama,35.44,139.64,2026-08-14T18:00,2026-08-15,23,2026-08,2026-08-15T23:00,26.6,27.4,28.2,0.0,0.0,0.0
W04,Kanagawa Sagamihara,35.57,139.37,2026-08-14T18:00,2026-08-15,0,2026-08,2026-08-15T00:00,27.4,28.2,29.0,0.0,0.0,0.0
W04,Kanagawa Sagamihara,35.57,139.37,2026-08-14T18:00,2026-08-15,1,2026-08,2026-08-15T01:00,28.1,28.9,29.7,0.0,0.0,0.0
W04,Kanagawa Sagamihara,35.57,139.37,2026-08-14T18:00,2026-08-15,2,2026-08,2026-08-15T02:00,27.6,28.4,29.2,0.0,0.0,0.0
W04,Kanagawa Sagamihara,35.57,139.37,2026-08-14T18:00,2026-08-15,3,2026-08,2026-08-15T03:00,26.7,27.5,28.3,0.0,0.0,0.0
W04,Kanagawa Sagamihara,35.57,139.37,2026-08-14T18:00,2026-08-15,4,2026-08,2026-08-15T04:00,27.4,28.2,29.0,0.0,0.0,0.0
W04,Kanagawa Sagamihara,35.57,139.37,2026-08-14T18:00,2026-08-15,5,2026-08,2026-08-15T05:00,26.5,27.3,28.1,49.0,62.0,70.0
W04,Kanagawa Sagamihara,35.57,139.37,2026-08-14T18:00,2026-08-15,6,2026-08,2026-08-15T06:00,27.1,27.9,28.7,173.0,222.0,249.0
W04,Kanagawa Sagamihara,35.57,139.37,2026-08-14T18:00,2026-08-15,7,2026-08,2026-08-15T07:00,28.3,29.1,29.9,333.0,427.0,478.0
W04,Kanagawa Sagamihara,35.57,139.37,2026-08-14T18:00,2026-08-15,8,2026-08,2026-08-15T08:00,28.3,29.1,29.9,460.0,590.0,661.0
W04,Kanagawa Sagamihara,35.57,139.37,2026-08-14T18:00,2026-08-15,9,2026-08,2026-08-15T09:00,30.7,31.5,32.3,573.0,735.0,823.0
W04,Kanagawa Sagamihara,35.57,139.37,2026-08-14T18:00,2026-08-15,10,2026-08,2026-08-15T10:00,31.4,32.2,33.0,673.0,863.0,966.0
W04,Kanagawa Sagamihara,35.57,139.37,2026-08-14T18:00,2026-08-15,11,2026-08,2026-08-15T11:00,31.0,31.8,32.6,733.0,940.0,1053.0
W04,Kanagawa Sagamihara,35.57,139.37,2026-08-14T18:00,2026-08-15,12,2026-08,2026-08-15T12:00,32.7,33.5,34.3,665.0,853.0,955.0
W04,Kanagawa Sagamihara,35.57,139.37,2026-08-14T18:00,2026-08-15,13,2026-08,2026-08-15T13:00,34.9,35.7,36.5,643.0,824.0,923.0
W04,Kanagawa Sagamihara,35.57,139.37,2026-08-14T18:00,2026-08-15,14,2026-08,2026-08-15T14:00,35.8,36.6,37.4,574.0,736.0,825.0
W04,Kanagawa Sagamihara,35.57,139.37,2026-08-14T18:00,2026-08-15,15,2026-08,2026-08-15T15:00,33.6,34.4,35.2,431.0,553.0,619.0
W04,Kanagawa Sagamihara,35.57,139.37,2026-08-14T18:00,2026-08-15,16,2026-08,2026-08-15T16:00,33.1,33.9,34.7,295.0,379.0,424.0
W04,Kanagawa Sagamihara,35.57,139.37,2026-08-14T18:00,2026-08-15,17,2026-08,2026-08-15T17:00,32.5,33.3,34.1,155.0,199.0,223.0
W04,Kanagawa Sagamihara,35.57,139.37,2026-08-14T18:00,2026-08-15,18,2026-08,2026-08-15T18:00,31.8,32.6,33.4,25.0,32.0,36.0
W04,Kanagawa Sagamihara,35.57,139.37,2026-08-14T18:00,2026-08-15,19,2026-08,2026-08-15T19:00,30.6,31.4,32.2,0.0,0.0,0.0
W04,Kanagawa Sagamihara,35.57,139.37,2026-08-14T18:00,2026-08-15,20,2026-08,2026-08-15T20:00,29.4,30.2,31.0,0.0,0.0,0.0
W04,Kanagawa Sagamihara,35.57,139.37,2026-08-14T18:00,2026-08-15,21,2026-08,2026-08-15T21:00,30.7,31.5,32.3,0.0,0.0,0.0
W04,Kanagawa Sagamihara,35.57,139.37,2026-08-14T18:00,2026-08-15,22,2026-08,2026-08-15T22:00,28.8,29.6,30.4,0.0,0.0,0.0
W04,Kanagawa Sagamihara,35.57,139.37,2026-08-14T18:00,2026-08-15,23,2026-08,2026-08-15T23:00,27.9,28.7,29.5,0.0,0.0,0.0
W05,Saitama Kumagaya,36.15,139.39,2026-08-14T18:00,2026-08-15,0,2026-08,2026-08-15T00:00,28.6,29.4,30.2,0.0,0.0,0.0
W05,Saitama Kumagaya,36.15,139.39,2026-08-14T18:00,2026-08-15,1,2026-08,2026-08-15T01:00,29.3,30.1,30.9,0.0,0.0,0.0
W05,Saitama Kumagaya,36.15,139.39,2026-08-14T18:00,2026-08-15,2,2026-08,2026-08-15T02:00,28.8,29.6,30.4,0.0,0.0,0.0
W05,Saitama Kumagaya,36.15,139.39,2026-08-14T18:00,2026-08-15,3,2026-08,2026-08-15T03:00,27.9,28.7,29.5,0.0,0.0,0.0
W05,Saitama Kumagaya,36.15,139.39,2026-08-14T18:00,2026-08-15,4,2026-08,2026-08-15T04:00,28.6,29.4,30.2,0.0,0.0,0.0
W05,Saitama Kumagaya,36.15,139.39,2026-08-14T18:00,2026-08-15,5,2026-08,2026-08-15T05:00,27.7,28.5,29.3,48.0,61.0,68.0
W05,Saitama Kumagaya,36.15,139.39,2026-08-14T18:00,2026-08-15,6,2026-08,2026-08-15T06:00,28.3,29.1,29.9,174.0,223.0,250.0
W05,Saitama Kumagaya,36.15,139.39,2026-08-14T18:00,2026-08-15,7,2026-08,2026-08-15T07:00,29.5,30.3,31.1,322.0,413.0,462.0
W05,Saitama Kumagaya,36.15,139.39,2026-08-14T18:00,2026-08-15,8,2026-08,2026-08-15T08:00,29.5,30.3,31.1,455.0,584.0,654.0
W05,Saitama Kumagaya,36.15,139.39,2026-08-14T18:00,2026-08-15,9,2026-08,2026-08-15T09:00,31.9,32.7,33.5,550.0,705.0,790.0
W05,Saitama Kumagaya,36.15,139.39,2026-08-14T18:00,2026-08-15,10,2026-08,2026-08-15T10:00,32.6,33.4,34.2,640.0,821.0,919.0
W05,Saitama Kumagaya,36.15,139.39,2026-08-14T18:00,2026-08-15,11,2026-08,2026-08-15T11:00,32.2,33.0,33.8,658.0,843.0,945.0
W05,Saitama Kumagaya,36.15,139.39,2026-08-14T18:00,2026-08-15,12,2026-08,2026-08-15T12:00,33.9,34.7,35.5,711.0,911.0,1020.0
W05,Saitama Kumagaya,36.15,139.39,2026-08-14T18:00,2026-08-15,13,2026-08,2026-08-15T13:00,36.1,36.9,37.7,655.0,839.0,940.0
W05,Saitama Kumagaya,36.15,139.39,2026-08-14T18:00,2026-08-15,14,2026-08,2026-08-15T14:00,37.0,37.8,38.6,573.0,735.0,823.0
W05,Saitama Kumagaya,36.15,139.39,2026-08-14T18:00,2026-08-15,15,2026-08,2026-08-15T15:00,34.8,35.6,36.4,474.0,607.0,680.0
W05,Saitama Kumagaya,36.15,139.39,2026-08-14T18:00,2026-08-15,16,2026-08,2026-08-15T16:00,34.3,35.1,35.9,288.0,369.0,414.0
W05,Saitama Kumagaya,36.15,139.39,2026-08-14T18:00,2026-08-15,17,2026-08,2026-08-15T17:00,33.7,34.5,35.3,157.0,201.0,226.0
W05,Saitama Kumagaya,36.15,139.39,2026-08-14T18:00,2026-08-15,18,2026-08,2026-08-15T18:00,33.0,33.8,34.6,24.0,31.0,35.0
W05,Saitama Kumagaya,36.15,139.39,2026-08-14T18:00,2026-08-15,19,2026-08,2026-08-15T19:00,31.8,32.6,33.4,0.0,0.0,0.0
W05,Saitama Kumagaya,36.15,139.39,2026-08-14T18:00,2026-08-15,20,2026-08,2026-08-15T20:00,30.6,31.4,32.2,0.0,0.0,0.0
W05,Saitama Kumagaya,36.15,139.39,2026-08-14T18:00,2026-08-15,21,2026-08,2026-08-15T21:00,31.9,32.7,33.5,0.0,0.0,0.0
W05,Saitama Kumagaya,36.15,139.39,2026-08-14T18:00,2026-08-15,22,2026-08,2026-08-15T22:00,30.0,30.8,31.6,0.0,0.0,0.0
W05,Saitama Kumagaya,36.15,139.39,2026-08-14T18:00,2026-08-15,23,2026-08,2026-08-15T23:00,29.1,29.9,30.7,0.0,0.0,0.0
W06,Saitama Saitama,35.86,139.65,2026-08-14T18:00,2026-08-15,0,2026-08,2026-08-15T00:00,27.8,28.6,29.4,0.0,0.0,0.0
W06,Saitama Saitama,35.86,139.65,2026-08-14T18:00,2026-08-15,1,2026-08,2026-08-15T01:00,28.5,29.3,30.1,0.0,0.0,0.0
W06,Saitama Saitama,35.86,139.65,2026-08-14T18:00,2026-08-15,2,2026-08,2026-08-15T02:00,28.0,28.8,29.6,0.0,0.0,0.0
W06,Saitama Saitama,35.86,139.65,2026-08-14T18:00,2026-08-15,3,2026-08,2026-08-15T03:00,27.1,27.9,28.7,0.0,0.0,0.0
W06,Saitama Saitama,35.86,139.65,2026-08-14T18:00,2026-08-15,4,2026-08,2026-08-15T04:00,27.8,28.6,29.4,0.0,0.0,0.0
W06,Saitama Saitama,35.86,139.65,2026-08-14T18:00,2026-08-15,5,2026-08,2026-08-15T05:00,26.9,27.7,28.5,45.0,57.0,64.0
W06,Saitama Saitama,35.86,139.65,2026-08-14T18:00,2026-08-15,6,2026-08,2026-08-15T06:00,27.5,28.3,29.1,176.0,225.0,252.0
W06,Saitama Saitama,35.86,139.65,2026-08-14T18:00,2026-08-15,7,2026-08,2026-08-15T07:00,28.7,29.5,30.3,317.0,407.0,456.0
W06,Saitama Saitama,35.86,139.65,2026-08-14T18:00,2026-08-15,8,2026-08,2026-08-15T08:00,28.7,29.5,30.3,483.0,620.0,694.0
W06,Saitama Saitama,35.86,139.65,2026-08-14T18:00,2026-08-15,9,2026-08,2026-08-15T09:00,31.1,31.9,32.7,553.0,709.0,795.0
W06,Saitama Saitama,35.86,139.65,2026-08-14T18:00,2026-08-15,10,2026-08,2026-08-15T10:00,31.8,32.6,33.4,617.0,791.0,886.0
W06,Saitama Saitama,35.86,139.65,2026-08-14T18:00,2026-08-15,11,2026-08,2026-08-15T11:00,31.4,32.2,33.0,742.0,952.0,1066.0
W06,Saitama Saitama,35.86,139.65,2026-08-14T18:00,2026-08-15,12,2026-08,2026-08-15T12:00,33.1,33.9,34.7,677.0,868.0,972.0
W06,Saitama Saitama,35.86,139.65,2026-08-14T18:00,2026-08-15,13,2026-08,2026-08-15T13:00,35.3,36.1,36.9,631.0,809.0,906.0
W06,Saitama Saitama,35.86,139.65,2026-08-14T18:00,2026-08-15,14,2026-08,2026-08-15T14:00,36.2,37.0,37.8,563.0,722.0,808.0
W06,Saitama Saitama,35.86,139.65,2026-08-14T18:00,2026-08-15,15,2026-08,2026-08-15T15:00,34.0,34.8,35.6,437.0,560.0,627.0
W06,Saitama Saitama,35.86,139.65,2026-08-14T18:00,2026-08-15,16,2026-08,2026-08-15T16:00,33.5,34.3,35.1,301.0,385.0,432.0
W06,Saitama Saitama,35.86,139.65,2026-08-14T18:00,2026-08-15,17,2026-08,2026-08-15T17:00,32.9,33.7,34.5,160.0,205.0,230.0
W06,Saitama Saitama,35.86,139.65,2026-08-14T18:00,2026-08-15,18,2026-08,2026-08-15T18:00,32.2,33.0,33.8,24.0,31.0,35.0
W06,Saitama Saitama,35.86,139.65,2026-08-14T18:00,2026-08-15,19,2026-08,2026-08-15T19:00,31.0,31.8,32.6,0.0,0.0,0.0
W06,Saitama Saitama,35.86,139.65,2026-08-14T18:00,2026-08-15,20,2026-08,2026-08-15T20:00,29.8,30.6,31.4,0.0,0.0,0.0
W06,Saitama Saitama,35.86,139.65,2026-08-14T18:00,2026-08-15,21,2026-08,2026-08-15T21:00,31.1,31.9,32.7,0.0,0.0,0.0
W06,Saitama Saitama,35.86,139.65,2026-08-14T18:00,2026-08-15,22,2026-08,2026-08-15T22:00,29.2,30.0,30.8,0.0,0.0,0.0
W06,Saitama Saitama,35.86,139.65,2026-08-14T18:00,2026-08-15,23,2026-08,2026-08-15T23:00,28.3,29.1,29.9,0.0,0.0,0.0
W07,Chiba Inzai,35.83,140.15,2026-08-14T18:00,2026-08-15,0,2026-08,2026-08-15T00:00,26.8,27.6,28.4,0.0,0.0,0.0
W07,Chiba Inzai,35.83,140.15,2026-08-14T18:00,2026-08-15,1,2026-08,2026-08-15T01:00,27.5,28.3,29.1,0.0,0.0,0.0
W07,Chiba Inzai,35.83,140.15,2026-08-14T18:00,2026-08-15,2,2026-08,2026-08-15T02:00,27.0,27.8,28.6,0.0,0.0,0.0
W07,Chiba Inzai,35.83,140.15,2026-08-14T18:00,2026-08-15,3,2026-08,2026-08-15T03:00,26.1,26.9,27.7,0.0,0.0,0.0
W07,Chiba Inzai,35.83,140.15,2026-08-14T18:00,2026-08-15,4,2026-08,2026-08-15T04:00,26.8,27.6,28.4,0.0,0.0,0.0
W07,Chiba Inzai,35.83,140.15,2026-08-14T18:00,2026-08-15,5,2026-08,2026-08-15T05:00,25.9,26.7,27.5,48.0,61.0,68.0
W07,Chiba Inzai,35.83,140.15,2026-08-14T18:00,2026-08-15,6,2026-08,2026-08-15T06:00,26.5,27.3,28.1,179.0,229.0,257.0
W07,Chiba Inzai,35.83,140.15,2026-08-14T18:00,2026-08-15,7,2026-08,2026-08-15T07:00,27.7,28.5,29.3,331.0,424.0,475.0
W07,Chiba Inzai,35.83,140.15,2026-08-14T18:00,2026-08-15,8,2026-08,2026-08-15T08:00,27.7,28.5,29.3,455.0,584.0,654.0
W07,Chiba Inzai,35.83,140.15,2026-08-14T18:00,2026-08-15,9,2026-08,2026-08-15T09:00,30.1,30.9,31.7,593.0,761.0,852.0
W07,Chiba Inzai,35.83,140.15,2026-08-14T18:00,2026-08-15,10,2026-08,2026-08-15T10:00,30.8,31.6,32.4,610.0,782.0,875.0
W07,Chiba Inzai,35.83,140.15,2026-08-14T18:00,2026-08-15,11,2026-08,2026-08-15T11:00,30.4,31.2,32.0,682.0,874.0,979.0
W07,Chiba Inzai,35.83,140.15,2026-08-14T18:00,2026-08-15,12,2026-08,2026-08-15T12:00,32.1,32.9,33.7,676.0,867.0,971.0
W07,Chiba Inzai,35.83,140.15,2026-08-14T18:00,2026-08-15,13,2026-08,2026-08-15T13:00,34.3,35.1,35.9,624.0,801.0,897.0
W07,Chiba Inzai,35.83,140.15,2026-08-14T18:00,2026-08-15,14,2026-08,2026-08-15T14:00,35.2,36.0,36.8,560.0,718.0,804.0
W07,Chiba Inzai,35.83,140.15,2026-08-14T18:00,2026-08-15,15,2026-08,2026-08-15T15:00,33.0,33.8,34.6,418.0,535.0,600.0
W07,Chiba Inzai,35.83,140.15,2026-08-14T18:00,2026-08-15,16,2026-08,2026-08-15T16:00,32.5,33.3,34.1,308.0,395.0,443.0
W07,Chiba Inzai,35.83,140.15,2026-08-14T18:00,2026-08-15,17,2026-08,2026-08-15T17:00,31.9,32.7,33.5,149.0,191.0,214.0
W07,Chiba Inzai,35.83,140.15,2026-08-14T18:00,2026-08-15,18,2026-08,2026-08-15T18:00,31.2,32.0,32.8,24.0,30.0,34.0
W07,Chiba Inzai,35.83,140.15,2026-08-14T18:00,2026-08-15,19,2026-08,2026-08-15T19:00,30.0,30.8,31.6,0.0,0.0,0.0
W07,Chiba Inzai,35.83,140.15,2026-08-14T18:00,2026-08-15,20,2026-08,2026-08-15T20:00,28.8,29.6,30.4,0.0,0.0,0.0
W07,Chiba Inzai,35.83,140.15,2026-08-14T18:00,2026-08-15,21,2026-08,2026-08-15T21:00,30.1,30.9,31.7,0.0,0.0,0.0
W07,Chiba Inzai,35.83,140.15,2026-08-14T18:00,2026-08-15,22,2026-08,2026-08-15T22:00,28.2,29.0,29.8,0.0,0.0,0.0
W07,Chiba Inzai,35.83,140.15,2026-08-14T18:00,2026-08-15,23,2026-08,2026-08-15T23:00,27.3,28.1,28.9,0.0,0.0,0.0
W08,Chiba Chiba,35.61,140.12,2026-08-14T18:00,2026-08-15,0,2026-08,2026-08-15T00:00,26.2,27.0,27.8,0.0,0.0,0.0
W08,Chiba Chiba,35.61,140.12,2026-08-14T18:00,2026-08-15,1,2026-08,2026-08-15T01:00,26.9,27.7,28.5,0.0,0.0,0.0
W08,Chiba Chiba,35.61,140.12,2026-08-14T18:00,2026-08-15,2,2026-08,2026-08-15T02:00,26.4,27.2,28.0,0.0,0.0,0.0
W08,Chiba Chiba,35.61,140.12,2026-08-14T18:00,2026-08-15,3,2026-08,2026-08-15T03:00,25.5,26.3,27.1,0.0,0.0,0.0
W08,Chiba Chiba,35.61,140.12,2026-08-14T18:00,2026-08-15,4,2026-08,2026-08-15T04:00,26.2,27.0,27.8,0.0,0.0,0.0
W08,Chiba Chiba,35.61,140.12,2026-08-14T18:00,2026-08-15,5,2026-08,2026-08-15T05:00,25.3,26.1,26.9,48.0,61.0,69.0
W08,Chiba Chiba,35.61,140.12,2026-08-14T18:00,2026-08-15,6,2026-08,2026-08-15T06:00,25.9,26.7,27.5,180.0,231.0,259.0
W08,Chiba Chiba,35.61,140.12,2026-08-14T18:00,2026-08-15,7,2026-08,2026-08-15T07:00,27.1,27.9,28.7,323.0,415.0,464.0
W08,Chiba Chiba,35.61,140.12,2026-08-14T18:00,2026-08-15,8,2026-08,2026-08-15T08:00,27.1,27.9,28.7,463.0,594.0,665.0
W08,Chiba Chiba,35.61,140.12,2026-08-14T18:00,2026-08-15,9,2026-08,2026-08-15T09:00,29.5,30.3,31.1,596.0,764.0,855.0
W08,Chiba Chiba,35.61,140.12,2026-08-14T18:00,2026-08-15,10,2026-08,2026-08-15T10:00,30.2,31.0,31.8,668.0,856.0,959.0
W08,Chiba Chiba,35.61,140.12,2026-08-14T18:00,2026-08-15,11,2026-08,2026-08-15T11:00,29.8,30.6,31.4,687.0,881.0,987.0
W08,Chiba Chiba,35.61,140.12,2026-08-14T18:00,2026-08-15,12,2026-08,2026-08-15T12:00,31.5,32.3,33.1,697.0,894.0,1001.0
W08,Chiba Chiba,35.61,140.12,2026-08-14T18:00,2026-08-15,13,2026-08,2026-08-15T13:00,33.7,34.5,35.3,647.0,829.0,929.0
W08,Chiba Chiba,35.61,140.12,2026-08-14T18:00,2026-08-15,14,2026-08,2026-08-15T14:00,34.6,35.4,36.2,563.0,722.0,809.0
W08,Chiba Chiba,35.61,140.12,2026-08-14T18:00,2026-08-15,15,2026-08,2026-08-15T15:00,32.4,33.2,34.0,452.0,580.0,649.0
W08,Chiba Chiba,35.61,140.12,2026-08-14T18:00,2026-08-15,16,2026-08,2026-08-15T16:00,31.9,32.7,33.5,302.0,387.0,434.0
W08,Chiba Chiba,35.61,140.12,2026-08-14T18:00,2026-08-15,17,2026-08,2026-08-15T17:00,31.3,32.1,32.9,157.0,201.0,225.0
W08,Chiba Chiba,35.61,140.12,2026-08-14T18:00,2026-08-15,18,2026-08,2026-08-15T18:00,30.6,31.4,32.2,24.0,31.0,35.0
W08,Chiba Chiba,35.61,140.12,2026-08-14T18:00,2026-08-15,19,2026-08,2026-08-15T19:00,29.4,30.2,31.0,0.0,0.0,0.0
W08,Chiba Chiba,35.61,140.12,2026-08-14T18:00,2026-08-15,20,2026-08,2026-08-15T20:00,28.2,29.0,29.8,0.0,0.0,0.0
W08,Chiba Chiba,35.61,140.12,2026-08-14T18:00,2026-08-15,21,2026-08,2026-08-15T21:00,29.5,30.3,31.1,0.0,0.0,0.0
W08,Chiba Chiba,35.61,140.12,2026-08-14T18:00,2026-08-15,22,2026-08,2026-08-15T22:00,27.6,28.4,29.2,0.0,0.0,0.0
W08,Chiba Chiba,35.61,140.12,2026-08-14T18:00,2026-08-15,23,2026-08,2026-08-15T23:00,26.7,27.5,28.3,0.0,0.0,0.0
W09,Ibaraki Tsukuba,36.08,140.08,2026-08-14T18:00,2026-08-15,0,2026-08,2026-08-15T00:00,26.9,27.7,28.5,0.0,0.0,0.0
W09,Ibaraki Tsukuba,36.08,140.08,2026-08-14T18:00,2026-08-15,1,2026-08,2026-08-15T01:00,27.6,28.4,29.2,0.0,0.0,0.0
W09,Ibaraki Tsukuba,36.08,140.08,2026-08-14T18:00,2026-08-15,2,2026-08,2026-08-15T02:00,27.1,27.9,28.7,0.0,0.0,0.0
W09,Ibaraki Tsukuba,36.08,140.08,2026-08-14T18:00,2026-08-15,3,2026-08,2026-08-15T03:00,26.2,27.0,27.8,0.0,0.0,0.0
W09,Ibaraki Tsukuba,36.08,140.08,2026-08-14T18:00,2026-08-15,4,2026-08,2026-08-15T04:00,26.9,27.7,28.5,0.0,0.0,0.0
W09,Ibaraki Tsukuba,36.08,140.08,2026-08-14T18:00,2026-08-15,5,2026-08,2026-08-15T05:00,26.0,26.8,27.6,47.0,60.0,67.0
W09,Ibaraki Tsukuba,36.08,140.08,2026-08-14T18:00,2026-08-15,6,2026-08,2026-08-15T06:00,26.6,27.4,28.2,187.0,240.0,268.0
W09,Ibaraki Tsukuba,36.08,140.08,2026-08-14T18:00,2026-08-15,7,2026-08,2026-08-15T07:00,27.8,28.6,29.4,322.0,413.0,463.0
W09,Ibaraki Tsukuba,36.08,140.08,2026-08-14T18:00,2026-08-15,8,2026-08,2026-08-15T08:00,27.8,28.6,29.4,480.0,616.0,690.0
W09,Ibaraki Tsukuba,36.08,140.08,2026-08-14T18:00,2026-08-15,9,2026-08,2026-08-15T09:00,30.2,31.0,31.8,573.0,735.0,823.0
W09,Ibaraki Tsukuba,36.08,140.08,2026-08-14T18:00,2026-08-15,10,2026-08,2026-08-15T10:00,30.9,31.7,32.5,666.0,854.0,956.0
W09,Ibaraki Tsukuba,36.08,140.08,2026-08-14T18:00,2026-08-15,11,2026-08,2026-08-15T11:00,30.5,31.3,32.1,709.0,909.0,1019.0
W09,Ibaraki Tsukuba,36.08,140.08,2026-08-14T18:00,2026-08-15,12,2026-08,2026-08-15T12:00,32.2,33.0,33.8,683.0,875.0,980.0
W09,Ibaraki Tsukuba,36.08,140.08,2026-08-14T18:00,2026-08-15,13,2026-08,2026-08-15T13:00,34.4,35.2,36.0,634.0,813.0,910.0
W09,Ibaraki Tsukuba,36.08,140.08,2026-08-14T18:00,2026-08-15,14,2026-08,2026-08-15T14:00,35.3,36.1,36.9,559.0,717.0,803.0
W09,Ibaraki Tsukuba,36.08,140.08,2026-08-14T18:00,2026-08-15,15,2026-08,2026-08-15T15:00,33.1,33.9,34.7,442.0,566.0,634.0
W09,Ibaraki Tsukuba,36.08,140.08,2026-08-14T18:00,2026-08-15,16,2026-08,2026-08-15T16:00,32.6,33.4,34.2,296.0,379.0,425.0
W09,Ibaraki Tsukuba,36.08,140.08,2026-08-14T18:00,2026-08-15,17,2026-08,2026-08-15T17:00,32.0,32.8,33.6,151.0,194.0,217.0
W09,Ibaraki Tsukuba,36.08,140.08,2026-08-14T18:00,2026-08-15,18,2026-08,2026-08-15T18:00,31.3,32.1,32.9,24.0,31.0,35.0
W09,Ibaraki Tsukuba,36.08,140.08,2026-08-14T18:00,2026-08-15,19,2026-08,2026-08-15T19:00,30.1,30.9,31.7,0.0,0.0,0.0
W09,Ibaraki Tsukuba,36.08,140.08,2026-08-14T18:00,2026-08-15,20,2026-08,2026-08-15T20:00,28.9,29.7,30.5,0.0,0.0,0.0
W09,Ibaraki Tsukuba,36.08,140.08,2026-08-14T18:00,2026-08-15,21,2026-08,2026-08-15T21:00,30.2,31.0,31.8,0.0,0.0,0.0
W09,Ibaraki Tsukuba,36.08,140.08,2026-08-14T18:00,2026-08-15,22,2026-08,2026-08-15T22:00,28.3,29.1,29.9,0.0,0.0,0.0
W09,Ibaraki Tsukuba,36.08,140.08,2026-08-14T18:00,2026-08-15,23,2026-08,2026-08-15T23:00,27.4,28.2,29.0,0.0,0.0,0.0
W10,Gunma Maebashi,36.39,139.06,2026-08-14T18:00,2026-08-15,0,2026-08,2026-08-15T00:00,28.2,29.0,29.8,0.0,0.0,0.0
W10,Gunma Maebashi,36.39,139.06,2026-08-14T18:00,2026-08-15,1,2026-08,2026-08-15T01:00,28.9,29.7,30.5,0.0,0.0,0.0
W10,Gunma Maebashi,36.39,139.06,2026-08-14T18:00,2026-08-15,2,2026-08,2026-08-15T02:00,28.4,29.2,30.0,0.0,0.0,0.0
W10,Gunma Maebashi,36.39,139.06,2026-08-14T18:00,2026-08-15,3,2026-08,2026-08-15T03:00,27.5,28.3,29.1,0.0,0.0,0.0
W10,Gunma Maebashi,36.39,139.06,2026-08-14T18:00,2026-08-15,4,2026-08,2026-08-15T04:00,28.2,29.0,29.8,0.0,0.0,0.0
W10,Gunma Maebashi,36.39,139.06,2026-08-14T18:00,2026-08-15,5,2026-08,2026-08-15T05:00,27.3,28.1,28.9,46.0,59.0,67.0
W10,Gunma Maebashi,36.39,139.06,2026-08-14T18:00,2026-08-15,6,2026-08,2026-08-15T06:00,27.9,28.7,29.5,174.0,223.0,250.0
W10,Gunma Maebashi,36.39,139.06,2026-08-14T18:00,2026-08-15,7,2026-08,2026-08-15T07:00,29.1,29.9,30.7,338.0,433.0,485.0
W10,Gunma Maebashi,36.39,139.06,2026-08-14T18:00,2026-08-15,8,2026-08,2026-08-15T08:00,29.1,29.9,30.7,483.0,619.0,694.0
W10,Gunma Maebashi,36.39,139.06,2026-08-14T18:00,2026-08-15,9,2026-08,2026-08-15T09:00,31.5,32.3,33.1,594.0,761.0,852.0
W10,Gunma Maebashi,36.39,139.06,2026-08-14T18:00,2026-08-15,10,2026-08,2026-08-15T10:00,32.2,33.0,33.8,646.0,829.0,928.0
W10,Gunma Maebashi,36.39,139.06,2026-08-14T18:00,2026-08-15,11,2026-08,2026-08-15T11:00,31.8,32.6,33.4,701.0,898.0,1006.0
W10,Gunma Maebashi,36.39,139.06,2026-08-14T18:00,2026-08-15,12,2026-08,2026-08-15T12:00,33.5,34.3,35.1,730.0,937.0,1049.0
W10,Gunma Maebashi,36.39,139.06,2026-08-14T18:00,2026-08-15,13,2026-08,2026-08-15T13:00,35.7,36.5,37.3,598.0,767.0,859.0
W10,Gunma Maebashi,36.39,139.06,2026-08-14T18:00,2026-08-15,14,2026-08,2026-08-15T14:00,36.6,37.4,38.2,555.0,711.0,796.0
W10,Gunma Maebashi,36.39,139.06,2026-08-14T18:00,2026-08-15,15,2026-08,2026-08-15T15:00,34.4,35.2,36.0,433.0,555.0,622.0
W10,Gunma Maebashi,36.39,139.06,2026-08-14T18:00,2026-08-15,16,2026-08,2026-08-15T16:00,33.9,34.7,35.5,308.0,395.0,443.0
W10,Gunma Maebashi,36.39,139.06,2026-08-14T18:00,2026-08-15,17,2026-08,2026-08-15T17:00,33.3,34.1,34.9,157.0,201.0,225.0
W10,Gunma Maebashi,36.39,139.06,2026-08-14T18:00,2026-08-15,18,2026-08,2026-08-15T18:00,32.6,33.4,34.2,25.0,32.0,36.0
W10,Gunma Maebashi,36.39,139.06,2026-08-14T18:00,2026-08-15,19,2026-08,2026-08-15T19:00,31.4,32.2,33.0,0.0,0.0,0.0
W10,Gunma Maebashi,36.39,139.06,2026-08-14T18:00,2026-08-15,20,2026-08,2026-08-15T20:00,30.2,31.0,31.8,0.0,0.0,0.0
W10,Gunma Maebashi,36.39,139.06,2026-08-14T18:00,2026-08-15,21,2026-08,2026-08-15T21:00,31.5,32.3,33.1,0.0,0.0,0.0
W10,Gunma Maebashi,36.39,139.06,2026-08-14T18:00,2026-08-15,22,2026-08,2026-08-15T22:00,29.6,30.4,31.2,0.0,0.0,0.0
W10,Gunma Maebashi,36.39,139.06,2026-08-14T18:00,2026-08-15,23,2026-08,2026-08-15T23:00,28.7,29.5,30.3,0.0,0.0,0.0
W01,Tokyo Otemachi,35.69,139.76,2026-08-15T18:00,2026-08-16,0,2026-08,2026-08-16T00:00,28.9,29.7,30.5,0.0,0.0,0.0
W01,Tokyo Otemachi,35.69,139.76,2026-08-15T18:00,2026-08-16,1,2026-08,2026-08-16T01:00,27.5,28.3,29.1,0.0,0.0,0.0
W01,Tokyo Otemachi,35.69,139.76,2026-08-15T18:00,2026-08-16,2,2026-08,2026-08-16T02:00,27.8,28.6,29.4,0.0,0.0,0.0
W01,Tokyo Otemachi,35.69,139.76,2026-08-15T18:00,2026-08-16,3,2026-08,2026-08-16T03:00,27.7,28.5,29.3,0.0,0.0,0.0
W01,Tokyo Otemachi,35.69,139.76,2026-08-15T18:00,2026-08-16,4,2026-08,2026-08-16T04:00,26.9,27.7,28.5,0.0,0.0,0.0
W01,Tokyo Otemachi,35.69,139.76,2026-08-15T18:00,2026-08-16,5,2026-08,2026-08-16T05:00,26.2,27.0,27.8,43.0,55.0,62.0
W01,Tokyo Otemachi,35.69,139.76,2026-08-15T18:00,2026-08-16,6,2026-08,2026-08-16T06:00,28.1,28.9,29.7,173.0,222.0,249.0
W01,Tokyo Otemachi,35.69,139.76,2026-08-15T18:00,2026-08-16,7,2026-08,2026-08-16T07:00,29.0,29.8,30.6,305.0,392.0,438.0
W01,Tokyo Otemachi,35.69,139.76,2026-08-15T18:00,2026-08-16,8,2026-08,2026-08-16T08:00,30.5,31.3,32.1,418.0,535.0,600.0
W01,Tokyo Otemachi,35.69,139.76,2026-08-15T18:00,2026-08-16,9,2026-08,2026-08-16T09:00,30.6,31.4,32.2,532.0,682.0,763.0
W01,Tokyo Otemachi,35.69,139.76,2026-08-15T18:00,2026-08-16,10,2026-08,2026-08-16T10:00,30.6,31.4,32.2,631.0,809.0,907.0
W01,Tokyo Otemachi,35.69,139.76,2026-08-15T18:00,2026-08-16,11,2026-08,2026-08-16T11:00,32.7,33.5,34.3,665.0,853.0,955.0
W01,Tokyo Otemachi,35.69,139.76,2026-08-15T18:00,2026-08-16,12,2026-08,2026-08-16T12:00,32.3,33.1,33.9,669.0,858.0,961.0
W01,Tokyo Otemachi,35.69,139.76,2026-08-15T18:00,2026-08-16,13,2026-08,2026-08-16T13:00,34.7,35.5,36.3,619.0,794.0,889.0
W01,Tokyo Otemachi,35.69,139.76,2026-08-15T18:00,2026-08-16,14,2026-08,2026-08-16T14:00,34.8,35.6,36.4,536.0,687.0,770.0
W01,Tokyo Otemachi,35.69,139.76,2026-08-15T18:00,2026-08-16,15,2026-08,2026-08-16T15:00,34.4,35.2,36.0,425.0,544.0,610.0
W01,Tokyo Otemachi,35.69,139.76,2026-08-15T18:00,2026-08-16,16,2026-08,2026-08-16T16:00,33.7,34.5,35.3,289.0,370.0,415.0
W01,Tokyo Otemachi,35.69,139.76,2026-08-15T18:00,2026-08-16,17,2026-08,2026-08-16T17:00,33.9,34.7,35.5,138.0,177.0,199.0
W01,Tokyo Otemachi,35.69,139.76,2026-08-15T18:00,2026-08-16,18,2026-08,2026-08-16T18:00,32.2,33.0,33.8,23.0,29.0,33.0
W01,Tokyo Otemachi,35.69,139.76,2026-08-15T18:00,2026-08-16,19,2026-08,2026-08-16T19:00,32.2,33.0,33.8,0.0,0.0,0.0
W01,Tokyo Otemachi,35.69,139.76,2026-08-15T18:00,2026-08-16,20,2026-08,2026-08-16T20:00,30.7,31.5,32.3,0.0,0.0,0.0
W01,Tokyo Otemachi,35.69,139.76,2026-08-15T18:00,2026-08-16,21,2026-08,2026-08-16T21:00,30.2,31.0,31.8,0.0,0.0,0.0
W01,Tokyo Otemachi,35.69,139.76,2026-08-15T18:00,2026-08-16,22,2026-08,2026-08-16T22:00,30.1,30.9,31.7,0.0,0.0,0.0
W01,Tokyo Otemachi,35.69,139.76,2026-08-15T18:00,2026-08-16,23,2026-08,2026-08-16T23:00,29.3,30.1,30.9,0.0,0.0,0.0
W02,Tokyo Hachioji,35.66,139.32,2026-08-15T18:00,2026-08-16,0,2026-08,2026-08-16T00:00,29.5,30.3,31.1,0.0,0.0,0.0
W02,Tokyo Hachioji,35.66,139.32,2026-08-15T18:00,2026-08-16,1,2026-08,2026-08-16T01:00,28.1,28.9,29.7,0.0,0.0,0.0
W02,Tokyo Hachioji,35.66,139.32,2026-08-15T18:00,2026-08-16,2,2026-08,2026-08-16T02:00,28.4,29.2,30.0,0.0,0.0,0.0
W02,Tokyo Hachioji,35.66,139.32,2026-08-15T18:00,2026-08-16,3,2026-08,2026-08-16T03:00,28.3,29.1,29.9,0.0,0.0,0.0
W02,Tokyo Hachioji,35.66,139.32,2026-08-15T18:00,2026-08-16,4,2026-08,2026-08-16T04:00,27.5,28.3,29.1,0.0,0.0,0.0
W02,Tokyo Hachioji,35.66,139.32,2026-08-15T18:00,2026-08-16,5,2026-08,2026-08-16T05:00,26.8,27.6,28.4,47.0,60.0,67.0
W02,Tokyo Hachioji,35.66,139.32,2026-08-15T18:00,2026-08-16,6,2026-08,2026-08-16T06:00,28.7,29.5,30.3,176.0,225.0,252.0
W02,Tokyo Hachioji,35.66,139.32,2026-08-15T18:00,2026-08-16,7,2026-08,2026-08-16T07:00,29.6,30.4,31.2,305.0,390.0,437.0
W02,Tokyo Hachioji,35.66,139.32,2026-08-15T18:00,2026-08-16,8,2026-08,2026-08-16T08:00,31.1,31.9,32.7,432.0,554.0,620.0
W02,Tokyo Hachioji,35.66,139.32,2026-08-15T18:00,2026-08-16,9,2026-08,2026-08-16T09:00,31.2,32.0,32.8,527.0,676.0,757.0
W02,Tokyo Hachioji,35.66,139.32,2026-08-15T18:00,2026-08-16,10,2026-08,2026-08-16T10:00,31.2,32.0,32.8,615.0,789.0,884.0
W02,Tokyo Hachioji,35.66,139.32,2026-08-15T18:00,2026-08-16,11,2026-08,2026-08-16T11:00,33.3,34.1,34.9,687.0,880.0,986.0
W02,Tokyo Hachioji,35.66,139.32,2026-08-15T18:00,2026-08-16,12,2026-08,2026-08-16T12:00,32.9,33.7,34.5,660.0,846.0,948.0
W02,Tokyo Hachioji,35.66,139.32,2026-08-15T18:00,2026-08-16,13,2026-08,2026-08-16T13:00,35.3,36.1,36.9,597.0,766.0,857.0
W02,Tokyo Hachioji,35.66,139.32,2026-08-15T18:00,2026-08-16,14,2026-08,2026-08-16T14:00,35.4,36.2,37.0,540.0,692.0,775.0
W02,Tokyo Hachioji,35.66,139.32,2026-08-15T18:00,2026-08-16,15,2026-08,2026-08-16T15:00,35.0,35.8,36.6,405.0,519.0,581.0
W02,Tokyo Hachioji,35.66,139.32,2026-08-15T18:00,2026-08-16,16,2026-08,2026-08-16T16:00,34.3,35.1,35.9,291.0,373.0,418.0
W02,Tokyo Hachioji,35.66,139.32,2026-08-15T18:00,2026-08-16,17,2026-08,2026-08-16T17:00,34.5,35.3,36.1,138.0,177.0,199.0
W02,Tokyo Hachioji,35.66,139.32,2026-08-15T18:00,2026-08-16,18,2026-08,2026-08-16T18:00,32.8,33.6,34.4,24.0,30.0,34.0
W02,Tokyo Hachioji,35.66,139.32,2026-08-15T18:00,2026-08-16,19,2026-08,2026-08-16T19:00,32.8,33.6,34.4,0.0,0.0,0.0
W02,Tokyo Hachioji,35.66,139.32,2026-08-15T18:00,2026-08-16,20,2026-08,2026-08-16T20:00,31.3,32.1,32.9,0.0,0.0,0.0
W02,Tokyo Hachioji,35.66,139.32,2026-08-15T18:00,2026-08-16,21,2026-08,2026-08-16T21:00,30.8,31.6,32.4,0.0,0.0,0.0
W02,Tokyo Hachioji,35.66,139.32,2026-08-15T18:00,2026-08-16,22,2026-08,2026-08-16T22:00,30.7,31.5,32.3,0.0,0.0,0.0
W02,Tokyo Hachioji,35.66,139.32,2026-08-15T18:00,2026-08-16,23,2026-08,2026-08-16T23:00,29.9,30.7,31.5,0.0,0.0,0.0
W03,Kanagawa Yokohama,35.44,139.64,2026-08-15T18:00,2026-08-16,0,2026-08,2026-08-16T00:00,28.0,28.8,29.6,0.0,0.0,0.0
W03,Kanagawa Yokohama,35.44,139.64,2026-08-15T18:00,2026-08-16,1,2026-08,2026-08-16T01:00,26.6,27.4,28.2,0.0,0.0,0.0
W03,Kanagawa Yokohama,35.44,139.64,2026-08-15T18:00,2026-08-16,2,2026-08,2026-08-16T02:00,26.9,27.7,28.5,0.0,0.0,0.0
W03,Kanagawa Yokohama,35.44,139.64,2026-08-15T18:00,2026-08-16,3,2026-08,2026-08-16T03:00,26.8,27.6,28.4,0.0,0.0,0.0
W03,Kanagawa Yokohama,35.44,139.64,2026-08-15T18:00,2026-08-16,4,2026-08,2026-08-16T04:00,26.0,26.8,27.6,0.0,0.0,0.0
W03,Kanagawa Yokohama,35.44,139.64,2026-08-15T18:00,2026-08-16,5,2026-08,2026-08-16T05:00,25.3,26.1,26.9,45.0,58.0,65.0
W03,Kanagawa Yokohama,35.44,139.64,2026-08-15T18:00,2026-08-16,6,2026-08,2026-08-16T06:00,27.2,28.0,28.8,178.0,228.0,256.0
W03,Kanagawa Yokohama,35.44,139.64,2026-08-15T18:00,2026-08-16,7,2026-08,2026-08-16T07:00,28.1,28.9,29.7,317.0,407.0,456.0
W03,Kanagawa Yokohama,35.44,139.64,2026-08-15T18:00,2026-08-16,8,2026-08,2026-08-16T08:00,29.6,30.4,31.2,458.0,587.0,658.0
W03,Kanagawa Yokohama,35.44,139.64,2026-08-15T18:00,2026-08-16,9,2026-08,2026-08-16T09:00,29.7,30.5,31.3,522.0,669.0,750.0
W03,Kanagawa Yokohama,35.44,139.64,2026-08-15T18:00,2026-08-16,10,2026-08,2026-08-16T10:00,29.7,30.5,31.3,645.0,827.0,927.0
W03,Kanagawa Yokohama,35.44,139.64,2026-08-15T18:00,2026-08-16,11,2026-08,2026-08-16T11:00,31.8,32.6,33.4,647.0,829.0,928.0
W03,Kanagawa Yokohama,35.44,139.64,2026-08-15T18:00,2026-08-16,12,2026-08,2026-08-16T12:00,31.4,32.2,33.0,624.0,800.0,896.0
W03,Kanagawa Yokohama,35.44,139.64,2026-08-15T18:00,2026-08-16,13,2026-08,2026-08-16T13:00,33.8,34.6,35.4,610.0,782.0,876.0
W03,Kanagawa Yokohama,35.44,139.64,2026-08-15T18:00,2026-08-16,14,2026-08,2026-08-16T14:00,33.9,34.7,35.5,519.0,665.0,745.0
W03,Kanagawa Yokohama,35.44,139.64,2026-08-15T18:00,2026-08-16,15,2026-08,2026-08-16T15:00,33.5,34.3,35.1,423.0,543.0,608.0
W03,Kanagawa Yokohama,35.44,139.64,2026-08-15T18:00,2026-08-16,16,2026-08,2026-08-16T16:00,32.8,33.6,34.4,293.0,376.0,421.0
W03,Kanagawa Yokohama,35.44,139.64,2026-08-15T18:00,2026-08-16,17,2026-08,2026-08-16T17:00,33.0,33.8,34.6,146.0,187.0,210.0
W03,Kanagawa Yokohama,35.44,139.64,2026-08-15T18:00,2026-08-16,18,2026-08,2026-08-16T18:00,31.3,32.1,32.9,24.0,31.0,35.0
W03,Kanagawa Yokohama,35.44,139.64,2026-08-15T18:00,2026-08-16,19,2026-08,2026-08-16T19:00,31.3,32.1,32.9,0.0,0.0,0.0
W03,Kanagawa Yokohama,35.44,139.64,2026-08-15T18:00,2026-08-16,20,2026-08,2026-08-16T20:00,29.8,30.6,31.4,0.0,0.0,0.0
W03,Kanagawa Yokohama,35.44,139.64,2026-08-15T18:00,2026-08-16,21,2026-08,2026-08-16T21:00,29.3,30.1,30.9,0.0,0.0,0.0
W03,Kanagawa Yokohama,35.44,139.64,2026-08-15T18:00,2026-08-16,22,2026-08,2026-08-16T22:00,29.2,30.0,30.8,0.0,0.0,0.0
W03,Kanagawa Yokohama,35.44,139.64,2026-08-15T18:00,2026-08-16,23,2026-08,2026-08-16T23:00,28.4,29.2,30.0,0.0,0.0,0.0
W04,Kanagawa Sagamihara,35.57,139.37,2026-08-15T18:00,2026-08-16,0,2026-08,2026-08-16T00:00,29.3,30.1,30.9,0.0,0.0,0.0
W04,Kanagawa Sagamihara,35.57,139.37,2026-08-15T18:00,2026-08-16,1,2026-08,2026-08-16T01:00,27.9,28.7,29.5,0.0,0.0,0.0
W04,Kanagawa Sagamihara,35.57,139.37,2026-08-15T18:00,2026-08-16,2,2026-08,2026-08-16T02:00,28.2,29.0,29.8,0.0,0.0,0.0
W04,Kanagawa Sagamihara,35.57,139.37,2026-08-15T18:00,2026-08-16,3,2026-08,2026-08-16T03:00,28.1,28.9,29.7,0.0,0.0,0.0
W04,Kanagawa Sagamihara,35.57,139.37,2026-08-15T18:00,2026-08-16,4,2026-08,2026-08-16T04:00,27.3,28.1,28.9,0.0,0.0,0.0
W04,Kanagawa Sagamihara,35.57,139.37,2026-08-15T18:00,2026-08-16,5,2026-08,2026-08-16T05:00,26.6,27.4,28.2,46.0,59.0,66.0
W04,Kanagawa Sagamihara,35.57,139.37,2026-08-15T18:00,2026-08-16,6,2026-08,2026-08-16T06:00,28.5,29.3,30.1,170.0,218.0,244.0
W04,Kanagawa Sagamihara,35.57,139.37,2026-08-15T18:00,2026-08-16,7,2026-08,2026-08-16T07:00,29.4,30.2,31.0,324.0,415.0,465.0
W04,Kanagawa Sagamihara,35.57,139.37,2026-08-15T18:00,2026-08-16,8,2026-08,2026-08-16T08:00,30.9,31.7,32.5,438.0,561.0,628.0
W04,Kanagawa Sagamihara,35.57,139.37,2026-08-15T18:00,2026-08-16,9,2026-08,2026-08-16T09:00,31.0,31.8,32.6,568.0,728.0,815.0
W04,Kanagawa Sagamihara,35.57,139.37,2026-08-15T18:00,2026-08-16,10,2026-08,2026-08-16T10:00,31.0,31.8,32.6,663.0,850.0,952.0
W04,Kanagawa Sagamihara,35.57,139.37,2026-08-15T18:00,2026-08-16,11,2026-08,2026-08-16T11:00,33.1,33.9,34.7,671.0,861.0,964.0
W04,Kanagawa Sagamihara,35.57,139.37,2026-08-15T18:00,2026-08-16,12,2026-08,2026-08-16T12:00,32.7,33.5,34.3,668.0,856.0,959.0
W04,Kanagawa Sagamihara,35.57,139.37,2026-08-15T18:00,2026-08-16,13,2026-08,2026-08-16T13:00,35.1,35.9,36.7,589.0,756.0,846.0
W04,Kanagawa Sagamihara,35.57,139.37,2026-08-15T18:00,2026-08-16,14,2026-08,2026-08-16T14:00,35.2,36.0,36.8,520.0,667.0,747.0
W04,Kanagawa Sagamihara,35.57,139.37,2026-08-15T18:00,2026-08-16,15,2026-08,2026-08-16T15:00,34.8,35.6,36.4,411.0,527.0,590.0
W04,Kanagawa Sagamihara,35.57,139.37,2026-08-15T18:00,2026-08-16,16,2026-08,2026-08-16T16:00,34.1,34.9,35.7,276.0,354.0,396.0
W04,Kanagawa Sagamihara,35.57,139.37,2026-08-15T18:00,2026-08-16,17,2026-08,2026-08-16T17:00,34.3,35.1,35.9,150.0,192.0,215.0
W04,Kanagawa Sagamihara,35.57,139.37,2026-08-15T18:00,2026-08-16,18,2026-08,2026-08-16T18:00,32.6,33.4,34.2,23.0,30.0,34.0
W04,Kanagawa Sagamihara,35.57,139.37,2026-08-15T18:00,2026-08-16,19,2026-08,2026-08-16T19:00,32.6,33.4,34.2,0.0,0.0,0.0
W04,Kanagawa Sagamihara,35.57,139.37,2026-08-15T18:00,2026-08-16,20,2026-08,2026-08-16T20:00,31.1,31.9,32.7,0.0,0.0,0.0
W04,Kanagawa Sagamihara,35.57,139.37,2026-08-15T18:00,2026-08-16,21,2026-08,2026-08-16T21:00,30.6,31.4,32.2,0.0,0.0,0.0
W04,Kanagawa Sagamihara,35.57,139.37,2026-08-15T18:00,2026-08-16,22,2026-08,2026-08-16T22:00,30.5,31.3,32.1,0.0,0.0,0.0
W04,Kanagawa Sagamihara,35.57,139.37,2026-08-15T18:00,2026-08-16,23,2026-08,2026-08-16T23:00,29.7,30.5,31.3,0.0,0.0,0.0
W05,Saitama Kumagaya,36.15,139.39,2026-08-15T18:00,2026-08-16,0,2026-08,2026-08-16T00:00,30.5,31.3,32.1,0.0,0.0,0.0
W05,Saitama Kumagaya,36.15,139.39,2026-08-15T18:00,2026-08-16,1,2026-08,2026-08-16T01:00,29.1,29.9,30.7,0.0,0.0,0.0
W05,Saitama Kumagaya,36.15,139.39,2026-08-15T18:00,2026-08-16,2,2026-08,2026-08-16T02:00,29.4,30.2,31.0,0.0,0.0,0.0
W05,Saitama Kumagaya,36.15,139.39,2026-08-15T18:00,2026-08-16,3,2026-08,2026-08-16T03:00,29.3,30.1,30.9,0.0,0.0,0.0
W05,Saitama Kumagaya,36.15,139.39,2026-08-15T18:00,2026-08-16,4,2026-08,2026-08-16T04:00,28.5,29.3,30.1,0.0,0.0,0.0
W05,Saitama Kumagaya,36.15,139.39,2026-08-15T18:00,2026-08-16,5,2026-08,2026-08-16T05:00,27.8,28.6,29.4,44.0,57.0,63.0
W05,Saitama Kumagaya,36.15,139.39,2026-08-15T18:00,2026-08-16,6,2026-08,2026-08-16T06:00,29.7,30.5,31.3,174.0,223.0,249.0
W05,Saitama Kumagaya,36.15,139.39,2026-08-15T18:00,2026-08-16,7,2026-08,2026-08-16T07:00,30.6,31.4,32.2,296.0,379.0,425.0
W05,Saitama Kumagaya,36.15,139.39,2026-08-15T18:00,2026-08-16,8,2026-08,2026-08-16T08:00,32.1,32.9,33.7,454.0,583.0,653.0
W05,Saitama Kumagaya,36.15,139.39,2026-08-15T18:00,2026-08-16,9,2026-08,2026-08-16T09:00,32.2,33.0,33.8,554.0,710.0,796.0
W05,Saitama Kumagaya,36.15,139.39,2026-08-15T18:00,2026-08-16,10,2026-08,2026-08-16T10:00,32.2,33.0,33.8,617.0,791.0,886.0
W05,Saitama Kumagaya,36.15,139.39,2026-08-15T18:00,2026-08-16,11,2026-08,2026-08-16T11:00,34.3,35.1,35.9,641.0,821.0,920.0
W05,Saitama Kumagaya,36.15,139.39,2026-08-15T18:00,2026-08-16,12,2026-08,2026-08-16T12:00,33.9,34.7,35.5,700.0,897.0,1005.0
W05,Saitama Kumagaya,36.15,139.39,2026-08-15T18:00,2026-08-16,13,2026-08,2026-08-16T13:00,36.3,37.1,37.9,616.0,790.0,885.0
W05,Saitama Kumagaya,36.15,139.39,2026-08-15T18:00,2026-08-16,14,2026-08,2026-08-16T14:00,36.4,37.2,38.0,535.0,686.0,769.0
W05,Saitama Kumagaya,36.15,139.39,2026-08-15T18:00,2026-08-16,15,2026-08,2026-08-16T15:00,36.0,36.8,37.6,403.0,516.0,578.0
W05,Saitama Kumagaya,36.15,139.39,2026-08-15T18:00,2026-08-16,16,2026-08,2026-08-16T16:00,35.3,36.1,36.9,272.0,349.0,390.0
W05,Saitama Kumagaya,36.15,139.39,2026-08-15T18:00,2026-08-16,17,2026-08,2026-08-16T17:00,35.5,36.3,37.1,147.0,189.0,211.0
W05,Saitama Kumagaya,36.15,139.39,2026-08-15T18:00,2026-08-16,18,2026-08,2026-08-16T18:00,33.8,34.6,35.4,23.0,29.0,32.0
W05,Saitama Kumagaya,36.15,139.39,2026-08-15T18:00,2026-08-16,19,2026-08,2026-08-16T19:00,33.8,34.6,35.4,0.0,0.0,0.0
W05,Saitama Kumagaya,36.15,139.39,2026-08-15T18:00,2026-08-16,20,2026-08,2026-08-16T20:00,32.3,33.1,33.9,0.0,0.0,0.0
W05,Saitama Kumagaya,36.15,139.39,2026-08-15T18:00,2026-08-16,21,2026-08,2026-08-16T21:00,31.8,32.6,33.4,0.0,0.0,0.0
W05,Saitama Kumagaya,36.15,139.39,2026-08-15T18:00,2026-08-16,22,2026-08,2026-08-16T22:00,31.7,32.5,33.3,0.0,0.0,0.0
W05,Saitama Kumagaya,36.15,139.39,2026-08-15T18:00,2026-08-16,23,2026-08,2026-08-16T23:00,30.9,31.7,32.5,0.0,0.0,0.0
W06,Saitama Saitama,35.86,139.65,2026-08-15T18:00,2026-08-16,0,2026-08,2026-08-16T00:00,29.7,30.5,31.3,0.0,0.0,0.0
W06,Saitama Saitama,35.86,139.65,2026-08-15T18:00,2026-08-16,1,2026-08,2026-08-16T01:00,28.3,29.1,29.9,0.0,0.0,0.0
W06,Saitama Saitama,35.86,139.65,2026-08-15T18:00,2026-08-16,2,2026-08,2026-08-16T02:00,28.6,29.4,30.2,0.0,0.0,0.0
W06,Saitama Saitama,35.86,139.65,2026-08-15T18:00,2026-08-16,3,2026-08,2026-08-16T03:00,28.5,29.3,30.1,0.0,0.0,0.0
W06,Saitama Saitama,35.86,139.65,2026-08-15T18:00,2026-08-16,4,2026-08,2026-08-16T04:00,27.7,28.5,29.3,0.0,0.0,0.0
W06,Saitama Saitama,35.86,139.65,2026-08-15T18:00,2026-08-16,5,2026-08,2026-08-16T05:00,27.0,27.8,28.6,45.0,57.0,64.0
W06,Saitama Saitama,35.86,139.65,2026-08-15T18:00,2026-08-16,6,2026-08,2026-08-16T06:00,28.9,29.7,30.5,178.0,228.0,255.0
W06,Saitama Saitama,35.86,139.65,2026-08-15T18:00,2026-08-16,7,2026-08,2026-08-16T07:00,29.8,30.6,31.4,304.0,390.0,437.0
W06,Saitama Saitama,35.86,139.65,2026-08-15T18:00,2026-08-16,8,2026-08,2026-08-16T08:00,31.3,32.1,32.9,433.0,555.0,621.0
W06,Saitama Saitama,35.86,139.65,2026-08-15T18:00,2026-08-16,9,2026-08,2026-08-16T09:00,31.4,32.2,33.0,559.0,716.0,802.0
W06,Saitama Saitama,35.86,139.65,2026-08-15T18:00,2026-08-16,10,2026-08,2026-08-16T10:00,31.4,32.2,33.0,599.0,768.0,860.0
W06,Saitama Saitama,35.86,139.65,2026-08-15T18:00,2026-08-16,11,2026-08,2026-08-16T11:00,33.5,34.3,35.1,681.0,873.0,978.0
W06,Saitama Saitama,35.86,139.65,2026-08-15T18:00,2026-08-16,12,2026-08,2026-08-16T12:00,33.1,33.9,34.7,653.0,837.0,938.0
W06,Saitama Saitama,35.86,139.65,2026-08-15T18:00,2026-08-16,13,2026-08,2026-08-16T13:00,35.5,36.3,37.1,602.0,772.0,865.0
W06,Saitama Saitama,35.86,139.65,2026-08-15T18:00,2026-08-16,14,2026-08,2026-08-16T14:00,35.6,36.4,37.2,547.0,702.0,786.0
W06,Saitama Saitama,35.86,139.65,2026-08-15T18:00,2026-08-16,15,2026-08,2026-08-16T15:00,35.2,36.0,36.8,391.0,501.0,561.0
W06,Saitama Saitama,35.86,139.65,2026-08-15T18:00,2026-08-16,16,2026-08,2026-08-16T16:00,34.5,35.3,36.1,266.0,341.0,382.0
W06,Saitama Saitama,35.86,139.65,2026-08-15T18:00,2026-08-16,17,2026-08,2026-08-16T17:00,34.7,35.5,36.3,140.0,180.0,202.0
W06,Saitama Saitama,35.86,139.65,2026-08-15T18:00,2026-08-16,18,2026-08,2026-08-16T18:00,33.0,33.8,34.6,23.0,29.0,33.0
W06,Saitama Saitama,35.86,139.65,2026-08-15T18:00,2026-08-16,19,2026-08,2026-08-16T19:00,33.0,33.8,34.6,0.0,0.0,0.0
W06,Saitama Saitama,35.86,139.65,2026-08-15T18:00,2026-08-16,20,2026-08,2026-08-16T20:00,31.5,32.3,33.1,0.0,0.0,0.0
W06,Saitama Saitama,35.86,139.65,2026-08-15T18:00,2026-08-16,21,2026-08,2026-08-16T21:00,31.0,31.8,32.6,0.0,0.0,0.0
W06,Saitama Saitama,35.86,139.65,2026-08-15T18:00,2026-08-16,22,2026-08,2026-08-16T22:00,30.9,31.7,32.5,0.0,0.0,0.0
W06,Saitama Saitama,35.86,139.65,2026-08-15T18:00,2026-08-16,23,2026-08,2026-08-16T23:00,30.1,30.9,31.7,0.0,0.0,0.0
W07,Chiba Inzai,35.83,140.15,2026-08-15T18:00,2026-08-16,0,2026-08,2026-08-16T00:00,28.7,29.5,30.3,0.0,0.0,0.0
W07,Chiba Inzai,35.83,140.15,2026-08-15T18:00,2026-08-16,1,2026-08,2026-08-16T01:00,27.3,28.1,28.9,0.0,0.0,0.0
W07,Chiba Inzai,35.83,140.15,2026-08-15T18:00,2026-08-16,2,2026-08,2026-08-16T02:00,27.6,28.4,29.2,0.0,0.0,0.0
W07,Chiba Inzai,35.83,140.15,2026-08-15T18:00,2026-08-16,3,2026-08,2026-08-16T03:00,27.5,28.3,29.1,0.0,0.0,0.0
W07,Chiba Inzai,35.83,140.15,2026-08-15T18:00,2026-08-16,4,2026-08,2026-08-16T04:00,26.7,27.5,28.3,0.0,0.0,0.0
W07,Chiba Inzai,35.83,140.15,2026-08-15T18:00,2026-08-16,5,2026-08,2026-08-16T05:00,26.0,26.8,27.6,46.0,59.0,66.0
W07,Chiba Inzai,35.83,140.15,2026-08-15T18:00,2026-08-16,6,2026-08,2026-08-16T06:00,27.9,28.7,29.5,176.0,225.0,253.0
W07,Chiba Inzai,35.83,140.15,2026-08-15T18:00,2026-08-16,7,2026-08,2026-08-16T07:00,28.8,29.6,30.4,292.0,374.0,419.0
W07,Chiba Inzai,35.83,140.15,2026-08-15T18:00,2026-08-16,8,2026-08,2026-08-16T08:00,30.3,31.1,31.9,449.0,575.0,644.0
W07,Chiba Inzai,35.83,140.15,2026-08-15T18:00,2026-08-16,9,2026-08,2026-08-16T09:00,30.4,31.2,32.0,537.0,689.0,771.0
W07,Chiba Inzai,35.83,140.15,2026-08-15T18:00,2026-08-16,10,2026-08,2026-08-16T10:00,30.4,31.2,32.0,606.0,777.0,870.0
W07,Chiba Inzai,35.83,140.15,2026-08-15T18:00,2026-08-16,11,2026-08,2026-08-16T11:00,32.5,33.3,34.1,645.0,826.0,925.0
W07,Chiba Inzai,35.83,140.15,2026-08-15T18:00,2026-08-16,12,2026-08,2026-08-16T12:00,32.1,32.9,33.7,688.0,883.0,988.0
W07,Chiba Inzai,35.83,140.15,2026-08-15T18:00,2026-08-16,13,2026-08,2026-08-16T13:00,34.5,35.3,36.1,597.0,765.0,857.0
W07,Chiba Inzai,35.83,140.15,2026-08-15T18:00,2026-08-16,14,2026-08,2026-08-16T14:00,34.6,35.4,36.2,526.0,675.0,756.0
W07,Chiba Inzai,35.83,140.15,2026-08-15T18:00,2026-08-16,15,2026-08,2026-08-16T15:00,34.2,35.0,35.8,409.0,525.0,588.0
W07,Chiba Inzai,35.83,140.15,2026-08-15T18:00,2026-08-16,16,2026-08,2026-08-16T16:00,33.5,34.3,35.1,275.0,353.0,395.0
W07,Chiba Inzai,35.83,140.15,2026-08-15T18:00,2026-08-16,17,2026-08,2026-08-16T17:00,33.7,34.5,35.3,146.0,188.0,210.0
W07,Chiba Inzai,35.83,140.15,2026-08-15T18:00,2026-08-16,18,2026-08,2026-08-16T18:00,32.0,32.8,33.6,23.0,29.0,33.0
W07,Chiba Inzai,35.83,140.15,2026-08-15T18:00,2026-08-16,19,2026-08,2026-08-16T19:00,32.0,32.8,33.6,0.0,0.0,0.0
W07,Chiba Inzai,35.83,140.15,2026-08-15T18:00,2026-08-16,20,2026-08,2026-08-16T20:00,30.5,31.3,32.1,0.0,0.0,0.0
W07,Chiba Inzai,35.83,140.15,2026-08-15T18:00,2026-08-16,21,2026-08,2026-08-16T21:00,30.0,30.8,31.6,0.0,0.0,0.0
W07,Chiba Inzai,35.83,140.15,2026-08-15T18:00,2026-08-16,22,2026-08,2026-08-16T22:00,29.9,30.7,31.5,0.0,0.0,0.0
W07,Chiba Inzai,35.83,140.15,2026-08-15T18:00,2026-08-16,23,2026-08,2026-08-16T23:00,29.1,29.9,30.7,0.0,0.0,0.0
W08,Chiba Chiba,35.61,140.12,2026-08-15T18:00,2026-08-16,0,2026-08,2026-08-16T00:00,28.1,28.9,29.7,0.0,0.0,0.0
W08,Chiba Chiba,35.61,140.12,2026-08-15T18:00,2026-08-16,1,2026-08,2026-08-16T01:00,26.7,27.5,28.3,0.0,0.0,0.0
W08,Chiba Chiba,35.61,140.12,2026-08-15T18:00,2026-08-16,2,2026-08,2026-08-16T02:00,27.0,27.8,28.6,0.0,0.0,0.0
W08,Chiba Chiba,35.61,140.12,2026-08-15T18:00,2026-08-16,3,2026-08,2026-08-16T03:00,26.9,27.7,28.5,0.0,0.0,0.0
W08,Chiba Chiba,35.61,140.12,2026-08-15T18:00,2026-08-16,4,2026-08,2026-08-16T04:00,26.1,26.9,27.7,0.0,0.0,0.0
W08,Chiba Chiba,35.61,140.12,2026-08-15T18:00,2026-08-16,5,2026-08,2026-08-16T05:00,25.4,26.2,27.0,46.0,60.0,67.0
W08,Chiba Chiba,35.61,140.12,2026-08-15T18:00,2026-08-16,6,2026-08,2026-08-16T06:00,27.3,28.1,28.9,169.0,217.0,243.0
W08,Chiba Chiba,35.61,140.12,2026-08-15T18:00,2026-08-16,7,2026-08,2026-08-16T07:00,28.2,29.0,29.8,290.0,372.0,417.0
W08,Chiba Chiba,35.61,140.12,2026-08-15T18:00,2026-08-16,8,2026-08,2026-08-16T08:00,29.7,30.5,31.3,432.0,554.0,621.0
W08,Chiba Chiba,35.61,140.12,2026-08-15T18:00,2026-08-16,9,2026-08,2026-08-16T09:00,29.8,30.6,31.4,562.0,721.0,807.0
W08,Chiba Chiba,35.61,140.12,2026-08-15T18:00,2026-08-16,10,2026-08,2026-08-16T10:00,29.8,30.6,31.4,627.0,804.0,901.0
W08,Chiba Chiba,35.61,140.12,2026-08-15T18:00,2026-08-16,11,2026-08,2026-08-16T11:00,31.9,32.7,33.5,624.0,800.0,896.0
W08,Chiba Chiba,35.61,140.12,2026-08-15T18:00,2026-08-16,12,2026-08,2026-08-16T12:00,31.5,32.3,33.1,649.0,832.0,932.0
W08,Chiba Chiba,35.61,140.12,2026-08-15T18:00,2026-08-16,13,2026-08,2026-08-16T13:00,33.9,34.7,35.5,630.0,808.0,904.0
W08,Chiba Chiba,35.61,140.12,2026-08-15T18:00,2026-08-16,14,2026-08,2026-08-16T14:00,34.0,34.8,35.6,548.0,703.0,787.0
W08,Chiba Chiba,35.61,140.12,2026-08-15T18:00,2026-08-16,15,2026-08,2026-08-16T15:00,33.6,34.4,35.2,415.0,531.0,595.0
W08,Chiba Chiba,35.61,140.12,2026-08-15T18:00,2026-08-16,16,2026-08,2026-08-16T16:00,32.9,33.7,34.5,281.0,361.0,404.0
W08,Chiba Chiba,35.61,140.12,2026-08-15T18:00,2026-08-16,17,2026-08,2026-08-16T17:00,33.1,33.9,34.7,142.0,182.0,204.0
W08,Chiba Chiba,35.61,140.12,2026-08-15T18:00,2026-08-16,18,2026-08,2026-08-16T18:00,31.4,32.2,33.0,23.0,29.0,33.0
W08,Chiba Chiba,35.61,140.12,2026-08-15T18:00,2026-08-16,19,2026-08,2026-08-16T19:00,31.4,32.2,33.0,0.0,0.0,0.0
W08,Chiba Chiba,35.61,140.12,2026-08-15T18:00,2026-08-16,20,2026-08,2026-08-16T20:00,29.9,30.7,31.5,0.0,0.0,0.0
W08,Chiba Chiba,35.61,140.12,2026-08-15T18:00,2026-08-16,21,2026-08,2026-08-16T21:00,29.4,30.2,31.0,0.0,0.0,0.0
W08,Chiba Chiba,35.61,140.12,2026-08-15T18:00,2026-08-16,22,2026-08,2026-08-16T22:00,29.3,30.1,30.9,0.0,0.0,0.0
W08,Chiba Chiba,35.61,140.12,2026-08-15T18:00,2026-08-16,23,2026-08,2026-08-16T23:00,28.5,29.3,30.1,0.0,0.0,0.0
W09,Ibaraki Tsukuba,36.08,140.08,2026-08-15T18:00,2026-08-16,0,2026-08,2026-08-16T00:00,28.8,29.6,30.4,0.0,0.0,0.0
W09,Ibaraki Tsukuba,36.08,140.08,2026-08-15T18:00,2026-08-16,1,2026-08,2026-08-16T01:00,27.4,28.2,29.0,0.0,0.0,0.0
W09,Ibaraki Tsukuba,36.08,140.08,2026-08-15T18:00,2026-08-16,2,2026-08,2026-08-16T02:00,27.7,28.5,29.3,0.0,0.0,0.0
W09,Ibaraki Tsukuba,36.08,140.08,2026-08-15T18:00,2026-08-16,3,2026-08,2026-08-16T03:00,27.6,28.4,29.2,0.0,0.0,0.0
W09,Ibaraki Tsukuba,36.08,140.08,2026-08-15T18:00,2026-08-16,4,2026-08,2026-08-16T04:00,26.8,27.6,28.4,0.0,0.0,0.0
W09,Ibaraki Tsukuba,36.08,140.08,2026-08-15T18:00,2026-08-16,5,2026-08,2026-08-16T05:00,26.1,26.9,27.7,44.0,57.0,64.0
W09,Ibaraki Tsukuba,36.08,140.08,2026-08-15T18:00,2026-08-16,6,2026-08,2026-08-16T06:00,28.0,28.8,29.6,169.0,217.0,243.0
W09,Ibaraki Tsukuba,36.08,140.08,2026-08-15T18:00,2026-08-16,7,2026-08,2026-08-16T07:00,28.9,29.7,30.5,310.0,397.0,445.0
W09,Ibaraki Tsukuba,36.08,140.08,2026-08-15T18:00,2026-08-16,8,2026-08,2026-08-16T08:00,30.4,31.2,32.0,464.0,595.0,666.0
W09,Ibaraki Tsukuba,36.08,140.08,2026-08-15T18:00,2026-08-16,9,2026-08,2026-08-16T09:00,30.5,31.3,32.1,543.0,696.0,779.0
W09,Ibaraki Tsukuba,36.08,140.08,2026-08-15T18:00,2026-08-16,10,2026-08,2026-08-16T10:00,30.5,31.3,32.1,645.0,826.0,925.0
W09,Ibaraki Tsukuba,36.08,140.08,2026-08-15T18:00,2026-08-16,11,2026-08,2026-08-16T11:00,32.6,33.4,34.2,705.0,904.0,1013.0
W09,Ibaraki Tsukuba,36.08,140.08,2026-08-15T18:00,2026-08-16,12,2026-08,2026-08-16T12:00,32.2,33.0,33.8,675.0,865.0,969.0
W09,Ibaraki Tsukuba,36.08,140.08,2026-08-15T18:00,2026-08-16,13,2026-08,2026-08-16T13:00,34.6,35.4,36.2,642.0,823.0,922.0
W09,Ibaraki Tsukuba,36.08,140.08,2026-08-15T18:00,2026-08-16,14,2026-08,2026-08-16T14:00,34.7,35.5,36.3,512.0,657.0,736.0
W09,Ibaraki Tsukuba,36.08,140.08,2026-08-15T18:00,2026-08-16,15,2026-08,2026-08-16T15:00,34.3,35.1,35.9,419.0,537.0,601.0
W09,Ibaraki Tsukuba,36.08,140.08,2026-08-15T18:00,2026-08-16,16,2026-08,2026-08-16T16:00,33.6,34.4,35.2,284.0,365.0,409.0
W09,Ibaraki Tsukuba,36.08,140.08,2026-08-15T18:00,2026-08-16,17,2026-08,2026-08-16T17:00,33.8,34.6,35.4,137.0,175.0,196.0
W09,Ibaraki Tsukuba,36.08,140.08,2026-08-15T18:00,2026-08-16,18,2026-08,2026-08-16T18:00,32.1,32.9,33.7,23.0,29.0,33.0
W09,Ibaraki Tsukuba,36.08,140.08,2026-08-15T18:00,2026-08-16,19,2026-08,2026-08-16T19:00,32.1,32.9,33.7,0.0,0.0,0.0
W09,Ibaraki Tsukuba,36.08,140.08,2026-08-15T18:00,2026-08-16,20,2026-08,2026-08-16T20:00,30.6,31.4,32.2,0.0,0.0,0.0
W09,Ibaraki Tsukuba,36.08,140.08,2026-08-15T18:00,2026-08-16,21,2026-08,2026-08-16T21:00,30.1,30.9,31.7,0.0,0.0,0.0
W09,Ibaraki Tsukuba,36.08,140.08,2026-08-15T18:00,2026-08-16,22,2026-08,2026-08-16T22:00,30.0,30.8,31.6,0.0,0.0,0.0
W09,Ibaraki Tsukuba,36.08,140.08,2026-08-15T18:00,2026-08-16,23,2026-08,2026-08-16T23:00,29.2,30.0,30.8,0.0,0.0,0.0
W10,Gunma Maebashi,36.39,139.06,2026-08-15T18:00,2026-08-16,0,2026-08,2026-08-16T00:00,30.1,30.9,31.7,0.0,0.0,0.0
W10,Gunma Maebashi,36.39,139.06,2026-08-15T18:00,2026-08-16,1,2026-08,2026-08-16T01:00,28.7,29.5,30.3,0.0,0.0,0.0
W10,Gunma Maebashi,36.39,139.06,2026-08-15T18:00,2026-08-16,2,2026-08,2026-08-16T02:00,29.0,29.8,30.6,0.0,0.0,0.0
W10,Gunma Maebashi,36.39,139.06,2026-08-15T18:00,2026-08-16,3,2026-08,2026-08-16T03:00,28.9,29.7,30.5,0.0,0.0,0.0
W10,Gunma Maebashi,36.39,139.06,2026-08-15T18:00,2026-08-16,4,2026-08,2026-08-16T04:00,28.1,28.9,29.7,0.0,0.0,0.0
W10,Gunma Maebashi,36.39,139.06,2026-08-15T18:00,2026-08-16,5,2026-08,2026-08-16T05:00,27.4,28.2,29.0,44.0,57.0,64.0
W10,Gunma Maebashi,36.39,139.06,2026-08-15T18:00,2026-08-16,6,2026-08,2026-08-16T06:00,29.3,30.1,30.9,174.0,223.0,250.0
W10,Gunma Maebashi,36.39,139.06,2026-08-15T18:00,2026-08-16,7,2026-08,2026-08-16T07:00,30.2,31.0,31.8,305.0,391.0,438.0
W10,Gunma Maebashi,36.39,139.06,2026-08-15T18:00,2026-08-16,8,2026-08,2026-08-16T08:00,31.7,32.5,33.3,439.0,563.0,630.0
W10,Gunma Maebashi,36.39,139.06,2026-08-15T18:00,2026-08-16,9,2026-08,2026-08-16T09:00,31.8,32.6,33.4,542.0,695.0,778.0
W10,Gunma Maebashi,36.39,139.06,2026-08-15T18:00,2026-08-16,10,2026-08,2026-08-16T10:00,31.8,32.6,33.4,649.0,832.0,932.0
W10,Gunma Maebashi,36.39,139.06,2026-08-15T18:00,2026-08-16,11,2026-08,2026-08-16T11:00,33.9,34.7,35.5,658.0,844.0,945.0
W10,Gunma Maebashi,36.39,139.06,2026-08-15T18:00,2026-08-16,12,2026-08,2026-08-16T12:00,33.5,34.3,35.1,659.0,844.0,946.0
W10,Gunma Maebashi,36.39,139.06,2026-08-15T18:00,2026-08-16,13,2026-08,2026-08-16T13:00,35.9,36.7,37.5,581.0,745.0,835.0
W10,Gunma Maebashi,36.39,139.06,2026-08-15T18:00,2026-08-16,14,2026-08,2026-08-16T14:00,36.0,36.8,37.6,517.0,663.0,742.0
W10,Gunma Maebashi,36.39,139.06,2026-08-15T18:00,2026-08-16,15,2026-08,2026-08-16T15:00,35.6,36.4,37.2,379.0,485.0,544.0
W10,Gunma Maebashi,36.39,139.06,2026-08-15T18:00,2026-08-16,16,2026-08,2026-08-16T16:00,34.9,35.7,36.5,275.0,353.0,395.0
W10,Gunma Maebashi,36.39,139.06,2026-08-15T18:00,2026-08-16,17,2026-08,2026-08-16T17:00,35.1,35.9,36.7,140.0,179.0,200.0
W10,Gunma Maebashi,36.39,139.06,2026-08-15T18:00,2026-08-16,18,2026-08,2026-08-16T18:00,33.4,34.2,35.0,23.0,30.0,33.0
W10,Gunma Maebashi,36.39,139.06,2026-08-15T18:00,2026-08-16,19,2026-08,2026-08-16T19:00,33.4,34.2,35.0,0.0,0.0,0.0
W10,Gunma Maebashi,36.39,139.06,2026-08-15T18:00,2026-08-16,20,2026-08,2026-08-16T20:00,31.9,32.7,33.5,0.0,0.0,0.0
W10,Gunma Maebashi,36.39,139.06,2026-08-15T18:00,2026-08-16,21,2026-08,2026-08-16T21:00,31.4,32.2,33.0,0.0,0.0,0.0
W10,Gunma Maebashi,36.39,139.06,2026-08-15T18:00,2026-08-16,22,2026-08,2026-08-16T22:00,31.3,32.1,32.9,0.0,0.0,0.0
W10,Gunma Maebashi,36.39,139.06,2026-08-15T18:00,2026-08-16,23,2026-08,2026-08-16T23:00,30.5,31.3,32.1,0.0,0.0,0.0
W01,Tokyo Otemachi,35.69,139.76,2026-08-16T18:00,2026-08-17,0,2026-08,2026-08-17T00:00,28.9,29.7,30.5,0.0,0.0,0.0
W01,Tokyo Otemachi,35.69,139.76,2026-08-16T18:00,2026-08-17,1,2026-08,2026-08-17T01:00,28.9,29.7,30.5,0.0,0.0,0.0
W01,Tokyo Otemachi,35.69,139.76,2026-08-16T18:00,2026-08-17,2,2026-08,2026-08-17T02:00,28.4,29.2,30.0,0.0,0.0,0.0
W01,Tokyo Otemachi,35.69,139.76,2026-08-16T18:00,2026-08-17,3,2026-08,2026-08-17T03:00,27.6,28.4,29.2,0.0,0.0,0.0
W01,Tokyo Otemachi,35.69,139.76,2026-08-16T18:00,2026-08-17,4,2026-08,2026-08-17T04:00,27.8,28.6,29.4,0.0,0.0,0.0
W01,Tokyo Otemachi,35.69,139.76,2026-08-16T18:00,2026-08-17,5,2026-08,2026-08-17T05:00,27.1,27.9,28.7,35.0,45.0,51.0
W01,Tokyo Otemachi,35.69,139.76,2026-08-16T18:00,2026-08-17,6,2026-08,2026-08-17T06:00,28.1,28.9,29.7,134.0,171.0,192.0
W01,Tokyo Otemachi,35.69,139.76,2026-08-16T18:00,2026-08-17,7,2026-08,2026-08-17T07:00,30.1,30.9,31.7,219.0,280.0,314.0
W01,Tokyo Otemachi,35.69,139.76,2026-08-16T18:00,2026-08-17,8,2026-08,2026-08-17T08:00,30.4,31.2,32.0,338.0,433.0,485.0
W01,Tokyo Otemachi,35.69,139.76,2026-08-16T18:00,2026-08-17,9,2026-08,2026-08-17T09:00,30.9,31.7,32.5,423.0,542.0,607.0
W01,Tokyo Otemachi,35.69,139.76,2026-08-16T18:00,2026-08-17,10,2026-08,2026-08-17T10:00,32.7,33.5,34.3,502.0,643.0,721.0
W01,Tokyo Otemachi,35.69,139.76,2026-08-16T18:00,2026-08-17,11,2026-08,2026-08-17T11:00,32.7,33.5,34.3,505.0,648.0,726.0
W01,Tokyo Otemachi,35.69,139.76,2026-08-16T18:00,2026-08-17,12,2026-08,2026-08-17T12:00,33.5,34.3,35.1,496.0,636.0,712.0
W01,Tokyo Otemachi,35.69,139.76,2026-08-16T18:00,2026-08-17,13,2026-08,2026-08-17T13:00,34.3,35.1,35.9,479.0,614.0,688.0
W01,Tokyo Otemachi,35.69,139.76,2026-08-16T18:00,2026-08-17,14,2026-08,2026-08-17T14:00,35.5,36.3,37.1,405.0,519.0,581.0
W01,Tokyo Otemachi,35.69,139.76,2026-08-16T18:00,2026-08-17,15,2026-08,2026-08-17T15:00,35.3,36.1,36.9,326.0,418.0,468.0
W01,Tokyo Otemachi,35.69,139.76,2026-08-16T18:00,2026-08-17,16,2026-08,2026-08-17T16:00,34.1,34.9,35.7,213.0,273.0,306.0
W01,Tokyo Otemachi,35.69,139.76,2026-08-16T18:00,2026-08-17,17,2026-08,2026-08-17T17:00,32.6,33.4,34.2,112.0,144.0,161.0
W01,Tokyo Otemachi,35.69,139.76,2026-08-16T18:00,2026-08-17,18,2026-08,2026-08-17T18:00,32.1,32.9,33.7,18.0,23.0,26.0
W01,Tokyo Otemachi,35.69,139.76,2026-08-16T18:00,2026-08-17,19,2026-08,2026-08-17T19:00,31.3,32.1,32.9,0.0,0.0,0.0
W01,Tokyo Otemachi,35.69,139.76,2026-08-16T18:00,2026-08-17,20,2026-08,2026-08-17T20:00,31.3,32.1,32.9,0.0,0.0,0.0
W01,Tokyo Otemachi,35.69,139.76,2026-08-16T18:00,2026-08-17,21,2026-08,2026-08-17T21:00,31.3,32.1,32.9,0.0,0.0,0.0
W01,Tokyo Otemachi,35.69,139.76,2026-08-16T18:00,2026-08-17,22,2026-08,2026-08-17T22:00,30.9,31.7,32.5,0.0,0.0,0.0
W01,Tokyo Otemachi,35.69,139.76,2026-08-16T18:00,2026-08-17,23,2026-08,2026-08-17T23:00,29.6,30.4,31.2,0.0,0.0,0.0
W02,Tokyo Hachioji,35.66,139.32,2026-08-16T18:00,2026-08-17,0,2026-08,2026-08-17T00:00,29.5,30.3,31.1,0.0,0.0,0.0
W02,Tokyo Hachioji,35.66,139.32,2026-08-16T18:00,2026-08-17,1,2026-08,2026-08-17T01:00,29.5,30.3,31.1,0.0,0.0,0.0
W02,Tokyo Hachioji,35.66,139.32,2026-08-16T18:00,2026-08-17,2,2026-08,2026-08-17T02:00,29.0,29.8,30.6,0.0,0.0,0.0
W02,Tokyo Hachioji,35.66,139.32,2026-08-16T18:00,2026-08-17,3,2026-08,2026-08-17T03:00,28.2,29.0,29.8,0.0,0.0,0.0
W02,Tokyo Hachioji,35.66,139.32,2026-08-16T18:00,2026-08-17,4,2026-08,2026-08-17T04:00,28.4,29.2,30.0,0.0,0.0,0.0
W02,Tokyo Hachioji,35.66,139.32,2026-08-16T18:00,2026-08-17,5,2026-08,2026-08-17T05:00,27.7,28.5,29.3,35.0,44.0,50.0
W02,Tokyo Hachioji,35.66,139.32,2026-08-16T18:00,2026-08-17,6,2026-08,2026-08-17T06:00,28.7,29.5,30.3,131.0,169.0,189.0
W02,Tokyo Hachioji,35.66,139.32,2026-08-16T18:00,2026-08-17,7,2026-08,2026-08-17T07:00,30.7,31.5,32.3,243.0,312.0,349.0
W02,Tokyo Hachioji,35.66,139.32,2026-08-16T18:00,2026-08-17,8,2026-08,2026-08-17T08:00,31.0,31.8,32.6,344.0,441.0,494.0
W02,Tokyo Hachioji,35.66,139.32,2026-08-16T18:00,2026-08-17,9,2026-08,2026-08-17T09:00,31.5,32.3,33.1,430.0,551.0,617.0
W02,Tokyo Hachioji,35.66,139.32,2026-08-16T18:00,2026-08-17,10,2026-08,2026-08-17T10:00,33.3,34.1,34.9,474.0,608.0,681.0
W02,Tokyo Hachioji,35.66,139.32,2026-08-16T18:00,2026-08-17,11,2026-08,2026-08-17T11:00,33.3,34.1,34.9,518.0,664.0,744.0
W02,Tokyo Hachioji,35.66,139.32,2026-08-16T18:00,2026-08-17,12,2026-08,2026-08-17T12:00,34.1,34.9,35.7,492.0,631.0,706.0
W02,Tokyo Hachioji,35.66,139.32,2026-08-16T18:00,2026-08-17,13,2026-08,2026-08-17T13:00,34.9,35.7,36.5,480.0,615.0,689.0
W02,Tokyo Hachioji,35.66,139.32,2026-08-16T18:00,2026-08-17,14,2026-08,2026-08-17T14:00,36.1,36.9,37.7,412.0,528.0,591.0
W02,Tokyo Hachioji,35.66,139.32,2026-08-16T18:00,2026-08-17,15,2026-08,2026-08-17T15:00,35.9,36.7,37.5,319.0,409.0,458.0
W02,Tokyo Hachioji,35.66,139.32,2026-08-16T18:00,2026-08-17,16,2026-08,2026-08-17T16:00,34.7,35.5,36.3,214.0,274.0,307.0
W02,Tokyo Hachioji,35.66,139.32,2026-08-16T18:00,2026-08-17,17,2026-08,2026-08-17T17:00,33.2,34.0,34.8,114.0,147.0,164.0
W02,Tokyo Hachioji,35.66,139.32,2026-08-16T18:00,2026-08-17,18,2026-08,2026-08-17T18:00,32.7,33.5,34.3,18.0,24.0,26.0
W02,Tokyo Hachioji,35.66,139.32,2026-08-16T18:00,2026-08-17,19,2026-08,2026-08-17T19:00,31.9,32.7,33.5,0.0,0.0,0.0
W02,Tokyo Hachioji,35.66,139.32,2026-08-16T18:00,2026-08-17,20,2026-08,2026-08-17T20:00,31.9,32.7,33.5,0.0,0.0,0.0
W02,Tokyo Hachioji,35.66,139.32,2026-08-16T18:00,2026-08-17,21,2026-08,2026-08-17T21:00,31.9,32.7,33.5,0.0,0.0,0.0
W02,Tokyo Hachioji,35.66,139.32,2026-08-16T18:00,2026-08-17,22,2026-08,2026-08-17T22:00,31.5,32.3,33.1,0.0,0.0,0.0
W02,Tokyo Hachioji,35.66,139.32,2026-08-16T18:00,2026-08-17,23,2026-08,2026-08-17T23:00,30.2,31.0,31.8,0.0,0.0,0.0
W03,Kanagawa Yokohama,35.44,139.64,2026-08-16T18:00,2026-08-17,0,2026-08,2026-08-17T00:00,28.0,28.8,29.6,0.0,0.0,0.0
W03,Kanagawa Yokohama,35.44,139.64,2026-08-16T18:00,2026-08-17,1,2026-08,2026-08-17T01:00,28.0,28.8,29.6,0.0,0.0,0.0
W03,Kanagawa Yokohama,35.44,139.64,2026-08-16T18:00,2026-08-17,2,2026-08,2026-08-17T02:00,27.5,28.3,29.1,0.0,0.0,0.0
W03,Kanagawa Yokohama,35.44,139.64,2026-08-16T18:00,2026-08-17,3,2026-08,2026-08-17T03:00,26.7,27.5,28.3,0.0,0.0,0.0
W03,Kanagawa Yokohama,35.44,139.64,2026-08-16T18:00,2026-08-17,4,2026-08,2026-08-17T04:00,26.9,27.7,28.5,0.0,0.0,0.0
W03,Kanagawa Yokohama,35.44,139.64,2026-08-16T18:00,2026-08-17,5,2026-08,2026-08-17T05:00,26.2,27.0,27.8,34.0,43.0,48.0
W03,Kanagawa Yokohama,35.44,139.64,2026-08-16T18:00,2026-08-17,6,2026-08,2026-08-17T06:00,27.2,28.0,28.8,137.0,175.0,196.0
W03,Kanagawa Yokohama,35.44,139.64,2026-08-16T18:00,2026-08-17,7,2026-08,2026-08-17T07:00,29.2,30.0,30.8,253.0,325.0,364.0
W03,Kanagawa Yokohama,35.44,139.64,2026-08-16T18:00,2026-08-17,8,2026-08,2026-08-17T08:00,29.5,30.3,31.1,344.0,441.0,494.0
W03,Kanagawa Yokohama,35.44,139.64,2026-08-16T18:00,2026-08-17,9,2026-08,2026-08-17T09:00,30.0,30.8,31.6,393.0,503.0,564.0
W03,Kanagawa Yokohama,35.44,139.64,2026-08-16T18:00,2026-08-17,10,2026-08,2026-08-17T10:00,31.8,32.6,33.4,481.0,616.0,690.0
W03,Kanagawa Yokohama,35.44,139.64,2026-08-16T18:00,2026-08-17,11,2026-08,2026-08-17T11:00,31.8,32.6,33.4,508.0,652.0,730.0
W03,Kanagawa Yokohama,35.44,139.64,2026-08-16T18:00,2026-08-17,12,2026-08,2026-08-17T12:00,32.6,33.4,34.2,507.0,650.0,728.0
W03,Kanagawa Yokohama,35.44,139.64,2026-08-16T18:00,2026-08-17,13,2026-08,2026-08-17T13:00,33.4,34.2,35.0,483.0,619.0,693.0
W03,Kanagawa Yokohama,35.44,139.64,2026-08-16T18:00,2026-08-17,14,2026-08,2026-08-17T14:00,34.6,35.4,36.2,419.0,537.0,602.0
W03,Kanagawa Yokohama,35.44,139.64,2026-08-16T18:00,2026-08-17,15,2026-08,2026-08-17T15:00,34.4,35.2,36.0,318.0,408.0,457.0
W03,Kanagawa Yokohama,35.44,139.64,2026-08-16T18:00,2026-08-17,16,2026-08,2026-08-17T16:00,33.2,34.0,34.8,211.0,271.0,304.0
W03,Kanagawa Yokohama,35.44,139.64,2026-08-16T18:00,2026-08-17,17,2026-08,2026-08-17T17:00,31.7,32.5,33.3,107.0,138.0,154.0
W03,Kanagawa Yokohama,35.44,139.64,2026-08-16T18:00,2026-08-17,18,2026-08,2026-08-17T18:00,31.2,32.0,32.8,19.0,24.0,27.0
W03,Kanagawa Yokohama,35.44,139.64,2026-08-16T18:00,2026-08-17,19,2026-08,2026-08-17T19:00,30.4,31.2,32.0,0.0,0.0,0.0
W03,Kanagawa Yokohama,35.44,139.64,2026-08-16T18:00,2026-08-17,20,2026-08,2026-08-17T20:00,30.4,31.2,32.0,0.0,0.0,0.0
W03,Kanagawa Yokohama,35.44,139.64,2026-08-16T18:00,2026-08-17,21,2026-08,2026-08-17T21:00,30.4,31.2,32.0,0.0,0.0,0.0
W03,Kanagawa Yokohama,35.44,139.64,2026-08-16T18:00,2026-08-17,22,2026-08,2026-08-17T22:00,30.0,30.8,31.6,0.0,0.0,0.0
W03,Kanagawa Yokohama,35.44,139.64,2026-08-16T18:00,2026-08-17,23,2026-08,2026-08-17T23:00,28.7,29.5,30.3,0.0,0.0,0.0
W04,Kanagawa Sagamihara,35.57,139.37,2026-08-16T18:00,2026-08-17,0,2026-08,2026-08-17T00:00,29.3,30.1,30.9,0.0,0.0,0.0
W04,Kanagawa Sagamihara,35.57,139.37,2026-08-16T18:00,2026-08-17,1,2026-08,2026-08-17T01:00,29.3,30.1,30.9,0.0,0.0,0.0
W04,Kanagawa Sagamihara,35.57,139.37,2026-08-16T18:00,2026-08-17,2,2026-08,2026-08-17T02:00,28.8,29.6,30.4,0.0,0.0,0.0
W04,Kanagawa Sagamihara,35.57,139.37,2026-08-16T18:00,2026-08-17,3,2026-08,2026-08-17T03:00,28.0,28.8,29.6,0.0,0.0,0.0
W04,Kanagawa Sagamihara,35.57,139.37,2026-08-16T18:00,2026-08-17,4,2026-08,2026-08-17T04:00,28.2,29.0,29.8,0.0,0.0,0.0
W04,Kanagawa Sagamihara,35.57,139.37,2026-08-16T18:00,2026-08-17,5,2026-08,2026-08-17T05:00,27.5,28.3,29.1,34.0,43.0,48.0
W04,Kanagawa Sagamihara,35.57,139.37,2026-08-16T18:00,2026-08-17,6,2026-08,2026-08-17T06:00,28.5,29.3,30.1,130.0,167.0,186.0
W04,Kanagawa Sagamihara,35.57,139.37,2026-08-16T18:00,2026-08-17,7,2026-08,2026-08-17T07:00,30.5,31.3,32.1,241.0,309.0,346.0
W04,Kanagawa Sagamihara,35.57,139.37,2026-08-16T18:00,2026-08-17,8,2026-08,2026-08-17T08:00,30.8,31.6,32.4,351.0,451.0,505.0
W04,Kanagawa Sagamihara,35.57,139.37,2026-08-16T18:00,2026-08-17,9,2026-08,2026-08-17T09:00,31.3,32.1,32.9,420.0,538.0,603.0
W04,Kanagawa Sagamihara,35.57,139.37,2026-08-16T18:00,2026-08-17,10,2026-08,2026-08-17T10:00,33.1,33.9,34.7,507.0,650.0,728.0
W04,Kanagawa Sagamihara,35.57,139.37,2026-08-16T18:00,2026-08-17,11,2026-08,2026-08-17T11:00,33.1,33.9,34.7,525.0,673.0,753.0
W04,Kanagawa Sagamihara,35.57,139.37,2026-08-16T18:00,2026-08-17,12,2026-08,2026-08-17T12:00,33.9,34.7,35.5,521.0,668.0,749.0
W04,Kanagawa Sagamihara,35.57,139.37,2026-08-16T18:00,2026-08-17,13,2026-08,2026-08-17T13:00,34.7,35.5,36.3,501.0,642.0,719.0
W04,Kanagawa Sagamihara,35.57,139.37,2026-08-16T18:00,2026-08-17,14,2026-08,2026-08-17T14:00,35.9,36.7,37.5,413.0,530.0,594.0
W04,Kanagawa Sagamihara,35.57,139.37,2026-08-16T18:00,2026-08-17,15,2026-08,2026-08-17T15:00,35.7,36.5,37.3,336.0,431.0,483.0
W04,Kanagawa Sagamihara,35.57,139.37,2026-08-16T18:00,2026-08-17,16,2026-08,2026-08-17T16:00,34.5,35.3,36.1,222.0,285.0,319.0
W04,Kanagawa Sagamihara,35.57,139.37,2026-08-16T18:00,2026-08-17,17,2026-08,2026-08-17T17:00,33.0,33.8,34.6,111.0,142.0,159.0
W04,Kanagawa Sagamihara,35.57,139.37,2026-08-16T18:00,2026-08-17,18,2026-08,2026-08-17T18:00,32.5,33.3,34.1,18.0,23.0,26.0
W04,Kanagawa Sagamihara,35.57,139.37,2026-08-16T18:00,2026-08-17,19,2026-08,2026-08-17T19:00,31.7,32.5,33.3,0.0,0.0,0.0
W04,Kanagawa Sagamihara,35.57,139.37,2026-08-16T18:00,2026-08-17,20,2026-08,2026-08-17T20:00,31.7,32.5,33.3,0.0,0.0,0.0
W04,Kanagawa Sagamihara,35.57,139.37,2026-08-16T18:00,2026-08-17,21,2026-08,2026-08-17T21:00,31.7,32.5,33.3,0.0,0.0,0.0
W04,Kanagawa Sagamihara,35.57,139.37,2026-08-16T18:00,2026-08-17,22,2026-08,2026-08-17T22:00,31.3,32.1,32.9,0.0,0.0,0.0
W04,Kanagawa Sagamihara,35.57,139.37,2026-08-16T18:00,2026-08-17,23,2026-08,2026-08-17T23:00,30.0,30.8,31.6,0.0,0.0,0.0
W05,Saitama Kumagaya,36.15,139.39,2026-08-16T18:00,2026-08-17,0,2026-08,2026-08-17T00:00,30.5,31.3,32.1,0.0,0.0,0.0
W05,Saitama Kumagaya,36.15,139.39,2026-08-16T18:00,2026-08-17,1,2026-08,2026-08-17T01:00,30.5,31.3,32.1,0.0,0.0,0.0
W05,Saitama Kumagaya,36.15,139.39,2026-08-16T18:00,2026-08-17,2,2026-08,2026-08-17T02:00,30.0,30.8,31.6,0.0,0.0,0.0
W05,Saitama Kumagaya,36.15,139.39,2026-08-16T18:00,2026-08-17,3,2026-08,2026-08-17T03:00,29.2,30.0,30.8,0.0,0.0,0.0
W05,Saitama Kumagaya,36.15,139.39,2026-08-16T18:00,2026-08-17,4,2026-08,2026-08-17T04:00,29.4,30.2,31.0,0.0,0.0,0.0
W05,Saitama Kumagaya,36.15,139.39,2026-08-16T18:00,2026-08-17,5,2026-08,2026-08-17T05:00,28.7,29.5,30.3,34.0,44.0,49.0
W05,Saitama Kumagaya,36.15,139.39,2026-08-16T18:00,2026-08-17,6,2026-08,2026-08-17T06:00,29.7,30.5,31.3,138.0,177.0,198.0
W05,Saitama Kumagaya,36.15,139.39,2026-08-16T18:00,2026-08-17,7,2026-08,2026-08-17T07:00,31.7,32.5,33.3,238.0,305.0,341.0
W05,Saitama Kumagaya,36.15,139.39,2026-08-16T18:00,2026-08-17,8,2026-08,2026-08-17T08:00,32.0,32.8,33.6,343.0,439.0,492.0
W05,Saitama Kumagaya,36.15,139.39,2026-08-16T18:00,2026-08-17,9,2026-08,2026-08-17T09:00,32.5,33.3,34.1,458.0,587.0,657.0
W05,Saitama Kumagaya,36.15,139.39,2026-08-16T18:00,2026-08-17,10,2026-08,2026-08-17T10:00,34.3,35.1,35.9,478.0,613.0,687.0
W05,Saitama Kumagaya,36.15,139.39,2026-08-16T18:00,2026-08-17,11,2026-08,2026-08-17T11:00,34.3,35.1,35.9,528.0,677.0,758.0
W05,Saitama Kumagaya,36.15,139.39,2026-08-16T18:00,2026-08-17,12,2026-08,2026-08-17T12:00,35.1,35.9,36.7,513.0,658.0,737.0
W05,Saitama Kumagaya,36.15,139.39,2026-08-16T18:00,2026-08-17,13,2026-08,2026-08-17T13:00,35.9,36.7,37.5,441.0,566.0,633.0
W05,Saitama Kumagaya,36.15,139.39,2026-08-16T18:00,2026-08-17,14,2026-08,2026-08-17T14:00,37.1,37.9,38.7,394.0,505.0,565.0
W05,Saitama Kumagaya,36.15,139.39,2026-08-16T18:00,2026-08-17,15,2026-08,2026-08-17T15:00,36.9,37.7,38.5,333.0,427.0,479.0
W05,Saitama Kumagaya,36.15,139.39,2026-08-16T18:00,2026-08-17,16,2026-08,2026-08-17T16:00,35.7,36.5,37.3,224.0,288.0,322.0
W05,Saitama Kumagaya,36.15,139.39,2026-08-16T18:00,2026-08-17,17,2026-08,2026-08-17T17:00,34.2,35.0,35.8,112.0,144.0,161.0
W05,Saitama Kumagaya,36.15,139.39,2026-08-16T18:00,2026-08-17,18,2026-08,2026-08-17T18:00,33.7,34.5,35.3,19.0,24.0,27.0
W05,Saitama Kumagaya,36.15,139.39,2026-08-16T18:00,2026-08-17,19,2026-08,2026-08-17T19:00,32.9,33.7,34.5,0.0,0.0,0.0
W05,Saitama Kumagaya,36.15,139.39,2026-08-16T18:00,2026-08-17,20,2026-08,2026-08-17T20:00,32.9,33.7,34.5,0.0,0.0,0.0
W05,Saitama Kumagaya,36.15,139.39,2026-08-16T18:00,2026-08-17,21,2026-08,2026-08-17T21:00,32.9,33.7,34.5,0.0,0.0,0.0
W05,Saitama Kumagaya,36.15,139.39,2026-08-16T18:00,2026-08-17,22,2026-08,2026-08-17T22:00,32.5,33.3,34.1,0.0,0.0,0.0
W05,Saitama Kumagaya,36.15,139.39,2026-08-16T18:00,2026-08-17,23,2026-08,2026-08-17T23:00,31.2,32.0,32.8,0.0,0.0,0.0
W06,Saitama Saitama,35.86,139.65,2026-08-16T18:00,2026-08-17,0,2026-08,2026-08-17T00:00,29.7,30.5,31.3,0.0,0.0,0.0
W06,Saitama Saitama,35.86,139.65,2026-08-16T18:00,2026-08-17,1,2026-08,2026-08-17T01:00,29.7,30.5,31.3,0.0,0.0,0.0
W06,Saitama Saitama,35.86,139.65,2026-08-16T18:00,2026-08-17,2,2026-08,2026-08-17T02:00,29.2,30.0,30.8,0.0,0.0,0.0
W06,Saitama Saitama,35.86,139.65,2026-08-16T18:00,2026-08-17,3,2026-08,2026-08-17T03:00,28.4,29.2,30.0,0.0,0.0,0.0
W06,Saitama Saitama,35.86,139.65,2026-08-16T18:00,2026-08-17,4,2026-08,2026-08-17T04:00,28.6,29.4,30.2,0.0,0.0,0.0
W06,Saitama Saitama,35.86,139.65,2026-08-16T18:00,2026-08-17,5,2026-08,2026-08-17T05:00,27.9,28.7,29.5,33.0,43.0,48.0
W06,Saitama Saitama,35.86,139.65,2026-08-16T18:00,2026-08-17,6,2026-08,2026-08-17T06:00,28.9,29.7,30.5,135.0,173.0,193.0
W06,Saitama Saitama,35.86,139.65,2026-08-16T18:00,2026-08-17,7,2026-08,2026-08-17T07:00,30.9,31.7,32.5,242.0,310.0,347.0
W06,Saitama Saitama,35.86,139.65,2026-08-16T18:00,2026-08-17,8,2026-08,2026-08-17T08:00,31.2,32.0,32.8,335.0,430.0,481.0
W06,Saitama Saitama,35.86,139.65,2026-08-16T18:00,2026-08-17,9,2026-08,2026-08-17T09:00,31.7,32.5,33.3,405.0,520.0,582.0
W06,Saitama Saitama,35.86,139.65,2026-08-16T18:00,2026-08-17,10,2026-08,2026-08-17T10:00,33.5,34.3,35.1,488.0,626.0,701.0
W06,Saitama Saitama,35.86,139.65,2026-08-16T18:00,2026-08-17,11,2026-08,2026-08-17T11:00,33.5,34.3,35.1,532.0,682.0,764.0
W06,Saitama Saitama,35.86,139.65,2026-08-16T18:00,2026-08-17,12,2026-08,2026-08-17T12:00,34.3,35.1,35.9,516.0,661.0,740.0
W06,Saitama Saitama,35.86,139.65,2026-08-16T18:00,2026-08-17,13,2026-08,2026-08-17T13:00,35.1,35.9,36.7,452.0,579.0,648.0
W06,Saitama Saitama,35.86,139.65,2026-08-16T18:00,2026-08-17,14,2026-08,2026-08-17T14:00,36.3,37.1,37.9,411.0,526.0,589.0
W06,Saitama Saitama,35.86,139.65,2026-08-16T18:00,2026-08-17,15,2026-08,2026-08-17T15:00,36.1,36.9,37.7,326.0,418.0,468.0
W06,Saitama Saitama,35.86,139.65,2026-08-16T18:00,2026-08-17,16,2026-08,2026-08-17T16:00,34.9,35.7,36.5,212.0,272.0,304.0
W06,Saitama Saitama,35.86,139.65,2026-08-16T18:00,2026-08-17,17,2026-08,2026-08-17T17:00,33.4,34.2,35.0,116.0,149.0,167.0
W06,Saitama Saitama,35.86,139.65,2026-08-16T18:00,2026-08-17,18,2026-08,2026-08-17T18:00,32.9,33.7,34.5,18.0,24.0,26.0
W06,Saitama Saitama,35.86,139.65,2026-08-16T18:00,2026-08-17,19,2026-08,2026-08-17T19:00,32.1,32.9,33.7,0.0,0.0,0.0
W06,Saitama Saitama,35.86,139.65,2026-08-16T18:00,2026-08-17,20,2026-08,2026-08-17T20:00,32.1,32.9,33.7,0.0,0.0,0.0
W06,Saitama Saitama,35.86,139.65,2026-08-16T18:00,2026-08-17,21,2026-08,2026-08-17T21:00,32.1,32.9,33.7,0.0,0.0,0.0
W06,Saitama Saitama,35.86,139.65,2026-08-16T18:00,2026-08-17,22,2026-08,2026-08-17T22:00,31.7,32.5,33.3,0.0,0.0,0.0
W06,Saitama Saitama,35.86,139.65,2026-08-16T18:00,2026-08-17,23,2026-08,2026-08-17T23:00,30.4,31.2,32.0,0.0,0.0,0.0
W07,Chiba Inzai,35.83,140.15,2026-08-16T18:00,2026-08-17,0,2026-08,2026-08-17T00:00,28.7,29.5,30.3,0.0,0.0,0.0
W07,Chiba Inzai,35.83,140.15,2026-08-16T18:00,2026-08-17,1,2026-08,2026-08-17T01:00,28.7,29.5,30.3,0.0,0.0,0.0
W07,Chiba Inzai,35.83,140.15,2026-08-16T18:00,2026-08-17,2,2026-08,2026-08-17T02:00,28.2,29.0,29.8,0.0,0.0,0.0
W07,Chiba Inzai,35.83,140.15,2026-08-16T18:00,2026-08-17,3,2026-08,2026-08-17T03:00,27.4,28.2,29.0,0.0,0.0,0.0
W07,Chiba Inzai,35.83,140.15,2026-08-16T18:00,2026-08-17,4,2026-08,2026-08-17T04:00,27.6,28.4,29.2,0.0,0.0,0.0
W07,Chiba Inzai,35.83,140.15,2026-08-16T18:00,2026-08-17,5,2026-08,2026-08-17T05:00,26.9,27.7,28.5,34.0,44.0,49.0
W07,Chiba Inzai,35.83,140.15,2026-08-16T18:00,2026-08-17,6,2026-08,2026-08-17T06:00,27.9,28.7,29.5,130.0,166.0,186.0
W07,Chiba Inzai,35.83,140.15,2026-08-16T18:00,2026-08-17,7,2026-08,2026-08-17T07:00,29.9,30.7,31.5,245.0,314.0,352.0
W07,Chiba Inzai,35.83,140.15,2026-08-16T18:00,2026-08-17,8,2026-08,2026-08-17T08:00,30.2,31.0,31.8,341.0,437.0,489.0
W07,Chiba Inzai,35.83,140.15,2026-08-16T18:00,2026-08-17,9,2026-08,2026-08-17T09:00,30.7,31.5,32.3,427.0,548.0,614.0
W07,Chiba Inzai,35.83,140.15,2026-08-16T18:00,2026-08-17,10,2026-08,2026-08-17T10:00,32.5,33.3,34.1,497.0,637.0,714.0
W07,Chiba Inzai,35.83,140.15,2026-08-16T18:00,2026-08-17,11,2026-08,2026-08-17T11:00,32.5,33.3,34.1,531.0,680.0,762.0
W07,Chiba Inzai,35.83,140.15,2026-08-16T18:00,2026-08-17,12,2026-08,2026-08-17T12:00,33.3,34.1,34.9,505.0,647.0,725.0
W07,Chiba Inzai,35.83,140.15,2026-08-16T18:00,2026-08-17,13,2026-08,2026-08-17T13:00,34.1,34.9,35.7,486.0,623.0,698.0
W07,Chiba Inzai,35.83,140.15,2026-08-16T18:00,2026-08-17,14,2026-08,2026-08-17T14:00,35.3,36.1,36.9,398.0,511.0,572.0
W07,Chiba Inzai,35.83,140.15,2026-08-16T18:00,2026-08-17,15,2026-08,2026-08-17T15:00,35.1,35.9,36.7,309.0,396.0,444.0
W07,Chiba Inzai,35.83,140.15,2026-08-16T18:00,2026-08-17,16,2026-08,2026-08-17T16:00,33.9,34.7,35.5,216.0,277.0,310.0
W07,Chiba Inzai,35.83,140.15,2026-08-16T18:00,2026-08-17,17,2026-08,2026-08-17T17:00,32.4,33.2,34.0,116.0,149.0,167.0
W07,Chiba Inzai,35.83,140.15,2026-08-16T18:00,2026-08-17,18,2026-08,2026-08-17T18:00,31.9,32.7,33.5,18.0,23.0,25.0
W07,Chiba Inzai,35.83,140.15,2026-08-16T18:00,2026-08-17,19,2026-08,2026-08-17T19:00,31.1,31.9,32.7,0.0,0.0,0.0
W07,Chiba Inzai,35.83,140.15,2026-08-16T18:00,2026-08-17,20,2026-08,2026-08-17T20:00,31.1,31.9,32.7,0.0,0.0,0.0
W07,Chiba Inzai,35.83,140.15,2026-08-16T18:00,2026-08-17,21,2026-08,2026-08-17T21:00,31.1,31.9,32.7,0.0,0.0,0.0
W07,Chiba Inzai,35.83,140.15,2026-08-16T18:00,2026-08-17,22,2026-08,2026-08-17T22:00,30.7,31.5,32.3,0.0,0.0,0.0
W07,Chiba Inzai,35.83,140.15,2026-08-16T18:00,2026-08-17,23,2026-08,2026-08-17T23:00,29.4,30.2,31.0,0.0,0.0,0.0
W08,Chiba Chiba,35.61,140.12,2026-08-16T18:00,2026-08-17,0,2026-08,2026-08-17T00:00,28.1,28.9,29.7,0.0,0.0,0.0
W08,Chiba Chiba,35.61,140.12,2026-08-16T18:00,2026-08-17,1,2026-08,2026-08-17T01:00,28.1,28.9,29.7,0.0,0.0,0.0
W08,Chiba Chiba,35.61,140.12,2026-08-16T18:00,2026-08-17,2,2026-08,2026-08-17T02:00,27.6,28.4,29.2,0.0,0.0,0.0
W08,Chiba Chiba,35.61,140.12,2026-08-16T18:00,2026-08-17,3,2026-08,2026-08-17T03:00,26.8,27.6,28.4,0.0,0.0,0.0
W08,Chiba Chiba,35.61,140.12,2026-08-16T18:00,2026-08-17,4,2026-08,2026-08-17T04:00,27.0,27.8,28.6,0.0,0.0,0.0
W08,Chiba Chiba,35.61,140.12,2026-08-16T18:00,2026-08-17,5,2026-08,2026-08-17T05:00,26.3,27.1,27.9,35.0,44.0,50.0
W08,Chiba Chiba,35.61,140.12,2026-08-16T18:00,2026-08-17,6,2026-08,2026-08-17T06:00,27.3,28.1,28.9,135.0,174.0,194.0
W08,Chiba Chiba,35.61,140.12,2026-08-16T18:00,2026-08-17,7,2026-08,2026-08-17T07:00,29.3,30.1,30.9,242.0,310.0,348.0
W08,Chiba Chiba,35.61,140.12,2026-08-16T18:00,2026-08-17,8,2026-08,2026-08-17T08:00,29.6,30.4,31.2,360.0,461.0,517.0
W08,Chiba Chiba,35.61,140.12,2026-08-16T18:00,2026-08-17,9,2026-08,2026-08-17T09:00,30.1,30.9,31.7,440.0,564.0,632.0
W08,Chiba Chiba,35.61,140.12,2026-08-16T18:00,2026-08-17,10,2026-08,2026-08-17T10:00,31.9,32.7,33.5,519.0,666.0,746.0
W08,Chiba Chiba,35.61,140.12,2026-08-16T18:00,2026-08-17,11,2026-08,2026-08-17T11:00,31.9,32.7,33.5,504.0,646.0,724.0
W08,Chiba Chiba,35.61,140.12,2026-08-16T18:00,2026-08-17,12,2026-08,2026-08-17T12:00,32.7,33.5,34.3,524.0,672.0,753.0
W08,Chiba Chiba,35.61,140.12,2026-08-16T18:00,2026-08-17,13,2026-08,2026-08-17T13:00,33.5,34.3,35.1,484.0,621.0,695.0
W08,Chiba Chiba,35.61,140.12,2026-08-16T18:00,2026-08-17,14,2026-08,2026-08-17T14:00,34.7,35.5,36.3,428.0,548.0,614.0
W08,Chiba Chiba,35.61,140.12,2026-08-16T18:00,2026-08-17,15,2026-08,2026-08-17T15:00,34.5,35.3,36.1,342.0,439.0,492.0
W08,Chiba Chiba,35.61,140.12,2026-08-16T18:00,2026-08-17,16,2026-08,2026-08-17T16:00,33.3,34.1,34.9,221.0,283.0,317.0
W08,Chiba Chiba,35.61,140.12,2026-08-16T18:00,2026-08-17,17,2026-08,2026-08-17T17:00,31.8,32.6,33.4,115.0,147.0,165.0
W08,Chiba Chiba,35.61,140.12,2026-08-16T18:00,2026-08-17,18,2026-08,2026-08-17T18:00,31.3,32.1,32.9,18.0,23.0,26.0
W08,Chiba Chiba,35.61,140.12,2026-08-16T18:00,2026-08-17,19,2026-08,2026-08-17T19:00,30.5,31.3,32.1,0.0,0.0,0.0
W08,Chiba Chiba,35.61,140.12,2026-08-16T18:00,2026-08-17,20,2026-08,2026-08-17T20:00,30.5,31.3,32.1,0.0,0.0,0.0
W08,Chiba Chiba,35.61,140.12,2026-08-16T18:00,2026-08-17,21,2026-08,2026-08-17T21:00,30.5,31.3,32.1,0.0,0.0,0.0
W08,Chiba Chiba,35.61,140.12,2026-08-16T18:00,2026-08-17,22,2026-08,2026-08-17T22:00,30.1,30.9,31.7,0.0,0.0,0.0
W08,Chiba Chiba,35.61,140.12,2026-08-16T18:00,2026-08-17,23,2026-08,2026-08-17T23:00,28.8,29.6,30.4,0.0,0.0,0.0
W09,Ibaraki Tsukuba,36.08,140.08,2026-08-16T18:00,2026-08-17,0,2026-08,2026-08-17T00:00,28.8,29.6,30.4,0.0,0.0,0.0
W09,Ibaraki Tsukuba,36.08,140.08,2026-08-16T18:00,2026-08-17,1,2026-08,2026-08-17T01:00,28.8,29.6,30.4,0.0,0.0,0.0
W09,Ibaraki Tsukuba,36.08,140.08,2026-08-16T18:00,2026-08-17,2,2026-08,2026-08-17T02:00,28.3,29.1,29.9,0.0,0.0,0.0
W09,Ibaraki Tsukuba,36.08,140.08,2026-08-16T18:00,2026-08-17,3,2026-08,2026-08-17T03:00,27.5,28.3,29.1,0.0,0.0,0.0
W09,Ibaraki Tsukuba,36.08,140.08,2026-08-16T18:00,2026-08-17,4,2026-08,2026-08-17T04:00,27.7,28.5,29.3,0.0,0.0,0.0
W09,Ibaraki Tsukuba,36.08,140.08,2026-08-16T18:00,2026-08-17,5,2026-08,2026-08-17T05:00,27.0,27.8,28.6,35.0,45.0,51.0
W09,Ibaraki Tsukuba,36.08,140.08,2026-08-16T18:00,2026-08-17,6,2026-08,2026-08-17T06:00,28.0,28.8,29.6,130.0,166.0,186.0
W09,Ibaraki Tsukuba,36.08,140.08,2026-08-16T18:00,2026-08-17,7,2026-08,2026-08-17T07:00,30.0,30.8,31.6,246.0,315.0,353.0
W09,Ibaraki Tsukuba,36.08,140.08,2026-08-16T18:00,2026-08-17,8,2026-08,2026-08-17T08:00,30.3,31.1,31.9,347.0,444.0,498.0
W09,Ibaraki Tsukuba,36.08,140.08,2026-08-16T18:00,2026-08-17,9,2026-08,2026-08-17T09:00,30.8,31.6,32.4,419.0,538.0,602.0
W09,Ibaraki Tsukuba,36.08,140.08,2026-08-16T18:00,2026-08-17,10,2026-08,2026-08-17T10:00,32.6,33.4,34.2,470.0,602.0,675.0
W09,Ibaraki Tsukuba,36.08,140.08,2026-08-16T18:00,2026-08-17,11,2026-08,2026-08-17T11:00,32.6,33.4,34.2,500.0,641.0,718.0
W09,Ibaraki Tsukuba,36.08,140.08,2026-08-16T18:00,2026-08-17,12,2026-08,2026-08-17T12:00,33.4,34.2,35.0,527.0,676.0,757.0
W09,Ibaraki Tsukuba,36.08,140.08,2026-08-16T18:00,2026-08-17,13,2026-08,2026-08-17T13:00,34.2,35.0,35.8,479.0,614.0,688.0
W09,Ibaraki Tsukuba,36.08,140.08,2026-08-16T18:00,2026-08-17,14,2026-08,2026-08-17T14:00,35.4,36.2,37.0,405.0,520.0,582.0
W09,Ibaraki Tsukuba,36.08,140.08,2026-08-16T18:00,2026-08-17,15,2026-08,2026-08-17T15:00,35.2,36.0,36.8,308.0,395.0,442.0
W09,Ibaraki Tsukuba,36.08,140.08,2026-08-16T18:00,2026-08-17,16,2026-08,2026-08-17T16:00,34.0,34.8,35.6,212.0,272.0,305.0
W09,Ibaraki Tsukuba,36.08,140.08,2026-08-16T18:00,2026-08-17,17,2026-08,2026-08-17T17:00,32.5,33.3,34.1,115.0,147.0,165.0
W09,Ibaraki Tsukuba,36.08,140.08,2026-08-16T18:00,2026-08-17,18,2026-08,2026-08-17T18:00,32.0,32.8,33.6,18.0,23.0,26.0
W09,Ibaraki Tsukuba,36.08,140.08,2026-08-16T18:00,2026-08-17,19,2026-08,2026-08-17T19:00,31.2,32.0,32.8,0.0,0.0,0.0
W09,Ibaraki Tsukuba,36.08,140.08,2026-08-16T18:00,2026-08-17,20,2026-08,2026-08-17T20:00,31.2,32.0,32.8,0.0,0.0,0.0
W09,Ibaraki Tsukuba,36.08,140.08,2026-08-16T18:00,2026-08-17,21,2026-08,2026-08-17T21:00,31.2,32.0,32.8,0.0,0.0,0.0
W09,Ibaraki Tsukuba,36.08,140.08,2026-08-16T18:00,2026-08-17,22,2026-08,2026-08-17T22:00,30.8,31.6,32.4,0.0,0.0,0.0
W09,Ibaraki Tsukuba,36.08,140.08,2026-08-16T18:00,2026-08-17,23,2026-08,2026-08-17T23:00,29.5,30.3,31.1,0.0,0.0,0.0
W10,Gunma Maebashi,36.39,139.06,2026-08-16T18:00,2026-08-17,0,2026-08,2026-08-17T00:00,30.1,30.9,31.7,0.0,0.0,0.0
W10,Gunma Maebashi,36.39,139.06,2026-08-16T18:00,2026-08-17,1,2026-08,2026-08-17T01:00,30.1,30.9,31.7,0.0,0.0,0.0
W10,Gunma Maebashi,36.39,139.06,2026-08-16T18:00,2026-08-17,2,2026-08,2026-08-17T02:00,29.6,30.4,31.2,0.0,0.0,0.0
W10,Gunma Maebashi,36.39,139.06,2026-08-16T18:00,2026-08-17,3,2026-08,2026-08-17T03:00,28.8,29.6,30.4,0.0,0.0,0.0
W10,Gunma Maebashi,36.39,139.06,2026-08-16T18:00,2026-08-17,4,2026-08,2026-08-17T04:00,29.0,29.8,30.6,0.0,0.0,0.0
W10,Gunma Maebashi,36.39,139.06,2026-08-16T18:00,2026-08-17,5,2026-08,2026-08-17T05:00,28.3,29.1,29.9,35.0,45.0,51.0
W10,Gunma Maebashi,36.39,139.06,2026-08-16T18:00,2026-08-17,6,2026-08,2026-08-17T06:00,29.3,30.1,30.9,133.0,170.0,191.0
W10,Gunma Maebashi,36.39,139.06,2026-08-16T18:00,2026-08-17,7,2026-08,2026-08-17T07:00,31.3,32.1,32.9,231.0,296.0,332.0
W10,Gunma Maebashi,36.39,139.06,2026-08-16T18:00,2026-08-17,8,2026-08,2026-08-17T08:00,31.6,32.4,33.2,348.0,446.0,499.0
W10,Gunma Maebashi,36.39,139.06,2026-08-16T18:00,2026-08-17,9,2026-08,2026-08-17T09:00,32.1,32.9,33.7,413.0,530.0,594.0
W10,Gunma Maebashi,36.39,139.06,2026-08-16T18:00,2026-08-17,10,2026-08,2026-08-17T10:00,33.9,34.7,35.5,516.0,662.0,741.0
W10,Gunma Maebashi,36.39,139.06,2026-08-16T18:00,2026-08-17,11,2026-08,2026-08-17T11:00,33.9,34.7,35.5,509.0,652.0,731.0
W10,Gunma Maebashi,36.39,139.06,2026-08-16T18:00,2026-08-17,12,2026-08,2026-08-17T12:00,34.7,35.5,36.3,528.0,678.0,759.0
W10,Gunma Maebashi,36.39,139.06,2026-08-16T18:00,2026-08-17,13,2026-08,2026-08-17T13:00,35.5,36.3,37.1,479.0,614.0,688.0
W10,Gunma Maebashi,36.39,139.06,2026-08-16T18:00,2026-08-17,14,2026-08,2026-08-17T14:00,36.7,37.5,38.3,421.0,539.0,604.0
W10,Gunma Maebashi,36.39,139.06,2026-08-16T18:00,2026-08-17,15,2026-08,2026-08-17T15:00,36.5,37.3,38.1,316.0,405.0,454.0
W10,Gunma Maebashi,36.39,139.06,2026-08-16T18:00,2026-08-17,16,2026-08,2026-08-17T16:00,35.3,36.1,36.9,219.0,281.0,315.0
W10,Gunma Maebashi,36.39,139.06,2026-08-16T18:00,2026-08-17,17,2026-08,2026-08-17T17:00,33.8,34.6,35.4,114.0,146.0,164.0
W10,Gunma Maebashi,36.39,139.06,2026-08-16T18:00,2026-08-17,18,2026-08,2026-08-17T18:00,33.3,34.1,34.9,18.0,23.0,25.0
W10,Gunma Maebashi,36.39,139.06,2026-08-16T18:00,2026-08-17,19,2026-08,2026-08-17T19:00,32.5,33.3,34.1,0.0,0.0,0.0
W10,Gunma Maebashi,36.39,139.06,2026-08-16T18:00,2026-08-17,20,2026-08,2026-08-17T20:00,32.5,33.3,34.1,0.0,0.0,0.0
W10,Gunma Maebashi,36.39,139.06,2026-08-16T18:00,2026-08-17,21,2026-08,2026-08-17T21:00,32.5,33.3,34.1,0.0,0.0,0.0
W10,Gunma Maebashi,36.39,139.06,2026-08-16T18:00,2026-08-17,22,2026-08,2026-08-17T22:00,32.1,32.9,33.7,0.0,0.0,0.0
W10,Gunma Maebashi,36.39,139.06,2026-08-16T18:00,2026-08-17,23,2026-08,2026-08-17T23:00,30.8,31.6,32.4,0.0,0.0,0.0
W01,Tokyo Otemachi,35.69,139.76,2026-08-17T18:00,2026-08-18,0,2026-08,2026-08-18T00:00,29.9,30.7,31.5,0.0,0.0,0.0
W01,Tokyo Otemachi,35.69,139.76,2026-08-17T18:00,2026-08-18,1,2026-08,2026-08-18T01:00,29.5,30.3,31.1,0.0,0.0,0.0
W01,Tokyo Otemachi,35.69,139.76,2026-08-17T18:00,2026-08-18,2,2026-08,2026-08-18T02:00,29.5,30.3,31.1,0.0,0.0,0.0
W01,Tokyo Otemachi,35.69,139.76,2026-08-17T18:00,2026-08-18,3,2026-08,2026-08-18T03:00,27.7,28.5,29.3,0.0,0.0,0.0
W01,Tokyo Otemachi,35.69,139.76,2026-08-17T18:00,2026-08-18,4,2026-08,2026-08-18T04:00,28.4,29.2,30.0,0.0,0.0,0.0
W01,Tokyo Otemachi,35.69,139.76,2026-08-17T18:00,2026-08-18,5,2026-08,2026-08-18T05:00,28.4,29.2,30.0,22.0,28.0,31.0
W01,Tokyo Otemachi,35.69,139.76,2026-08-17T18:00,2026-08-18,6,2026-08,2026-08-18T06:00,30.6,31.4,32.2,80.0,103.0,115.0
W01,Tokyo Otemachi,35.69,139.76,2026-08-17T18:00,2026-08-18,7,2026-08,2026-08-18T07:00,29.8,30.6,31.4,151.0,193.0,217.0
W01,Tokyo Otemachi,35.69,139.76,2026-08-17T18:00,2026-08-18,8,2026-08,2026-08-18T08:00,29.8,30.6,31.4,221.0,284.0,318.0
W01,Tokyo Otemachi,35.69,139.76,2026-08-17T18:00,2026-08-18,9,2026-08,2026-08-18T09:00,31.3,32.1,32.9,267.0,342.0,384.0
W01,Tokyo Otemachi,35.69,139.76,2026-08-17T18:00,2026-08-18,10,2026-08,2026-08-18T10:00,33.0,33.8,34.6,292.0,374.0,419.0
W01,Tokyo Otemachi,35.69,139.76,2026-08-17T18:00,2026-08-18,11,2026-08,2026-08-18T11:00,33.1,33.9,34.7,316.0,405.0,454.0
W01,Tokyo Otemachi,35.69,139.76,2026-08-17T18:00,2026-08-18,12,2026-08,2026-08-18T12:00,33.9,34.7,35.5,320.0,411.0,460.0
W01,Tokyo Otemachi,35.69,139.76,2026-08-17T18:00,2026-08-18,13,2026-08,2026-08-18T13:00,36.2,37.0,37.8,300.0,384.0,430.0
W01,Tokyo Otemachi,35.69,139.76,2026-08-17T18:00,2026-08-18,14,2026-08,2026-08-18T14:00,37.0,37.8,38.6,251.0,322.0,361.0
W01,Tokyo Otemachi,35.69,139.76,2026-08-17T18:00,2026-08-18,15,2026-08,2026-08-18T15:00,35.7,36.5,37.3,201.0,257.0,288.0
W01,Tokyo Otemachi,35.69,139.76,2026-08-17T18:00,2026-08-18,16,2026-08,2026-08-18T16:00,34.5,35.3,36.1,136.0,175.0,196.0
W01,Tokyo Otemachi,35.69,139.76,2026-08-17T18:00,2026-08-18,17,2026-08,2026-08-18T17:00,33.2,34.0,34.8,68.0,87.0,98.0
W01,Tokyo Otemachi,35.69,139.76,2026-08-17T18:00,2026-08-18,18,2026-08,2026-08-18T18:00,32.8,33.6,34.4,12.0,15.0,17.0
W01,Tokyo Otemachi,35.69,139.76,2026-08-17T18:00,2026-08-18,19,2026-08,2026-08-18T19:00,33.5,34.3,35.1,0.0,0.0,0.0
W01,Tokyo Otemachi,35.69,139.76,2026-08-17T18:00,2026-08-18,20,2026-08,2026-08-18T20:00,31.0,31.8,32.6,0.0,0.0,0.0
W01,Tokyo Otemachi,35.69,139.76,2026-08-17T18:00,2026-08-18,21,2026-08,2026-08-18T21:00,30.6,31.4,32.2,0.0,0.0,0.0
W01,Tokyo Otemachi,35.69,139.76,2026-08-17T18:00,2026-08-18,22,2026-08,2026-08-18T22:00,30.9,31.7,32.5,0.0,0.0,0.0
W01,Tokyo Otemachi,35.69,139.76,2026-08-17T18:00,2026-08-18,23,2026-08,2026-08-18T23:00,30.1,30.9,31.7,0.0,0.0,0.0
W02,Tokyo Hachioji,35.66,139.32,2026-08-17T18:00,2026-08-18,0,2026-08,2026-08-18T00:00,30.5,31.3,32.1,0.0,0.0,0.0
W02,Tokyo Hachioji,35.66,139.32,2026-08-17T18:00,2026-08-18,1,2026-08,2026-08-18T01:00,30.1,30.9,31.7,0.0,0.0,0.0
W02,Tokyo Hachioji,35.66,139.32,2026-08-17T18:00,2026-08-18,2,2026-08,2026-08-18T02:00,30.1,30.9,31.7,0.0,0.0,0.0
W02,Tokyo Hachioji,35.66,139.32,2026-08-17T18:00,2026-08-18,3,2026-08,2026-08-18T03:00,28.3,29.1,29.9,0.0,0.0,0.0
W02,Tokyo Hachioji,35.66,139.32,2026-08-17T18:00,2026-08-18,4,2026-08,2026-08-18T04:00,29.0,29.8,30.6,0.0,0.0,0.0
W02,Tokyo Hachioji,35.66,139.32,2026-08-17T18:00,2026-08-18,5,2026-08,2026-08-18T05:00,29.0,29.8,30.6,21.0,28.0,31.0
W02,Tokyo Hachioji,35.66,139.32,2026-08-17T18:00,2026-08-18,6,2026-08,2026-08-18T06:00,31.2,32.0,32.8,76.0,98.0,109.0
W02,Tokyo Hachioji,35.66,139.32,2026-08-17T18:00,2026-08-18,7,2026-08,2026-08-18T07:00,30.4,31.2,32.0,152.0,194.0,218.0
W02,Tokyo Hachioji,35.66,139.32,2026-08-17T18:00,2026-08-18,8,2026-08,2026-08-18T08:00,30.4,31.2,32.0,211.0,271.0,303.0
W02,Tokyo Hachioji,35.66,139.32,2026-08-17T18:00,2026-08-18,9,2026-08,2026-08-18T09:00,31.9,32.7,33.5,258.0,331.0,370.0
W02,Tokyo Hachioji,35.66,139.32,2026-08-17T18:00,2026-08-18,10,2026-08,2026-08-18T10:00,33.6,34.4,35.2,292.0,375.0,420.0
W02,Tokyo Hachioji,35.66,139.32,2026-08-17T18:00,2026-08-18,11,2026-08,2026-08-18T11:00,33.7,34.5,35.3,332.0,426.0,477.0
W02,Tokyo Hachioji,35.66,139.32,2026-08-17T18:00,2026-08-18,12,2026-08,2026-08-18T12:00,34.5,35.3,36.1,309.0,396.0,443.0
W02,Tokyo Hachioji,35.66,139.32,2026-08-17T18:00,2026-08-18,13,2026-08,2026-08-18T13:00,36.8,37.6,38.4,301.0,385.0,432.0
W02,Tokyo Hachioji,35.66,139.32,2026-08-17T18:00,2026-08-18,14,2026-08,2026-08-18T14:00,37.6,38.4,39.2,258.0,331.0,371.0
W02,Tokyo Hachioji,35.66,139.32,2026-08-17T18:00,2026-08-18,15,2026-08,2026-08-18T15:00,36.3,37.1,37.9,200.0,257.0,288.0
W02,Tokyo Hachioji,35.66,139.32,2026-08-17T18:00,2026-08-18,16,2026-08,2026-08-18T16:00,35.1,35.9,36.7,133.0,170.0,190.0
W02,Tokyo Hachioji,35.66,139.32,2026-08-17T18:00,2026-08-18,17,2026-08,2026-08-18T17:00,33.8,34.6,35.4,71.0,91.0,102.0
W02,Tokyo Hachioji,35.66,139.32,2026-08-17T18:00,2026-08-18,18,2026-08,2026-08-18T18:00,33.4,34.2,35.0,11.0,15.0,16.0
W02,Tokyo Hachioji,35.66,139.32,2026-08-17T18:00,2026-08-18,19,2026-08,2026-08-18T19:00,34.1,34.9,35.7,0.0,0.0,0.0
W02,Tokyo Hachioji,35.66,139.32,2026-08-17T18:00,2026-08-18,20,2026-08,2026-08-18T20:00,31.6,32.4,33.2,0.0,0.0,0.0
W02,Tokyo Hachioji,35.66,139.32,2026-08-17T18:00,2026-08-18,21,2026-08,2026-08-18T21:00,31.2,32.0,32.8,0.0,0.0,0.0
W02,Tokyo Hachioji,35.66,139.32,2026-08-17T18:00,2026-08-18,22,2026-08,2026-08-18T22:00,31.5,32.3,33.1,0.0,0.0,0.0
W02,Tokyo Hachioji,35.66,139.32,2026-08-17T18:00,2026-08-18,23,2026-08,2026-08-18T23:00,30.7,31.5,32.3,0.0,0.0,0.0
W03,Kanagawa Yokohama,35.44,139.64,2026-08-17T18:00,2026-08-18,0,2026-08,2026-08-18T00:00,29.0,29.8,30.6,0.0,0.0,0.0
W03,Kanagawa Yokohama,35.44,139.64,2026-08-17T18:00,2026-08-18,1,2026-08,2026-08-18T01:00,28.6,29.4,30.2,0.0,0.0,0.0
W03,Kanagawa Yokohama,35.44,139.64,2026-08-17T18:00,2026-08-18,2,2026-08,2026-08-18T02:00,28.6,29.4,30.2,0.0,0.0,0.0
W03,Kanagawa Yokohama,35.44,139.64,2026-08-17T18:00,2026-08-18,3,2026-08,2026-08-18T03:00,26.8,27.6,28.4,0.0,0.0,0.0
W03,Kanagawa Yokohama,35.44,139.64,2026-08-17T18:00,2026-08-18,4,2026-08,2026-08-18T04:00,27.5,28.3,29.1,0.0,0.0,0.0
W03,Kanagawa Yokohama,35.44,139.64,2026-08-17T18:00,2026-08-18,5,2026-08,2026-08-18T05:00,27.5,28.3,29.1,23.0,29.0,33.0
W03,Kanagawa Yokohama,35.44,139.64,2026-08-17T18:00,2026-08-18,6,2026-08,2026-08-18T06:00,29.7,30.5,31.3,86.0,111.0,124.0
W03,Kanagawa Yokohama,35.44,139.64,2026-08-17T18:00,2026-08-18,7,2026-08,2026-08-18T07:00,28.9,29.7,30.5,153.0,196.0,219.0
W03,Kanagawa Yokohama,35.44,139.64,2026-08-17T18:00,2026-08-18,8,2026-08,2026-08-18T08:00,28.9,29.7,30.5,209.0,268.0,301.0
W03,Kanagawa Yokohama,35.44,139.64,2026-08-17T18:00,2026-08-18,9,2026-08,2026-08-18T09:00,30.4,31.2,32.0,274.0,352.0,394.0
W03,Kanagawa Yokohama,35.44,139.64,2026-08-17T18:00,2026-08-18,10,2026-08,2026-08-18T10:00,32.1,32.9,33.7,319.0,409.0,458.0
W03,Kanagawa Yokohama,35.44,139.64,2026-08-17T18:00,2026-08-18,11,2026-08,2026-08-18T11:00,32.2,33.0,33.8,331.0,424.0,475.0
W03,Kanagawa Yokohama,35.44,139.64,2026-08-17T18:00,2026-08-18,12,2026-08,2026-08-18T12:00,33.0,33.8,34.6,317.0,406.0,455.0
W03,Kanagawa Yokohama,35.44,139.64,2026-08-17T18:00,2026-08-18,13,2026-08,2026-08-18T13:00,35.3,36.1,36.9,307.0,393.0,440.0
W03,Kanagawa Yokohama,35.44,139.64,2026-08-17T18:00,2026-08-18,14,2026-08,2026-08-18T14:00,36.1,36.9,37.7,263.0,337.0,378.0
W03,Kanagawa Yokohama,35.44,139.64,2026-08-17T18:00,2026-08-18,15,2026-08,2026-08-18T15:00,34.8,35.6,36.4,200.0,256.0,287.0
W03,Kanagawa Yokohama,35.44,139.64,2026-08-17T18:00,2026-08-18,16,2026-08,2026-08-18T16:00,33.6,34.4,35.2,138.0,177.0,198.0
W03,Kanagawa Yokohama,35.44,139.64,2026-08-17T18:00,2026-08-18,17,2026-08,2026-08-18T17:00,32.3,33.1,33.9,69.0,89.0,99.0
W03,Kanagawa Yokohama,35.44,139.64,2026-08-17T18:00,2026-08-18,18,2026-08,2026-08-18T18:00,31.9,32.7,33.5,11.0,14.0,16.0
W03,Kanagawa Yokohama,35.44,139.64,2026-08-17T18:00,2026-08-18,19,2026-08,2026-08-18T19:00,32.6,33.4,34.2,0.0,0.0,0.0
W03,Kanagawa Yokohama,35.44,139.64,2026-08-17T18:00,2026-08-18,20,2026-08,2026-08-18T20:00,30.1,30.9,31.7,0.0,0.0,0.0
W03,Kanagawa Yokohama,35.44,139.64,2026-08-17T18:00,2026-08-18,21,2026-08,2026-08-18T21:00,29.7,30.5,31.3,0.0,0.0,0.0
W03,Kanagawa Yokohama,35.44,139.64,2026-08-17T18:00,2026-08-18,22,2026-08,2026-08-18T22:00,30.0,30.8,31.6,0.0,0.0,0.0
W03,Kanagawa Yokohama,35.44,139.64,2026-08-17T18:00,2026-08-18,23,2026-08,2026-08-18T23:00,29.2,30.0,30.8,0.0,0.0,0.0
W04,Kanagawa Sagamihara,35.57,139.37,2026-08-17T18:00,2026-08-18,0,2026-08,2026-08-18T00:00,30.3,31.1,31.9,0.0,0.0,0.0
W04,Kanagawa Sagamihara,35.57,139.37,2026-08-17T18:00,2026-08-18,1,2026-08,2026-08-18T01:00,29.9,30.7,31.5,0.0,0.0,0.0
W04,Kanagawa Sagamihara,35.57,139.37,2026-08-17T18:00,2026-08-18,2,2026-08,2026-08-18T02:00,29.9,30.7,31.5,0.0,0.0,0.0
W04,Kanagawa Sagamihara,35.57,139.37,2026-08-17T18:00,2026-08-18,3,2026-08,2026-08-18T03:00,28.1,28.9,29.7,0.0,0.0,0.0
W04,Kanagawa Sagamihara,35.57,139.37,2026-08-17T18:00,2026-08-18,4,2026-08,2026-08-18T04:00,28.8,29.6,30.4,0.0,0.0,0.0
W04,Kanagawa Sagamihara,35.57,139.37,2026-08-17T18:00,2026-08-18,5,2026-08,2026-08-18T05:00,28.8,29.6,30.4,21.0,27.0,30.0
W04,Kanagawa Sagamihara,35.57,139.37,2026-08-17T18:00,2026-08-18,6,2026-08,2026-08-18T06:00,31.0,31.8,32.6,83.0,106.0,119.0
W04,Kanagawa Sagamihara,35.57,139.37,2026-08-17T18:00,2026-08-18,7,2026-08,2026-08-18T07:00,30.2,31.0,31.8,150.0,193.0,216.0
W04,Kanagawa Sagamihara,35.57,139.37,2026-08-17T18:00,2026-08-18,8,2026-08,2026-08-18T08:00,30.2,31.0,31.8,206.0,264.0,296.0
W04,Kanagawa Sagamihara,35.57,139.37,2026-08-17T18:00,2026-08-18,9,2026-08,2026-08-18T09:00,31.7,32.5,33.3,246.0,315.0,353.0
W04,Kanagawa Sagamihara,35.57,139.37,2026-08-17T18:00,2026-08-18,10,2026-08,2026-08-18T10:00,33.4,34.2,35.0,307.0,394.0,441.0
W04,Kanagawa Sagamihara,35.57,139.37,2026-08-17T18:00,2026-08-18,11,2026-08,2026-08-18T11:00,33.5,34.3,35.1,324.0,415.0,465.0
W04,Kanagawa Sagamihara,35.57,139.37,2026-08-17T18:00,2026-08-18,12,2026-08,2026-08-18T12:00,34.3,35.1,35.9,324.0,416.0,465.0
W04,Kanagawa Sagamihara,35.57,139.37,2026-08-17T18:00,2026-08-18,13,2026-08,2026-08-18T13:00,36.6,37.4,38.2,300.0,385.0,431.0
W04,Kanagawa Sagamihara,35.57,139.37,2026-08-17T18:00,2026-08-18,14,2026-08,2026-08-18T14:00,37.4,38.2,39.0,260.0,333.0,374.0
W04,Kanagawa Sagamihara,35.57,139.37,2026-08-17T18:00,2026-08-18,15,2026-08,2026-08-18T15:00,36.1,36.9,37.7,204.0,262.0,293.0
W04,Kanagawa Sagamihara,35.57,139.37,2026-08-17T18:00,2026-08-18,16,2026-08,2026-08-18T16:00,34.9,35.7,36.5,140.0,179.0,201.0
W04,Kanagawa Sagamihara,35.57,139.37,2026-08-17T18:00,2026-08-18,17,2026-08,2026-08-18T17:00,33.6,34.4,35.2,67.0,86.0,97.0
W04,Kanagawa Sagamihara,35.57,139.37,2026-08-17T18:00,2026-08-18,18,2026-08,2026-08-18T18:00,33.2,34.0,34.8,11.0,14.0,16.0
W04,Kanagawa Sagamihara,35.57,139.37,2026-08-17T18:00,2026-08-18,19,2026-08,2026-08-18T19:00,33.9,34.7,35.5,0.0,0.0,0.0
W04,Kanagawa Sagamihara,35.57,139.37,2026-08-17T18:00,2026-08-18,20,2026-08,2026-08-18T20:00,31.4,32.2,33.0,0.0,0.0,0.0
W04,Kanagawa Sagamihara,35.57,139.37,2026-08-17T18:00,2026-08-18,21,2026-08,2026-08-18T21:00,31.0,31.8,32.6,0.0,0.0,0.0
W04,Kanagawa Sagamihara,35.57,139.37,2026-08-17T18:00,2026-08-18,22,2026-08,2026-08-18T22:00,31.3,32.1,32.9,0.0,0.0,0.0
W04,Kanagawa Sagamihara,35.57,139.37,2026-08-17T18:00,2026-08-18,23,2026-08,2026-08-18T23:00,30.5,31.3,32.1,0.0,0.0,0.0
W05,Saitama Kumagaya,36.15,139.39,2026-08-17T18:00,2026-08-18,0,2026-08,2026-08-18T00:00,31.5,32.3,33.1,0.0,0.0,0.0
W05,Saitama Kumagaya,36.15,139.39,2026-08-17T18:00,2026-08-18,1,2026-08,2026-08-18T01:00,31.1,31.9,32.7,0.0,0.0,0.0
W05,Saitama Kumagaya,36.15,139.39,2026-08-17T18:00,2026-08-18,2,2026-08,2026-08-18T02:00,31.1,31.9,32.7,0.0,0.0,0.0
W05,Saitama Kumagaya,36.15,139.39,2026-08-17T18:00,2026-08-18,3,2026-08,2026-08-18T03:00,29.3,30.1,30.9,0.0,0.0,0.0
W05,Saitama Kumagaya,36.15,139.39,2026-08-17T18:00,2026-08-18,4,2026-08,2026-08-18T04:00,30.0,30.8,31.6,0.0,0.0,0.0
W05,Saitama Kumagaya,36.15,139.39,2026-08-17T18:00,2026-08-18,5,2026-08,2026-08-18T05:00,30.0,30.8,31.6,21.0,28.0,31.0
W05,Saitama Kumagaya,36.15,139.39,2026-08-17T18:00,2026-08-18,6,2026-08,2026-08-18T06:00,32.2,33.0,33.8,81.0,104.0,116.0
W05,Saitama Kumagaya,36.15,139.39,2026-08-17T18:00,2026-08-18,7,2026-08,2026-08-18T07:00,31.4,32.2,33.0,149.0,192.0,215.0
W05,Saitama Kumagaya,36.15,139.39,2026-08-17T18:00,2026-08-18,8,2026-08,2026-08-18T08:00,31.4,32.2,33.0,216.0,277.0,310.0
W05,Saitama Kumagaya,36.15,139.39,2026-08-17T18:00,2026-08-18,9,2026-08,2026-08-18T09:00,32.9,33.7,34.5,265.0,339.0,380.0
W05,Saitama Kumagaya,36.15,139.39,2026-08-17T18:00,2026-08-18,10,2026-08,2026-08-18T10:00,34.6,35.4,36.2,318.0,407.0,456.0
W05,Saitama Kumagaya,36.15,139.39,2026-08-17T18:00,2026-08-18,11,2026-08,2026-08-18T11:00,34.7,35.5,36.3,318.0,408.0,457.0
W05,Saitama Kumagaya,36.15,139.39,2026-08-17T18:00,2026-08-18,12,2026-08,2026-08-18T12:00,35.5,36.3,37.1,311.0,399.0,447.0
W05,Saitama Kumagaya,36.15,139.39,2026-08-17T18:00,2026-08-18,13,2026-08,2026-08-18T13:00,37.8,38.6,39.4,291.0,373.0,418.0
W05,Saitama Kumagaya,36.15,139.39,2026-08-17T18:00,2026-08-18,14,2026-08,2026-08-18T14:00,38.6,39.4,40.2,262.0,335.0,376.0
W05,Saitama Kumagaya,36.15,139.39,2026-08-17T18:00,2026-08-18,15,2026-08,2026-08-18T15:00,37.3,38.1,38.9,207.0,265.0,297.0
W05,Saitama Kumagaya,36.15,139.39,2026-08-17T18:00,2026-08-18,16,2026-08,2026-08-18T16:00,36.1,36.9,37.7,133.0,171.0,192.0
W05,Saitama Kumagaya,36.15,139.39,2026-08-17T18:00,2026-08-18,17,2026-08,2026-08-18T17:00,34.8,35.6,36.4,73.0,93.0,105.0
W05,Saitama Kumagaya,36.15,139.39,2026-08-17T18:00,2026-08-18,18,2026-08,2026-08-18T18:00,34.4,35.2,36.0,12.0,15.0,17.0
W05,Saitama Kumagaya,36.15,139.39,2026-08-17T18:00,2026-08-18,19,2026-08,2026-08-18T19:00,35.1,35.9,36.7,0.0,0.0,0.0
W05,Saitama Kumagaya,36.15,139.39,2026-08-17T18:00,2026-08-18,20,2026-08,2026-08-18T20:00,32.6,33.4,34.2,0.0,0.0,0.0
W05,Saitama Kumagaya,36.15,139.39,2026-08-17T18:00,2026-08-18,21,2026-08,2026-08-18T21:00,32.2,33.0,33.8,0.0,0.0,0.0
W05,Saitama Kumagaya,36.15,139.39,2026-08-17T18:00,2026-08-18,22,2026-08,2026-08-18T22:00,32.5,33.3,34.1,0.0,0.0,0.0
W05,Saitama Kumagaya,36.15,139.39,2026-08-17T18:00,2026-08-18,23,2026-08,2026-08-18T23:00,31.7,32.5,33.3,0.0,0.0,0.0
W06,Saitama Saitama,35.86,139.65,2026-08-17T18:00,2026-08-18,0,2026-08,2026-08-18T00:00,30.7,31.5,32.3,0.0,0.0,0.0
W06,Saitama Saitama,35.86,139.65,2026-08-17T18:00,2026-08-18,1,2026-08,2026-08-18T01:00,30.3,31.1,31.9,0.0,0.0,0.0
W06,Saitama Saitama,35.86,139.65,2026-08-17T18:00,2026-08-18,2,2026-08,2026-08-18T02:00,30.3,31.1,31.9,0.0,0.0,0.0
W06,Saitama Saitama,35.86,139.65,2026-08-17T18:00,2026-08-18,3,2026-08,2026-08-18T03:00,28.5,29.3,30.1,0.0,0.0,0.0
W06,Saitama Saitama,35.86,139.65,2026-08-17T18:00,2026-08-18,4,2026-08,2026-08-18T04:00,29.2,30.0,30.8,0.0,0.0,0.0
W06,Saitama Saitama,35.86,139.65,2026-08-17T18:00,2026-08-18,5,2026-08,2026-08-18T05:00,29.2,30.0,30.8,22.0,28.0,31.0
W06,Saitama Saitama,35.86,139.65,2026-08-17T18:00,2026-08-18,6,2026-08,2026-08-18T06:00,31.4,32.2,33.0,82.0,106.0,118.0
W06,Saitama Saitama,35.86,139.65,2026-08-17T18:00,2026-08-18,7,2026-08,2026-08-18T07:00,30.6,31.4,32.2,149.0,191.0,214.0
W06,Saitama Saitama,35.86,139.65,2026-08-17T18:00,2026-08-18,8,2026-08,2026-08-18T08:00,30.6,31.4,32.2,212.0,271.0,304.0
W06,Saitama Saitama,35.86,139.65,2026-08-17T18:00,2026-08-18,9,2026-08,2026-08-18T09:00,32.1,32.9,33.7,269.0,345.0,387.0
W06,Saitama Saitama,35.86,139.65,2026-08-17T18:00,2026-08-18,10,2026-08,2026-08-18T10:00,33.8,34.6,35.4,296.0,380.0,426.0
W06,Saitama Saitama,35.86,139.65,2026-08-17T18:00,2026-08-18,11,2026-08,2026-08-18T11:00,33.9,34.7,35.5,314.0,403.0,451.0
W06,Saitama Saitama,35.86,139.65,2026-08-17T18:00,2026-08-18,12,2026-08,2026-08-18T12:00,34.7,35.5,36.3,323.0,414.0,464.0
W06,Saitama Saitama,35.86,139.65,2026-08-17T18:00,2026-08-18,13,2026-08,2026-08-18T13:00,37.0,37.8,38.6,298.0,382.0,427.0
W06,Saitama Saitama,35.86,139.65,2026-08-17T18:00,2026-08-18,14,2026-08,2026-08-18T14:00,37.8,38.6,39.4,250.0,321.0,359.0
W06,Saitama Saitama,35.86,139.65,2026-08-17T18:00,2026-08-18,15,2026-08,2026-08-18T15:00,36.5,37.3,38.1,212.0,272.0,304.0
W06,Saitama Saitama,35.86,139.65,2026-08-17T18:00,2026-08-18,16,2026-08,2026-08-18T16:00,35.3,36.1,36.9,139.0,179.0,200.0
W06,Saitama Saitama,35.86,139.65,2026-08-17T18:00,2026-08-18,17,2026-08,2026-08-18T17:00,34.0,34.8,35.6,68.0,87.0,97.0
W06,Saitama Saitama,35.86,139.65,2026-08-17T18:00,2026-08-18,18,2026-08,2026-08-18T18:00,33.6,34.4,35.2,11.0,15.0,16.0
W06,Saitama Saitama,35.86,139.65,2026-08-17T18:00,2026-08-18,19,2026-08,2026-08-18T19:00,34.3,35.1,35.9,0.0,0.0,0.0
W06,Saitama Saitama,35.86,139.65,2026-08-17T18:00,2026-08-18,20,2026-08,2026-08-18T20:00,31.8,32.6,33.4,0.0,0.0,0.0
W06,Saitama Saitama,35.86,139.65,2026-08-17T18:00,2026-08-18,21,2026-08,2026-08-18T21:00,31.4,32.2,33.0,0.0,0.0,0.0
W06,Saitama Saitama,35.86,139.65,2026-08-17T18:00,2026-08-18,22,2026-08,2026-08-18T22:00,31.7,32.5,33.3,0.0,0.0,0.0
W06,Saitama Saitama,35.86,139.65,2026-08-17T18:00,2026-08-18,23,2026-08,2026-08-18T23:00,30.9,31.7,32.5,0.0,0.0,0.0
W07,Chiba Inzai,35.83,140.15,2026-08-17T18:00,2026-08-18,0,2026-08,2026-08-18T00:00,29.7,30.5,31.3,0.0,0.0,0.0
W07,Chiba Inzai,35.83,140.15,2026-08-17T18:00,2026-08-18,1,2026-08,2026-08-18T01:00,29.3,30.1,30.9,0.0,0.0,0.0
W07,Chiba Inzai,35.83,140.15,2026-08-17T18:00,2026-08-18,2,2026-08,2026-08-18T02:00,29.3,30.1,30.9,0.0,0.0,0.0
W07,Chiba Inzai,35.83,140.15,2026-08-17T18:00,2026-08-18,3,2026-08,2026-08-18T03:00,27.5,28.3,29.1,0.0,0.0,0.0
W07,Chiba Inzai,35.83,140.15,2026-08-17T18:00,2026-08-18,4,2026-08,2026-08-18T04:00,28.2,29.0,29.8,0.0,0.0,0.0
W07,Chiba Inzai,35.83,140.15,2026-08-17T18:00,2026-08-18,5,2026-08,2026-08-18T05:00,28.2,29.0,29.8,22.0,28.0,31.0
W07,Chiba Inzai,35.83,140.15,2026-08-17T18:00,2026-08-18,6,2026-08,2026-08-18T06:00,30.4,31.2,32.0,84.0,107.0,120.0
W07,Chiba Inzai,35.83,140.15,2026-08-17T18:00,2026-08-18,7,2026-08,2026-08-18T07:00,29.6,30.4,31.2,153.0,196.0,219.0
W07,Chiba Inzai,35.83,140.15,2026-08-17T18:00,2026-08-18,8,2026-08,2026-08-18T08:00,29.6,30.4,31.2,209.0,267.0,299.0
W07,Chiba Inzai,35.83,140.15,2026-08-17T18:00,2026-08-18,9,2026-08,2026-08-18T09:00,31.1,31.9,32.7,257.0,330.0,370.0
W07,Chiba Inzai,35.83,140.15,2026-08-17T18:00,2026-08-18,10,2026-08,2026-08-18T10:00,32.8,33.6,34.4,304.0,389.0,436.0
W07,Chiba Inzai,35.83,140.15,2026-08-17T18:00,2026-08-18,11,2026-08,2026-08-18T11:00,32.9,33.7,34.5,333.0,427.0,478.0
W07,Chiba Inzai,35.83,140.15,2026-08-17T18:00,2026-08-18,12,2026-08,2026-08-18T12:00,33.7,34.5,35.3,314.0,402.0,450.0
W07,Chiba Inzai,35.83,140.15,2026-08-17T18:00,2026-08-18,13,2026-08,2026-08-18T13:00,36.0,36.8,37.6,300.0,384.0,430.0
W07,Chiba Inzai,35.83,140.15,2026-08-17T18:00,2026-08-18,14,2026-08,2026-08-18T14:00,36.8,37.6,38.4,258.0,331.0,371.0
W07,Chiba Inzai,35.83,140.15,2026-08-17T18:00,2026-08-18,15,2026-08,2026-08-18T15:00,35.5,36.3,37.1,199.0,256.0,286.0
W07,Chiba Inzai,35.83,140.15,2026-08-17T18:00,2026-08-18,16,2026-08,2026-08-18T16:00,34.3,35.1,35.9,142.0,182.0,204.0
W07,Chiba Inzai,35.83,140.15,2026-08-17T18:00,2026-08-18,17,2026-08,2026-08-18T17:00,33.0,33.8,34.6,67.0,86.0,96.0
W07,Chiba Inzai,35.83,140.15,2026-08-17T18:00,2026-08-18,18,2026-08,2026-08-18T18:00,32.6,33.4,34.2,11.0,14.0,16.0
W07,Chiba Inzai,35.83,140.15,2026-08-17T18:00,2026-08-18,19,2026-08,2026-08-18T19:00,33.3,34.1,34.9,0.0,0.0,0.0
W07,Chiba Inzai,35.83,140.15,2026-08-17T18:00,2026-08-18,20,2026-08,2026-08-18T20:00,30.8,31.6,32.4,0.0,0.0,0.0
W07,Chiba Inzai,35.83,140.15,2026-08-17T18:00,2026-08-18,21,2026-08,2026-08-18T21:00,30.4,31.2,32.0,0.0,0.0,0.0
W07,Chiba Inzai,35.83,140.15,2026-08-17T18:00,2026-08-18,22,2026-08,2026-08-18T22:00,30.7,31.5,32.3,0.0,0.0,0.0
W07,Chiba Inzai,35.83,140.15,2026-08-17T18:00,2026-08-18,23,2026-08,2026-08-18T23:00,29.9,30.7,31.5,0.0,0.0,0.0
W08,Chiba Chiba,35.61,140.12,2026-08-17T18:00,2026-08-18,0,2026-08,2026-08-18T00:00,29.1,29.9,30.7,0.0,0.0,0.0
W08,Chiba Chiba,35.61,140.12,2026-08-17T18:00,2026-08-18,1,2026-08,2026-08-18T01:00,28.7,29.5,30.3,0.0,0.0,0.0
W08,Chiba Chiba,35.61,140.12,2026-08-17T18:00,2026-08-18,2,2026-08,2026-08-18T02:00,28.7,29.5,30.3,0.0,0.0,0.0
W08,Chiba Chiba,35.61,140.12,2026-08-17T18:00,2026-08-18,3,2026-08,2026-08-18T03:00,26.9,27.7,28.5,0.0,0.0,0.0
W08,Chiba Chiba,35.61,140.12,2026-08-17T18:00,2026-08-18,4,2026-08,2026-08-18T04:00,27.6,28.4,29.2,0.0,0.0,0.0
W08,Chiba Chiba,35.61,140.12,2026-08-17T18:00,2026-08-18,5,2026-08,2026-08-18T05:00,27.6,28.4,29.2,22.0,28.0,31.0
W08,Chiba Chiba,35.61,140.12,2026-08-17T18:00,2026-08-18,6,2026-08,2026-08-18T06:00,29.8,30.6,31.4,79.0,102.0,114.0
W08,Chiba Chiba,35.61,140.12,2026-08-17T18:00,2026-08-18,7,2026-08,2026-08-18T07:00,29.0,29.8,30.6,152.0,195.0,218.0
W08,Chiba Chiba,35.61,140.12,2026-08-17T18:00,2026-08-18,8,2026-08,2026-08-18T08:00,29.0,29.8,30.6,207.0,266.0,298.0
W08,Chiba Chiba,35.61,140.12,2026-08-17T18:00,2026-08-18,9,2026-08,2026-08-18T09:00,30.5,31.3,32.1,251.0,322.0,361.0
W08,Chiba Chiba,35.61,140.12,2026-08-17T18:00,2026-08-18,10,2026-08,2026-08-18T10:00,32.2,33.0,33.8,298.0,382.0,428.0
W08,Chiba Chiba,35.61,140.12,2026-08-17T18:00,2026-08-18,11,2026-08,2026-08-18T11:00,32.3,33.1,33.9,328.0,420.0,470.0
W08,Chiba Chiba,35.61,140.12,2026-08-17T18:00,2026-08-18,12,2026-08,2026-08-18T12:00,33.1,33.9,34.7,322.0,412.0,462.0
W08,Chiba Chiba,35.61,140.12,2026-08-17T18:00,2026-08-18,13,2026-08,2026-08-18T13:00,35.4,36.2,37.0,302.0,388.0,434.0
W08,Chiba Chiba,35.61,140.12,2026-08-17T18:00,2026-08-18,14,2026-08,2026-08-18T14:00,36.2,37.0,37.8,257.0,330.0,369.0
W08,Chiba Chiba,35.61,140.12,2026-08-17T18:00,2026-08-18,15,2026-08,2026-08-18T15:00,34.9,35.7,36.5,195.0,250.0,281.0
W08,Chiba Chiba,35.61,140.12,2026-08-17T18:00,2026-08-18,16,2026-08,2026-08-18T16:00,33.7,34.5,35.3,131.0,168.0,188.0
W08,Chiba Chiba,35.61,140.12,2026-08-17T18:00,2026-08-18,17,2026-08,2026-08-18T17:00,32.4,33.2,34.0,68.0,87.0,98.0
W08,Chiba Chiba,35.61,140.12,2026-08-17T18:00,2026-08-18,18,2026-08,2026-08-18T18:00,32.0,32.8,33.6,11.0,14.0,16.0
W08,Chiba Chiba,35.61,140.12,2026-08-17T18:00,2026-08-18,19,2026-08,2026-08-18T19:00,32.7,33.5,34.3,0.0,0.0,0.0
W08,Chiba Chiba,35.61,140.12,2026-08-17T18:00,2026-08-18,20,2026-08,2026-08-18T20:00,30.2,31.0,31.8,0.0,0.0,0.0
W08,Chiba Chiba,35.61,140.12,2026-08-17T18:00,2026-08-18,21,2026-08,2026-08-18T21:00,29.8,30.6,31.4,0.0,0.0,0.0
W08,Chiba Chiba,35.61,140.12,2026-08-17T18:00,2026-08-18,22,2026-08,2026-08-18T22:00,30.1,30.9,31.7,0.0,0.0,0.0
W08,Chiba Chiba,35.61,140.12,2026-08-17T18:00,2026-08-18,23,2026-08,2026-08-18T23:00,29.3,30.1,30.9,0.0,0.0,0.0
W09,Ibaraki Tsukuba,36.08,140.08,2026-08-17T18:00,2026-08-18,0,2026-08,2026-08-18T00:00,29.8,30.6,31.4,0.0,0.0,0.0
W09,Ibaraki Tsukuba,36.08,140.08,2026-08-17T18:00,2026-08-18,1,2026-08,2026-08-18T01:00,29.4,30.2,31.0,0.0,0.0,0.0
W09,Ibaraki Tsukuba,36.08,140.08,2026-08-17T18:00,2026-08-18,2,2026-08,2026-08-18T02:00,29.4,30.2,31.0,0.0,0.0,0.0
W09,Ibaraki Tsukuba,36.08,140.08,2026-08-17T18:00,2026-08-18,3,2026-08,2026-08-18T03:00,27.6,28.4,29.2,0.0,0.0,0.0
W09,Ibaraki Tsukuba,36.08,140.08,2026-08-17T18:00,2026-08-18,4,2026-08,2026-08-18T04:00,28.3,29.1,29.9,0.0,0.0,0.0
W09,Ibaraki Tsukuba,36.08,140.08,2026-08-17T18:00,2026-08-18,5,2026-08,2026-08-18T05:00,28.3,29.1,29.9,21.0,27.0,31.0
W09,Ibaraki Tsukuba,36.08,140.08,2026-08-17T18:00,2026-08-18,6,2026-08,2026-08-18T06:00,30.5,31.3,32.1,81.0,104.0,116.0
W09,Ibaraki Tsukuba,36.08,140.08,2026-08-17T18:00,2026-08-18,7,2026-08,2026-08-18T07:00,29.7,30.5,31.3,151.0,193.0,217.0
W09,Ibaraki Tsukuba,36.08,140.08,2026-08-17T18:00,2026-08-18,8,2026-08,2026-08-18T08:00,29.7,30.5,31.3,210.0,269.0,301.0
W09,Ibaraki Tsukuba,36.08,140.08,2026-08-17T18:00,2026-08-18,9,2026-08,2026-08-18T09:00,31.2,32.0,32.8,268.0,344.0,385.0
W09,Ibaraki Tsukuba,36.08,140.08,2026-08-17T18:00,2026-08-18,10,2026-08,2026-08-18T10:00,32.9,33.7,34.5,303.0,388.0,435.0
W09,Ibaraki Tsukuba,36.08,140.08,2026-08-17T18:00,2026-08-18,11,2026-08,2026-08-18T11:00,33.0,33.8,34.6,326.0,418.0,468.0
W09,Ibaraki Tsukuba,36.08,140.08,2026-08-17T18:00,2026-08-18,12,2026-08,2026-08-18T12:00,33.8,34.6,35.4,342.0,438.0,491.0
W09,Ibaraki Tsukuba,36.08,140.08,2026-08-17T18:00,2026-08-18,13,2026-08,2026-08-18T13:00,36.1,36.9,37.7,313.0,402.0,450.0
W09,Ibaraki Tsukuba,36.08,140.08,2026-08-17T18:00,2026-08-18,14,2026-08,2026-08-18T14:00,36.9,37.7,38.5,255.0,327.0,367.0
W09,Ibaraki Tsukuba,36.08,140.08,2026-08-17T18:00,2026-08-18,15,2026-08,2026-08-18T15:00,35.6,36.4,37.2,213.0,274.0,306.0
W09,Ibaraki Tsukuba,36.08,140.08,2026-08-17T18:00,2026-08-18,16,2026-08,2026-08-18T16:00,34.4,35.2,36.0,142.0,183.0,204.0
W09,Ibaraki Tsukuba,36.08,140.08,2026-08-17T18:00,2026-08-18,17,2026-08,2026-08-18T17:00,33.1,33.9,34.7,72.0,92.0,103.0
W09,Ibaraki Tsukuba,36.08,140.08,2026-08-17T18:00,2026-08-18,18,2026-08,2026-08-18T18:00,32.7,33.5,34.3,11.0,14.0,16.0
W09,Ibaraki Tsukuba,36.08,140.08,2026-08-17T18:00,2026-08-18,19,2026-08,2026-08-18T19:00,33.4,34.2,35.0,0.0,0.0,0.0
W09,Ibaraki Tsukuba,36.08,140.08,2026-08-17T18:00,2026-08-18,20,2026-08,2026-08-18T20:00,30.9,31.7,32.5,0.0,0.0,0.0
W09,Ibaraki Tsukuba,36.08,140.08,2026-08-17T18:00,2026-08-18,21,2026-08,2026-08-18T21:00,30.5,31.3,32.1,0.0,0.0,0.0
W09,Ibaraki Tsukuba,36.08,140.08,2026-08-17T18:00,2026-08-18,22,2026-08,2026-08-18T22:00,30.8,31.6,32.4,0.0,0.0,0.0
W09,Ibaraki Tsukuba,36.08,140.08,2026-08-17T18:00,2026-08-18,23,2026-08,2026-08-18T23:00,30.0,30.8,31.6,0.0,0.0,0.0
W10,Gunma Maebashi,36.39,139.06,2026-08-17T18:00,2026-08-18,0,2026-08,2026-08-18T00:00,31.1,31.9,32.7,0.0,0.0,0.0
W10,Gunma Maebashi,36.39,139.06,2026-08-17T18:00,2026-08-18,1,2026-08,2026-08-18T01:00,30.7,31.5,32.3,0.0,0.0,0.0
W10,Gunma Maebashi,36.39,139.06,2026-08-17T18:00,2026-08-18,2,2026-08,2026-08-18T02:00,30.7,31.5,32.3,0.0,0.0,0.0
W10,Gunma Maebashi,36.39,139.06,2026-08-17T18:00,2026-08-18,3,2026-08,2026-08-18T03:00,28.9,29.7,30.5,0.0,0.0,0.0
W10,Gunma Maebashi,36.39,139.06,2026-08-17T18:00,2026-08-18,4,2026-08,2026-08-18T04:00,29.6,30.4,31.2,0.0,0.0,0.0
W10,Gunma Maebashi,36.39,139.06,2026-08-17T18:00,2026-08-18,5,2026-08,2026-08-18T05:00,29.6,30.4,31.2,22.0,29.0,32.0
W10,Gunma Maebashi,36.39,139.06,2026-08-17T18:00,2026-08-18,6,2026-08,2026-08-18T06:00,31.8,32.6,33.4,83.0,107.0,120.0
W10,Gunma Maebashi,36.39,139.06,2026-08-17T18:00,2026-08-18,7,2026-08,2026-08-18T07:00,31.0,31.8,32.6,150.0,193.0,216.0
W10,Gunma Maebashi,36.39,139.06,2026-08-17T18:00,2026-08-18,8,2026-08,2026-08-18T08:00,31.0,31.8,32.6,219.0,281.0,315.0
W10,Gunma Maebashi,36.39,139.06,2026-08-17T18:00,2026-08-18,9,2026-08,2026-08-18T09:00,32.5,33.3,34.1,282.0,361.0,405.0
W10,Gunma Maebashi,36.39,139.06,2026-08-17T18:00,2026-08-18,10,2026-08,2026-08-18T10:00,34.2,35.0,35.8,292.0,374.0,419.0
W10,Gunma Maebashi,36.39,139.06,2026-08-17T18:00,2026-08-18,11,2026-08,2026-08-18T11:00,34.3,35.1,35.9,324.0,415.0,465.0
W10,Gunma Maebashi,36.39,139.06,2026-08-17T18:00,2026-08-18,12,2026-08,2026-08-18T12:00,35.1,35.9,36.7,311.0,399.0,447.0
W10,Gunma Maebashi,36.39,139.06,2026-08-17T18:00,2026-08-18,13,2026-08,2026-08-18T13:00,37.4,38.2,39.0,308.0,394.0,442.0
W10,Gunma Maebashi,36.39,139.06,2026-08-17T18:00,2026-08-18,14,2026-08,2026-08-18T14:00,38.2,39.0,39.8,261.0,334.0,374.0
W10,Gunma Maebashi,36.39,139.06,2026-08-17T18:00,2026-08-18,15,2026-08,2026-08-18T15:00,36.9,37.7,38.5,206.0,264.0,296.0
W10,Gunma Maebashi,36.39,139.06,2026-08-17T18:00,2026-08-18,16,2026-08,2026-08-18T16:00,35.7,36.5,37.3,129.0,166.0,186.0
W10,Gunma Maebashi,36.39,139.06,2026-08-17T18:00,2026-08-18,17,2026-08,2026-08-18T17:00,34.4,35.2,36.0,69.0,88.0,99.0
W10,Gunma Maebashi,36.39,139.06,2026-08-17T18:00,2026-08-18,18,2026-08,2026-08-18T18:00,34.0,34.8,35.6,11.0,14.0,16.0
W10,Gunma Maebashi,36.39,139.06,2026-08-17T18:00,2026-08-18,19,2026-08,2026-08-18T19:00,34.7,35.5,36.3,0.0,0.0,0.0
W10,Gunma Maebashi,36.39,139.06,2026-08-17T18:00,2026-08-18,20,2026-08,2026-08-18T20:00,32.2,33.0,33.8,0.0,0.0,0.0
W10,Gunma Maebashi,36.39,139.06,2026-08-17T18:00,2026-08-18,21,2026-08,2026-08-18T21:00,31.8,32.6,33.4,0.0,0.0,0.0
W10,Gunma Maebashi,36.39,139.06,2026-08-17T18:00,2026-08-18,22,2026-08,2026-08-18T22:00,32.1,32.9,33.7,0.0,0.0,0.0
W10,Gunma Maebashi,36.39,139.06,2026-08-17T18:00,2026-08-18,23,2026-08,2026-08-18T23:00,31.3,32.1,32.9,0.0,0.0,0.0
W01,Tokyo Otemachi,35.69,139.76,2026-08-19T12:00,2026-08-19,0,2026-08,2026-08-19T00:00,30.4,31.2,32.0,0.0,0.0,0.0
W01,Tokyo Otemachi,35.69,139.76,2026-08-19T12:00,2026-08-19,1,2026-08,2026-08-19T01:00,30.1,30.9,31.7,0.0,0.0,0.0
W01,Tokyo Otemachi,35.69,139.76,2026-08-19T12:00,2026-08-19,2,2026-08,2026-08-19T02:00,29.8,30.6,31.4,0.0,0.0,0.0
W01,Tokyo Otemachi,35.69,139.76,2026-08-19T12:00,2026-08-19,3,2026-08,2026-08-19T03:00,29.5,30.3,31.1,0.0,0.0,0.0
W01,Tokyo Otemachi,35.69,139.76,2026-08-19T12:00,2026-08-19,4,2026-08,2026-08-19T04:00,29.2,30.0,30.8,0.0,0.0,0.0
W01,Tokyo Otemachi,35.69,139.76,2026-08-19T12:00,2026-08-19,5,2026-08,2026-08-19T05:00,29.2,30.0,30.8,40.0,51.0,57.0
W01,Tokyo Otemachi,35.69,139.76,2026-08-19T12:00,2026-08-19,6,2026-08,2026-08-19T06:00,30.1,30.9,31.7,151.0,194.0,217.0
W01,Tokyo Otemachi,35.69,139.76,2026-08-19T12:00,2026-08-19,7,2026-08,2026-08-19T07:00,31.0,31.8,32.6,261.0,335.0,375.0
W01,Tokyo Otemachi,35.69,139.76,2026-08-19T12:00,2026-08-19,8,2026-08,2026-08-19T08:00,31.9,32.7,33.5,405.0,519.0,581.0
W01,Tokyo Otemachi,35.69,139.76,2026-08-19T12:00,2026-08-19,9,2026-08,2026-08-19T09:00,32.8,33.6,34.4,508.0,651.0,729.0
W01,Tokyo Otemachi,35.69,139.76,2026-08-19T12:00,2026-08-19,10,2026-08,2026-08-19T10:00,33.7,34.5,35.3,566.0,726.0,813.0
W01,Tokyo Otemachi,35.69,139.76,2026-08-19T12:00,2026-08-19,11,2026-08,2026-08-19T11:00,34.6,35.4,36.2,595.0,762.0,854.0
W01,Tokyo Otemachi,35.69,139.76,2026-08-19T12:00,2026-08-19,12,2026-08,2026-08-19T12:00,35.4,36.2,37.0,600.0,769.0,861.0
W01,Tokyo Otemachi,35.69,139.76,2026-08-19T12:00,2026-08-19,13,2026-08,2026-08-19T13:00,36.3,37.1,37.9,520.0,667.0,747.0
W01,Tokyo Otemachi,35.69,139.76,2026-08-19T12:00,2026-08-19,14,2026-08,2026-08-19T14:00,36.9,37.7,38.5,469.0,601.0,674.0
W01,Tokyo Otemachi,35.69,139.76,2026-08-19T12:00,2026-08-19,15,2026-08,2026-08-19T15:00,36.5,37.3,38.1,379.0,486.0,544.0
W01,Tokyo Otemachi,35.69,139.76,2026-08-19T12:00,2026-08-19,16,2026-08,2026-08-19T16:00,36.1,36.9,37.7,252.0,323.0,362.0
W01,Tokyo Otemachi,35.69,139.76,2026-08-19T12:00,2026-08-19,17,2026-08,2026-08-19T17:00,35.6,36.4,37.2,126.0,162.0,181.0
W01,Tokyo Otemachi,35.69,139.76,2026-08-19T12:00,2026-08-19,18,2026-08,2026-08-19T18:00,35.2,36.0,36.8,20.0,26.0,29.0
W01,Tokyo Otemachi,35.69,139.76,2026-08-19T12:00,2026-08-19,19,2026-08,2026-08-19T19:00,34.8,35.6,36.4,0.0,0.0,0.0
W01,Tokyo Otemachi,35.69,139.76,2026-08-19T12:00,2026-08-19,20,2026-08,2026-08-19T20:00,34.4,35.2,36.0,0.0,0.0,0.0
W01,Tokyo Otemachi,35.69,139.76,2026-08-19T12:00,2026-08-19,21,2026-08,2026-08-19T21:00,34.0,34.8,35.6,0.0,0.0,0.0
W01,Tokyo Otemachi,35.69,139.76,2026-08-19T12:00,2026-08-19,22,2026-08,2026-08-19T22:00,33.5,34.3,35.1,0.0,0.0,0.0
W01,Tokyo Otemachi,35.69,139.76,2026-08-19T12:00,2026-08-19,23,2026-08,2026-08-19T23:00,33.1,33.9,34.7,0.0,0.0,0.0
W02,Tokyo Hachioji,35.66,139.32,2026-08-19T12:00,2026-08-19,0,2026-08,2026-08-19T00:00,31.0,31.8,32.6,0.0,0.0,0.0
W02,Tokyo Hachioji,35.66,139.32,2026-08-19T12:00,2026-08-19,1,2026-08,2026-08-19T01:00,30.7,31.5,32.3,0.0,0.0,0.0
W02,Tokyo Hachioji,35.66,139.32,2026-08-19T12:00,2026-08-19,2,2026-08,2026-08-19T02:00,30.4,31.2,32.0,0.0,0.0,0.0
W02,Tokyo Hachioji,35.66,139.32,2026-08-19T12:00,2026-08-19,3,2026-08,2026-08-19T03:00,30.1,30.9,31.7,0.0,0.0,0.0
W02,Tokyo Hachioji,35.66,139.32,2026-08-19T12:00,2026-08-19,4,2026-08,2026-08-19T04:00,29.8,30.6,31.4,0.0,0.0,0.0
W02,Tokyo Hachioji,35.66,139.32,2026-08-19T12:00,2026-08-19,5,2026-08,2026-08-19T05:00,29.8,30.6,31.4,38.0,48.0,54.0
W02,Tokyo Hachioji,35.66,139.32,2026-08-19T12:00,2026-08-19,6,2026-08,2026-08-19T06:00,30.7,31.5,32.3,150.0,192.0,215.0
W02,Tokyo Hachioji,35.66,139.32,2026-08-19T12:00,2026-08-19,7,2026-08,2026-08-19T07:00,31.6,32.4,33.2,276.0,354.0,397.0
W02,Tokyo Hachioji,35.66,139.32,2026-08-19T12:00,2026-08-19,8,2026-08,2026-08-19T08:00,32.5,33.3,34.1,398.0,511.0,572.0
W02,Tokyo Hachioji,35.66,139.32,2026-08-19T12:00,2026-08-19,9,2026-08,2026-08-19T09:00,33.4,34.2,35.0,489.0,627.0,702.0
W02,Tokyo Hachioji,35.66,139.32,2026-08-19T12:00,2026-08-19,10,2026-08,2026-08-19T10:00,34.3,35.1,35.9,544.0,697.0,781.0
W02,Tokyo Hachioji,35.66,139.32,2026-08-19T12:00,2026-08-19,11,2026-08,2026-08-19T11:00,35.2,36.0,36.8,580.0,743.0,833.0
W02,Tokyo Hachioji,35.66,139.32,2026-08-19T12:00,2026-08-19,12,2026-08,2026-08-19T12:00,36.0,36.8,37.6,620.0,795.0,891.0
W02,Tokyo Hachioji,35.66,139.32,2026-08-19T12:00,2026-08-19,13,2026-08,2026-08-19T13:00,36.9,37.7,38.5,489.0,626.0,702.0
W02,Tokyo Hachioji,35.66,139.32,2026-08-19T12:00,2026-08-19,14,2026-08,2026-08-19T14:00,37.5,38.3,39.1,488.0,626.0,701.0
W02,Tokyo Hachioji,35.66,139.32,2026-08-19T12:00,2026-08-19,15,2026-08,2026-08-19T15:00,37.1,37.9,38.7,363.0,466.0,522.0
W02,Tokyo Hachioji,35.66,139.32,2026-08-19T12:00,2026-08-19,16,2026-08,2026-08-19T16:00,36.7,37.5,38.3,242.0,310.0,347.0
W02,Tokyo Hachioji,35.66,139.32,2026-08-19T12:00,2026-08-19,17,2026-08,2026-08-19T17:00,36.2,37.0,37.8,134.0,172.0,192.0
W02,Tokyo Hachioji,35.66,139.32,2026-08-19T12:00,2026-08-19,18,2026-08,2026-08-19T18:00,35.8,36.6,37.4,21.0,27.0,30.0
W02,Tokyo Hachioji,35.66,139.32,2026-08-19T12:00,2026-08-19,19,2026-08,2026-08-19T19:00,35.4,36.2,37.0,0.0,0.0,0.0
W02,Tokyo Hachioji,35.66,139.32,2026-08-19T12:00,2026-08-19,20,2026-08,2026-08-19T20:00,35.0,35.8,36.6,0.0,0.0,0.0
W02,Tokyo Hachioji,35.66,139.32,2026-08-19T12:00,2026-08-19,21,2026-08,2026-08-19T21:00,34.6,35.4,36.2,0.0,0.0,0.0
W02,Tokyo Hachioji,35.66,139.32,2026-08-19T12:00,2026-08-19,22,2026-08,2026-08-19T22:00,34.1,34.9,35.7,0.0,0.0,0.0
W02,Tokyo Hachioji,35.66,139.32,2026-08-19T12:00,2026-08-19,23,2026-08,2026-08-19T23:00,33.7,34.5,35.3,0.0,0.0,0.0
W03,Kanagawa Yokohama,35.44,139.64,2026-08-19T12:00,2026-08-19,0,2026-08,2026-08-19T00:00,29.5,30.3,31.1,0.0,0.0,0.0
W03,Kanagawa Yokohama,35.44,139.64,2026-08-19T12:00,2026-08-19,1,2026-08,2026-08-19T01:00,29.2,30.0,30.8,0.0,0.0,0.0
W03,Kanagawa Yokohama,35.44,139.64,2026-08-19T12:00,2026-08-19,2,2026-08,2026-08-19T02:00,28.9,29.7,30.5,0.0,0.0,0.0
W03,Kanagawa Yokohama,35.44,139.64,2026-08-19T12:00,2026-08-19,3,2026-08,2026-08-19T03:00,28.6,29.4,30.2,0.0,0.0,0.0
W03,Kanagawa Yokohama,35.44,139.64,2026-08-19T12:00,2026-08-19,4,2026-08,2026-08-19T04:00,28.3,29.1,29.9,0.0,0.0,0.0
W03,Kanagawa Yokohama,35.44,139.64,2026-08-19T12:00,2026-08-19,5,2026-08,2026-08-19T05:00,28.3,29.1,29.9,40.0,52.0,58.0
W03,Kanagawa Yokohama,35.44,139.64,2026-08-19T12:00,2026-08-19,6,2026-08,2026-08-19T06:00,29.2,30.0,30.8,152.0,195.0,219.0
W03,Kanagawa Yokohama,35.44,139.64,2026-08-19T12:00,2026-08-19,7,2026-08,2026-08-19T07:00,30.1,30.9,31.7,283.0,363.0,406.0
W03,Kanagawa Yokohama,35.44,139.64,2026-08-19T12:00,2026-08-19,8,2026-08,2026-08-19T08:00,31.0,31.8,32.6,376.0,482.0,540.0
W03,Kanagawa Yokohama,35.44,139.64,2026-08-19T12:00,2026-08-19,9,2026-08,2026-08-19T09:00,31.9,32.7,33.5,512.0,657.0,736.0
W03,Kanagawa Yokohama,35.44,139.64,2026-08-19T12:00,2026-08-19,10,2026-08,2026-08-19T10:00,32.8,33.6,34.4,570.0,730.0,818.0
W03,Kanagawa Yokohama,35.44,139.64,2026-08-19T12:00,2026-08-19,11,2026-08,2026-08-19T11:00,33.7,34.5,35.3,613.0,786.0,880.0
W03,Kanagawa Yokohama,35.44,139.64,2026-08-19T12:00,2026-08-19,12,2026-08,2026-08-19T12:00,34.5,35.3,36.1,606.0,777.0,870.0
W03,Kanagawa Yokohama,35.44,139.64,2026-08-19T12:00,2026-08-19,13,2026-08,2026-08-19T13:00,35.4,36.2,37.0,525.0,673.0,753.0
W03,Kanagawa Yokohama,35.44,139.64,2026-08-19T12:00,2026-08-19,14,2026-08,2026-08-19T14:00,36.0,36.8,37.6,472.0,605.0,677.0
W03,Kanagawa Yokohama,35.44,139.64,2026-08-19T12:00,2026-08-19,15,2026-08,2026-08-19T15:00,35.6,36.4,37.2,373.0,479.0,536.0
W03,Kanagawa Yokohama,35.44,139.64,2026-08-19T12:00,2026-08-19,16,2026-08,2026-08-19T16:00,35.2,36.0,36.8,261.0,334.0,374.0
W03,Kanagawa Yokohama,35.44,139.64,2026-08-19T12:00,2026-08-19,17,2026-08,2026-08-19T17:00,34.7,35.5,36.3,125.0,160.0,180.0
W03,Kanagawa Yokohama,35.44,139.64,2026-08-19T12:00,2026-08-19,18,2026-08,2026-08-19T18:00,34.3,35.1,35.9,20.0,26.0,29.0
W03,Kanagawa Yokohama,35.44,139.64,2026-08-19T12:00,2026-08-19,19,2026-08,2026-08-19T19:00,33.9,34.7,35.5,0.0,0.0,0.0
W03,Kanagawa Yokohama,35.44,139.64,2026-08-19T12:00,2026-08-19,20,2026-08,2026-08-19T20:00,33.5,34.3,35.1,0.0,0.0,0.0
W03,Kanagawa Yokohama,35.44,139.64,2026-08-19T12:00,2026-08-19,21,2026-08,2026-08-19T21:00,33.1,33.9,34.7,0.0,0.0,0.0
W03,Kanagawa Yokohama,35.44,139.64,2026-08-19T12:00,2026-08-19,22,2026-08,2026-08-19T22:00,32.6,33.4,34.2,0.0,0.0,0.0
W03,Kanagawa Yokohama,35.44,139.64,2026-08-19T12:00,2026-08-19,23,2026-08,2026-08-19T23:00,32.2,33.0,33.8,0.0,0.0,0.0
W04,Kanagawa Sagamihara,35.57,139.37,2026-08-19T12:00,2026-08-19,0,2026-08,2026-08-19T00:00,30.8,31.6,32.4,0.0,0.0,0.0
W04,Kanagawa Sagamihara,35.57,139.37,2026-08-19T12:00,2026-08-19,1,2026-08,2026-08-19T01:00,30.5,31.3,32.1,0.0,0.0,0.0
W04,Kanagawa Sagamihara,35.57,139.37,2026-08-19T12:00,2026-08-19,2,2026-08,2026-08-19T02:00,30.2,31.0,31.8,0.0,0.0,0.0
W04,Kanagawa Sagamihara,35.57,139.37,2026-08-19T12:00,2026-08-19,3,2026-08,2026-08-19T03:00,29.9,30.7,31.5,0.0,0.0,0.0
W04,Kanagawa Sagamihara,35.57,139.37,2026-08-19T12:00,2026-08-19,4,2026-08,2026-08-19T04:00,29.6,30.4,31.2,0.0,0.0,0.0
W04,Kanagawa Sagamihara,35.57,139.37,2026-08-19T12:00,2026-08-19,5,2026-08,2026-08-19T05:00,29.6,30.4,31.2,39.0,50.0,56.0
W04,Kanagawa Sagamihara,35.57,139.37,2026-08-19T12:00,2026-08-19,6,2026-08,2026-08-19T06:00,30.5,31.3,32.1,151.0,194.0,217.0
W04,Kanagawa Sagamihara,35.57,139.37,2026-08-19T12:00,2026-08-19,7,2026-08,2026-08-19T07:00,31.4,32.2,33.0,278.0,356.0,399.0
W04,Kanagawa Sagamihara,35.57,139.37,2026-08-19T12:00,2026-08-19,8,2026-08,2026-08-19T08:00,32.3,33.1,33.9,381.0,488.0,547.0
W04,Kanagawa Sagamihara,35.57,139.37,2026-08-19T12:00,2026-08-19,9,2026-08,2026-08-19T09:00,33.2,34.0,34.8,526.0,674.0,755.0
W04,Kanagawa Sagamihara,35.57,139.37,2026-08-19T12:00,2026-08-19,10,2026-08,2026-08-19T10:00,34.1,34.9,35.7,546.0,700.0,784.0
W04,Kanagawa Sagamihara,35.57,139.37,2026-08-19T12:00,2026-08-19,11,2026-08,2026-08-19T11:00,35.0,35.8,36.6,591.0,758.0,849.0
W04,Kanagawa Sagamihara,35.57,139.37,2026-08-19T12:00,2026-08-19,12,2026-08,2026-08-19T12:00,35.8,36.6,37.4,606.0,777.0,870.0
W04,Kanagawa Sagamihara,35.57,139.37,2026-08-19T12:00,2026-08-19,13,2026-08,2026-08-19T13:00,36.7,37.5,38.3,558.0,716.0,802.0
W04,Kanagawa Sagamihara,35.57,139.37,2026-08-19T12:00,2026-08-19,14,2026-08,2026-08-19T14:00,37.3,38.1,38.9,486.0,623.0,698.0
W04,Kanagawa Sagamihara,35.57,139.37,2026-08-19T12:00,2026-08-19,15,2026-08,2026-08-19T15:00,36.9,37.7,38.5,350.0,449.0,503.0
W04,Kanagawa Sagamihara,35.57,139.37,2026-08-19T12:00,2026-08-19,16,2026-08,2026-08-19T16:00,36.5,37.3,38.1,246.0,315.0,353.0
W04,Kanagawa Sagamihara,35.57,139.37,2026-08-19T12:00,2026-08-19,17,2026-08,2026-08-19T17:00,36.0,36.8,37.6,127.0,163.0,183.0
W04,Kanagawa Sagamihara,35.57,139.37,2026-08-19T12:00,2026-08-19,18,2026-08,2026-08-19T18:00,35.6,36.4,37.2,21.0,26.0,29.0
W04,Kanagawa Sagamihara,35.57,139.37,2026-08-19T12:00,2026-08-19,19,2026-08,2026-08-19T19:00,35.2,36.0,36.8,0.0,0.0,0.0
W04,Kanagawa Sagamihara,35.57,139.37,2026-08-19T12:00,2026-08-19,20,2026-08,2026-08-19T20:00,34.8,35.6,36.4,0.0,0.0,0.0
W04,Kanagawa Sagamihara,35.57,139.37,2026-08-19T12:00,2026-08-19,21,2026-08,2026-08-19T21:00,34.4,35.2,36.0,0.0,0.0,0.0
W04,Kanagawa Sagamihara,35.57,139.37,2026-08-19T12:00,2026-08-19,22,2026-08,2026-08-19T22:00,33.9,34.7,35.5,0.0,0.0,0.0
W04,Kanagawa Sagamihara,35.57,139.37,2026-08-19T12:00,2026-08-19,23,2026-08,2026-08-19T23:00,33.5,34.3,35.1,0.0,0.0,0.0
W05,Saitama Kumagaya,36.15,139.39,2026-08-19T12:00,2026-08-19,0,2026-08,2026-08-19T00:00,32.0,32.8,33.6,0.0,0.0,0.0
W05,Saitama Kumagaya,36.15,139.39,2026-08-19T12:00,2026-08-19,1,2026-08,2026-08-19T01:00,31.7,32.5,33.3,0.0,0.0,0.0
W05,Saitama Kumagaya,36.15,139.39,2026-08-19T12:00,2026-08-19,2,2026-08,2026-08-19T02:00,31.4,32.2,33.0,0.0,0.0,0.0
W05,Saitama Kumagaya,36.15,139.39,2026-08-19T12:00,2026-08-19,3,2026-08,2026-08-19T03:00,31.1,31.9,32.7,0.0,0.0,0.0
W05,Saitama Kumagaya,36.15,139.39,2026-08-19T12:00,2026-08-19,4,2026-08,2026-08-19T04:00,30.8,31.6,32.4,0.0,0.0,0.0
W05,Saitama Kumagaya,36.15,139.39,2026-08-19T12:00,2026-08-19,5,2026-08,2026-08-19T05:00,30.8,31.6,32.4,38.0,49.0,54.0
W05,Saitama Kumagaya,36.15,139.39,2026-08-19T12:00,2026-08-19,6,2026-08,2026-08-19T06:00,31.7,32.5,33.3,151.0,193.0,217.0
W05,Saitama Kumagaya,36.15,139.39,2026-08-19T12:00,2026-08-19,7,2026-08,2026-08-19T07:00,32.6,33.4,34.2,274.0,351.0,393.0
W05,Saitama Kumagaya,36.15,139.39,2026-08-19T12:00,2026-08-19,8,2026-08,2026-08-19T08:00,33.5,34.3,35.1,374.0,480.0,538.0
W05,Saitama Kumagaya,36.15,139.39,2026-08-19T12:00,2026-08-19,9,2026-08,2026-08-19T09:00,34.4,35.2,36.0,496.0,636.0,712.0
W05,Saitama Kumagaya,36.15,139.39,2026-08-19T12:00,2026-08-19,10,2026-08,2026-08-19T10:00,35.3,36.1,36.9,531.0,680.0,762.0
W05,Saitama Kumagaya,36.15,139.39,2026-08-19T12:00,2026-08-19,11,2026-08,2026-08-19T11:00,36.2,37.0,37.8,584.0,749.0,839.0
W05,Saitama Kumagaya,36.15,139.39,2026-08-19T12:00,2026-08-19,12,2026-08,2026-08-19T12:00,37.0,37.8,38.6,572.0,733.0,821.0
W05,Saitama Kumagaya,36.15,139.39,2026-08-19T12:00,2026-08-19,13,2026-08,2026-08-19T13:00,37.9,38.7,39.5,561.0,719.0,805.0
W05,Saitama Kumagaya,36.15,139.39,2026-08-19T12:00,2026-08-19,14,2026-08,2026-08-19T14:00,38.5,39.3,40.1,471.0,604.0,676.0
W05,Saitama Kumagaya,36.15,139.39,2026-08-19T12:00,2026-08-19,15,2026-08,2026-08-19T15:00,38.1,38.9,39.7,362.0,464.0,520.0
W05,Saitama Kumagaya,36.15,139.39,2026-08-19T12:00,2026-08-19,16,2026-08,2026-08-19T16:00,37.7,38.5,39.3,260.0,333.0,373.0
W05,Saitama Kumagaya,36.15,139.39,2026-08-19T12:00,2026-08-19,17,2026-08,2026-08-19T17:00,37.2,38.0,38.8,122.0,156.0,175.0
W05,Saitama Kumagaya,36.15,139.39,2026-08-19T12:00,2026-08-19,18,2026-08,2026-08-19T18:00,36.8,37.6,38.4,21.0,26.0,30.0
W05,Saitama Kumagaya,36.15,139.39,2026-08-19T12:00,2026-08-19,19,2026-08,2026-08-19T19:00,36.4,37.2,38.0,0.0,0.0,0.0
W05,Saitama Kumagaya,36.15,139.39,2026-08-19T12:00,2026-08-19,20,2026-08,2026-08-19T20:00,36.0,36.8,37.6,0.0,0.0,0.0
W05,Saitama Kumagaya,36.15,139.39,2026-08-19T12:00,2026-08-19,21,2026-08,2026-08-19T21:00,35.6,36.4,37.2,0.0,0.0,0.0
W05,Saitama Kumagaya,36.15,139.39,2026-08-19T12:00,2026-08-19,22,2026-08,2026-08-19T22:00,35.1,35.9,36.7,0.0,0.0,0.0
W05,Saitama Kumagaya,36.15,139.39,2026-08-19T12:00,2026-08-19,23,2026-08,2026-08-19T23:00,34.7,35.5,36.3,0.0,0.0,0.0
W06,Saitama Saitama,35.86,139.65,2026-08-19T12:00,2026-08-19,0,2026-08,2026-08-19T00:00,31.2,32.0,32.8,0.0,0.0,0.0
W06,Saitama Saitama,35.86,139.65,2026-08-19T12:00,2026-08-19,1,2026-08,2026-08-19T01:00,30.9,31.7,32.5,0.0,0.0,0.0
W06,Saitama Saitama,35.86,139.65,2026-08-19T12:00,2026-08-19,2,2026-08,2026-08-19T02:00,30.6,31.4,32.2,0.0,0.0,0.0
W06,Saitama Saitama,35.86,139.65,2026-08-19T12:00,2026-08-19,3,2026-08,2026-08-19T03:00,30.3,31.1,31.9,0.0,0.0,0.0
W06,Saitama Saitama,35.86,139.65,2026-08-19T12:00,2026-08-19,4,2026-08,2026-08-19T04:00,30.0,30.8,31.6,0.0,0.0,0.0
W06,Saitama Saitama,35.86,139.65,2026-08-19T12:00,2026-08-19,5,2026-08,2026-08-19T05:00,30.0,30.8,31.6,40.0,52.0,58.0
W06,Saitama Saitama,35.86,139.65,2026-08-19T12:00,2026-08-19,6,2026-08,2026-08-19T06:00,30.9,31.7,32.5,150.0,193.0,216.0
W06,Saitama Saitama,35.86,139.65,2026-08-19T12:00,2026-08-19,7,2026-08,2026-08-19T07:00,31.8,32.6,33.4,258.0,331.0,370.0
W06,Saitama Saitama,35.86,139.65,2026-08-19T12:00,2026-08-19,8,2026-08,2026-08-19T08:00,32.7,33.5,34.3,392.0,502.0,563.0
W06,Saitama Saitama,35.86,139.65,2026-08-19T12:00,2026-08-19,9,2026-08,2026-08-19T09:00,33.6,34.4,35.2,521.0,668.0,749.0
W06,Saitama Saitama,35.86,139.65,2026-08-19T12:00,2026-08-19,10,2026-08,2026-08-19T10:00,34.5,35.3,36.1,528.0,677.0,758.0
W06,Saitama Saitama,35.86,139.65,2026-08-19T12:00,2026-08-19,11,2026-08,2026-08-19T11:00,35.4,36.2,37.0,573.0,734.0,822.0
W06,Saitama Saitama,35.86,139.65,2026-08-19T12:00,2026-08-19,12,2026-08,2026-08-19T12:00,36.2,37.0,37.8,606.0,776.0,869.0
W06,Saitama Saitama,35.86,139.65,2026-08-19T12:00,2026-08-19,13,2026-08,2026-08-19T13:00,37.1,37.9,38.7,536.0,687.0,769.0
W06,Saitama Saitama,35.86,139.65,2026-08-19T12:00,2026-08-19,14,2026-08,2026-08-19T14:00,37.7,38.5,39.3,496.0,636.0,713.0
W06,Saitama Saitama,35.86,139.65,2026-08-19T12:00,2026-08-19,15,2026-08,2026-08-19T15:00,37.3,38.1,38.9,374.0,480.0,538.0
W06,Saitama Saitama,35.86,139.65,2026-08-19T12:00,2026-08-19,16,2026-08,2026-08-19T16:00,36.9,37.7,38.5,250.0,320.0,359.0
W06,Saitama Saitama,35.86,139.65,2026-08-19T12:00,2026-08-19,17,2026-08,2026-08-19T17:00,36.4,37.2,38.0,126.0,161.0,180.0
W06,Saitama Saitama,35.86,139.65,2026-08-19T12:00,2026-08-19,18,2026-08,2026-08-19T18:00,36.0,36.8,37.6,21.0,27.0,30.0
W06,Saitama Saitama,35.86,139.65,2026-08-19T12:00,2026-08-19,19,2026-08,2026-08-19T19:00,35.6,36.4,37.2,0.0,0.0,0.0
W06,Saitama Saitama,35.86,139.65,2026-08-19T12:00,2026-08-19,20,2026-08,2026-08-19T20:00,35.2,36.0,36.8,0.0,0.0,0.0
W06,Saitama Saitama,35.86,139.65,2026-08-19T12:00,2026-08-19,21,2026-08,2026-08-19T21:00,34.8,35.6,36.4,0.0,0.0,0.0
W06,Saitama Saitama,35.86,139.65,2026-08-19T12:00,2026-08-19,22,2026-08,2026-08-19T22:00,34.3,35.1,35.9,0.0,0.0,0.0
W06,Saitama Saitama,35.86,139.65,2026-08-19T12:00,2026-08-19,23,2026-08,2026-08-19T23:00,33.9,34.7,35.5,0.0,0.0,0.0
W07,Chiba Inzai,35.83,140.15,2026-08-19T12:00,2026-08-19,0,2026-08,2026-08-19T00:00,30.2,31.0,31.8,0.0,0.0,0.0
W07,Chiba Inzai,35.83,140.15,2026-08-19T12:00,2026-08-19,1,2026-08,2026-08-19T01:00,29.9,30.7,31.5,0.0,0.0,0.0
W07,Chiba Inzai,35.83,140.15,2026-08-19T12:00,2026-08-19,2,2026-08,2026-08-19T02:00,29.6,30.4,31.2,0.0,0.0,0.0
W07,Chiba Inzai,35.83,140.15,2026-08-19T12:00,2026-08-19,3,2026-08,2026-08-19T03:00,29.3,30.1,30.9,0.0,0.0,0.0
W07,Chiba Inzai,35.83,140.15,2026-08-19T12:00,2026-08-19,4,2026-08,2026-08-19T04:00,29.0,29.8,30.6,0.0,0.0,0.0
W07,Chiba Inzai,35.83,140.15,2026-08-19T12:00,2026-08-19,5,2026-08,2026-08-19T05:00,29.0,29.8,30.6,42.0,53.0,60.0
W07,Chiba Inzai,35.83,140.15,2026-08-19T12:00,2026-08-19,6,2026-08,2026-08-19T06:00,29.9,30.7,31.5,147.0,189.0,211.0
W07,Chiba Inzai,35.83,140.15,2026-08-19T12:00,2026-08-19,7,2026-08,2026-08-19T07:00,30.8,31.6,32.4,280.0,359.0,402.0
W07,Chiba Inzai,35.83,140.15,2026-08-19T12:00,2026-08-19,8,2026-08,2026-08-19T08:00,31.7,32.5,33.3,389.0,499.0,559.0
W07,Chiba Inzai,35.83,140.15,2026-08-19T12:00,2026-08-19,9,2026-08,2026-08-19T09:00,32.6,33.4,34.2,494.0,633.0,709.0
W07,Chiba Inzai,35.83,140.15,2026-08-19T12:00,2026-08-19,10,2026-08,2026-08-19T10:00,33.5,34.3,35.1,555.0,712.0,798.0
W07,Chiba Inzai,35.83,140.15,2026-08-19T12:00,2026-08-19,11,2026-08,2026-08-19T11:00,34.4,35.2,36.0,611.0,783.0,877.0
W07,Chiba Inzai,35.83,140.15,2026-08-19T12:00,2026-08-19,12,2026-08,2026-08-19T12:00,35.2,36.0,36.8,615.0,789.0,884.0
W07,Chiba Inzai,35.83,140.15,2026-08-19T12:00,2026-08-19,13,2026-08,2026-08-19T13:00,36.1,36.9,37.7,535.0,685.0,768.0
W07,Chiba Inzai,35.83,140.15,2026-08-19T12:00,2026-08-19,14,2026-08,2026-08-19T14:00,36.7,37.5,38.3,502.0,644.0,721.0
W07,Chiba Inzai,35.83,140.15,2026-08-19T12:00,2026-08-19,15,2026-08,2026-08-19T15:00,36.3,37.1,37.9,388.0,497.0,556.0
W07,Chiba Inzai,35.83,140.15,2026-08-19T12:00,2026-08-19,16,2026-08,2026-08-19T16:00,35.9,36.7,37.5,256.0,328.0,367.0
W07,Chiba Inzai,35.83,140.15,2026-08-19T12:00,2026-08-19,17,2026-08,2026-08-19T17:00,35.4,36.2,37.0,122.0,157.0,175.0
W07,Chiba Inzai,35.83,140.15,2026-08-19T12:00,2026-08-19,18,2026-08,2026-08-19T18:00,35.0,35.8,36.6,21.0,26.0,30.0
W07,Chiba Inzai,35.83,140.15,2026-08-19T12:00,2026-08-19,19,2026-08,2026-08-19T19:00,34.6,35.4,36.2,0.0,0.0,0.0
W07,Chiba Inzai,35.83,140.15,2026-08-19T12:00,2026-08-19,20,2026-08,2026-08-19T20:00,34.2,35.0,35.8,0.0,0.0,0.0
W07,Chiba Inzai,35.83,140.15,2026-08-19T12:00,2026-08-19,21,2026-08,2026-08-19T21:00,33.8,34.6,35.4,0.0,0.0,0.0
W07,Chiba Inzai,35.83,140.15,2026-08-19T12:00,2026-08-19,22,2026-08,2026-08-19T22:00,33.3,34.1,34.9,0.0,0.0,0.0
W07,Chiba Inzai,35.83,140.15,2026-08-19T12:00,2026-08-19,23,2026-08,2026-08-19T23:00,32.9,33.7,34.5,0.0,0.0,0.0
W08,Chiba Chiba,35.61,140.12,2026-08-19T12:00,2026-08-19,0,2026-08,2026-08-19T00:00,29.6,30.4,31.2,0.0,0.0,0.0
W08,Chiba Chiba,35.61,140.12,2026-08-19T12:00,2026-08-19,1,2026-08,2026-08-19T01:00,29.3,30.1,30.9,0.0,0.0,0.0
W08,Chiba Chiba,35.61,140.12,2026-08-19T12:00,2026-08-19,2,2026-08,2026-08-19T02:00,29.0,29.8,30.6,0.0,0.0,0.0
W08,Chiba Chiba,35.61,140.12,2026-08-19T12:00,2026-08-19,3,2026-08,2026-08-19T03:00,28.7,29.5,30.3,0.0,0.0,0.0
W08,Chiba Chiba,35.61,140.12,2026-08-19T12:00,2026-08-19,4,2026-08,2026-08-19T04:00,28.4,29.2,30.0,0.0,0.0,0.0
W08,Chiba Chiba,35.61,140.12,2026-08-19T12:00,2026-08-19,5,2026-08,2026-08-19T05:00,28.4,29.2,30.0,39.0,50.0,56.0
W08,Chiba Chiba,35.61,140.12,2026-08-19T12:00,2026-08-19,6,2026-08,2026-08-19T06:00,29.3,30.1,30.9,155.0,199.0,223.0
W08,Chiba Chiba,35.61,140.12,2026-08-19T12:00,2026-08-19,7,2026-08,2026-08-19T07:00,30.2,31.0,31.8,271.0,347.0,389.0
W08,Chiba Chiba,35.61,140.12,2026-08-19T12:00,2026-08-19,8,2026-08,2026-08-19T08:00,31.1,31.9,32.7,415.0,533.0,597.0
W08,Chiba Chiba,35.61,140.12,2026-08-19T12:00,2026-08-19,9,2026-08,2026-08-19T09:00,32.0,32.8,33.6,472.0,605.0,678.0
W08,Chiba Chiba,35.61,140.12,2026-08-19T12:00,2026-08-19,10,2026-08,2026-08-19T10:00,32.9,33.7,34.5,543.0,696.0,779.0
W08,Chiba Chiba,35.61,140.12,2026-08-19T12:00,2026-08-19,11,2026-08,2026-08-19T11:00,33.8,34.6,35.4,621.0,796.0,891.0
W08,Chiba Chiba,35.61,140.12,2026-08-19T12:00,2026-08-19,12,2026-08,2026-08-19T12:00,34.6,35.4,36.2,579.0,742.0,831.0
W08,Chiba Chiba,35.61,140.12,2026-08-19T12:00,2026-08-19,13,2026-08,2026-08-19T13:00,35.5,36.3,37.1,548.0,703.0,788.0
W08,Chiba Chiba,35.61,140.12,2026-08-19T12:00,2026-08-19,14,2026-08,2026-08-19T14:00,36.1,36.9,37.7,478.0,613.0,687.0
W08,Chiba Chiba,35.61,140.12,2026-08-19T12:00,2026-08-19,15,2026-08,2026-08-19T15:00,35.7,36.5,37.3,361.0,463.0,519.0
W08,Chiba Chiba,35.61,140.12,2026-08-19T12:00,2026-08-19,16,2026-08,2026-08-19T16:00,35.3,36.1,36.9,246.0,316.0,353.0
W08,Chiba Chiba,35.61,140.12,2026-08-19T12:00,2026-08-19,17,2026-08,2026-08-19T17:00,34.8,35.6,36.4,131.0,168.0,188.0
W08,Chiba Chiba,35.61,140.12,2026-08-19T12:00,2026-08-19,18,2026-08,2026-08-19T18:00,34.4,35.2,36.0,22.0,28.0,32.0
W08,Chiba Chiba,35.61,140.12,2026-08-19T12:00,2026-08-19,19,2026-08,2026-08-19T19:00,34.0,34.8,35.6,0.0,0.0,0.0
W08,Chiba Chiba,35.61,140.12,2026-08-19T12:00,2026-08-19,20,2026-08,2026-08-19T20:00,33.6,34.4,35.2,0.0,0.0,0.0
W08,Chiba Chiba,35.61,140.12,2026-08-19T12:00,2026-08-19,21,2026-08,2026-08-19T21:00,33.2,34.0,34.8,0.0,0.0,0.0
W08,Chiba Chiba,35.61,140.12,2026-08-19T12:00,2026-08-19,22,2026-08,2026-08-19T22:00,32.7,33.5,34.3,0.0,0.0,0.0
W08,Chiba Chiba,35.61,140.12,2026-08-19T12:00,2026-08-19,23,2026-08,2026-08-19T23:00,32.3,33.1,33.9,0.0,0.0,0.0
W09,Ibaraki Tsukuba,36.08,140.08,2026-08-19T12:00,2026-08-19,0,2026-08,2026-08-19T00:00,30.3,31.1,31.9,0.0,0.0,0.0
W09,Ibaraki Tsukuba,36.08,140.08,2026-08-19T12:00,2026-08-19,1,2026-08,2026-08-19T01:00,30.0,30.8,31.6,0.0,0.0,0.0
W09,Ibaraki Tsukuba,36.08,140.08,2026-08-19T12:00,2026-08-19,2,2026-08,2026-08-19T02:00,29.7,30.5,31.3,0.0,0.0,0.0
W09,Ibaraki Tsukuba,36.08,140.08,2026-08-19T12:00,2026-08-19,3,2026-08,2026-08-19T03:00,29.4,30.2,31.0,0.0,0.0,0.0
W09,Ibaraki Tsukuba,36.08,140.08,2026-08-19T12:00,2026-08-19,4,2026-08,2026-08-19T04:00,29.1,29.9,30.7,0.0,0.0,0.0
W09,Ibaraki Tsukuba,36.08,140.08,2026-08-19T12:00,2026-08-19,5,2026-08,2026-08-19T05:00,29.1,29.9,30.7,39.0,50.0,56.0
W09,Ibaraki Tsukuba,36.08,140.08,2026-08-19T12:00,2026-08-19,6,2026-08,2026-08-19T06:00,30.0,30.8,31.6,150.0,192.0,215.0
W09,Ibaraki Tsukuba,36.08,140.08,2026-08-19T12:00,2026-08-19,7,2026-08,2026-08-19T07:00,30.9,31.7,32.5,294.0,377.0,423.0
W09,Ibaraki Tsukuba,36.08,140.08,2026-08-19T12:00,2026-08-19,8,2026-08,2026-08-19T08:00,31.8,32.6,33.4,365.0,467.0,523.0
W09,Ibaraki Tsukuba,36.08,140.08,2026-08-19T12:00,2026-08-19,9,2026-08,2026-08-19T09:00,32.7,33.5,34.3,472.0,606.0,678.0
W09,Ibaraki Tsukuba,36.08,140.08,2026-08-19T12:00,2026-08-19,10,2026-08,2026-08-19T10:00,33.6,34.4,35.2,572.0,734.0,822.0
W09,Ibaraki Tsukuba,36.08,140.08,2026-08-19T12:00,2026-08-19,11,2026-08,2026-08-19T11:00,34.5,35.3,36.1,581.0,744.0,834.0
W09,Ibaraki Tsukuba,36.08,140.08,2026-08-19T12:00,2026-08-19,12,2026-08,2026-08-19T12:00,35.3,36.1,36.9,583.0,747.0,837.0
W09,Ibaraki Tsukuba,36.08,140.08,2026-08-19T12:00,2026-08-19,13,2026-08,2026-08-19T13:00,36.2,37.0,37.8,545.0,699.0,782.0
W09,Ibaraki Tsukuba,36.08,140.08,2026-08-19T12:00,2026-08-19,14,2026-08,2026-08-19T14:00,36.8,37.6,38.4,447.0,573.0,642.0
W09,Ibaraki Tsukuba,36.08,140.08,2026-08-19T12:00,2026-08-19,15,2026-08,2026-08-19T15:00,36.4,37.2,38.0,369.0,473.0,530.0
W09,Ibaraki Tsukuba,36.08,140.08,2026-08-19T12:00,2026-08-19,16,2026-08,2026-08-19T16:00,36.0,36.8,37.6,253.0,324.0,363.0
W09,Ibaraki Tsukuba,36.08,140.08,2026-08-19T12:00,2026-08-19,17,2026-08,2026-08-19T17:00,35.5,36.3,37.1,126.0,161.0,181.0
W09,Ibaraki Tsukuba,36.08,140.08,2026-08-19T12:00,2026-08-19,18,2026-08,2026-08-19T18:00,35.1,35.9,36.7,21.0,27.0,30.0
W09,Ibaraki Tsukuba,36.08,140.08,2026-08-19T12:00,2026-08-19,19,2026-08,2026-08-19T19:00,34.7,35.5,36.3,0.0,0.0,0.0
W09,Ibaraki Tsukuba,36.08,140.08,2026-08-19T12:00,2026-08-19,20,2026-08,2026-08-19T20:00,34.3,35.1,35.9,0.0,0.0,0.0
W09,Ibaraki Tsukuba,36.08,140.08,2026-08-19T12:00,2026-08-19,21,2026-08,2026-08-19T21:00,33.9,34.7,35.5,0.0,0.0,0.0
W09,Ibaraki Tsukuba,36.08,140.08,2026-08-19T12:00,2026-08-19,22,2026-08,2026-08-19T22:00,33.4,34.2,35.0,0.0,0.0,0.0
W09,Ibaraki Tsukuba,36.08,140.08,2026-08-19T12:00,2026-08-19,23,2026-08,2026-08-19T23:00,33.0,33.8,34.6,0.0,0.0,0.0
W10,Gunma Maebashi,36.39,139.06,2026-08-19T12:00,2026-08-19,0,2026-08,2026-08-19T00:00,31.6,32.4,33.2,0.0,0.0,0.0
W10,Gunma Maebashi,36.39,139.06,2026-08-19T12:00,2026-08-19,1,2026-08,2026-08-19T01:00,31.3,32.1,32.9,0.0,0.0,0.0
W10,Gunma Maebashi,36.39,139.06,2026-08-19T12:00,2026-08-19,2,2026-08,2026-08-19T02:00,31.0,31.8,32.6,0.0,0.0,0.0
W10,Gunma Maebashi,36.39,139.06,2026-08-19T12:00,2026-08-19,3,2026-08,2026-08-19T03:00,30.7,31.5,32.3,0.0,0.0,0.0
W10,Gunma Maebashi,36.39,139.06,2026-08-19T12:00,2026-08-19,4,2026-08,2026-08-19T04:00,30.4,31.2,32.0,0.0,0.0,0.0
W10,Gunma Maebashi,36.39,139.06,2026-08-19T12:00,2026-08-19,5,2026-08,2026-08-19T05:00,30.4,31.2,32.0,40.0,51.0,57.0
W10,Gunma Maebashi,36.39,139.06,2026-08-19T12:00,2026-08-19,6,2026-08,2026-08-19T06:00,31.3,32.1,32.9,153.0,196.0,220.0
W10,Gunma Maebashi,36.39,139.06,2026-08-19T12:00,2026-08-19,7,2026-08,2026-08-19T07:00,32.2,33.0,33.8,271.0,348.0,390.0
W10,Gunma Maebashi,36.39,139.06,2026-08-19T12:00,2026-08-19,8,2026-08,2026-08-19T08:00,33.1,33.9,34.7,388.0,497.0,557.0
W10,Gunma Maebashi,36.39,139.06,2026-08-19T12:00,2026-08-19,9,2026-08,2026-08-19T09:00,34.0,34.8,35.6,501.0,642.0,719.0
W10,Gunma Maebashi,36.39,139.06,2026-08-19T12:00,2026-08-19,10,2026-08,2026-08-19T10:00,34.9,35.7,36.5,567.0,727.0,814.0
W10,Gunma Maebashi,36.39,139.06,2026-08-19T12:00,2026-08-19,11,2026-08,2026-08-19T11:00,35.8,36.6,37.4,601.0,770.0,862.0
W10,Gunma Maebashi,36.39,139.06,2026-08-19T12:00,2026-08-19,12,2026-08,2026-08-19T12:00,36.6,37.4,38.2,573.0,735.0,823.0
W10,Gunma Maebashi,36.39,139.06,2026-08-19T12:00,2026-08-19,13,2026-08,2026-08-19T13:00,37.5,38.3,39.1,574.0,735.0,824.0
W10,Gunma Maebashi,36.39,139.06,2026-08-19T12:00,2026-08-19,14,2026-08,2026-08-19T14:00,38.1,38.9,39.7,490.0,628.0,704.0
W10,Gunma Maebashi,36.39,139.06,2026-08-19T12:00,2026-08-19,15,2026-08,2026-08-19T15:00,37.7,38.5,39.3,351.0,451.0,505.0
W10,Gunma Maebashi,36.39,139.06,2026-08-19T12:00,2026-08-19,16,2026-08,2026-08-19T16:00,37.3,38.1,38.9,248.0,318.0,356.0
W10,Gunma Maebashi,36.39,139.06,2026-08-19T12:00,2026-08-19,17,2026-08,2026-08-19T17:00,36.8,37.6,38.4,132.0,169.0,189.0
W10,Gunma Maebashi,36.39,139.06,2026-08-19T12:00,2026-08-19,18,2026-08,2026-08-19T18:00,36.4,37.2,38.0,21.0,27.0,30.0
W10,Gunma Maebashi,36.39,139.06,2026-08-19T12:00,2026-08-19,19,2026-08,2026-08-19T19:00,36.0,36.8,37.6,0.0,0.0,0.0
W10,Gunma Maebashi,36.39,139.06,2026-08-19T12:00,2026-08-19,20,2026-08,2026-08-19T20:00,35.6,36.4,37.2,0.0,0.0,0.0
W10,Gunma Maebashi,36.39,139.06,2026-08-19T12:00,2026-08-19,21,2026-08,2026-08-19T21:00,35.2,36.0,36.8,0.0,0.0,0.0
W10,Gunma Maebashi,36.39,139.06,2026-08-19T12:00,2026-08-19,22,2026-08,2026-08-19T22:00,34.7,35.5,36.3,0.0,0.0,0.0
W10,Gunma Maebashi,36.39,139.06,2026-08-19T12:00,2026-08-19,23,2026-08,2026-08-19T23:00,34.3,35.1,35.9,0.0,0.0,0.0
W01,Tokyo Otemachi,35.69,139.76,2026-08-19T12:00,2026-08-20,0,2026-08,2026-08-20T00:00,29.1,30.1,31.2,0.0,0.0,0.0
W01,Tokyo Otemachi,35.69,139.76,2026-08-19T12:00,2026-08-20,1,2026-08,2026-08-20T01:00,28.3,29.3,30.4,0.0,0.0,0.0
W01,Tokyo Otemachi,35.69,139.76,2026-08-19T12:00,2026-08-20,2,2026-08,2026-08-20T02:00,28.3,29.4,30.4,0.0,0.0,0.0
W01,Tokyo Otemachi,35.69,139.76,2026-08-19T12:00,2026-08-20,3,2026-08,2026-08-20T03:00,28.1,29.2,30.2,0.0,0.0,0.0
W01,Tokyo Otemachi,35.69,139.76,2026-08-19T12:00,2026-08-20,4,2026-08,2026-08-20T04:00,27.8,28.8,29.9,0.0,0.0,0.0
W01,Tokyo Otemachi,35.69,139.76,2026-08-19T12:00,2026-08-20,5,2026-08,2026-08-20T05:00,28.2,29.3,30.3,48.0,62.0,69.0
W01,Tokyo Otemachi,35.69,139.76,2026-08-19T12:00,2026-08-20,6,2026-08,2026-08-20T06:00,29.1,30.1,31.2,174.0,223.0,250.0
W01,Tokyo Otemachi,35.69,139.76,2026-08-19T12:00,2026-08-20,7,2026-08,2026-08-20T07:00,29.6,30.6,31.7,308.0,395.0,442.0
W01,Tokyo Otemachi,35.69,139.76,2026-08-19T12:00,2026-08-20,8,2026-08,2026-08-20T08:00,30.4,31.4,32.5,473.0,606.0,679.0
W01,Tokyo Otemachi,35.69,139.76,2026-08-19T12:00,2026-08-20,9,2026-08,2026-08-20T09:00,31.1,32.2,33.2,591.0,757.0,848.0
W01,Tokyo Otemachi,35.69,139.76,2026-08-19T12:00,2026-08-20,10,2026-08,2026-08-20T10:00,31.5,32.6,33.6,635.0,814.0,912.0
W01,Tokyo Otemachi,35.69,139.76,2026-08-19T12:00,2026-08-20,11,2026-08,2026-08-20T11:00,33.0,34.0,35.1,670.0,859.0,962.0
W01,Tokyo Otemachi,35.69,139.76,2026-08-19T12:00,2026-08-20,12,2026-08,2026-08-20T12:00,33.9,34.9,36.0,679.0,871.0,976.0
W01,Tokyo Otemachi,35.69,139.76,2026-08-19T12:00,2026-08-20,13,2026-08,2026-08-20T13:00,35.5,36.5,37.6,658.0,844.0,945.0
W01,Tokyo Otemachi,35.69,139.76,2026-08-19T12:00,2026-08-20,14,2026-08,2026-08-20T14:00,35.2,36.3,37.3,556.0,712.0,798.0
W01,Tokyo Otemachi,35.69,139.76,2026-08-19T12:00,2026-08-20,15,2026-08,2026-08-20T15:00,34.6,35.7,36.7,446.0,572.0,640.0
W01,Tokyo Otemachi,35.69,139.76,2026-08-19T12:00,2026-08-20,16,2026-08,2026-08-20T16:00,34.2,35.2,36.3,291.0,374.0,418.0
W01,Tokyo Otemachi,35.69,139.76,2026-08-19T12:00,2026-08-20,17,2026-08,2026-08-20T17:00,33.3,34.4,35.4,148.0,189.0,212.0
W01,Tokyo Otemachi,35.69,139.76,2026-08-19T12:00,2026-08-20,18,2026-08,2026-08-20T18:00,33.2,34.2,35.3,23.0,30.0,33.0
W01,Tokyo Otemachi,35.69,139.76,2026-08-19T12:00,2026-08-20,19,2026-08,2026-08-20T19:00,32.0,33.0,34.1,0.0,0.0,0.0
W01,Tokyo Otemachi,35.69,139.76,2026-08-19T12:00,2026-08-20,20,2026-08,2026-08-20T20:00,31.9,33.0,34.0,0.0,0.0,0.0
W01,Tokyo Otemachi,35.69,139.76,2026-08-19T12:00,2026-08-20,21,2026-08,2026-08-20T21:00,30.9,32.0,33.0,0.0,0.0,0.0
W01,Tokyo Otemachi,35.69,139.76,2026-08-19T12:00,2026-08-20,22,2026-08,2026-08-20T22:00,30.4,31.5,32.5,0.0,0.0,0.0
W01,Tokyo Otemachi,35.69,139.76,2026-08-19T12:00,2026-08-20,23,2026-08,2026-08-20T23:00,29.7,30.8,31.8,0.0,0.0,0.0
W02,Tokyo Hachioji,35.66,139.32,2026-08-19T12:00,2026-08-20,0,2026-08,2026-08-20T00:00,29.7,30.7,31.8,0.0,0.0,0.0
W02,Tokyo Hachioji,35.66,139.32,2026-08-19T12:00,2026-08-20,1,2026-08,2026-08-20T01:00,28.9,29.9,31.0,0.0,0.0,0.0
W02,Tokyo Hachioji,35.66,139.32,2026-08-19T12:00,2026-08-20,2,2026-08,2026-08-20T02:00,28.9,30.0,31.0,0.0,0.0,0.0
W02,Tokyo Hachioji,35.66,139.32,2026-08-19T12:00,2026-08-20,3,2026-08,2026-08-20T03:00,28.7,29.8,30.8,0.0,0.0,0.0
W02,Tokyo Hachioji,35.66,139.32,2026-08-19T12:00,2026-08-20,4,2026-08,2026-08-20T04:00,28.4,29.4,30.5,0.0,0.0,0.0
W02,Tokyo Hachioji,35.66,139.32,2026-08-19T12:00,2026-08-20,5,2026-08,2026-08-20T05:00,28.8,29.9,30.9,44.0,56.0,63.0
W02,Tokyo Hachioji,35.66,139.32,2026-08-19T12:00,2026-08-20,6,2026-08,2026-08-20T06:00,29.7,30.7,31.8,175.0,224.0,251.0
W02,Tokyo Hachioji,35.66,139.32,2026-08-19T12:00,2026-08-20,7,2026-08,2026-08-20T07:00,30.2,31.2,32.3,326.0,418.0,468.0
W02,Tokyo Hachioji,35.66,139.32,2026-08-19T12:00,2026-08-20,8,2026-08,2026-08-20T08:00,31.0,32.0,33.1,467.0,599.0,671.0
W02,Tokyo Hachioji,35.66,139.32,2026-08-19T12:00,2026-08-20,9,2026-08,2026-08-20T09:00,31.7,32.8,33.8,553.0,709.0,795.0
W02,Tokyo Hachioji,35.66,139.32,2026-08-19T12:00,2026-08-20,10,2026-08,2026-08-20T10:00,32.1,33.2,34.2,620.0,794.0,890.0
W02,Tokyo Hachioji,35.66,139.32,2026-08-19T12:00,2026-08-20,11,2026-08,2026-08-20T11:00,33.6,34.6,35.7,687.0,881.0,987.0
W02,Tokyo Hachioji,35.66,139.32,2026-08-19T12:00,2026-08-20,12,2026-08,2026-08-20T12:00,34.5,35.5,36.6,681.0,873.0,978.0
W02,Tokyo Hachioji,35.66,139.32,2026-08-19T12:00,2026-08-20,13,2026-08,2026-08-20T13:00,36.1,37.1,38.2,633.0,812.0,909.0
W02,Tokyo Hachioji,35.66,139.32,2026-08-19T12:00,2026-08-20,14,2026-08,2026-08-20T14:00,35.8,36.9,37.9,546.0,701.0,785.0
W02,Tokyo Hachioji,35.66,139.32,2026-08-19T12:00,2026-08-20,15,2026-08,2026-08-20T15:00,35.2,36.3,37.3,422.0,541.0,606.0
W02,Tokyo Hachioji,35.66,139.32,2026-08-19T12:00,2026-08-20,16,2026-08,2026-08-20T16:00,34.8,35.8,36.9,294.0,377.0,423.0
W02,Tokyo Hachioji,35.66,139.32,2026-08-19T12:00,2026-08-20,17,2026-08,2026-08-20T17:00,33.9,35.0,36.0,157.0,201.0,225.0
W02,Tokyo Hachioji,35.66,139.32,2026-08-19T12:00,2026-08-20,18,2026-08,2026-08-20T18:00,33.8,34.8,35.9,23.0,29.0,33.0
W02,Tokyo Hachioji,35.66,139.32,2026-08-19T12:00,2026-08-20,19,2026-08,2026-08-20T19:00,32.6,33.6,34.7,0.0,0.0,0.0
W02,Tokyo Hachioji,35.66,139.32,2026-08-19T12:00,2026-08-20,20,2026-08,2026-08-20T20:00,32.5,33.6,34.6,0.0,0.0,0.0
W02,Tokyo Hachioji,35.66,139.32,2026-08-19T12:00,2026-08-20,21,2026-08,2026-08-20T21:00,31.5,32.6,33.6,0.0,0.0,0.0
W02,Tokyo Hachioji,35.66,139.32,2026-08-19T12:00,2026-08-20,22,2026-08,2026-08-20T22:00,31.0,32.1,33.1,0.0,0.0,0.0
W02,Tokyo Hachioji,35.66,139.32,2026-08-19T12:00,2026-08-20,23,2026-08,2026-08-20T23:00,30.3,31.4,32.4,0.0,0.0,0.0
W03,Kanagawa Yokohama,35.44,139.64,2026-08-19T12:00,2026-08-20,0,2026-08,2026-08-20T00:00,28.2,29.2,30.3,0.0,0.0,0.0
W03,Kanagawa Yokohama,35.44,139.64,2026-08-19T12:00,2026-08-20,1,2026-08,2026-08-20T01:00,27.4,28.4,29.5,0.0,0.0,0.0
W03,Kanagawa Yokohama,35.44,139.64,2026-08-19T12:00,2026-08-20,2,2026-08,2026-08-20T02:00,27.4,28.5,29.5,0.0,0.0,0.0
W03,Kanagawa Yokohama,35.44,139.64,2026-08-19T12:00,2026-08-20,3,2026-08,2026-08-20T03:00,27.2,28.3,29.3,0.0,0.0,0.0
W03,Kanagawa Yokohama,35.44,139.64,2026-08-19T12:00,2026-08-20,4,2026-08,2026-08-20T04:00,26.9,27.9,29.0,0.0,0.0,0.0
W03,Kanagawa Yokohama,35.44,139.64,2026-08-19T12:00,2026-08-20,5,2026-08,2026-08-20T05:00,27.3,28.4,29.4,45.0,58.0,64.0
W03,Kanagawa Yokohama,35.44,139.64,2026-08-19T12:00,2026-08-20,6,2026-08,2026-08-20T06:00,28.2,29.2,30.3,173.0,221.0,248.0
W03,Kanagawa Yokohama,35.44,139.64,2026-08-19T12:00,2026-08-20,7,2026-08,2026-08-20T07:00,28.7,29.7,30.8,311.0,399.0,447.0
W03,Kanagawa Yokohama,35.44,139.64,2026-08-19T12:00,2026-08-20,8,2026-08,2026-08-20T08:00,29.5,30.5,31.6,464.0,595.0,666.0
W03,Kanagawa Yokohama,35.44,139.64,2026-08-19T12:00,2026-08-20,9,2026-08,2026-08-20T09:00,30.2,31.3,32.3,572.0,733.0,821.0
W03,Kanagawa Yokohama,35.44,139.64,2026-08-19T12:00,2026-08-20,10,2026-08,2026-08-20T10:00,30.6,31.7,32.7,657.0,842.0,944.0
W03,Kanagawa Yokohama,35.44,139.64,2026-08-19T12:00,2026-08-20,11,2026-08,2026-08-20T11:00,32.1,33.1,34.2,695.0,891.0,998.0
W03,Kanagawa Yokohama,35.44,139.64,2026-08-19T12:00,2026-08-20,12,2026-08,2026-08-20T12:00,33.0,34.0,35.1,672.0,861.0,965.0
W03,Kanagawa Yokohama,35.44,139.64,2026-08-19T12:00,2026-08-20,13,2026-08,2026-08-20T13:00,34.6,35.6,36.7,645.0,827.0,927.0
W03,Kanagawa Yokohama,35.44,139.64,2026-08-19T12:00,2026-08-20,14,2026-08,2026-08-20T14:00,34.3,35.4,36.4,560.0,719.0,805.0
W03,Kanagawa Yokohama,35.44,139.64,2026-08-19T12:00,2026-08-20,15,2026-08,2026-08-20T15:00,33.7,34.8,35.8,420.0,538.0,602.0
W03,Kanagawa Yokohama,35.44,139.64,2026-08-19T12:00,2026-08-20,16,2026-08,2026-08-20T16:00,33.3,34.3,35.4,275.0,352.0,395.0
W03,Kanagawa Yokohama,35.44,139.64,2026-08-19T12:00,2026-08-20,17,2026-08,2026-08-20T17:00,32.4,33.5,34.5,145.0,186.0,209.0
W03,Kanagawa Yokohama,35.44,139.64,2026-08-19T12:00,2026-08-20,18,2026-08,2026-08-20T18:00,32.3,33.3,34.4,24.0,31.0,35.0
W03,Kanagawa Yokohama,35.44,139.64,2026-08-19T12:00,2026-08-20,19,2026-08,2026-08-20T19:00,31.1,32.1,33.2,0.0,0.0,0.0
W03,Kanagawa Yokohama,35.44,139.64,2026-08-19T12:00,2026-08-20,20,2026-08,2026-08-20T20:00,31.0,32.1,33.1,0.0,0.0,0.0
W03,Kanagawa Yokohama,35.44,139.64,2026-08-19T12:00,2026-08-20,21,2026-08,2026-08-20T21:00,30.0,31.1,32.1,0.0,0.0,0.0
W03,Kanagawa Yokohama,35.44,139.64,2026-08-19T12:00,2026-08-20,22,2026-08,2026-08-20T22:00,29.5,30.6,31.6,0.0,0.0,0.0
W03,Kanagawa Yokohama,35.44,139.64,2026-08-19T12:00,2026-08-20,23,2026-08,2026-08-20T23:00,28.8,29.9,30.9,0.0,0.0,0.0
W04,Kanagawa Sagamihara,35.57,139.37,2026-08-19T12:00,2026-08-20,0,2026-08,2026-08-20T00:00,29.5,30.5,31.6,0.0,0.0,0.0
W04,Kanagawa Sagamihara,35.57,139.37,2026-08-19T12:00,2026-08-20,1,2026-08,2026-08-20T01:00,28.7,29.7,30.8,0.0,0.0,0.0
W04,Kanagawa Sagamihara,35.57,139.37,2026-08-19T12:00,2026-08-20,2,2026-08,2026-08-20T02:00,28.7,29.8,30.8,0.0,0.0,0.0
W04,Kanagawa Sagamihara,35.57,139.37,2026-08-19T12:00,2026-08-20,3,2026-08,2026-08-20T03:00,28.5,29.6,30.6,0.0,0.0,0.0
W04,Kanagawa Sagamihara,35.57,139.37,2026-08-19T12:00,2026-08-20,4,2026-08,2026-08-20T04:00,28.2,29.2,30.3,0.0,0.0,0.0
W04,Kanagawa Sagamihara,35.57,139.37,2026-08-19T12:00,2026-08-20,5,2026-08,2026-08-20T05:00,28.6,29.7,30.7,44.0,57.0,64.0
W04,Kanagawa Sagamihara,35.57,139.37,2026-08-19T12:00,2026-08-20,6,2026-08,2026-08-20T06:00,29.5,30.5,31.6,170.0,218.0,245.0
W04,Kanagawa Sagamihara,35.57,139.37,2026-08-19T12:00,2026-08-20,7,2026-08,2026-08-20T07:00,30.0,31.0,32.1,320.0,411.0,460.0
W04,Kanagawa Sagamihara,35.57,139.37,2026-08-19T12:00,2026-08-20,8,2026-08,2026-08-20T08:00,30.8,31.8,32.9,437.0,561.0,628.0
W04,Kanagawa Sagamihara,35.57,139.37,2026-08-19T12:00,2026-08-20,9,2026-08,2026-08-20T09:00,31.5,32.6,33.6,573.0,735.0,823.0
W04,Kanagawa Sagamihara,35.57,139.37,2026-08-19T12:00,2026-08-20,10,2026-08,2026-08-20T10:00,31.9,33.0,34.0,633.0,811.0,908.0
W04,Kanagawa Sagamihara,35.57,139.37,2026-08-19T12:00,2026-08-20,11,2026-08,2026-08-20T11:00,33.4,34.4,35.5,689.0,884.0,990.0
W04,Kanagawa Sagamihara,35.57,139.37,2026-08-19T12:00,2026-08-20,12,2026-08,2026-08-20T12:00,34.3,35.3,36.4,676.0,866.0,970.0
W04,Kanagawa Sagamihara,35.57,139.37,2026-08-19T12:00,2026-08-20,13,2026-08,2026-08-20T13:00,35.9,36.9,38.0,645.0,828.0,927.0
W04,Kanagawa Sagamihara,35.57,139.37,2026-08-19T12:00,2026-08-20,14,2026-08,2026-08-20T14:00,35.6,36.7,37.7,531.0,681.0,763.0
W04,Kanagawa Sagamihara,35.57,139.37,2026-08-19T12:00,2026-08-20,15,2026-08,2026-08-20T15:00,35.0,36.1,37.1,425.0,545.0,610.0
W04,Kanagawa Sagamihara,35.57,139.37,2026-08-19T12:00,2026-08-20,16,2026-08,2026-08-20T16:00,34.6,35.6,36.7,300.0,385.0,431.0
W04,Kanagawa Sagamihara,35.57,139.37,2026-08-19T12:00,2026-08-20,17,2026-08,2026-08-20T17:00,33.7,34.8,35.8,150.0,192.0,215.0
W04,Kanagawa Sagamihara,35.57,139.37,2026-08-19T12:00,2026-08-20,18,2026-08,2026-08-20T18:00,33.6,34.6,35.7,23.0,30.0,34.0
W04,Kanagawa Sagamihara,35.57,139.37,2026-08-19T12:00,2026-08-20,19,2026-08,2026-08-20T19:00,32.4,33.4,34.5,0.0,0.0,0.0
W04,Kanagawa Sagamihara,35.57,139.37,2026-08-19T12:00,2026-08-20,20,2026-08,2026-08-20T20:00,32.3,33.4,34.4,0.0,0.0,0.0
W04,Kanagawa Sagamihara,35.57,139.37,2026-08-19T12:00,2026-08-20,21,2026-08,2026-08-20T21:00,31.3,32.4,33.4,0.0,0.0,0.0
W04,Kanagawa Sagamihara,35.57,139.37,2026-08-19T12:00,2026-08-20,22,2026-08,2026-08-20T22:00,30.8,31.9,32.9,0.0,0.0,0.0
W04,Kanagawa Sagamihara,35.57,139.37,2026-08-19T12:00,2026-08-20,23,2026-08,2026-08-20T23:00,30.1,31.2,32.2,0.0,0.0,0.0
W05,Saitama Kumagaya,36.15,139.39,2026-08-19T12:00,2026-08-20,0,2026-08,2026-08-20T00:00,30.7,31.7,32.8,0.0,0.0,0.0
W05,Saitama Kumagaya,36.15,139.39,2026-08-19T12:00,2026-08-20,1,2026-08,2026-08-20T01:00,29.9,30.9,32.0,0.0,0.0,0.0
W05,Saitama Kumagaya,36.15,139.39,2026-08-19T12:00,2026-08-20,2,2026-08,2026-08-20T02:00,29.9,31.0,32.0,0.0,0.0,0.0
W05,Saitama Kumagaya,36.15,139.39,2026-08-19T12:00,2026-08-20,3,2026-08,2026-08-20T03:00,29.7,30.8,31.8,0.0,0.0,0.0
W05,Saitama Kumagaya,36.15,139.39,2026-08-19T12:00,2026-08-20,4,2026-08,2026-08-20T04:00,29.4,30.4,31.5,0.0,0.0,0.0
W05,Saitama Kumagaya,36.15,139.39,2026-08-19T12:00,2026-08-20,5,2026-08,2026-08-20T05:00,29.8,30.9,31.9,43.0,55.0,62.0
W05,Saitama Kumagaya,36.15,139.39,2026-08-19T12:00,2026-08-20,6,2026-08,2026-08-20T06:00,30.7,31.7,32.8,181.0,232.0,260.0
W05,Saitama Kumagaya,36.15,139.39,2026-08-19T12:00,2026-08-20,7,2026-08,2026-08-20T07:00,31.2,32.2,33.3,322.0,413.0,462.0
W05,Saitama Kumagaya,36.15,139.39,2026-08-19T12:00,2026-08-20,8,2026-08,2026-08-20T08:00,32.0,33.0,34.1,440.0,564.0,632.0
W05,Saitama Kumagaya,36.15,139.39,2026-08-19T12:00,2026-08-20,9,2026-08,2026-08-20T09:00,32.7,33.8,34.8,581.0,745.0,834.0
W05,Saitama Kumagaya,36.15,139.39,2026-08-19T12:00,2026-08-20,10,2026-08,2026-08-20T10:00,33.1,34.2,35.2,651.0,835.0,935.0
W05,Saitama Kumagaya,36.15,139.39,2026-08-19T12:00,2026-08-20,11,2026-08,2026-08-20T11:00,34.6,35.6,36.7,713.0,914.0,1023.0
W05,Saitama Kumagaya,36.15,139.39,2026-08-19T12:00,2026-08-20,12,2026-08,2026-08-20T12:00,35.5,36.5,37.6,674.0,865.0,968.0
W05,Saitama Kumagaya,36.15,139.39,2026-08-19T12:00,2026-08-20,13,2026-08,2026-08-20T13:00,37.1,38.1,39.2,636.0,816.0,913.0
W05,Saitama Kumagaya,36.15,139.39,2026-08-19T12:00,2026-08-20,14,2026-08,2026-08-20T14:00,36.8,37.9,38.9,550.0,706.0,790.0
W05,Saitama Kumagaya,36.15,139.39,2026-08-19T12:00,2026-08-20,15,2026-08,2026-08-20T15:00,36.2,37.3,38.3,425.0,545.0,610.0
W05,Saitama Kumagaya,36.15,139.39,2026-08-19T12:00,2026-08-20,16,2026-08,2026-08-20T16:00,35.8,36.8,37.9,288.0,369.0,414.0
W05,Saitama Kumagaya,36.15,139.39,2026-08-19T12:00,2026-08-20,17,2026-08,2026-08-20T17:00,34.9,36.0,37.0,159.0,204.0,229.0
W05,Saitama Kumagaya,36.15,139.39,2026-08-19T12:00,2026-08-20,18,2026-08,2026-08-20T18:00,34.8,35.8,36.9,25.0,32.0,36.0
W05,Saitama Kumagaya,36.15,139.39,2026-08-19T12:00,2026-08-20,19,2026-08,2026-08-20T19:00,33.6,34.6,35.7,0.0,0.0,0.0
W05,Saitama Kumagaya,36.15,139.39,2026-08-19T12:00,2026-08-20,20,2026-08,2026-08-20T20:00,33.5,34.6,35.6,0.0,0.0,0.0
W05,Saitama Kumagaya,36.15,139.39,2026-08-19T12:00,2026-08-20,21,2026-08,2026-08-20T21:00,32.5,33.6,34.6,0.0,0.0,0.0
W05,Saitama Kumagaya,36.15,139.39,2026-08-19T12:00,2026-08-20,22,2026-08,2026-08-20T22:00,32.0,33.1,34.1,0.0,0.0,0.0
W05,Saitama Kumagaya,36.15,139.39,2026-08-19T12:00,2026-08-20,23,2026-08,2026-08-20T23:00,31.3,32.4,33.4,0.0,0.0,0.0
W06,Saitama Saitama,35.86,139.65,2026-08-19T12:00,2026-08-20,0,2026-08,2026-08-20T00:00,29.9,30.9,32.0,0.0,0.0,0.0
W06,Saitama Saitama,35.86,139.65,2026-08-19T12:00,2026-08-20,1,2026-08,2026-08-20T01:00,29.1,30.1,31.2,0.0,0.0,0.0
W06,Saitama Saitama,35.86,139.65,2026-08-19T12:00,2026-08-20,2,2026-08,2026-08-20T02:00,29.1,30.2,31.2,0.0,0.0,0.0
W06,Saitama Saitama,35.86,139.65,2026-08-19T12:00,2026-08-20,3,2026-08,2026-08-20T03:00,28.9,30.0,31.0,0.0,0.0,0.0
W06,Saitama Saitama,35.86,139.65,2026-08-19T12:00,2026-08-20,4,2026-08,2026-08-20T04:00,28.6,29.6,30.7,0.0,0.0,0.0
W06,Saitama Saitama,35.86,139.65,2026-08-19T12:00,2026-08-20,5,2026-08,2026-08-20T05:00,29.0,30.1,31.1,48.0,61.0,69.0
W06,Saitama Saitama,35.86,139.65,2026-08-19T12:00,2026-08-20,6,2026-08,2026-08-20T06:00,29.9,30.9,32.0,167.0,215.0,240.0
W06,Saitama Saitama,35.86,139.65,2026-08-19T12:00,2026-08-20,7,2026-08,2026-08-20T07:00,30.4,31.4,32.5,327.0,419.0,470.0
W06,Saitama Saitama,35.86,139.65,2026-08-19T12:00,2026-08-20,8,2026-08,2026-08-20T08:00,31.2,32.2,33.3,452.0,579.0,649.0
W06,Saitama Saitama,35.86,139.65,2026-08-19T12:00,2026-08-20,9,2026-08,2026-08-20T09:00,31.9,33.0,34.0,565.0,724.0,811.0
W06,Saitama Saitama,35.86,139.65,2026-08-19T12:00,2026-08-20,10,2026-08,2026-08-20T10:00,32.3,33.4,34.4,612.0,785.0,879.0
W06,Saitama Saitama,35.86,139.65,2026-08-19T12:00,2026-08-20,11,2026-08,2026-08-20T11:00,33.8,34.8,35.9,699.0,897.0,1004.0
W06,Saitama Saitama,35.86,139.65,2026-08-19T12:00,2026-08-20,12,2026-08,2026-08-20T12:00,34.7,35.7,36.8,649.0,832.0,932.0
W06,Saitama Saitama,35.86,139.65,2026-08-19T12:00,2026-08-20,13,2026-08,2026-08-20T13:00,36.3,37.3,38.4,659.0,845.0,946.0
W06,Saitama Saitama,35.86,139.65,2026-08-19T12:00,2026-08-20,14,2026-08,2026-08-20T14:00,36.0,37.1,38.1,579.0,742.0,831.0
W06,Saitama Saitama,35.86,139.65,2026-08-19T12:00,2026-08-20,15,2026-08,2026-08-20T15:00,35.4,36.5,37.5,409.0,524.0,587.0
W06,Saitama Saitama,35.86,139.65,2026-08-19T12:00,2026-08-20,16,2026-08,2026-08-20T16:00,35.0,36.0,37.1,297.0,381.0,426.0
W06,Saitama Saitama,35.86,139.65,2026-08-19T12:00,2026-08-20,17,2026-08,2026-08-20T17:00,34.1,35.2,36.2,146.0,188.0,210.0
W06,Saitama Saitama,35.86,139.65,2026-08-19T12:00,2026-08-20,18,2026-08,2026-08-20T18:00,34.0,35.0,36.1,24.0,30.0,34.0
W06,Saitama Saitama,35.86,139.65,2026-08-19T12:00,2026-08-20,19,2026-08,2026-08-20T19:00,32.8,33.8,34.9,0.0,0.0,0.0
W06,Saitama Saitama,35.86,139.65,2026-08-19T12:00,2026-08-20,20,2026-08,2026-08-20T20:00,32.7,33.8,34.8,0.0,0.0,0.0
W06,Saitama Saitama,35.86,139.65,2026-08-19T12:00,2026-08-20,21,2026-08,2026-08-20T21:00,31.7,32.8,33.8,0.0,0.0,0.0
W06,Saitama Saitama,35.86,139.65,2026-08-19T12:00,2026-08-20,22,2026-08,2026-08-20T22:00,31.2,32.3,33.3,0.0,0.0,0.0
W06,Saitama Saitama,35.86,139.65,2026-08-19T12:00,2026-08-20,23,2026-08,2026-08-20T23:00,30.5,31.6,32.6,0.0,0.0,0.0
W07,Chiba Inzai,35.83,140.15,2026-08-19T12:00,2026-08-20,0,2026-08,2026-08-20T00:00,28.9,29.9,31.0,0.0,0.0,0.0
W07,Chiba Inzai,35.83,140.15,2026-08-19T12:00,2026-08-20,1,2026-08,2026-08-20T01:00,28.1,29.1,30.2,0.0,0.0,0.0
W07,Chiba Inzai,35.83,140.15,2026-08-19T12:00,2026-08-20,2,2026-08,2026-08-20T02:00,28.1,29.2,30.2,0.0,0.0,0.0
W07,Chiba Inzai,35.83,140.15,2026-08-19T12:00,2026-08-20,3,2026-08,2026-08-20T03:00,27.9,29.0,30.0,0.0,0.0,0.0
W07,Chiba Inzai,35.83,140.15,2026-08-19T12:00,2026-08-20,4,2026-08,2026-08-20T04:00,27.6,28.6,29.7,0.0,0.0,0.0
W07,Chiba Inzai,35.83,140.15,2026-08-19T12:00,2026-08-20,5,2026-08,2026-08-20T05:00,28.0,29.1,30.1,44.0,56.0,63.0
W07,Chiba Inzai,35.83,140.15,2026-08-19T12:00,2026-08-20,6,2026-08,2026-08-20T06:00,28.9,29.9,31.0,180.0,231.0,259.0
W07,Chiba Inzai,35.83,140.15,2026-08-19T12:00,2026-08-20,7,2026-08,2026-08-20T07:00,29.4,30.4,31.5,319.0,409.0,458.0
W07,Chiba Inzai,35.83,140.15,2026-08-19T12:00,2026-08-20,8,2026-08,2026-08-20T08:00,30.2,31.2,32.3,476.0,610.0,683.0
W07,Chiba Inzai,35.83,140.15,2026-08-19T12:00,2026-08-20,9,2026-08,2026-08-20T09:00,30.9,32.0,33.0,580.0,743.0,833.0
W07,Chiba Inzai,35.83,140.15,2026-08-19T12:00,2026-08-20,10,2026-08,2026-08-20T10:00,31.3,32.4,33.4,655.0,839.0,940.0
W07,Chiba Inzai,35.83,140.15,2026-08-19T12:00,2026-08-20,11,2026-08,2026-08-20T11:00,32.8,33.8,34.9,697.0,894.0,1001.0
W07,Chiba Inzai,35.83,140.15,2026-08-19T12:00,2026-08-20,12,2026-08,2026-08-20T12:00,33.7,34.7,35.8,700.0,898.0,1005.0
W07,Chiba Inzai,35.83,140.15,2026-08-19T12:00,2026-08-20,13,2026-08,2026-08-20T13:00,35.3,36.3,37.4,649.0,832.0,932.0
W07,Chiba Inzai,35.83,140.15,2026-08-19T12:00,2026-08-20,14,2026-08,2026-08-20T14:00,35.0,36.1,37.1,559.0,717.0,803.0
W07,Chiba Inzai,35.83,140.15,2026-08-19T12:00,2026-08-20,15,2026-08,2026-08-20T15:00,34.4,35.5,36.5,424.0,543.0,609.0
W07,Chiba Inzai,35.83,140.15,2026-08-19T12:00,2026-08-20,16,2026-08,2026-08-20T16:00,34.0,35.0,36.1,284.0,364.0,407.0
W07,Chiba Inzai,35.83,140.15,2026-08-19T12:00,2026-08-20,17,2026-08,2026-08-20T17:00,33.1,34.2,35.2,147.0,189.0,211.0
W07,Chiba Inzai,35.83,140.15,2026-08-19T12:00,2026-08-20,18,2026-08,2026-08-20T18:00,33.0,34.0,35.1,23.0,29.0,33.0
W07,Chiba Inzai,35.83,140.15,2026-08-19T12:00,2026-08-20,19,2026-08,2026-08-20T19:00,31.8,32.8,33.9,0.0,0.0,0.0
W07,Chiba Inzai,35.83,140.15,2026-08-19T12:00,2026-08-20,20,2026-08,2026-08-20T20:00,31.7,32.8,33.8,0.0,0.0,0.0
W07,Chiba Inzai,35.83,140.15,2026-08-19T12:00,2026-08-20,21,2026-08,2026-08-20T21:00,30.7,31.8,32.8,0.0,0.0,0.0
W07,Chiba Inzai,35.83,140.15,2026-08-19T12:00,2026-08-20,22,2026-08,2026-08-20T22:00,30.2,31.3,32.3,0.0,0.0,0.0
W07,Chiba Inzai,35.83,140.15,2026-08-19T12:00,2026-08-20,23,2026-08,2026-08-20T23:00,29.5,30.6,31.6,0.0,0.0,0.0
W08,Chiba Chiba,35.61,140.12,2026-08-19T12:00,2026-08-20,0,2026-08,2026-08-20T00:00,28.3,29.3,30.4,0.0,0.0,0.0
W08,Chiba Chiba,35.61,140.12,2026-08-19T12:00,2026-08-20,1,2026-08,2026-08-20T01:00,27.5,28.5,29.6,0.0,0.0,0.0
W08,Chiba Chiba,35.61,140.12,2026-08-19T12:00,2026-08-20,2,2026-08,2026-08-20T02:00,27.5,28.6,29.6,0.0,0.0,0.0
W08,Chiba Chiba,35.61,140.12,2026-08-19T12:00,2026-08-20,3,2026-08,2026-08-20T03:00,27.3,28.4,29.4,0.0,0.0,0.0
W08,Chiba Chiba,35.61,140.12,2026-08-19T12:00,2026-08-20,4,2026-08,2026-08-20T04:00,27.0,28.0,29.1,0.0,0.0,0.0
W08,Chiba Chiba,35.61,140.12,2026-08-19T12:00,2026-08-20,5,2026-08,2026-08-20T05:00,27.4,28.5,29.5,43.0,56.0,62.0
W08,Chiba Chiba,35.61,140.12,2026-08-19T12:00,2026-08-20,6,2026-08,2026-08-20T06:00,28.3,29.3,30.4,162.0,207.0,232.0
W08,Chiba Chiba,35.61,140.12,2026-08-19T12:00,2026-08-20,7,2026-08,2026-08-20T07:00,28.8,29.8,30.9,313.0,402.0,450.0
W08,Chiba Chiba,35.61,140.12,2026-08-19T12:00,2026-08-20,8,2026-08,2026-08-20T08:00,29.6,30.6,31.7,454.0,582.0,652.0
W08,Chiba Chiba,35.61,140.12,2026-08-19T12:00,2026-08-20,9,2026-08,2026-08-20T09:00,30.3,31.4,32.4,559.0,717.0,803.0
W08,Chiba Chiba,35.61,140.12,2026-08-19T12:00,2026-08-20,10,2026-08,2026-08-20T10:00,30.7,31.8,32.8,656.0,842.0,943.0
W08,Chiba Chiba,35.61,140.12,2026-08-19T12:00,2026-08-20,11,2026-08,2026-08-20T11:00,32.2,33.2,34.3,679.0,870.0,975.0
W08,Chiba Chiba,35.61,140.12,2026-08-19T12:00,2026-08-20,12,2026-08,2026-08-20T12:00,33.1,34.1,35.2,702.0,900.0,1008.0
W08,Chiba Chiba,35.61,140.12,2026-08-19T12:00,2026-08-20,13,2026-08,2026-08-20T13:00,34.7,35.7,36.8,615.0,788.0,883.0
W08,Chiba Chiba,35.61,140.12,2026-08-19T12:00,2026-08-20,14,2026-08,2026-08-20T14:00,34.4,35.5,36.5,553.0,709.0,795.0
W08,Chiba Chiba,35.61,140.12,2026-08-19T12:00,2026-08-20,15,2026-08,2026-08-20T15:00,33.8,34.9,35.9,419.0,537.0,602.0
W08,Chiba Chiba,35.61,140.12,2026-08-19T12:00,2026-08-20,16,2026-08,2026-08-20T16:00,33.4,34.4,35.5,285.0,365.0,409.0
W08,Chiba Chiba,35.61,140.12,2026-08-19T12:00,2026-08-20,17,2026-08,2026-08-20T17:00,32.5,33.6,34.6,149.0,192.0,215.0
W08,Chiba Chiba,35.61,140.12,2026-08-19T12:00,2026-08-20,18,2026-08,2026-08-20T18:00,32.4,33.4,34.5,24.0,31.0,35.0
W08,Chiba Chiba,35.61,140.12,2026-08-19T12:00,2026-08-20,19,2026-08,2026-08-20T19:00,31.2,32.2,33.3,0.0,0.0,0.0
W08,Chiba Chiba,35.61,140.12,2026-08-19T12:00,2026-08-20,20,2026-08,2026-08-20T20:00,31.1,32.2,33.2,0.0,0.0,0.0
W08,Chiba Chiba,35.61,140.12,2026-08-19T12:00,2026-08-20,21,2026-08,2026-08-20T21:00,30.1,31.2,32.2,0.0,0.0,0.0
W08,Chiba Chiba,35.61,140.12,2026-08-19T12:00,2026-08-20,22,2026-08,2026-08-20T22:00,29.6,30.7,31.7,0.0,0.0,0.0
W08,Chiba Chiba,35.61,140.12,2026-08-19T12:00,2026-08-20,23,2026-08,2026-08-20T23:00,28.9,30.0,31.0,0.0,0.0,0.0
W09,Ibaraki Tsukuba,36.08,140.08,2026-08-19T12:00,2026-08-20,0,2026-08,2026-08-20T00:00,29.0,30.0,31.1,0.0,0.0,0.0
W09,Ibaraki Tsukuba,36.08,140.08,2026-08-19T12:00,2026-08-20,1,2026-08,2026-08-20T01:00,28.2,29.2,30.3,0.0,0.0,0.0
W09,Ibaraki Tsukuba,36.08,140.08,2026-08-19T12:00,2026-08-20,2,2026-08,2026-08-20T02:00,28.2,29.3,30.3,0.0,0.0,0.0
W09,Ibaraki Tsukuba,36.08,140.08,2026-08-19T12:00,2026-08-20,3,2026-08,2026-08-20T03:00,28.0,29.1,30.1,0.0,0.0,0.0
W09,Ibaraki Tsukuba,36.08,140.08,2026-08-19T12:00,2026-08-20,4,2026-08,2026-08-20T04:00,27.7,28.7,29.8,0.0,0.0,0.0
W09,Ibaraki Tsukuba,36.08,140.08,2026-08-19T12:00,2026-08-20,5,2026-08,2026-08-20T05:00,28.1,29.2,30.2,45.0,58.0,65.0
W09,Ibaraki Tsukuba,36.08,140.08,2026-08-19T12:00,2026-08-20,6,2026-08,2026-08-20T06:00,29.0,30.0,31.1,178.0,228.0,255.0
W09,Ibaraki Tsukuba,36.08,140.08,2026-08-19T12:00,2026-08-20,7,2026-08,2026-08-20T07:00,29.5,30.5,31.6,331.0,424.0,475.0
W09,Ibaraki Tsukuba,36.08,140.08,2026-08-19T12:00,2026-08-20,8,2026-08,2026-08-20T08:00,30.3,31.3,32.4,466.0,597.0,669.0
W09,Ibaraki Tsukuba,36.08,140.08,2026-08-19T12:00,2026-08-20,9,2026-08,2026-08-20T09:00,31.0,32.1,33.1,593.0,761.0,852.0
W09,Ibaraki Tsukuba,36.08,140.08,2026-08-19T12:00,2026-08-20,10,2026-08,2026-08-20T10:00,31.4,32.5,33.5,659.0,845.0,947.0
W09,Ibaraki Tsukuba,36.08,140.08,2026-08-19T12:00,2026-08-20,11,2026-08,2026-08-20T11:00,32.9,33.9,35.0,684.0,877.0,982.0
W09,Ibaraki Tsukuba,36.08,140.08,2026-08-19T12:00,2026-08-20,12,2026-08,2026-08-20T12:00,33.8,34.8,35.9,667.0,856.0,958.0
W09,Ibaraki Tsukuba,36.08,140.08,2026-08-19T12:00,2026-08-20,13,2026-08,2026-08-20T13:00,35.4,36.4,37.5,641.0,822.0,921.0
W09,Ibaraki Tsukuba,36.08,140.08,2026-08-19T12:00,2026-08-20,14,2026-08,2026-08-20T14:00,35.1,36.2,37.2,547.0,702.0,786.0
W09,Ibaraki Tsukuba,36.08,140.08,2026-08-19T12:00,2026-08-20,15,2026-08,2026-08-20T15:00,34.5,35.6,36.6,422.0,541.0,606.0
W09,Ibaraki Tsukuba,36.08,140.08,2026-08-19T12:00,2026-08-20,16,2026-08,2026-08-20T16:00,34.1,35.1,36.2,272.0,349.0,390.0
W09,Ibaraki Tsukuba,36.08,140.08,2026-08-19T12:00,2026-08-20,17,2026-08,2026-08-20T17:00,33.2,34.3,35.3,156.0,200.0,224.0
W09,Ibaraki Tsukuba,36.08,140.08,2026-08-19T12:00,2026-08-20,18,2026-08,2026-08-20T18:00,33.1,34.1,35.2,24.0,30.0,34.0
W09,Ibaraki Tsukuba,36.08,140.08,2026-08-19T12:00,2026-08-20,19,2026-08,2026-08-20T19:00,31.9,32.9,34.0,0.0,0.0,0.0
W09,Ibaraki Tsukuba,36.08,140.08,2026-08-19T12:00,2026-08-20,20,2026-08,2026-08-20T20:00,31.8,32.9,33.9,0.0,0.0,0.0
W09,Ibaraki Tsukuba,36.08,140.08,2026-08-19T12:00,2026-08-20,21,2026-08,2026-08-20T21:00,30.8,31.9,32.9,0.0,0.0,0.0
W09,Ibaraki Tsukuba,36.08,140.08,2026-08-19T12:00,2026-08-20,22,2026-08,2026-08-20T22:00,30.3,31.4,32.4,0.0,0.0,0.0
W09,Ibaraki Tsukuba,36.08,140.08,2026-08-19T12:00,2026-08-20,23,2026-08,2026-08-20T23:00,29.6,30.7,31.7,0.0,0.0,0.0
W10,Gunma Maebashi,36.39,139.06,2026-08-19T12:00,2026-08-20,0,2026-08,2026-08-20T00:00,30.3,31.3,32.4,0.0,0.0,0.0
W10,Gunma Maebashi,36.39,139.06,2026-08-19T12:00,2026-08-20,1,2026-08,2026-08-20T01:00,29.5,30.5,31.6,0.0,0.0,0.0
W10,Gunma Maebashi,36.39,139.06,2026-08-19T12:00,2026-08-20,2,2026-08,2026-08-20T02:00,29.5,30.6,31.6,0.0,0.0,0.0
W10,Gunma Maebashi,36.39,139.06,2026-08-19T12:00,2026-08-20,3,2026-08,2026-08-20T03:00,29.3,30.4,31.4,0.0,0.0,0.0
W10,Gunma Maebashi,36.39,139.06,2026-08-19T12:00,2026-08-20,4,2026-08,2026-08-20T04:00,29.0,30.0,31.1,0.0,0.0,0.0
W10,Gunma Maebashi,36.39,139.06,2026-08-19T12:00,2026-08-20,5,2026-08,2026-08-20T05:00,29.4,30.5,31.5,44.0,56.0,63.0
W10,Gunma Maebashi,36.39,139.06,2026-08-19T12:00,2026-08-20,6,2026-08,2026-08-20T06:00,30.3,31.3,32.4,176.0,225.0,252.0
W10,Gunma Maebashi,36.39,139.06,2026-08-19T12:00,2026-08-20,7,2026-08,2026-08-20T07:00,30.8,31.8,32.9,321.0,412.0,462.0
W10,Gunma Maebashi,36.39,139.06,2026-08-19T12:00,2026-08-20,8,2026-08,2026-08-20T08:00,31.6,32.6,33.7,432.0,554.0,620.0
W10,Gunma Maebashi,36.39,139.06,2026-08-19T12:00,2026-08-20,9,2026-08,2026-08-20T09:00,32.3,33.4,34.4,540.0,693.0,776.0
W10,Gunma Maebashi,36.39,139.06,2026-08-19T12:00,2026-08-20,10,2026-08,2026-08-20T10:00,32.7,33.8,34.8,656.0,841.0,941.0
W10,Gunma Maebashi,36.39,139.06,2026-08-19T12:00,2026-08-20,11,2026-08,2026-08-20T11:00,34.2,35.2,36.3,714.0,915.0,1025.0
W10,Gunma Maebashi,36.39,139.06,2026-08-19T12:00,2026-08-20,12,2026-08,2026-08-20T12:00,35.1,36.1,37.2,662.0,848.0,950.0
W10,Gunma Maebashi,36.39,139.06,2026-08-19T12:00,2026-08-20,13,2026-08,2026-08-20T13:00,36.7,37.7,38.8,626.0,803.0,899.0
W10,Gunma Maebashi,36.39,139.06,2026-08-19T12:00,2026-08-20,14,2026-08,2026-08-20T14:00,36.4,37.5,38.5,538.0,690.0,773.0
W10,Gunma Maebashi,36.39,139.06,2026-08-19T12:00,2026-08-20,15,2026-08,2026-08-20T15:00,35.8,36.9,37.9,437.0,561.0,628.0
W10,Gunma Maebashi,36.39,139.06,2026-08-19T12:00,2026-08-20,16,2026-08,2026-08-20T16:00,35.4,36.4,37.5,293.0,376.0,421.0
W10,Gunma Maebashi,36.39,139.06,2026-08-19T12:00,2026-08-20,17,2026-08,2026-08-20T17:00,34.5,35.6,36.6,152.0,195.0,218.0
W10,Gunma Maebashi,36.39,139.06,2026-08-19T12:00,2026-08-20,18,2026-08,2026-08-20T18:00,34.4,35.4,36.5,24.0,31.0,35.0
W10,Gunma Maebashi,36.39,139.06,2026-08-19T12:00,2026-08-20,19,2026-08,2026-08-20T19:00,33.2,34.2,35.3,0.0,0.0,0.0
W10,Gunma Maebashi,36.39,139.06,2026-08-19T12:00,2026-08-20,20,2026-08,2026-08-20T20:00,33.1,34.2,35.2,0.0,0.0,0.0
W10,Gunma Maebashi,36.39,139.06,2026-08-19T12:00,2026-08-20,21,2026-08,2026-08-20T21:00,32.1,33.2,34.2,0.0,0.0,0.0
W10,Gunma Maebashi,36.39,139.06,2026-08-19T12:00,2026-08-20,22,2026-08,2026-08-20T22:00,31.6,32.7,33.7,0.0,0.0,0.0
W10,Gunma Maebashi,36.39,139.06,2026-08-19T12:00,2026-08-20,23,2026-08,2026-08-20T23:00,30.9,32.0,33.0,0.0,0.0,0.0
